********************************************************************************
                       INSTITUTO DE INGENIERIA, UNAM
                  Coordinacion de Instrumentacion Sismica
  Ciudad Universitaria, Apartado Postal 70-472, Coyoacan 04510, Mexico, D.F.
 Tel.(52-5)622-3414    Fax.(52-5)616-1514    e-mail: isismica@pumas.iingen.unam.mx
**************************************************************************************
ARCHIVO ESTANDAR DE ACELERACION:
VERSION DEL FORMATO                    : 2.0
NOMBRE DEL ARCHIVO                     : COYQ9807.291
FECHA Y HORA DE CREACION               : Fri Oct 30 12:16:45 1998
REF. CATALOGO ACELEROGRAMAS, SMIS 1995 : REGISTRO NO.      /PAG.    


================================================================================
DATOS DE LA ESTACION:
NOMBRE DE LA ESTACION                  : COYUQUILLA
CLAVE DE LA ESTACION                   : COYQ
LOCALIZACION DE LA ESTACION            : FRENTE A LA IGLESIA CATOLICA DEL POBLADO COYUQUILLA
                                       : NORTE. A 7 KM DE PAPANOA RUMBO A PETATLAN, CARRETARA
                                       : A ACAPULCO-ZIHUATANEJO 
                                       : 
                                       : 
COORDENADAS DE LA ESTACION             : 17.380235 LAT. N
                                       : 101.056526 LONG. W
ALTITUD (msnm)                         : 44
TIPO DE SUELO                          : ROCA
                                       : 
                                       : 
INSTITUCION RESPONSABLE                : INSTITUTO DE INGENIERIA UNAM 
                                       : 

================================================================================
DATOS DEL ACELEROGRAFO: 
MODELO DEL ACELEROGRAFO                : K2
NUMERO DE SERIE DEL ACELEROGRAFO       : 349
NUMERO DE CANALES                      : 3
ORIENTACION C1-C6 (rumbo;orientacion)  : /N90W/V/N00W
ORIENTACION C7-C12 (rumbo;orientacion) :
VEL. DE MUESTREO, C1-C6 (muestras/s)   : /200/200/200
VEL. DE MUESTREO, C7-C12 (muestras/s)  :
ESC. COMPLETA DE SENSORES, C1-C6, (g)  : /2/2/2
ESC. COMPLETA DE SENSORES, C7-C12 (g)  :
FREC. NAT. DE SENSORES, C1-C6, (Hz)    : /52.2/52.8/51.7
FREC. NAT. DE SENSORES, C7-C12 (Hz)    :
AMORTIGUAMIENTO DE SENSORES, C1-C6     : /0.65/0.64/0.64
AMORTIGUAMIENTO DE SENSORES, C7-C12    :
INTERVALO DE MUESTREO, C1-C6 (s)       : /0.005/0.005/0.005
INTERVALO DE MUESTREO, C7-C12 (s)      :
UMBRAL DE DISPARO, C1-C6 (Gal)         : /3/3/3
UMBRAL DE DISPARO, C7-C12 (Gal)        :
MEMORIA DE PREEVENTO (s)               : 30
TIEMPO DE POSEVENTO (s)                : 30


================================================================================
DATOS DEL SISMO:
FECHA DEL SISMO [GMT]                  : 1998/07/29
HORA EPICENTRO (GMT)                   : 05:55:00.0
MAGNITUD(ES)                           : /Mc=4.2
COORDENADAS DEL EPICENTRO              : 17.19 LAT. N
                                       : 101.20 LONG. W
PROFUNDIDAD LOCAL (Km)                 : 16
FUENTE DE LOS DATOS EPICENTRALES       : Instituto de Geofisica, UNAM
                                       : SSN

================================================================================
DATOS DE ESTE REGISTRO:
HORA DE LA PRIMERA MUESTRA (GMT)       : 05:54:36.810
EXACTITUD DEL TIEMPO (s)               : 0.0005  
DURACION DEL REGISTRO (s), C1-C6       : /64.00/64.00/64.00                      
DURACION DEL REGISTRO (s), C7-C12      : 
NUM. TOTAL DE MUESTRAS, C1-C6          : /12800/12800/12800                    
NUM. TOTAL DE MUESTRAS, C7-C12         : 
ACEL. MAX.(Gal), C1-C6                 : /31.69/-14.95/-38.55                  
ACEL. MAX., C1-C6, EN LA MUESTRA       : /6039/6050/6013                       
ACEL. MAX.(Gal), C7-C12                : 
ACEL. MAX., C7-C12,EN LA MUESTRA       : 
UNIDADES DE LOS DATOS                  : Gal (cm/s/s)
FACTOR DE DECIMACION                   : 1
FORMATO DATOS (FORTRAN,10 campos/dato) : 3F10.3


================================================================================
CALIDAD DEL ACELEROGRAMA:
REGISTRO DIGITAL COMPLETO, CON TIEMPO ABSOLUTO CORRECTO.


================================================================================
COMENTARIOS:














================================================================================
DATOS DE ACELERACION:
---------+---------+---------+---------+---------+---------+---------+---------+
   CANAL-1   CANAL-2   CANAL-3
      N90W         V      N00W
---------+---------+---------+---------+---------+---------+---------+---------+
     0.002    -0.002     0.000
     0.000     0.002    -0.003
     0.002    -0.000    -0.001
     0.000    -0.003     0.001
    -0.005    -0.000    -0.003
     0.005     0.001     0.000
     0.003    -0.000     0.005
    -0.004     0.003     0.001
    -0.003     0.001    -0.003
    -0.005    -0.001     0.000
    -0.001     0.001    -0.003
    -0.002     0.002    -0.003
    -0.003     0.002     0.001
     0.000     0.004    -0.001
    -0.001    -0.000    -0.003
    -0.002    -0.000    -0.003
    -0.004     0.003     0.002
     0.000    -0.001     0.001
     0.003     0.003    -0.005
     0.005     0.003    -0.001
     0.003    -0.005     0.000
    -0.002    -0.000    -0.004
     0.000     0.001    -0.001
     0.001    -0.000     0.001
     0.002     0.002    -0.003
     0.004    -0.000    -0.001
     0.005     0.001    -0.001
    -0.001    -0.000    -0.006
    -0.001    -0.004     0.000
     0.001    -0.000    -0.002
    -0.002    -0.002    -0.003
    -0.003    -0.003     0.000
    -0.001    -0.001    -0.006
     0.002    -0.000     0.001
     0.002     0.002     0.005
    -0.006    -0.000     0.000
    -0.004    -0.002     0.001
    -0.005    -0.003    -0.001
    -0.007     0.003     0.001
    -0.003    -0.001     0.002
     0.003    -0.002     0.002
     0.008    -0.001     0.002
    -0.001    -0.003    -0.005
    -0.004     0.001     0.000
    -0.002    -0.001     0.001
    -0.002    -0.003    -0.001
     0.001    -0.000     0.001
     0.001     0.002    -0.001
     0.000    -0.000     0.000
    -0.002    -0.000     0.004
     0.005     0.007     0.005
     0.001    -0.000    -0.003
    -0.002    -0.002    -0.001
     0.004     0.005    -0.001
     0.002     0.001    -0.007
     0.000    -0.003    -0.002
    -0.002     0.002     0.000
    -0.002    -0.000     0.003
     0.005    -0.004    -0.004
     0.004    -0.000    -0.001
    -0.003    -0.003     0.000
    -0.006    -0.002    -0.008
     0.001     0.004     0.002
     0.005    -0.001     0.000
    -0.001    -0.000     0.000
    -0.003     0.003     0.001
     0.001    -0.001     0.000
     0.001    -0.000     0.000
     0.003    -0.002     0.002
     0.006    -0.000     0.000
     0.003    -0.000    -0.008
     0.004     0.001     0.002
     0.006    -0.000    -0.002
    -0.002    -0.004    -0.004
     0.000     0.001     0.000
     0.001    -0.005    -0.004
    -0.004    -0.000    -0.002
    -0.004     0.002    -0.002
    -0.003    -0.007     0.001
    -0.003     0.001     0.000
    -0.007    -0.001    -0.001
     0.000     0.001     0.003
     0.001    -0.000    -0.001
    -0.004    -0.005    -0.008
     0.000     0.001    -0.006
    -0.002    -0.004     0.000
     0.004     0.001    -0.003
    -0.001     0.003     0.000
    -0.008    -0.002     0.006
     0.001    -0.000    -0.004
     0.001    -0.000    -0.002
    -0.001     0.002     0.003
    -0.001    -0.004     0.000
     0.002    -0.007     0.003
     0.003     0.001    -0.002
     0.003     0.001     0.000
     0.003    -0.002     0.003
    -0.004    -0.003    -0.001
    -0.002    -0.001     0.001
     0.003    -0.000     0.001
    -0.003     0.003     0.003
    -0.005    -0.001     0.000
    -0.003    -0.005     0.002
     0.001    -0.000     0.004
     0.000    -0.001    -0.003
    -0.001    -0.000    -0.001
     0.003     0.002     0.000
     0.000     0.002     0.003
    -0.001     0.002     0.006
    -0.004     0.001     0.000
    -0.004     0.002     0.002
    -0.001     0.004    -0.002
    -0.002     0.002    -0.001
    -0.002    -0.003     0.003
     0.001    -0.004    -0.004
    -0.003    -0.003     0.000
    -0.001    -0.001     0.000
     0.000    -0.002    -0.002
    -0.003    -0.000     0.003
     0.003     0.006     0.003
     0.001    -0.001    -0.002
    -0.006    -0.000    -0.002
    -0.003     0.002     0.002
    -0.001     0.002     0.000
    -0.003     0.005    -0.001
     0.001    -0.001    -0.001
     0.001     0.002    -0.002
    -0.007    -0.000     0.001
     0.001    -0.000     0.000
     0.001     0.004     0.001
    -0.003    -0.003     0.001
    -0.003    -0.001     0.004
    -0.004    -0.000     0.006
     0.001     0.001     0.000
     0.000     0.001     0.001
     0.001    -0.002     0.004
    -0.001     0.003     0.001
    -0.005     0.005    -0.004
     0.000     0.004    -0.003
    -0.003     0.004     0.001
    -0.003     0.002    -0.002
    -0.001    -0.000    -0.003
    -0.008    -0.000    -0.003
    -0.003    -0.001     0.005
     0.002     0.002     0.001
     0.001     0.005    -0.005
     0.000     0.001     0.001
    -0.004     0.001    -0.001
     0.000    -0.001    -0.004
     0.000    -0.000    -0.004
    -0.001     0.001    -0.001
    -0.001     0.002    -0.004
    -0.002     0.002    -0.004
     0.003    -0.000     0.001
    -0.001     0.003     0.000
     0.003    -0.001    -0.002
     0.002    -0.000    -0.004
    -0.005     0.003    -0.003
     0.003    -0.004     0.001
    -0.001     0.002     0.002
    -0.004     0.003    -0.007
    -0.002    -0.006    -0.004
     0.000    -0.004     0.003
     0.004     0.001     0.000
     0.002    -0.000     0.000
    -0.001    -0.002    -0.002
    -0.003     0.007     0.002
     0.000     0.005     0.003
     0.001     0.002    -0.004
     0.001     0.001    -0.002
    -0.003    -0.000     0.000
    -0.003     0.001     0.002
     0.004     0.001     0.001
    -0.002     0.002     0.002
    -0.004    -0.003     0.002
     0.000     0.007    -0.002
     0.000     0.005     0.004
     0.002    -0.008     0.000
    -0.002     0.004     0.001
    -0.001     0.003     0.006
     0.000    -0.004    -0.001
     0.001     0.006     0.001
     0.002     0.002     0.000
    -0.004    -0.004    -0.002
     0.000    -0.003    -0.002
     0.003    -0.001     0.002
     0.000     0.001     0.002
    -0.001    -0.004    -0.005
    -0.004    -0.005     0.005
     0.002     0.003     0.002
     0.005     0.004    -0.004
    -0.001    -0.002     0.001
    -0.003     0.002    -0.001
    -0.001     0.004     0.000
     0.001    -0.000     0.001
     0.000     0.003     0.000
    -0.002    -0.003     0.000
    -0.003    -0.000     0.001
     0.003     0.002     0.001
     0.005    -0.004     0.000
     0.001     0.004     0.006
    -0.003    -0.005     0.002
    -0.002    -0.002    -0.007
     0.005     0.005    -0.003
    -0.003    -0.001     0.000
    -0.003     0.001     0.000
     0.001    -0.007    -0.002
    -0.006    -0.002     0.000
    -0.004     0.002     0.002
     0.000    -0.000     0.000
     0.000     0.001    -0.003
     0.000     0.002     0.000
     0.000     0.004     0.001
     0.000    -0.000    -0.003
    -0.003     0.001    -0.002
     0.000    -0.005    -0.002
     0.005    -0.001     0.000
    -0.003    -0.001     0.002
     0.003    -0.002     0.003
     0.006     0.003     0.005
    -0.004    -0.005    -0.002
    -0.001    -0.001    -0.004
     0.002    -0.003    -0.001
    -0.001    -0.001    -0.002
     0.001    -0.000     0.000
     0.001    -0.007     0.006
    -0.005     0.001     0.000
    -0.001     0.005    -0.006
     0.006     0.004    -0.003
     0.003     0.001    -0.004
    -0.001    -0.000    -0.002
    -0.003    -0.000     0.000
     0.001    -0.001    -0.001
     0.000    -0.004     0.000
    -0.001    -0.001    -0.003
     0.001     0.003    -0.001
     0.001    -0.002     0.004
    -0.001     0.002     0.000
    -0.001     0.001    -0.002
    -0.001    -0.002     0.000
    -0.003     0.002     0.002
     0.002    -0.002     0.001
    -0.001    -0.002     0.000
    -0.003    -0.003     0.003
     0.005     0.002     0.002
     0.004    -0.000    -0.002
     0.001    -0.004    -0.002
    -0.002     0.001     0.003
    -0.003    -0.003     0.001
    -0.003    -0.000    -0.003
     0.000    -0.004     0.002
     0.002    -0.005     0.003
    -0.004    -0.000     0.000
    -0.004     0.002    -0.001
    -0.001     0.001    -0.003
     0.001    -0.002    -0.003
     0.000     0.003    -0.005
    -0.001    -0.003    -0.001
    -0.002    -0.001     0.000
     0.000     0.004     0.000
     0.003    -0.005     0.002
    -0.001    -0.001    -0.007
    -0.001    -0.000    -0.001
     0.000    -0.001     0.001
     0.004     0.003    -0.005
     0.000     0.001    -0.001
    -0.002    -0.006     0.001
     0.002    -0.006     0.001
    -0.003    -0.003     0.001
    -0.002    -0.006     0.002
     0.001    -0.003     0.002
     0.001    -0.001     0.001
    -0.001    -0.001    -0.003
    -0.002    -0.006    -0.007
     0.001    -0.007    -0.003
     0.003     0.001     0.000
    -0.001    -0.004    -0.003
    -0.003    -0.007    -0.001
     0.002    -0.001     0.001
    -0.001    -0.002     0.000
     0.001    -0.006    -0.001
     0.003    -0.003     0.000
    -0.005    -0.000    -0.002
    -0.002    -0.003     0.000
    -0.002    -0.005     0.001
    -0.007    -0.000    -0.004
    -0.001     0.001    -0.001
    -0.001    -0.001     0.000
    -0.003    -0.002     0.004
    -0.001    -0.003     0.001
    -0.001    -0.001    -0.002
     0.001    -0.004    -0.001
     0.001    -0.004    -0.005
    -0.001    -0.000     0.000
     0.000    -0.000     0.000
    -0.001    -0.004    -0.001
     0.001    -0.000     0.000
     0.002     0.002     0.000
    -0.003    -0.002    -0.001
    -0.006    -0.002    -0.002
    -0.002    -0.002    -0.001
    -0.001    -0.005    -0.001
    -0.001    -0.006     0.001
     0.002    -0.001     0.000
     0.004    -0.002     0.000
    -0.001    -0.003     0.001
     0.000     0.002     0.000
     0.001     0.001    -0.002
    -0.007     0.001    -0.001
    -0.003    -0.000     0.001
     0.000    -0.002    -0.003
    -0.003     0.001    -0.003
    -0.001     0.001     0.000
    -0.001    -0.003    -0.003
    -0.003    -0.001    -0.005
     0.001    -0.003     0.000
     0.004    -0.003     0.003
    -0.002    -0.002     0.000
     0.000    -0.002     0.003
     0.003    -0.000     0.002
    -0.002    -0.004     0.001
     0.000    -0.000     0.002
     0.001     0.001    -0.002
    -0.002    -0.000     0.000
    -0.002    -0.001     0.000
     0.000    -0.005    -0.001
    -0.001    -0.000    -0.003
    -0.004     0.001    -0.005
    -0.003    -0.003     0.000
     0.000    -0.001    -0.004
    -0.002     0.001    -0.002
    -0.001    -0.000     0.005
    -0.001    -0.000    -0.001
    -0.001    -0.003     0.000
    -0.002    -0.005     0.001
    -0.005    -0.000     0.005
    -0.002    -0.003     0.006
    -0.005    -0.005    -0.002
    -0.004     0.002    -0.002
    -0.001     0.002    -0.003
     0.000    -0.001    -0.002
     0.006    -0.002     0.004
    -0.001     0.001    -0.001
     0.000     0.002     0.001
     0.002    -0.000     0.007
    -0.002     0.005    -0.002
     0.002     0.001     0.000
    -0.001    -0.000     0.002
    -0.002     0.003    -0.004
     0.001    -0.003     0.003
    -0.001    -0.000     0.000
    -0.001    -0.004     0.002
     0.001    -0.001     0.004
     0.004     0.006    -0.003
     0.003    -0.001    -0.001
    -0.001    -0.006    -0.003
     0.001    -0.006     0.000
    -0.001    -0.002     0.003
     0.000    -0.001    -0.003
     0.006     0.002     0.006
     0.001     0.001     0.003
     0.000    -0.003    -0.003
     0.001     0.001     0.001
     0.000    -0.002    -0.006
     0.001    -0.000    -0.003
    -0.002     0.001     0.004
     0.000    -0.003    -0.001
     0.001    -0.002     0.000
     0.000     0.007     0.000
     0.000     0.003     0.000
     0.002    -0.005     0.000
     0.003     0.001    -0.002
    -0.003     0.002     0.000
    -0.001    -0.004     0.003
     0.002    -0.003     0.004
     0.000    -0.000     0.001
    -0.003    -0.003     0.002
    -0.005    -0.002    -0.002
     0.001    -0.000    -0.002
     0.001     0.001    -0.003
    -0.006     0.002    -0.009
     0.001    -0.002     0.000
     0.001    -0.004    -0.001
    -0.005     0.001    -0.003
     0.000     0.003     0.003
    -0.002    -0.001     0.000
    -0.001     0.003    -0.005
     0.001     0.002    -0.001
    -0.005    -0.005     0.002
    -0.001    -0.003    -0.001
    -0.001    -0.003     0.002
     0.000    -0.000     0.004
     0.003     0.001    -0.001
     0.001    -0.002     0.001
     0.002    -0.000    -0.001
    -0.001    -0.004    -0.003
    -0.002    -0.000     0.004
    -0.005     0.005     0.000
    -0.004     0.001    -0.001
    -0.001     0.001     0.002
     0.001     0.002     0.002
     0.001    -0.002     0.000
     0.000     0.001    -0.005
     0.000     0.001    -0.003
    -0.001    -0.000     0.002
    -0.001     0.002     0.002
     0.001    -0.000     0.002
    -0.001    -0.000     0.003
    -0.003    -0.001     0.001
     0.000    -0.000     0.001
    -0.002     0.003     0.003
    -0.001     0.002     0.000
    -0.002     0.002    -0.002
    -0.003     0.003     0.000
    -0.001    -0.001     0.001
    -0.003    -0.002     0.004
     0.004    -0.002     0.006
     0.000    -0.004     0.000
     0.003    -0.001     0.001
     0.007     0.001     0.003
    -0.003    -0.000     0.000
    -0.003     0.001     0.002
     0.004     0.004    -0.001
     0.000    -0.000    -0.002
    -0.003    -0.006     0.002
     0.001    -0.001     0.000
    -0.002    -0.000    -0.003
     0.002    -0.000    -0.003
    -0.001    -0.000    -0.003
    -0.004    -0.000    -0.006
     0.002     0.002    -0.003
    -0.004    -0.002     0.001
    -0.004     0.002     0.000
    -0.001     0.008    -0.002
    -0.002    -0.003    -0.003
    -0.003    -0.000    -0.001
     0.001     0.004    -0.002
    -0.001    -0.006    -0.001
    -0.003     0.003     0.002
    -0.002    -0.001    -0.004
    -0.004    -0.005     0.001
     0.006     0.001     0.007
     0.000    -0.004    -0.003
    -0.003    -0.001    -0.002
     0.005     0.001     0.001
     0.000    -0.002     0.003
     0.002    -0.003     0.000
     0.004    -0.000    -0.002
    -0.001     0.001     0.000
    -0.002    -0.004    -0.001
     0.004    -0.003     0.004
     0.005    -0.003     0.000
     0.001    -0.001    -0.003
     0.002    -0.001     0.002
     0.000    -0.005    -0.002
     0.001    -0.001    -0.001
     0.000    -0.001     0.000
    -0.004    -0.002    -0.002
    -0.001     0.001     0.000
     0.003    -0.000    -0.001
     0.002    -0.000    -0.002
    -0.001    -0.003     0.000
     0.001    -0.001     0.000
    -0.001    -0.000     0.000
    -0.004    -0.001     0.000
     0.000     0.004     0.000
     0.002    -0.000     0.000
     0.000    -0.004    -0.002
    -0.002    -0.006     0.001
    -0.001    -0.003    -0.002
     0.002     0.001    -0.006
    -0.001    -0.003     0.003
    -0.004    -0.000     0.003
    -0.003    -0.005    -0.002
     0.000    -0.006    -0.004
    -0.003     0.001    -0.003
    -0.001    -0.002    -0.001
     0.001    -0.004    -0.004
     0.001    -0.002     0.000
     0.002    -0.001     0.000
    -0.001     0.002     0.000
     0.006     0.002     0.004
     0.004    -0.001     0.004
    -0.002    -0.001     0.001
     0.006    -0.002     0.003
    -0.004    -0.003     0.004
    -0.006     0.003    -0.003
     0.000     0.004     0.000
     0.001    -0.000    -0.002
     0.005     0.002    -0.004
    -0.004    -0.000     0.001
    -0.003    -0.001    -0.002
     0.001    -0.001    -0.004
     0.000     0.003    -0.001
     0.002     0.002     0.002
    -0.003    -0.005    -0.002
    -0.003    -0.000    -0.003
     0.002    -0.000     0.000
    -0.001    -0.003    -0.004
    -0.001    -0.002     0.003
     0.003    -0.002     0.008
     0.004    -0.002    -0.001
    -0.001    -0.003    -0.003
    -0.003     0.002     0.000
    -0.001    -0.002    -0.002
     0.004    -0.003    -0.002
    -0.003    -0.000     0.000
    -0.006    -0.001     0.002
     0.004    -0.002     0.000
     0.000    -0.003     0.000
     0.001    -0.001     0.002
     0.001    -0.008    -0.002
     0.000    -0.005     0.000
     0.000    -0.001     0.002
    -0.005     0.001    -0.002
     0.002    -0.000    -0.002
     0.006    -0.005     0.001
    -0.004    -0.001    -0.001
    -0.001    -0.001    -0.003
     0.004     0.003     0.001
    -0.002     0.005    -0.005
    -0.001    -0.000    -0.007
     0.002    -0.001    -0.002
     0.001    -0.005     0.000
     0.001    -0.000     0.001
     0.003     0.002    -0.003
     0.001    -0.001    -0.003
    -0.002    -0.000    -0.001
     0.003     0.002     0.003
     0.002    -0.005     0.002
     0.003    -0.007    -0.001
     0.004     0.003     0.000
    -0.001     0.001    -0.004
     0.000    -0.000    -0.002
     0.002     0.004    -0.001
     0.005    -0.002    -0.003
    -0.002    -0.004     0.000
    -0.005    -0.003     0.004
     0.004    -0.002     0.001
     0.003    -0.002    -0.006
     0.005     0.001     0.000
     0.001     0.001     0.000
    -0.005    -0.005    -0.003
     0.005    -0.004     0.003
     0.004    -0.001     0.002
     0.000     0.004    -0.001
     0.006    -0.000     0.000
    -0.001    -0.006     0.002
    -0.001    -0.000    -0.004
     0.003     0.002    -0.005
    -0.006     0.003     0.001
    -0.001     0.003    -0.004
     0.004     0.003    -0.004
    -0.005     0.005     0.005
    -0.002     0.001     0.001
     0.002    -0.001    -0.005
    -0.003    -0.000     0.003
    -0.006     0.004    -0.002
    -0.001    -0.000    -0.007
     0.000     0.003     0.001
    -0.005    -0.000    -0.004
     0.000    -0.002     0.001
     0.002     0.005     0.005
    -0.007     0.002    -0.001
    -0.006    -0.000    -0.002
     0.002    -0.004    -0.003
     0.001    -0.000    -0.004
    -0.005    -0.001    -0.002
    -0.001    -0.008     0.000
     0.001     0.001    -0.004
    -0.002    -0.004     0.000
    -0.001    -0.005     0.002
     0.004     0.001    -0.002
    -0.002    -0.000     0.001
    -0.002     0.004     0.001
     0.002    -0.001    -0.001
    -0.001    -0.002    -0.002
     0.001    -0.000    -0.004
    -0.001    -0.002    -0.003
     0.000    -0.001     0.000
     0.001    -0.004    -0.001
     0.001     0.001     0.000
     0.001     0.001     0.001
    -0.003    -0.005    -0.004
    -0.001    -0.004    -0.001
    -0.001    -0.003    -0.005
     0.000    -0.004    -0.002
     0.001    -0.004     0.006
     0.000     0.002     0.000
    -0.001     0.005    -0.002
    -0.001    -0.000     0.002
     0.001    -0.001    -0.002
    -0.001    -0.001    -0.004
    -0.001     0.001     0.002
    -0.001    -0.000    -0.002
    -0.001    -0.000    -0.005
     0.002     0.001     0.001
     0.002    -0.003    -0.002
    -0.001    -0.008    -0.004
    -0.002    -0.005     0.000
     0.002     0.002     0.000
    -0.001    -0.001    -0.002
    -0.002    -0.004    -0.003
     0.002    -0.005     0.002
    -0.001    -0.004     0.001
    -0.002    -0.000    -0.005
     0.000    -0.000     0.002
     0.000    -0.003     0.003
    -0.002    -0.000    -0.006
    -0.003     0.004     0.000
     0.003    -0.001     0.003
    -0.002    -0.000    -0.001
    -0.005     0.004     0.005
     0.000    -0.002    -0.002
    -0.005    -0.000    -0.009
    -0.001     0.001    -0.001
    -0.002    -0.003     0.001
    -0.006    -0.003    -0.005
     0.001    -0.000    -0.003
     0.003     0.006     0.000
    -0.002     0.002    -0.003
    -0.004    -0.000    -0.002
     0.001    -0.000     0.000
    -0.001     0.002    -0.006
    -0.005     0.003    -0.005
    -0.003    -0.001     0.000
    -0.002    -0.003     0.001
    -0.001    -0.002     0.002
     0.000    -0.001     0.003
     0.001    -0.000    -0.001
    -0.001    -0.003    -0.001
    -0.001    -0.002     0.003
     0.000    -0.000     0.000
     0.001    -0.005    -0.002
    -0.001    -0.007     0.000
    -0.008    -0.002     0.001
    -0.001     0.001     0.002
     0.004    -0.001     0.004
     0.003    -0.001     0.003
     0.006    -0.000     0.000
     0.006    -0.000     0.000
    -0.002    -0.001     0.004
    -0.005    -0.003    -0.001
    -0.002    -0.000    -0.003
    -0.003    -0.000     0.000
     0.004     0.001     0.003
     0.002     0.003     0.000
    -0.001     0.001     0.000
    -0.001    -0.004     0.000
    -0.004    -0.003     0.001
     0.001    -0.000     0.005
    -0.002    -0.002    -0.001
    -0.002     0.002    -0.002
     0.002     0.002     0.001
     0.002    -0.001    -0.001
    -0.002     0.001    -0.004
     0.001     0.005     0.000
     0.003    -0.002    -0.004
    -0.004    -0.004    -0.007
     0.004     0.007    -0.002
     0.003    -0.003    -0.002
    -0.001    -0.002     0.003
     0.001    -0.000     0.001
    -0.006    -0.006    -0.001
    -0.004     0.001     0.005
     0.000    -0.004     0.001
    -0.001    -0.000    -0.003
    -0.005    -0.000     0.002
    -0.003    -0.003     0.002
     0.004     0.003    -0.001
     0.002    -0.002    -0.003
    -0.002    -0.003     0.001
     0.001    -0.000     0.001
     0.005     0.002    -0.003
     0.006     0.001     0.001
     0.001    -0.000     0.002
    -0.001     0.001     0.000
     0.003     0.001    -0.001
     0.000     0.002     0.000
    -0.001     0.001     0.002
    -0.001     0.001    -0.001
     0.001    -0.000    -0.001
    -0.001     0.002    -0.004
    -0.003    -0.000    -0.005
     0.000    -0.001     0.000
    -0.003     0.005    -0.001
    -0.002    -0.003    -0.001
     0.000    -0.003    -0.002
     0.000    -0.000     0.002
    -0.003    -0.001     0.001
    -0.004    -0.000     0.000
     0.003    -0.000     0.000
     0.001    -0.000     0.000
    -0.001    -0.006     0.000
    -0.001    -0.006     0.000
    -0.004    -0.001    -0.001
     0.000    -0.002    -0.005
     0.004    -0.005     0.000
     0.001    -0.002     0.003
     0.001    -0.000     0.001
     0.001    -0.001     0.000
     0.004     0.002    -0.002
     0.005    -0.005     0.000
     0.001    -0.002    -0.005
    -0.001     0.001    -0.005
    -0.007    -0.004     0.001
    -0.004    -0.001     0.001
     0.001    -0.000    -0.004
     0.001    -0.000    -0.006
     0.001     0.004    -0.002
     0.001     0.002    -0.002
    -0.001    -0.003    -0.002
     0.002    -0.004    -0.003
     0.006    -0.005    -0.003
    -0.002    -0.006    -0.001
    -0.001    -0.000    -0.001
    -0.001    -0.000    -0.003
    -0.004    -0.003    -0.005
     0.003     0.003     0.000
     0.005     0.003     0.003
    -0.001    -0.002    -0.004
    -0.001    -0.001    -0.001
     0.004    -0.000     0.001
     0.002    -0.003    -0.006
     0.001    -0.000    -0.005
     0.000     0.003    -0.004
    -0.003    -0.006    -0.003
    -0.001    -0.000    -0.003
     0.002     0.003    -0.002
    -0.001    -0.003     0.003
    -0.001    -0.001    -0.006
     0.003    -0.004    -0.009
     0.000    -0.002    -0.002
    -0.001    -0.001    -0.001
     0.005    -0.005    -0.001
    -0.003    -0.004     0.000
    -0.004    -0.001     0.000
     0.001    -0.003    -0.002
     0.000    -0.001     0.000
    -0.002     0.005    -0.002
     0.002     0.004    -0.005
     0.004     0.001    -0.002
    -0.003    -0.004     0.000
     0.003    -0.002     0.004
     0.004     0.003     0.000
    -0.001    -0.003    -0.002
     0.001    -0.005    -0.001
     0.000    -0.000    -0.003
     0.001    -0.000     0.000
     0.003    -0.001     0.000
     0.001    -0.007    -0.002
    -0.001    -0.004    -0.005
    -0.001     0.002     0.002
    -0.001    -0.005     0.005
     0.000    -0.002    -0.004
    -0.002     0.001    -0.001
    -0.002     0.001     0.001
     0.000     0.004     0.002
    -0.002    -0.000     0.002
     0.000     0.002     0.002
     0.003    -0.002     0.000
    -0.001    -0.004    -0.005
     0.002     0.003    -0.003
     0.002    -0.003     0.003
    -0.001    -0.004     0.001
     0.000    -0.001    -0.003
     0.002     0.003     0.000
     0.004    -0.000    -0.001
    -0.003    -0.006     0.000
    -0.002     0.006     0.000
     0.000    -0.000    -0.006
    -0.003    -0.001     0.000
     0.001     0.006     0.000
    -0.001     0.003    -0.001
     0.002     0.004     0.007
     0.003    -0.000     0.003
    -0.003     0.002    -0.001
     0.001    -0.002    -0.003
     0.002    -0.003    -0.002
    -0.001     0.005     0.002
    -0.002    -0.000    -0.003
     0.001    -0.000     0.002
     0.001     0.002     0.005
    -0.001     0.001     0.000
     0.004    -0.001     0.003
    -0.001    -0.003    -0.001
    -0.004     0.001    -0.001
     0.007     0.001    -0.001
     0.000    -0.003    -0.003
    -0.004    -0.004     0.003
     0.003     0.002     0.005
     0.000     0.002    -0.003
    -0.001    -0.002    -0.006
    -0.001    -0.000    -0.001
    -0.003    -0.002    -0.001
    -0.004    -0.001    -0.001
    -0.003    -0.000     0.003
     0.001     0.004     0.002
     0.000     0.001     0.000
     0.002    -0.000    -0.001
     0.006     0.008     0.003
     0.000     0.001     0.003
     0.000    -0.002     0.000
    -0.004    -0.001     0.002
    -0.005    -0.001    -0.002
     0.002    -0.005    -0.002
    -0.005    -0.008     0.003
    -0.001    -0.000     0.002
     0.005     0.002     0.000
     0.000     0.001    -0.001
    -0.001    -0.001     0.000
     0.003     0.002     0.000
     0.001     0.003    -0.002
    -0.004    -0.003     0.000
    -0.002    -0.001     0.003
     0.000     0.007     0.000
     0.002     0.005     0.006
     0.001    -0.001     0.002
     0.004     0.008     0.000
     0.004     0.005     0.003
    -0.002    -0.005    -0.005
    -0.001     0.003     0.001
     0.001     0.004     0.000
     0.000     0.001    -0.001
    -0.001     0.001     0.000
     0.001     0.001    -0.006
     0.002    -0.002     0.005
    -0.002    -0.001     0.000
    -0.001    -0.001    -0.006
    -0.001     0.002     0.001
    -0.003     0.004     0.001
    -0.002    -0.004     0.007
    -0.006    -0.000     0.000
     0.000     0.002    -0.003
     0.002    -0.003     0.007
    -0.003    -0.002     0.003
     0.004    -0.001    -0.002
     0.008     0.001    -0.006
     0.003    -0.002    -0.002
    -0.001    -0.009     0.001
     0.005    -0.002    -0.001
     0.001     0.004     0.006
    -0.005    -0.001    -0.001
     0.002    -0.002    -0.007
    -0.001    -0.002     0.000
    -0.003    -0.002    -0.004
    -0.001    -0.000     0.000
    -0.002    -0.000     0.003
     0.000    -0.006    -0.002
     0.000    -0.002    -0.001
    -0.003     0.003    -0.001
    -0.003    -0.004    -0.003
     0.001    -0.003     0.001
     0.000     0.004     0.002
    -0.003     0.002    -0.001
    -0.002    -0.001    -0.003
    -0.002    -0.000    -0.001
    -0.002    -0.003    -0.004
    -0.001    -0.003    -0.004
     0.003     0.001     0.004
     0.001    -0.000     0.000
     0.000    -0.005     0.000
     0.006    -0.004     0.002
    -0.003     0.002    -0.002
    -0.001    -0.000    -0.003
     0.002     0.001     0.001
     0.002    -0.003     0.000
     0.005    -0.008    -0.001
    -0.007     0.001    -0.003
     0.002    -0.000    -0.004
     0.005    -0.002     0.001
    -0.003     0.001    -0.004
     0.005    -0.000    -0.002
     0.002    -0.002     0.000
     0.003     0.001    -0.003
     0.005     0.003     0.001
    -0.003    -0.000     0.000
    -0.002    -0.000    -0.008
     0.002     0.002    -0.007
     0.001     0.001     0.000
    -0.002    -0.002    -0.005
     0.005    -0.001     0.001
     0.003    -0.000     0.004
    -0.003    -0.005    -0.004
    -0.002    -0.005    -0.002
    -0.002    -0.001    -0.003
     0.003    -0.001    -0.006
    -0.001    -0.006    -0.005
     0.002    -0.000     0.000
     0.007     0.005     0.002
     0.000    -0.002    -0.004
     0.004     0.001    -0.002
     0.000    -0.000     0.000
     0.002    -0.002    -0.002
     0.003     0.001     0.002
    -0.004    -0.001    -0.001
     0.001    -0.000    -0.007
     0.001     0.002    -0.001
    -0.005     0.005    -0.003
    -0.003     0.004    -0.001
    -0.004     0.003     0.003
    -0.005     0.002    -0.004
    -0.002    -0.000     0.000
    -0.006    -0.001     0.002
    -0.002    -0.001    -0.001
     0.000     0.003     0.004
    -0.001    -0.000    -0.004
     0.001    -0.001    -0.004
    -0.004     0.001     0.001
     0.000    -0.001    -0.002
     0.004    -0.000     0.001
    -0.001    -0.000     0.000
     0.003    -0.000     0.003
     0.005    -0.001    -0.001
    -0.001    -0.001    -0.002
     0.000    -0.001     0.001
     0.002     0.001    -0.004
     0.001     0.006    -0.001
     0.005     0.005     0.003
     0.002     0.001     0.006
     0.000    -0.010    -0.001
    -0.001    -0.000    -0.006
     0.002     0.004    -0.001
     0.001    -0.006    -0.003
    -0.003     0.002     0.000
     0.003    -0.005     0.001
    -0.001    -0.003     0.000
    -0.003     0.002    -0.001
     0.002    -0.000    -0.002
    -0.004    -0.001     0.000
    -0.001    -0.004     0.000
     0.003     0.004     0.000
     0.000    -0.002    -0.002
    -0.001    -0.004     0.000
     0.001     0.003     0.001
    -0.002    -0.000    -0.004
    -0.004    -0.000     0.004
    -0.002    -0.000     0.006
    -0.004    -0.002     0.001
    -0.004    -0.003     0.003
     0.003    -0.003     0.004
    -0.003    -0.000     0.004
    -0.006    -0.002    -0.003
    -0.001    -0.002    -0.005
    -0.001     0.003     0.001
     0.003     0.002     0.000
     0.002     0.002     0.000
    -0.001     0.002     0.002
    -0.003    -0.001     0.000
     0.001    -0.002     0.001
     0.002    -0.002     0.002
    -0.004    -0.000    -0.001
     0.002     0.002     0.000
    -0.001     0.003     0.004
     0.003     0.002     0.004
     0.000    -0.005     0.002
    -0.002    -0.000     0.002
     0.008     0.006     0.001
    -0.001    -0.006     0.000
     0.000     0.005     0.005
     0.000     0.005     0.001
    -0.003    -0.004    -0.002
     0.000     0.002     0.001
    -0.001    -0.000     0.000
     0.001    -0.005     0.000
     0.002    -0.007     0.003
     0.007    -0.002     0.005
    -0.001    -0.001     0.003
    -0.005    -0.003     0.004
     0.001    -0.003     0.003
    -0.002    -0.002    -0.002
     0.000    -0.002     0.001
     0.001    -0.002     0.002
     0.001     0.002    -0.001
    -0.001    -0.000    -0.002
     0.000     0.005     0.000
     0.002     0.002     0.002
    -0.003    -0.003     0.000
     0.000     0.006     0.000
     0.004    -0.000    -0.001
    -0.001    -0.003     0.001
    -0.003     0.003     0.003
    -0.004     0.003     0.000
    -0.003     0.001    -0.001
     0.000    -0.002    -0.005
     0.001     0.001    -0.002
    -0.001    -0.001     0.000
     0.003    -0.005    -0.004
     0.004    -0.002     0.001
    -0.001     0.001     0.003
    -0.003     0.003    -0.004
    -0.006     0.001    -0.005
     0.001     0.001    -0.003
     0.003    -0.001    -0.001
    -0.002    -0.002     0.000
     0.006    -0.002     0.000
     0.005    -0.002    -0.002
     0.002    -0.000    -0.010
     0.001    -0.004    -0.005
     0.001    -0.003     0.000
     0.003     0.001    -0.005
    -0.002    -0.002    -0.004
    -0.001    -0.006    -0.002
    -0.001    -0.001     0.000
     0.001     0.004     0.001
     0.002    -0.002    -0.001
     0.000    -0.003    -0.003
    -0.002    -0.003    -0.001
    -0.005    -0.004    -0.005
     0.006     0.004    -0.002
     0.002     0.003     0.000
    -0.004    -0.001    -0.006
     0.000    -0.002     0.005
    -0.001    -0.003    -0.002
     0.004    -0.000    -0.006
     0.002    -0.000     0.004
     0.003    -0.000    -0.006
    -0.001    -0.001    -0.003
    -0.003     0.001     0.001
     0.004     0.004     0.003
    -0.003    -0.000    -0.001
     0.000    -0.000    -0.004
    -0.001    -0.001     0.002
    -0.005     0.001    -0.002
     0.002    -0.003    -0.004
    -0.002    -0.005     0.000
    -0.001    -0.001     0.000
     0.002    -0.002    -0.008
    -0.002     0.003    -0.003
    -0.008     0.003     0.006
    -0.004    -0.000    -0.002
     0.002    -0.000     0.000
    -0.002     0.002     0.001
    -0.003    -0.001     0.001
    -0.001    -0.003     0.001
    -0.001     0.003    -0.005
    -0.001    -0.000    -0.001
     0.000    -0.002    -0.002
     0.004    -0.002     0.000
    -0.001    -0.000     0.003
    -0.001     0.002     0.004
     0.004    -0.000     0.004
    -0.004    -0.003    -0.006
    -0.006     0.001     0.001
     0.003     0.005     0.004
    -0.001    -0.005    -0.002
    -0.003    -0.002     0.003
     0.000     0.005     0.003
    -0.006     0.002     0.000
     0.002     0.002     0.000
     0.005     0.002     0.001
    -0.003     0.001     0.001
     0.001     0.001    -0.003
    -0.001    -0.000    -0.002
     0.004    -0.004     0.000
     0.000    -0.003    -0.006
    -0.005    -0.003    -0.006
     0.003    -0.002    -0.004
    -0.001     0.002    -0.006
     0.002     0.003    -0.002
     0.003    -0.001    -0.001
     0.003    -0.002    -0.001
     0.004     0.006     0.002
    -0.003    -0.001    -0.001
    -0.004    -0.005    -0.005
    -0.005     0.006    -0.002
    -0.003    -0.003     0.000
     0.000    -0.004    -0.002
     0.000     0.002    -0.002
    -0.001    -0.001    -0.004
     0.000    -0.000    -0.003
     0.000    -0.000    -0.002
    -0.002     0.003    -0.002
    -0.001     0.005    -0.002
     0.001    -0.002     0.001
     0.000    -0.002    -0.001
     0.002     0.001    -0.004
     0.001    -0.006    -0.003
     0.001     0.004    -0.001
     0.000     0.003    -0.004
    -0.003    -0.003    -0.006
     0.001     0.006     0.004
     0.000    -0.002     0.000
    -0.002    -0.004    -0.003
     0.000    -0.001     0.002
    -0.004    -0.001    -0.007
    -0.002    -0.002    -0.004
     0.001    -0.003     0.000
    -0.001     0.002    -0.002
     0.001    -0.001    -0.001
     0.002    -0.001    -0.002
     0.003    -0.002     0.002
     0.002    -0.001     0.002
     0.002     0.002     0.000
     0.002     0.002     0.001
    -0.001    -0.000     0.000
     0.001    -0.002     0.000
     0.001     0.001     0.003
     0.000    -0.000     0.002
     0.003    -0.000    -0.003
     0.001    -0.000    -0.001
     0.000    -0.003     0.001
    -0.001    -0.001    -0.002
     0.000    -0.001    -0.001
    -0.003    -0.003     0.002
    -0.002    -0.004    -0.001
     0.004    -0.002    -0.002
    -0.001    -0.003    -0.001
    -0.005    -0.000    -0.004
    -0.001     0.004    -0.005
     0.001    -0.003    -0.002
     0.000    -0.004    -0.001
    -0.001    -0.002    -0.001
     0.000     0.001    -0.002
    -0.003     0.001     0.000
     0.002    -0.003     0.002
     0.005     0.004    -0.003
    -0.008     0.002    -0.005
    -0.003    -0.001     0.000
     0.006     0.004     0.000
    -0.002    -0.001    -0.001
     0.001    -0.000    -0.005
     0.006     0.002    -0.001
     0.002     0.002     0.003
     0.002    -0.000    -0.004
     0.001    -0.001    -0.005
    -0.005     0.006     0.000
    -0.003     0.001    -0.001
    -0.001    -0.000    -0.002
    -0.002     0.005     0.000
     0.002    -0.000     0.002
     0.004     0.001     0.000
     0.001     0.001    -0.004
     0.004    -0.002    -0.001
     0.003    -0.001     0.000
    -0.002     0.001    -0.003
     0.002     0.002     0.000
    -0.002    -0.000     0.001
     0.001     0.003    -0.003
     0.005    -0.003    -0.002
    -0.001    -0.003    -0.003
     0.003     0.002    -0.001
     0.001    -0.005     0.000
     0.002    -0.001    -0.002
     0.006    -0.000     0.002
    -0.001    -0.001     0.002
    -0.001     0.001    -0.001
     0.000    -0.004    -0.001
    -0.001    -0.002    -0.002
    -0.004    -0.000    -0.001
     0.000     0.001    -0.001
     0.002     0.003    -0.002
    -0.001    -0.000    -0.002
    -0.001    -0.000    -0.004
    -0.002    -0.002    -0.001
     0.001    -0.004    -0.001
     0.007    -0.000    -0.006
     0.001    -0.001    -0.003
    -0.001    -0.004    -0.001
     0.006    -0.000    -0.001
    -0.002    -0.001     0.001
    -0.003    -0.002    -0.003
     0.002    -0.002    -0.004
    -0.004     0.001     0.001
     0.002     0.002    -0.001
    -0.001     0.002    -0.003
     0.001    -0.001     0.004
     0.004    -0.006     0.000
    -0.003    -0.001    -0.006
     0.001     0.002     0.004
     0.000    -0.002     0.002
    -0.001    -0.002    -0.001
     0.001    -0.002     0.004
    -0.002    -0.002     0.000
    -0.005    -0.000    -0.001
    -0.001    -0.003     0.003
     0.003    -0.005     0.002
     0.001    -0.002    -0.004
     0.002     0.002     0.000
     0.000     0.001     0.002
     0.000    -0.002    -0.004
     0.004     0.002     0.000
     0.004    -0.000    -0.001
    -0.002    -0.004    -0.002
    -0.001    -0.000     0.001
     0.002     0.002    -0.005
    -0.001    -0.001    -0.003
     0.002    -0.003     0.003
     0.003     0.001     0.000
    -0.001    -0.002    -0.007
     0.001    -0.001     0.000
     0.002     0.004     0.001
    -0.001    -0.001    -0.006
     0.000     0.001    -0.004
     0.004     0.001    -0.004
     0.004    -0.003     0.000
     0.000    -0.001    -0.002
    -0.001    -0.000    -0.004
     0.001    -0.002    -0.001
     0.003     0.004     0.001
    -0.001     0.004     0.000
     0.002    -0.005    -0.003
     0.001     0.002     0.000
    -0.001    -0.003    -0.001
     0.006    -0.006    -0.002
    -0.001     0.001     0.003
     0.001    -0.004     0.000
     0.005    -0.000    -0.001
    -0.004    -0.002    -0.001
     0.003    -0.002    -0.004
     0.003    -0.000    -0.004
    -0.004    -0.001    -0.002
    -0.002    -0.001    -0.001
     0.004    -0.000     0.000
     0.000     0.001    -0.001
    -0.002    -0.001    -0.002
     0.000    -0.000     0.000
    -0.001     0.001    -0.003
     0.004     0.003    -0.002
     0.003    -0.003     0.000
     0.001    -0.001    -0.009
     0.005     0.002    -0.001
     0.000    -0.006     0.007
    -0.001     0.003    -0.002
     0.001    -0.000    -0.003
     0.000    -0.000     0.001
    -0.001     0.001     0.000
    -0.003    -0.007     0.000
     0.002    -0.000     0.001
    -0.001     0.002     0.001
    -0.005    -0.000    -0.002
     0.003    -0.000     0.000
     0.002    -0.000    -0.001
    -0.002    -0.001     0.000
     0.002    -0.000    -0.001
    -0.001    -0.000    -0.005
    -0.002    -0.004    -0.001
     0.000    -0.003    -0.004
     0.002     0.001    -0.002
     0.001    -0.000    -0.003
     0.003    -0.001    -0.002
     0.004     0.001     0.005
    -0.003    -0.007    -0.006
     0.002    -0.002    -0.003
     0.002     0.005     0.001
     0.000    -0.001    -0.006
     0.006     0.004    -0.001
     0.002    -0.001     0.004
    -0.001    -0.002    -0.003
     0.001     0.003    -0.001
     0.004    -0.000     0.003
     0.002    -0.000    -0.003
     0.000    -0.001    -0.004
    -0.002    -0.000    -0.001
     0.001    -0.000    -0.001
     0.002    -0.000    -0.003
     0.000     0.003     0.002
     0.004     0.002    -0.002
     0.001    -0.000    -0.002
     0.002     0.003     0.011
    -0.001     0.001     0.001
    -0.003    -0.004    -0.003
     0.001    -0.003    -0.003
    -0.002    -0.002    -0.005
    -0.001    -0.001     0.000
    -0.001    -0.005    -0.003
    -0.002    -0.001    -0.006
     0.001    -0.000    -0.002
     0.001    -0.002     0.000
     0.002     0.001     0.000
     0.005    -0.000     0.000
     0.000    -0.000     0.002
    -0.002    -0.000    -0.001
     0.003     0.004    -0.003
    -0.001     0.001     0.000
     0.001    -0.002     0.000
     0.004     0.004     0.000
     0.001    -0.001    -0.001
     0.005     0.002    -0.001
     0.006     0.002     0.002
     0.004    -0.007    -0.001
     0.001     0.001    -0.001
     0.002    -0.000     0.000
     0.000    -0.001     0.004
    -0.002     0.002     0.002
    -0.002    -0.002    -0.002
     0.000     0.003     0.000
     0.001     0.001    -0.003
    -0.001    -0.004     0.000
     0.002    -0.003    -0.001
     0.004    -0.004    -0.004
     0.005    -0.006     0.000
     0.000    -0.003    -0.002
     0.002    -0.002    -0.006
     0.001    -0.004    -0.004
    -0.004    -0.001     0.001
     0.002    -0.000    -0.001
     0.000    -0.000    -0.003
     0.000    -0.006    -0.001
     0.004    -0.006    -0.002
     0.003    -0.002     0.000
     0.003    -0.004     0.002
     0.001    -0.000    -0.004
     0.002     0.001    -0.006
     0.001    -0.001    -0.001
     0.000     0.003    -0.006
    -0.001    -0.000    -0.002
     0.001    -0.001     0.002
     0.000     0.001    -0.002
     0.003    -0.000    -0.001
     0.001     0.001    -0.003
    -0.001    -0.003    -0.003
     0.003    -0.002    -0.002
     0.001    -0.004    -0.004
     0.001    -0.005    -0.002
     0.002    -0.001    -0.003
     0.006     0.001    -0.002
     0.002    -0.003     0.000
    -0.004    -0.004     0.002
    -0.002     0.002     0.001
    -0.001    -0.001    -0.006
     0.003     0.002    -0.003
     0.006     0.001     0.001
     0.001    -0.002     0.002
     0.000     0.005    -0.001
     0.001     0.002    -0.004
     0.001    -0.000     0.000
     0.003     0.001     0.000
    -0.001     0.004    -0.001
     0.000     0.006    -0.002
    -0.001    -0.004    -0.002
    -0.005    -0.002     0.002
     0.001     0.004    -0.002
     0.002     0.002    -0.004
     0.004    -0.000    -0.004
     0.004    -0.003    -0.005
     0.001     0.004     0.000
     0.003     0.002    -0.002
     0.008    -0.002    -0.002
     0.008     0.005    -0.005
    -0.003    -0.000    -0.009
     0.003    -0.000     0.000
     0.005     0.006     0.001
     0.001     0.002    -0.003
     0.005     0.002    -0.006
     0.000     0.007    -0.004
     0.001     0.004     0.000
     0.004    -0.000    -0.005
     0.004     0.005    -0.003
     0.001    -0.000     0.001
    -0.004    -0.003     0.000
     0.003     0.001    -0.001
     0.005    -0.000    -0.004
    -0.003    -0.000    -0.003
     0.002     0.002    -0.003
     0.007    -0.003    -0.008
     0.001    -0.000    -0.004
     0.001     0.001     0.002
     0.003    -0.006     0.000
     0.008    -0.000     0.003
     0.005     0.005    -0.004
     0.002     0.003    -0.007
     0.006     0.001     0.002
    -0.004    -0.003    -0.004
    -0.001    -0.003    -0.009
     0.005    -0.001    -0.006
     0.000    -0.000    -0.009
     0.006    -0.000    -0.005
     0.002    -0.000    -0.001
     0.000    -0.003    -0.005
     0.001    -0.004    -0.004
     0.001    -0.000    -0.006
     0.003     0.001    -0.004
    -0.003    -0.001     0.001
     0.005    -0.001    -0.003
     0.001    -0.000    -0.005
    -0.001    -0.002    -0.007
     0.006     0.001    -0.009
     0.000     0.002    -0.009
     0.004    -0.000    -0.007
     0.002    -0.000    -0.003
     0.005     0.001    -0.003
     0.004    -0.001    -0.002
     0.000    -0.002    -0.005
     0.006    -0.001    -0.003
     0.002    -0.000     0.001
     0.004     0.003    -0.003
     0.002    -0.003    -0.003
     0.001    -0.005    -0.001
     0.002    -0.000     0.000
     0.000     0.002     0.002
     0.005    -0.001     0.000
     0.002    -0.001     0.000
     0.001     0.003     0.000
     0.002     0.004    -0.002
     0.001     0.002     0.001
     0.003    -0.002    -0.005
     0.005    -0.002    -0.006
     0.005    -0.002     0.000
     0.002    -0.000    -0.002
     0.004     0.002    -0.002
     0.003    -0.005    -0.008
     0.001    -0.002    -0.007
    -0.001    -0.001     0.003
     0.001    -0.005    -0.003
     0.006    -0.001    -0.005
     0.005     0.002    -0.002
     0.002    -0.004    -0.003
     0.002    -0.006    -0.002
     0.001     0.005    -0.001
     0.002     0.003    -0.004
     0.004    -0.005    -0.006
     0.001    -0.001    -0.005
    -0.001    -0.000    -0.003
     0.001    -0.002    -0.003
    -0.001    -0.005    -0.003
     0.002    -0.000    -0.002
     0.003     0.002    -0.005
     0.003     0.002     0.000
     0.007     0.005     0.000
     0.003    -0.004    -0.007
     0.002    -0.008    -0.002
     0.007    -0.003    -0.001
     0.003    -0.003    -0.002
    -0.004    -0.002    -0.001
     0.003    -0.000    -0.007
     0.004     0.002    -0.005
    -0.003     0.001    -0.004
     0.002    -0.002    -0.004
     0.000    -0.002    -0.003
    -0.001    -0.000    -0.001
     0.003     0.004     0.002
     0.001     0.002     0.000
     0.000     0.003    -0.001
     0.000    -0.000    -0.004
     0.003    -0.001    -0.004
    -0.001     0.002    -0.002
    -0.001    -0.000    -0.004
     0.002     0.004     0.001
    -0.001    -0.003    -0.004
     0.005    -0.000    -0.004
     0.006     0.005     0.001
    -0.001    -0.002    -0.005
     0.005     0.005    -0.004
     0.010    -0.000     0.000
     0.002    -0.001     0.000
     0.004     0.003    -0.007
     0.005    -0.002    -0.005
     0.001    -0.001     0.000
     0.010    -0.002    -0.006
     0.003    -0.000    -0.004
    -0.005    -0.002     0.001
     0.004    -0.002     0.000
     0.003     0.005    -0.003
     0.004     0.001    -0.005
     0.002    -0.002    -0.008
    -0.001    -0.002    -0.002
     0.001    -0.001    -0.003
     0.005     0.001    -0.006
     0.004     0.001     0.001
    -0.004     0.001     0.000
    -0.001    -0.005    -0.003
     0.006    -0.000    -0.006
     0.004     0.006    -0.001
     0.005    -0.000    -0.006
     0.001    -0.000    -0.009
     0.000    -0.002     0.001
     0.006    -0.003    -0.005
     0.001     0.001    -0.003
     0.002    -0.001    -0.001
    -0.001    -0.000    -0.005
    -0.001     0.005    -0.003
     0.004     0.003    -0.004
     0.001     0.002    -0.001
    -0.001    -0.002    -0.001
    -0.001    -0.001    -0.004
     0.006     0.002    -0.002
     0.001    -0.000    -0.003
     0.002     0.003    -0.006
     0.008    -0.003    -0.004
    -0.001    -0.004     0.000
     0.003     0.001     0.001
     0.006    -0.002    -0.007
     0.003    -0.003    -0.007
     0.003    -0.001    -0.003
     0.004    -0.000    -0.004
     0.008     0.001     0.001
     0.001    -0.004    -0.005
    -0.001    -0.000    -0.007
     0.005     0.003     0.001
     0.004    -0.003    -0.002
     0.004     0.001    -0.004
     0.001    -0.003    -0.004
     0.005    -0.009    -0.003
     0.002    -0.000    -0.004
    -0.003    -0.000    -0.004
     0.004    -0.002    -0.001
     0.001    -0.003    -0.003
     0.002    -0.001    -0.005
     0.004     0.002    -0.008
     0.006    -0.005    -0.005
     0.005    -0.003    -0.004
     0.001    -0.001    -0.004
     0.006    -0.005     0.000
     0.003    -0.003    -0.007
     0.003    -0.002    -0.001
     0.003    -0.002    -0.003
     0.000    -0.008    -0.011
     0.001    -0.001    -0.002
     0.000     0.005    -0.003
     0.006    -0.005    -0.004
     0.005    -0.007    -0.004
    -0.001    -0.002    -0.003
     0.000    -0.001    -0.002
     0.002    -0.005    -0.008
     0.003    -0.004    -0.005
     0.001    -0.002    -0.004
     0.001    -0.002    -0.004
     0.005     0.001    -0.002
     0.005    -0.001     0.001
     0.002    -0.001    -0.004
     0.005    -0.002    -0.010
     0.004    -0.000    -0.003
    -0.001     0.002    -0.001
     0.004    -0.006    -0.003
     0.004    -0.006    -0.007
     0.003     0.003    -0.004
     0.004    -0.002    -0.001
     0.004    -0.004    -0.006
     0.004    -0.000    -0.003
     0.004    -0.001    -0.006
     0.006     0.005    -0.005
     0.001     0.001    -0.003
     0.002    -0.003    -0.006
     0.006    -0.001    -0.006
     0.002    -0.001    -0.003
     0.000    -0.001    -0.006
     0.001    -0.000    -0.007
     0.004     0.001     0.002
    -0.001    -0.003    -0.002
    -0.002     0.001    -0.006
     0.006     0.002     0.000
     0.000    -0.003    -0.004
     0.003    -0.002    -0.007
     0.008    -0.000    -0.004
     0.002    -0.005    -0.002
    -0.001    -0.006    -0.004
    -0.003    -0.001    -0.005
    -0.001    -0.006    -0.005
     0.000    -0.000    -0.003
     0.002     0.004     0.000
     0.004    -0.000    -0.002
     0.004    -0.000     0.000
     0.006     0.002     0.001
     0.001    -0.000    -0.002
    -0.004    -0.003     0.000
    -0.001     0.002     0.002
     0.000    -0.004    -0.005
    -0.001    -0.002    -0.007
     0.003    -0.000     0.000
     0.002    -0.001    -0.005
    -0.002     0.002    -0.007
     0.003    -0.004     0.001
     0.006    -0.002    -0.001
     0.001    -0.006    -0.001
     0.000    -0.003    -0.001
     0.007    -0.000    -0.003
     0.000    -0.002    -0.006
    -0.001    -0.000    -0.004
     0.002    -0.000    -0.002
    -0.003     0.001    -0.007
     0.004    -0.004    -0.002
     0.002    -0.001    -0.004
    -0.001    -0.001    -0.009
     0.004    -0.005    -0.007
     0.002    -0.004    -0.005
     0.006    -0.005    -0.003
     0.006    -0.000    -0.005
     0.001    -0.001    -0.002
     0.003    -0.000    -0.002
    -0.002    -0.000     0.002
    -0.001    -0.000     0.002
     0.002    -0.001    -0.003
     0.003    -0.003    -0.003
     0.004     0.004    -0.007
     0.003    -0.000    -0.003
     0.005    -0.001    -0.004
     0.005     0.006    -0.005
     0.008    -0.000    -0.002
     0.006    -0.000    -0.005
     0.001     0.001    -0.003
    -0.002    -0.002    -0.004
    -0.005    -0.001    -0.006
    -0.001    -0.000    -0.001
     0.002    -0.004    -0.003
     0.002    -0.001    -0.003
     0.001     0.002    -0.002
    -0.001     0.001     0.000
     0.002     0.002     0.004
     0.004     0.001     0.000
    -0.002    -0.002    -0.004
    -0.002    -0.008    -0.002
     0.000    -0.005    -0.002
    -0.001    -0.000    -0.003
     0.004     0.001    -0.003
     0.000    -0.000     0.001
    -0.002    -0.001     0.000
    -0.004    -0.001    -0.005
    -0.005    -0.002     0.000
     0.002     0.002     0.000
     0.002    -0.001    -0.009
     0.005    -0.003    -0.002
     0.006     0.004     0.002
     0.004     0.001     0.001
    -0.001    -0.004     0.003
     0.004    -0.003    -0.002
     0.006    -0.000    -0.001
    -0.001    -0.004    -0.004
     0.003    -0.001     0.000
     0.004     0.005     0.005
     0.000    -0.000    -0.004
     0.003    -0.001    -0.006
     0.004    -0.000    -0.003
    -0.001    -0.006    -0.001
     0.000    -0.005    -0.002
     0.003    -0.002     0.000
    -0.003    -0.002    -0.001
     0.001    -0.003    -0.007
     0.006    -0.002    -0.003
     0.006    -0.000    -0.002
     0.007    -0.006    -0.006
     0.003    -0.008    -0.006
     0.002    -0.002    -0.003
     0.004    -0.004    -0.001
     0.001    -0.000    -0.002
     0.001     0.003    -0.004
     0.009     0.001    -0.004
     0.004    -0.002    -0.004
     0.006    -0.003    -0.006
     0.005    -0.003    -0.005
    -0.004    -0.002    -0.008
     0.003     0.003    -0.003
    -0.001    -0.003     0.001
     0.001    -0.001    -0.001
     0.001     0.001    -0.001
    -0.003    -0.004    -0.006
     0.004     0.001    -0.003
     0.006    -0.002     0.003
     0.001    -0.005    -0.003
     0.000    -0.004    -0.010
     0.012     0.008     0.005
     0.012     0.012     0.012
    -0.005    -0.010    -0.003
    -0.001    -0.005    -0.002
     0.007     0.002    -0.001
     0.001    -0.004    -0.005
     0.002     0.001    -0.002
     0.003    -0.001    -0.006
    -0.001    -0.003    -0.005
     0.003     0.006    -0.001
     0.003    -0.000    -0.006
    -0.001    -0.005    -0.006
     0.002     0.003    -0.001
     0.003     0.001    -0.002
     0.003    -0.000    -0.005
     0.006    -0.000    -0.002
     0.002    -0.004     0.000
    -0.001    -0.002    -0.004
     0.001    -0.002    -0.003
     0.000    -0.000    -0.002
     0.003     0.001    -0.002
     0.002    -0.006     0.000
     0.000    -0.004    -0.007
     0.003    -0.002    -0.009
     0.002    -0.005    -0.006
     0.002    -0.005    -0.007
    -0.001    -0.003    -0.004
     0.002    -0.003    -0.004
     0.007     0.001    -0.004
    -0.001    -0.001     0.000
    -0.001    -0.008     0.000
     0.009     0.001     0.004
     0.004    -0.000     0.003
    -0.004    -0.006    -0.005
     0.001    -0.005    -0.002
    -0.001    -0.007     0.000
     0.001    -0.002    -0.004
     0.001    -0.001    -0.005
    -0.002     0.003    -0.006
     0.000    -0.003     0.000
    -0.002    -0.009    -0.001
     0.000    -0.003    -0.006
     0.000    -0.006     0.000
     0.000    -0.003     0.000
     0.002    -0.004    -0.004
     0.000    -0.000    -0.005
     0.003     0.001    -0.006
     0.002    -0.001    -0.001
    -0.001    -0.000    -0.005
     0.001    -0.001    -0.006
     0.005     0.002     0.004
     0.003    -0.001    -0.002
    -0.004    -0.005    -0.003
     0.000    -0.004    -0.003
     0.001    -0.002    -0.009
    -0.001    -0.002    -0.003
     0.001    -0.003    -0.004
    -0.001    -0.000    -0.003
     0.001    -0.004    -0.004
     0.001    -0.003    -0.003
    -0.003    -0.000     0.000
     0.002    -0.002    -0.003
     0.002    -0.001    -0.005
     0.002    -0.000    -0.006
     0.005    -0.002     0.001
    -0.003    -0.001     0.000
    -0.003     0.002    -0.008
     0.000    -0.000    -0.005
    -0.001     0.002    -0.003
     0.003     0.004    -0.001
     0.003    -0.005    -0.005
    -0.001    -0.001    -0.003
     0.001    -0.000     0.002
    -0.001    -0.006    -0.003
    -0.002     0.003    -0.001
     0.002     0.003    -0.001
    -0.001    -0.000     0.003
    -0.002    -0.000     0.004
    -0.001    -0.001    -0.001
    -0.003    -0.003     0.000
    -0.001    -0.003    -0.001
    -0.002     0.004     0.000
    -0.004    -0.002     0.001
    -0.003    -0.005     0.000
     0.000    -0.001     0.000
     0.000    -0.000     0.000
    -0.005    -0.001    -0.001
    -0.002    -0.000    -0.007
    -0.001    -0.000    -0.002
    -0.004    -0.003    -0.001
    -0.002    -0.001    -0.004
    -0.001    -0.007    -0.001
    -0.002    -0.008    -0.001
     0.000    -0.004     0.000
    -0.001    -0.000    -0.002
    -0.003     0.001    -0.005
     0.005    -0.002    -0.003
     0.000     0.004    -0.003
    -0.003    -0.000    -0.003
     0.004    -0.000     0.001
    -0.004     0.003    -0.002
    -0.004    -0.001    -0.004
     0.003     0.001    -0.002
    -0.001    -0.003    -0.002
    -0.002    -0.003     0.000
     0.000    -0.000    -0.003
    -0.002    -0.001    -0.001
    -0.003    -0.000    -0.006
     0.002    -0.002    -0.012
     0.001    -0.000    -0.003
     0.000    -0.000    -0.002
    -0.002    -0.000    -0.002
     0.000     0.002     0.002
     0.004    -0.000    -0.003
    -0.001    -0.001    -0.004
     0.001    -0.001    -0.005
     0.000     0.002    -0.005
    -0.001    -0.002    -0.004
     0.003    -0.008    -0.002
     0.002     0.001     0.000
    -0.002     0.001    -0.005
    -0.001    -0.002    -0.003
     0.001     0.001    -0.001
    -0.001    -0.002    -0.002
     0.000    -0.000    -0.005
     0.000     0.004    -0.006
     0.000     0.002    -0.002
     0.001    -0.003    -0.007
     0.002    -0.000    -0.005
     0.004    -0.004    -0.007
     0.002    -0.004    -0.007
     0.002     0.006    -0.002
     0.001    -0.000    -0.008
     0.001    -0.002    -0.003
     0.005    -0.003     0.000
     0.002    -0.007    -0.005
    -0.004    -0.000     0.001
     0.002    -0.003     0.000
     0.007    -0.003     0.000
     0.004    -0.001    -0.001
     0.001    -0.006    -0.006
     0.002    -0.005    -0.001
    -0.001    -0.002     0.001
     0.000    -0.001     0.003
     0.002    -0.001    -0.001
    -0.001    -0.004    -0.004
    -0.002    -0.005     0.001
     0.000    -0.000     0.000
     0.003    -0.001    -0.001
    -0.001    -0.003    -0.003
     0.000    -0.000    -0.005
    -0.001    -0.004    -0.004
    -0.005    -0.003    -0.003
     0.001     0.002    -0.006
     0.001    -0.003    -0.003
    -0.001    -0.004     0.003
     0.001    -0.007     0.000
     0.003    -0.001     0.000
     0.002    -0.000    -0.004
     0.001    -0.002    -0.003
     0.002    -0.000     0.003
    -0.001    -0.008    -0.005
    -0.001    -0.002    -0.006
    -0.004     0.003     0.002
    -0.002    -0.003    -0.001
     0.002    -0.003     0.000
    -0.004    -0.004     0.000
    -0.006    -0.006    -0.005
    -0.001    -0.002     0.003
     0.004     0.002     0.004
     0.002    -0.001    -0.002
    -0.001    -0.001     0.000
    -0.001    -0.001    -0.001
    -0.001    -0.005    -0.003
     0.002     0.001    -0.001
     0.001     0.001    -0.004
    -0.001    -0.002    -0.005
    -0.004    -0.001     0.001
     0.001    -0.003     0.002
     0.001    -0.004    -0.003
     0.001    -0.004    -0.004
     0.000    -0.000     0.000
    -0.005    -0.000     0.001
    -0.001    -0.000    -0.001
    -0.001     0.002    -0.002
    -0.001    -0.001    -0.001
     0.003    -0.000    -0.001
     0.001    -0.004    -0.004
     0.003    -0.000    -0.001
     0.000    -0.004    -0.002
     0.003    -0.004    -0.002
     0.004    -0.000     0.003
    -0.007    -0.006    -0.002
    -0.003    -0.002    -0.006
     0.003    -0.002    -0.004
    -0.001    -0.000    -0.004
     0.000    -0.001    -0.003
     0.002    -0.004     0.000
     0.006    -0.001    -0.005
     0.006    -0.005    -0.004
     0.000    -0.001     0.000
     0.000    -0.000    -0.004
    -0.001    -0.002    -0.003
    -0.002    -0.002    -0.001
     0.000    -0.000     0.002
    -0.001    -0.000    -0.003
     0.001     0.001    -0.006
     0.001    -0.000     0.001
     0.000    -0.001    -0.002
     0.006     0.003     0.001
     0.001    -0.000     0.003
     0.000     0.002    -0.007
     0.003    -0.002    -0.004
     0.000    -0.005    -0.001
     0.006    -0.002    -0.003
     0.001    -0.001    -0.004
    -0.001     0.007    -0.003
     0.003     0.004     0.000
     0.001    -0.005     0.001
     0.005    -0.004    -0.001
     0.005    -0.005    -0.001
     0.000    -0.002     0.003
    -0.002    -0.000    -0.004
    -0.002    -0.003    -0.002
    -0.002     0.001     0.003
    -0.001    -0.001    -0.001
     0.000    -0.002     0.000
    -0.003    -0.000     0.003
     0.000    -0.002    -0.001
     0.003     0.001    -0.005
     0.000     0.001    -0.005
     0.002    -0.000    -0.001
     0.000    -0.002     0.001
    -0.005    -0.000    -0.002
    -0.003     0.002     0.000
    -0.001    -0.003     0.002
     0.003    -0.002    -0.003
    -0.002    -0.003    -0.003
     0.000    -0.005    -0.001
     0.001    -0.001    -0.002
    -0.006     0.001    -0.003
     0.001    -0.000     0.001
     0.002    -0.000    -0.002
    -0.001    -0.002    -0.003
     0.001    -0.003     0.001
     0.001    -0.000    -0.003
     0.005    -0.000     0.000
     0.002    -0.004    -0.001
    -0.003     0.001    -0.002
     0.000     0.004    -0.002
     0.006    -0.001    -0.003
     0.005    -0.000     0.000
     0.001    -0.001     0.000
     0.003    -0.002     0.001
    -0.002    -0.000    -0.005
    -0.002    -0.001     0.000
    -0.001     0.002     0.006
    -0.003    -0.000     0.000
     0.001     0.001    -0.004
     0.000     0.006    -0.002
    -0.002    -0.002     0.000
    -0.001    -0.001    -0.004
     0.000     0.002    -0.001
     0.002    -0.002     0.003
     0.002    -0.000     0.002
    -0.001     0.001     0.000
     0.002     0.003    -0.002
     0.002     0.004    -0.003
    -0.003    -0.000     0.001
     0.004     0.002     0.003
    -0.002     0.001    -0.003
    -0.001    -0.000     0.001
     0.008     0.001     0.002
     0.001    -0.000    -0.004
     0.001    -0.000     0.002
     0.001    -0.000    -0.001
    -0.002     0.002    -0.005
     0.003     0.001     0.001
     0.004    -0.004    -0.002
     0.002    -0.002     0.001
     0.001     0.002     0.005
     0.000     0.001     0.000
     0.001    -0.004     0.004
     0.002     0.001     0.002
     0.005    -0.000     0.000
     0.000    -0.002     0.000
    -0.004    -0.002     0.002
     0.000    -0.003     0.002
     0.004     0.004     0.000
     0.002    -0.000     0.002
    -0.001     0.002    -0.001
     0.003     0.005     0.000
     0.007    -0.001     0.002
     0.005     0.005     0.003
     0.000     0.005     0.002
    -0.002    -0.002    -0.002
    -0.002    -0.003    -0.002
     0.002    -0.000    -0.004
     0.002    -0.000    -0.002
     0.003     0.004    -0.002
     0.003     0.006    -0.002
     0.006    -0.001    -0.003
     0.006    -0.000    -0.003
     0.000     0.002     0.000
    -0.001     0.003    -0.004
     0.001    -0.002    -0.004
     0.005    -0.004     0.000
     0.004     0.004     0.002
     0.002     0.001     0.000
     0.005     0.002    -0.001
     0.004     0.003     0.001
     0.002    -0.000     0.002
     0.000     0.004     0.003
     0.005     0.002     0.000
     0.005     0.003    -0.001
     0.001     0.003     0.001
     0.002    -0.002     0.000
     0.004    -0.004     0.000
     0.005    -0.002    -0.003
     0.002    -0.003    -0.003
    -0.001    -0.003     0.002
     0.000     0.002     0.002
    -0.002    -0.001     0.001
     0.001    -0.000     0.000
     0.003     0.005    -0.001
     0.004    -0.006     0.000
     0.007    -0.004     0.002
    -0.001     0.004    -0.003
    -0.001    -0.000    -0.002
    -0.004     0.001    -0.002
    -0.008    -0.005    -0.001
     0.007     0.003     0.007
     0.004     0.003    -0.004
    -0.003    -0.003    -0.004
    -0.001     0.003     0.004
    -0.002    -0.004    -0.003
    -0.002    -0.000     0.000
     0.003     0.002    -0.003
     0.001    -0.001     0.000
    -0.004     0.001     0.001
     0.003    -0.000    -0.004
    -0.002     0.002     0.002
    -0.003    -0.002     0.000
     0.004    -0.000    -0.001
     0.001    -0.003     0.000
     0.002    -0.005     0.001
     0.003     0.002     0.002
     0.001     0.001     0.004
     0.001    -0.001     0.004
     0.000    -0.002     0.001
     0.001    -0.000     0.004
     0.000    -0.000    -0.001
    -0.001    -0.003    -0.003
    -0.001    -0.005     0.000
    -0.002    -0.002    -0.001
     0.001    -0.000     0.000
     0.003    -0.004    -0.001
    -0.002    -0.007     0.001
    -0.002     0.001     0.000
     0.001    -0.000     0.000
     0.003    -0.004    -0.001
     0.000     0.001    -0.008
     0.004    -0.000    -0.002
     0.001     0.003     0.003
     0.000     0.001    -0.004
     0.004    -0.002    -0.002
    -0.001    -0.000     0.002
     0.003    -0.003    -0.003
     0.003    -0.000     0.000
     0.001     0.004     0.001
     0.003    -0.002    -0.007
     0.000    -0.004    -0.003
     0.001     0.001     0.001
     0.004    -0.000    -0.003
    -0.002    -0.000    -0.002
    -0.004    -0.000    -0.001
     0.003    -0.001     0.003
    -0.002    -0.002    -0.001
     0.002    -0.005    -0.003
     0.004    -0.005    -0.001
    -0.001    -0.000    -0.003
     0.003    -0.000    -0.001
    -0.001    -0.001     0.000
     0.001    -0.002    -0.001
     0.002    -0.001    -0.004
    -0.004     0.002    -0.003
     0.001    -0.002     0.000
    -0.001    -0.000    -0.001
     0.002     0.002     0.002
    -0.001    -0.006     0.003
    -0.002     0.002     0.000
     0.003     0.008     0.000
    -0.005     0.003    -0.005
    -0.003     0.001    -0.006
    -0.001     0.002     0.000
     0.001     0.003    -0.002
     0.009    -0.000    -0.006
     0.006     0.001    -0.003
     0.003    -0.001    -0.005
     0.000     0.003    -0.001
    -0.001     0.002     0.004
     0.002    -0.005     0.002
     0.001     0.001     0.001
     0.000     0.001    -0.004
     0.001     0.002     0.000
     0.001     0.002     0.002
     0.001    -0.003     0.002
     0.001    -0.000     0.000
     0.001    -0.001    -0.005
     0.006     0.002     0.002
     0.004     0.002     0.000
     0.001    -0.003    -0.004
     0.006     0.003     0.000
     0.003     0.002    -0.002
     0.006    -0.002    -0.002
     0.007     0.001    -0.002
     0.003    -0.003    -0.002
     0.002    -0.005    -0.001
     0.001    -0.002    -0.004
     0.002    -0.001    -0.004
     0.001     0.001     0.000
     0.004    -0.000     0.000
     0.001    -0.002    -0.002
    -0.002    -0.003    -0.006
     0.000    -0.005    -0.001
     0.003    -0.004     0.003
     0.005    -0.005    -0.004
     0.002    -0.003    -0.003
     0.003    -0.002    -0.003
     0.003    -0.007    -0.006
     0.002    -0.000    -0.001
     0.003    -0.003     0.000
     0.005    -0.004    -0.001
     0.001     0.004     0.000
    -0.002    -0.005     0.000
     0.001    -0.004     0.004
     0.003     0.003     0.003
     0.004    -0.000    -0.002
    -0.001    -0.000    -0.002
     0.003     0.001     0.001
     0.004     0.001    -0.001
     0.000     0.003    -0.001
     0.005    -0.003    -0.001
     0.009    -0.005    -0.001
     0.006    -0.000     0.004
    -0.001    -0.000    -0.001
    -0.001    -0.001    -0.005
     0.003    -0.001     0.001
     0.005     0.003     0.001
     0.005    -0.002     0.002
     0.003     0.001     0.003
    -0.001    -0.000     0.000
     0.000    -0.004     0.003
     0.004     0.003     0.001
     0.000    -0.005    -0.005
     0.000    -0.002    -0.001
    -0.001     0.001    -0.001
     0.000    -0.004     0.000
     0.007    -0.001     0.001
     0.001    -0.001    -0.003
     0.005    -0.000    -0.001
     0.001    -0.000    -0.003
    -0.001    -0.001    -0.007
     0.011    -0.000    -0.002
     0.002    -0.004     0.000
     0.000    -0.000     0.001
     0.003     0.005     0.001
    -0.001    -0.000    -0.003
     0.001     0.002     0.000
     0.000     0.003     0.001
     0.002    -0.006     0.001
     0.006    -0.001    -0.001
    -0.001     0.002    -0.004
    -0.005     0.001     0.000
     0.002    -0.001    -0.004
     0.001     0.003    -0.001
     0.003     0.002     0.000
     0.004    -0.007    -0.003
    -0.001     0.002    -0.001
     0.001     0.001     0.000
    -0.002    -0.000     0.003
     0.003     0.002     0.003
     0.008    -0.005    -0.001
     0.003    -0.002    -0.002
     0.003     0.002     0.002
     0.000    -0.001    -0.003
     0.004    -0.005    -0.002
     0.006    -0.001     0.003
     0.003    -0.003    -0.003
     0.000    -0.005     0.001
     0.000    -0.000     0.000
     0.004    -0.001     0.002
     0.000     0.004     0.002
     0.004    -0.000    -0.004
     0.004    -0.005     0.000
    -0.001     0.001     0.000
    -0.001    -0.003     0.000
    -0.002    -0.001     0.002
     0.003     0.001    -0.001
     0.002    -0.002    -0.004
     0.000    -0.000     0.003
     0.001    -0.002     0.004
     0.001    -0.002    -0.001
     0.000     0.003     0.002
     0.001     0.002    -0.002
     0.003    -0.002    -0.006
     0.003    -0.005    -0.002
    -0.001     0.001     0.000
     0.001     0.005    -0.001
     0.003    -0.001     0.002
    -0.001     0.001     0.002
     0.004     0.001    -0.002
     0.006     0.001    -0.001
    -0.002     0.002     0.003
     0.001    -0.003     0.001
     0.003    -0.000    -0.003
     0.000    -0.005    -0.002
     0.000    -0.000    -0.002
     0.000    -0.002    -0.002
     0.002    -0.007     0.002
    -0.001     0.001     0.000
    -0.003    -0.002     0.001
     0.000    -0.003     0.002
    -0.001    -0.002     0.000
     0.001    -0.001    -0.003
     0.003    -0.001    -0.003
     0.002    -0.001     0.003
     0.001    -0.000    -0.001
     0.000    -0.001     0.000
     0.000    -0.000    -0.004
     0.001    -0.008    -0.003
     0.005    -0.001     0.007
    -0.001    -0.003    -0.003
    -0.003    -0.007    -0.001
     0.006     0.001     0.000
     0.003    -0.001    -0.006
     0.003    -0.001    -0.001
     0.008    -0.004     0.004
     0.003    -0.003     0.004
    -0.001    -0.002    -0.004
     0.002    -0.002    -0.005
     0.000    -0.005     0.002
    -0.002    -0.007    -0.003
    -0.001     0.004    -0.003
    -0.001    -0.000     0.003
    -0.004     0.001    -0.005
    -0.001     0.002    -0.007
    -0.001    -0.003     0.001
    -0.001    -0.000    -0.001
     0.003    -0.003     0.000
    -0.001    -0.002     0.000
    -0.004     0.001    -0.004
     0.001    -0.002     0.001
     0.002    -0.000    -0.001
    -0.003    -0.002    -0.003
    -0.003    -0.005    -0.005
     0.003     0.001    -0.007
    -0.003    -0.000    -0.004
    -0.006    -0.005    -0.004
     0.003     0.001    -0.002
     0.005    -0.002    -0.002
     0.000    -0.006    -0.003
     0.000    -0.000     0.001
    -0.002    -0.005    -0.002
    -0.004    -0.003    -0.007
     0.001    -0.001    -0.001
     0.002    -0.006     0.003
    -0.001    -0.005    -0.002
     0.000    -0.005    -0.002
     0.003    -0.003     0.000
    -0.002    -0.002     0.001
    -0.002    -0.003    -0.001
     0.000    -0.002    -0.005
    -0.002    -0.001    -0.002
     0.002    -0.001     0.000
     0.000    -0.001     0.002
     0.004    -0.004    -0.004
     0.003    -0.003    -0.002
    -0.002     0.001     0.003
     0.003     0.002     0.002
     0.001    -0.000     0.004
    -0.005    -0.002     0.001
     0.000    -0.000    -0.003
     0.003    -0.003     0.000
     0.000    -0.006     0.000
    -0.001    -0.003    -0.003
     0.004    -0.003    -0.002
     0.002    -0.001    -0.001
     0.000    -0.000     0.001
    -0.004    -0.002     0.001
     0.000    -0.001    -0.001
     0.004    -0.001     0.002
    -0.003    -0.006    -0.005
     0.006    -0.001    -0.001
     0.005     0.002     0.008
    -0.003    -0.005    -0.002
    -0.001     0.001     0.003
     0.002    -0.000     0.003
     0.002    -0.003    -0.006
     0.002     0.001    -0.002
     0.002    -0.005     0.003
     0.000    -0.000     0.000
     0.003    -0.000    -0.006
     0.003    -0.005    -0.001
     0.001     0.001    -0.003
     0.004    -0.000    -0.005
     0.006    -0.005     0.002
     0.005    -0.004     0.000
     0.005    -0.003     0.001
     0.004    -0.000     0.007
     0.002    -0.001     0.002
     0.003    -0.005     0.000
     0.004     0.002     0.000
    -0.001     0.002    -0.006
    -0.001    -0.002    -0.002
     0.006     0.002     0.000
     0.004     0.001     0.001
     0.006    -0.004     0.001
     0.009    -0.002    -0.003
     0.002    -0.000    -0.001
     0.002    -0.001     0.001
     0.001     0.001    -0.001
     0.001    -0.003     0.003
     0.003    -0.000     0.002
     0.006    -0.004    -0.001
     0.005    -0.008     0.005
     0.003    -0.000     0.002
     0.006    -0.003    -0.002
     0.007    -0.000    -0.005
     0.009     0.001    -0.007
     0.004    -0.004    -0.001
     0.006     0.002     0.000
     0.009    -0.001    -0.003
     0.003    -0.006    -0.003
     0.002    -0.001     0.002
     0.003    -0.004    -0.002
     0.003    -0.004    -0.006
     0.001    -0.000    -0.001
    -0.001    -0.000    -0.002
     0.000    -0.002    -0.001
     0.010    -0.003    -0.005
     0.007     0.001    -0.002
     0.000    -0.002     0.000
     0.002    -0.008    -0.002
     0.000    -0.003     0.002
     0.006    -0.003     0.003
     0.000    -0.002     0.001
     0.001    -0.000    -0.003
     0.008    -0.002     0.001
     0.003    -0.004     0.003
     0.009    -0.000    -0.002
     0.001    -0.004    -0.001
     0.001    -0.005     0.000
     0.008    -0.002     0.000
    -0.001    -0.006    -0.002
     0.003    -0.001    -0.001
     0.001    -0.005     0.001
     0.001    -0.001    -0.003
     0.003    -0.000    -0.006
    -0.001    -0.005    -0.001
     0.000    -0.003    -0.003
    -0.001    -0.003     0.000
    -0.002     0.002     0.001
     0.007    -0.001    -0.006
     0.003    -0.000    -0.005
     0.000     0.001    -0.004
     0.006    -0.002     0.002
    -0.002    -0.001     0.000
     0.006    -0.002    -0.002
     0.008     0.004     0.001
    -0.001    -0.000    -0.007
     0.003    -0.001    -0.003
     0.003     0.002     0.002
     0.003    -0.000    -0.002
     0.004    -0.000     0.001
     0.005    -0.006    -0.004
     0.004    -0.000    -0.005
     0.001    -0.000     0.000
     0.000    -0.004    -0.002
     0.000    -0.003    -0.001
     0.004    -0.003    -0.001
     0.006    -0.003    -0.002
     0.007    -0.005     0.001
     0.003     0.002    -0.005
     0.000    -0.001    -0.003
     0.004    -0.005     0.002
     0.006     0.002     0.003
     0.001    -0.001    -0.001
    -0.001    -0.000    -0.002
     0.000    -0.002     0.001
     0.003    -0.001    -0.003
     0.004     0.002    -0.001
    -0.001    -0.002    -0.003
     0.002     0.001    -0.006
     0.003     0.001     0.001
    -0.001    -0.001     0.000
     0.000     0.002    -0.002
     0.001     0.001     0.003
    -0.001    -0.003    -0.002
    -0.001    -0.002    -0.005
     0.002     0.001    -0.003
    -0.001     0.001    -0.007
     0.000    -0.004    -0.001
     0.007    -0.000     0.001
     0.002    -0.000    -0.002
     0.004    -0.001     0.002
     0.005     0.002     0.000
     0.001    -0.003    -0.003
     0.003    -0.000    -0.003
     0.005     0.003     0.001
     0.001    -0.001     0.002
     0.001    -0.002     0.002
     0.005    -0.008     0.001
     0.002    -0.007    -0.002
     0.003    -0.005     0.002
     0.001    -0.004     0.003
     0.000    -0.002     0.002
     0.002    -0.003     0.000
    -0.001    -0.003    -0.001
    -0.001     0.002    -0.001
     0.002    -0.002     0.000
     0.001    -0.004     0.002
     0.001     0.001    -0.001
     0.002    -0.005    -0.002
     0.002    -0.005     0.003
     0.006     0.002     0.002
     0.004     0.002    -0.002
     0.001    -0.001    -0.003
     0.000     0.001    -0.001
     0.000     0.002    -0.002
     0.001    -0.000    -0.004
     0.003     0.005     0.000
    -0.001    -0.000    -0.002
    -0.001    -0.002    -0.006
     0.003    -0.002    -0.003
     0.001    -0.007    -0.005
     0.004    -0.001    -0.002
     0.002    -0.000    -0.001
    -0.004    -0.002     0.001
     0.002    -0.003    -0.001
     0.001    -0.004    -0.002
    -0.001    -0.001     0.002
     0.000    -0.003    -0.004
     0.004    -0.000     0.000
     0.005    -0.000     0.003
    -0.001    -0.000    -0.001
     0.001     0.006    -0.003
     0.003    -0.006    -0.004
     0.002    -0.004     0.003
     0.000     0.003     0.003
    -0.001    -0.005     0.000
     0.001    -0.001    -0.002
     0.003    -0.001    -0.001
     0.002     0.003     0.001
    -0.001     0.002    -0.003
     0.001    -0.001    -0.001
     0.000     0.002    -0.004
    -0.001    -0.003    -0.004
     0.000    -0.000    -0.003
    -0.001    -0.002    -0.003
     0.000    -0.003     0.001
     0.001     0.002    -0.001
     0.001     0.001    -0.001
     0.001     0.005    -0.001
     0.000    -0.004    -0.003
     0.000    -0.001    -0.005
     0.001     0.005    -0.004
    -0.001    -0.003    -0.003
     0.000     0.003     0.004
     0.004     0.001     0.004
    -0.001    -0.007    -0.005
    -0.002    -0.002    -0.006
     0.005    -0.000    -0.004
     0.001    -0.003    -0.004
    -0.003    -0.000    -0.007
     0.004     0.003    -0.006
     0.003    -0.003    -0.002
    -0.004    -0.003    -0.007
     0.001    -0.003    -0.001
     0.000    -0.001     0.002
    -0.007     0.002    -0.003
     0.000    -0.003    -0.001
    -0.003    -0.002     0.000
    -0.004    -0.000     0.000
     0.001    -0.001    -0.003
    -0.005    -0.002    -0.004
    -0.001     0.001    -0.003
    -0.001    -0.002    -0.004
    -0.002    -0.002     0.000
     0.001     0.003    -0.005
     0.001    -0.002    -0.003
     0.006    -0.000     0.002
     0.004    -0.006    -0.008
     0.000    -0.007    -0.008
     0.002     0.001     0.000
    -0.004    -0.003    -0.004
    -0.002     0.002    -0.002
     0.003    -0.001     0.004
    -0.006    -0.009    -0.002
    -0.001     0.001    -0.004
     0.008     0.003     0.004
    -0.003    -0.002     0.000
    -0.008    -0.002    -0.003
    -0.001    -0.004    -0.001
     0.002    -0.000    -0.001
    -0.003     0.001     0.004
     0.001     0.003     0.000
     0.002     0.004    -0.004
    -0.003    -0.001    -0.002
     0.000     0.003     0.001
    -0.003     0.001     0.000
     0.002    -0.003    -0.006
     0.004     0.001     0.000
    -0.001     0.001     0.002
     0.003    -0.001    -0.002
     0.001    -0.000    -0.001
     0.000    -0.000     0.000
    -0.001    -0.000    -0.003
     0.000     0.003    -0.005
     0.005     0.001     0.000
     0.004    -0.005    -0.004
     0.002    -0.003    -0.005
     0.003    -0.004     0.002
     0.000    -0.008     0.001
    -0.006    -0.004     0.003
     0.001    -0.004    -0.003
     0.005     0.002    -0.004
    -0.006    -0.002     0.002
    -0.004    -0.003    -0.001
    -0.001     0.004    -0.003
    -0.004    -0.004    -0.003
     0.000     0.002    -0.005
    -0.001     0.003    -0.006
    -0.003    -0.000     0.000
     0.002     0.004     0.000
    -0.001    -0.000     0.000
    -0.001     0.001     0.001
     0.002    -0.000    -0.001
     0.000    -0.000    -0.001
     0.000    -0.000    -0.002
    -0.001    -0.001    -0.004
    -0.001     0.002    -0.001
    -0.001    -0.001     0.003
     0.002    -0.000     0.001
     0.000     0.002    -0.002
     0.000    -0.003     0.000
     0.003    -0.006     0.000
     0.001    -0.003    -0.001
     0.000    -0.001    -0.001
    -0.004    -0.003     0.001
     0.000    -0.003     0.000
    -0.002    -0.002    -0.001
    -0.005    -0.001     0.004
     0.002     0.002     0.001
    -0.001     0.002    -0.002
     0.000    -0.001     0.001
     0.002    -0.000    -0.003
    -0.001    -0.000    -0.002
    -0.001    -0.000     0.000
     0.003    -0.001    -0.003
     0.003    -0.001     0.000
    -0.002     0.002    -0.001
    -0.002    -0.001     0.000
    -0.002    -0.006     0.002
    -0.004    -0.001     0.000
     0.003    -0.003    -0.002
     0.003    -0.008     0.000
    -0.002    -0.001     0.003
     0.000    -0.001    -0.002
     0.001    -0.002     0.001
     0.002    -0.001     0.002
    -0.002    -0.006    -0.003
    -0.005    -0.003     0.002
    -0.005    -0.000    -0.003
     0.003    -0.002    -0.001
     0.006    -0.001     0.004
    -0.002    -0.007    -0.005
    -0.003    -0.008    -0.002
    -0.004    -0.001    -0.002
    -0.001     0.001    -0.003
    -0.003    -0.004     0.001
    -0.003    -0.005     0.000
     0.001    -0.000     0.001
    -0.006    -0.004     0.005
     0.001    -0.002     0.002
     0.003    -0.000    -0.004
    -0.001    -0.001     0.000
     0.001    -0.000    -0.002
     0.001    -0.000    -0.002
    -0.001     0.001     0.005
     0.001     0.001     0.002
     0.003     0.003     0.004
     0.000    -0.005     0.001
     0.004    -0.004     0.000
     0.001     0.002     0.002
    -0.003    -0.002    -0.005
    -0.002    -0.005    -0.004
     0.001    -0.003     0.000
     0.001    -0.000     0.000
    -0.004    -0.002     0.000
     0.004    -0.005     0.001
    -0.001    -0.006     0.002
    -0.003     0.001     0.001
    -0.001    -0.001    -0.004
    -0.007    -0.006    -0.002
    -0.006    -0.001     0.000
     0.000    -0.003    -0.003
     0.001    -0.001     0.002
    -0.003    -0.001     0.003
     0.005    -0.003     0.005
     0.002    -0.000     0.003
     0.000    -0.002    -0.007
     0.006    -0.001     0.000
    -0.004    -0.004     0.001
    -0.001    -0.008    -0.006
     0.000    -0.000    -0.001
    -0.005    -0.000    -0.001
     0.000    -0.005    -0.003
    -0.001    -0.002    -0.001
     0.002    -0.002    -0.001
     0.003    -0.005    -0.003
    -0.002    -0.005    -0.001
     0.003    -0.002     0.000
     0.000    -0.004     0.000
    -0.003    -0.004     0.002
     0.000    -0.000    -0.005
     0.001    -0.003     0.000
    -0.001    -0.008     0.000
    -0.001    -0.004    -0.003
    -0.001    -0.002     0.002
    -0.003    -0.007    -0.007
    -0.001    -0.000     0.002
    -0.001     0.001     0.004
    -0.001    -0.006    -0.007
     0.002    -0.003    -0.003
    -0.002    -0.001     0.001
    -0.001    -0.003     0.002
     0.001    -0.004     0.000
    -0.001    -0.001     0.001
    -0.003    -0.002     0.003
    -0.001    -0.000     0.003
    -0.004    -0.000    -0.002
    -0.005    -0.003    -0.005
     0.002    -0.002    -0.003
    -0.003    -0.006    -0.006
    -0.006    -0.004     0.003
     0.001    -0.000     0.000
     0.002    -0.005    -0.002
     0.001    -0.001     0.000
     0.001    -0.003    -0.004
     0.005    -0.003     0.000
     0.001    -0.001    -0.006
    -0.002    -0.004    -0.001
    -0.001    -0.000     0.000
     0.002    -0.002    -0.002
    -0.001    -0.004     0.002
    -0.008    -0.003    -0.002
    -0.001    -0.004    -0.001
    -0.003    -0.003     0.000
    -0.008    -0.003    -0.004
    -0.002    -0.002    -0.005
    -0.005    -0.003    -0.001
    -0.001    -0.004     0.000
    -0.001    -0.002    -0.006
     0.002    -0.002    -0.001
     0.002    -0.007     0.000
     0.000    -0.002    -0.006
     0.000    -0.004    -0.005
     0.004    -0.000    -0.005
     0.009     0.006    -0.002
    -0.002    -0.006     0.003
    -0.003    -0.001     0.001
     0.002    -0.003     0.002
    -0.003    -0.006    -0.003
    -0.003     0.002    -0.001
    -0.005    -0.004     0.004
     0.002    -0.002    -0.005
     0.005    -0.002    -0.007
     0.002    -0.007     0.000
     0.004    -0.005     0.000
     0.000    -0.002    -0.001
     0.001    -0.004    -0.003
     0.001    -0.008     0.001
     0.000    -0.001     0.004
     0.000    -0.003     0.000
    -0.002    -0.010    -0.004
     0.003    -0.007    -0.001
     0.004    -0.003     0.000
     0.001    -0.003     0.001
     0.002    -0.003    -0.005
     0.000    -0.001     0.000
     0.003    -0.002     0.003
    -0.001    -0.001    -0.008
    -0.002    -0.004     0.000
     0.002    -0.008    -0.002
    -0.005    -0.002    -0.008
     0.000    -0.001    -0.006
     0.002    -0.003    -0.003
    -0.002    -0.003    -0.002
     0.002    -0.004     0.000
    -0.001    -0.000     0.006
    -0.001    -0.000    -0.001
    -0.002    -0.005     0.000
     0.003    -0.004     0.002
    -0.001    -0.001     0.000
    -0.006    -0.003    -0.002
     0.004    -0.006    -0.003
     0.000    -0.003     0.003
     0.003     0.001    -0.001
     0.008    -0.006     0.001
    -0.001    -0.003     0.003
    -0.005     0.001    -0.003
    -0.005    -0.003     0.000
     0.002    -0.001     0.002
    -0.001    -0.001    -0.002
    -0.005     0.001    -0.005
    -0.001     0.001    -0.002
    -0.002    -0.003     0.001
     0.001    -0.002     0.003
     0.004    -0.002     0.000
     0.004    -0.004     0.002
     0.002    -0.004     0.003
    -0.001    -0.000     0.004
    -0.001    -0.003     0.004
    -0.001    -0.004     0.000
     0.003    -0.000    -0.003
     0.003    -0.003    -0.006
     0.002    -0.004    -0.001
     0.006    -0.001     0.001
     0.000    -0.003     0.001
    -0.005     0.002    -0.001
     0.005     0.004    -0.002
     0.001    -0.005     0.005
    -0.001    -0.006     0.003
     0.002     0.001     0.000
    -0.001    -0.003     0.001
    -0.001    -0.005    -0.001
    -0.001     0.001     0.003
     0.000    -0.000     0.000
     0.004     0.002    -0.003
     0.005    -0.002     0.002
     0.000    -0.003    -0.002
    -0.001    -0.000    -0.005
     0.006    -0.002     0.000
     0.000    -0.000     0.007
    -0.002    -0.002     0.003
     0.004    -0.002    -0.002
     0.002    -0.002     0.002
     0.002     0.001    -0.001
     0.002    -0.000    -0.004
     0.005    -0.010     0.000
     0.004    -0.006     0.001
    -0.002    -0.001    -0.004
     0.001    -0.004     0.001
     0.001    -0.003     0.003
     0.001    -0.004    -0.001
     0.003    -0.002     0.001
    -0.001    -0.002    -0.002
    -0.003    -0.005     0.000
    -0.001    -0.001     0.001
     0.004    -0.002    -0.001
     0.001    -0.000     0.001
    -0.003     0.001     0.001
     0.002    -0.000     0.000
     0.000    -0.000     0.000
     0.002    -0.001     0.002
     0.002     0.001     0.006
    -0.004    -0.004     0.000
     0.002    -0.000    -0.001
     0.002     0.006     0.005
    -0.006     0.001     0.000
     0.000    -0.005    -0.004
     0.002    -0.006     0.000
     0.001     0.002     0.002
     0.000    -0.003     0.003
    -0.001    -0.005     0.001
     0.002    -0.002     0.000
     0.002    -0.003     0.000
     0.008    -0.000     0.000
     0.002    -0.004    -0.003
    -0.003    -0.000    -0.003
     0.003     0.003    -0.001
    -0.003    -0.006    -0.003
     0.000    -0.004    -0.001
     0.005     0.003     0.002
    -0.001     0.001     0.001
     0.002    -0.001     0.002
    -0.001    -0.000     0.000
     0.000    -0.000    -0.001
     0.003     0.001    -0.004
    -0.002    -0.001    -0.003
     0.000    -0.003     0.001
    -0.001    -0.000    -0.004
     0.001    -0.000    -0.003
     0.000    -0.002     0.000
    -0.001    -0.003    -0.003
     0.002    -0.001    -0.005
     0.000     0.002     0.000
     0.000    -0.000     0.006
     0.002    -0.000     0.001
    -0.001    -0.002     0.000
    -0.005    -0.002    -0.002
     0.002     0.002    -0.004
     0.001    -0.000    -0.002
    -0.002    -0.000    -0.003
     0.000    -0.001    -0.004
     0.000    -0.001    -0.001
     0.007    -0.002     0.000
     0.005    -0.002     0.001
     0.002     0.006     0.003
     0.004     0.001     0.000
     0.001     0.001    -0.002
     0.004     0.004     0.001
     0.002     0.001     0.002
     0.003    -0.001    -0.002
     0.002    -0.004    -0.009
    -0.001     0.002    -0.004
     0.000     0.001    -0.001
     0.002    -0.003    -0.001
     0.005    -0.000     0.002
    -0.002    -0.002     0.001
     0.000     0.002     0.005
     0.004    -0.002     0.002
     0.000    -0.006    -0.004
    -0.004     0.002    -0.004
    -0.002    -0.010    -0.003
     0.006    -0.003    -0.008
     0.004     0.005    -0.002
     0.004    -0.004     0.001
     0.000    -0.000    -0.006
    -0.002    -0.005    -0.002
     0.005    -0.000    -0.003
    -0.001     0.003     0.000
    -0.002    -0.007    -0.002
     0.002    -0.004    -0.003
    -0.003    -0.001     0.003
    -0.005    -0.000    -0.007
     0.001    -0.001    -0.011
     0.003    -0.001    -0.002
     0.000    -0.002    -0.001
     0.004    -0.004    -0.003
     0.006    -0.002    -0.004
     0.002    -0.005    -0.005
     0.000    -0.006    -0.002
     0.002    -0.002    -0.003
     0.003    -0.004    -0.007
     0.005    -0.004     0.000
     0.005    -0.003     0.000
     0.006    -0.003    -0.003
     0.006     0.001     0.002
     0.004    -0.001     0.005
     0.003    -0.001    -0.004
    -0.001    -0.003    -0.007
     0.002    -0.006     0.000
     0.002    -0.008     0.000
     0.000    -0.007    -0.005
     0.006    -0.000    -0.005
     0.006    -0.004    -0.003
     0.006    -0.003    -0.002
     0.002     0.001     0.000
    -0.002    -0.005    -0.002
     0.000    -0.005    -0.005
    -0.001    -0.001     0.001
     0.002    -0.002     0.001
     0.003    -0.004    -0.002
     0.003    -0.004     0.001
     0.005    -0.000    -0.001
    -0.001    -0.003    -0.005
     0.006    -0.002     0.000
     0.008     0.003     0.007
     0.004    -0.000     0.000
     0.006    -0.002    -0.003
     0.000    -0.000    -0.003
    -0.002    -0.002     0.000
    -0.003    -0.001     0.001
     0.001    -0.000    -0.003
     0.004    -0.002    -0.002
     0.002     0.001     0.000
     0.005     0.002    -0.001
     0.000    -0.003    -0.003
    -0.003     0.002    -0.005
     0.001    -0.002    -0.004
     0.002    -0.004    -0.001
    -0.001    -0.000     0.002
     0.001    -0.002    -0.001
    -0.001    -0.000    -0.006
     0.000    -0.003    -0.002
     0.002    -0.003     0.000
     0.000     0.002    -0.001
    -0.001    -0.003    -0.002
     0.001    -0.001     0.001
     0.005     0.004     0.000
     0.002    -0.001    -0.005
     0.002    -0.001    -0.001
     0.003     0.004     0.000
     0.001    -0.001    -0.007
     0.004    -0.003    -0.002
     0.007    -0.001     0.004
     0.004    -0.000    -0.008
     0.004    -0.002    -0.005
     0.003    -0.005     0.004
    -0.005    -0.000    -0.004
     0.000    -0.000    -0.006
     0.001    -0.000    -0.003
     0.003    -0.005    -0.001
     0.002    -0.005    -0.002
    -0.004    -0.000    -0.002
     0.004    -0.003    -0.001
     0.004    -0.001    -0.001
     0.005    -0.003     0.002
     0.000    -0.004    -0.002
    -0.003    -0.000    -0.004
     0.002    -0.002     0.000
    -0.001    -0.002    -0.001
     0.004     0.001    -0.002
     0.002    -0.003    -0.004
    -0.003    -0.005     0.000
     0.000    -0.001     0.002
    -0.001    -0.008     0.000
     0.003    -0.008    -0.001
    -0.003    -0.004    -0.003
    -0.001    -0.004    -0.007
     0.006    -0.004    -0.001
    -0.006    -0.006     0.003
    -0.001    -0.002    -0.004
     0.002    -0.000    -0.002
     0.000    -0.007    -0.001
     0.000    -0.008    -0.002
    -0.005    -0.003    -0.001
    -0.001    -0.005    -0.002
    -0.002    -0.008    -0.001
     0.000    -0.002     0.000
     0.003    -0.002    -0.004
    -0.002    -0.008    -0.005
     0.000    -0.002     0.003
    -0.001    -0.005    -0.001
    -0.001    -0.008    -0.004
     0.006     0.001     0.000
     0.006    -0.005    -0.002
     0.004    -0.003     0.001
     0.004    -0.003     0.002
     0.000    -0.007     0.003
     0.001    -0.000     0.000
     0.005    -0.001    -0.007
     0.001    -0.000     0.001
     0.000    -0.005    -0.001
     0.002    -0.006     0.000
     0.007    -0.000     0.003
     0.004    -0.004    -0.005
     0.003    -0.001     0.000
     0.008    -0.000     0.004
     0.005    -0.003     0.000
     0.003    -0.000    -0.001
    -0.001    -0.000     0.001
     0.000    -0.002     0.000
     0.001    -0.000    -0.004
    -0.005    -0.002     0.003
    -0.001    -0.002     0.004
     0.003    -0.005    -0.003
     0.003    -0.009    -0.002
     0.002    -0.003    -0.001
     0.002    -0.000     0.000
     0.002    -0.002    -0.001
    -0.001     0.001    -0.006
     0.003     0.002    -0.002
     0.002    -0.000    -0.002
     0.006    -0.005    -0.007
     0.002    -0.005    -0.002
     0.000    -0.000     0.003
     0.006    -0.001     0.005
     0.002    -0.003    -0.001
     0.002    -0.002    -0.004
     0.001    -0.003    -0.003
     0.000    -0.005    -0.005
     0.000    -0.001    -0.001
     0.002    -0.001    -0.002
    -0.003    -0.003    -0.005
    -0.004    -0.000    -0.004
     0.002    -0.000     0.000
    -0.002    -0.005     0.003
     0.004    -0.006     0.002
     0.003     0.002    -0.001
     0.000     0.003     0.001
     0.000    -0.000     0.001
    -0.002    -0.000    -0.003
     0.000    -0.000     0.000
    -0.004    -0.003     0.000
    -0.005    -0.008     0.001
    -0.001    -0.003     0.004
     0.003    -0.003    -0.002
     0.005    -0.000     0.000
     0.002     0.003     0.002
     0.005    -0.000     0.000
     0.001    -0.001     0.000
    -0.002     0.001     0.000
     0.001     0.003    -0.005
    -0.002    -0.001    -0.005
     0.002    -0.002    -0.001
    -0.001    -0.001    -0.005
    -0.004    -0.002    -0.001
     0.003    -0.003     0.002
     0.003    -0.004    -0.001
     0.003    -0.001     0.001
     0.002    -0.001    -0.001
     0.002    -0.000    -0.003
     0.002    -0.003     0.001
     0.003    -0.006    -0.002
     0.000    -0.002    -0.010
    -0.001    -0.008    -0.002
     0.005    -0.007    -0.001
     0.001    -0.001    -0.003
     0.001    -0.003     0.000
     0.003    -0.002    -0.003
     0.002    -0.002    -0.002
     0.001    -0.009    -0.004
     0.000    -0.006     0.002
     0.004    -0.004     0.003
    -0.001    -0.003     0.000
     0.002     0.001     0.001
     0.006    -0.006     0.001
     0.003    -0.004     0.002
     0.000    -0.000    -0.003
     0.001    -0.005     0.000
     0.003    -0.001    -0.002
     0.003    -0.004    -0.002
     0.003    -0.007     0.001
    -0.001    -0.001    -0.006
     0.001    -0.004     0.004
     0.005    -0.005    -0.001
     0.000     0.001    -0.007
     0.001    -0.004    -0.001
     0.005    -0.006     0.000
    -0.001    -0.003     0.004
     0.001    -0.004    -0.002
     0.006    -0.002    -0.002
    -0.002     0.001     0.000
    -0.002    -0.003    -0.008
     0.001    -0.002    -0.006
    -0.001     0.002    -0.004
    -0.002    -0.002    -0.003
    -0.003    -0.002    -0.001
    -0.005    -0.002    -0.005
    -0.006    -0.004    -0.004
     0.005    -0.000    -0.002
     0.002    -0.000    -0.001
    -0.003    -0.006    -0.005
    -0.001    -0.008    -0.003
     0.001    -0.002     0.001
     0.001     0.001    -0.001
    -0.006     0.001     0.000
     0.000     0.003    -0.001
    -0.001    -0.003    -0.003
    -0.002    -0.003     0.000
     0.003    -0.000    -0.004
    -0.002    -0.002    -0.005
    -0.001    -0.002    -0.004
    -0.001    -0.003    -0.007
    -0.002    -0.002    -0.005
    -0.002    -0.006    -0.003
     0.001    -0.000     0.000
     0.001     0.001     0.000
     0.001    -0.006    -0.003
    -0.001     0.001     0.003
    -0.002    -0.001     0.000
     0.006    -0.002     0.000
     0.004     0.003     0.003
     0.000    -0.001     0.000
     0.000    -0.001    -0.005
    -0.002     0.001    -0.002
     0.000    -0.002     0.000
    -0.003     0.002    -0.005
     0.003     0.003     0.000
     0.000    -0.001    -0.002
    -0.001     0.003    -0.002
     0.004    -0.000     0.005
     0.002    -0.002     0.000
     0.001     0.003     0.000
    -0.001    -0.004    -0.001
     0.002    -0.002     0.000
     0.000     0.001     0.001
     0.001    -0.003    -0.005
     0.006    -0.000    -0.002
     0.001    -0.003    -0.005
    -0.002    -0.000    -0.004
     0.000     0.003     0.000
     0.000    -0.004     0.000
     0.004    -0.003     0.002
     0.005    -0.002    -0.001
     0.006    -0.000     0.000
     0.004    -0.000     0.000
     0.002    -0.003    -0.002
     0.007     0.001     0.001
    -0.002    -0.001     0.001
    -0.002    -0.002    -0.006
     0.006     0.002    -0.005
     0.001     0.001     0.004
     0.001    -0.002    -0.001
     0.003    -0.001    -0.002
     0.002    -0.000    -0.001
     0.000    -0.000    -0.005
     0.004    -0.002    -0.003
     0.000    -0.003    -0.005
    -0.001    -0.006     0.000
     0.003    -0.002     0.001
     0.000    -0.000    -0.005
     0.000    -0.005    -0.003
     0.004     0.002    -0.001
     0.005     0.001    -0.002
     0.003    -0.001    -0.004
     0.003     0.003     0.003
     0.000    -0.000     0.005
    -0.002    -0.001    -0.004
     0.000    -0.004    -0.002
    -0.002    -0.002    -0.003
    -0.003    -0.001    -0.002
     0.000    -0.004     0.001
     0.005    -0.004    -0.005
     0.002    -0.002     0.000
     0.004    -0.000     0.001
     0.007    -0.003     0.001
     0.002    -0.003     0.002
     0.001    -0.004     0.000
     0.003    -0.004     0.000
     0.001    -0.000    -0.008
     0.003     0.003    -0.002
     0.004    -0.003    -0.001
     0.005    -0.005    -0.004
     0.005     0.002    -0.002
     0.001     0.002    -0.005
     0.000    -0.003     0.000
     0.005    -0.003     0.000
     0.002     0.001     0.000
    -0.002    -0.000    -0.006
    -0.003    -0.002    -0.006
    -0.003    -0.000     0.002
     0.002     0.002     0.002
    -0.001    -0.002     0.000
    -0.002     0.002    -0.002
    -0.001     0.004    -0.001
    -0.001    -0.007    -0.003
     0.005    -0.003    -0.006
    -0.001    -0.001    -0.005
    -0.001    -0.000    -0.006
     0.005     0.002    -0.003
     0.001    -0.002    -0.001
     0.001    -0.003    -0.004
     0.006    -0.003    -0.006
     0.005     0.001    -0.002
     0.003     0.003    -0.003
     0.001     0.004    -0.004
    -0.003    -0.000     0.001
     0.002    -0.002    -0.001
     0.004     0.004     0.001
    -0.002     0.001    -0.002
     0.002     0.001    -0.004
     0.004     0.001     0.004
     0.003    -0.000    -0.005
     0.003     0.002    -0.003
    -0.001    -0.001    -0.001
     0.004     0.002    -0.005
     0.006     0.002    -0.002
     0.000     0.001     0.000
     0.002     0.003     0.000
     0.001    -0.000    -0.004
     0.004    -0.000    -0.004
     0.003     0.004    -0.002
     0.000     0.005    -0.002
     0.003    -0.001    -0.004
     0.004    -0.000    -0.003
     0.003    -0.000    -0.001
     0.000    -0.003    -0.003
     0.006    -0.000     0.000
     0.005     0.003     0.002
     0.001     0.003    -0.001
     0.004    -0.000    -0.002
     0.001     0.003     0.002
    -0.001    -0.005     0.000
     0.004    -0.010    -0.005
     0.006    -0.000     0.000
     0.001    -0.002    -0.003
     0.001    -0.000    -0.005
     0.002    -0.005     0.002
     0.000    -0.005     0.000
    -0.002     0.003     0.000
     0.000    -0.003    -0.004
    -0.001    -0.002    -0.007
    -0.001    -0.001    -0.005
     0.003    -0.000    -0.005
     0.005     0.003     0.001
     0.006    -0.005    -0.002
     0.001    -0.001    -0.003
     0.003     0.001     0.000
     0.001    -0.007    -0.005
    -0.001    -0.003     0.000
     0.005    -0.005    -0.002
    -0.002    -0.006    -0.005
    -0.004    -0.000     0.000
    -0.001    -0.001    -0.003
    -0.002    -0.001    -0.005
    -0.001    -0.000     0.000
     0.001    -0.001    -0.002
     0.001    -0.006    -0.004
     0.000    -0.003    -0.002
     0.007    -0.003    -0.003
     0.007    -0.004    -0.001
    -0.001     0.002    -0.008
     0.001    -0.000    -0.008
     0.002     0.003    -0.002
     0.003    -0.002    -0.007
     0.004    -0.000    -0.003
     0.001    -0.000    -0.001
     0.003    -0.008    -0.007
     0.006     0.002    -0.004
     0.006    -0.000    -0.001
    -0.002    -0.006    -0.007
     0.000    -0.000    -0.006
     0.002    -0.001     0.000
    -0.003    -0.004    -0.007
     0.002    -0.004    -0.008
     0.002    -0.003    -0.005
    -0.001    -0.005    -0.004
     0.000    -0.004    -0.001
     0.005    -0.001    -0.001
     0.007    -0.002    -0.002
     0.001    -0.005    -0.003
    -0.001    -0.001    -0.004
     0.001    -0.001     0.000
    -0.001    -0.002    -0.001
     0.001     0.002    -0.003
     0.005    -0.003     0.000
     0.001    -0.002    -0.003
     0.007    -0.001     0.000
     0.006    -0.005     0.003
    -0.002    -0.001     0.001
     0.003    -0.002    -0.004
     0.002    -0.001    -0.004
     0.004    -0.001     0.001
    -0.002    -0.002    -0.002
    -0.006    -0.004    -0.003
    -0.001    -0.004    -0.006
    -0.001     0.001    -0.004
     0.001    -0.000    -0.002
     0.000    -0.000    -0.003
     0.004    -0.000     0.001
     0.001    -0.003    -0.003
    -0.001     0.001    -0.002
     0.001    -0.001     0.000
    -0.001    -0.005     0.000
    -0.001    -0.004     0.002
    -0.004    -0.000    -0.002
     0.000    -0.000     0.000
     0.000    -0.003     0.001
    -0.002    -0.002    -0.003
    -0.002    -0.003    -0.004
     0.000    -0.001    -0.001
     0.002    -0.006     0.001
    -0.003    -0.006    -0.001
    -0.003    -0.003    -0.004
     0.000    -0.005    -0.006
     0.003    -0.000    -0.004
     0.002    -0.003    -0.007
    -0.001    -0.001    -0.005
     0.003     0.001     0.000
     0.009    -0.005    -0.007
     0.004     0.002    -0.005
    -0.001     0.002     0.002
     0.004    -0.002    -0.002
    -0.002    -0.001    -0.006
     0.001    -0.002     0.001
     0.007     0.001     0.004
     0.000    -0.004    -0.003
    -0.001    -0.002     0.000
     0.000     0.007     0.000
     0.003     0.001    -0.002
    -0.001    -0.002    -0.001
     0.001     0.003     0.000
     0.002     0.002     0.001
    -0.005    -0.001     0.000
    -0.001    -0.001    -0.003
     0.001    -0.002    -0.007
     0.001    -0.002    -0.001
     0.004    -0.004     0.000
     0.000    -0.002    -0.001
     0.001     0.002     0.006
    -0.001    -0.003     0.000
    -0.001    -0.003    -0.001
     0.003    -0.000     0.002
     0.004    -0.004     0.000
     0.008    -0.000     0.001
    -0.002    -0.000     0.000
    -0.001    -0.003     0.002
     0.004    -0.000     0.000
    -0.001    -0.002    -0.004
     0.002    -0.006    -0.002
    -0.001    -0.004    -0.002
    -0.001    -0.002    -0.002
     0.003    -0.002    -0.004
     0.006    -0.001     0.000
     0.005    -0.000     0.002
     0.005     0.004    -0.004
     0.006     0.003    -0.002
     0.005    -0.002    -0.002
     0.006    -0.000     0.000
     0.006     0.002    -0.002
     0.000    -0.001    -0.006
    -0.001    -0.000    -0.003
     0.003     0.002    -0.004
     0.002    -0.001    -0.001
     0.003     0.001     0.000
     0.001     0.002     0.001
    -0.004    -0.001     0.001
     0.002    -0.000     0.000
     0.000     0.001    -0.002
     0.001    -0.000    -0.002
     0.002     0.004     0.001
    -0.002     0.003    -0.005
     0.006     0.001    -0.005
     0.001     0.001    -0.004
     0.001    -0.000    -0.007
     0.005    -0.001    -0.004
     0.001    -0.001    -0.005
     0.000     0.002    -0.006
    -0.001     0.002    -0.007
     0.001     0.001    -0.007
    -0.001    -0.000    -0.002
     0.002     0.002    -0.001
     0.001     0.003    -0.002
    -0.005    -0.002    -0.003
    -0.001     0.006     0.000
    -0.002     0.002    -0.002
     0.000    -0.007    -0.001
     0.000    -0.001     0.002
    -0.002    -0.002    -0.006
     0.002    -0.000    -0.005
     0.002    -0.003    -0.003
     0.000    -0.003    -0.003
     0.000     0.002     0.000
     0.003     0.001    -0.003
     0.000    -0.001    -0.002
     0.002    -0.003    -0.002
     0.004     0.004    -0.001
    -0.001    -0.000     0.002
     0.000    -0.004    -0.006
     0.004     0.002    -0.003
     0.001    -0.000     0.002
    -0.005     0.001    -0.002
     0.002    -0.001     0.000
     0.003    -0.000     0.000
     0.003    -0.001    -0.005
     0.005    -0.004    -0.003
    -0.001     0.002    -0.003
    -0.001    -0.004    -0.003
     0.004    -0.000    -0.001
     0.004     0.008    -0.003
     0.002    -0.001    -0.004
     0.003    -0.005    -0.002
    -0.001    -0.000     0.000
     0.001     0.002    -0.001
     0.000    -0.006    -0.005
    -0.001    -0.002    -0.001
     0.006    -0.000    -0.001
     0.002    -0.004    -0.002
     0.002     0.002     0.001
    -0.001    -0.001     0.000
    -0.001    -0.004    -0.001
     0.006     0.002     0.000
     0.001    -0.000    -0.001
     0.000    -0.008    -0.005
    -0.001    -0.002    -0.002
     0.001     0.002    -0.001
     0.001    -0.004    -0.003
    -0.005    -0.001     0.002
     0.001    -0.001    -0.005
     0.005    -0.005    -0.006
    -0.001    -0.004    -0.001
    -0.001    -0.001    -0.007
     0.005    -0.003    -0.004
     0.001    -0.000     0.000
     0.000     0.005    -0.001
    -0.002     0.002     0.001
    -0.005    -0.000    -0.003
     0.001     0.003    -0.009
    -0.003     0.001    -0.002
    -0.004    -0.003     0.002
     0.004    -0.003    -0.002
     0.001    -0.005    -0.008
    -0.003    -0.002    -0.002
     0.000    -0.000     0.000
     0.002    -0.003    -0.003
     0.002    -0.003     0.002
     0.003    -0.001     0.000
     0.000    -0.002    -0.001
    -0.002    -0.003    -0.003
     0.004     0.001    -0.005
     0.003     0.002    -0.005
    -0.001    -0.000    -0.004
     0.002    -0.002     0.002
     0.001    -0.001     0.002
    -0.001    -0.005     0.001
    -0.001    -0.004    -0.003
     0.003     0.002    -0.005
     0.000    -0.002    -0.001
    -0.004    -0.000    -0.001
     0.001     0.001     0.000
     0.002     0.002    -0.003
     0.003     0.001    -0.001
     0.003    -0.006     0.002
     0.000    -0.002    -0.006
     0.000    -0.000    -0.005
     0.001     0.001     0.002
    -0.001    -0.000    -0.006
    -0.004    -0.000    -0.007
     0.003    -0.002     0.001
     0.005    -0.008    -0.002
    -0.001    -0.003    -0.003
    -0.001    -0.003    -0.004
    -0.001    -0.003    -0.003
    -0.002    -0.002    -0.001
     0.004    -0.003    -0.003
     0.001    -0.000     0.000
    -0.001    -0.001    -0.003
     0.002    -0.001     0.003
     0.001    -0.003     0.003
     0.004    -0.006    -0.006
     0.002    -0.003     0.000
    -0.001    -0.004    -0.001
     0.001    -0.005     0.001
    -0.001    -0.008    -0.001
     0.000    -0.001    -0.003
    -0.001    -0.000    -0.002
    -0.005    -0.007    -0.003
     0.001     0.004     0.003
     0.005    -0.000    -0.002
     0.002    -0.005    -0.005
     0.001    -0.000    -0.003
     0.001    -0.001    -0.003
    -0.001    -0.002    -0.001
     0.002    -0.000     0.002
     0.002    -0.000     0.001
    -0.004    -0.002    -0.005
    -0.002    -0.000    -0.004
    -0.003     0.001     0.001
     0.003     0.001     0.002
     0.005    -0.002    -0.003
     0.002    -0.004    -0.005
     0.002    -0.003    -0.004
    -0.002    -0.004    -0.004
    -0.001    -0.000     0.000
     0.000    -0.003     0.000
    -0.001    -0.000     0.002
     0.002    -0.000     0.000
    -0.001    -0.006    -0.004
    -0.002     0.001    -0.007
     0.001     0.003    -0.006
     0.000    -0.001    -0.001
    -0.001    -0.006    -0.003
     0.000     0.001     0.002
    -0.004    -0.000     0.002
     0.003    -0.002    -0.006
     0.006    -0.002    -0.004
    -0.004    -0.003    -0.002
     0.002     0.002    -0.003
    -0.001     0.001    -0.003
     0.001    -0.002    -0.001
     0.006    -0.004    -0.002
     0.001    -0.000    -0.002
    -0.003    -0.000    -0.001
    -0.004    -0.003    -0.007
     0.001     0.001    -0.004
     0.003    -0.000    -0.001
     0.005    -0.000    -0.003
     0.001     0.002    -0.003
    -0.001    -0.001    -0.003
     0.002    -0.003    -0.001
    -0.001    -0.000    -0.003
     0.002     0.001     0.000
     0.002    -0.001     0.004
    -0.002    -0.004     0.001
     0.003    -0.000     0.001
     0.001     0.004    -0.002
    -0.003    -0.002    -0.004
    -0.001     0.001    -0.001
     0.002     0.005    -0.001
     0.001    -0.003    -0.004
     0.001    -0.000    -0.007
     0.002    -0.003    -0.004
     0.002    -0.005    -0.002
     0.004    -0.000    -0.008
    -0.002    -0.003    -0.006
     0.002    -0.005     0.000
     0.005    -0.001     0.000
     0.001     0.004     0.004
    -0.001    -0.002    -0.002
    -0.001    -0.001    -0.003
     0.003     0.004     0.002
     0.002    -0.006    -0.004
     0.001    -0.002    -0.004
     0.002     0.002    -0.002
     0.001    -0.000    -0.007
     0.004    -0.001    -0.003
     0.003    -0.002     0.004
     0.002    -0.002    -0.003
     0.006    -0.005    -0.001
     0.006    -0.000     0.004
     0.002     0.001    -0.002
     0.004    -0.004    -0.004
     0.003    -0.002     0.000
    -0.001    -0.004     0.003
     0.000    -0.002    -0.006
     0.004     0.001    -0.005
     0.001    -0.005     0.002
    -0.001    -0.004    -0.004
     0.005    -0.001    -0.003
     0.001    -0.000    -0.003
    -0.003     0.002    -0.002
    -0.004    -0.002     0.001
     0.000     0.001    -0.001
     0.005    -0.000    -0.003
    -0.004    -0.006    -0.005
    -0.004    -0.000    -0.004
    -0.001    -0.001    -0.003
    -0.003    -0.005    -0.004
    -0.001    -0.000     0.000
     0.000     0.001     0.002
     0.004    -0.000    -0.001
     0.003    -0.000    -0.002
    -0.004    -0.001    -0.001
    -0.004    -0.002     0.000
     0.001    -0.000     0.001
    -0.001    -0.001    -0.002
    -0.002    -0.007    -0.002
     0.002    -0.001     0.005
    -0.002     0.003     0.002
    -0.002    -0.004    -0.002
     0.004     0.002    -0.003
     0.002    -0.000    -0.007
     0.000    -0.006    -0.002
    -0.001    -0.001     0.001
     0.001    -0.001    -0.005
     0.001    -0.005    -0.009
    -0.001    -0.001    -0.006
    -0.001    -0.002    -0.003
     0.001    -0.008    -0.004
     0.000    -0.000    -0.003
     0.003    -0.001     0.000
     0.004    -0.005    -0.001
    -0.006    -0.000    -0.002
    -0.004    -0.004    -0.003
     0.005    -0.006     0.003
     0.001    -0.001     0.004
     0.001     0.002    -0.002
     0.003    -0.003    -0.001
    -0.001    -0.005     0.001
     0.000    -0.000     0.001
     0.000    -0.002     0.000
     0.005    -0.001     0.001
     0.006    -0.000    -0.001
    -0.001    -0.003    -0.005
    -0.001    -0.000     0.000
     0.003     0.004     0.002
     0.004     0.001     0.002
    -0.002    -0.000    -0.002
    -0.003     0.002    -0.002
    -0.001     0.003    -0.001
    -0.001     0.003    -0.002
     0.001    -0.003     0.000
     0.001    -0.002     0.000
    -0.003    -0.001     0.002
     0.002    -0.003     0.002
     0.005     0.004     0.002
    -0.002    -0.003     0.003
     0.004    -0.005     0.005
    -0.001     0.007     0.003
    -0.007    -0.000    -0.003
    -0.002    -0.006    -0.003
     0.002    -0.003    -0.001
     0.003    -0.003    -0.006
    -0.004     0.002    -0.005
     0.004    -0.003    -0.003
     0.005    -0.006    -0.005
    -0.002    -0.003    -0.004
     0.004    -0.004    -0.004
     0.006    -0.001    -0.005
    -0.002    -0.001    -0.001
    -0.006    -0.003     0.002
    -0.002    -0.002     0.002
    -0.005     0.001     0.000
    -0.001    -0.001    -0.003
     0.002    -0.003    -0.005
     0.001    -0.002    -0.004
     0.002    -0.003     0.000
     0.003    -0.003     0.000
     0.001    -0.001    -0.006
     0.000    -0.001    -0.003
     0.003    -0.007     0.002
     0.001    -0.007    -0.001
    -0.001    -0.002    -0.003
     0.003    -0.005    -0.003
     0.003    -0.005    -0.003
    -0.002    -0.003     0.000
     0.000    -0.006     0.000
     0.000    -0.005    -0.004
     0.001     0.002    -0.002
    -0.001    -0.000    -0.001
    -0.006    -0.004    -0.005
     0.000    -0.004    -0.001
     0.004    -0.004     0.000
     0.002    -0.004    -0.002
     0.003    -0.008    -0.002
     0.010    -0.000    -0.001
     0.006    -0.000    -0.001
     0.005    -0.009    -0.002
     0.007    -0.003     0.000
     0.000    -0.002     0.000
    -0.001    -0.004    -0.001
    -0.001    -0.000    -0.004
     0.003    -0.003    -0.006
     0.005    -0.003    -0.002
     0.000    -0.002    -0.001
     0.003    -0.002    -0.001
     0.004    -0.005     0.001
     0.004    -0.004     0.000
     0.004    -0.006     0.001
     0.000    -0.005     0.000
     0.004    -0.001    -0.007
     0.003    -0.005     0.000
    -0.002    -0.002     0.001
     0.002    -0.002    -0.001
     0.002    -0.001     0.005
     0.003    -0.001    -0.002
     0.004    -0.004    -0.001
     0.005    -0.000     0.002
     0.008    -0.003     0.000
    -0.001    -0.001    -0.001
    -0.001    -0.003    -0.006
     0.005    -0.005     0.001
    -0.001    -0.002     0.002
    -0.001    -0.001    -0.005
     0.001    -0.002    -0.003
     0.000    -0.006     0.000
    -0.003    -0.001    -0.001
    -0.002    -0.000    -0.002
     0.006    -0.006    -0.002
     0.001    -0.003    -0.002
    -0.002     0.001     0.002
    -0.003    -0.002     0.001
     0.001    -0.001    -0.009
     0.007    -0.003    -0.005
     0.000    -0.005    -0.003
    -0.001     0.004    -0.007
     0.004     0.003     0.004
    -0.001    -0.005    -0.001
    -0.001    -0.006    -0.004
     0.007    -0.002     0.000
     0.004    -0.001    -0.006
    -0.001    -0.004    -0.001
     0.002    -0.005    -0.004
     0.003    -0.004    -0.001
     0.003    -0.005    -0.002
     0.006    -0.001    -0.007
     0.006     0.004     0.003
    -0.001    -0.000    -0.003
    -0.001    -0.000    -0.005
    -0.001    -0.002     0.000
    -0.005    -0.005    -0.002
    -0.001    -0.002     0.001
     0.002    -0.003     0.000
     0.002    -0.003    -0.001
     0.006    -0.000     0.001
     0.009    -0.001    -0.004
     0.000    -0.006    -0.005
     0.000    -0.004     0.002
     0.003    -0.004     0.001
     0.004    -0.006    -0.005
     0.007     0.002    -0.003
     0.001    -0.001     0.000
     0.002    -0.007    -0.004
     0.000    -0.006    -0.007
     0.003    -0.001     0.001
     0.005    -0.001     0.000
     0.003    -0.002    -0.002
     0.010    -0.001    -0.002
    -0.002    -0.004    -0.003
    -0.004    -0.000     0.002
     0.002    -0.004    -0.001
     0.004    -0.004    -0.005
     0.008    -0.001    -0.002
    -0.006    -0.003    -0.006
    -0.003     0.001     0.000
     0.000    -0.004    -0.005
    -0.001    -0.002    -0.002
     0.009     0.001     0.006
     0.001    -0.003     0.000
    -0.001    -0.003     0.000
     0.001    -0.003     0.000
    -0.001    -0.001    -0.004
     0.004    -0.001    -0.006
     0.002     0.004    -0.003
    -0.001    -0.004    -0.006
     0.004    -0.003    -0.005
     0.004     0.004     0.003
    -0.001    -0.009     0.000
     0.000    -0.002    -0.001
     0.000    -0.001    -0.003
    -0.002    -0.006     0.000
     0.005    -0.001     0.002
     0.006    -0.001    -0.004
    -0.003    -0.006    -0.003
    -0.001    -0.003     0.000
     0.002     0.003    -0.001
     0.002    -0.008    -0.002
     0.002    -0.003     0.004
     0.001     0.001     0.005
     0.003    -0.004     0.001
     0.000    -0.002    -0.001
    -0.001    -0.003    -0.001
     0.000    -0.002     0.001
    -0.001    -0.000    -0.001
     0.000     0.002    -0.003
     0.003    -0.003     0.000
    -0.002    -0.002    -0.001
     0.000    -0.000     0.001
     0.003    -0.001     0.002
     0.000     0.006    -0.002
     0.002    -0.003    -0.002
     0.000    -0.006    -0.001
     0.004    -0.001    -0.001
     0.003    -0.005    -0.002
     0.001     0.002    -0.003
     0.003     0.003    -0.005
    -0.001    -0.004    -0.004
     0.001    -0.002     0.000
     0.002    -0.002    -0.004
     0.002    -0.003    -0.005
     0.002     0.004    -0.002
     0.002    -0.000    -0.002
     0.002    -0.000     0.002
     0.005     0.003     0.003
     0.003     0.001    -0.005
    -0.003     0.003    -0.001
     0.002    -0.002    -0.003
     0.001     0.001    -0.004
     0.002     0.001     0.001
     0.002    -0.002    -0.004
    -0.002    -0.000     0.000
     0.001    -0.004     0.001
     0.003    -0.000     0.000
     0.004     0.001     0.003
     0.005    -0.000    -0.002
     0.004    -0.000     0.000
    -0.001    -0.001     0.003
    -0.001    -0.001    -0.002
     0.005    -0.003    -0.002
     0.006     0.002    -0.005
     0.003     0.002    -0.008
     0.001    -0.001    -0.001
     0.006     0.003     0.002
     0.002    -0.002    -0.001
    -0.004    -0.003     0.000
     0.005     0.002     0.003
     0.005     0.001     0.000
     0.003    -0.003     0.000
     0.001    -0.007    -0.002
    -0.001    -0.003    -0.003
     0.002    -0.004    -0.001
     0.004    -0.002     0.000
     0.006     0.002     0.002
    -0.001    -0.004    -0.005
     0.008    -0.000    -0.001
     0.009     0.004     0.004
    -0.005    -0.003    -0.001
     0.003    -0.001    -0.001
     0.004    -0.000    -0.003
    -0.001    -0.003     0.000
    -0.001    -0.003     0.002
     0.002     0.003     0.000
     0.000     0.004     0.001
    -0.001     0.002     0.003
     0.003     0.001     0.000
     0.001    -0.004    -0.004
     0.002    -0.001     0.000
    -0.001    -0.001    -0.003
    -0.003    -0.005    -0.006
    -0.001    -0.000     0.000
     0.002    -0.001    -0.003
    -0.001    -0.001    -0.002
    -0.002    -0.001     0.000
     0.006    -0.008    -0.004
     0.005     0.001    -0.002
     0.001     0.002     0.002
     0.000    -0.001     0.002
    -0.004     0.004    -0.005
     0.000    -0.005    -0.010
     0.006    -0.006     0.000
     0.004    -0.002     0.003
     0.003    -0.000    -0.001
     0.000    -0.000     0.000
    -0.001    -0.004    -0.003
     0.000    -0.004     0.001
    -0.001    -0.002    -0.002
     0.003    -0.000    -0.004
     0.002    -0.001     0.000
    -0.001    -0.000    -0.004
     0.007    -0.006     0.002
     0.006    -0.003     0.000
     0.002    -0.000    -0.003
     0.004    -0.001    -0.002
     0.003     0.003    -0.004
     0.000    -0.006    -0.002
     0.006    -0.001     0.000
     0.005     0.001     0.003
     0.001    -0.006    -0.004
     0.003    -0.001    -0.002
     0.005    -0.002     0.000
     0.002     0.003    -0.007
     0.000     0.002     0.000
     0.006    -0.003    -0.006
     0.001     0.002    -0.006
     0.003    -0.000     0.002
     0.002    -0.003    -0.006
     0.003    -0.001    -0.005
     0.006    -0.000     0.001
     0.002    -0.004     0.000
     0.004    -0.003    -0.002
     0.006     0.003    -0.004
     0.007    -0.000    -0.003
     0.001    -0.000    -0.006
    -0.001     0.003    -0.002
     0.001    -0.002     0.001
     0.001    -0.002    -0.003
     0.004    -0.001    -0.006
     0.007    -0.003    -0.002
     0.008    -0.003     0.001
     0.000    -0.005    -0.006
     0.002    -0.006    -0.003
     0.003    -0.005    -0.001
    -0.003    -0.004    -0.005
     0.003    -0.004    -0.002
     0.001    -0.003    -0.006
     0.001    -0.005    -0.002
     0.002    -0.005     0.000
    -0.003    -0.001     0.002
     0.003    -0.003     0.002
     0.004    -0.002    -0.008
    -0.002     0.001    -0.003
     0.003    -0.000     0.000
     0.003     0.002    -0.001
    -0.002     0.003     0.001
     0.003    -0.002    -0.005
     0.004    -0.001    -0.003
     0.002     0.002     0.002
     0.003    -0.006    -0.003
     0.003    -0.007    -0.003
     0.003    -0.000     0.000
     0.002    -0.000    -0.005
     0.006     0.003    -0.003
     0.003    -0.000     0.002
     0.002    -0.008    -0.001
     0.004    -0.003    -0.003
    -0.004    -0.003    -0.001
    -0.002    -0.005    -0.003
     0.002    -0.005    -0.006
    -0.002    -0.002     0.000
     0.001    -0.001     0.001
     0.006    -0.004    -0.002
     0.004    -0.001     0.002
     0.001     0.001     0.004
     0.002    -0.000    -0.002
     0.002    -0.000    -0.001
     0.002     0.003     0.004
     0.000    -0.001    -0.006
     0.002    -0.007    -0.003
     0.001    -0.000     0.001
     0.001    -0.002    -0.003
     0.006    -0.004    -0.001
     0.002     0.003     0.002
     0.003     0.002    -0.002
     0.004    -0.001    -0.008
     0.001     0.001    -0.005
    -0.003    -0.000    -0.005
    -0.006     0.001    -0.003
    -0.004    -0.000    -0.002
    -0.003    -0.007    -0.004
    -0.002    -0.002    -0.003
     0.001     0.002    -0.003
     0.001    -0.003    -0.001
    -0.001    -0.001    -0.001
     0.000    -0.003     0.000
     0.000    -0.002     0.001
    -0.002     0.004    -0.001
    -0.002    -0.005    -0.002
     0.000     0.001    -0.002
    -0.001    -0.001    -0.001
     0.000    -0.007     0.001
     0.005     0.002     0.001
     0.003    -0.002     0.002
     0.001    -0.000     0.006
     0.000     0.003     0.000
    -0.001    -0.002    -0.002
    -0.001    -0.004     0.001
    -0.002    -0.001     0.000
     0.006    -0.003    -0.001
     0.003    -0.007     0.001
    -0.002    -0.002    -0.001
     0.006     0.001    -0.005
     0.005    -0.001     0.000
     0.006    -0.002    -0.001
     0.002    -0.001    -0.001
     0.000    -0.000    -0.001
     0.007     0.003    -0.001
    -0.001    -0.001     0.001
    -0.003    -0.003    -0.005
     0.001     0.001    -0.004
     0.000    -0.000     0.001
    -0.002    -0.000    -0.002
     0.000    -0.001    -0.003
     0.006    -0.000     0.000
     0.005    -0.001     0.000
     0.002    -0.000     0.001
     0.000     0.002     0.000
    -0.001    -0.002     0.001
     0.004    -0.001    -0.002
     0.003    -0.003    -0.003
    -0.001     0.001     0.000
     0.001    -0.000    -0.008
     0.002    -0.008     0.000
     0.004    -0.003     0.005
     0.004    -0.001    -0.006
     0.003     0.002     0.000
     0.005     0.002    -0.001
     0.005    -0.003    -0.007
     0.006     0.001     0.003
     0.001    -0.000     0.004
    -0.002    -0.004     0.000
     0.002    -0.000     0.000
    -0.004     0.001    -0.001
     0.003    -0.001    -0.003
     0.007    -0.001    -0.005
    -0.001     0.001     0.001
     0.004    -0.001     0.000
     0.001    -0.001    -0.003
    -0.001    -0.003     0.002
     0.004    -0.002    -0.006
     0.001     0.001    -0.004
     0.002    -0.002     0.000
    -0.001    -0.004    -0.002
     0.000    -0.004     0.002
     0.005    -0.002     0.000
     0.003    -0.001     0.002
     0.005    -0.002     0.001
     0.003     0.001    -0.003
     0.002    -0.002    -0.001
     0.003    -0.001    -0.005
     0.001     0.003    -0.006
    -0.002    -0.000    -0.005
     0.002     0.001    -0.001
     0.001     0.002     0.000
    -0.002    -0.001    -0.007
    -0.001    -0.000    -0.005
     0.001    -0.000    -0.002
     0.004     0.004    -0.003
    -0.002     0.002    -0.003
     0.006    -0.001    -0.002
     0.004    -0.004    -0.001
    -0.005    -0.006    -0.002
     0.001    -0.000    -0.001
    -0.002     0.004     0.000
    -0.001    -0.000    -0.007
     0.004    -0.001    -0.006
     0.003     0.002    -0.004
     0.002    -0.000    -0.009
     0.001    -0.003    -0.005
     0.000    -0.000    -0.002
     0.000    -0.001    -0.003
     0.005    -0.003    -0.007
     0.007     0.001    -0.007
     0.002     0.004    -0.007
     0.000     0.001    -0.004
     0.001    -0.000     0.000
     0.003     0.002    -0.007
     0.002    -0.000     0.000
     0.002    -0.000     0.004
     0.004     0.003     0.000
     0.001    -0.001     0.001
     0.003    -0.003    -0.004
     0.001    -0.000     0.002
    -0.004    -0.000     0.003
     0.001    -0.003    -0.003
     0.001    -0.002    -0.002
     0.003    -0.000     0.000
     0.003    -0.001    -0.002
     0.001    -0.001     0.000
     0.006     0.001     0.003
     0.002     0.006    -0.005
     0.000     0.001    -0.001
     0.001    -0.001     0.000
    -0.001    -0.004    -0.003
     0.003    -0.007    -0.002
     0.003    -0.005    -0.007
     0.003    -0.005    -0.002
     0.003     0.002    -0.002
    -0.001    -0.002    -0.002
     0.002    -0.002     0.002
     0.001     0.006    -0.003
     0.000    -0.002    -0.003
     0.002    -0.003    -0.001
     0.001    -0.004    -0.006
     0.003    -0.004    -0.007
     0.003    -0.002    -0.001
     0.007    -0.004     0.000
     0.003    -0.002    -0.001
     0.000    -0.007    -0.003
     0.007    -0.005    -0.002
     0.001    -0.002     0.000
    -0.001    -0.007    -0.001
     0.002    -0.002     0.003
     0.002    -0.000    -0.001
     0.004    -0.003    -0.003
     0.003    -0.003     0.000
     0.006    -0.001     0.000
     0.002    -0.000    -0.001
    -0.002    -0.000    -0.006
     0.009    -0.002    -0.005
     0.007    -0.003    -0.002
    -0.001    -0.002     0.001
     0.005    -0.000    -0.002
     0.002     0.002    -0.004
    -0.004    -0.001     0.000
     0.005     0.002    -0.002
     0.005     0.003    -0.001
     0.000    -0.003     0.000
     0.005    -0.002     0.002
     0.004    -0.000    -0.005
     0.001    -0.000    -0.002
     0.007    -0.001     0.002
     0.004    -0.003    -0.004
    -0.006    -0.000    -0.002
    -0.002     0.002    -0.002
    -0.002    -0.001     0.000
     0.003    -0.004    -0.003
     0.006    -0.001    -0.002
    -0.001    -0.001    -0.003
     0.003    -0.001    -0.009
    -0.003    -0.001    -0.007
    -0.004    -0.005     0.001
     0.003    -0.002    -0.004
     0.000    -0.002    -0.005
     0.002    -0.002     0.001
     0.005    -0.000    -0.004
     0.007    -0.004     0.001
     0.007    -0.001     0.002
     0.005    -0.007    -0.004
     0.004    -0.006    -0.006
     0.000     0.001    -0.003
     0.003    -0.001     0.000
     0.004    -0.000    -0.002
     0.003    -0.004    -0.001
     0.002    -0.000    -0.004
    -0.001    -0.000     0.000
     0.001    -0.004    -0.001
     0.003    -0.000    -0.002
     0.001    -0.001     0.001
     0.001    -0.004    -0.007
    -0.001    -0.001     0.000
     0.000    -0.000    -0.001
     0.002    -0.000    -0.003
     0.000    -0.004     0.004
    -0.003    -0.010    -0.003
     0.001    -0.003     0.005
     0.006     0.004     0.003
     0.003    -0.004    -0.003
     0.000    -0.003     0.000
     0.006     0.001    -0.003
     0.005    -0.002    -0.003
     0.003    -0.003     0.000
     0.008    -0.001     0.002
     0.004    -0.000     0.001
     0.003    -0.001    -0.003
     0.003    -0.001    -0.002
    -0.001     0.001    -0.006
     0.002    -0.002    -0.010
     0.004    -0.006    -0.005
     0.000    -0.003    -0.003
     0.002    -0.003    -0.002
     0.006    -0.005    -0.004
    -0.003    -0.002    -0.004
     0.002    -0.003    -0.003
     0.006    -0.006    -0.007
    -0.003    -0.003    -0.002
    -0.002    -0.005     0.000
     0.001    -0.003     0.001
     0.003     0.003     0.004
    -0.001    -0.003     0.000
     0.001    -0.002     0.000
     0.006     0.002     0.001
    -0.001    -0.005     0.001
     0.002    -0.002     0.003
     0.003    -0.000     0.000
     0.008    -0.000    -0.002
     0.005    -0.007    -0.002
     0.010     0.003     0.009
     0.019     0.013     0.016
    -0.001    -0.005    -0.003
     0.000    -0.001    -0.003
     0.006     0.005     0.006
     0.002    -0.001    -0.003
     0.005    -0.001    -0.003
     0.002    -0.006    -0.001
     0.004    -0.001    -0.003
     0.007    -0.000     0.003
     0.004    -0.007     0.002
     0.001    -0.003    -0.001
     0.006     0.002     0.002
     0.006    -0.000     0.000
     0.005    -0.002    -0.005
     0.009    -0.005    -0.003
     0.006    -0.004    -0.001
     0.003    -0.002    -0.004
     0.007    -0.003    -0.005
     0.010    -0.000    -0.002
     0.003     0.003    -0.002
     0.006    -0.000    -0.003
     0.004     0.004     0.000
    -0.002    -0.002    -0.006
     0.003    -0.001    -0.006
     0.006     0.001    -0.001
     0.004    -0.005    -0.001
     0.002     0.001    -0.007
     0.005    -0.002    -0.005
     0.002    -0.003     0.001
    -0.003    -0.002    -0.007
     0.005    -0.003    -0.001
     0.007     0.002    -0.002
     0.001    -0.006    -0.008
     0.001    -0.006     0.003
     0.001     0.001    -0.001
     0.001    -0.001    -0.008
     0.005    -0.003    -0.002
     0.006     0.001     0.001
     0.004    -0.000    -0.005
     0.005    -0.001    -0.005
     0.006    -0.000    -0.004
     0.002    -0.000    -0.004
     0.006     0.002     0.000
     0.006    -0.003     0.000
    -0.002    -0.004    -0.001
    -0.002    -0.000    -0.003
     0.003    -0.001     0.000
     0.006    -0.003    -0.003
     0.004    -0.004    -0.001
     0.005     0.003     0.003
     0.005     0.001    -0.002
     0.002    -0.002     0.000
     0.005     0.001    -0.003
     0.008    -0.003    -0.005
     0.004    -0.005     0.000
     0.005    -0.001    -0.002
     0.002    -0.000    -0.001
     0.001    -0.002    -0.005
     0.004    -0.000    -0.001
     0.000    -0.002    -0.002
     0.002    -0.003    -0.005
     0.006     0.001     0.000
     0.000    -0.003    -0.002
     0.000    -0.000    -0.002
     0.001     0.001    -0.004
    -0.003    -0.007     0.001
    -0.001    -0.006    -0.006
     0.003    -0.002    -0.007
     0.003    -0.001     0.006
    -0.001    -0.000    -0.003
     0.002     0.005    -0.005
     0.004    -0.002     0.001
     0.001    -0.005    -0.002
     0.004     0.001    -0.005
     0.005    -0.006    -0.006
     0.007    -0.005    -0.004
     0.003    -0.001    -0.003
     0.004    -0.004     0.000
     0.006    -0.000     0.000
    -0.001    -0.000    -0.004
     0.006    -0.006    -0.004
     0.004    -0.002    -0.005
    -0.001     0.002    -0.001
     0.002     0.001     0.003
     0.002    -0.003    -0.001
     0.003    -0.003     0.000
     0.004    -0.000    -0.004
     0.005    -0.002    -0.003
     0.002    -0.002    -0.003
     0.008     0.003    -0.004
     0.005     0.003    -0.001
    -0.002    -0.001    -0.002
     0.003    -0.003     0.001
    -0.003    -0.003    -0.001
     0.002    -0.005    -0.002
     0.007    -0.003    -0.005
     0.002    -0.000    -0.002
     0.004    -0.001    -0.001
     0.001    -0.002    -0.009
     0.000    -0.003    -0.005
     0.001    -0.005    -0.001
    -0.001    -0.005     0.000
     0.002    -0.000    -0.007
     0.004    -0.002    -0.005
     0.002    -0.007     0.000
     0.003    -0.000     0.000
     0.001     0.002     0.002
     0.000    -0.003    -0.006
     0.007     0.002    -0.002
     0.005    -0.000    -0.005
     0.001    -0.009    -0.007
     0.006    -0.001     0.000
     0.003    -0.002    -0.003
    -0.001    -0.007    -0.002
     0.001    -0.003     0.002
    -0.001    -0.004     0.000
     0.002    -0.002    -0.003
     0.004    -0.001     0.000
    -0.002    -0.005     0.003
     0.001    -0.004     0.003
     0.004    -0.003    -0.002
     0.002    -0.004    -0.001
     0.002    -0.002     0.001
     0.002    -0.000    -0.002
     0.006    -0.003    -0.001
     0.004    -0.002    -0.006
     0.004    -0.000    -0.002
     0.007    -0.000     0.000
     0.005     0.005    -0.005
     0.001     0.005    -0.002
     0.005     0.004    -0.003
     0.005     0.004     0.000
     0.004    -0.001     0.000
     0.002     0.001    -0.004
     0.002     0.002    -0.006
     0.010    -0.001    -0.003
     0.004    -0.001     0.002
     0.002    -0.001     0.000
     0.004     0.001    -0.003
     0.004    -0.000    -0.007
     0.006    -0.002     0.000
     0.006    -0.001    -0.003
     0.006     0.001    -0.007
     0.003     0.001     0.002
     0.003    -0.003    -0.005
     0.002    -0.001    -0.005
     0.006    -0.002     0.001
     0.008     0.001    -0.004
     0.000     0.002    -0.003
     0.002    -0.001     0.003
     0.001    -0.000    -0.002
     0.000    -0.005    -0.007
     0.006    -0.002    -0.001
     0.007    -0.003    -0.006
     0.003    -0.001    -0.007
     0.005     0.002    -0.001
     0.005    -0.000    -0.004
     0.003    -0.000    -0.001
     0.004    -0.003     0.004
     0.000     0.001    -0.001
     0.003    -0.000    -0.001
     0.007    -0.001     0.001
     0.002     0.001     0.003
     0.002    -0.001     0.002
     0.008    -0.002    -0.001
     0.006    -0.000     0.000
     0.004    -0.000    -0.001
     0.006     0.003     0.001
     0.006     0.005     0.000
     0.004    -0.005    -0.003
     0.002    -0.001     0.000
     0.009    -0.002     0.003
     0.005    -0.008    -0.001
    -0.001    -0.001     0.000
     0.003    -0.003     0.002
     0.003    -0.002    -0.001
     0.006    -0.002     0.004
     0.003    -0.003     0.005
     0.005    -0.004     0.001
     0.005    -0.004     0.001
    -0.001    -0.000     0.005
    -0.001    -0.003     0.006
     0.003    -0.005    -0.002
     0.006    -0.004     0.001
     0.001    -0.006     0.004
     0.006    -0.001     0.000
     0.008    -0.003    -0.004
     0.004    -0.009    -0.002
    -0.001    -0.002     0.003
     0.000     0.001    -0.002
     0.006     0.001    -0.001
     0.001    -0.005     0.000
     0.006    -0.005     0.001
     0.003    -0.000     0.001
     0.000    -0.004    -0.002
     0.006     0.001     0.000
     0.004    -0.000     0.000
     0.003    -0.002    -0.003
     0.003    -0.000    -0.002
     0.005    -0.000     0.000
     0.004    -0.001     0.000
     0.009    -0.002     0.002
     0.002    -0.000    -0.002
    -0.003    -0.001    -0.002
     0.006    -0.001    -0.001
     0.005     0.002    -0.004
     0.004     0.005     0.001
     0.005     0.001    -0.002
     0.003    -0.004     0.001
    -0.002    -0.003     0.007
    -0.001    -0.002    -0.001
     0.003    -0.003    -0.001
     0.001    -0.003    -0.001
     0.002    -0.001    -0.002
     0.003     0.001    -0.004
     0.002    -0.000    -0.004
    -0.002     0.002    -0.003
    -0.004     0.001    -0.002
     0.002    -0.003    -0.001
     0.006     0.001    -0.002
     0.006    -0.000     0.005
     0.006    -0.001    -0.002
     0.005    -0.001    -0.005
     0.002     0.001     0.007
     0.003    -0.000    -0.001
     0.005    -0.005    -0.005
     0.002     0.007    -0.002
     0.003     0.002    -0.002
     0.006    -0.002    -0.003
     0.001     0.004    -0.006
     0.003    -0.003     0.000
     0.008    -0.002     0.000
     0.004    -0.004    -0.001
     0.004    -0.002    -0.001
     0.006     0.002     0.000
     0.001    -0.001    -0.001
     0.000    -0.002    -0.001
     0.004    -0.003     0.002
     0.002     0.001    -0.001
     0.000     0.001    -0.004
     0.006    -0.004     0.000
     0.004    -0.004     0.000
     0.001    -0.001     0.000
     0.005     0.001     0.002
     0.005    -0.002    -0.004
     0.006    -0.005    -0.002
     0.002     0.003    -0.001
     0.003     0.003    -0.001
     0.005    -0.002     0.006
     0.006    -0.001     0.002
     0.009    -0.002     0.000
     0.000    -0.001     0.001
     0.000    -0.001    -0.005
     0.005    -0.000    -0.006
     0.002    -0.001    -0.001
     0.003    -0.003     0.000
    -0.002     0.001    -0.001
     0.001    -0.000    -0.001
     0.006     0.002    -0.002
     0.002    -0.003    -0.003
    -0.001    -0.002     0.000
     0.003     0.004     0.002
     0.001    -0.001    -0.003
     0.000    -0.001    -0.002
     0.002    -0.003     0.005
     0.000    -0.003    -0.001
     0.003     0.001     0.000
     0.003     0.002     0.002
     0.000    -0.004    -0.002
    -0.001    -0.008    -0.003
    -0.001    -0.001    -0.004
     0.000    -0.004    -0.002
    -0.001    -0.009    -0.006
     0.000    -0.000    -0.003
     0.000    -0.001     0.007
    -0.001    -0.001    -0.001
    -0.001     0.003    -0.008
     0.001    -0.004    -0.001
     0.000    -0.001     0.000
    -0.002     0.002     0.001
    -0.002    -0.001    -0.002
    -0.005    -0.003    -0.005
    -0.002    -0.004     0.000
     0.004    -0.005    -0.001
     0.004    -0.004     0.000
     0.000    -0.000     0.000
     0.001    -0.003    -0.003
     0.006    -0.005    -0.002
     0.001    -0.002    -0.002
     0.002     0.001     0.002
     0.008     0.003    -0.002
     0.001    -0.002    -0.010
    -0.001     0.001    -0.002
     0.004    -0.001    -0.001
     0.004    -0.005    -0.009
     0.004     0.001    -0.001
     0.004     0.002     0.001
    -0.004    -0.000    -0.006
    -0.005     0.002    -0.001
     0.006     0.001    -0.003
     0.003    -0.005    -0.008
     0.001    -0.004     0.000
    -0.001     0.001    -0.003
     0.000    -0.003    -0.006
     0.006    -0.006    -0.002
     0.004    -0.003    -0.002
     0.004    -0.001     0.001
     0.001    -0.002    -0.004
     0.007    -0.001     0.001
     0.007    -0.002     0.001
     0.000    -0.007    -0.007
     0.009     0.001    -0.001
     0.004     0.002    -0.001
    -0.001    -0.008    -0.001
     0.005    -0.002    -0.002
     0.009    -0.000    -0.004
     0.008    -0.002    -0.005
    -0.001     0.003    -0.005
    -0.002     0.002     0.000
    -0.004    -0.000    -0.004
     0.002    -0.002    -0.001
     0.003    -0.002    -0.002
    -0.001    -0.003    -0.006
    -0.001    -0.002    -0.003
    -0.001    -0.002    -0.003
     0.006     0.002    -0.001
    -0.001    -0.003    -0.003
     0.003    -0.007    -0.006
     0.003     0.001    -0.005
    -0.003    -0.006    -0.002
     0.006     0.002    -0.001
    -0.002    -0.000    -0.004
    -0.002    -0.009    -0.004
     0.005     0.001    -0.004
     0.000    -0.000     0.000
    -0.002     0.002     0.000
    -0.001    -0.005    -0.007
     0.003    -0.008    -0.006
     0.002     0.001     0.000
    -0.001    -0.000     0.003
     0.004     0.002    -0.003
     0.004    -0.004    -0.003
    -0.005    -0.005    -0.002
     0.002    -0.000    -0.001
     0.006     0.001     0.003
    -0.001    -0.002    -0.001
     0.002    -0.003     0.000
     0.000    -0.004    -0.002
     0.000    -0.006    -0.003
     0.008    -0.003     0.002
     0.003    -0.007    -0.002
     0.006    -0.005    -0.001
     0.006    -0.002     0.002
    -0.003    -0.001    -0.001
     0.005    -0.002    -0.005
     0.003    -0.004    -0.002
     0.001    -0.002     0.000
     0.010    -0.007     0.000
     0.004     0.001     0.003
     0.000     0.001     0.000
     0.003    -0.003     0.000
     0.000     0.001     0.003
    -0.001    -0.004    -0.002
    -0.003    -0.000    -0.002
    -0.001    -0.000    -0.002
     0.007    -0.006    -0.004
     0.000    -0.007    -0.004
     0.001    -0.002     0.000
     0.009     0.002     0.004
     0.000    -0.004     0.000
    -0.001    -0.001    -0.001
     0.003    -0.000    -0.005
     0.004    -0.003    -0.001
     0.003    -0.003     0.003
    -0.003    -0.004    -0.001
    -0.003    -0.003    -0.003
     0.001    -0.004    -0.002
    -0.004    -0.004     0.001
    -0.001    -0.002    -0.002
     0.006    -0.004    -0.003
    -0.001    -0.003    -0.002
    -0.001     0.002    -0.001
     0.000    -0.000     0.003
    -0.008    -0.002     0.000
    -0.003    -0.002     0.001
    -0.001    -0.001    -0.002
     0.002    -0.001    -0.004
     0.006    -0.001     0.003
     0.004    -0.004    -0.005
     0.006    -0.004    -0.002
     0.006    -0.001     0.001
     0.004    -0.004    -0.002
     0.001    -0.006     0.002
     0.001    -0.003    -0.001
     0.003     0.001    -0.002
    -0.001    -0.004    -0.002
     0.000    -0.004    -0.001
    -0.002    -0.003    -0.004
    -0.002    -0.002    -0.003
     0.006     0.004     0.001
     0.003    -0.000    -0.003
     0.001    -0.002     0.000
     0.002    -0.000     0.003
    -0.001    -0.004    -0.001
    -0.001    -0.009    -0.001
     0.000    -0.004     0.000
    -0.001    -0.003    -0.001
     0.000    -0.005    -0.006
     0.006     0.001    -0.002
     0.003    -0.004     0.003
     0.002    -0.002    -0.006
     0.003    -0.001    -0.002
     0.002    -0.004     0.001
     0.005     0.002    -0.006
     0.002    -0.008     0.001
     0.006    -0.008     0.000
     0.005    -0.004    -0.003
     0.000    -0.003     0.004
     0.005    -0.000    -0.004
     0.005    -0.004    -0.006
     0.004    -0.006    -0.002
     0.004    -0.000    -0.004
     0.004     0.001    -0.002
     0.006    -0.002    -0.001
     0.005    -0.000    -0.001
    -0.001    -0.000    -0.004
     0.001    -0.003    -0.005
    -0.001    -0.005     0.002
    -0.003    -0.003     0.003
    -0.001    -0.004    -0.001
    -0.001    -0.003    -0.003
    -0.001    -0.002     0.001
     0.001    -0.003    -0.001
     0.001    -0.002    -0.004
    -0.002    -0.006     0.001
     0.004    -0.000    -0.001
     0.002    -0.001    -0.004
    -0.001    -0.008     0.001
     0.002    -0.001     0.002
     0.000    -0.005    -0.002
     0.002    -0.003    -0.001
    -0.001    -0.004     0.000
     0.001    -0.003    -0.001
     0.005     0.005    -0.002
     0.001    -0.004    -0.004
     0.004    -0.005    -0.002
     0.000    -0.002    -0.006
     0.001    -0.003    -0.002
     0.003    -0.002     0.000
     0.001    -0.004    -0.001
     0.002    -0.008     0.002
     0.000    -0.000    -0.001
     0.002    -0.001     0.005
     0.000    -0.003     0.001
    -0.002     0.005    -0.007
     0.003    -0.002     0.000
     0.004     0.001    -0.004
     0.003     0.003    -0.003
     0.006    -0.003     0.000
    -0.001    -0.001    -0.003
    -0.004    -0.000     0.000
     0.004     0.003     0.001
     0.001    -0.000    -0.002
    -0.004    -0.004    -0.003
    -0.003    -0.002    -0.007
     0.004     0.002    -0.006
     0.001    -0.005    -0.004
    -0.001    -0.003     0.000
     0.006     0.005     0.000
     0.000    -0.008    -0.006
     0.003     0.001     0.004
     0.003    -0.000     0.001
     0.000    -0.005    -0.002
     0.002    -0.000    -0.001
    -0.004    -0.010    -0.010
    -0.003    -0.002    -0.004
     0.005    -0.002     0.000
     0.004    -0.006    -0.002
    -0.001    -0.003    -0.001
     0.003    -0.006    -0.003
     0.000    -0.002    -0.002
     0.006    -0.000    -0.003
     0.008    -0.001    -0.002
     0.000    -0.001    -0.005
     0.004    -0.001    -0.006
     0.002     0.001     0.000
     0.002    -0.000     0.000
     0.005    -0.000    -0.003
     0.004    -0.006    -0.002
     0.001    -0.000    -0.003
     0.005     0.002    -0.005
     0.005    -0.009    -0.001
     0.002    -0.000     0.000
     0.006    -0.000     0.000
     0.003    -0.001     0.002
     0.003    -0.001     0.001
     0.003    -0.000    -0.001
     0.002     0.001    -0.004
     0.006    -0.004    -0.002
     0.003     0.001    -0.001
     0.004    -0.002     0.003
     0.005    -0.003     0.003
     0.002    -0.005     0.000
     0.004    -0.003     0.004
     0.003    -0.000     0.000
     0.003    -0.005    -0.004
     0.003    -0.003    -0.005
     0.005    -0.005    -0.002
     0.006     0.001     0.002
     0.001    -0.000    -0.003
     0.005    -0.006     0.000
     0.006    -0.002     0.002
     0.002    -0.005     0.005
     0.000    -0.001     0.004
     0.001    -0.001    -0.001
     0.006    -0.000     0.000
     0.003     0.001    -0.004
     0.002    -0.006    -0.001
     0.002    -0.003     0.002
    -0.001    -0.003    -0.005
     0.003    -0.006    -0.002
     0.006    -0.005     0.000
     0.000    -0.002    -0.001
     0.000     0.001     0.000
     0.008    -0.005    -0.002
     0.005    -0.000    -0.004
     0.001     0.001    -0.002
     0.002    -0.003     0.005
     0.005     0.003     0.004
     0.005    -0.001    -0.004
     0.004     0.002     0.002
     0.005     0.001    -0.001
    -0.001    -0.005    -0.002
    -0.001    -0.003     0.003
     0.004    -0.004    -0.006
     0.004    -0.000     0.000
    -0.001     0.006     0.002
     0.002    -0.000    -0.004
     0.007    -0.008     0.000
     0.005    -0.001    -0.002
     0.001     0.003    -0.001
     0.003    -0.003     0.003
     0.008    -0.001     0.000
     0.001    -0.000     0.000
    -0.001    -0.003     0.000
     0.007    -0.003    -0.002
     0.000    -0.007    -0.002
    -0.001    -0.006    -0.002
     0.002    -0.000     0.006
     0.002    -0.002     0.005
     0.004    -0.002     0.000
    -0.002    -0.005     0.001
     0.001    -0.000    -0.001
     0.002     0.002    -0.003
    -0.002    -0.002    -0.004
     0.004    -0.000     0.002
    -0.001    -0.007     0.003
    -0.001    -0.002    -0.005
     0.004     0.007    -0.005
     0.003     0.001    -0.001
     0.003    -0.002     0.000
     0.000    -0.002    -0.004
     0.002    -0.002    -0.002
     0.001    -0.005    -0.002
     0.004    -0.002    -0.003
     0.002     0.001     0.000
    -0.001    -0.003    -0.003
     0.005    -0.005     0.002
    -0.004    -0.004     0.002
    -0.005    -0.003     0.000
     0.000    -0.002    -0.003
     0.000    -0.003    -0.005
     0.001    -0.008     0.003
    -0.001    -0.000    -0.002
    -0.003     0.002    -0.003
     0.000    -0.003    -0.004
     0.001    -0.002    -0.004
    -0.003    -0.008    -0.004
    -0.004    -0.006    -0.007
    -0.001    -0.003     0.000
    -0.004    -0.006    -0.003
    -0.002    -0.003    -0.007
     0.005    -0.004    -0.001
     0.000    -0.004    -0.003
     0.002    -0.005    -0.002
     0.007    -0.005    -0.002
     0.002    -0.000    -0.004
     0.006    -0.001    -0.002
     0.003    -0.007    -0.004
     0.002    -0.000     0.003
     0.005     0.006     0.006
    -0.005     0.001    -0.001
     0.003    -0.004     0.002
     0.006    -0.001    -0.003
     0.000    -0.001    -0.004
     0.004    -0.006     0.002
     0.005     0.001    -0.001
     0.002     0.001    -0.004
     0.001    -0.005    -0.007
     0.002    -0.002    -0.008
    -0.004    -0.005    -0.002
    -0.001    -0.008     0.001
     0.004    -0.004     0.000
    -0.002    -0.003    -0.001
     0.000    -0.002    -0.006
     0.004    -0.000    -0.003
     0.003    -0.006    -0.006
     0.002    -0.001    -0.008
     0.005     0.002    -0.003
     0.001    -0.005    -0.003
    -0.003    -0.000     0.000
    -0.002    -0.000     0.000
    -0.001    -0.003    -0.002
    -0.003     0.001    -0.003
    -0.001    -0.000    -0.004
     0.000    -0.006    -0.001
     0.003    -0.006    -0.002
     0.002    -0.001    -0.001
    -0.003    -0.006    -0.001
    -0.003    -0.006    -0.002
     0.002    -0.009    -0.001
     0.004    -0.004    -0.004
    -0.001     0.001    -0.001
     0.002    -0.008    -0.001
     0.002    -0.001    -0.009
     0.000    -0.003    -0.005
     0.005    -0.008     0.002
     0.004    -0.000     0.002
     0.000    -0.003     0.003
     0.001    -0.004     0.003
     0.008    -0.000    -0.002
     0.002    -0.003    -0.005
     0.000    -0.007    -0.002
     0.005     0.001     0.000
    -0.001    -0.001    -0.002
    -0.001    -0.006    -0.003
    -0.001     0.002    -0.001
     0.002    -0.000     0.000
     0.005    -0.007    -0.005
     0.003    -0.003    -0.007
     0.000    -0.001    -0.004
    -0.003    -0.003    -0.004
     0.001    -0.002    -0.002
     0.004    -0.002    -0.006
     0.000    -0.005    -0.008
     0.003    -0.006    -0.006
     0.007     0.001    -0.007
     0.001     0.001    -0.006
     0.004     0.001     0.000
     0.010     0.004     0.002
     0.005    -0.001    -0.002
     0.003    -0.000    -0.002
     0.006    -0.005    -0.006
     0.003    -0.005    -0.003
     0.000    -0.001     0.000
     0.004    -0.002    -0.006
    -0.002    -0.001    -0.001
    -0.001    -0.003    -0.004
     0.003    -0.002    -0.004
     0.001    -0.003    -0.004
     0.004    -0.001    -0.002
     0.001    -0.004     0.004
     0.000    -0.007    -0.004
    -0.001    -0.002    -0.005
     0.003    -0.002    -0.003
     0.004    -0.002    -0.003
    -0.003    -0.006    -0.004
     0.000    -0.001    -0.004
     0.000     0.003     0.001
     0.003    -0.005     0.000
     0.006    -0.003     0.001
     0.003    -0.003    -0.004
     0.000    -0.008    -0.006
     0.000    -0.004    -0.005
     0.002    -0.002    -0.008
     0.003    -0.002    -0.005
     0.004    -0.000    -0.002
     0.004    -0.001     0.000
     0.000    -0.006     0.000
    -0.002    -0.001    -0.004
     0.001    -0.001    -0.002
     0.003    -0.006    -0.002
    -0.003    -0.000    -0.003
    -0.003    -0.001    -0.003
     0.001    -0.000    -0.004
     0.002     0.003    -0.002
     0.000    -0.003    -0.003
     0.002    -0.005    -0.001
     0.004    -0.001     0.001
     0.002     0.002     0.000
     0.005    -0.000    -0.002
     0.003    -0.003    -0.008
     0.000    -0.005    -0.005
     0.000    -0.004    -0.001
    -0.001    -0.000     0.000
    -0.001    -0.001     0.001
    -0.002    -0.003    -0.004
     0.000    -0.003    -0.002
     0.001    -0.002    -0.007
     0.003    -0.002    -0.009
     0.005    -0.004    -0.002
    -0.001    -0.003     0.000
     0.003    -0.003    -0.004
    -0.001    -0.003    -0.009
    -0.004    -0.000     0.000
     0.006    -0.000     0.004
     0.000    -0.002    -0.004
    -0.002    -0.002    -0.002
     0.004    -0.006     0.001
     0.003    -0.002    -0.001
    -0.003     0.002     0.000
    -0.003    -0.002    -0.002
     0.002    -0.004    -0.003
    -0.002    -0.003     0.000
    -0.001    -0.001    -0.002
    -0.001    -0.001    -0.002
    -0.002    -0.000     0.001
    -0.001    -0.003     0.000
    -0.002    -0.007    -0.004
     0.003    -0.002    -0.004
     0.004    -0.002     0.001
     0.004    -0.004    -0.007
     0.006    -0.003    -0.006
     0.001    -0.002     0.002
     0.005    -0.000    -0.003
     0.003    -0.001    -0.006
    -0.001    -0.004    -0.005
     0.005    -0.004    -0.004
    -0.002    -0.004    -0.006
    -0.001    -0.002    -0.007
     0.005    -0.003    -0.002
    -0.001    -0.003     0.000
     0.001    -0.000     0.000
    -0.001    -0.000    -0.003
     0.001    -0.001    -0.005
    -0.001    -0.000    -0.001
    -0.005    -0.001    -0.001
     0.004    -0.001     0.000
    -0.002    -0.001     0.002
     0.000    -0.000    -0.003
     0.001    -0.004    -0.002
     0.001    -0.007    -0.005
     0.006    -0.002    -0.010
    -0.001     0.005    -0.004
     0.004    -0.000    -0.002
     0.002    -0.000    -0.004
     0.001     0.008     0.002
     0.004    -0.001     0.002
     0.000    -0.005    -0.004
     0.003     0.003    -0.004
     0.000     0.005     0.000
     0.005    -0.001    -0.004
     0.007    -0.001    -0.001
     0.002     0.001     0.004
     0.003     0.002    -0.004
     0.005    -0.000    -0.007
     0.002    -0.004    -0.004
    -0.005     0.003    -0.006
     0.003     0.003     0.000
     0.004    -0.003    -0.001
    -0.003    -0.001    -0.004
     0.003    -0.002     0.000
     0.002    -0.001    -0.003
    -0.001     0.001    -0.003
    -0.001     0.001    -0.007
     0.003     0.005    -0.005
    -0.002     0.002    -0.005
    -0.004    -0.000    -0.007
     0.004     0.003     0.003
     0.001    -0.006    -0.004
     0.002    -0.006    -0.003
     0.005    -0.002     0.002
    -0.001    -0.000    -0.005
     0.005    -0.000    -0.001
     0.009    -0.003    -0.003
     0.002     0.003    -0.007
     0.004    -0.000    -0.006
     0.005    -0.000    -0.007
     0.001    -0.000    -0.004
    -0.002    -0.005    -0.004
     0.001    -0.001     0.000
     0.000    -0.002    -0.002
     0.001    -0.000    -0.004
     0.007    -0.003     0.000
     0.000    -0.001    -0.001
     0.000     0.004    -0.002
     0.006    -0.005     0.000
     0.000    -0.001     0.000
     0.001    -0.001    -0.001
     0.005    -0.005     0.000
     0.002    -0.001     0.000
     0.001     0.001    -0.007
    -0.001    -0.001    -0.004
     0.003    -0.002     0.000
     0.006     0.001    -0.004
     0.005    -0.001    -0.002
     0.004    -0.002     0.001
    -0.001     0.001    -0.007
     0.000     0.001    -0.001
     0.004     0.001     0.008
    -0.001    -0.002    -0.002
    -0.001    -0.003     0.001
     0.005    -0.000     0.003
     0.006    -0.003    -0.002
     0.001    -0.002    -0.003
     0.002    -0.000    -0.002
     0.004    -0.001     0.000
     0.002    -0.000    -0.001
     0.000    -0.001     0.004
     0.001    -0.001     0.004
     0.006     0.001     0.000
     0.002    -0.002    -0.006
     0.001    -0.000    -0.007
     0.007    -0.002    -0.002
     0.005    -0.003    -0.001
     0.005     0.002     0.000
     0.002    -0.001    -0.004
     0.002    -0.002     0.000
     0.004    -0.004     0.002
    -0.001    -0.006     0.000
     0.005    -0.001     0.003
     0.010    -0.003     0.000
     0.001     0.001    -0.003
     0.003    -0.001    -0.003
     0.006    -0.005    -0.002
     0.001    -0.001    -0.001
     0.004    -0.001    -0.001
     0.003    -0.000     0.004
     0.003    -0.005     0.001
     0.003    -0.003    -0.006
     0.003    -0.000     0.003
     0.006    -0.004     0.004
     0.006    -0.003    -0.003
     0.009    -0.003    -0.001
     0.002    -0.003    -0.002
     0.006    -0.001    -0.001
     0.008    -0.000     0.000
     0.000    -0.000    -0.003
     0.003    -0.000    -0.002
    -0.001    -0.001    -0.003
     0.003    -0.000     0.001
    -0.001     0.001    -0.001
     0.000    -0.001    -0.002
     0.008    -0.003     0.002
    -0.001    -0.004    -0.004
     0.004    -0.006     0.001
     0.005    -0.001     0.000
     0.008    -0.000    -0.004
     0.012    -0.004     0.000
     0.007    -0.001     0.002
     0.006    -0.001     0.003
     0.005    -0.003    -0.003
     0.008    -0.000     0.003
     0.001    -0.002     0.000
     0.005    -0.002    -0.007
     0.009    -0.003     0.002
    -0.002    -0.004    -0.002
     0.003     0.002    -0.002
     0.011    -0.000     0.002
     0.005    -0.000    -0.004
    -0.002     0.002    -0.004
     0.001    -0.004    -0.003
     0.006    -0.003    -0.002
     0.004    -0.006     0.000
     0.006    -0.004     0.001
     0.004     0.003     0.000
     0.000    -0.006    -0.003
     0.001    -0.004     0.001
     0.002     0.003     0.005
     0.001    -0.001    -0.006
     0.003    -0.004    -0.008
     0.003    -0.004    -0.002
     0.004    -0.001    -0.002
     0.006    -0.000     0.001
     0.009    -0.002     0.004
     0.006    -0.000    -0.003
     0.002     0.003    -0.006
     0.003    -0.000    -0.003
     0.004    -0.004    -0.001
     0.002    -0.004    -0.003
     0.001    -0.002    -0.002
     0.006    -0.007     0.001
     0.002    -0.006    -0.003
     0.003    -0.002    -0.004
     0.007    -0.004    -0.003
     0.002     0.003    -0.003
     0.005    -0.001     0.000
     0.005    -0.006     0.001
     0.004    -0.003     0.001
     0.006    -0.002     0.000
     0.005     0.001    -0.001
     0.002    -0.004    -0.005
     0.000    -0.003     0.003
     0.004    -0.003     0.005
     0.005    -0.004    -0.004
    -0.001    -0.000     0.000
     0.003    -0.005     0.000
     0.001    -0.003     0.000
    -0.001    -0.003    -0.001
     0.005    -0.007     0.000
     0.006    -0.000     0.003
     0.004    -0.002    -0.002
    -0.001    -0.007     0.001
     0.002    -0.006    -0.002
     0.006    -0.006    -0.005
    -0.002    -0.004     0.000
    -0.001    -0.007     0.000
     0.004    -0.006    -0.002
     0.005    -0.000     0.000
     0.002    -0.001     0.002
     0.001    -0.003    -0.005
     0.006    -0.003     0.001
     0.000    -0.001     0.002
     0.004    -0.001    -0.004
     0.005    -0.003     0.004
    -0.003    -0.007     0.000
     0.003    -0.006    -0.002
     0.001    -0.003    -0.003
     0.000    -0.006    -0.007
     0.004    -0.010    -0.001
     0.003    -0.005     0.000
     0.003     0.003     0.002
     0.000    -0.002    -0.001
     0.003    -0.004    -0.001
     0.003    -0.003     0.004
    -0.001    -0.002    -0.001
    -0.001    -0.001    -0.003
    -0.001    -0.005    -0.002
     0.002    -0.008     0.000
     0.000    -0.008     0.004
     0.001     0.001     0.000
    -0.001    -0.000    -0.002
    -0.002    -0.011     0.004
     0.003    -0.002    -0.001
     0.003     0.002    -0.002
     0.002    -0.002     0.003
     0.001     0.001    -0.001
     0.003    -0.000    -0.002
     0.001    -0.003    -0.004
    -0.001    -0.003     0.000
     0.001    -0.002     0.000
     0.001    -0.004    -0.001
     0.003    -0.009     0.000
    -0.002    -0.002    -0.001
    -0.004    -0.004     0.000
     0.001    -0.001     0.004
     0.003     0.005     0.003
     0.003    -0.007    -0.002
     0.001    -0.003     0.000
     0.005     0.002     0.000
     0.004    -0.005    -0.005
    -0.002    -0.005    -0.007
     0.002    -0.005    -0.003
     0.003    -0.006    -0.005
     0.003     0.002    -0.004
     0.004     0.001     0.000
     0.003    -0.007    -0.004
     0.003    -0.001    -0.002
     0.002    -0.005     0.000
     0.006    -0.006     0.003
     0.009    -0.002     0.000
     0.001    -0.001    -0.007
     0.000    -0.002     0.000
     0.001    -0.004     0.003
     0.006    -0.001    -0.001
     0.008     0.001     0.001
     0.000     0.001    -0.002
     0.004    -0.004    -0.003
     0.006    -0.004     0.003
     0.002    -0.003    -0.005
     0.002    -0.003    -0.002
     0.005    -0.000     0.005
     0.000    -0.007    -0.003
     0.000    -0.007    -0.004
     0.005    -0.003     0.000
    -0.001    -0.004     0.000
     0.005     0.003    -0.002
     0.005     0.003    -0.004
     0.000    -0.001     0.000
     0.003    -0.000    -0.002
     0.001    -0.005    -0.005
     0.001     0.002    -0.001
    -0.001     0.004    -0.003
     0.003    -0.006    -0.001
     0.005    -0.003    -0.004
     0.000     0.001    -0.007
     0.003    -0.003    -0.005
     0.006    -0.002    -0.003
     0.004    -0.002     0.000
     0.006    -0.004    -0.005
     0.004    -0.002     0.001
     0.003    -0.008    -0.003
     0.009    -0.008    -0.002
     0.005     0.002     0.002
     0.004    -0.007    -0.008
     0.005    -0.013    -0.002
     0.002    -0.001    -0.002
     0.001    -0.000    -0.005
     0.003    -0.000     0.003
     0.006    -0.002     0.000
     0.002    -0.004    -0.003
     0.005    -0.003     0.000
     0.002    -0.003    -0.001
    -0.003    -0.000    -0.006
     0.001    -0.005    -0.001
    -0.001    -0.002    -0.001
    -0.002    -0.002    -0.004
     0.002    -0.003     0.000
     0.004    -0.000    -0.002
     0.004    -0.005    -0.002
     0.006    -0.007     0.000
     0.007    -0.007    -0.002
     0.004    -0.001     0.002
     0.000    -0.002    -0.001
     0.001    -0.007    -0.002
     0.006    -0.002     0.000
     0.006    -0.000    -0.004
     0.001    -0.003    -0.001
     0.000    -0.005    -0.001
     0.000    -0.001     0.004
     0.005     0.001     0.002
     0.006    -0.005    -0.004
     0.001    -0.008     0.003
     0.003    -0.004     0.001
     0.003    -0.000    -0.002
     0.003    -0.003    -0.001
     0.006    -0.008     0.004
     0.005    -0.006     0.006
     0.002    -0.002     0.001
     0.002    -0.003    -0.003
     0.004     0.001     0.000
     0.005    -0.000     0.002
     0.003    -0.004    -0.001
     0.003    -0.002     0.001
     0.003    -0.007    -0.001
     0.002    -0.007     0.000
     0.002    -0.004    -0.002
     0.002    -0.004    -0.003
     0.004    -0.000    -0.003
    -0.001    -0.005    -0.006
    -0.001    -0.004    -0.001
     0.005     0.001    -0.005
     0.001    -0.004    -0.001
     0.005    -0.001     0.000
     0.001    -0.004    -0.005
    -0.001    -0.002    -0.001
     0.008    -0.003    -0.004
     0.001    -0.008     0.000
     0.004    -0.000     0.001
     0.010    -0.001    -0.005
     0.003     0.003    -0.001
     0.004    -0.005     0.000
     0.004    -0.008     0.001
     0.005    -0.001    -0.001
     0.006    -0.006    -0.004
     0.002    -0.002     0.001
     0.001    -0.006    -0.004
     0.004    -0.006    -0.005
     0.006    -0.000     0.001
     0.002    -0.003    -0.002
     0.004    -0.001     0.000
     0.007    -0.001    -0.001
     0.003    -0.000    -0.002
     0.002    -0.001     0.001
     0.002    -0.007    -0.003
     0.004    -0.005     0.000
     0.001    -0.007     0.000
     0.003    -0.004    -0.001
     0.009    -0.003     0.003
     0.001    -0.007    -0.005
     0.006     0.001    -0.002
     0.006     0.001     0.001
     0.002    -0.005    -0.003
     0.005    -0.008     0.002
    -0.001    -0.006     0.005
     0.004    -0.002     0.000
     0.006    -0.007     0.005
     0.002    -0.004     0.005
     0.004     0.001     0.000
     0.008    -0.006     0.001
     0.004    -0.005     0.000
     0.002    -0.002     0.000
     0.007    -0.007     0.000
     0.001    -0.004     0.001
     0.000    -0.000     0.000
     0.004    -0.004     0.000
     0.005    -0.006     0.000
     0.008     0.002     0.002
     0.005    -0.002     0.002
     0.005    -0.007    -0.001
     0.003    -0.001     0.001
     0.000    -0.004     0.003
     0.006    -0.003     0.003
     0.001    -0.002     0.000
    -0.001    -0.002     0.000
     0.004    -0.003    -0.002
     0.004    -0.004     0.003
     0.002    -0.004     0.004
     0.006    -0.005    -0.004
     0.007    -0.002    -0.002
    -0.004    -0.001     0.000
     0.006    -0.003     0.001
     0.010    -0.002     0.000
     0.006    -0.002    -0.001
     0.007    -0.007     0.000
    -0.001    -0.003     0.001
     0.006    -0.002     0.000
     0.005    -0.007    -0.001
     0.004    -0.003     0.003
     0.002    -0.003    -0.006
    -0.002    -0.003    -0.009
     0.007    -0.000     0.003
     0.005    -0.002     0.004
     0.003    -0.002    -0.002
     0.003     0.001    -0.004
     0.002    -0.003     0.000
     0.002    -0.002    -0.002
     0.003    -0.001     0.002
     0.006    -0.004     0.007
     0.003    -0.000     0.002
     0.004    -0.001     0.000
     0.005    -0.000    -0.001
     0.006    -0.002    -0.002
     0.005    -0.001     0.000
     0.003     0.001     0.004
     0.004    -0.001     0.000
     0.003    -0.002    -0.001
     0.004    -0.004     0.004
     0.005    -0.004     0.001
     0.002    -0.005    -0.004
     0.006    -0.004     0.000
     0.005    -0.008     0.006
     0.000    -0.008     0.000
     0.005    -0.004    -0.003
     0.003    -0.004     0.000
     0.001    -0.004     0.005
     0.002    -0.003     0.002
     0.003    -0.005     0.000
     0.006    -0.006     0.003
     0.004    -0.000    -0.003
     0.005    -0.006     0.001
     0.003    -0.006     0.002
     0.003    -0.004     0.000
     0.005    -0.009     0.003
     0.002    -0.004    -0.005
     0.002    -0.003    -0.001
     0.001    -0.000    -0.002
     0.006    -0.004    -0.005
     0.005    -0.008     0.007
     0.007    -0.000     0.002
     0.012    -0.000    -0.001
    -0.001    -0.002    -0.002
    -0.001    -0.000     0.001
    -0.001    -0.002     0.006
    -0.005    -0.002    -0.006
    -0.001    -0.003     0.001
     0.001    -0.011     0.001
    -0.001    -0.008    -0.004
    -0.001    -0.005     0.005
     0.007    -0.008    -0.001
     0.006     0.002    -0.003
     0.004    -0.002     0.000
     0.004    -0.006     0.001
     0.004    -0.005    -0.002
     0.002    -0.005    -0.002
    -0.001    -0.001     0.003
    -0.001    -0.006    -0.002
     0.004    -0.003     0.000
     0.006    -0.001    -0.001
     0.000    -0.003    -0.006
     0.004    -0.005    -0.003
     0.004    -0.003    -0.001
     0.005    -0.003    -0.005
     0.002    -0.008    -0.001
    -0.002    -0.000     0.004
     0.000    -0.007    -0.003
     0.000    -0.011    -0.003
     0.002     0.001     0.004
     0.000    -0.004    -0.001
     0.004    -0.008    -0.005
     0.006    -0.002     0.000
     0.003    -0.008    -0.001
     0.007    -0.007    -0.002
     0.005    -0.002     0.000
     0.002    -0.007     0.001
     0.004    -0.004     0.002
     0.002    -0.005     0.000
     0.000    -0.003    -0.001
     0.002    -0.007     0.001
     0.000    -0.003    -0.004
     0.005     0.004    -0.003
     0.000    -0.005     0.000
    -0.001    -0.000     0.002
     0.002     0.009     0.005
    -0.012     0.055    -0.004
    -0.038     0.214     0.011
    -0.082     0.515     0.096
    -0.073     0.644     0.220
     0.000     0.255     0.217
    -0.001    -0.227     0.078
    -0.058    -0.109     0.063
     0.043     0.515     0.278
     0.304     0.535     0.318
     0.292    -0.288    -0.247
    -0.152    -0.263    -0.624
    -0.239     0.743    -0.024
     0.283     1.084     0.550
     0.134     0.993     0.388
    -0.793     1.114     0.299
    -0.712     0.646     0.604
     0.460    -0.750     0.566
     0.937    -2.374    -0.155
     0.563    -2.876    -0.757
     0.493    -1.336    -0.712
     0.534     1.120    -0.809
    -0.014     2.778    -1.147
    -0.514     2.215    -0.606
    -0.489    -1.347     0.365
    -0.795    -4.595     0.697
    -1.136    -3.886     1.202
    -0.106    -1.488     1.378
     0.916     0.980    -0.734
    -0.124     4.794    -3.028
    -0.717     7.288    -2.021
     1.095     4.885     1.291
     1.411    -1.819     3.561
    -1.078    -8.336     3.523
    -1.761    -9.140     2.241
     0.629    -3.508    -0.037
     2.888     2.789    -3.817
     3.309     3.564    -7.634
     1.889     0.126    -7.877
    -1.035    -2.017    -2.468
    -3.601    -1.480     5.320
    -3.929    -0.296     9.723
    -3.634    -0.523     7.274
    -3.789    -0.627    -0.218
    -0.398     1.891    -5.848
     6.657     4.129    -5.972
     8.441     3.586    -2.828
     1.004     2.859     1.948
    -6.534     2.924     6.327
    -5.907     1.283     6.484
    -0.542    -1.787     2.139
     3.088    -2.952    -2.201
     4.124    -1.431    -3.435
     3.323    -0.317    -3.519
     0.166    -1.747    -4.298
    -3.524    -2.448    -3.822
    -4.440    -0.231     0.066
    -1.958     1.341     4.444
     1.431     0.598     4.435
     2.947    -0.556     1.320
     3.118    -0.498    -0.933
     2.412     0.676    -1.886
    -0.179     0.933    -2.415
    -2.608    -0.453    -1.829
    -3.421    -1.326     0.490
    -2.664    -0.316     2.285
     0.347     1.219     1.935
     3.489     2.123     1.256
     3.094     1.716     1.599
    -0.686     0.188     1.465
    -2.736    -0.870    -1.017
    -0.762    -1.202    -4.464
     0.821    -0.796    -5.244
    -0.143     0.041    -2.529
    -0.775     0.575     1.038
     0.408     1.426     3.973
     2.430     2.392     5.259
     3.816     1.652     3.606
     2.544    -1.415     0.524
    -0.803    -3.894    -1.499
    -2.270    -3.761    -1.376
    -0.879    -2.477    -0.570
    -0.471    -0.122     0.010
    -2.285     2.809     0.649
    -2.237     3.763    -0.107
     0.151     2.335    -1.328
     0.720     0.020    -1.477
    -0.613    -1.255    -1.350
    -1.392    -0.582    -1.071
    -1.654     0.669    -0.568
    -1.955     1.117    -0.277
    -1.616     1.008    -0.625
     0.194     0.356    -0.746
     2.485    -1.464     0.424
     2.755    -2.677     2.402
     1.061    -1.847     4.167
     0.408    -0.367     4.065
     1.612     0.309     1.825
     2.393    -0.632    -0.906
     1.885    -1.133    -2.627
     1.074     0.077    -2.292
     0.445     0.622    -1.342
    -0.275     0.554    -1.662
    -1.039     0.767    -2.475
    -0.684     1.138    -2.280
     0.330     1.862    -0.866
    -0.211     1.646    -0.196
    -2.520     0.426    -0.285
    -4.713    -0.208     1.012
    -5.026    -0.668     2.616
    -3.202    -1.754     2.952
    -0.212    -1.989     3.216
     2.423    -0.674     3.677
     3.480     0.289     2.145
     3.395     0.493    -0.980
     3.230     0.718    -2.622
     2.689     0.297    -2.650
     1.103    -0.667    -2.274
    -0.521    -0.870    -1.448
    -0.679     0.028    -0.819
    -0.002     0.782    -0.842
    -0.090     0.148    -0.961
    -0.504    -0.997    -1.030
    -0.203    -0.763    -0.364
    -0.027     0.412     1.589
    -1.002     0.915     3.131
    -2.488     0.551     2.516
    -2.957    -0.071     0.847
    -1.507     0.370     0.208
     0.933     1.266     0.112
     2.040     0.778    -0.962
     1.153     0.300    -2.218
     0.159     0.771    -2.222
     0.313     0.563    -1.176
     0.702    -1.107    -0.288
     0.384    -2.485     0.080
    -0.180    -1.487     1.332
    -0.484     0.665     2.661
    -0.413     1.702     1.546
    -0.305     1.131    -0.870
    -0.192    -0.365    -2.180
     0.669    -1.954    -1.843
     1.597    -2.291    -0.128
     1.423    -0.501     2.059
     0.142     1.520     2.732
    -1.051     2.311     0.964
    -0.943     2.021    -1.527
    -0.150     1.108    -2.605
     0.497    -0.261    -1.713
     0.194    -2.164    -0.101
    -1.367    -2.444     1.161
    -2.077    -0.609     1.542
    -0.893     0.939     0.987
     0.210     1.237     0.494
     0.374     0.399     0.107
     0.576    -0.800    -0.067
     0.690    -1.232     0.659
     0.220    -0.566     1.446
    -0.511     0.660     1.298
    -0.492     1.184     0.070
     0.322     0.235    -1.947
     0.569    -0.415    -2.864
     0.816     0.002    -1.748
     1.555     0.099    -0.331
     1.304     0.927     0.953
     0.419     2.135     2.109
     0.470     1.528     1.896
     0.562    -0.160     0.113
    -0.913    -1.820    -1.768
    -2.592    -3.172    -2.087
    -2.716    -3.092    -1.023
    -1.678    -1.535     0.316
    -0.282    -0.222     0.909
     0.872     0.583     0.330
     1.262     1.063    -0.380
     0.936     0.856    -0.401
     0.556     0.089    -0.086
     0.030    -1.003     0.407
    -0.728    -0.632     1.103
    -0.115     1.537     1.339
     1.906     2.755     0.576
     2.238     2.462    -0.928
     0.014     1.940    -1.838
    -1.649     1.242    -0.788
    -1.409     0.272     1.653
    -0.847    -1.188     3.424
    -0.324    -3.288     2.755
     0.708    -4.278    -0.203
     1.697    -2.053    -3.299
     1.852     1.899    -4.511
     1.011     4.101    -3.554
    -0.779     3.734    -0.739
    -2.724     1.576     2.785
    -2.587    -1.135     4.316
     0.001    -2.997     3.385
     1.986    -3.968     1.202
     1.438    -3.388    -1.827
     0.045    -1.250    -4.073
     0.135     0.356    -4.458
     0.499     1.092    -3.353
    -1.038     1.225    -1.248
    -3.064     0.803     1.439
    -3.376     1.129     4.188
    -1.848     1.239     4.788
     0.093     0.308     2.454
     1.400     0.499    -0.494
     2.238     1.388    -2.350
     2.683     1.310    -2.648
     2.647     0.713    -1.331
     2.133    -0.596     0.908
     1.407    -1.772     2.912
     1.209    -0.980     3.560
     1.407     0.481     2.060
     0.655     0.916    -0.779
    -1.326    -0.104    -3.338
    -3.342    -2.409    -4.213
    -3.809    -3.539    -1.997
    -2.271    -2.617     1.802
    -0.855    -1.044     3.361
    -0.661     1.177     1.466
    -0.194     3.434    -1.636
     0.942     4.517    -2.904
     1.358     3.716    -1.583
    -0.021     0.873     0.670
    -2.524    -1.451     2.547
    -3.886    -1.149     3.367
    -2.271    -0.188     2.482
     0.734    -0.470     0.448
     2.442    -1.292    -1.216
     3.609    -1.801    -1.436
     5.154    -1.467    -0.957
     5.046     0.187    -0.795
     2.346     2.003    -0.741
    -0.277     2.163    -1.431
    -1.019     0.682    -2.395
    -0.545    -0.842    -1.758
     0.339    -1.481     0.032
    -0.022    -1.733     1.536
    -1.985    -1.629     2.140
    -3.588    -0.553     1.954
    -2.947     0.743     1.239
    -0.346     0.442    -0.072
     0.898    -0.931    -1.408
    -0.328    -1.094    -1.663
    -1.389    -0.240    -0.794
    -1.359     0.274     0.073
    -1.451     0.530     0.248
    -1.185     1.346    -0.292
     1.000     2.428    -0.792
     3.578     2.293    -0.714
     3.308     1.172    -0.388
     0.599     0.188     0.359
    -1.193    -0.222     1.493
    -1.032    -0.079     2.429
    -0.182    -0.318     2.432
     0.633    -0.807     1.771
     1.314    -0.889     1.212
     2.138    -0.958     0.320
     2.500    -1.351    -0.814
     1.285    -1.584    -1.602
    -0.644    -1.359    -1.971
    -1.913    -1.249    -2.349
    -2.522    -0.614    -2.869
    -2.802     1.079    -2.214
    -2.880     2.366    -0.034
    -2.908     2.260     1.562
    -2.510     1.545     1.613
    -0.835     0.642     1.322
     1.278    -0.597     0.978
     1.898    -1.058     0.490
     1.394    -0.543    -0.060
     1.562     0.377    -0.393
     2.259     1.050     0.246
     2.097     0.357     0.864
     1.280    -0.631     0.808
     1.042    -0.777     0.819
     1.558    -0.446     0.459
     1.639     0.034    -0.636
     0.558    -0.015    -2.016
    -0.435    -0.442    -2.573
    -0.276    -0.405    -1.373
     0.105    -0.145     0.424
    -0.575     0.062     1.366
    -2.132     0.704     1.319
    -3.094     1.375     0.566
    -2.524     0.907    -0.654
    -1.576    -0.329    -1.473
    -1.537    -0.944    -0.466
    -1.606    -1.319     1.565
    -1.103    -1.821     2.596
    -0.445    -1.507     2.189
     0.568    -0.760     0.419
     2.128     0.331    -1.446
     3.219     1.875    -1.823
     3.005     2.102    -1.798
     1.863     0.781    -2.196
     0.508    -0.082    -1.791
    -0.207     0.114    -0.414
     0.208     0.486     1.058
     0.943     0.430     1.902
     0.980     0.058     1.851
     0.783    -0.133     1.241
     0.914    -0.489     0.436
     0.439    -1.353    -0.051
    -1.052    -2.042    -0.035
    -2.545    -1.840     0.463
    -2.955    -0.479     1.087
    -2.233     0.993     0.663
    -1.558     1.479    -0.713
    -1.635     1.272    -1.541
    -1.653     0.568    -1.809
    -0.941    -0.242    -2.060
    -0.088    -0.489    -1.642
     0.526    -0.128    -0.798
     1.136     0.561    -0.218
     1.886     0.871     0.477
     2.675     0.268     1.601
     2.627    -0.878     2.595
     1.325    -1.174     2.882
    -0.077    -0.154     2.374
    -0.615     0.728     0.818
    -0.375     0.964    -1.174
     0.260     0.824    -2.245
     1.150     0.225    -1.873
     1.674    -0.762    -0.432
     0.878    -1.353     0.707
    -0.423    -0.454     0.409
    -0.707     0.885    -0.974
    -0.281     0.868    -2.708
    -0.615    -0.363    -3.607
    -1.822    -1.267    -2.021
    -2.853    -0.797     2.011
    -3.386     0.096     5.782
    -3.357     0.430     6.518
    -2.556     0.566     4.714
    -0.230     0.419     1.476
     3.029    -0.175    -2.617
     4.424    -0.440    -5.147
     3.475     0.242    -5.032
     1.887     1.408    -3.476
     0.635     1.848    -1.901
     0.209     1.328    -1.029
     0.550     0.274    -0.551
     0.937    -0.908    -0.032
     0.558    -1.408     1.222
    -0.492    -1.474     2.538
    -1.393    -1.447     2.880
    -1.800    -1.063     3.066
    -1.248    -0.167     3.020
     0.425     0.743     1.945
     1.692     0.537     0.057
     1.321     0.125    -1.547
     0.050     0.432    -2.214
    -0.800     0.700    -2.666
    -1.107     0.683    -2.674
    -1.508     0.062    -1.863
    -1.717    -1.070    -1.015
    -1.417    -1.512    -0.263
    -0.883    -0.690     0.884
    -0.343     0.385     2.388
    -0.144     0.866     3.076
    -0.046     0.973     2.150
     0.602     1.041     0.480
     1.574     1.168    -0.327
     1.904     0.677    -0.193
     1.124    -0.278    -0.210
     0.311    -0.565    -0.121
     0.933    -0.511    -0.174
     2.129    -0.873    -1.263
     2.033    -1.211    -2.625
     0.880    -0.738    -2.892
    -0.364    -0.124    -2.131
    -1.569    -0.274    -1.696
    -2.666     0.088    -0.957
    -2.905     1.295     1.200
    -1.767     1.315     3.085
    -0.625     0.023     3.541
    -0.484    -0.953     3.130
    -0.190    -0.904     2.254
     0.602    -0.167     1.156
     0.734     0.097    -0.413
    -0.151     0.006    -1.642
    -0.939     0.511    -1.102
    -0.658     0.900     0.109
     0.012     0.555     0.553
     0.428    -0.196     0.007
     1.056    -0.814    -1.199
     2.090    -0.776    -2.151
     3.244    -0.265    -2.713
     3.599     0.032    -2.435
     2.255    -0.184    -1.134
    -0.029    -0.178     0.220
    -1.678     0.410     1.349
    -1.998     0.926     1.870
    -1.725     0.857     1.583
    -2.045     0.017     1.030
    -2.646    -0.819     0.823
    -2.339    -0.810     1.336
    -1.141    -0.211     1.814
    -0.255     0.458     1.681
     0.039     0.994     1.085
     0.750     1.297     0.068
     1.657     1.111    -0.977
     1.664     0.642    -1.684
     0.793    -0.202    -2.299
    -0.368    -1.323    -2.840
    -0.972    -1.740    -2.696
    -0.324    -1.588    -2.105
     1.023    -1.190    -1.369
     1.849    -0.635    -0.121
     1.674    -0.217     1.241
     0.970     0.399     2.264
     0.278     0.760     2.512
    -0.256     0.528     1.754
    -0.699     0.540     0.944
    -0.760     0.862     0.756
    -0.263     1.016     0.874
    -0.134     0.936     0.441
    -0.557     0.671    -0.725
    -0.379     0.326    -1.446
     0.130    -0.052    -1.381
    -0.207    -0.577    -0.908
    -0.952    -1.166    -0.069
    -1.392    -1.380     0.597
    -1.736    -0.944     0.742
    -1.474    -0.403     0.330
    -0.203    -0.436    -0.519
     1.035    -0.720    -0.989
     1.693    -0.559    -0.518
     2.060     0.112     0.501
     1.859     0.882     1.269
     0.962     1.488     1.230
    -0.111     1.666     0.506
    -0.710     1.001    -0.461
    -0.431    -0.160    -1.244
     0.136    -0.814    -1.298
     0.234    -0.564    -0.512
    -0.001     0.235     0.542
    -0.198     0.891     1.024
    -0.074     0.834     0.626
     0.170     0.343     0.257
     0.071    -0.231     0.407
    -0.334    -0.937     0.359
    -0.806    -1.107     0.084
    -1.042    -0.340    -0.077
    -0.867     0.408    -0.318
    -0.446     0.329    -0.354
    -0.071    -0.474    -0.015
     0.170    -1.229     0.211
     0.559    -1.096     0.245
     1.056    -0.324     0.148
     1.231     0.221    -0.441
     0.961     0.288    -1.304
     0.456     0.054    -1.604
    -0.079    -0.275    -1.155
    -0.566    -0.334    -0.386
    -0.997     0.069     0.185
    -1.387     0.836     0.413
    -1.321     1.677     0.561
    -0.384     1.676     0.346
     0.759     0.773    -0.283
     1.193     0.253    -0.271
     0.815     0.177     0.849
     0.059    -0.153     1.994
    -0.433    -0.577     2.197
    -0.284    -1.104     1.763
     0.416    -1.729     1.089
     1.224    -1.906     0.100
     1.266    -1.414    -1.000
     0.325    -0.395    -1.632
    -0.949     0.544    -1.794
    -1.884     0.911    -2.138
    -1.648     0.967    -2.470
    -0.228     0.723    -1.847
     0.907     0.435    -0.290
     0.753     0.708     1.071
     0.110     1.140     1.501
    -0.253     1.037     1.177
    -0.593     0.697     0.599
    -0.436     0.254     0.208
     0.544    -0.524     0.327
     1.079    -0.820     1.240
     0.324    -0.501     2.251
    -0.642    -0.256     1.990
    -0.547     0.026     0.501
     0.339    -0.071    -1.090
     1.071    -0.722    -2.083
     1.154    -0.929    -1.911
     0.845    -0.426    -0.776
     0.578     0.212    -0.027
     0.236     0.469    -0.338
    -0.291     0.238    -1.115
    -0.955    -0.186    -1.420
    -1.392    -0.591    -0.872
    -1.383    -0.697     0.306
    -1.397    -0.029     1.574
    -1.282     1.012     2.292
    -0.480     1.183     1.858
     0.760     0.522     0.149
     1.564    -0.074    -1.517
     1.617    -0.305    -1.841
     1.341     0.103    -1.157
     0.728     0.732     0.004
    -0.220     0.566     1.327
    -0.869    -0.189     2.099
    -0.646    -0.869     1.916
     0.139    -1.646     0.798
     0.430    -1.975    -0.427
    -0.152    -1.086    -0.755
    -0.683     0.170    -0.743
    -0.481     0.941    -0.848
    -0.189     1.218    -0.369
    -0.132     1.181     0.385
     0.036     1.017     0.393
     0.216     0.539    -0.323
     0.139    -0.363    -1.210
    -0.305    -1.219    -1.713
    -0.578    -1.282    -1.279
    -0.046    -0.509    -0.177
     0.618     0.121     0.530
     0.200     0.062     0.621
    -0.907    -0.119     0.656
    -1.304     0.123     0.774
    -0.852     0.715     1.080
    -0.074     1.356     1.240
     0.710     1.703     0.790
     1.173     1.474     0.194
     1.378     0.562    -0.339
     1.492    -0.631    -0.759
     1.347    -1.449    -0.664
     0.926    -1.647    -0.275
     0.492    -1.229    -0.144
     0.046    -0.344    -0.446
    -0.341     0.654    -0.859
    -0.639     1.080    -0.988
    -1.068     0.523    -0.794
    -1.379    -0.408    -0.183
    -1.412    -0.827     0.726
    -1.402    -0.378     1.509
    -1.211     0.565     1.802
    -0.632     1.269     1.143
     0.051     1.168    -0.223
     0.425     0.345    -1.081
     0.403    -0.545    -0.775
     0.308    -1.369    -0.054
     0.416    -1.932     0.341
     0.538    -1.658     0.544
     0.722    -0.875     0.304
     1.227    -0.038    -0.495
     1.574     0.782    -1.102
     1.218     1.060    -1.096
     0.376     0.667    -0.787
    -0.276     0.323    -0.592
    -0.264     0.256    -0.360
    -0.032     0.597     0.393
    -0.294     1.325     1.467
    -0.802     1.146     1.776
    -1.000    -0.038     1.045
    -1.010    -0.923     0.192
    -0.846    -1.182    -0.453
    -0.465    -0.839    -0.561
    -0.225    -0.374    -0.087
    -0.058    -0.159     0.060
     0.193     0.401    -0.051
     0.395     1.105    -0.024
     0.446     1.072    -0.024
     0.140     0.275    -0.102
    -0.256    -0.681    -0.304
    -0.207    -1.281    -0.377
     0.244    -1.334    -0.506
     0.663    -0.959    -0.958
     0.697    -0.293    -1.074
     0.310     0.459    -0.585
    -0.146     0.819     0.260
    -0.002     0.811     1.142
     0.564     0.822     1.853
     0.502     0.549     2.243
    -0.018    -0.130     1.562
     0.012    -0.491     0.050
     0.526    -0.240    -0.971
     0.535     0.092    -1.110
    -0.169     0.066    -0.813
    -0.717    -0.139    -0.368
    -0.930    -0.390     0.234
    -1.235    -0.758     0.514
    -1.382    -1.003     0.158
    -1.033    -0.759    -0.384
    -0.484     0.256    -0.669
    -0.155     1.335    -0.580
    -0.028     1.635    -0.445
     0.070     1.480    -0.187
     0.272     0.950     0.276
     0.674     0.171     0.671
     1.239    -0.364     0.774
     1.888    -0.609     0.211
     2.238    -0.654    -0.684
     1.981    -0.744    -1.591
     1.351    -0.925    -2.233
     0.591    -0.880    -1.790
    -0.331    -0.539    -0.207
    -1.416    -0.297     1.688
    -2.177    -0.383     2.715
    -2.189    -0.487     2.527
    -1.794    -0.291     1.894
    -1.536     0.148     1.122
    -1.503     0.554     0.103
    -1.459     1.080    -0.600
    -1.267     1.509    -0.493
    -0.779     1.063    -0.392
     0.155     0.207    -0.816
     1.327    -0.079    -0.975
     2.586     0.004    -0.769
     3.339    -0.010    -1.038
     2.783     0.254    -1.807
     1.763     0.970    -2.173
     1.212     1.294    -1.649
     0.691     0.550    -0.678
     0.006    -0.817     0.299
    -0.496    -1.627     1.423
    -0.495    -1.396     2.482
    -0.272    -0.911     2.616
    -0.423    -0.623     1.594
    -0.822    -0.293     0.262
    -1.114    -0.221    -0.431
    -1.387    -0.797    -0.440
    -1.912    -1.332     0.031
    -2.451    -0.829     1.161
    -2.301     0.317     2.037
    -1.360     1.104     1.281
    -0.057     1.401    -0.626
     1.140     1.139    -2.299
     1.700     0.311    -2.936
     1.595    -0.354    -2.419
     1.325     0.033    -1.252
     1.143     1.236     0.031
     0.993     1.509     0.595
     0.878     0.491     0.179
     0.796    -0.434    -0.097
     0.691    -0.731     0.227
     0.422    -0.614     0.759
    -0.051    -0.702     0.925
    -0.119    -0.831     0.630
     0.662    -0.320     0.859
     1.460     0.361     1.619
     1.219     0.738     1.800
    -0.057     0.618     0.890
    -1.710    -0.131    -0.603
    -3.020    -0.953    -1.592
    -3.478    -1.021    -1.547
    -3.110    -0.176    -0.760
    -2.429     0.919    -0.043
    -1.895     1.415    -0.091
    -1.246     0.786    -0.842
     0.139    -0.551    -1.667
     1.918    -1.589    -1.470
     3.020    -1.778     0.100
     3.177    -1.210     1.742
     2.619    -0.293     2.195
     1.610     0.705     1.338
     0.887     1.434    -0.047
     0.856     1.291    -0.948
     0.955     0.468    -0.876
     0.585     0.097     0.261
    -0.036     0.479     1.778
    -0.506     0.800     2.225
    -0.662     0.363     0.819
    -0.629    -0.741    -1.369
    -0.788    -1.384    -2.308
    -1.001    -1.108    -1.763
    -1.199    -0.642    -1.076
    -1.678    -0.171    -0.936
    -2.197     0.451    -1.010
    -2.015     0.987    -0.605
    -1.039     0.892     0.066
    -0.342     0.224     0.591
    -0.275    -0.516     1.080
    -0.001    -0.951     1.425
     1.073    -0.526     1.686
     2.571     0.369     1.770
     3.412     1.005     1.477
     3.138     1.054     0.865
     2.213     0.372    -0.072
     1.149    -0.114    -0.853
     0.048     0.214    -0.948
    -0.908     0.479    -0.832
    -1.633    -0.049    -1.300
    -2.359    -0.622    -1.974
    -2.603    -0.449    -1.698
    -1.689    -0.191    -0.594
    -0.229    -0.854     0.160
     0.627    -2.051     0.185
     1.098    -2.092     0.103
     1.592    -0.868     0.315
     1.152     0.384     0.483
    -0.601     1.409     0.521
    -2.390     1.920     0.756
    -2.695     1.906     1.556
    -1.490     1.491     2.674
     0.025     0.569     2.986
     1.043    -0.030     2.372
     1.569     0.145     1.148
     1.962     0.574    -0.834
     2.105     0.489    -3.010
     1.643    -0.280    -4.467
     0.738    -0.778    -4.137
    -0.043    -0.500    -2.172
    -0.419    -0.155    -0.239
    -0.822    -0.421     0.881
    -1.220    -1.154     1.142
    -0.974    -2.125     0.569
    -0.314    -2.851    -0.335
    -0.014    -2.355    -0.609
    -0.038    -0.720     0.028
     0.117     1.219     0.766
     0.286     2.730     1.386
     0.241     3.180     2.129
     0.155     2.699     2.830
    -0.246     1.576     2.700
    -0.884     0.209     1.103
    -1.103    -0.758    -0.973
    -0.882    -1.311    -2.247
    -0.236    -1.468    -2.522
     0.893    -1.212    -2.142
     1.805    -0.772    -1.238
     1.733    -0.166     0.256
     0.825     0.532     1.438
    -0.037     0.897     1.270
    -0.153     0.826     0.087
     0.125     0.730    -1.056
    -0.190     0.558    -1.282
    -1.130    -0.127    -0.854
    -2.070    -1.213    -0.849
    -2.662    -1.509    -1.084
    -2.198    -0.381    -0.759
    -0.339     0.906    -0.294
     1.523     1.612    -0.147
     1.842     1.942     0.072
     1.149     1.796     0.286
     0.557     1.234     0.182
    -0.390     0.284    -0.056
    -1.805    -0.617    -0.084
    -1.977    -0.875     0.450
     0.279    -0.746     1.234
     3.971    -0.588     1.428
     7.145    -0.339     0.943
     8.268     0.438     0.527
     6.592     1.470    -0.097
     2.185     1.545    -2.531
    -3.741     0.692    -6.555
    -8.699     0.107    -9.746
   -10.574    -0.125   -10.871
    -9.301    -0.574   -10.272
    -6.089    -0.937    -8.463
    -1.926    -0.516    -6.287
     2.565     0.478    -4.585
     6.186     0.760    -3.602
     7.645    -0.142    -2.319
     6.983    -1.642     1.630
     5.174    -3.114     9.458
     3.139    -3.669    19.571
     1.329    -3.178    29.128
    -0.062    -2.882    35.439
    -1.038    -3.744    36.380
    -1.283    -4.680    30.413
    -0.806    -3.572    18.706
    -1.016    -0.169     4.639
    -3.126     3.298   -10.350
    -7.682     4.691   -24.205
   -12.630     3.863   -34.059
   -13.233     2.360   -38.551
    -7.620     2.222   -36.335
     1.569     3.681   -27.836
     9.624     5.260   -15.835
    12.858     5.759    -4.589
    10.707     4.554     2.562
     5.569     1.312     4.994
     0.607    -3.352     4.192
    -2.836    -7.546     5.301
    -3.649   -10.048    12.391
    -0.133    -9.970    23.537
     6.711    -6.572    33.992
    12.826    -1.412    37.425
    14.861     3.798    28.591
    11.849     7.482     8.231
     3.088     8.186   -15.235
    -9.672     7.594   -31.316
   -20.839     6.866   -35.387
   -27.374     5.266   -26.301
   -28.819     3.223    -6.794
   -24.814     0.476    15.201
   -16.638    -3.658    29.867
    -5.286    -8.481    28.273
     7.890   -12.410    10.596
    20.003   -13.348   -13.329
    28.546   -10.975   -32.020
    31.692    -6.186   -37.363
    28.222     0.277   -27.263
    17.481     6.492    -6.568
     1.991    11.192    14.156
   -10.888    14.113    25.322
   -14.719    14.760    25.435
   -10.728    12.414    19.783
    -6.026     6.616    13.381
    -4.932    -1.481     6.336
    -6.149    -9.053    -2.730
    -6.318   -13.787   -12.728
    -2.752   -14.946   -19.827
     3.827   -11.935   -18.039
     9.176    -5.677    -6.734
     8.845     1.062     7.125
     1.395     5.749    14.740
    -9.379     7.326     9.249
   -17.368     5.996    -6.752
   -19.622     2.162   -20.990
   -15.945    -1.987   -24.033
    -7.131    -3.045   -14.544
     4.290    -0.090     3.268
    14.727     3.961    19.464
    21.441     5.788    25.031
    23.367     4.859    19.602
    20.428     2.518     8.678
    13.315     0.415    -1.609
     3.547    -0.748    -7.996
    -5.689    -0.170    -9.927
   -11.146     1.828    -7.703
   -13.823     1.944    -3.079
   -14.832    -0.595     1.020
   -11.280    -2.823     2.869
    -2.266    -3.602     2.600
     7.190    -4.130     1.623
    10.845    -4.905     1.070
     7.948    -5.248     0.824
     2.220    -3.870     0.460
    -3.767    -0.110    -1.023
    -8.661     3.683    -4.514
   -10.064     5.356    -8.452
    -6.997     5.847    -9.312
    -2.282     5.532    -5.832
     0.883     3.754     0.521
     2.618     1.153     6.612
     4.534    -1.437     7.564
     6.410    -3.194     2.975
     7.697    -3.010    -2.364
     8.684    -2.457    -5.860
     7.857    -3.296    -6.352
     2.782    -3.969    -2.150
    -5.624    -3.539     4.775
   -12.758    -2.688    10.191
   -13.942    -1.452    11.824
    -8.202     0.434     9.776
     0.606     2.308     6.256
     7.603     3.157     3.379
     9.966     3.133     1.793
     6.693     2.968     0.638
    -0.362     2.998    -2.007
    -7.252     2.711    -6.010
   -10.755     1.464    -9.506
    -9.720    -0.015   -11.428
    -5.668    -0.951   -11.213
    -0.296    -1.470    -9.850
     6.103    -1.524    -8.571
    11.753    -0.999    -6.009
    14.043    -0.067    -0.979
    12.478     0.764     5.723
     8.612     0.859    12.161
     3.922    -0.098    16.279
    -1.322    -1.612    17.224
    -6.906    -2.580    15.445
   -11.877    -2.867    11.977
   -14.481    -3.190     7.065
   -13.721    -3.646     0.645
    -9.939    -3.494    -6.613
    -3.813    -1.749   -12.989
     3.124     1.169   -16.440
     8.011     4.089   -15.769
     8.666     6.762   -10.564
     6.229     8.149    -2.751
     3.507     6.922     3.797
     2.204     3.744     6.038
     2.362     0.025     3.059
     2.936    -3.265    -3.152
     3.527    -5.092    -8.942
     4.359    -4.994   -11.353
     4.792    -3.776    -8.981
     3.619    -2.836    -3.085
     0.567    -2.814     3.434
    -2.581    -2.592     8.805
    -3.512    -1.064    11.587
    -2.806     1.288    11.267
    -2.659     3.999     9.429
    -3.537     6.682     7.454
    -4.702     8.015     5.660
    -5.496     6.974     3.760
    -5.921     3.713     1.948
    -6.008    -0.768     1.337
    -5.244    -4.495     2.112
    -3.676    -5.879     2.456
    -1.477    -5.334    -0.305
     1.835    -3.860    -6.606
     5.579    -2.249   -13.715
     7.283    -1.209   -18.003
     5.837    -0.671   -16.944
     3.032    -0.302   -11.127
     0.787     0.318    -3.203
    -0.182     1.396     4.785
     0.585     2.128    11.123
     2.878     1.871    14.462
     5.109     1.154    14.480
     5.384     0.643    11.728
     3.760     0.191     7.127
     1.484    -0.401     2.172
    -1.322    -0.684    -1.023
    -4.298    -0.633    -1.916
    -5.896    -0.674    -1.850
    -5.424    -0.430    -2.339
    -3.816     0.369    -4.874
    -2.326     0.962    -9.535
    -1.547     0.764   -13.938
    -1.284     0.097   -15.159
    -0.826    -0.522   -11.860
     0.152    -0.878    -5.139
     0.815    -1.076     2.766
     0.541    -1.339     9.864
     0.276    -1.354    14.601
     1.086    -0.886    15.781
     2.445    -0.369    12.887
     2.700     0.019     7.314
     1.718     0.592     1.563
     1.057     1.460    -2.144
     0.886     2.005    -2.765
     0.313     1.647    -1.599
    -0.201     0.856    -0.942
     0.472     0.196    -2.161
     2.197    -0.131    -4.905
     3.405     0.043    -7.325
     2.449     0.406    -7.394
    -0.665     0.622    -4.216
    -4.427     0.562     0.931
    -7.100     0.156     5.395
    -7.363    -0.377     7.457
    -5.137    -1.024     6.809
    -1.851    -1.917     3.996
     0.699    -2.651    -0.065
     2.104    -2.584    -4.555
     3.395    -1.761    -8.272
     5.151    -0.907   -10.152
     6.285    -0.146    -9.415
     5.599     1.016    -5.630
     3.655     2.443    -0.469
     1.527     3.744     3.753
    -0.211     4.544     6.272
    -0.994     3.991     7.071
    -0.790     2.087     6.398
    -0.427     0.345     5.197
    -0.793    -0.270     4.643
    -1.916    -0.630     4.561
    -3.313    -1.898     3.948
    -4.694    -3.634     2.656
    -5.285    -4.343     0.947
    -4.297    -3.439    -1.088
    -2.738    -1.738    -3.541
    -2.350    -0.203    -6.220
    -2.667     0.810    -7.802
    -1.804     1.275    -6.885
     0.535     1.193    -4.111
     3.295     0.702    -1.833
     5.801     0.466    -1.116
     7.501     0.969    -0.929
     7.569     1.590    -0.453
     5.775     1.528     0.168
     2.993     1.093     1.065
     0.770     0.949     2.670
    -0.146     0.808     4.537
    -0.644     0.280     5.779
    -1.591    -0.378     6.117
    -2.931    -0.995     5.392
    -4.280    -1.744     3.331
    -5.110    -2.368     0.383
    -4.785    -2.309    -2.481
    -3.266    -1.662    -4.501
    -1.404    -0.710    -5.171
     0.024     0.202    -4.462
     0.470     0.773    -2.674
    -0.207     1.075    -0.380
    -1.521     0.826     1.299
    -2.691     0.151     1.344
    -2.493    -0.118    -0.157
    -0.401     0.119    -1.817
     2.433     0.216    -2.384
     4.663    -0.101    -1.825
     6.149    -0.326    -0.552
     7.456     0.050     0.737
     8.456     0.818     1.327
     7.961     1.524     1.398
     5.451     2.001     1.384
     1.834     2.060     1.677
    -2.047     1.317     2.500
    -5.682    -0.180     3.284
    -8.118    -1.551     3.560
    -8.126    -2.066     3.036
    -5.989    -1.924     1.019
    -3.837    -1.369    -2.471
    -2.844    -0.628    -6.103
    -2.719    -0.276    -8.107
    -3.105    -0.438    -7.552
    -3.424    -0.951    -5.026
    -2.938    -1.503    -1.787
    -1.525    -1.512     1.119
     0.309    -0.930     2.901
     2.080    -0.126     3.680
     3.632     0.842     4.545
     4.973     1.916     6.033
     6.056     2.804     7.402
     6.878     3.504     7.427
     7.058     3.937     5.754
     6.018     3.743     3.266
     4.050     2.767     1.136
     1.925     1.111    -0.132
     0.257    -0.487    -0.733
    -0.973    -1.703    -1.435
    -2.414    -3.110    -3.717
    -4.165    -4.282    -7.844
    -5.506    -4.221   -11.557
    -5.561    -3.079   -12.518
    -4.388    -1.806    -9.997
    -3.176    -0.954    -4.464
    -2.510    -0.187     1.984
    -2.203     0.799     6.189
    -2.229     1.666     6.681
    -2.261     2.085     4.807
    -1.922     1.893     2.857
    -1.161     0.953     1.954
    -0.082    -0.376     2.484
     0.962    -1.374     3.997
     1.960    -1.568     4.520
     3.248    -0.867     3.031
     4.673     0.373     0.517
     5.852     1.823    -1.663
     6.484     2.981    -2.625
     5.837     2.727    -2.454
     3.199     0.987    -1.763
    -0.537    -1.014    -0.749
    -3.171    -2.315     0.458
    -3.533    -2.590     1.080
    -2.440    -2.231     0.338
    -1.254    -1.906    -1.444
    -0.435    -1.760    -3.057
    -0.065    -1.333    -3.440
    -0.432    -0.346    -2.360
    -1.320     0.964    -0.283
    -1.963     2.214     1.930
    -1.866     2.992     3.296
    -1.009     3.377     3.647
     0.374     3.551     3.638
     1.603     2.975     3.372
     1.706     1.511     2.459
     0.566    -0.131     1.096
    -0.789    -1.532    -0.227
    -1.373    -2.656    -1.368
    -1.240    -3.401    -2.439
    -0.741    -3.319    -3.270
     0.299    -2.280    -3.490
     1.635    -1.216    -3.206
     2.172    -0.824    -2.874
     1.539    -0.637    -2.825
     0.903    -0.049    -2.987
     0.920     0.741    -2.765
     0.861     1.406    -1.588
     0.462     1.904     0.467
    -0.054     2.128     2.689
    -0.935     2.199     4.327
    -2.027     2.126     4.801
    -2.350     1.755     3.745
    -1.685     1.358     1.829
    -1.031     1.135     0.638
    -0.991     0.621     0.782
    -1.167    -0.763     1.375
    -1.199    -2.338     1.858
    -1.154    -2.879     2.117
    -0.609    -2.659     1.119
     1.028    -2.627    -1.798
     3.249    -2.582    -5.458
     4.857    -1.681    -7.926
     5.147    -0.029    -7.956
     4.031     1.451    -5.308
     1.495     2.185    -0.753
    -1.685     2.264     3.741
    -3.570     2.089     6.126
    -3.231     1.805     6.060
    -1.729     1.355     4.350
    -0.484     0.781     1.957
    -0.145     0.105    -0.043
    -0.533    -0.545    -1.136
    -1.020    -0.907    -1.241
    -1.130    -0.822    -0.407
    -1.024    -0.615     0.826
    -1.239    -0.928     1.588
    -1.685    -1.725     1.479
    -1.562    -2.329     0.889
    -0.587    -2.467     0.185
     0.479    -2.405    -0.497
     1.072    -1.924    -0.990
     1.803    -0.608    -1.179
     2.975     0.932    -1.212
     3.553     1.898    -1.287
     2.862     2.220    -1.566
     1.691     2.243    -2.184
     0.964     2.105    -2.448
     0.377     1.292    -1.727
    -0.731    -0.057    -0.515
    -1.827    -0.733     0.626
    -1.818    -0.111     1.466
    -0.899     1.250     2.001
    -0.170     2.179     2.396
     0.053     1.938     2.962
    -0.115     0.977     4.397
    -0.995    -0.119     6.341
    -2.499    -1.195     6.716
    -3.464    -1.725     4.186
    -2.896    -1.472    -0.127
    -1.147    -1.053    -4.121
     0.572    -1.036    -6.526
     1.378    -1.176    -6.953
     1.332    -0.791    -5.979
     0.927     0.158    -5.040
     0.594     1.181    -4.909
     0.733     1.862    -4.893
     1.439     2.155    -3.707
     2.275     2.103    -0.908
     2.760     1.335     2.457
     2.660    -0.012     5.052
     1.739    -1.249     6.239
     0.236    -1.964     5.694
    -1.069    -1.847     3.892
    -1.766    -1.040     2.115
    -1.881    -0.283     1.115
    -1.685    -0.079     1.077
    -1.673    -0.437     1.735
    -1.912    -1.128     2.332
    -1.994    -1.792     2.029
    -1.832    -2.106     0.304
    -1.376    -1.962    -2.451
    -0.204    -1.224    -5.118
     1.414     0.217    -6.557
     2.442     1.861    -6.561
     2.357     3.005    -5.778
     1.629     3.414    -4.409
     1.036     3.155    -2.373
     0.574     2.325     0.087
    -0.113     1.089     2.497
    -0.787    -0.126     4.440
    -1.098    -1.075     5.459
    -0.928    -1.748     5.072
    -0.166    -1.792     3.731
     1.026    -1.140     2.487
     2.001    -0.508     1.894
     2.213    -0.441     1.978
     1.668    -0.648     2.351
     0.765    -0.730     2.386
    -0.225    -0.764     1.547
    -1.347    -0.587    -0.154
    -2.302    -0.036    -2.166
    -2.556     0.374    -4.027
    -2.202     0.370    -5.238
    -1.741     0.286    -5.225
    -1.229     0.486    -4.174
    -0.474     0.960    -2.952
     0.326     1.329    -2.055
     0.922     1.391    -1.335
     1.501     1.166    -0.519
     2.164     0.711     0.540
     2.424     0.199     1.962
     2.003    -0.259     3.426
     1.277    -0.616     4.298
     0.607    -0.579     4.435
     0.217    -0.176     3.804
     0.194    -0.042     2.451
     0.234    -0.306     0.977
    -0.045    -0.539    -0.014
    -0.863    -0.718    -0.328
    -2.060    -1.005    -0.155
    -2.851    -1.299     0.034
    -2.573    -1.447    -0.200
    -1.405    -1.322    -1.134
    -0.117    -1.038    -2.776
     0.400    -0.695    -4.112
    -0.119    -0.032    -3.840
    -0.953     1.113    -2.117
    -1.221     2.386     0.030
    -0.807     3.048     1.744
    -0.153     2.907     2.493
     0.511     2.338     2.169
     1.301     1.484     1.075
     1.945     0.498    -0.015
     1.733    -0.328    -0.370
     0.612    -1.021    -0.065
    -0.586    -1.730     0.287
    -1.027    -2.279     0.529
    -0.499    -2.502     0.779
     0.663    -2.324     0.987
     1.845    -1.670     1.103
     2.466    -0.911     0.872
     2.316    -0.392     0.114
     1.609     0.120    -0.599
     0.693     0.646    -0.664
    -0.373     0.929    -0.437
    -1.554     1.173    -0.270
    -2.258     1.483    -0.141
    -1.964     1.499    -0.547
    -1.049     1.015    -1.539
    -0.136     0.300    -2.232
     0.460    -0.244    -2.231
     0.498    -0.402    -1.871
     0.061    -0.180    -1.394
    -0.328     0.045    -1.117
    -0.173     0.134    -1.183
     0.558     0.408    -0.906
     1.451     0.763     0.039
     1.937     0.746     1.050
     1.466     0.176     1.813
     0.126    -0.602     2.547
    -1.170    -1.060     3.205
    -1.739    -1.293     3.323
    -1.769    -1.606     2.776
    -1.537    -1.804     1.846
    -0.922    -1.730     0.773
    -0.038    -1.207    -0.034
     0.710    -0.217    -0.464
     1.046     0.861    -0.896
     0.926     2.099    -1.332
     0.546     3.380    -1.739
    -0.030     4.028    -2.201
    -0.914     3.584    -2.491
    -1.986     2.069    -2.370
    -2.651     0.152    -1.725
    -2.260    -1.444    -0.773
    -0.839    -2.268     0.212
     0.930    -2.342     1.188
     2.281    -2.117     1.883
     2.764    -1.753     2.093
     2.319    -1.470     1.888
     1.284    -1.391     1.369
    -0.018    -1.099     0.949
    -1.313    -0.370     0.762
    -1.959     0.555     0.351
    -1.505     1.277    -0.250
    -0.344     1.589    -0.628
     0.780     1.480    -0.669
     1.594     0.974    -0.495
     2.224     0.303    -0.445
     2.542    -0.147    -0.790
     2.218    -0.269    -1.323
     1.244    -0.307    -1.367
    -0.158    -0.424    -0.668
    -1.522    -0.521     0.150
    -2.275    -0.583     0.472
    -2.358    -0.674     0.152
    -1.927    -0.768    -0.661
    -1.090    -0.800    -1.473
    -0.144    -0.530    -1.410
     0.408    -0.014    -0.085
     0.301     0.403     1.838
    -0.095     0.777     3.473
    -0.335     1.014     4.086
    -0.383     0.867     3.316
    -0.368     0.600     1.593
    -0.093     0.391    -0.334
     0.758     0.093    -1.909
     1.813    -0.245    -2.776
     2.412    -0.375    -2.871
     2.579    -0.120    -2.576
     2.644     0.634    -2.220
     2.325     1.580    -1.845
     1.227     2.115    -1.484
    -0.345     2.054    -0.937
    -1.926     1.420    -0.005
    -3.255     0.348     1.056
    -4.181    -0.829     1.912
    -4.700    -1.793     2.518
    -4.570    -2.304     2.796
    -3.506    -2.320     2.555
    -1.735    -1.861     1.780
     0.241    -1.011     0.642
     1.864    -0.191    -0.626
     2.756     0.268    -1.708
     2.914     0.523    -2.213
     2.589     0.682    -2.012
     2.126     0.730    -1.161
     1.792     0.791     0.060
     1.797     0.844     0.899
     1.977     0.691     0.719
     1.885     0.262    -0.144
     1.350    -0.302    -0.626
     0.494    -0.763    -0.428
    -0.410    -0.850    -0.021
    -1.090    -0.611     0.266
    -1.362    -0.395     0.178
    -1.294    -0.301    -0.169
    -1.147    -0.179    -0.241
    -1.129    -0.101     0.272
    -1.348    -0.262     1.159
    -1.667    -0.597     1.912
    -2.074    -0.880     2.118
    -2.402    -0.862     1.777
    -2.062    -0.450     1.219
    -1.020     0.167     0.760
     0.149     0.640     0.368
     0.998     0.926    -0.137
     1.557     1.365    -0.636
     2.001     1.702    -1.345
     2.115     1.359    -2.428
     1.741     0.513    -3.215
     1.304    -0.324    -3.209
     1.224    -0.907    -2.429
     1.371    -1.147    -1.170
     1.458    -1.069    -0.069
     1.448    -0.806     0.473
     1.452    -0.469     0.737
     1.493    -0.138     1.155
     1.329     0.197     1.917
     0.660     0.479     2.843
    -0.327     0.590     3.247
    -1.186     0.563     2.597
    -1.851     0.393     1.161
    -2.413     0.305    -0.176
    -2.904     0.517    -0.853
    -3.285     0.747    -1.112
    -3.220     0.767    -1.347
    -2.455     0.531    -1.852
    -1.281     0.145    -2.595
    -0.230    -0.066    -2.962
     0.451     0.013    -2.527
     0.818     0.077    -1.546
     0.898    -0.178    -0.449
     0.815    -0.571     0.539
     0.905    -0.846     1.329
     1.315    -1.089     1.864
     1.605    -1.309     2.101
     1.317    -1.331     2.151
     0.822    -1.157     2.217
     0.731    -1.000     2.231
     0.905    -0.846     1.885
     0.928    -0.374     1.150
     0.890     0.567     0.384
     0.983     1.702    -0.174
     0.943     2.453    -0.698
     0.374     2.638    -1.223
    -0.640     2.471    -1.439
    -1.649     2.001    -1.475
    -2.332     1.252    -1.750
    -2.689     0.355    -2.210
    -2.755    -0.378    -2.314
    -2.309    -0.906    -1.802
    -1.352    -1.563    -1.096
    -0.321    -2.295    -0.457
     0.290    -2.695     0.443
     0.173    -2.482     1.778
    -0.433    -1.766     2.989
    -0.701    -0.734     3.464
    -0.138     0.483     3.218
     1.044     1.451     2.469
     2.383     1.841     1.513
     3.217     1.793     0.768
     3.092     1.647     0.386
     2.293     1.480     0.139
     1.404     1.055    -0.425
     0.703     0.358    -1.520
     0.210    -0.331    -2.725
    -0.146    -0.787    -3.384
    -0.563    -0.966    -3.164
    -1.151    -0.931    -2.272
    -1.714    -0.788    -1.146
    -2.001    -0.655    -0.120
    -2.052    -0.547     0.587
    -1.907    -0.605     0.826
    -1.489    -0.914     0.611
    -1.110    -1.157     0.383
    -1.027    -1.080     0.473
    -0.860    -0.768     0.805
    -0.255    -0.462     1.195
     0.708    -0.157     1.470
     1.668     0.270     1.675
     2.250     0.744     1.925
     2.251     1.234     2.098
     1.683     1.485     1.739
     0.987     1.225     0.712
     0.630     0.759    -0.480
     0.716     0.562    -1.382
     1.059     0.689    -2.052
     1.166     0.795    -2.927
     0.803     0.661    -3.951
     0.329     0.360    -4.467
     0.135    -0.009    -4.046
     0.001    -0.367    -2.763
    -0.636    -0.767    -0.968
    -1.730    -1.294     0.823
    -2.519    -1.721     2.066
    -2.411    -1.628     2.732
    -1.600    -0.986     3.171
    -0.565    -0.228     3.514
     0.289     0.301     3.630
     0.556     0.527     3.385
     0.256     0.559     2.851
    -0.247     0.588     2.140
    -0.768     0.648     1.197
    -1.123     0.778    -0.135
    -0.952     0.937    -1.769
    -0.141     0.798    -3.311
     0.905     0.292    -4.355
     1.718    -0.190    -4.516
     2.284    -0.251    -3.726
     2.783     0.086    -2.400
     3.081     0.482    -1.088
     2.879     0.688    -0.063
     2.221     0.582     0.790
     1.462     0.224     1.593
     0.657    -0.242     2.311
    -0.369    -0.708     2.650
    -1.471    -1.012     2.318
    -2.298    -1.128     1.516
    -2.648    -1.101     0.680
    -2.488    -0.854     0.130
    -2.117    -0.428    -0.184
    -1.881    -0.023    -0.418
    -1.626     0.248    -0.439
    -1.148     0.481    -0.067
    -0.569     0.773     0.652
    -0.075     0.990     1.275
     0.091     0.951     1.334
    -0.229     0.573     0.750
    -0.741     0.008    -0.134
    -0.903    -0.525    -0.834
    -0.467    -0.978    -1.338
     0.479    -1.199    -1.689
     1.717    -1.014    -1.707
     2.883    -0.583    -1.559
     3.563    -0.283    -1.560
     3.513    -0.151    -1.745
     2.794     0.243    -1.778
     1.737     0.935    -1.423
     0.555     1.462    -0.806
    -0.787     1.673     0.044
    -2.088     1.640     1.271
    -3.004     1.292     2.643
    -3.497     0.469     3.375
    -3.558    -0.586     3.100
    -2.942    -1.190     2.380
    -1.743    -1.285     1.655
    -0.637    -1.312     0.818
    -0.166    -1.249    -0.076
    -0.125    -0.823    -0.797
     0.057    -0.139    -1.258
     0.416     0.285    -1.523
     0.654     0.223    -1.731
     0.764    -0.010    -1.695
     0.996    -0.057    -1.199
     1.468     0.192    -0.530
     1.954     0.431    -0.082
     2.264     0.300     0.149
     2.264    -0.094     0.496
     1.992    -0.389     0.905
     1.820    -0.403     0.909
     1.648    -0.233     0.493
     0.801    -0.015    -0.010
    -0.704     0.193    -0.202
    -2.009     0.394     0.179
    -2.639     0.665     0.820
    -2.867     0.885     1.279
    -2.937     0.835     1.343
    -2.617     0.540     0.877
    -1.751     0.180    -0.041
    -0.659    -0.111    -0.987
     0.133    -0.393    -1.526
     0.348    -0.724    -1.572
     0.188    -0.982    -1.186
     0.074    -1.087    -0.660
     0.240    -0.859    -0.319
     0.738    -0.184    -0.051
     1.507     0.448     0.067
     2.151     0.550    -0.056
     2.359     0.270     0.050
     2.373     0.015     0.580
     2.400     0.038     1.175
     2.235     0.257     1.391
     1.733     0.480     1.035
     1.030     0.656     0.273
     0.327     0.728    -0.530
    -0.408     0.603    -0.863
    -1.434     0.285    -0.540
    -2.638    -0.093     0.148
    -3.347    -0.360     0.706
    -3.079    -0.494     0.547
    -2.161    -0.598    -0.421
    -1.086    -0.563    -1.566
     0.038    -0.285    -2.193
     0.917    -0.037    -2.235
     1.185     0.140    -1.702
     0.798     0.296    -0.592
     0.045     0.195     0.618
    -0.482    -0.030     1.588
    -0.469    -0.169     2.131
    -0.021    -0.263     2.211
     0.764    -0.311     2.044
     1.574    -0.269     1.729
     1.878    -0.098     1.358
     1.689     0.143     0.908
     1.352     0.337     0.252
     0.893     0.380    -0.654
     0.415     0.450    -1.575
     0.104     0.726    -2.010
    -0.197     0.871    -1.893
    -0.770     0.613    -1.642
    -1.636     0.035    -1.566
    -2.462    -0.669    -1.572
    -2.760    -1.158    -1.338
    -2.327    -1.161    -0.710
    -1.490    -0.822     0.239
    -0.720    -0.426     1.304
    -0.204    -0.169     2.108
     0.125    -0.136     2.263
     0.509    -0.061     1.985
     0.970     0.238     1.806
     1.197     0.588     1.804
     1.067     0.809     1.902
     0.687     0.837     1.986
     0.234     0.734     1.664
    -0.017     0.563     0.581
     0.078     0.350    -1.120
     0.434     0.183    -2.798
     0.753     0.096    -3.895
     0.765     0.021    -4.256
     0.394    -0.011    -3.919
    -0.242     0.011    -3.083
    -0.722    -0.042    -1.997
    -0.762    -0.191    -0.689
    -0.574    -0.356     0.841
    -0.583    -0.478     2.395
    -0.868    -0.629     3.567
    -1.083    -0.824     4.036
    -0.923    -0.883     3.855
    -0.285    -0.717     3.242
     0.666    -0.366     2.328
     1.600     0.115     1.183
     2.146     0.586    -0.067
     2.193     0.872    -1.263
     1.793     0.839    -2.289
     0.918     0.538    -2.911
    -0.146     0.225    -2.882
    -0.973     0.013    -2.363
    -1.295    -0.075    -1.736
    -1.170    -0.167    -1.372
    -0.905    -0.464    -1.289
    -0.601    -0.707    -0.962
    -0.269    -0.705    -0.223
    -0.061    -0.718     0.680
    -0.060    -0.796     1.656
    -0.181    -0.684     2.533
    -0.274    -0.312     2.993
    -0.169     0.099     2.916
     0.253     0.328     2.351
     0.885     0.347     1.390
     1.505     0.318     0.378
     1.958     0.449    -0.397
     2.066     0.632    -0.987
     1.703     0.608    -1.433
     0.930     0.454    -1.598
     0.004     0.311    -1.478
    -0.690     0.196    -1.346
    -1.126     0.155    -1.352
    -1.634     0.058    -1.472
    -2.239    -0.113    -1.450
    -2.657    -0.243    -0.993
    -2.701    -0.506    -0.460
    -2.414    -0.851    -0.232
    -1.814    -0.838    -0.016
    -0.790    -0.477     0.494
     0.481    -0.203     1.095
     1.430     0.017     1.532
     1.785     0.462     1.782
     1.943     0.946     1.632
     2.152     1.101     0.932
     2.159     0.979     0.007
     1.906     0.859    -0.675
     1.625     0.752    -0.997
     1.355     0.634    -1.097
     0.794     0.615    -1.013
    -0.076     0.590    -0.765
    -0.879     0.350    -0.463
    -1.569    -0.100    -0.188
    -2.132    -0.548     0.086
    -2.269    -0.791     0.419
    -2.016    -0.796     0.841
    -1.750    -0.707     1.172
    -1.483    -0.601     1.142
    -0.931    -0.418     0.905
    -0.137    -0.232     0.761
     0.578    -0.196     0.657
     1.023    -0.224     0.515
     1.378    -0.085     0.418
     1.717     0.223     0.132
     1.792     0.546    -0.620
     1.526     0.749    -1.581
     1.168     0.836    -2.183
     0.887     0.795    -2.056
     0.598     0.509    -1.229
     0.354     0.136     0.129
     0.084    -0.161     1.581
    -0.445    -0.451     2.411
    -1.100    -0.755     2.290
    -1.578    -0.980     1.467
    -1.789    -1.073     0.486
    -1.707    -1.086    -0.182
    -1.286    -0.940    -0.389
    -0.715    -0.573    -0.268
    -0.147    -0.158    -0.214
     0.423     0.191    -0.514
     0.822     0.396    -0.957
     0.857     0.515    -1.144
     0.637     0.709    -0.816
     0.268     0.814    -0.235
    -0.219     0.760     0.251
    -0.465     0.672     0.551
    -0.182     0.485     0.491
     0.409     0.223     0.170
     0.937     0.027    -0.191
     1.279    -0.036    -0.506
     1.292    -0.056    -0.715
     0.861    -0.112    -0.665
     0.256    -0.174    -0.153
    -0.207    -0.264     0.589
    -0.372    -0.434     1.042
    -0.336    -0.674     0.883
    -0.243    -0.823     0.225
    -0.104    -0.769    -0.561
    -0.043    -0.623    -1.135
    -0.178    -0.429    -1.274
    -0.466    -0.057    -0.916
    -0.715     0.397    -0.315
    -0.837     0.577     0.025
    -0.944     0.475     0.063
    -0.892     0.407     0.159
    -0.426     0.301     0.288
     0.249    -0.017     0.249
     0.701    -0.201     0.208
     0.894    -0.039     0.327
     1.050     0.186     0.534
     1.060     0.254     0.839
     0.798     0.235     1.249
     0.524     0.219     1.525
     0.463     0.173     1.287
     0.492     0.101     0.470
     0.320     0.018    -0.590
    -0.024    -0.043    -1.450
    -0.386    -0.018    -1.782
    -0.756     0.066    -1.636
    -0.977     0.159    -1.324
    -0.918     0.180    -1.055
    -0.676     0.057    -0.834
    -0.407    -0.144    -0.440
    -0.114    -0.301     0.345
     0.092    -0.409     1.303
    -0.037    -0.422     2.094
    -0.360    -0.279     2.503
    -0.564    -0.122     2.312
    -0.497    -0.032     1.635
    -0.249     0.043     0.802
     0.040     0.087     0.009
     0.353     0.090    -0.675
     0.599     0.101    -1.191
     0.625     0.097    -1.573
     0.452     0.086    -1.881
     0.279     0.146    -1.863
     0.166     0.248    -1.455
     0.036     0.341    -0.935
    -0.078     0.322    -0.531
    -0.081     0.034    -0.390
     0.004    -0.320    -0.299
     0.121    -0.375     0.123
     0.239    -0.220     0.750
     0.148    -0.080     1.191
    -0.154    -0.006     1.403
    -0.313    -0.006     1.461
    -0.179    -0.018     1.300
     0.054    -0.063     0.829
     0.114    -0.130     0.128
     0.005    -0.090    -0.471
    -0.081     0.007    -0.830
    -0.068     0.015    -0.992
     0.059     0.017    -0.847
     0.311     0.173    -0.352
     0.651     0.356     0.174
     0.885     0.346     0.248
     0.770     0.195    -0.112
     0.324     0.085    -0.460
    -0.195    -0.012    -0.644
    -0.633    -0.134    -0.662
    -0.954    -0.145    -0.306
    -1.023    -0.131     0.371
    -0.840    -0.226     0.922
    -0.502    -0.239     1.111
    -0.045    -0.117     0.939
     0.400    -0.078     0.417
     0.657    -0.148    -0.231
     0.597    -0.130    -0.648
     0.289     0.022    -0.684
    -0.113     0.166    -0.501
    -0.526     0.312    -0.324
    -0.732     0.472    -0.196
    -0.490     0.478    -0.083
     0.050     0.258    -0.016
     0.462    -0.060    -0.058
     0.687    -0.348    -0.183
     0.902    -0.602    -0.283
     0.863    -0.770    -0.258
     0.357    -0.640     0.088
    -0.240    -0.153     0.841
    -0.672     0.307     1.514
    -1.077     0.428     1.546
    -1.327     0.367     0.998
    -1.071     0.339     0.283
    -0.404     0.356    -0.335
     0.167     0.355    -0.733
     0.469     0.308    -0.787
     0.636     0.153    -0.574
     0.740    -0.071    -0.296
     0.699    -0.278    -0.079
     0.495    -0.367     0.038
     0.347    -0.245     0.157
     0.226    -0.156     0.168
     0.102    -0.246    -0.123
     0.154    -0.369    -0.476
     0.347    -0.416    -0.583
     0.410    -0.247    -0.388
     0.184     0.175     0.003
    -0.110     0.629     0.332
    -0.419     0.800     0.463
    -0.839     0.629     0.473
    -1.158     0.316     0.477
    -1.204    -0.019     0.482
    -1.061    -0.317     0.380
    -0.797    -0.477     0.170
    -0.267    -0.439    -0.058
     0.535    -0.181    -0.164
     1.264     0.141    -0.143
     1.544     0.207    -0.319
     1.316     0.017    -0.722
     0.967    -0.046    -0.924
     0.873     0.168    -0.666
     0.929     0.354    -0.181
     0.785     0.307     0.197
     0.351     0.083     0.357
    -0.137    -0.265     0.305
    -0.517    -0.609     0.173
    -0.827    -0.752     0.123
    -1.059    -0.629     0.230
    -1.020    -0.327     0.409
    -0.633     0.036     0.443
    -0.182     0.326     0.229
     0.087     0.453    -0.090
     0.067     0.430    -0.336
    -0.217     0.304    -0.435
    -0.453     0.239    -0.329
    -0.387     0.374    -0.066
    -0.087     0.504     0.088
     0.189     0.354    -0.010
     0.284     0.028    -0.171
     0.326    -0.285    -0.220
     0.435    -0.525    -0.109
     0.474    -0.629     0.067
     0.320    -0.567     0.074
     0.107    -0.274    -0.078
    -0.075     0.081    -0.231
    -0.227     0.211    -0.376
    -0.354     0.178    -0.433
    -0.505     0.157    -0.267
    -0.490     0.231     0.151
    -0.203     0.345     0.611
     0.116     0.345     0.783
     0.319     0.157     0.647
     0.384    -0.072     0.433
     0.313    -0.155     0.234
     0.164    -0.134     0.001
    -0.042    -0.102    -0.254
    -0.262    -0.085    -0.522
    -0.336     0.019    -0.789
    -0.211     0.231    -0.897
    -0.044     0.318    -0.762
    -0.022     0.213    -0.465
    -0.150     0.084    -0.093
    -0.181     0.028     0.291
    -0.001    -0.015     0.634
     0.141    -0.136     0.809
     0.053    -0.301     0.786
    -0.119    -0.371     0.809
    -0.242    -0.318     1.012
    -0.359    -0.207     1.243
    -0.402    -0.051     1.254
    -0.235     0.091     0.868
     0.029     0.146     0.146
     0.211     0.145    -0.758
     0.403     0.172    -1.579
     0.608     0.272    -1.902
     0.668     0.336    -1.616
     0.554     0.270    -0.987
     0.374     0.132    -0.377
     0.302    -0.054     0.009
     0.264    -0.283     0.241
     0.102    -0.424     0.473
    -0.102    -0.422     0.767
    -0.149    -0.319     1.029
    -0.063    -0.160     1.048
    -0.068    -0.024     0.778
    -0.107     0.097     0.480
    -0.076     0.203     0.349
    -0.056     0.227     0.311
    -0.012     0.195     0.132
     0.089     0.159    -0.353
     0.097     0.073    -0.959
    -0.075    -0.079    -1.292
    -0.378    -0.300    -1.255
    -0.680    -0.499    -0.971
    -0.766    -0.413    -0.481
    -0.597    -0.106     0.028
    -0.250     0.153     0.310
     0.154     0.283     0.319
     0.369     0.305     0.165
     0.320     0.223     0.001
     0.167     0.050    -0.004
     0.024    -0.022     0.259
    -0.054     0.120     0.608
     0.040     0.294     0.659
     0.321     0.319     0.350
     0.665     0.163    -0.030
     0.952    -0.150    -0.348
     1.072    -0.429    -0.567
     0.877    -0.496    -0.623
     0.451    -0.332    -0.552
     0.076     0.031    -0.443
    -0.195     0.421    -0.267
    -0.524     0.592    -0.002
    -0.914     0.476     0.225
    -1.308     0.208     0.450
    -1.698    -0.058     0.750
    -1.863    -0.298     0.963
    -1.635    -0.566     0.851
    -1.039    -0.719     0.423
    -0.159    -0.627    -0.060
     0.771    -0.465    -0.422
     1.498    -0.374    -0.616
     1.836    -0.280    -0.592
     1.744    -0.059    -0.356
     1.391     0.227    -0.071
     0.959     0.524     0.150
     0.490     0.763     0.272
     0.076     0.776     0.184
    -0.126     0.626    -0.063
    -0.103     0.402    -0.247
     0.055     0.133    -0.271
     0.175    -0.085    -0.121
     0.063    -0.190     0.209
    -0.277    -0.170     0.551
    -0.637    -0.147     0.696
    -0.886    -0.216     0.716
    -1.011    -0.294     0.793
    -1.019    -0.341     0.888
    -0.956    -0.352     0.822
    -0.738    -0.272     0.432
    -0.272    -0.079    -0.197
     0.305     0.138    -0.705
     0.787     0.264    -0.874
     1.125     0.297    -0.716
     1.263     0.280    -0.451
     1.175     0.274    -0.322
     0.967     0.256    -0.449
     0.654     0.199    -0.749
     0.315     0.237    -0.879
     0.006     0.290    -0.795
    -0.286     0.219    -0.608
    -0.496     0.031    -0.254
    -0.538    -0.214     0.218
    -0.334    -0.253     0.811
    -0.062    -0.061     1.400
    -0.051     0.033     1.561
    -0.398    -0.049     1.197
    -0.776    -0.143     0.637
    -0.840    -0.281     0.075
    -0.667    -0.478    -0.368
    -0.434    -0.514    -0.556
    -0.168    -0.343    -0.646
     0.171    -0.088    -0.854
     0.469     0.144    -1.176
     0.512     0.284    -1.401
     0.290     0.331    -1.282
     0.050     0.366    -0.745
    -0.041     0.449     0.016
    -0.037     0.465     0.601
     0.101     0.351     0.840
     0.318     0.166     0.864
     0.431    -0.064     0.715
     0.435    -0.259     0.420
     0.290    -0.309     0.137
    -0.038    -0.333    -0.142
    -0.398    -0.426    -0.332
    -0.582    -0.437    -0.147
    -0.502    -0.342     0.312
    -0.281    -0.213     0.687
    -0.104    -0.118     0.704
    -0.004    -0.090     0.378
     0.126     0.064     0.072
     0.281     0.389     0.025
     0.299     0.616     0.155
     0.072     0.615     0.368
    -0.340     0.435     0.552
    -0.667     0.180     0.533
    -0.722    -0.037     0.266
    -0.633    -0.182    -0.203
    -0.473    -0.273    -0.713
    -0.129    -0.339    -1.074
     0.423    -0.342    -1.168
     1.025    -0.263    -0.917
     1.442    -0.160    -0.488
     1.472    -0.106    -0.165
     1.097    -0.069    -0.023
     0.509     0.008     0.003
    -0.045     0.087     0.022
    -0.421     0.204     0.155
    -0.632     0.348     0.444
    -0.693     0.406     0.773
    -0.622     0.357     0.941
    -0.471     0.242     0.841
    -0.205     0.135     0.529
     0.130     0.081     0.229
     0.388     0.037     0.104
     0.415    -0.077     0.105
     0.172    -0.242     0.143
    -0.167    -0.389     0.076
    -0.505    -0.497    -0.177
    -0.717    -0.503    -0.434
    -0.611    -0.426    -0.595
    -0.243    -0.308    -0.718
     0.218    -0.111    -0.697
     0.604     0.117    -0.472
     0.762     0.355    -0.099
     0.664     0.514     0.218
     0.378     0.399     0.142
     0.104     0.218    -0.246
     0.046     0.188    -0.570
     0.077     0.159    -0.632
    -0.067     0.081    -0.417
    -0.293     0.016    -0.031
    -0.361    -0.043     0.285
    -0.267    -0.110     0.350
    -0.060    -0.143     0.291
     0.206    -0.098     0.276
     0.265    -0.005     0.371
    -0.088     0.067     0.611
    -0.703     0.051     0.875
    -1.289    -0.110     0.922
    -1.585    -0.341     0.624
    -1.483    -0.432     0.131
    -1.053    -0.397    -0.341
    -0.403    -0.385    -0.780
     0.352    -0.298    -1.148
     1.139    -0.087    -1.339
     1.865     0.177    -1.314
     2.286     0.556    -1.077
     2.169     0.908    -0.741
     1.576     0.954    -0.411
     0.809     0.782    -0.015
     0.163     0.545     0.529
    -0.260     0.236     1.083
    -0.551    -0.007     1.460
    -0.728    -0.129     1.614
    -0.735    -0.243     1.427
    -0.595    -0.369     0.915
    -0.473    -0.494     0.407
    -0.555    -0.556     0.179
    -0.845    -0.492     0.191
    -1.130    -0.368     0.165
    -1.148    -0.247    -0.143
    -0.824    -0.169    -0.670
    -0.216    -0.149    -1.066
     0.514    -0.183    -1.119
     1.128    -0.165    -0.852
     1.464     0.042    -0.374
     1.494     0.370     0.027
     1.326     0.624     0.056
     1.018     0.682    -0.162
     0.597     0.615    -0.216
     0.170     0.470     0.015
    -0.279     0.205     0.381
    -0.741    -0.050     0.738
    -0.999    -0.176     0.880
    -0.934    -0.183     0.762
    -0.690    -0.198     0.484
    -0.449    -0.367     0.051
    -0.231    -0.571    -0.325
    -0.038    -0.672    -0.376
     0.009    -0.649    -0.190
    -0.059    -0.421     0.067
    -0.130    -0.090     0.219
    -0.233     0.120     0.049
    -0.277     0.227    -0.327
    -0.202     0.297    -0.607
    -0.110     0.307    -0.708
    -0.114     0.318    -0.724
    -0.184     0.373    -0.670
    -0.091     0.421    -0.552
     0.235     0.453    -0.396
     0.604     0.470    -0.131
     0.760     0.335     0.095
     0.689     0.083     0.170
     0.559    -0.079     0.252
     0.412    -0.111     0.377
     0.269    -0.121     0.508
     0.111    -0.218     0.660
    -0.071    -0.376     0.826
    -0.175    -0.485     0.941
    -0.137    -0.473     0.921
    -0.071    -0.348     0.707
    -0.211    -0.207     0.255
    -0.470    -0.065    -0.307
    -0.552     0.167    -0.687
    -0.490     0.384    -0.818
    -0.444     0.418    -0.884
    -0.400     0.373    -0.949
    -0.248     0.382    -0.943
     0.052     0.426    -0.791
     0.355     0.425    -0.433
     0.465     0.208     0.007
     0.458    -0.168     0.362
     0.529    -0.437     0.648
     0.683    -0.568     0.899
     0.855    -0.578     1.071
     0.861    -0.419     1.104
     0.647    -0.150     0.993
     0.384     0.167     0.723
     0.108     0.401     0.299
    -0.275     0.362    -0.202
    -0.745     0.163    -0.586
    -1.095     0.066    -0.648
    -1.189     0.032    -0.549
    -1.021    -0.046    -0.586
    -0.732    -0.087    -0.768
    -0.454    -0.064    -0.885
    -0.188    -0.064    -0.803
    -0.064    -0.125    -0.458
    -0.152    -0.204     0.094
    -0.233    -0.190     0.636
    -0.071    -0.128     0.976
     0.265    -0.133     0.975
     0.611    -0.110     0.682
     0.906    -0.045     0.260
     1.001     0.061    -0.135
     0.817     0.265    -0.353
     0.477     0.395    -0.384
     0.086     0.322    -0.254
    -0.235     0.116     0.018
    -0.377    -0.147     0.261
    -0.292    -0.334     0.345
    -0.014    -0.401     0.245
     0.288    -0.471    -0.114
     0.514    -0.431    -0.591
     0.618    -0.212    -0.902
     0.504    -0.058    -0.956
     0.120     0.030    -0.734
    -0.398     0.213    -0.227
    -0.761     0.462     0.302
    -0.862     0.626     0.542
    -0.900     0.585     0.481
    -0.985     0.347     0.226
    -0.982     0.012    -0.134
    -0.808    -0.324    -0.427
    -0.469    -0.508    -0.348
    -0.015    -0.400     0.179
     0.437    -0.135     0.858
     0.737     0.028     1.243
     0.819     0.073     1.035
     0.796     0.117     0.460
     0.726     0.147    -0.114
     0.599     0.164    -0.489
     0.391     0.156    -0.589
     0.234     0.071    -0.543
     0.298    -0.021    -0.414
     0.410    -0.061    -0.214
     0.380    -0.041    -0.055
     0.259     0.034     0.008
     0.105     0.108    -0.039
    -0.123     0.125    -0.198
    -0.403     0.113    -0.273
    -0.641     0.144    -0.063
    -0.825     0.206     0.363
    -0.996     0.216     0.781
    -1.077     0.167     1.002
    -0.932     0.080     0.932
    -0.556    -0.071     0.590
    -0.110    -0.272     0.211
     0.191    -0.476    -0.005
     0.366    -0.596    -0.079
     0.506    -0.611    -0.136
     0.580    -0.519    -0.274
     0.635    -0.270    -0.487
     0.725     0.039    -0.760
     0.840     0.285    -0.964
     0.857     0.429    -0.982
     0.673     0.452    -0.893
     0.430     0.380    -0.739
     0.290     0.336    -0.427
     0.209     0.392     0.071
     0.041     0.405     0.553
    -0.284     0.281     0.809
    -0.698     0.050     0.815
    -0.995    -0.240     0.632
    -1.029    -0.486     0.303
    -0.861    -0.539     0.050
    -0.617    -0.349     0.083
    -0.393    -0.103     0.244
    -0.168     0.039     0.363
     0.152     0.038     0.363
     0.441    -0.029     0.220
     0.527    -0.060     0.066
     0.453    -0.027    -0.014
     0.302     0.101    -0.091
     0.075     0.191    -0.279
    -0.105     0.141    -0.557
    -0.072     0.020    -0.762
     0.159    -0.091    -0.771
     0.472    -0.120    -0.600
     0.713    -0.047    -0.312
     0.768     0.027    -0.078
     0.678     0.035    -0.051
     0.486     0.114    -0.083
     0.112     0.225    -0.007
    -0.375     0.221     0.210
    -0.795     0.193     0.566
    -1.082     0.225     1.009
    -1.106     0.211     1.355
    -0.790     0.064     1.352
    -0.347    -0.165     0.960
     0.045    -0.391     0.288
     0.343    -0.488    -0.503
     0.408    -0.407    -1.125
     0.218    -0.229    -1.413
     0.023     0.002    -1.434
    -0.002     0.246    -1.183
     0.031     0.408    -0.742
     0.066     0.523    -0.331
     0.090     0.587    -0.031
     0.047     0.478     0.178
     0.081     0.206     0.354
     0.232    -0.109     0.494
     0.367    -0.292     0.768
     0.398    -0.305     1.260
     0.272    -0.271     1.574
    -0.002    -0.270     1.399
    -0.335    -0.259     0.763
    -0.582    -0.119    -0.076
    -0.630     0.080    -0.803
    -0.492     0.234    -1.224
    -0.296     0.371    -1.176
    -0.209     0.359    -0.786
    -0.213     0.169    -0.384
    -0.139     0.009    -0.105
     0.040    -0.079     0.061
     0.305    -0.176     0.164
     0.575    -0.308     0.181
     0.674    -0.421     0.196
     0.592    -0.428     0.238
     0.384    -0.309     0.200
     0.089    -0.150     0.145
    -0.152    -0.077     0.091
    -0.160    -0.044     0.117
     0.043     0.046     0.315
     0.303     0.123     0.478
     0.545     0.109     0.330
     0.658     0.043    -0.178
     0.571     0.020    -0.740
     0.320     0.065    -0.987
    -0.067     0.085    -0.773
    -0.548     0.011    -0.174
    -0.981    -0.120     0.461
    -1.210    -0.167     0.740
    -1.160    -0.073     0.588
    -0.835    -0.012     0.126
    -0.405    -0.091    -0.409
    -0.085    -0.152    -0.685
     0.150    -0.054    -0.583
     0.391     0.149    -0.229
     0.511     0.333     0.190
     0.471     0.454     0.582
     0.430     0.489     0.850
     0.450     0.384     0.827
     0.489     0.175     0.501
     0.396    -0.059     0.029
     0.108    -0.228    -0.370
    -0.216    -0.303    -0.505
    -0.337    -0.360    -0.442
    -0.139    -0.373    -0.394
     0.198    -0.270    -0.377
     0.456    -0.085    -0.309
     0.502     0.028    -0.224
     0.264     0.009    -0.168
    -0.191     0.026    -0.079
    -0.662     0.118     0.023
    -0.940     0.202     0.063
    -0.946     0.270     0.112
    -0.706     0.244     0.157
    -0.420     0.087     0.101
    -0.135    -0.008     0.077
     0.254     0.050     0.189
     0.604     0.064     0.261
     0.782    -0.067     0.250
     0.771    -0.243     0.219
     0.668    -0.323     0.142
     0.593    -0.273     0.090
     0.512    -0.145     0.087
     0.352     0.078     0.051
     0.106     0.373    -0.030
    -0.027     0.549    -0.119
     0.015     0.439    -0.203
    -0.023     0.133    -0.215
    -0.168    -0.087    -0.042
    -0.279    -0.087     0.199
    -0.456    -0.026     0.236
    -0.721     0.043     0.031
    -0.897     0.143    -0.213
    -0.859     0.130    -0.363
    -0.644    -0.017    -0.398
    -0.447    -0.174    -0.258
    -0.357    -0.297    -0.017
    -0.229    -0.315     0.218
     0.014    -0.212     0.452
     0.335    -0.129     0.644
     0.637    -0.081     0.738
     0.720    -0.025     0.693
     0.631    -0.012     0.495
     0.619    -0.015     0.183
     0.691     0.007    -0.140
     0.728     0.044    -0.355
     0.770     0.101    -0.412
     0.840     0.153    -0.396
     0.754     0.218    -0.431
     0.397     0.324    -0.485
    -0.154     0.326    -0.597
    -0.738     0.174    -0.755
    -1.146     0.034    -0.722
    -1.281    -0.027    -0.417
    -1.173    -0.028     0.085
    -0.916    -0.022     0.527
    -0.600    -0.090     0.631
    -0.265    -0.174     0.384
     0.050    -0.202     0.009
     0.346    -0.233    -0.203
     0.553    -0.280    -0.206
     0.532    -0.269     0.002
     0.410    -0.208     0.420
     0.375    -0.129     0.798
     0.426     0.038     0.890
     0.483     0.303     0.714
     0.443     0.499     0.381
     0.271     0.421    -0.121
     0.025     0.114    -0.608
    -0.132    -0.128    -0.682
    -0.163    -0.194    -0.317
    -0.191    -0.147     0.146
    -0.156    -0.053     0.334
    -0.019    -0.026     0.088
     0.073    -0.093    -0.400
     0.057    -0.160    -0.784
     0.002    -0.163    -0.791
    -0.093    -0.161    -0.468
    -0.240    -0.153    -0.007
    -0.345    -0.052     0.475
    -0.329     0.034     0.740
    -0.202     0.046     0.666
    -0.152    -0.000     0.378
    -0.283    -0.153     0.053
    -0.379    -0.228    -0.123
    -0.264    -0.110    -0.101
    -0.044     0.073     0.032
     0.191     0.206     0.100
     0.537     0.235     0.019
     0.915     0.210    -0.075
     1.126     0.206    -0.087
     1.098     0.249     0.009
     0.756     0.265     0.119
     0.229     0.198     0.077
    -0.208     0.088    -0.125
    -0.454    -0.032    -0.356
    -0.579    -0.123    -0.453
    -0.689    -0.207    -0.445
    -0.828    -0.250    -0.447
    -0.885    -0.137    -0.416
    -0.717     0.078    -0.335
    -0.487     0.217    -0.297
    -0.407     0.201    -0.253
    -0.375     0.117    -0.086
    -0.280     0.062     0.202
    -0.177    -0.004     0.549
    -0.052    -0.078     0.874
     0.199    -0.073     1.116
     0.602    -0.020     1.186
     1.025    -0.019     0.956
     1.282    -0.054     0.443
     1.308    -0.037    -0.084
     1.134     0.055    -0.437
     0.739     0.197    -0.653
     0.196     0.357    -0.714
    -0.239     0.487    -0.641
    -0.519     0.492    -0.563
    -0.766     0.332    -0.495
    -0.905     0.096    -0.392
    -0.841    -0.118    -0.284
    -0.623    -0.282    -0.186
    -0.375    -0.426    -0.070
    -0.212    -0.441     0.191
    -0.165    -0.267     0.654
    -0.239    -0.107     1.053
    -0.441    -0.083     1.111
    -0.611    -0.139     0.855
    -0.506    -0.159     0.495
    -0.120    -0.129     0.183
     0.272    -0.113    -0.042
     0.521    -0.042    -0.131
     0.745     0.116    -0.149
     0.957     0.241    -0.250
     1.039     0.256    -0.443
     0.941     0.193    -0.604
     0.710     0.110    -0.658
     0.413     0.020    -0.685
     0.152    -0.055    -0.725
     0.002    -0.058    -0.710
    -0.124    -0.000    -0.586
    -0.286     0.014    -0.348
    -0.446    -0.044    -0.044
    -0.582    -0.098     0.279
    -0.637    -0.122     0.550
    -0.589    -0.140     0.712
    -0.509    -0.186     0.715
    -0.405    -0.214     0.598
    -0.268    -0.176     0.539
    -0.185    -0.147     0.516
    -0.147    -0.126     0.444
    -0.023    -0.048     0.359
     0.198    -0.002     0.233
     0.419     0.002     0.098
     0.605     0.074    -0.009
     0.685     0.191    -0.142
     0.624     0.314    -0.274
     0.529     0.409    -0.332
     0.462     0.382    -0.431
     0.416     0.287    -0.571
     0.374     0.189    -0.573
     0.299     0.051    -0.484
     0.095    -0.066    -0.437
    -0.213    -0.117    -0.418
    -0.484    -0.175    -0.357
    -0.745    -0.257    -0.243
    -0.951    -0.314     0.008
    -0.916    -0.337     0.364
    -0.720    -0.316     0.578
    -0.549    -0.245     0.605
    -0.319    -0.141     0.497
     0.004    -0.089     0.227
     0.198    -0.104    -0.015
     0.256    -0.039     0.022
     0.314     0.120     0.196
     0.362     0.276     0.301
     0.355     0.436     0.343
     0.280     0.521     0.323
     0.180     0.420     0.140
     0.085     0.274    -0.193
    -0.011     0.181    -0.542
    -0.059     0.119    -0.822
    -0.004     0.131    -0.869
     0.123     0.113    -0.706
     0.234    -0.012    -0.499
     0.226    -0.164    -0.265
     0.086    -0.261    -0.072
    -0.108    -0.267     0.064
    -0.278    -0.233     0.186
    -0.413    -0.214     0.323
    -0.508    -0.187     0.545
    -0.470    -0.101     0.815
    -0.262    -0.021     1.013
    -0.018     0.014     1.071
     0.131     0.072     0.996
     0.244     0.163     0.843
     0.369     0.227     0.552
     0.370     0.250     0.101
     0.213     0.259    -0.382
     0.052     0.217    -0.779
    -0.074     0.087    -1.025
    -0.171    -0.079    -1.081
    -0.161    -0.180    -0.959
    -0.011    -0.181    -0.778
     0.185    -0.148    -0.659
     0.314    -0.143    -0.616
     0.348    -0.161    -0.506
     0.286    -0.167    -0.129
     0.159    -0.114     0.477
     0.043    -0.012     1.032
    -0.041     0.050     1.333
    -0.105     0.032     1.368
    -0.188    -0.082     1.123
    -0.250    -0.230     0.672
    -0.247    -0.234     0.242
    -0.181    -0.143    -0.066
    -0.096    -0.110    -0.285
    -0.049    -0.050    -0.380
     0.027     0.122    -0.333
     0.148     0.291    -0.312
     0.202     0.339    -0.477
     0.123     0.272    -0.773
     0.051     0.152    -1.006
     0.089     0.022    -1.035
     0.107    -0.079    -0.817
     0.093    -0.119    -0.441
     0.198    -0.099    -0.137
     0.416    -0.077     0.034
     0.529    -0.098     0.161
     0.443    -0.098     0.351
     0.201    -0.055     0.618
    -0.156    -0.021     0.841
    -0.534    -0.013     0.889
    -0.824     0.030     0.772
    -0.863     0.116     0.602
    -0.663     0.119     0.361
    -0.415     0.067     0.073
    -0.121     0.043    -0.152
     0.231     0.040    -0.312
     0.471     0.042    -0.392
     0.446    -0.024    -0.406
     0.276    -0.111    -0.409
     0.201    -0.097    -0.445
     0.276     0.001    -0.487
     0.366     0.055    -0.451
     0.323     0.046    -0.295
     0.151     0.064     0.012
    -0.032     0.083     0.317
    -0.111     0.065     0.421
    -0.120    -0.015     0.347
    -0.130    -0.086     0.240
    -0.125    -0.052     0.211
    -0.111     0.083     0.282
    -0.128     0.220     0.396
    -0.260     0.173     0.366
    -0.441     0.001     0.148
    -0.494    -0.163    -0.095
    -0.343    -0.323    -0.305
    -0.101    -0.417    -0.469
     0.115    -0.379    -0.534
     0.359    -0.197    -0.426
     0.583     0.027    -0.215
     0.699     0.193    -0.036
     0.705     0.335     0.100
     0.608     0.451     0.197
     0.432     0.449     0.254
     0.264     0.333     0.260
     0.143     0.185     0.228
    -0.041     0.024     0.203
    -0.220    -0.070     0.186
    -0.261    -0.076     0.182
    -0.213    -0.078     0.228
    -0.179    -0.110     0.284
    -0.262    -0.177     0.230
    -0.456    -0.227     0.071
    -0.660    -0.221    -0.109
    -0.792    -0.184    -0.309
    -0.822    -0.176    -0.546
    -0.678    -0.166    -0.725
    -0.348    -0.088    -0.769
     0.056     0.012    -0.709
     0.416     0.081    -0.539
     0.620     0.100    -0.249
     0.630     0.143     0.132
     0.495     0.198     0.529
     0.286     0.120     0.807
     0.051    -0.037     0.875
    -0.117    -0.099     0.761
    -0.114    -0.040     0.572
    -0.030    -0.003     0.311
    -0.020    -0.008    -0.026
    -0.047     0.020    -0.320
    -0.025     0.084    -0.486
    -0.021     0.156    -0.469
    -0.168     0.152    -0.269
    -0.389     0.055    -0.075
    -0.509    -0.063     0.021
    -0.461    -0.152     0.099
    -0.254    -0.209     0.071
     0.031    -0.278    -0.175
     0.264    -0.338    -0.453
     0.369    -0.296    -0.538
     0.397    -0.147    -0.413
     0.427     0.046    -0.124
     0.380     0.218     0.239
     0.189     0.246     0.469
     0.010     0.129     0.468
    -0.017     0.006     0.351
     0.020    -0.059     0.283
    -0.020    -0.041     0.361
    -0.111     0.014     0.501
    -0.110     0.040     0.485
     0.034     0.050     0.246
     0.219     0.030    -0.081
     0.316     0.026    -0.391
     0.290     0.076    -0.627
     0.217     0.109    -0.742
     0.144     0.051    -0.788
     0.048    -0.097    -0.815
    -0.063    -0.233    -0.746
    -0.095    -0.215    -0.452
    -0.063    -0.060    -0.045
    -0.090     0.112     0.261
    -0.154     0.241     0.443
    -0.225     0.249     0.468
    -0.304     0.197     0.443
    -0.357     0.199     0.608
    -0.388     0.203     0.920
    -0.415     0.162     1.145
    -0.414     0.097     1.114
    -0.274     0.018     0.798
     0.036    -0.085     0.241
     0.364    -0.183    -0.417
     0.563    -0.283    -0.964
     0.645    -0.301    -1.214
     0.696    -0.153    -1.103
     0.719     0.057    -0.757
     0.657     0.187    -0.464
     0.426     0.183    -0.375
     0.041     0.155    -0.346
    -0.349     0.161    -0.256
    -0.625     0.144    -0.090
    -0.749     0.112     0.178
    -0.751     0.052     0.478
    -0.606    -0.067     0.654
    -0.306    -0.173     0.617
    -0.004    -0.176     0.437
     0.195    -0.105     0.239
     0.356    -0.038     0.050
     0.520    -0.043    -0.105
     0.565    -0.145    -0.130
     0.376    -0.268    -0.026
     0.028    -0.322     0.081
    -0.318    -0.244     0.110
    -0.509    -0.048     0.068
    -0.453     0.121    -0.017
    -0.261     0.171    -0.107
    -0.088     0.134    -0.174
     0.002     0.113    -0.196
    -0.038     0.120    -0.139
    -0.219     0.068    -0.080
    -0.376     0.033    -0.002
    -0.321     0.043     0.158
    -0.073    -0.002     0.289
     0.240    -0.071     0.351
     0.438    -0.174     0.222
     0.493    -0.225    -0.138
     0.482    -0.124    -0.501
     0.405    -0.012    -0.741
     0.291     0.080    -0.760
     0.198     0.225    -0.499
     0.093     0.305    -0.120
    -0.001     0.239     0.208
    -0.051     0.144     0.449
    -0.149     0.083     0.576
    -0.223     0.042     0.556
    -0.205    -0.020     0.433
    -0.200    -0.111     0.286
    -0.227    -0.156     0.201
    -0.176    -0.116     0.269
    -0.051    -0.045     0.390
    -0.019    -0.046     0.305
    -0.004    -0.101    -0.010
     0.119    -0.160    -0.404
     0.224    -0.227    -0.766
     0.219    -0.231    -0.915
     0.108    -0.092    -0.736
    -0.108     0.126    -0.361
    -0.318     0.258    -0.002
    -0.337     0.252     0.256
    -0.203     0.196     0.480
    -0.042     0.161     0.710
     0.100     0.140     0.832
     0.138     0.061     0.730
     0.143    -0.061     0.432
     0.237    -0.161    -0.020
     0.422    -0.235    -0.573
     0.687    -0.277    -0.992
     0.881    -0.207    -0.999
     0.782     0.022    -0.559
     0.395     0.290     0.018
    -0.054     0.462     0.340
    -0.461     0.412     0.306
    -0.751     0.147     0.158
    -0.780    -0.146     0.150
    -0.646    -0.321     0.296
    -0.576    -0.320     0.507
    -0.601    -0.217     0.598
    -0.598    -0.107     0.422
    -0.454    -0.040     0.095
    -0.174    -0.041    -0.200
     0.074    -0.056    -0.351
     0.160    -0.047    -0.372
     0.205     0.033    -0.411
     0.349     0.198    -0.528
     0.523     0.344    -0.594
     0.606     0.403    -0.420
     0.541     0.387    -0.042
     0.383     0.279     0.299
     0.280     0.081     0.470
     0.277    -0.114     0.478
     0.276    -0.230     0.412
     0.257    -0.281     0.311
     0.195    -0.332     0.184
    -0.016    -0.392     0.120
    -0.329    -0.379     0.134
    -0.597    -0.205     0.120
    -0.749     0.058    -0.001
    -0.771     0.229    -0.244
    -0.618     0.278    -0.541
    -0.292     0.245    -0.682
     0.044     0.167    -0.522
     0.239     0.115    -0.138
     0.293     0.072     0.269
     0.266     0.024     0.472
     0.188    -0.000     0.380
     0.099     0.035     0.187
     0.065     0.085     0.189
     0.046     0.061     0.312
     0.001    -0.045     0.307
    -0.009    -0.204     0.121
     0.101    -0.306    -0.222
     0.381    -0.274    -0.563
     0.668    -0.123    -0.723
     0.762     0.100    -0.604
     0.636     0.245    -0.312
     0.330     0.243    -0.096
    -0.009     0.152    -0.002
    -0.227     0.014    -0.040
    -0.340    -0.111    -0.169
    -0.400    -0.149    -0.183
    -0.418    -0.076     0.007
    -0.458     0.005     0.278
    -0.589    -0.029     0.451
    -0.698    -0.138     0.532
    -0.563    -0.230     0.559
    -0.173    -0.239     0.514
     0.253    -0.143     0.449
     0.560    -0.030     0.325
     0.701     0.021     0.080
     0.674     0.074    -0.174
     0.555     0.130    -0.281
     0.347     0.099    -0.225
    -0.003     0.065    -0.048
    -0.387     0.073     0.151
    -0.557     0.046     0.187
    -0.429     0.004     0.010
    -0.168    -0.022    -0.284
     0.050    -0.019    -0.543
     0.147     0.005    -0.708
     0.109     0.051    -0.749
    -0.059     0.094    -0.626
    -0.283     0.108    -0.403
    -0.425     0.126    -0.061
    -0.446     0.128     0.310
    -0.354     0.085     0.511
    -0.139     0.019     0.565
     0.148    -0.040     0.536
     0.386    -0.092     0.512
     0.451    -0.117     0.575
     0.367    -0.102     0.638
     0.232    -0.103     0.562
     0.059    -0.097     0.308
    -0.091    -0.064     0.000
    -0.161    -0.019    -0.240
    -0.217     0.021    -0.428
    -0.299     0.020    -0.639
    -0.340     0.035    -0.848
    -0.279     0.058    -0.962
    -0.143     0.044    -0.946
     0.027     0.064    -0.682
     0.195     0.132    -0.156
     0.356     0.177     0.373
     0.456     0.127     0.655
     0.466     0.041     0.646
     0.453     0.038     0.515
     0.360     0.059     0.409
     0.109    -0.001     0.380
    -0.231    -0.133     0.419
    -0.534    -0.259     0.439
    -0.686    -0.305     0.399
    -0.636    -0.251     0.271
    -0.412    -0.192     0.018
    -0.153    -0.196    -0.278
     0.073    -0.183    -0.467
     0.263    -0.113    -0.500
     0.355    -0.023    -0.375
     0.306     0.087    -0.143
     0.140     0.170     0.037
    -0.005     0.170     0.011
    -0.018     0.162    -0.198
     0.097     0.203    -0.410
     0.249     0.226    -0.513
     0.349     0.195    -0.472
     0.378     0.117    -0.322
     0.329     0.043    -0.156
     0.246     0.060     0.007
     0.164     0.152     0.167
     0.031     0.188     0.298
    -0.197     0.114     0.337
    -0.378     0.016     0.280
    -0.317    -0.067     0.219
    -0.096    -0.142     0.191
     0.046    -0.202     0.224
     0.023    -0.244     0.306
    -0.054    -0.260     0.341
    -0.102    -0.216     0.291
    -0.148    -0.090     0.168
    -0.194     0.009    -0.052
    -0.252     0.030    -0.306
    -0.298     0.060    -0.423
    -0.206     0.121    -0.412
     0.029     0.177    -0.382
     0.274     0.225    -0.272
     0.371     0.210    -0.074
     0.313     0.105     0.109
     0.221    -0.014     0.243
     0.129    -0.085     0.294
     0.075    -0.091     0.258
     0.099    -0.071     0.169
     0.140    -0.070     0.081
     0.171    -0.093     0.047
     0.195    -0.113     0.074
     0.148    -0.095     0.181
    -0.001    -0.072     0.273
    -0.185    -0.055     0.218
    -0.305    -0.023    -0.006
    -0.354     0.007    -0.254
    -0.391     0.031    -0.305
    -0.444     0.007    -0.153
    -0.457    -0.011     0.065
    -0.310     0.049     0.228
    -0.041     0.150     0.276
     0.240     0.199     0.228
     0.436     0.099     0.073
     0.471    -0.090    -0.162
     0.384    -0.194    -0.406
     0.270    -0.147    -0.548
     0.172    -0.041    -0.521
     0.004     0.038    -0.374
    -0.167     0.138    -0.122
    -0.159     0.206     0.119
    -0.017     0.138     0.201
     0.097    -0.020     0.154
     0.104    -0.167     0.107
     0.058    -0.211     0.196
     0.002    -0.136     0.389
    -0.046    -0.057     0.485
    -0.069    -0.048     0.373
    -0.047    -0.032     0.168
     0.022     0.006    -0.001
     0.056     0.021    -0.171
     0.028     0.063    -0.328
    -0.048     0.173    -0.436
    -0.135     0.268    -0.521
    -0.188     0.231    -0.543
    -0.228     0.105    -0.432
    -0.227     0.020    -0.170
    -0.146    -0.020     0.155
    -0.043    -0.084     0.389
     0.056    -0.145     0.490
     0.151    -0.173     0.452
     0.248    -0.198     0.249
     0.342    -0.208    -0.009
     0.320    -0.195    -0.176
     0.202    -0.110    -0.132
     0.105     0.029     0.035
     0.037     0.141     0.127
    -0.011     0.243     0.147
     0.010     0.309     0.075
     0.082     0.268    -0.125
     0.075     0.159    -0.347
     0.008     0.103    -0.435
    -0.052     0.110    -0.326
    -0.163     0.134    -0.072
    -0.396     0.121     0.227
    -0.698    -0.013     0.400
    -0.857    -0.200     0.399
    -0.815    -0.348     0.300
    -0.605    -0.413     0.175
    -0.235    -0.385     0.067
     0.176    -0.313    -0.067
     0.503    -0.181    -0.211
     0.709     0.030    -0.251
     0.848     0.203    -0.149
     0.862     0.240     0.054
     0.647     0.279     0.362
     0.343     0.372     0.617
     0.117     0.350     0.525
    -0.086     0.170     0.083
    -0.306    -0.086    -0.450
    -0.336    -0.215    -0.838
    -0.120    -0.143    -0.960
     0.083    -0.019    -0.778
     0.068     0.042    -0.439
    -0.095    -0.024    -0.113
    -0.186    -0.102     0.203
    -0.215    -0.138     0.439
    -0.299    -0.204     0.513
    -0.400    -0.279     0.493
    -0.402    -0.306     0.443
    -0.263    -0.219     0.436
    -0.083    -0.070     0.536
     0.087     0.051     0.619
     0.170     0.102     0.527
     0.154     0.124     0.253
     0.190     0.130    -0.154
     0.270     0.053    -0.581
     0.284    -0.022    -0.874
     0.246    -0.004    -0.962
     0.284     0.098    -0.879
     0.369     0.236    -0.706
     0.334     0.323    -0.502
     0.194     0.324    -0.313
     0.051     0.241    -0.126
    -0.059     0.133     0.156
    -0.201     0.020     0.491
    -0.446    -0.140     0.721
    -0.689    -0.283     0.812
    -0.780    -0.330     0.808
    -0.631    -0.293     0.716
    -0.295    -0.253     0.582
     0.042    -0.198     0.465
     0.255    -0.078     0.328
     0.335     0.021     0.090
     0.341     0.049    -0.304
     0.304     0.053    -0.738
     0.228     0.066    -1.022
     0.221     0.099    -1.087
     0.326     0.136    -0.937
     0.387     0.186    -0.671
     0.318     0.275    -0.406
     0.201     0.366    -0.176
     0.098     0.344     0.028
     0.013     0.179     0.228
    -0.006    -0.013     0.481
     0.021    -0.173     0.769
    -0.013    -0.245     0.989
    -0.127    -0.243     1.076
    -0.274    -0.263     0.987
    -0.374    -0.239     0.751
    -0.416    -0.175     0.450
    -0.386    -0.147     0.094
    -0.270    -0.115    -0.278
    -0.176    -0.107    -0.600
    -0.111    -0.122    -0.778
     0.035    -0.081    -0.784
     0.290    -0.004    -0.727
     0.549     0.101    -0.599
     0.670     0.217    -0.411
     0.575     0.223    -0.303
     0.271     0.122    -0.247
    -0.131     0.040    -0.090
    -0.466    -0.003     0.164
    -0.590    -0.046     0.381
    -0.531    -0.053     0.542
    -0.374    -0.020     0.635
    -0.124     0.051     0.577
     0.131     0.121     0.384
     0.305     0.122     0.125
     0.409     0.079    -0.099
     0.407     0.014    -0.241
     0.318    -0.045    -0.272
     0.153    -0.089    -0.201
    -0.087    -0.119    -0.108
    -0.258    -0.103     0.031
    -0.307    -0.077     0.136
    -0.283    -0.088     0.110
    -0.233    -0.141    -0.040
    -0.201    -0.195    -0.270
    -0.187    -0.211    -0.394
    -0.179    -0.168    -0.312
    -0.167    -0.040    -0.091
    -0.141     0.119     0.136
    -0.058     0.212     0.216
     0.101     0.224     0.083
     0.302     0.208    -0.174
     0.522     0.215    -0.335
     0.674     0.208    -0.288
     0.640     0.141    -0.125
     0.478     0.057     0.109
     0.365     0.033     0.375
     0.299     0.029     0.467
     0.120    -0.039     0.296
    -0.145    -0.123     0.025
    -0.353    -0.180    -0.181
    -0.521    -0.182    -0.236
    -0.672    -0.125    -0.143
    -0.757    -0.075     0.031
    -0.734    -0.023     0.211
    -0.579     0.021     0.328
    -0.324     0.054     0.346
    -0.016     0.080     0.260
     0.248     0.061     0.095
     0.399     0.022    -0.080
     0.457     0.033    -0.213
     0.478     0.115    -0.284
     0.484     0.199    -0.327
     0.459     0.233    -0.353
     0.445     0.217    -0.333
     0.444     0.169    -0.281
     0.429     0.086    -0.215
     0.323    -0.017    -0.207
     0.141    -0.076    -0.227
     0.015    -0.112    -0.173
    -0.100    -0.170    -0.026
    -0.224    -0.165     0.294
    -0.366    -0.064     0.752
    -0.592    -0.011     1.100
    -0.838    -0.061     1.152
    -1.003    -0.155     0.950
    -0.980    -0.241     0.564
    -0.709    -0.219     0.062
    -0.261    -0.094    -0.383
     0.226     0.027    -0.660
     0.661     0.118    -0.758
     0.959     0.177    -0.747
     1.007     0.171    -0.722
     0.853     0.152    -0.686
     0.634     0.169    -0.593
     0.403     0.126    -0.441
     0.172    -0.036    -0.237
    -0.082    -0.195     0.075
    -0.340    -0.237     0.482
    -0.459    -0.197     0.790
    -0.383    -0.149     0.874
    -0.244    -0.087     0.773
    -0.111     0.032     0.595
     0.028     0.206     0.434
     0.045     0.313     0.265
    -0.144     0.235    -0.016
    -0.393     0.088    -0.344
    -0.556     0.001    -0.567
    -0.564    -0.099    -0.687
    -0.422    -0.229    -0.733
    -0.207    -0.303    -0.699
     0.008    -0.269    -0.549
     0.218    -0.123    -0.263
     0.383     0.065     0.051
     0.406     0.230     0.335
     0.327     0.319     0.551
     0.282     0.246     0.593
     0.270     0.041     0.443
     0.273    -0.149     0.243
     0.342    -0.218     0.137
     0.379    -0.233     0.051
     0.369    -0.206    -0.080
     0.375    -0.083    -0.206
     0.297     0.091    -0.326
     0.075     0.291    -0.399
    -0.243     0.416    -0.373
    -0.600     0.416    -0.276
    -0.917     0.375    -0.115
    -1.042     0.318     0.059
    -0.931     0.202     0.112
    -0.703    -0.017     0.058
    -0.430    -0.283     0.018
    -0.178    -0.496     0.036
     0.056    -0.574     0.111
     0.341    -0.498     0.247
     0.599    -0.360     0.359
     0.721    -0.222     0.354
     0.742    -0.080     0.298
     0.685     0.055     0.229
     0.547     0.159     0.095
     0.434     0.284    -0.046
     0.415     0.453    -0.114
     0.433     0.559    -0.141
     0.401     0.529    -0.147
     0.229     0.383    -0.080
    -0.057     0.185     0.066
    -0.364    -0.019     0.218
    -0.621    -0.207     0.305
    -0.732    -0.381     0.259
    -0.722    -0.508     0.095
    -0.656    -0.540    -0.107
    -0.525    -0.485    -0.278
    -0.348    -0.357    -0.397
    -0.173    -0.198    -0.438
     0.018    -0.031    -0.374
     0.288     0.136    -0.256
     0.566     0.227    -0.142
     0.676     0.220    -0.016
     0.566     0.120     0.095
     0.333    -0.040     0.167
     0.079    -0.115     0.248
    -0.138    -0.051     0.331
    -0.209     0.055     0.361
    -0.105     0.111     0.331
     0.067     0.109     0.258
     0.244     0.107     0.175
     0.354     0.120     0.102
     0.295     0.160     0.042
     0.055     0.194    -0.029
    -0.189     0.149    -0.167
    -0.285     0.052    -0.357
    -0.307    -0.038    -0.526
    -0.333    -0.122    -0.603
    -0.338    -0.235    -0.548
    -0.289    -0.319    -0.386
    -0.193    -0.293    -0.186
    -0.061    -0.195     0.003
     0.085    -0.101     0.102
     0.197     0.009     0.116
     0.291     0.151     0.151
     0.339     0.202     0.218
     0.280     0.193     0.294
     0.166     0.195     0.376
     0.082     0.175     0.413
     0.048     0.145     0.440
    -0.030     0.099     0.457
    -0.182     0.052     0.351
    -0.312     0.028     0.166
    -0.361    -0.008    -0.059
    -0.353    -0.090    -0.306
    -0.315    -0.170    -0.472
    -0.224    -0.200    -0.539
    -0.097    -0.161    -0.537
    -0.007    -0.063    -0.488
     0.036     0.046    -0.378
     0.069     0.123    -0.226
     0.081     0.097    -0.085
     0.076    -0.029     0.060
     0.117    -0.172     0.205
     0.216    -0.240     0.340
     0.345    -0.187     0.439
     0.455    -0.016     0.462
     0.500     0.218     0.427
     0.478     0.380     0.341
     0.349     0.414     0.209
     0.107     0.340     0.070
    -0.202     0.198     0.000
    -0.500     0.072     0.016
    -0.661    -0.003    -0.006
    -0.617    -0.002    -0.089
    -0.421     0.018    -0.182
    -0.212    -0.058    -0.303
    -0.103    -0.193    -0.413
    -0.077    -0.293    -0.472
    -0.052    -0.323    -0.448
     0.060    -0.293    -0.327
     0.237    -0.239    -0.172
     0.351    -0.183    -0.066
     0.387    -0.124     0.015
     0.369    -0.090     0.125
     0.236    -0.101     0.246
     0.040    -0.072     0.402
    -0.055     0.007     0.520
    -0.007     0.110     0.492
     0.070     0.244     0.379
     0.073     0.363     0.259
    -0.019     0.392     0.185
    -0.186     0.292     0.120
    -0.321     0.123    -0.032
    -0.329    -0.007    -0.235
    -0.225    -0.065    -0.412
    -0.110    -0.106    -0.540
    -0.002    -0.128    -0.610
     0.165    -0.131    -0.615
     0.333    -0.169    -0.573
     0.390    -0.233    -0.464
     0.289    -0.305    -0.245
     0.109    -0.325     0.081
    -0.080    -0.220     0.422
    -0.264    -0.037     0.680
    -0.319     0.185     0.802
    -0.196     0.363     0.709
    -0.018     0.401     0.451
     0.095     0.341     0.182
     0.142     0.247     0.030
     0.145     0.155     0.014
     0.090     0.090     0.022
     0.035     0.020    -0.013
     0.050    -0.070    -0.117
     0.119    -0.156    -0.286
     0.153    -0.200    -0.467
     0.118    -0.210    -0.583
     0.053    -0.202    -0.598
    -0.005    -0.109    -0.495
    -0.009     0.034    -0.269
     0.014     0.112     0.003
     0.009     0.140     0.244
    -0.052     0.160     0.397
    -0.143     0.137     0.449
    -0.197     0.026     0.432
    -0.257    -0.114     0.381
    -0.284    -0.184     0.378
    -0.217    -0.190     0.444
    -0.161    -0.189     0.493
    -0.134    -0.165     0.391
    -0.028    -0.108     0.109
     0.172    -0.036    -0.226
     0.356     0.054    -0.484
     0.469     0.141    -0.619
     0.525     0.196    -0.664
     0.456     0.193    -0.647
     0.193     0.142    -0.549
    -0.141     0.090    -0.341
    -0.357     0.053    -0.084
    -0.437     0.009     0.143
    -0.393    -0.035     0.319
    -0.203    -0.048     0.413
     0.063    -0.029     0.444
     0.230    -0.024     0.416
     0.211    -0.049     0.344
     0.130    -0.053     0.298
     0.087    -0.054     0.240
     0.079    -0.070     0.165
     0.078    -0.074     0.145
     0.048    -0.068     0.145
    -0.037    -0.049     0.053
    -0.159    -0.039    -0.194
    -0.245    -0.037    -0.497
    -0.266    -0.018    -0.653
    -0.226    -0.003    -0.510
    -0.163    -0.003    -0.070
    -0.154     0.038     0.417
    -0.203     0.070     0.617
    -0.207     0.040     0.404
    -0.059     0.001    -0.089
     0.195    -0.060    -0.560
     0.408    -0.123    -0.701
     0.479    -0.148    -0.456
     0.411    -0.124    -0.062
     0.274    -0.027     0.262
     0.153     0.108     0.450
     0.081     0.194     0.470
     0.033     0.198     0.325
    -0.004     0.130     0.129
    -0.057     0.005     0.001
    -0.142    -0.081     0.012
    -0.266    -0.087     0.137
    -0.390    -0.056     0.273
    -0.414    -0.009     0.310
    -0.313     0.040     0.183
    -0.152     0.079    -0.065
    -0.019     0.063    -0.364
     0.054    -0.017    -0.594
     0.117    -0.117    -0.641
     0.201    -0.163    -0.517
     0.290    -0.128    -0.300
     0.324    -0.050    -0.109
     0.258     0.027    -0.012
     0.180     0.081    -0.035
     0.121     0.130    -0.093
     0.005     0.127    -0.067
    -0.183     0.052     0.044
    -0.352    -0.034     0.182
    -0.344    -0.074     0.249
    -0.156    -0.050     0.240
     0.065    -0.012     0.222
     0.193     0.013     0.223
     0.160     0.036     0.204
     0.036     0.094     0.145
    -0.085     0.178     0.091
    -0.175     0.175    -0.014
    -0.175     0.069    -0.180
    -0.055    -0.049    -0.305
     0.119    -0.109    -0.346
     0.244    -0.133    -0.338
     0.268    -0.129    -0.321
     0.224    -0.048    -0.247
     0.169     0.059    -0.101
     0.087     0.120     0.043
    -0.026     0.135     0.166
    -0.096     0.141     0.296
    -0.084     0.128     0.327
    -0.002     0.097     0.214
     0.108     0.101     0.059
     0.197     0.101    -0.092
     0.190     0.060    -0.178
     0.031    -0.007    -0.142
    -0.145    -0.024    -0.022
    -0.222    -0.025     0.067
    -0.223    -0.101     0.066
    -0.206    -0.160     0.045
    -0.220    -0.168     0.046
    -0.208    -0.144     0.089
    -0.166    -0.074     0.160
    -0.150     0.003     0.220
    -0.104     0.059     0.273
     0.042     0.051     0.302
     0.237    -0.008     0.305
     0.357    -0.044     0.276
     0.383    -0.008     0.194
     0.353     0.039     0.002
     0.252     0.052    -0.290
     0.096     0.066    -0.530
    -0.043     0.062    -0.590
    -0.147     0.068    -0.454
    -0.222     0.081    -0.237
    -0.200     0.081    -0.061
    -0.083     0.055     0.002
     0.020    -0.028    -0.041
     0.061    -0.093    -0.019
     0.036    -0.094     0.175
    -0.040    -0.078     0.447
    -0.166    -0.096     0.614
    -0.270    -0.152     0.568
    -0.217    -0.183     0.348
    -0.052    -0.131     0.111
     0.109    -0.052    -0.071
     0.228     0.010    -0.245
     0.281     0.080    -0.402
     0.269     0.116    -0.536
     0.223     0.107    -0.595
     0.170     0.070    -0.505
     0.151     0.044    -0.306
     0.160     0.038    -0.094
     0.166     0.036     0.025
     0.168     0.038     0.059
     0.081    -0.044     0.074
    -0.088    -0.166     0.164
    -0.264    -0.216     0.397
    -0.404    -0.216     0.626
    -0.443    -0.183     0.646
    -0.378    -0.163     0.417
    -0.235    -0.144     0.084
    -0.082    -0.074    -0.141
     0.017     0.020    -0.202
     0.065     0.099    -0.184
     0.072     0.151    -0.141
     0.063     0.164    -0.062
     0.055     0.100    -0.005
     0.043    -0.041    -0.063
     0.018    -0.138    -0.165
     0.061    -0.066    -0.224
     0.230     0.111    -0.264
     0.395     0.225    -0.311
     0.390     0.237    -0.364
     0.201     0.179    -0.338
     0.000     0.082    -0.171
    -0.146    -0.063     0.036
    -0.280    -0.194     0.224
    -0.356    -0.189     0.424
    -0.315    -0.109     0.569
    -0.218    -0.051     0.566
    -0.155    -0.013     0.414
    -0.069     0.035     0.220
     0.065     0.122     0.117
     0.174     0.203     0.140
     0.215     0.201     0.183
     0.166     0.122     0.141
     0.050     0.026    -0.010
    -0.021    -0.048    -0.261
     0.016    -0.100    -0.552
     0.090    -0.123    -0.737
     0.119    -0.103    -0.744
     0.131    -0.037    -0.643
     0.167     0.041    -0.450
     0.129     0.090    -0.199
    -0.009     0.122     0.092
    -0.176     0.107     0.399
    -0.240     0.106     0.704
    -0.151     0.133     0.932
    -0.034     0.065     0.864
     0.076    -0.095     0.513
     0.148    -0.266     0.081
     0.193    -0.331    -0.200
     0.250    -0.234    -0.223
     0.250    -0.074    -0.148
     0.118     0.014    -0.168
    -0.050     0.062    -0.284
    -0.121     0.138    -0.344
    -0.248     0.158    -0.324
    -0.481     0.119    -0.268
    -0.632     0.052    -0.180
    -0.554    -0.007    -0.067
    -0.226    -0.004     0.063
     0.195     0.037     0.170
     0.512     0.031     0.189
     0.645    -0.054     0.124
     0.653    -0.125     0.047
     0.529    -0.142    -0.010
     0.294    -0.094     0.015
     0.049    -0.035     0.141
    -0.206    -0.021     0.266
    -0.431     0.021     0.347
    -0.500     0.096     0.368
    -0.415     0.126     0.268
    -0.339     0.061     0.071
    -0.273    -0.034    -0.094
    -0.166    -0.077    -0.174
    -0.053    -0.099    -0.246
     0.017    -0.113    -0.348
    -0.015    -0.073    -0.416
    -0.107    -0.009    -0.410
    -0.115     0.045    -0.348
     0.018     0.088    -0.256
     0.195     0.069    -0.180
     0.340     0.016    -0.074
     0.472    -0.006     0.086
     0.563    -0.017     0.169
     0.611     0.017     0.167
     0.554     0.103     0.188
     0.271     0.149     0.224
    -0.120     0.143     0.262
    -0.476     0.053     0.286
    -0.774    -0.130     0.262
    -0.938    -0.271     0.229
    -0.906    -0.322     0.185
    -0.711    -0.321     0.116
    -0.440    -0.269     0.070
    -0.178    -0.203     0.007
     0.058    -0.145    -0.138
     0.325    -0.083    -0.309
     0.573    -0.030    -0.413
     0.674     0.054    -0.413
     0.643     0.176    -0.372
     0.564     0.290    -0.349
     0.456     0.353    -0.359
     0.344     0.364    -0.366
     0.278     0.339    -0.280
     0.276     0.269    -0.114
     0.316     0.196     0.094
     0.345     0.122     0.305
     0.298     0.022     0.470
     0.116    -0.071     0.582
    -0.197    -0.146     0.634
    -0.506    -0.207     0.630
    -0.723    -0.275     0.542
    -0.834    -0.309     0.358
    -0.801    -0.285     0.145
    -0.639    -0.257    -0.100
    -0.419    -0.211    -0.370
    -0.239    -0.129    -0.585
    -0.077    -0.013    -0.682
     0.132     0.167    -0.605
     0.326     0.391    -0.385
     0.442     0.552    -0.131
     0.469     0.544     0.047
     0.412     0.366     0.116
     0.353     0.148     0.145
     0.398    -0.008     0.165
     0.512    -0.095     0.144
     0.568    -0.125     0.058
     0.542    -0.103    -0.045
     0.459    -0.042    -0.081
     0.300     0.022    -0.013
     0.015     0.058     0.131
    -0.302     0.052     0.280
    -0.506     0.008     0.382
    -0.640    -0.075     0.426
    -0.691    -0.161     0.416
    -0.627    -0.202     0.352
    -0.521    -0.190     0.200
    -0.383    -0.121    -0.021
    -0.221    -0.018    -0.239
    -0.037     0.079    -0.392
     0.145     0.144    -0.409
     0.203     0.145    -0.306
     0.130     0.129    -0.155
     0.065     0.118    -0.011
     0.097     0.058     0.024
     0.184    -0.033    -0.039
     0.259    -0.097    -0.085
     0.333    -0.139    -0.074
     0.366    -0.186    -0.069
     0.260    -0.231    -0.088
     0.111    -0.215    -0.026
     0.036    -0.131     0.119
    -0.005    -0.045     0.261
    -0.055    -0.010     0.352
    -0.132    -0.022     0.356
    -0.208    -0.048     0.309
    -0.251    -0.056     0.234
    -0.259    -0.032     0.114
    -0.223    -0.006    -0.030
    -0.138     0.022    -0.180
    -0.019     0.057    -0.323
     0.057     0.070    -0.402
     0.041     0.089    -0.390
    -0.046     0.106    -0.307
    -0.132     0.093    -0.209
    -0.138     0.030    -0.188
    -0.088    -0.051    -0.218
    -0.025    -0.108    -0.216
     0.034    -0.134    -0.140
     0.111    -0.118     0.031
     0.193    -0.112     0.257
     0.243    -0.085     0.452
     0.329    -0.023     0.525
     0.431     0.023     0.433
     0.435     0.089     0.232
     0.334     0.161     0.061
     0.172     0.199    -0.025
    -0.009     0.189    -0.032
    -0.174     0.132    -0.006
    -0.292     0.044    -0.042
    -0.316    -0.025    -0.139
    -0.226    -0.049    -0.289
    -0.111    -0.056    -0.447
    -0.065    -0.057    -0.479
    -0.088    -0.068    -0.353
    -0.134    -0.087    -0.110
    -0.203    -0.092     0.162
    -0.262    -0.059     0.376
    -0.236    -0.001     0.457
    -0.156     0.020     0.376
    -0.068    -0.005     0.236
     0.025    -0.073     0.095
     0.107    -0.153    -0.018
     0.164    -0.176    -0.061
     0.189    -0.107    -0.097
     0.206    -0.003    -0.167
     0.195     0.070    -0.197
     0.149     0.099    -0.145
     0.114     0.084    -0.045
     0.141     0.075     0.080
     0.199     0.078     0.185
     0.209     0.056     0.203
     0.175     0.018     0.148
     0.141     0.006     0.041
     0.116     0.008    -0.098
     0.044    -0.022    -0.210
    -0.073    -0.035    -0.216
    -0.193    -0.008    -0.127
    -0.308     0.010    -0.078
    -0.371     0.001    -0.106
    -0.354    -0.009    -0.178
    -0.268     0.003    -0.262
    -0.176     0.035    -0.258
    -0.143     0.062    -0.123
    -0.128     0.042     0.094
    -0.065    -0.017     0.293
     0.047    -0.069     0.401
     0.180    -0.124     0.433
     0.314    -0.190     0.423
     0.378    -0.259     0.370
     0.351    -0.267     0.291
     0.279    -0.166     0.233
     0.189     0.007     0.174
     0.138     0.185     0.037
     0.101     0.292    -0.172
     0.041     0.337    -0.344
    -0.027     0.329    -0.384
    -0.105     0.255    -0.345
    -0.193     0.154    -0.326
    -0.274     0.032    -0.375
    -0.303    -0.076    -0.437
    -0.262    -0.136    -0.447
    -0.172    -0.167    -0.353
    -0.114    -0.152    -0.114
    -0.132    -0.095     0.203
    -0.181    -0.062     0.467
    -0.193    -0.050     0.604
    -0.092    -0.002     0.634
     0.122     0.069     0.568
     0.384     0.107     0.392
     0.596     0.075     0.187
     0.661     0.019     0.051
     0.562    -0.031    -0.027
     0.337    -0.100    -0.084
     0.072    -0.136    -0.107
    -0.173    -0.099    -0.129
    -0.330    -0.028    -0.174
    -0.384     0.039    -0.245
    -0.395     0.079    -0.328
    -0.336     0.069    -0.384
    -0.187     0.042    -0.382
    -0.014     0.063    -0.273
     0.065     0.091    -0.086
     0.046     0.058     0.088
     0.019    -0.031     0.182
    -0.021    -0.154     0.180
    -0.086    -0.238     0.104
    -0.128    -0.230    -0.030
    -0.111    -0.150    -0.137
    -0.082    -0.036    -0.183
    -0.024     0.086    -0.127
     0.120     0.187     0.080
     0.266     0.203     0.300
     0.323     0.159     0.407
     0.276     0.107     0.410
     0.177     0.055     0.312
     0.103    -0.009     0.117
     0.044    -0.086    -0.097
    -0.042    -0.115    -0.238
    -0.151    -0.114    -0.281
    -0.260    -0.099    -0.239
    -0.339    -0.029    -0.135
    -0.344     0.052    -0.044
    -0.298     0.122    -0.029
    -0.228     0.159    -0.097
    -0.107     0.120    -0.213
     0.038     0.052    -0.262
     0.129    -0.017    -0.181
     0.155    -0.060    -0.011
     0.153    -0.044     0.144
     0.122    -0.042     0.190
     0.080    -0.066     0.143
     0.060    -0.080     0.049
     0.041    -0.109    -0.025
     0.031    -0.140    -0.002
     0.042    -0.154     0.064
     0.131    -0.120     0.104
     0.305     0.001     0.131
     0.429     0.189     0.135
     0.392     0.361     0.124
     0.172     0.395     0.116
    -0.139     0.273     0.129
    -0.449     0.096     0.189
    -0.650    -0.067     0.219
    -0.619    -0.174     0.160
    -0.399    -0.187     0.052
    -0.103    -0.148    -0.072
     0.149    -0.131    -0.210
     0.256    -0.141    -0.319
     0.203    -0.163    -0.372
     0.107    -0.149    -0.381
     0.093    -0.078    -0.341
     0.133     0.030    -0.242
     0.154     0.164    -0.089
     0.135     0.234     0.060
     0.101     0.192     0.150
     0.074     0.088     0.198
     0.020    -0.037     0.235
    -0.047    -0.118     0.287
    -0.058    -0.124     0.345
     0.010    -0.078     0.335
     0.121     0.011     0.213
     0.208     0.097     0.052
     0.225     0.125    -0.078
     0.147     0.085    -0.157
    -0.030    -0.004    -0.175
    -0.211    -0.029    -0.120
    -0.302     0.018    -0.036
    -0.310     0.030    -0.040
    -0.246     0.001    -0.137
    -0.147    -0.084    -0.228
    -0.060    -0.171    -0.250
    -0.008    -0.189    -0.208
     0.011    -0.146    -0.126
     0.006    -0.088    -0.007
    -0.037    -0.076     0.101
    -0.072    -0.054     0.155
    -0.056    -0.002     0.189
    -0.024     0.040     0.211
    -0.001     0.063     0.189
     0.051     0.054     0.124
     0.183     0.041     0.045
     0.356     0.054     0.000
     0.487     0.104     0.023
     0.507     0.163     0.076
     0.380     0.201     0.143
     0.137     0.179     0.213
    -0.154     0.094     0.206
    -0.366     0.028     0.122
    -0.481     0.005     0.033
    -0.529     0.006    -0.039
    -0.461    -0.027    -0.120
    -0.283    -0.121    -0.254
    -0.065    -0.205    -0.401
     0.116    -0.246    -0.487
     0.241    -0.243    -0.527
     0.318    -0.165    -0.518
     0.330     0.004    -0.428
     0.288     0.170    -0.273
     0.246     0.235    -0.048
     0.207     0.209     0.240
     0.153     0.140     0.525
     0.090     0.077     0.708
     0.007     0.046     0.724
    -0.066     0.050     0.602
    -0.127     0.051     0.381
    -0.199     0.018     0.176
    -0.286    -0.020     0.065
    -0.354    -0.079    -0.010
    -0.350    -0.158    -0.107
    -0.294    -0.188    -0.258
    -0.219    -0.157    -0.454
    -0.112    -0.099    -0.622
     0.028    -0.050    -0.678
     0.140    -0.009    -0.581
     0.212     0.042    -0.314
     0.270     0.081     0.051
     0.262     0.090     0.348
     0.166     0.078     0.487
     0.093     0.048     0.466
     0.093     0.010     0.323
     0.069    -0.026     0.174
    -0.017    -0.059     0.102
    -0.082    -0.071     0.058
    -0.067    -0.067    -0.029
     0.008    -0.033    -0.126
     0.122     0.046    -0.160
     0.243     0.135    -0.123
     0.301     0.195    -0.048
     0.216     0.140     0.003
     0.007    -0.002     0.018
    -0.205    -0.132     0.032
    -0.324    -0.193     0.034
    -0.331    -0.193    -0.005
    -0.267    -0.172    -0.097
    -0.169    -0.118    -0.174
    -0.108    -0.061    -0.224
    -0.099     0.029    -0.240
    -0.089     0.183    -0.166
    -0.089     0.300    -0.048
    -0.105     0.307     0.066
    -0.082     0.235     0.149
     0.025     0.106     0.215
     0.176    -0.058     0.279
     0.308    -0.188     0.332
     0.395    -0.264     0.346
     0.444    -0.261     0.298
     0.435    -0.160     0.198
     0.306    -0.032     0.033
     0.086     0.054    -0.171
    -0.129     0.065    -0.306
    -0.270     0.031    -0.315
    -0.313     0.002    -0.240
    -0.245    -0.009    -0.176
    -0.096     0.021    -0.171
     0.043     0.082    -0.215
     0.105     0.122    -0.227
     0.070     0.138    -0.101
    -0.060     0.118     0.141
    -0.233     0.083     0.417
    -0.371     0.065     0.606
    -0.418     0.003     0.550
    -0.357    -0.117     0.239
    -0.164    -0.201    -0.142
     0.180    -0.184    -0.410
     0.512    -0.117    -0.531
     0.674    -0.034    -0.470
     0.633     0.048    -0.244
     0.410     0.094     0.033
     0.131     0.123     0.292
    -0.127     0.121     0.472
    -0.323     0.063     0.526
    -0.399     0.006     0.484
    -0.377    -0.036     0.360
    -0.272    -0.095     0.146
    -0.087    -0.138    -0.092
     0.123    -0.155    -0.309
     0.287    -0.147    -0.490
     0.392    -0.061    -0.586
     0.418     0.056    -0.582
     0.283     0.083    -0.525
     0.017     0.062    -0.416
    -0.248     0.069    -0.190
    -0.416     0.066     0.093
    -0.456     0.059     0.317
    -0.389     0.044     0.458
    -0.267     0.001     0.493
    -0.134    -0.019     0.475
     0.011    -0.017     0.480
     0.127    -0.036     0.452
     0.184    -0.070     0.344
     0.225    -0.076     0.168
     0.238    -0.038    -0.052
     0.232     0.008    -0.314
     0.226     0.024    -0.542
     0.163     0.011    -0.640
     0.038    -0.002    -0.594
    -0.063     0.042    -0.405
    -0.104     0.137    -0.193
    -0.127     0.176    -0.044
    -0.137     0.151     0.074
    -0.102     0.104     0.184
    -0.060     0.018     0.309
    -0.078    -0.097     0.410
    -0.142    -0.202     0.428
    -0.207    -0.275     0.318
    -0.192    -0.275     0.153
    -0.082    -0.182     0.052
     0.010    -0.099    -0.007
     0.078    -0.029    -0.023
     0.151     0.066     0.007
     0.198     0.123     0.022
     0.198     0.141    -0.031
     0.148     0.144    -0.117
     0.079     0.142    -0.142
     0.038     0.124    -0.087
     0.031     0.083    -0.016
     0.021     0.033    -0.015
     0.022    -0.018    -0.058
     0.056    -0.056    -0.116
     0.084    -0.090    -0.203
     0.080    -0.125    -0.247
     0.047    -0.132    -0.244
     0.005    -0.096    -0.215
    -0.012    -0.046    -0.153
     0.007     0.008    -0.030
     0.018     0.054     0.160
     0.002     0.052     0.331
     0.003     0.027     0.430
    -0.001     0.019     0.438
    -0.061     0.014     0.333
    -0.176    -0.038     0.110
    -0.277    -0.109    -0.136
    -0.318    -0.121    -0.257
    -0.265    -0.070    -0.224
    -0.119    -0.004    -0.095
     0.011     0.017     0.025
     0.111    -0.008     0.054
     0.216    -0.045     0.011
     0.286    -0.065    -0.023
     0.302    -0.029    -0.007
     0.265     0.057     0.002
     0.208     0.122    -0.051
     0.190     0.149    -0.147
     0.235     0.155    -0.225
     0.296     0.132    -0.268
     0.304     0.125    -0.257
     0.188     0.109    -0.185
    -0.015     0.031    -0.120
    -0.220    -0.043    -0.065
    -0.378    -0.064     0.042
    -0.441    -0.065     0.215
    -0.447    -0.098     0.394
    -0.419    -0.158     0.477
    -0.350    -0.183     0.421
    -0.249    -0.143     0.280
    -0.108    -0.061     0.113
     0.009     0.011    -0.071
     0.030     0.051    -0.198
     0.006     0.067    -0.214
     0.013     0.071    -0.144
     0.046     0.074    -0.035
     0.120     0.090     0.062
     0.258     0.125     0.126
     0.415     0.124     0.104
     0.492     0.049    -0.014
     0.436    -0.024    -0.146
     0.299    -0.049    -0.218
     0.117    -0.027    -0.201
    -0.034     0.021    -0.153
    -0.072     0.042    -0.115
    -0.037     0.015    -0.110
    -0.009    -0.012    -0.124
    -0.032    -0.011    -0.089
    -0.098    -0.029    -0.045
    -0.181    -0.073    -0.006
    -0.267    -0.088     0.089
    -0.293    -0.073     0.247
    -0.270    -0.066     0.403
    -0.278    -0.098     0.455
    -0.278    -0.118     0.392
    -0.197    -0.065     0.243
    -0.022     0.012     0.030
     0.165     0.066    -0.184
     0.269     0.101    -0.324
     0.296     0.111    -0.353
     0.247     0.103    -0.321
     0.132     0.077    -0.297
     0.021     0.080    -0.250
    -0.045     0.083    -0.196
    -0.049     0.013    -0.173
     0.000    -0.071    -0.110
     0.030    -0.128     0.023
     0.043    -0.161     0.167
     0.086    -0.156     0.249
     0.133    -0.118     0.274
     0.150    -0.071     0.273
     0.073    -0.037     0.240
    -0.117    -0.008     0.145
    -0.322     0.010    -0.029
    -0.463     0.002    -0.181
    -0.531    -0.013    -0.233
    -0.517     0.004    -0.173
    -0.394     0.037    -0.022
    -0.160     0.041     0.081
     0.086    -0.007     0.064
     0.304    -0.041    -0.008
     0.528     0.019    -0.013
     0.651     0.096     0.066
     0.594     0.128     0.120
     0.427     0.139     0.109
     0.253     0.122     0.000
     0.141     0.086    -0.175
     0.067     0.051    -0.311
     0.028     0.053    -0.344
     0.042     0.106    -0.256
     0.050     0.150    -0.097
    -0.015     0.111     0.058
    -0.151    -0.007     0.164
    -0.297    -0.134     0.231
    -0.410    -0.214     0.276
    -0.437    -0.211     0.302
    -0.362    -0.132     0.286
    -0.232    -0.043     0.220
    -0.113    -0.006     0.135
    -0.042    -0.033     0.044
     0.034    -0.081    -0.004
     0.128    -0.106     0.003
     0.219    -0.073     0.000
     0.333     0.015    -0.065
     0.454     0.095    -0.203
     0.523     0.130    -0.345
     0.468     0.110    -0.435
     0.294     0.062    -0.455
     0.106     0.039    -0.341
    -0.037     0.071    -0.109
    -0.164     0.108     0.150
    -0.286     0.109     0.346
    -0.379     0.098     0.439
    -0.429     0.057     0.423
    -0.452    -0.035     0.342
    -0.461    -0.144     0.239
    -0.419    -0.222     0.125
    -0.288    -0.236     0.042
    -0.088    -0.182     0.004
     0.096    -0.093    -0.022
     0.218    -0.030    -0.105
     0.309     0.003    -0.213
     0.362     0.007    -0.254
     0.326     0.009    -0.203
     0.231     0.027    -0.114
     0.179     0.046    -0.043
     0.187     0.080     0.020
     0.191     0.110     0.044
     0.177     0.134     0.032
     0.164     0.141     0.002
     0.130     0.125    -0.038
     0.093     0.112    -0.054
     0.072     0.065    -0.056
     0.046    -0.011    -0.046
    -0.005    -0.090    -0.049
    -0.111    -0.153    -0.068
    -0.231    -0.165    -0.064
    -0.332    -0.142    -0.014
    -0.419    -0.123     0.075
    -0.456    -0.104     0.175
    -0.392    -0.054     0.272
    -0.233     0.009     0.319
    -0.045     0.050     0.293
     0.101     0.053     0.218
     0.165     0.029     0.118
     0.172    -0.000     0.034
     0.194    -0.029    -0.065
     0.257    -0.036    -0.207
     0.302     0.011    -0.349
     0.293     0.091    -0.435
     0.245     0.111    -0.468
     0.142     0.055    -0.466
    -0.002    -0.001    -0.355
    -0.111    -0.031    -0.165
    -0.151    -0.074    -0.003
    -0.187    -0.110     0.141
    -0.215    -0.067     0.298
    -0.213    -0.003     0.428
    -0.226     0.008     0.463
    -0.245    -0.015     0.416
    -0.217    -0.048     0.330
    -0.101    -0.056     0.249
     0.046    -0.041     0.193
     0.141    -0.033     0.126
     0.204    -0.034     0.024
     0.253    -0.001    -0.141
     0.283     0.059    -0.334
     0.289     0.123    -0.460
     0.221     0.154    -0.477
     0.060     0.133    -0.392
    -0.104     0.111    -0.261
    -0.178     0.084    -0.144
    -0.161     0.052    -0.073
    -0.135     0.005    -0.027
    -0.137    -0.051     0.028
    -0.121    -0.057     0.108
    -0.118    -0.082     0.180
    -0.156    -0.128     0.255
    -0.222    -0.133     0.363
    -0.266    -0.106     0.424
    -0.191    -0.056     0.389
    -0.046    -0.023     0.269
     0.097    -0.037     0.086
     0.227    -0.046    -0.109
     0.328    -0.006    -0.266
     0.387     0.070    -0.369
     0.400     0.147    -0.414
     0.365     0.173    -0.406
     0.267     0.142    -0.328
     0.102     0.128    -0.152
    -0.094     0.116     0.051
    -0.272     0.065     0.174
    -0.391    -0.002     0.178
    -0.391    -0.067     0.089
    -0.239    -0.101    -0.010
    -0.043    -0.105    -0.092
     0.070    -0.087    -0.120
     0.070    -0.029    -0.023
     0.015     0.037     0.113
    -0.012     0.059     0.211
    -0.026     0.010     0.249
    -0.022    -0.084     0.198
     0.036    -0.132     0.123
     0.122    -0.095     0.062
     0.174    -0.029     0.029
     0.161     0.007     0.016
     0.148    -0.001    -0.027
     0.184     0.005    -0.087
     0.240     0.076    -0.116
     0.224     0.160    -0.140
     0.072     0.173    -0.202
    -0.154     0.101    -0.279
    -0.330     0.019    -0.302
    -0.410    -0.059    -0.273
    -0.430    -0.134    -0.211
    -0.386    -0.148    -0.108
    -0.288    -0.131     0.007
    -0.164    -0.123     0.113
    -0.040    -0.120     0.199
     0.058    -0.114     0.281
     0.140    -0.054     0.372
     0.194     0.031     0.429
     0.206     0.075     0.419
     0.199     0.088     0.340
     0.209     0.079     0.207
     0.236     0.046     0.057
     0.231     0.021    -0.033
     0.186     0.043    -0.063
     0.146     0.088    -0.108
     0.097     0.101    -0.220
    -0.001     0.072    -0.393
    -0.110     0.042    -0.529
    -0.191     0.011    -0.566
    -0.239    -0.026    -0.460
    -0.247    -0.025    -0.218
    -0.209    -0.028     0.053
    -0.124    -0.061     0.278
    -0.033    -0.077     0.433
     0.016    -0.088     0.496
     0.015    -0.105     0.458
    -0.007    -0.106     0.375
    -0.014    -0.072     0.277
     0.051    -0.000     0.167
     0.184     0.078     0.034
     0.292     0.108    -0.135
     0.350     0.081    -0.264
     0.417     0.037    -0.322
     0.467     0.034    -0.319
     0.401     0.055    -0.286
     0.185     0.037    -0.256
    -0.105    -0.007    -0.220
    -0.371    -0.073    -0.181
    -0.507    -0.127    -0.079
    -0.493    -0.138     0.086
    -0.408    -0.118     0.212
    -0.270    -0.079     0.240
    -0.089    -0.038     0.158
     0.073     0.011     0.050
     0.145     0.057     0.012
     0.132     0.059     0.075
     0.079     0.025     0.199
     0.027    -0.008     0.267
     0.018    -0.024     0.216
     0.085    -0.012     0.070
     0.208     0.043    -0.119
     0.305     0.111    -0.297
     0.336     0.151    -0.381
     0.299     0.126    -0.314
     0.184     0.067    -0.125
     0.032     0.036     0.116
    -0.106     0.044     0.310
    -0.196     0.069     0.379
    -0.255     0.035     0.281
    -0.323    -0.069     0.074
    -0.353    -0.161    -0.114
    -0.297    -0.205    -0.251
    -0.190    -0.215    -0.333
    -0.046    -0.182    -0.341
     0.098    -0.100    -0.268
     0.202    -0.001    -0.106
     0.271     0.084     0.117
     0.271     0.145     0.294
     0.188     0.191     0.357
     0.048     0.219     0.326
    -0.103     0.204     0.216
    -0.218     0.130     0.099
    -0.272     0.040     0.044
    -0.233    -0.031     0.036
    -0.104    -0.083     0.009
     0.050    -0.112    -0.078
     0.136    -0.129    -0.172
     0.149    -0.102    -0.209
     0.072    -0.070    -0.238
    -0.008    -0.083    -0.268
    -0.029    -0.098    -0.245
    -0.047    -0.079    -0.167
    -0.019     0.016    -0.017
    -0.015     0.132     0.141
    -0.077     0.174     0.186
    -0.128     0.147     0.125
    -0.116     0.095     0.037
    -0.040     0.028    -0.041
     0.056    -0.016    -0.054
     0.145     0.004     0.024
     0.178     0.049     0.079
     0.199     0.102     0.060
     0.230     0.142     0.011
     0.184     0.095    -0.086
     0.063     0.014    -0.176
    -0.074    -0.014    -0.160
    -0.171    -0.043    -0.061
    -0.220    -0.101     0.061
    -0.231    -0.137     0.191
    -0.217    -0.143     0.295
    -0.182    -0.141     0.303
    -0.131    -0.122     0.205
    -0.107    -0.091     0.063
    -0.097    -0.087    -0.068
    -0.051    -0.081    -0.138
     0.018    -0.044    -0.123
     0.081    -0.001    -0.085
     0.136     0.058    -0.082
     0.188     0.137    -0.137
     0.226     0.180    -0.252
     0.265     0.201    -0.329
     0.297     0.219    -0.252
     0.244     0.187    -0.029
     0.122     0.109     0.260
     0.013     0.008     0.498
    -0.054    -0.108     0.564
    -0.076    -0.190     0.451
    -0.051    -0.212     0.250
    -0.023    -0.214     0.044
    -0.029    -0.206    -0.108
    -0.065    -0.172    -0.199
    -0.140    -0.110    -0.248
    -0.202    -0.000    -0.250
    -0.213     0.116    -0.225
    -0.214     0.167    -0.203
    -0.197     0.153    -0.168
    -0.144     0.116    -0.103
    -0.054     0.049    -0.070
     0.047    -0.037    -0.100
     0.127    -0.067    -0.116
     0.195    -0.058    -0.082
     0.259    -0.047     0.008
     0.299    -0.001     0.186
     0.263     0.065     0.401
     0.157     0.091     0.520
     0.039     0.072     0.439
    -0.035     0.016     0.170
    -0.051    -0.071    -0.175
    -0.032    -0.113    -0.435
     0.004    -0.092    -0.492
     0.006    -0.026    -0.353
    -0.065     0.034    -0.150
    -0.139     0.023    -0.006
    -0.147    -0.005     0.074
    -0.110    -0.021     0.096
    -0.072    -0.042     0.088
    -0.064    -0.092     0.073
    -0.098    -0.149     0.025
    -0.118    -0.112    -0.009
    -0.080    -0.008    -0.019
    -0.026     0.088    -0.020
     0.016     0.143    -0.003
     0.049     0.142     0.021
     0.062     0.109     0.020
     0.075     0.067     0.004
     0.096     0.025    -0.006
     0.112    -0.028    -0.032
     0.130    -0.057    -0.051
     0.172    -0.054    -0.029
     0.219    -0.049     0.026
     0.204    -0.060     0.074
     0.140    -0.071     0.098
     0.076    -0.064     0.095
     0.042    -0.037     0.062
     0.035     0.015     0.019
     0.005     0.037    -0.048
    -0.034     0.029    -0.101
    -0.059     0.015    -0.105
    -0.078    -0.012    -0.095
    -0.103    -0.015    -0.063
    -0.139    -0.000    -0.025
    -0.167     0.018    -0.016
    -0.186     0.049    -0.022
    -0.166     0.071    -0.012
    -0.102     0.053     0.053
    -0.028     0.007     0.177
     0.053    -0.037     0.272
     0.140    -0.057     0.266
     0.200    -0.044     0.147
     0.170    -0.024    -0.013
     0.079     0.015    -0.116
     0.000     0.054    -0.110
    -0.053     0.052    -0.007
    -0.081     0.018     0.110
    -0.052    -0.039     0.153
     0.036    -0.049     0.133
     0.109    -0.022     0.092
     0.113     0.001     0.021
     0.071     0.019    -0.057
     0.028     0.005    -0.130
     0.014     0.009    -0.184
     0.018     0.037    -0.167
     0.021     0.065    -0.123
     0.015     0.083    -0.116
     0.004     0.063    -0.150
    -0.001     0.040    -0.204
     0.014     0.011    -0.213
     0.009    -0.032    -0.149
    -0.047    -0.066    -0.009
    -0.077    -0.058     0.164
    -0.075    -0.016     0.264
    -0.081     0.039     0.280
    -0.091     0.068     0.224
    -0.110     0.028     0.108
    -0.101    -0.012     0.028
    -0.059    -0.033     0.021
    -0.010    -0.051     0.052
     0.010    -0.053     0.095
     0.010    -0.039     0.118
     0.061    -0.019     0.063
     0.128    -0.018    -0.048
     0.136    -0.016    -0.115
     0.081    -0.024    -0.139
     0.003    -0.059    -0.197
    -0.068    -0.078    -0.266
    -0.081    -0.055    -0.263
    -0.025    -0.030    -0.195
     0.060    -0.015    -0.095
     0.122     0.004     0.044
     0.097    -0.001     0.176
     0.039    -0.015     0.240
    -0.030    -0.042     0.232
    -0.083    -0.067     0.215
    -0.071    -0.032     0.198
    -0.062     0.022     0.101
    -0.057     0.069    -0.052
    -0.026     0.105    -0.203
     0.009     0.090    -0.308
     0.043     0.047    -0.324
     0.056     0.016    -0.266
     0.051    -0.005    -0.169
     0.036    -0.024    -0.075
    -0.007    -0.056     0.009
    -0.082    -0.105     0.111
    -0.165    -0.123     0.237
    -0.213    -0.099     0.359
    -0.191    -0.059     0.426
    -0.127    -0.019     0.401
    -0.055     0.010     0.289
     0.049     0.069     0.155
     0.180     0.123     0.030
     0.315     0.131    -0.096
     0.377     0.123    -0.192
     0.309     0.109    -0.268
     0.175     0.090    -0.331
     0.009     0.074    -0.384
    -0.180     0.065    -0.399
    -0.320     0.045    -0.346
    -0.337     0.002    -0.256
    -0.248    -0.043    -0.136
    -0.096    -0.064     0.011
     0.038    -0.062     0.160
     0.079    -0.089     0.306
     0.032    -0.130     0.417
    -0.050    -0.148     0.440
    -0.074    -0.144     0.360
    -0.028    -0.124     0.225
     0.037    -0.071     0.072
     0.104     0.043    -0.066
     0.138     0.151    -0.188
     0.138     0.194    -0.304
     0.125     0.189    -0.332
     0.123     0.146    -0.261
     0.138     0.109    -0.142
     0.086     0.083    -0.042
    -0.032     0.052    -0.021
    -0.107     0.012    -0.065
    -0.107    -0.057    -0.156
    -0.080    -0.105    -0.205
    -0.055    -0.105    -0.147
    -0.039    -0.095    -0.049
    -0.045    -0.083     0.057
    -0.066    -0.050     0.185
    -0.055     0.002     0.316
    -0.028     0.021     0.405
    -0.018    -0.026     0.378
    -0.016    -0.110     0.214
    -0.013    -0.156    -0.006
     0.023    -0.118    -0.182
     0.098    -0.022    -0.278
     0.135     0.065    -0.290
     0.135     0.124    -0.221
     0.124     0.168    -0.125
     0.065     0.173    -0.041
    -0.023     0.149     0.005
    -0.101     0.116     0.021
    -0.142     0.069     0.022
    -0.134     0.009     0.020
    -0.105    -0.037     0.089
    -0.090    -0.072     0.189
    -0.080    -0.101     0.228
    -0.041    -0.090     0.224
     0.034    -0.068     0.167
     0.119    -0.079     0.047
     0.161    -0.089    -0.058
     0.172    -0.076    -0.121
     0.184    -0.069    -0.174
     0.155    -0.050    -0.199
     0.111     0.021    -0.123
     0.058     0.109     0.025
    -0.026     0.136     0.136
    -0.086     0.092     0.158
    -0.100     0.032     0.087
    -0.057     0.001     0.007
     0.004    -0.011    -0.023
     0.009    -0.051    -0.036
    -0.039    -0.066    -0.004
    -0.067    -0.016     0.069
    -0.048     0.051     0.083
    -0.042     0.104     0.037
    -0.083     0.108    -0.001
    -0.114     0.094     0.016
    -0.085     0.048     0.078
    -0.043    -0.040     0.125
    -0.006    -0.116     0.136
     0.057    -0.168     0.069
     0.171    -0.165    -0.055
     0.304    -0.126    -0.188
     0.358    -0.113    -0.291
     0.279    -0.080    -0.293
     0.107     0.015    -0.219
    -0.049     0.116    -0.122
    -0.170     0.174    -0.044
    -0.285     0.189     0.041
    -0.353     0.138     0.161
    -0.316     0.040     0.277
    -0.175    -0.041     0.359
    -0.008    -0.109     0.339
     0.130    -0.145     0.208
     0.199    -0.128     0.033
     0.213    -0.067    -0.124
     0.184    -0.000    -0.248
     0.115     0.030    -0.306
     0.034     0.060    -0.263
    -0.064     0.065    -0.223
    -0.129     0.056    -0.199
    -0.141     0.074    -0.137
    -0.117     0.080    -0.061
    -0.051     0.072     0.007
     0.003     0.063     0.080
     0.009     0.041     0.164
    -0.020    -0.011     0.214
    -0.054    -0.065     0.223
    -0.050    -0.086     0.205
     0.008    -0.082     0.153
     0.082    -0.056     0.076
     0.137    -0.029    -0.020
     0.163    -0.008    -0.118
     0.151     0.008    -0.202
     0.118     0.025    -0.231
     0.081     0.056    -0.210
     0.032     0.088    -0.185
    -0.048     0.081    -0.160
    -0.128     0.011    -0.140
    -0.143    -0.061    -0.067
    -0.111    -0.098     0.080
    -0.076    -0.110     0.219
    -0.052    -0.102     0.292
    -0.046    -0.087     0.273
    -0.048    -0.103     0.168
    -0.042    -0.140     0.034
    -0.011    -0.126    -0.043
     0.042    -0.053    -0.043
     0.118     0.063    -0.012
     0.161     0.193     0.014
     0.138     0.261     0.026
     0.092     0.250    -0.006
     0.025     0.180    -0.062
    -0.034     0.073    -0.085
    -0.068    -0.033    -0.082
    -0.078    -0.104    -0.042
    -0.054    -0.138    -0.043
    -0.006    -0.154    -0.134
     0.073    -0.142    -0.217
     0.115    -0.115    -0.248
     0.081    -0.095    -0.165
     0.000    -0.058     0.046
    -0.100    -0.004     0.272
    -0.169     0.035     0.367
    -0.162     0.031     0.299
    -0.067     0.010     0.187
     0.053     0.020     0.123
     0.109     0.057     0.107
     0.100     0.103     0.070
     0.065     0.140    -0.030
     0.034     0.160    -0.149
     0.027     0.145    -0.231
     0.026     0.091    -0.239
     0.006     0.036    -0.168
    -0.023    -0.023    -0.062
    -0.045    -0.101    -0.012
    -0.032    -0.146    -0.008
    -0.007    -0.112     0.032
    -0.007    -0.058     0.093
    -0.021    -0.028     0.131
    -0.052    -0.027     0.153
    -0.063    -0.056     0.159
    -0.025    -0.078     0.140
     0.020    -0.053     0.116
     0.057     0.019     0.073
     0.121     0.096    -0.004
     0.204     0.152    -0.065
     0.242     0.153    -0.104
     0.200     0.105    -0.121
     0.080     0.061    -0.104
    -0.062     0.030    -0.062
    -0.190    -0.008    -0.022
    -0.264    -0.038    -0.023
    -0.196    -0.039    -0.066
    -0.031    -0.057    -0.133
     0.122    -0.107    -0.187
     0.172    -0.142    -0.184
     0.073    -0.148    -0.138
    -0.066    -0.112    -0.080
    -0.175    -0.040    -0.004
    -0.224     0.021     0.090
    -0.198     0.042     0.183
    -0.163     0.040     0.285
    -0.126     0.043     0.338
    -0.039     0.063     0.271
     0.081     0.082     0.123
     0.181     0.092     0.000
     0.255     0.097    -0.037
     0.291     0.075    -0.019
     0.247     0.034    -0.011
     0.168     0.012    -0.038
     0.117     0.008    -0.079
     0.109    -0.000    -0.139
     0.087    -0.010    -0.154
    -0.005    -0.036    -0.119
    -0.084    -0.062    -0.070
    -0.156    -0.086    -0.030
    -0.222    -0.107    -0.027
    -0.229    -0.074     0.009
    -0.205    -0.037     0.037
    -0.132    -0.016     0.036
    -0.054    -0.000     0.003
    -0.027    -0.023    -0.120
    -0.006    -0.029    -0.242
     0.034     0.005    -0.288
     0.056     0.030    -0.239
     0.066     0.058    -0.070
     0.098     0.097     0.172
     0.118     0.107     0.372
     0.132     0.097     0.454
     0.131     0.095     0.427
     0.093     0.063     0.327
     0.040    -0.003     0.170
     0.006    -0.041     0.022
    -0.004    -0.043    -0.062
    -0.015    -0.031    -0.108
    -0.007    -0.000    -0.131
    -0.023     0.019    -0.187
    -0.088    -0.000    -0.306
    -0.116    -0.033    -0.421
    -0.115    -0.077    -0.476
    -0.128    -0.121    -0.439
    -0.115    -0.119    -0.290
    -0.072    -0.095    -0.071
    -0.053    -0.072     0.120
    -0.025    -0.003     0.239
     0.070     0.087     0.298
     0.166     0.113     0.316
     0.202     0.097     0.326
     0.171     0.082     0.363
     0.085     0.059     0.411
    -0.012     0.027     0.410
    -0.080    -0.009     0.316
    -0.122    -0.044     0.122
    -0.095    -0.052    -0.083
    -0.006    -0.026    -0.235
     0.041    -0.020    -0.343
     0.054    -0.017    -0.378
     0.064     0.034    -0.320
     0.037     0.067    -0.237
    -0.005     0.021    -0.196
    -0.022    -0.056    -0.163
    -0.024    -0.108    -0.104
    -0.038    -0.125    -0.048
    -0.036    -0.089     0.010
    -0.017    -0.051     0.037
    -0.030    -0.041     0.003
    -0.045    -0.007    -0.015
    -0.030     0.056     0.028
    -0.017     0.115     0.120
    -0.028     0.155     0.250
    -0.043     0.176     0.369
    -0.023     0.152     0.386
     0.043     0.089     0.294
     0.130     0.033     0.157
     0.174    -0.027    -0.006
     0.173    -0.096    -0.145
     0.164    -0.156    -0.219
     0.108    -0.193    -0.224
     0.052    -0.189    -0.169
     0.025    -0.150    -0.126
    -0.032    -0.088    -0.141
    -0.082    -0.008    -0.185
    -0.095     0.079    -0.209
    -0.104     0.107    -0.200
    -0.126     0.088    -0.144
    -0.114     0.118    -0.011
    -0.056     0.178     0.157
    -0.019     0.187     0.270
    -0.037     0.118     0.283
    -0.098     0.007     0.237
    -0.117    -0.078     0.196
    -0.075    -0.119     0.162
    -0.054    -0.139     0.103
    -0.021    -0.124     0.028
     0.075    -0.072    -0.043
     0.212    -0.026    -0.098
     0.308     0.014    -0.125
     0.297     0.046    -0.141
     0.217     0.058    -0.181
     0.107     0.074    -0.226
    -0.006     0.084    -0.229
    -0.105     0.045    -0.177
    -0.178    -0.018    -0.059
    -0.204    -0.061     0.074
    -0.173    -0.057     0.198
    -0.109    -0.034     0.293
    -0.086    -0.038     0.298
    -0.103    -0.026     0.250
    -0.107    -0.020     0.159
    -0.086    -0.032     0.061
    -0.033    -0.000     0.031
     0.049     0.034     0.013
     0.132     0.029    -0.046
     0.210     0.016    -0.116
     0.276     0.025    -0.145
     0.310     0.037    -0.130
     0.300     0.020    -0.098
     0.208    -0.019    -0.059
     0.059    -0.058    -0.007
    -0.063    -0.065     0.069
    -0.136    -0.052     0.096
    -0.163    -0.040     0.026
    -0.139    -0.017    -0.085
    -0.073     0.016    -0.190
     0.003     0.046    -0.269
     0.054     0.062    -0.298
     0.038     0.086    -0.244
    -0.034     0.103    -0.129
    -0.093     0.084     0.002
    -0.139     0.061     0.156
    -0.165     0.038     0.318
    -0.161    -0.025     0.429
    -0.153    -0.088     0.440
    -0.084    -0.095     0.366
     0.038    -0.073     0.208
     0.168    -0.044    -0.005
     0.262    -0.038    -0.174
     0.293    -0.035    -0.227
     0.286    -0.003    -0.179
     0.183    -0.000    -0.137
     0.032    -0.009    -0.128
    -0.059    -0.000    -0.180
    -0.093     0.005    -0.272
    -0.078     0.020    -0.305
    -0.058     0.042    -0.279
    -0.048     0.060    -0.184
    -0.040     0.087    -0.022
    -0.030     0.099     0.183
    -0.014     0.065     0.345
    -0.030     0.012     0.370
    -0.068    -0.029     0.298
    -0.104    -0.077     0.179
    -0.145    -0.112     0.067
    -0.181    -0.119    -0.002
    -0.173    -0.107     0.010
    -0.105    -0.064     0.079
    -0.009    -0.023     0.107
     0.114    -0.003     0.082
     0.193    -0.026     0.010
     0.166    -0.072    -0.058
     0.108    -0.041    -0.068
     0.073     0.022    -0.062
     0.053     0.065    -0.084
     0.005     0.094    -0.126
    -0.017     0.097    -0.175
     0.045     0.121    -0.224
     0.137     0.151    -0.231
     0.183     0.140    -0.172
     0.139     0.088    -0.080
     0.086     0.024     0.025
     0.069    -0.030     0.132
     0.043    -0.083     0.202
    -0.023    -0.122     0.237
    -0.118    -0.134     0.254
    -0.201    -0.127     0.219
    -0.243    -0.123     0.141
    -0.233    -0.117     0.071
    -0.211    -0.103     0.015
    -0.165    -0.079    -0.028
    -0.067    -0.038    -0.063
     0.021     0.002    -0.119
     0.078     0.038    -0.201
     0.121     0.071    -0.264
     0.163     0.092    -0.258
     0.162     0.088    -0.193
     0.110     0.069    -0.118
     0.051     0.090    -0.073
     0.037     0.132    -0.069
     0.070     0.134    -0.085
     0.091     0.091    -0.078
     0.099     0.041    -0.008
     0.102    -0.001     0.116
     0.059    -0.037     0.261
    -0.045    -0.047     0.366
    -0.161    -0.044     0.382
    -0.216    -0.034     0.316
    -0.200    -0.028     0.227
    -0.138    -0.044     0.159
    -0.058    -0.068     0.118
    -0.036    -0.105     0.064
    -0.056    -0.123    -0.058
    -0.034    -0.080    -0.219
     0.034    -0.026    -0.378
     0.111     0.025    -0.487
     0.132     0.063    -0.470
     0.098     0.072    -0.368
     0.064     0.081    -0.228
     0.023     0.085    -0.081
    -0.027     0.092     0.051
    -0.028     0.105     0.203
     0.061     0.095     0.328
     0.163     0.048     0.388
     0.195    -0.028     0.379
     0.158    -0.102     0.314
     0.075    -0.150     0.224
    -0.033    -0.146     0.111
    -0.133    -0.107     0.009
    -0.188    -0.050    -0.060
    -0.190     0.017    -0.104
    -0.191     0.037    -0.141
    -0.216     0.021    -0.174
    -0.225     0.012    -0.182
    -0.180     0.010    -0.164
    -0.081     0.024    -0.138
     0.038     0.021    -0.106
     0.134    -0.006    -0.056
     0.179    -0.041    -0.001
     0.176    -0.074     0.011
     0.157    -0.078    -0.016
     0.161    -0.065    -0.026
     0.173    -0.032    -0.001
     0.170     0.019     0.040
     0.164     0.072     0.067
     0.127     0.124     0.071
     0.053     0.147     0.072
    -0.008     0.125     0.078
    -0.050     0.072     0.114
    -0.114     0.030     0.161
    -0.196     0.011     0.184
    -0.268    -0.013     0.160
    -0.305    -0.038     0.072
    -0.298    -0.051    -0.036
    -0.244    -0.055    -0.133
    -0.153    -0.068    -0.229
    -0.057    -0.088    -0.308
     0.048    -0.074    -0.318
     0.146    -0.051    -0.265
     0.225    -0.051    -0.192
     0.293    -0.025    -0.103
     0.308     0.024    -0.012
     0.304     0.087     0.069
     0.291     0.152     0.128
     0.217     0.152     0.140
     0.119     0.110     0.123
     0.054     0.064     0.136
    -0.005     0.001     0.192
    -0.085    -0.062     0.236
    -0.175    -0.093     0.266
    -0.242    -0.077     0.289
    -0.239    -0.050     0.245
    -0.197    -0.049     0.123
    -0.193    -0.057    -0.020
    -0.211    -0.052    -0.132
    -0.213    -0.051    -0.222
    -0.197    -0.059    -0.297
    -0.170    -0.053    -0.310
    -0.115    -0.031    -0.242
    -0.028    -0.008    -0.137
     0.064    -0.009    -0.090
     0.170    -0.019    -0.140
     0.281    -0.004    -0.208
     0.384     0.022    -0.238
     0.433     0.043    -0.194
     0.394     0.054    -0.062
     0.292     0.065     0.129
     0.152     0.079     0.295
     0.023     0.084     0.364
    -0.088     0.061     0.335
    -0.174     0.026     0.271
    -0.203    -0.010     0.241
    -0.190    -0.080     0.209
    -0.155    -0.126     0.156
    -0.138    -0.124     0.090
    -0.156    -0.108    -0.021
    -0.181    -0.065    -0.156
    -0.195    -0.009    -0.280
    -0.168     0.043    -0.343
    -0.091     0.073    -0.325
    -0.006     0.081    -0.257
     0.092     0.083    -0.166
     0.194     0.078    -0.045
     0.251     0.071     0.089
     0.264     0.050     0.182
     0.235     0.038     0.214
     0.178     0.029     0.174
     0.097     0.007     0.095
    -0.012    -0.022     0.021
    -0.062    -0.072    -0.049
    -0.018    -0.078    -0.064
     0.052    -0.040    -0.029
     0.114    -0.005     0.006
     0.118     0.029     0.040
     0.017     0.023     0.051
    -0.139     0.001     0.070
    -0.264    -0.024     0.086
    -0.327    -0.051     0.061
    -0.324    -0.052     0.007
    -0.252    -0.035    -0.060
    -0.127    -0.010    -0.136
     0.015     0.012    -0.203
     0.132     0.033    -0.203
     0.206     0.041    -0.136
     0.237     0.054    -0.029
     0.251     0.085     0.076
     0.246     0.096     0.107
     0.208     0.080     0.056
     0.158     0.055    -0.014
     0.124     0.026    -0.040
     0.089    -0.022    -0.028
    -0.004    -0.071     0.003
    -0.103    -0.069     0.085
    -0.154    -0.056     0.174
    -0.208    -0.068     0.209
    -0.254    -0.085     0.188
    -0.266    -0.101     0.098
    -0.226    -0.069    -0.003
    -0.164    -0.025    -0.079
    -0.126    -0.019    -0.144
    -0.088    -0.012    -0.137
    -0.050    -0.019    -0.077
     0.013    -0.029    -0.026
     0.115     0.014    -0.008
     0.199     0.105    -0.022
     0.244     0.186    -0.053
     0.237     0.223    -0.103
     0.181     0.221    -0.134
     0.108     0.187    -0.105
     0.049     0.124    -0.036
     0.013     0.029     0.011
    -0.011    -0.070     0.001
    -0.003    -0.120    -0.027
     0.031    -0.150    -0.033
     0.044    -0.179    -0.003
     0.002    -0.190     0.051
    -0.069    -0.199     0.107
    -0.113    -0.174     0.154
    -0.145    -0.121     0.163
    -0.143    -0.045     0.149
    -0.098     0.059     0.131
    -0.053     0.145     0.102
    -0.006     0.188     0.064
     0.005     0.180    -0.005
    -0.024     0.167    -0.055
    -0.061     0.135    -0.068
    -0.068     0.062    -0.103
    -0.043    -0.010    -0.168
    -0.005    -0.065    -0.226
     0.083    -0.071    -0.252
     0.191    -0.059    -0.245
     0.255    -0.060    -0.203
     0.249    -0.059    -0.113
     0.213    -0.051     0.041
     0.159    -0.044     0.216
     0.060    -0.036     0.353
    -0.059    -0.022     0.419
    -0.192    -0.029     0.378
    -0.280    -0.032     0.287
    -0.280    -0.032     0.170
    -0.225    -0.037     0.035
    -0.132     0.002    -0.043
    -0.045     0.040    -0.089
     0.017     0.061    -0.146
     0.052     0.092    -0.179
     0.055     0.091    -0.190
     0.061     0.066    -0.210
     0.077     0.038    -0.210
     0.084     0.029    -0.158
     0.080     0.037    -0.092
     0.051     0.019    -0.043
     0.022    -0.015    -0.022
     0.014    -0.054    -0.036
     0.030    -0.089    -0.045
     0.055    -0.109    -0.029
     0.057    -0.112     0.009
     0.048    -0.102     0.046
     0.034    -0.090     0.043
     0.050    -0.059     0.037
     0.062    -0.008     0.039
     0.037     0.058     0.080
    -0.004     0.102     0.166
    -0.080     0.087     0.211
    -0.133     0.057     0.237
    -0.139     0.033     0.244
    -0.116    -0.008     0.200
    -0.070    -0.036     0.138
    -0.015    -0.017     0.049
     0.011     0.011    -0.092
     0.011     0.024    -0.239
    -0.002     0.044    -0.340
    -0.049     0.045    -0.401
    -0.074     0.023    -0.406
    -0.057     0.006    -0.305
    -0.035    -0.045    -0.156
     0.029    -0.094    -0.029
     0.118    -0.084     0.079
     0.164    -0.073     0.145
     0.164    -0.086     0.155
     0.161    -0.076     0.159
     0.153    -0.037     0.182
     0.115     0.015     0.196
     0.087     0.076     0.185
     0.043     0.122     0.135
    -0.049     0.139     0.032
    -0.118     0.152    -0.026
    -0.156     0.153     0.005
    -0.178     0.104     0.034
    -0.165     0.054     0.071
    -0.125     0.013     0.124
    -0.068    -0.051     0.115
     0.020    -0.111     0.034
     0.109    -0.158    -0.083
     0.141    -0.175    -0.225
     0.128    -0.137    -0.307
     0.092    -0.085    -0.276
     0.012    -0.067    -0.210
    -0.042    -0.055    -0.144
     0.007    -0.005    -0.061
     0.089     0.045     0.004
     0.155     0.097     0.024
     0.211     0.171     0.085
     0.179     0.190     0.165
     0.065     0.145     0.229
    -0.033     0.092     0.342
    -0.133     0.038     0.434
    -0.218    -0.000     0.451
    -0.220    -0.014     0.357
    -0.164    -0.025     0.127
    -0.081    -0.029    -0.151
     0.003    -0.026    -0.384
     0.050    -0.027    -0.490
     0.034    -0.036    -0.472
    -0.001    -0.042    -0.368
    -0.015    -0.054    -0.246
    -0.035    -0.066    -0.177
    -0.008    -0.033    -0.114
     0.054    -0.001    -0.041
     0.065    -0.022     0.028
     0.028    -0.038     0.140
    -0.010    -0.014     0.279
    -0.015     0.010     0.360
     0.021     0.026     0.363
     0.082     0.065     0.292
     0.113     0.097     0.167
     0.162     0.108     0.047
     0.224     0.069    -0.052
     0.214    -0.008    -0.149
     0.160    -0.054    -0.210
     0.085    -0.049    -0.187
    -0.030    -0.017    -0.106
    -0.174     0.015    -0.022
    -0.283     0.043     0.045
    -0.341     0.020     0.051
    -0.349    -0.058     0.014
    -0.311    -0.125    -0.007
    -0.256    -0.144     0.001
    -0.157    -0.106     0.030
    -0.028    -0.050     0.021
     0.108    -0.013    -0.040
     0.215    -0.004    -0.111
     0.246    -0.003    -0.109
     0.220    -0.002    -0.038
     0.160    -0.007     0.012
     0.124     0.025     0.058
     0.122     0.061     0.073
     0.119     0.055     0.023
     0.098     0.054    -0.021
     0.028     0.065    -0.005
    -0.064     0.047     0.039
    -0.144     0.013     0.058
    -0.184    -0.002     0.073
    -0.167    -0.018     0.063
    -0.111    -0.040     0.015
    -0.051    -0.062    -0.019
    -0.032    -0.086    -0.056
    -0.027    -0.091    -0.072
    -0.004    -0.061    -0.072
     0.014    -0.017    -0.069
     0.032     0.014    -0.029
     0.063     0.052     0.010
     0.091     0.093     0.034
     0.107     0.104     0.030
     0.096     0.088     0.022
     0.042     0.057     0.025
    -0.015     0.030     0.029
    -0.059     0.005     0.054
    -0.071    -0.045     0.058
    -0.047    -0.083     0.016
     0.005    -0.084    -0.036
     0.097    -0.051    -0.068
     0.143    -0.003    -0.089
     0.109     0.027    -0.111
     0.061     0.056    -0.101
     0.010     0.073    -0.043
    -0.033     0.075     0.032
    -0.059     0.057     0.102
    -0.070     0.008     0.147
    -0.068    -0.037     0.146
    -0.055    -0.066     0.117
    -0.036    -0.073     0.043
    -0.014    -0.047    -0.049
    -0.015    -0.013    -0.079
    -0.079     0.018    -0.050
    -0.129     0.047    -0.009
    -0.120     0.063     0.020
    -0.067     0.058     0.025
     0.020     0.023    -0.010
     0.112    -0.023    -0.038
     0.196    -0.051    -0.031
     0.208    -0.063    -0.004
     0.168    -0.024     0.044
     0.123     0.035     0.053
     0.079     0.058     0.003
     0.045     0.055    -0.050
    -0.005     0.040    -0.095
    -0.057     0.015    -0.136
    -0.104    -0.019    -0.174
    -0.129    -0.051    -0.228
    -0.112    -0.066    -0.270
    -0.070    -0.055    -0.248
    -0.003    -0.038    -0.152
     0.048    -0.017    -0.002
     0.056     0.036     0.188
     0.042     0.088     0.349
     0.013     0.105     0.432
    -0.048     0.093     0.452
    -0.111     0.084     0.446
    -0.118     0.073     0.404
    -0.105     0.019     0.285
    -0.074    -0.040     0.122
     0.004    -0.062    -0.073
     0.110    -0.066    -0.263
     0.196    -0.072    -0.413
     0.219    -0.087    -0.516
     0.194    -0.087    -0.538
     0.147    -0.045    -0.481
     0.076     0.008    -0.365
    -0.001     0.029    -0.231
    -0.044     0.037    -0.107
    -0.057     0.052     0.026
    -0.048     0.043     0.178
    -0.031     0.015     0.327
    -0.026    -0.003     0.444
    -0.050    -0.011     0.510
    -0.084    -0.011     0.485
    -0.061    -0.004     0.366
    -0.027     0.001     0.187
    -0.012     0.006     0.007
    -0.006     0.008    -0.115
    -0.019    -0.002    -0.196
    -0.028    -0.016    -0.247
    -0.028    -0.027    -0.271
     0.001    -0.015    -0.313
     0.050     0.011    -0.331
     0.096     0.033    -0.288
     0.110     0.042    -0.196
     0.060     0.020    -0.072
    -0.019    -0.028     0.020
    -0.067    -0.071     0.072
    -0.056    -0.085     0.117
    -0.013    -0.084     0.154
     0.023    -0.073     0.194
     0.027    -0.041     0.224
     0.042     0.011     0.236
     0.076     0.063     0.235
     0.057     0.093     0.215
     0.007     0.115     0.192
    -0.021     0.115     0.148
    -0.031     0.079     0.061
    -0.039     0.039    -0.022
    -0.047     0.003    -0.086
    -0.051    -0.043    -0.153
    -0.049    -0.079    -0.204
    -0.038    -0.095    -0.204
    -0.021    -0.119    -0.174
    -0.009    -0.143    -0.148
    -0.017    -0.113    -0.128
    -0.019    -0.040    -0.136
     0.004     0.020    -0.168
     0.030     0.039    -0.186
     0.034     0.039    -0.139
     0.037     0.060    -0.019
     0.077     0.085     0.105
     0.121     0.100     0.184
     0.109     0.094     0.207
     0.072     0.056     0.202
     0.054     0.035     0.208
     0.019     0.009     0.199
    -0.039    -0.025     0.161
    -0.098    -0.030     0.121
    -0.142    -0.025     0.091
    -0.148    -0.022     0.058
    -0.118    -0.044    -0.003
    -0.062    -0.072    -0.063
    -0.015    -0.070    -0.115
     0.014    -0.060    -0.181
     0.021    -0.064    -0.244
    -0.004    -0.061    -0.272
    -0.023    -0.030    -0.240
    -0.014     0.013    -0.149
     0.013     0.051    -0.061
     0.033     0.091     0.012
     0.045     0.133     0.080
     0.057     0.120     0.106
     0.070     0.055     0.108
     0.096    -0.015     0.109
     0.122    -0.056     0.101
     0.144    -0.037     0.074
     0.139    -0.002     0.023
     0.086     0.024    -0.018
     0.015     0.040    -0.023
    -0.062     0.041     0.008
    -0.130     0.035     0.081
    -0.198     0.023     0.167
    -0.246    -0.010     0.219
    -0.257    -0.058     0.203
    -0.222    -0.100     0.082
    -0.115    -0.138    -0.106
     0.008    -0.143    -0.268
     0.101    -0.091    -0.349
     0.158    -0.011    -0.315
     0.170     0.047    -0.208
     0.137     0.055    -0.129
     0.098     0.044    -0.092
     0.094     0.039    -0.090
     0.093     0.040    -0.097
     0.078     0.058    -0.074
     0.080     0.086    -0.005
     0.100     0.102     0.108
     0.130     0.115     0.235
     0.162     0.102     0.334
     0.159     0.055     0.356
     0.082     0.003     0.300
    -0.052    -0.061     0.180
    -0.191    -0.115     0.045
    -0.319    -0.138    -0.060
    -0.409    -0.147    -0.124
    -0.444    -0.131    -0.128
    -0.394    -0.091    -0.104
    -0.248    -0.032    -0.085
    -0.066    -0.004    -0.106
     0.115    -0.029    -0.176
     0.254    -0.058    -0.228
     0.305    -0.059    -0.228
     0.277    -0.033    -0.191
     0.213     0.004    -0.145
     0.150     0.036    -0.098
     0.101     0.065    -0.044
     0.094     0.088     0.029
     0.127     0.093     0.112
     0.131     0.066     0.178
     0.076     0.027     0.220
    -0.005    -0.003     0.247
    -0.074    -0.027     0.268
    -0.128    -0.045     0.268
    -0.173    -0.052     0.229
    -0.203    -0.048     0.146
    -0.201    -0.033     0.035
    -0.154    -0.029    -0.084
    -0.105    -0.039    -0.204
    -0.074    -0.036    -0.273
    -0.042    -0.013    -0.270
    -0.017    -0.000    -0.235
     0.016     0.015    -0.162
     0.059     0.045    -0.068
     0.106     0.064     0.015
     0.168     0.058     0.082
     0.210     0.028     0.103
     0.219     0.015     0.096
     0.213     0.048     0.084
     0.178     0.066     0.059
     0.102     0.043     0.019
     0.002     0.013    -0.006
    -0.089    -0.002     0.029
    -0.149    -0.039     0.095
    -0.185    -0.108     0.113
    -0.180    -0.138     0.103
    -0.122    -0.109     0.092
    -0.063    -0.068     0.029
    -0.029    -0.026    -0.055
    -0.009     0.021    -0.122
    -0.005     0.049    -0.165
    -0.008     0.057    -0.168
    -0.019     0.068    -0.164
    -0.023     0.077    -0.144
    -0.006     0.064    -0.124
     0.017     0.031    -0.125
     0.048     0.023    -0.096
     0.105     0.030    -0.023
     0.165     0.019     0.064
     0.169    -0.006     0.116
     0.137    -0.040     0.132
     0.118    -0.058     0.137
     0.114    -0.049     0.143
     0.094    -0.038     0.156
     0.041    -0.025     0.158
    -0.037    -0.044     0.112
    -0.139    -0.069     0.024
    -0.226    -0.035    -0.028
    -0.255     0.011    -0.062
    -0.227     0.060    -0.112
    -0.169     0.111    -0.130
    -0.110     0.110    -0.113
    -0.036     0.086    -0.076
     0.043     0.058    -0.041
     0.094     0.016    -0.022
     0.122    -0.025    -0.013
     0.127    -0.044    -0.007
     0.123    -0.051     0.004
     0.106    -0.070     0.019
     0.063    -0.088     0.058
     0.024    -0.082     0.113
     0.021    -0.064     0.138
     0.066    -0.029     0.145
     0.106     0.012     0.120
     0.088     0.038     0.069
     0.030     0.067     0.011
    -0.013     0.096    -0.066
    -0.028     0.107    -0.112
    -0.060     0.081    -0.123
    -0.071     0.049    -0.117
    -0.065     0.028    -0.118
    -0.082     0.008    -0.176
    -0.093     0.006    -0.237
    -0.097    -0.005    -0.244
    -0.096    -0.034    -0.182
    -0.077    -0.061    -0.005
    -0.057    -0.088     0.238
    -0.023    -0.101     0.393
     0.057    -0.095     0.421
     0.124    -0.071     0.327
     0.142    -0.048     0.153
     0.166    -0.030    -0.001
     0.180    -0.001    -0.110
     0.133     0.017    -0.177
     0.061     0.047    -0.160
    -0.013     0.093    -0.076
    -0.082     0.102    -0.014
    -0.091     0.095     0.004
    -0.038     0.079     0.008
     0.005     0.016    -0.016
     0.016    -0.043    -0.047
     0.026    -0.056    -0.041
     0.020    -0.047    -0.022
     0.014    -0.020    -0.021
     0.037     0.005    -0.022
     0.015    -0.005    -0.039
    -0.047    -0.028    -0.050
    -0.095    -0.037    -0.010
    -0.150    -0.051     0.021
    -0.172    -0.079     0.034
    -0.114    -0.081     0.089
    -0.019    -0.059     0.155
     0.050    -0.031     0.177
     0.093     0.014     0.159
     0.111     0.053     0.112
     0.094     0.064     0.025
     0.088     0.054    -0.074
     0.106     0.045    -0.149
     0.100     0.029    -0.189
     0.081     0.009    -0.200
     0.065     0.008    -0.192
     0.036    -0.015    -0.179
     0.031    -0.030    -0.139
     0.024    -0.001    -0.051
    -0.026     0.021     0.029
    -0.089     0.034     0.059
    -0.144     0.047     0.058
    -0.153     0.043     0.059
    -0.103     0.030     0.088
    -0.032     0.030     0.145
     0.003     0.030     0.203
    -0.006     0.011     0.216
    -0.013    -0.014     0.152
    -0.010    -0.028     0.051
     0.002    -0.050    -0.035
     0.039    -0.076    -0.100
     0.065    -0.070    -0.113
     0.073    -0.030    -0.083
     0.107     0.020    -0.055
     0.138     0.047    -0.077
     0.141     0.060    -0.120
     0.119     0.063    -0.142
     0.071     0.035    -0.163
    -0.001     0.001    -0.155
    -0.081    -0.002    -0.122
    -0.106     0.023    -0.061
    -0.093     0.044     0.006
    -0.081     0.052     0.059
    -0.068     0.021     0.122
    -0.071    -0.038     0.159
    -0.067    -0.082     0.175
    -0.051    -0.116     0.203
    -0.012    -0.133     0.237
     0.016    -0.126     0.262
     0.017    -0.075     0.240
     0.010    -0.016     0.148
    -0.009     0.016    -0.011
    -0.005     0.043    -0.181
    -0.008     0.055    -0.279
    -0.022     0.065    -0.285
    -0.038     0.071    -0.234
    -0.059     0.057    -0.172
    -0.007     0.036    -0.130
     0.093     0.027    -0.089
     0.180     0.035    -0.016
     0.196     0.022     0.067
     0.153    -0.014     0.118
     0.097    -0.026     0.130
     0.037    -0.018     0.099
     0.023    -0.013     0.047
     0.019    -0.022     0.024
    -0.029    -0.042     0.039
    -0.076    -0.040     0.047
    -0.094    -0.019     0.028
    -0.116    -0.018    -0.017
    -0.142    -0.035    -0.075
    -0.150    -0.039    -0.080
    -0.121    -0.017    -0.014
    -0.032     0.009     0.054
     0.057     0.038     0.088
     0.114     0.070     0.070
     0.152     0.091     0.010
     0.181     0.099    -0.051
     0.186     0.067    -0.101
     0.137     0.029    -0.125
     0.059     0.021    -0.111
    -0.024     0.010    -0.100
    -0.082     0.005    -0.085
    -0.118     0.003    -0.027
    -0.139    -0.019     0.058
    -0.109    -0.044     0.145
    -0.049    -0.065     0.194
    -0.009    -0.074     0.164
     0.003    -0.079     0.072
     0.012    -0.081    -0.062
     0.021    -0.060    -0.185
     0.032    -0.002    -0.205
     0.040     0.072    -0.126
    -0.003     0.099    -0.023
    -0.087     0.077     0.054
    -0.134     0.056     0.086
    -0.108     0.053     0.091
    -0.067     0.050     0.069
    -0.046     0.028     0.018
    -0.007    -0.007    -0.008
     0.027    -0.040    -0.014
     0.055    -0.061    -0.002
     0.076    -0.064     0.037
     0.073    -0.048     0.073
     0.053    -0.026     0.081
     0.014    -0.031     0.030
    -0.014    -0.066    -0.052
    -0.013    -0.086    -0.112
     0.021    -0.089    -0.117
     0.080    -0.069    -0.045
     0.145    -0.008     0.044
     0.192     0.055     0.077
     0.211     0.110     0.066
     0.177     0.140     0.008
     0.066     0.132    -0.065
    -0.077     0.100    -0.093
    -0.225     0.048    -0.101
    -0.317    -0.000    -0.094
    -0.309    -0.015    -0.058
    -0.245    -0.025    -0.019
    -0.117    -0.068     0.007
     0.023    -0.103     0.033
     0.106    -0.118     0.079
     0.133    -0.116     0.142
     0.106    -0.091     0.207
     0.049    -0.067     0.229
     0.007    -0.032     0.175
     0.008     0.007     0.063
     0.039     0.036    -0.068
     0.079     0.064    -0.178
     0.115     0.066    -0.241
     0.138     0.065    -0.236
     0.129     0.075    -0.181
     0.094     0.079    -0.122
     0.048     0.071    -0.058
    -0.044     0.034    -0.021
    -0.131     0.003    -0.006
    -0.157    -0.003     0.057
    -0.137    -0.018     0.145
    -0.104    -0.036     0.212
    -0.085    -0.040     0.239
    -0.058    -0.032     0.195
    -0.021    -0.026     0.088
     0.023    -0.031    -0.031
     0.066    -0.043    -0.113
     0.108    -0.058    -0.151
     0.142    -0.056    -0.139
     0.152    -0.025    -0.099
     0.141     0.008    -0.086
     0.091     0.049    -0.086
     0.028     0.092    -0.078
    -0.024     0.109    -0.080
    -0.046     0.086    -0.078
    -0.060     0.046    -0.050
    -0.100     0.028     0.021
    -0.124     0.021     0.120
    -0.123    -0.007     0.177
    -0.099    -0.037     0.163
    -0.057    -0.062     0.099
    -0.016    -0.089     0.025
     0.018    -0.106    -0.032
     0.037    -0.111    -0.052
     0.036    -0.088    -0.051
     0.021    -0.045    -0.072
     0.017     0.016    -0.081
     0.017     0.065    -0.073
     0.013     0.080    -0.054
    -0.001     0.095    -0.015
     0.006     0.107     0.028
     0.055     0.096     0.055
     0.086     0.056     0.041
     0.086    -0.002     0.018
     0.041    -0.073    -0.018
    -0.002    -0.114    -0.025
     0.014    -0.095     0.047
     0.035    -0.076     0.115
     0.048    -0.054     0.159
     0.040    -0.036     0.167
     0.016    -0.014     0.112
    -0.008     0.015     0.012
    -0.042     0.038    -0.083
    -0.068     0.072    -0.130
    -0.084     0.081    -0.127
    -0.065     0.061    -0.086
    -0.031     0.020    -0.057
    -0.019    -0.033    -0.064
    -0.021    -0.072    -0.080
    -0.028    -0.083    -0.069
    -0.036    -0.069    -0.036
    -0.059    -0.055     0.010
    -0.067    -0.029     0.078
    -0.048    -0.008     0.125
     0.017     0.016     0.155
     0.121     0.067     0.159
     0.191     0.096     0.120
     0.214     0.108     0.066
     0.196     0.095     0.011
     0.136     0.052    -0.039
     0.049     0.001    -0.091
    -0.044    -0.034    -0.119
    -0.120    -0.036    -0.111
    -0.164    -0.023    -0.094
    -0.171    -0.017    -0.090
    -0.157    -0.029    -0.105
    -0.131    -0.054    -0.124
    -0.101    -0.069    -0.140
    -0.080    -0.065    -0.113
    -0.053    -0.045    -0.054
    -0.007    -0.012     0.004
     0.046     0.021     0.068
     0.068     0.034     0.094
     0.077     0.019     0.087
     0.080    -0.000     0.095
     0.060    -0.022     0.114
     0.061    -0.044     0.136
     0.091    -0.039     0.153
     0.122    -0.011     0.133
     0.157     0.026     0.064
     0.153     0.053    -0.031
     0.084     0.065    -0.125
    -0.005     0.072    -0.170
    -0.081     0.062    -0.145
    -0.135     0.044    -0.086
    -0.165     0.018    -0.031
    -0.161    -0.014     0.004
    -0.133    -0.044     0.007
    -0.112    -0.091    -0.039
    -0.083    -0.122    -0.097
    -0.040    -0.123    -0.123
     0.004    -0.097    -0.099
     0.054    -0.023    -0.004
     0.069     0.049     0.098
     0.050     0.091     0.160
     0.047     0.119     0.187
     0.055     0.098     0.179
     0.083     0.032     0.154
     0.128    -0.017     0.116
     0.170    -0.035     0.057
     0.195    -0.011    -0.022
     0.185     0.029    -0.122
     0.122     0.048    -0.221
     0.015     0.055    -0.256
    -0.071     0.048    -0.209
    -0.129     0.044    -0.108
    -0.156     0.042     0.010
    -0.150     0.025     0.093
    -0.105    -0.006     0.121
    -0.061    -0.067     0.099
    -0.065    -0.138     0.062
    -0.056    -0.149     0.054
    -0.038    -0.112     0.054
    -0.031    -0.075     0.035
    -0.016    -0.041    -0.004
    -0.004    -0.004    -0.044
     0.021     0.043    -0.054
     0.036     0.073    -0.048
     0.014     0.067    -0.054
    -0.001     0.061    -0.059
     0.020     0.062    -0.064
     0.075     0.035    -0.073
     0.134    -0.011    -0.062
     0.153    -0.020    -0.029
     0.151     0.002     0.022
     0.128     0.001     0.052
     0.077    -0.000     0.032
     0.011     0.032     0.020
    -0.064     0.029     0.021
    -0.116    -0.000     0.040
    -0.142    -0.011     0.078
    -0.165    -0.018     0.090
    -0.165    -0.019     0.062
    -0.131    -0.032    -0.006
    -0.096    -0.046    -0.079
    -0.052    -0.044    -0.107
    -0.003    -0.032    -0.081
     0.014    -0.023    -0.015
     0.021    -0.011     0.068
     0.042     0.014     0.106
     0.087     0.034     0.074
     0.114     0.043     0.003
     0.094     0.029    -0.084
     0.084     0.006    -0.123
     0.085     0.006    -0.082
     0.113     0.027    -0.014
     0.158     0.037    -0.004
     0.142     0.018    -0.050
     0.091     0.019    -0.069
     0.023     0.024    -0.044
    -0.071    -0.012    -0.006
    -0.164    -0.044     0.055
    -0.242    -0.051     0.136
    -0.267    -0.044     0.162
    -0.226    -0.035     0.109
    -0.161    -0.026     0.019
    -0.081    -0.019    -0.058
     0.018    -0.008    -0.060
     0.094     0.009    -0.014
     0.123     0.017     0.030
     0.123     0.014     0.046
     0.109    -0.001     0.029
     0.100    -0.017     0.018
     0.106    -0.032    -0.001
     0.118    -0.033    -0.007
     0.107    -0.029    -0.010
     0.068    -0.031    -0.050
     0.057    -0.000    -0.072
     0.061     0.038    -0.058
     0.030     0.070    -0.021
    -0.030     0.066     0.019
    -0.100     0.029     0.051
    -0.159     0.001     0.084
    -0.190    -0.028     0.113
    -0.159    -0.044     0.124
    -0.079    -0.049     0.091
    -0.001    -0.045     0.018
     0.053    -0.022    -0.065
     0.068     0.007    -0.133
     0.067     0.038    -0.165
     0.038     0.047    -0.147
    -0.008     0.029    -0.101
    -0.014     0.025    -0.026
     0.000     0.029     0.042
     0.019     0.019     0.058
     0.030    -0.008     0.042
     0.026    -0.045     0.013
     0.046    -0.047     0.034
     0.059    -0.040     0.074
     0.072    -0.037     0.089
     0.062    -0.052     0.067
     0.012    -0.095     0.004
     0.003    -0.079    -0.026
    -0.013    -0.021    -0.033
    -0.039     0.041    -0.030
    -0.055     0.100    -0.021
    -0.081     0.127    -0.030
    -0.098     0.121    -0.065
    -0.082     0.082    -0.078
    -0.051     0.008    -0.061
    -0.045    -0.058    -0.062
    -0.007    -0.069    -0.044
     0.070    -0.038    -0.008
     0.098    -0.019     0.001
     0.068    -0.029    -0.012
     0.036    -0.041    -0.016
     0.006    -0.038     0.003
    -0.015    -0.015     0.057
    -0.019     0.015     0.135
    -0.044     0.018     0.157
    -0.043     0.024     0.126
     0.012     0.042     0.066
     0.069     0.035    -0.026
     0.099     0.018    -0.096
     0.113     0.018    -0.100
     0.104     0.015    -0.042
     0.052     0.004     0.016
     0.008     0.013     0.047
    -0.023     0.011     0.037
    -0.068    -0.009    -0.022
    -0.070    -0.010    -0.058
    -0.039    -0.018    -0.035
    -0.040    -0.031     0.001
    -0.049    -0.025     0.018
    -0.060    -0.023    -0.001
    -0.070    -0.033    -0.040
    -0.032    -0.028    -0.069
     0.016    -0.005    -0.058
     0.011    -0.002    -0.025
    -0.005     0.010    -0.019
    -0.011     0.029    -0.009
    -0.027     0.019    -0.015
    -0.003     0.014    -0.035
     0.046     0.032    -0.007
     0.080     0.052     0.058
     0.101     0.044     0.129
     0.083     0.009     0.138
     0.060    -0.019     0.092
     0.051    -0.037     0.028
     0.065    -0.046    -0.019
     0.082    -0.044    -0.021
     0.053    -0.029    -0.002
     0.019    -0.000     0.019
    -0.017     0.014    -0.001
    -0.068     0.019    -0.050
    -0.115     0.018    -0.085
    -0.146     0.006    -0.096
    -0.154    -0.017    -0.091
    -0.149    -0.046    -0.086
    -0.126    -0.044    -0.066
    -0.094    -0.024    -0.048
    -0.059    -0.012    -0.046
    -0.017     0.011    -0.050
     0.016     0.029    -0.037
     0.051     0.039     0.002
     0.104     0.051     0.058
     0.133     0.041     0.114
     0.151     0.032     0.146
     0.186     0.032     0.158
     0.190     0.007     0.138
     0.174    -0.021     0.101
     0.167    -0.032     0.083
     0.142    -0.037     0.078
     0.082    -0.037     0.071
     0.007    -0.029     0.054
    -0.061    -0.007    -0.004
    -0.106     0.018    -0.108
    -0.122     0.030    -0.216
    -0.142     0.032    -0.282
    -0.182     0.021    -0.271
    -0.212    -0.001    -0.199
    -0.228    -0.024    -0.097
    -0.206    -0.029     0.002
    -0.122    -0.017     0.066
    -0.013    -0.021     0.101
     0.080    -0.052     0.082
     0.147    -0.087     0.055
     0.178    -0.100     0.065
     0.178    -0.076     0.098
     0.173    -0.013     0.148
     0.151     0.059     0.169
     0.131     0.103     0.118
     0.136     0.104     0.008
     0.151     0.085    -0.097
     0.144     0.073    -0.144
     0.087     0.076    -0.120
     0.007     0.083    -0.048
    -0.082     0.070     0.017
    -0.146     0.033     0.043
    -0.186    -0.019     0.017
    -0.212    -0.075    -0.036
    -0.205    -0.108    -0.103
    -0.183    -0.101    -0.163
    -0.158    -0.083    -0.180
    -0.158    -0.073    -0.161
    -0.155    -0.058    -0.076
    -0.111    -0.044     0.054
    -0.059    -0.033     0.161
     0.001    -0.019     0.220
     0.085    -0.013     0.228
     0.185     0.007     0.212
     0.261     0.039     0.186
     0.293     0.056     0.151
     0.277     0.061     0.105
     0.211     0.052     0.060
     0.127     0.047     0.012
     0.050     0.044    -0.038
     0.000     0.027    -0.096
    -0.025     0.020    -0.167
    -0.047     0.017    -0.239
    -0.076     0.001    -0.322
    -0.102    -0.006    -0.370
    -0.140    -0.026    -0.342
    -0.181    -0.056    -0.237
    -0.181    -0.048    -0.033
    -0.187    -0.037     0.203
    -0.198    -0.030     0.361
    -0.166    -0.035     0.392
    -0.095    -0.057     0.308
     0.019    -0.039     0.187
     0.142    -0.000     0.101
     0.227     0.032     0.068
     0.253     0.071     0.081
     0.236     0.097     0.088
     0.222     0.102     0.046
     0.208     0.087    -0.043
     0.188     0.052    -0.145
     0.166     0.005    -0.229
     0.118    -0.034    -0.276
     0.046    -0.038    -0.268
    -0.025    -0.013    -0.194
    -0.114    -0.007    -0.109
    -0.201    -0.013    -0.041
    -0.255    -0.005     0.037
    -0.295    -0.011     0.086
    -0.300    -0.022     0.094
    -0.259    -0.030     0.070
    -0.178    -0.045     0.022
    -0.047    -0.058    -0.012
     0.078    -0.061     0.002
     0.170    -0.027     0.070
     0.237     0.017     0.158
     0.247     0.048     0.217
     0.218     0.070     0.191
     0.202     0.071     0.107
     0.181     0.062     0.003
     0.137     0.048    -0.077
     0.062     0.025    -0.108
    -0.030     0.007    -0.109
    -0.097     0.008    -0.080
    -0.138    -0.010    -0.082
    -0.132    -0.043    -0.084
    -0.108    -0.059    -0.063
    -0.098    -0.075    -0.075
    -0.078    -0.073    -0.102
    -0.065    -0.066    -0.139
    -0.064    -0.060    -0.116
    -0.066    -0.038    -0.021
    -0.052     0.003     0.098
    -0.021     0.048     0.201
     0.001     0.085     0.216
     0.019     0.106     0.160
     0.050     0.095     0.078
     0.077     0.070     0.011
     0.063     0.039    -0.025
     0.043     0.007    -0.034
     0.041    -0.017    -0.019
     0.053    -0.031     0.005
     0.063    -0.048     0.023
     0.044    -0.090     0.005
     0.034    -0.111    -0.024
     0.022    -0.102    -0.048
    -0.001    -0.086    -0.074
    -0.009    -0.047    -0.090
    -0.006     0.005    -0.067
    -0.015     0.049    -0.001
    -0.033     0.069     0.079
    -0.044     0.074     0.142
    -0.044     0.067     0.133
    -0.022     0.061     0.045
     0.006     0.060    -0.082
     0.021     0.032    -0.188
     0.022    -0.004    -0.203
     0.007    -0.030    -0.118
    -0.019    -0.037     0.014
    -0.036    -0.024     0.129
    -0.026    -0.014     0.173
    -0.025    -0.023     0.131
    -0.032    -0.054     0.058
    -0.026    -0.053    -0.002
    -0.036    -0.031    -0.054
    -0.051    -0.027    -0.086
    -0.046    -0.027    -0.088
    -0.016    -0.029    -0.061
     0.038    -0.030    -0.017
     0.091    -0.015     0.015
     0.120     0.008    -0.002
     0.135     0.025    -0.086
     0.144     0.043    -0.177
     0.133     0.063    -0.190
     0.119     0.081    -0.099
     0.083     0.082     0.049
     0.014     0.076     0.181
    -0.048     0.073     0.241
    -0.080     0.048     0.207
    -0.080     0.017     0.127
    -0.117    -0.051     0.037
    -0.166    -0.138    -0.033
    -0.178    -0.166    -0.033
    -0.178    -0.160     0.001
    -0.144    -0.122     0.016
    -0.102    -0.061     0.018
    -0.047    -0.001     0.004
     0.008     0.055    -0.035
     0.028     0.096    -0.061
     0.041     0.108    -0.075
     0.064     0.083    -0.084
     0.116     0.065    -0.072
     0.186     0.051    -0.055
     0.264     0.048    -0.019
     0.312     0.056     0.010
     0.281     0.041     0.028
     0.179     0.018     0.041
     0.043    -0.018     0.041
    -0.059    -0.045     0.056
    -0.140    -0.063     0.039
    -0.189    -0.075     0.010
    -0.166    -0.053    -0.003
    -0.124    -0.037    -0.041
    -0.092    -0.030    -0.066
    -0.074    -0.014    -0.068
    -0.068    -0.002    -0.051
    -0.084     0.001    -0.013
    -0.105    -0.003     0.026
    -0.114    -0.022     0.045
    -0.099    -0.044     0.033
    -0.049    -0.052     0.012
     0.030    -0.045     0.007
     0.114    -0.008     0.022
     0.172     0.035     0.024
     0.211     0.063     0.010
     0.213     0.093     0.008
     0.192     0.123     0.026
     0.151     0.120     0.040
     0.059     0.063     0.022
     0.000     0.015    -0.002
    -0.008    -0.018    -0.020
    -0.010    -0.058    -0.036
    -0.011    -0.090    -0.050
    -0.032    -0.124    -0.070
    -0.055    -0.136    -0.097
    -0.085    -0.107    -0.115
    -0.122    -0.055    -0.099
    -0.156     0.003    -0.051
    -0.170     0.060     0.007
    -0.169     0.098     0.046
    -0.158     0.106     0.072
    -0.111     0.086     0.105
    -0.066     0.039     0.136
    -0.030     0.001     0.171
     0.011    -0.026     0.190
     0.070    -0.029     0.165
     0.127    -0.027     0.098
     0.147    -0.040     0.014
     0.173    -0.021    -0.035
     0.193     0.004    -0.061
     0.193     0.012    -0.101
     0.194     0.014    -0.145
     0.177     0.026    -0.172
     0.138     0.033    -0.185
     0.061     0.012    -0.186
    -0.047    -0.005    -0.147
    -0.154    -0.016    -0.085
    -0.241    -0.024    -0.022
    -0.293    -0.036     0.038
    -0.301    -0.048     0.055
    -0.269    -0.034     0.051
    -0.188    -0.009     0.061
    -0.072     0.020     0.082
     0.023     0.059     0.149
     0.073     0.081     0.216
     0.064     0.051     0.199
     0.036     0.008     0.124
     0.057    -0.003     0.037
     0.093    -0.004    -0.041
     0.134    -0.009    -0.085
     0.164    -0.023    -0.108
     0.180    -0.047    -0.125
     0.207    -0.066    -0.125
     0.210    -0.070    -0.116
     0.168    -0.066    -0.086
     0.100    -0.052    -0.049
     0.030    -0.016    -0.008
    -0.037     0.014     0.051
    -0.104     0.032     0.095
    -0.164     0.045     0.117
    -0.208     0.037     0.094
    -0.221     0.031     0.017
    -0.201     0.035    -0.058
    -0.155     0.029    -0.092
    -0.114     0.010    -0.096
    -0.076    -0.008    -0.076
    -0.034    -0.006    -0.026
     0.012    -0.009    -0.003
     0.074    -0.008    -0.004
     0.128     0.001     0.001
     0.156    -0.005     0.020
     0.152    -0.017     0.052
     0.150    -0.036     0.094
     0.150    -0.056     0.148
     0.143    -0.055     0.195
     0.154    -0.042     0.211
     0.148    -0.025     0.167
     0.111     0.008     0.053
     0.048     0.025    -0.090
    -0.031     0.016    -0.215
    -0.114     0.006    -0.297
    -0.172     0.020    -0.295
    -0.180     0.044    -0.243
    -0.166     0.041    -0.218
    -0.128     0.059    -0.170
    -0.088     0.072    -0.083
    -0.071     0.044     0.005
    -0.079    -0.001     0.110
    -0.107    -0.061     0.227
    -0.105    -0.095     0.314
    -0.071    -0.108     0.331
    -0.015    -0.097     0.277
     0.081    -0.065     0.177
     0.195    -0.023     0.043
     0.271     0.012    -0.075
     0.274     0.030    -0.139
     0.204     0.049    -0.152
     0.110     0.056    -0.108
     0.021     0.068    -0.067
    -0.038     0.079    -0.055
    -0.059     0.083    -0.071
    -0.064     0.086    -0.112
    -0.053     0.064    -0.154
    -0.055     0.028    -0.193
    -0.051    -0.010    -0.165
    -0.059    -0.043    -0.083
    -0.086    -0.045     0.021
    -0.105    -0.055     0.114
    -0.138    -0.080     0.148
    -0.128    -0.071     0.174
    -0.086    -0.044     0.180
    -0.042    -0.020     0.135
     0.021     0.005     0.081
     0.074     0.024     0.051
     0.102     0.024     0.038
     0.132     0.027     0.062
     0.157     0.045     0.105
     0.136     0.037     0.095
     0.108     0.023     0.050
     0.084     0.016    -0.013
     0.027    -0.022    -0.099
    -0.041    -0.066    -0.175
    -0.062    -0.065    -0.192
    -0.054    -0.048    -0.162
    -0.030    -0.027    -0.136
     0.020     0.014    -0.086
     0.018     0.046    -0.064
    -0.002     0.053    -0.083
    -0.008     0.054    -0.076
    -0.035     0.054    -0.064
    -0.062     0.050    -0.022
    -0.066     0.052     0.062
    -0.058     0.039     0.136
    -0.059     0.007     0.173
    -0.033     0.002     0.192
     0.004    -0.014     0.201
     0.012    -0.062     0.170
     0.041    -0.104     0.125
     0.086    -0.126     0.084
     0.098    -0.119     0.024
     0.085    -0.088    -0.028
     0.064    -0.044    -0.072
     0.024     0.005    -0.132
    -0.006     0.059    -0.162
    -0.014     0.114    -0.145
    -0.055     0.123    -0.127
    -0.101     0.093    -0.102
    -0.117     0.067    -0.046
    -0.121     0.040    -0.005
    -0.080     0.021     0.015
    -0.004     0.027     0.037
     0.064     0.022     0.020
     0.116    -0.001    -0.011
     0.127    -0.033    -0.021
     0.096    -0.055    -0.010
     0.055    -0.060     0.035
     0.021    -0.066     0.077
     0.010    -0.057     0.093
     0.032    -0.044     0.090
     0.051    -0.035     0.080
     0.026    -0.020     0.089
    -0.023    -0.003     0.106
    -0.071     0.018     0.103
    -0.105     0.032     0.083
    -0.124     0.037     0.042
    -0.125     0.043    -0.029
    -0.093     0.032    -0.129
    -0.054     0.004    -0.215
    -0.013    -0.022    -0.265
     0.032    -0.022    -0.270
     0.065     0.004    -0.202
     0.095     0.031    -0.108
     0.115     0.054    -0.014
     0.106     0.047     0.079
     0.069     0.003     0.147
     0.047    -0.040     0.213
     0.024    -0.078     0.257
    -0.005    -0.105     0.253
    -0.007    -0.101     0.224
     0.005    -0.074     0.173
     0.016    -0.033     0.097
     0.021     0.014     0.017
     0.007     0.038    -0.050
    -0.004     0.033    -0.120
    -0.010     0.018    -0.197
    -0.029     0.018    -0.255
    -0.035     0.034    -0.292
    -0.032     0.048    -0.310
    -0.023     0.060    -0.264
    -0.015     0.068    -0.150
    -0.012     0.058    -0.014
     0.001     0.039     0.122
    -0.028     0.007     0.216
    -0.057    -0.026     0.248
    -0.055    -0.051     0.239
    -0.061    -0.089     0.193
    -0.037    -0.114     0.145
     0.003    -0.102     0.098
     0.041    -0.074     0.054
     0.081    -0.043     0.017
     0.099    -0.009    -0.033
     0.096     0.021    -0.080
     0.089     0.041    -0.122
     0.069     0.043    -0.152
     0.029     0.039    -0.154
     0.000     0.042    -0.129
    -0.015     0.058    -0.089
    -0.023     0.077    -0.060
    -0.022     0.084    -0.059
    -0.023     0.078    -0.063
    -0.041     0.047    -0.051
    -0.073    -0.006    -0.031
    -0.090    -0.050     0.006
    -0.076    -0.068     0.049
    -0.044    -0.073     0.089
    -0.005    -0.074     0.122
     0.026    -0.077     0.124
     0.039    -0.086     0.102
     0.041    -0.072     0.070
     0.035    -0.032     0.048
     0.021     0.006     0.029
     0.009     0.046     0.004
     0.000     0.081    -0.016
     0.001     0.099    -0.017
     0.015     0.096     0.004
     0.015     0.062     0.011
     0.014     0.024    -0.013
     0.032    -0.000    -0.038
     0.078    -0.014    -0.051
     0.102    -0.015    -0.077
     0.086    -0.029    -0.108
     0.068    -0.025    -0.112
     0.037    -0.007    -0.106
     0.006    -0.005    -0.088
    -0.030    -0.008    -0.046
    -0.066    -0.015     0.014
    -0.111    -0.021     0.083
    -0.168    -0.029     0.148
    -0.178    -0.030     0.187
    -0.165    -0.035     0.174
    -0.122    -0.058     0.130
    -0.038    -0.050     0.086
     0.050    -0.015     0.046
     0.136     0.027     0.020
     0.174     0.069    -0.015
     0.170     0.096    -0.055
     0.138     0.097    -0.084
     0.114     0.076    -0.114
     0.100     0.030    -0.139
     0.068    -0.014    -0.154
     0.073    -0.010    -0.143
     0.079    -0.000    -0.127
     0.045    -0.021    -0.127
     0.007    -0.040    -0.109
    -0.030    -0.041    -0.056
    -0.071    -0.039     0.023
    -0.129    -0.028     0.106
    -0.186    -0.001     0.176
    -0.213     0.023     0.233
    -0.212     0.034     0.261
    -0.183     0.017     0.241
    -0.123    -0.000     0.186
    -0.040    -0.002     0.123
     0.050    -0.009     0.061
     0.135    -0.006    -0.013
     0.206     0.018    -0.089
     0.232     0.054    -0.131
     0.202     0.056    -0.186
     0.164     0.033    -0.241
     0.138     0.025    -0.251
     0.107     0.006    -0.228
     0.052    -0.004    -0.162
    -0.025     0.014    -0.093
    -0.071     0.035    -0.036
    -0.093     0.029    -0.016
    -0.118    -0.000    -0.023
    -0.118    -0.026     0.006
    -0.099    -0.049     0.068
    -0.079    -0.068     0.152
    -0.092    -0.078     0.198
    -0.116    -0.066     0.200
    -0.116    -0.032     0.175
    -0.110    -0.006     0.132
    -0.093     0.003     0.091
    -0.084     0.014     0.052
    -0.060     0.039     0.035
    -0.008     0.053    -0.001
     0.051     0.050    -0.044
     0.136     0.047    -0.051
     0.198     0.031    -0.054
     0.210     0.003    -0.043
     0.188    -0.020    -0.045
     0.132    -0.030    -0.077
     0.068    -0.016    -0.116
     0.023     0.006    -0.159
     0.017     0.012    -0.183
     0.043     0.015    -0.170
     0.072     0.017    -0.103
     0.075     0.009     0.007
     0.050     0.006     0.111
    -0.004    -0.000     0.174
    -0.086    -0.014     0.173
    -0.156    -0.031     0.133
    -0.161    -0.036     0.098
    -0.138    -0.036     0.075
    -0.128    -0.034     0.058
    -0.113    -0.013     0.042
    -0.090     0.006     0.009
    -0.049     0.010    -0.035
     0.006     0.003    -0.063
     0.042    -0.013    -0.075
     0.064    -0.030    -0.067
     0.074    -0.041    -0.035
     0.064    -0.036     0.002
     0.053    -0.018     0.019
     0.053     0.015    -0.003
     0.077     0.052    -0.054
     0.127     0.080    -0.089
     0.174     0.087    -0.081
     0.174     0.069    -0.043
     0.108     0.043     0.014
     0.033     0.021     0.045
     0.000    -0.001     0.048
    -0.038    -0.037     0.032
    -0.072    -0.067     0.006
    -0.067    -0.069     0.016
    -0.072    -0.083     0.030
    -0.087    -0.097     0.015
    -0.101    -0.070    -0.007
    -0.111    -0.022    -0.004
    -0.113     0.021     0.027
    -0.132     0.052     0.054
    -0.143     0.059     0.081
    -0.129     0.046     0.097
    -0.087     0.025     0.080
    -0.023    -0.001     0.034
     0.040    -0.016    -0.037
     0.108    -0.027    -0.106
     0.178    -0.026    -0.157
     0.234    -0.004    -0.178
     0.246     0.011    -0.160
     0.224     0.034    -0.095
     0.195     0.054    -0.015
     0.175     0.065     0.030
     0.169     0.066     0.040
     0.135     0.042     0.022
     0.079     0.017     0.002
     0.013    -0.008     0.015
    -0.075    -0.028     0.065
    -0.182    -0.044     0.119
    -0.254    -0.042     0.166
    -0.285    -0.032     0.176
    -0.304    -0.067     0.125
    -0.283    -0.088     0.072
    -0.253    -0.082     0.008
    -0.204    -0.060    -0.042
    -0.116    -0.021    -0.060
    -0.016     0.014    -0.070
     0.099     0.043    -0.051
     0.215     0.042    -0.039
     0.300     0.028    -0.051
     0.323    -0.004    -0.091
     0.308    -0.019    -0.129
     0.265     0.007    -0.133
     0.199     0.026    -0.130
     0.130     0.055    -0.105
     0.062     0.089    -0.053
     0.013     0.108     0.007
    -0.038     0.106     0.060
    -0.099     0.080     0.100
    -0.167     0.034     0.127
    -0.229    -0.028     0.151
    -0.258    -0.078     0.185
    -0.258    -0.131     0.208
    -0.231    -0.169     0.199
    -0.182    -0.173     0.152
    -0.100    -0.148     0.073
    -0.002    -0.100    -0.018
     0.080    -0.054    -0.112
     0.125    -0.004    -0.182
     0.136     0.051    -0.216
     0.153     0.101    -0.217
     0.166     0.138    -0.192
     0.160     0.150    -0.145
     0.144     0.144    -0.083
     0.120     0.128    -0.023
     0.102     0.102     0.005
     0.075     0.044    -0.003
     0.033    -0.025    -0.011
    -0.008    -0.070     0.006
    -0.034    -0.103     0.067
    -0.058    -0.116     0.149
    -0.091    -0.113     0.203
    -0.119    -0.101     0.182
    -0.140    -0.076     0.091
    -0.146    -0.058    -0.009
    -0.145    -0.023    -0.071
    -0.129     0.021    -0.059
    -0.104     0.029    -0.020
    -0.073     0.019     0.006
    -0.005     0.018     0.030
     0.074     0.034     0.021
     0.140     0.047    -0.011
     0.164     0.045    -0.037
     0.145     0.039    -0.061
     0.126     0.042    -0.077
     0.104     0.036    -0.078
     0.086     0.029    -0.062
     0.069     0.025    -0.041
     0.062     0.005    -0.031
     0.058    -0.018    -0.052
     0.034    -0.030    -0.074
     0.006    -0.045    -0.071
    -0.032    -0.058    -0.028
    -0.088    -0.066     0.045
    -0.129    -0.047     0.118
    -0.119    -0.006     0.163
    -0.103    -0.010     0.129
    -0.092    -0.024     0.064
    -0.065    -0.015     0.025
    -0.054    -0.018    -0.007
    -0.042    -0.007    -0.011
    -0.034     0.005    -0.020
    -0.011     0.029    -0.043
     0.046     0.076    -0.047
     0.094     0.087    -0.043
     0.113     0.073    -0.038
     0.072     0.053    -0.026
     0.017     0.023     0.003
     0.000     0.002     0.024
    -0.011    -0.013     0.016
    -0.016    -0.030    -0.001
     0.010    -0.042    -0.015
     0.051    -0.046    -0.026
     0.076    -0.045    -0.038
     0.070    -0.041    -0.035
     0.031    -0.031    -0.015
    -0.010    -0.001     0.003
    -0.028     0.029     0.022
    -0.040     0.030     0.010
    -0.037     0.021    -0.013
    -0.019     0.013    -0.029
    -0.013     0.006    -0.047
    -0.010     0.006    -0.041
    -0.017    -0.001    -0.014
    -0.023    -0.008     0.020
    -0.010    -0.015     0.066
     0.012    -0.021     0.111
     0.032    -0.027     0.132
     0.036    -0.037     0.113
     0.032    -0.033     0.063
     0.042    -0.021     0.007
     0.053    -0.000    -0.040
     0.043     0.026    -0.072
     0.015     0.040    -0.099
    -0.015     0.042    -0.119
    -0.015     0.045    -0.125
    -0.015     0.043    -0.106
    -0.029     0.038    -0.060
    -0.033     0.039    -0.014
    -0.041     0.023     0.014
    -0.058    -0.017     0.029
    -0.073    -0.070     0.040
    -0.061    -0.102     0.047
    -0.016    -0.089     0.070
     0.028    -0.053     0.092
     0.060    -0.017     0.065
     0.069     0.012     0.000
     0.050     0.034    -0.055
     0.022     0.037    -0.058
    -0.001     0.029    -0.027
    -0.006     0.031     0.035
     0.000     0.034     0.087
     0.022     0.023     0.084
     0.035    -0.005     0.029
     0.012    -0.030    -0.059
    -0.003    -0.037    -0.093
    -0.024    -0.029    -0.078
    -0.038     0.009    -0.020
    -0.034     0.040     0.053
    -0.049     0.036     0.054
    -0.048     0.045     0.029
    -0.039     0.052    -0.010
    -0.042     0.021    -0.067
    -0.021    -0.002    -0.085
     0.010    -0.018    -0.067
     0.021    -0.055    -0.061
     0.050    -0.070    -0.047
     0.108    -0.053    -0.024
     0.127    -0.029    -0.030
     0.133     0.012    -0.016
     0.142     0.059     0.042
     0.082     0.067     0.095
     0.002     0.053     0.139
    -0.035     0.040     0.171
    -0.057     0.023     0.158
    -0.061     0.009     0.103
    -0.033     0.010     0.054
     0.001    -0.006    -0.010
     0.020    -0.031    -0.088
     0.048    -0.028    -0.099
     0.023    -0.033    -0.094
    -0.046    -0.038    -0.087
    -0.071    -0.014    -0.041
    -0.068    -0.000    -0.020
    -0.047     0.007    -0.026
     0.015     0.032    -0.025
     0.070     0.049    -0.033
     0.076     0.035    -0.070
     0.091     0.014    -0.086
     0.103    -0.009    -0.065
     0.089    -0.027     0.002
     0.086    -0.016     0.110
     0.074     0.008     0.195
     0.002    -0.000     0.190
    -0.074    -0.018     0.144
    -0.093    -0.010     0.128
    -0.124    -0.027     0.076
    -0.131    -0.037     0.029
    -0.088    -0.008     0.016
    -0.058    -0.017    -0.049
    -0.020    -0.034    -0.117
     0.023    -0.021    -0.143
     0.054     0.001    -0.145
     0.086     0.037    -0.110
     0.098     0.054    -0.071
     0.083     0.047    -0.048
     0.046     0.028    -0.024
     0.033     0.022    -0.008
     0.056     0.033     0.024
     0.035     0.022     0.045
     0.014     0.015     0.048
    -0.003    -0.009     0.046
    -0.030    -0.048     0.045
    -0.032    -0.047     0.079
    -0.073    -0.045     0.102
    -0.121    -0.042     0.102
    -0.127    -0.037     0.076
    -0.113    -0.036     0.025
    -0.078    -0.034    -0.009
    -0.029    -0.025    -0.029
     0.032    -0.002    -0.032
     0.076     0.014    -0.051
     0.114     0.026    -0.070
     0.135     0.037    -0.076
     0.130     0.039    -0.098
     0.109     0.033    -0.109
     0.052     0.026    -0.114
    -0.001     0.026    -0.121
    -0.040     0.027    -0.104
    -0.062     0.032    -0.058
    -0.063     0.021     0.008
    -0.058    -0.002     0.082
    -0.058    -0.019     0.147
    -0.078    -0.040     0.178
    -0.095    -0.063     0.174
    -0.085    -0.066     0.170
    -0.044    -0.051     0.153
     0.008    -0.027     0.116
     0.072    -0.008     0.063
     0.113    -0.000    -0.022
     0.110     0.012    -0.103
     0.088     0.022    -0.168
     0.053     0.024    -0.203
     0.021     0.027    -0.199
     0.006     0.039    -0.167
     0.009     0.043    -0.114
     0.016     0.041    -0.074
     0.017     0.032    -0.036
     0.016     0.012    -0.008
     0.013    -0.001     0.020
     0.005    -0.026     0.069
    -0.014    -0.056     0.123
    -0.036    -0.064     0.182
    -0.073    -0.071     0.192
    -0.109    -0.064     0.154
    -0.119    -0.027     0.115
    -0.116     0.007     0.072
    -0.083     0.034     0.042
    -0.050     0.035     0.010
    -0.005     0.007    -0.022
     0.078     0.007    -0.031
     0.143     0.025    -0.031
     0.181     0.037    -0.040
     0.179     0.050    -0.059
     0.135     0.048    -0.077
     0.072     0.021    -0.106
     0.012    -0.016    -0.130
    -0.014    -0.029    -0.125
    -0.011    -0.017    -0.094
     0.012    -0.000    -0.044
     0.029     0.008    -0.001
     0.038     0.019     0.028
     0.034     0.028     0.054
     0.003     0.012     0.085
    -0.063    -0.002     0.113
    -0.131    -0.014     0.124
    -0.136    -0.024     0.104
    -0.105    -0.032     0.041
    -0.059    -0.046    -0.016
    -0.021    -0.039    -0.041
     0.004    -0.022    -0.042
     0.017    -0.024    -0.036
     0.001    -0.034    -0.057
     0.010    -0.018    -0.064
     0.030     0.003    -0.042
     0.060     0.005    -0.009
     0.080    -0.000     0.026
     0.080    -0.003     0.043
     0.105     0.014     0.058
     0.106     0.007     0.029
     0.090    -0.020    -0.034
     0.076    -0.023    -0.069
     0.039    -0.024    -0.083
    -0.007    -0.020    -0.066
    -0.056    -0.010    -0.037
    -0.097     0.013    -0.006
    -0.116     0.038     0.011
    -0.106     0.054     0.007
    -0.092     0.062    -0.002
    -0.084     0.036    -0.007
    -0.076     0.013     0.020
    -0.086    -0.008     0.057
    -0.087    -0.040     0.084
    -0.067    -0.059     0.082
    -0.045    -0.085     0.061
     0.007    -0.096     0.044
     0.089    -0.083     0.014
     0.166    -0.046     0.003
     0.198    -0.001     0.001
     0.183     0.021    -0.021
     0.161     0.050    -0.043
     0.133     0.080    -0.066
     0.091     0.097    -0.063
     0.045     0.110    -0.024
    -0.014     0.097     0.015
    -0.078     0.059     0.037
    -0.140     0.007     0.015
    -0.183    -0.030    -0.025
    -0.189    -0.054    -0.056
    -0.166    -0.074    -0.079
    -0.134    -0.069    -0.068
    -0.093    -0.051    -0.022
    -0.039    -0.030     0.037
     0.015    -0.022     0.068
     0.065    -0.030     0.057
     0.090    -0.038     0.037
     0.096    -0.046     0.031
     0.096    -0.048     0.038
     0.086    -0.045     0.025
     0.089    -0.023     0.003
     0.109     0.039     0.000
     0.128     0.107    -0.012
     0.140     0.158    -0.016
     0.112     0.165    -0.025
     0.045     0.130    -0.023
    -0.008     0.092     0.018
    -0.062     0.039     0.049
    -0.118    -0.013     0.075
    -0.141    -0.047     0.077
    -0.147    -0.073     0.027
    -0.120    -0.086    -0.024
    -0.070    -0.101    -0.071
    -0.044    -0.107    -0.103
    -0.021    -0.107    -0.107
     0.009    -0.095    -0.101
     0.035    -0.059    -0.094
     0.048    -0.019    -0.084
     0.050     0.029    -0.053
     0.033     0.066     0.004
    -0.006     0.075     0.068
    -0.054     0.075     0.133
    -0.086     0.076     0.167
    -0.075     0.065     0.152
    -0.018     0.039     0.099
     0.077     0.016     0.038
     0.154    -0.002    -0.015
     0.163    -0.009    -0.069
     0.132     0.011    -0.097
     0.077     0.021    -0.115
     0.005     0.012    -0.145
    -0.037    -0.000    -0.153
    -0.053    -0.012    -0.126
    -0.061    -0.013    -0.071
    -0.070    -0.019    -0.010
    -0.091    -0.042     0.028
    -0.108    -0.060     0.054
    -0.104    -0.060     0.088
    -0.074    -0.046     0.111
    -0.051    -0.029     0.113
    -0.044    -0.022     0.090
    -0.016    -0.012     0.037
     0.022    -0.000    -0.029
     0.072     0.016    -0.089
     0.135     0.056    -0.105
     0.166     0.075    -0.094
     0.165     0.075    -0.058
     0.147     0.081     0.010
     0.108     0.071     0.071
     0.060     0.050     0.121
     0.015     0.018     0.145
    -0.038    -0.024     0.131
    -0.090    -0.048     0.091
    -0.114    -0.060     0.037
    -0.115    -0.073    -0.030
    -0.114    -0.066    -0.069
    -0.103    -0.048    -0.075
    -0.069    -0.041    -0.081
    -0.038    -0.042    -0.080
    -0.020    -0.035    -0.071
    -0.003    -0.018    -0.068
     0.006    -0.007    -0.064
     0.024     0.014    -0.044
     0.061     0.035    -0.009
     0.086     0.045     0.040
     0.075     0.044     0.081
     0.061     0.045     0.111
     0.058     0.047     0.113
     0.048     0.036     0.077
     0.046     0.032     0.048
     0.048     0.018     0.003
     0.056     0.010    -0.029
     0.042     0.019    -0.029
    -0.012     0.014    -0.051
    -0.057     0.003    -0.047
    -0.072    -0.008    -0.035
    -0.066    -0.009    -0.015
    -0.052    -0.013     0.025
    -0.039    -0.029     0.045
    -0.037    -0.051     0.041
    -0.046    -0.068     0.011
    -0.037    -0.059    -0.032
    -0.009    -0.038    -0.067
     0.021    -0.004    -0.088
     0.032     0.017    -0.102
     0.040     0.034    -0.089
     0.068     0.048    -0.065
     0.083     0.032    -0.053
     0.088     0.032    -0.018
     0.081     0.033     0.028
     0.064     0.021     0.083
     0.024     0.006     0.116
    -0.012    -0.013     0.107
    -0.015    -0.025     0.070
    -0.023    -0.034     0.006
    -0.018    -0.022    -0.037
    -0.013     0.005    -0.054
    -0.023     0.024    -0.040
    -0.059     0.019    -0.019
    -0.112     0.002     0.004
    -0.135    -0.002     0.051
    -0.157    -0.015     0.069
    -0.131    -0.018     0.062
    -0.060    -0.010     0.051
     0.007    -0.011     0.031
     0.077    -0.020    -0.007
     0.126    -0.025    -0.053
     0.152    -0.015    -0.080
     0.152    -0.000    -0.078
     0.126     0.019    -0.057
     0.093     0.016    -0.046
     0.052     0.002    -0.051
     0.018    -0.002    -0.041
     0.012     0.001    -0.014
     0.014     0.011     0.009
     0.009     0.011     0.038
    -0.010     0.025     0.073
    -0.050     0.029     0.087
    -0.087     0.008     0.069
    -0.120    -0.009     0.043
    -0.159    -0.044     0.005
    -0.155    -0.061    -0.020
    -0.107    -0.061    -0.027
    -0.050    -0.058    -0.047
     0.020    -0.033    -0.062
     0.087    -0.017    -0.075
     0.132    -0.003    -0.073
     0.141     0.004    -0.057
     0.127     0.006    -0.032
     0.107     0.021     0.017
     0.062     0.031     0.059
     0.016     0.035     0.077
    -0.014     0.026     0.059
    -0.030     0.026     0.039
    -0.035     0.023     0.041
    -0.043     0.010     0.043
    -0.043    -0.006     0.044
    -0.028    -0.030     0.032
    -0.008    -0.039     0.007
     0.017    -0.047    -0.017
     0.031    -0.059    -0.035
     0.052    -0.044    -0.026
     0.063    -0.025    -0.005
     0.037    -0.008    -0.001
     0.014     0.029    -0.001
    -0.032     0.038    -0.022
    -0.091     0.040    -0.053
    -0.118     0.057    -0.069
    -0.130     0.052    -0.095
    -0.094     0.048    -0.111
    -0.036     0.028    -0.118
     0.006    -0.005    -0.123
     0.047    -0.018    -0.081
     0.075    -0.016    -0.013
     0.073    -0.005     0.078
     0.050    -0.007     0.169
     0.027    -0.020     0.215
     0.011    -0.030     0.218
     0.005    -0.032     0.177
     0.018    -0.021     0.100
     0.037     0.003     0.022
     0.056     0.037    -0.037
     0.054     0.059    -0.090
     0.046     0.049    -0.130
     0.028     0.025    -0.166
    -0.006     0.006    -0.184
    -0.015    -0.003    -0.141
    -0.040    -0.018    -0.084
    -0.070    -0.029    -0.024
    -0.087    -0.029     0.028
    -0.107    -0.045     0.049
    -0.096    -0.057     0.066
    -0.078    -0.041     0.078
    -0.052    -0.015     0.095
    -0.004     0.012     0.098
     0.050     0.026     0.065
     0.083     0.031     0.019
     0.093     0.038    -0.021
     0.094     0.029    -0.049
     0.097     0.021    -0.068
     0.111     0.023    -0.075
     0.120     0.021    -0.080
     0.111     0.021    -0.084
     0.085     0.002    -0.082
     0.043    -0.013    -0.069
     0.001    -0.000    -0.035
    -0.029     0.023     0.011
    -0.078     0.027     0.042
    -0.122     0.022     0.050
    -0.125     0.013     0.050
    -0.118    -0.022     0.042
    -0.095    -0.030     0.042
    -0.076    -0.045     0.048
    -0.063    -0.066     0.051
    -0.032    -0.062     0.058
    -0.021    -0.059     0.052
     0.000    -0.037     0.038
     0.049    -0.004     0.049
     0.071     0.018     0.051
     0.086     0.031     0.021
     0.135     0.064     0.007
     0.149     0.080    -0.040
     0.115     0.059    -0.105
     0.100     0.067    -0.107
     0.065     0.060    -0.098
     0.012     0.031    -0.095
    -0.010     0.020    -0.070
    -0.028     0.009    -0.040
    -0.059    -0.004    -0.013
    -0.078    -0.025     0.032
    -0.089    -0.042     0.086
    -0.120    -0.062     0.105
    -0.121    -0.058     0.116
    -0.087    -0.034     0.121
    -0.081    -0.038     0.076
    -0.066    -0.024     0.022
    -0.021     0.007    -0.003
     0.016    -0.000    -0.035
     0.063    -0.016    -0.054
     0.104    -0.022    -0.049
     0.123    -0.024    -0.055
     0.139    -0.009    -0.053
     0.161     0.021    -0.038
     0.139     0.032    -0.042
     0.092     0.040    -0.043
     0.080     0.075     0.012
     0.029     0.077     0.054
    -0.042     0.064     0.064
    -0.078     0.061     0.088
    -0.121     0.029     0.081
    -0.152    -0.019     0.046
    -0.146    -0.057     0.013
    -0.121    -0.082    -0.019
    -0.076    -0.109    -0.046
    -0.015    -0.108    -0.055
     0.025    -0.080    -0.046
     0.045    -0.044    -0.020
     0.056    -0.000     0.019
     0.050     0.022     0.048
     0.027     0.023     0.054
    -0.009     0.018     0.037
    -0.010     0.024     0.021
     0.021     0.031    -0.019
     0.074     0.049    -0.060
     0.133     0.066    -0.072
     0.159     0.046    -0.094
     0.164     0.025    -0.083
     0.129     0.021    -0.036
     0.047     0.013     0.014
    -0.037     0.006     0.069
    -0.112     0.005     0.102
    -0.160     0.002     0.100
    -0.148    -0.002     0.061
    -0.117    -0.021     0.016
    -0.088    -0.038    -0.022
    -0.052    -0.038    -0.054
    -0.033    -0.034    -0.049
    -0.019    -0.025    -0.022
    -0.015    -0.030     0.000
    -0.020    -0.042     0.021
    -0.008    -0.046     0.025
     0.007    -0.048    -0.007
     0.035    -0.025    -0.062
     0.078     0.011    -0.093
     0.113     0.044    -0.089
     0.128     0.086    -0.053
     0.143     0.123     0.021
     0.150     0.108     0.057
     0.126     0.074     0.065
     0.086     0.055     0.062
     0.033     0.028     0.010
    -0.012     0.002    -0.029
    -0.058    -0.030    -0.039
    -0.107    -0.063    -0.038
    -0.127    -0.076    -0.006
    -0.119    -0.076     0.043
    -0.090    -0.070     0.072
    -0.046    -0.058     0.073
     0.006    -0.034     0.060
     0.053    -0.006     0.031
     0.066     0.012    -0.008
     0.043     0.025    -0.040
    -0.010     0.028    -0.067
    -0.067     0.015    -0.076
    -0.089     0.002    -0.062
    -0.068     0.006    -0.028
    -0.031    -0.002     0.000
     0.009    -0.019    -0.008
     0.054    -0.020    -0.019
     0.082    -0.031    -0.036
     0.101    -0.023    -0.043
     0.099     0.005    -0.001
     0.071     0.025     0.054
     0.038     0.046     0.115
    -0.008     0.051     0.154
    -0.053     0.047     0.136
    -0.070     0.038     0.089
    -0.065     0.006     0.029
    -0.049    -0.033    -0.019
    -0.025    -0.059    -0.037
     0.006    -0.075    -0.046
     0.035    -0.068    -0.056
     0.037    -0.040    -0.071
     0.039     0.006    -0.075
     0.053     0.041    -0.080
     0.043     0.044    -0.090
     0.039     0.055    -0.072
     0.009     0.048    -0.036
    -0.051     0.021    -0.010
    -0.081    -0.002     0.006
    -0.096    -0.023     0.008
    -0.075    -0.033     0.016
    -0.015    -0.042     0.036
     0.041    -0.040     0.065
     0.078    -0.028     0.086
     0.084    -0.008     0.093
     0.065     0.018     0.094
     0.048     0.043     0.073
     0.023     0.064     0.044
    -0.006     0.061     0.024
    -0.016     0.043     0.002
    -0.018     0.022    -0.022
    -0.010     0.007    -0.029
     0.011    -0.012    -0.051
     0.039    -0.037    -0.100
     0.086    -0.038    -0.135
     0.114    -0.031    -0.143
     0.085    -0.031    -0.135
     0.017    -0.024    -0.098
    -0.057    -0.015    -0.029
    -0.112    -0.003     0.037
    -0.120     0.009     0.075
    -0.104     0.007     0.083
    -0.074    -0.004     0.078
    -0.040    -0.010     0.077
    -0.030    -0.019     0.076
    -0.010    -0.010     0.070
     0.002    -0.004     0.050
     0.023    -0.000     0.049
     0.055     0.014     0.056
     0.069    -0.000     0.037
     0.078    -0.009     0.005
     0.033    -0.023    -0.057
     0.002    -0.038    -0.130
     0.008    -0.024    -0.162
    -0.009    -0.004    -0.148
    -0.027     0.028    -0.103
    -0.048     0.047    -0.048
    -0.056     0.054     0.000
    -0.044     0.052     0.044
    -0.021     0.036     0.079
     0.008     0.005     0.085
     0.038    -0.027     0.070
     0.066    -0.037     0.044
     0.072    -0.040     0.011
     0.078    -0.029    -0.013
     0.066    -0.015    -0.016
     0.026     0.001     0.004
    -0.015     0.021     0.020
    -0.034     0.036     0.032
    -0.037     0.051     0.046
    -0.049     0.038     0.034
    -0.050     0.011     0.010
    -0.030    -0.014    -0.007
    -0.005    -0.042    -0.033
     0.028    -0.054    -0.049
     0.055    -0.041    -0.048
     0.069    -0.008    -0.039
     0.065     0.017    -0.018
     0.039     0.029    -0.012
     0.003     0.021    -0.019
    -0.016     0.006    -0.023
    -0.011     0.001    -0.019
     0.004     0.003     0.005
     0.039     0.011     0.014
     0.072     0.014     0.012
     0.083     0.017     0.005
     0.076     0.012    -0.018
     0.049     0.007    -0.012
    -0.006     0.001     0.016
    -0.083    -0.029     0.039
    -0.129    -0.046     0.057
    -0.138    -0.053     0.060
    -0.111    -0.059     0.064
    -0.058    -0.055     0.058
    -0.003    -0.044     0.035
     0.044    -0.032     0.013
     0.067    -0.014    -0.025
     0.086     0.005    -0.072
     0.089     0.017    -0.118
     0.062     0.034    -0.147
     0.027     0.040    -0.138
    -0.001     0.045    -0.113
    -0.025     0.053    -0.078
    -0.040     0.046    -0.040
    -0.047     0.021     0.013
    -0.061    -0.010     0.092
    -0.037    -0.022     0.180
    -0.005    -0.034     0.221
     0.019    -0.055     0.187
     0.055    -0.070     0.122
     0.078    -0.066     0.043
     0.100    -0.050    -0.017
     0.082    -0.036    -0.045
     0.031    -0.015    -0.055
    -0.020     0.010    -0.050
    -0.059     0.034    -0.051
    -0.077     0.051    -0.055
    -0.099     0.057    -0.062
    -0.109     0.051    -0.066
    -0.117     0.033    -0.066
    -0.109     0.010    -0.068
    -0.058    -0.010    -0.061
     0.012    -0.016    -0.046
     0.084    -0.018    -0.039
     0.125    -0.008    -0.053
     0.137     0.008    -0.064
     0.113    -0.008    -0.079
     0.070    -0.031    -0.079
     0.054    -0.024    -0.015
     0.053    -0.001     0.074
     0.057     0.007     0.148
     0.052     0.003     0.182
     0.044     0.006     0.181
     0.040     0.002     0.162
     0.021     0.008     0.149
    -0.022     0.029     0.134
    -0.074     0.023     0.074
    -0.102     0.008    -0.020
    -0.110     0.004    -0.109
    -0.107    -0.004    -0.170
    -0.095    -0.006    -0.204
    -0.078     0.003    -0.207
    -0.042     0.008    -0.186
     0.015     0.015    -0.146
     0.071     0.012    -0.088
     0.087    -0.017    -0.029
     0.082    -0.021     0.042
     0.080    -0.011     0.099
     0.064    -0.013     0.108
     0.039     0.001     0.107
     0.005     0.016     0.098
    -0.020     0.023     0.060
    -0.018     0.025     0.019
     0.000     0.020    -0.017
     0.021     0.008    -0.047
     0.035    -0.015    -0.059
     0.041    -0.035    -0.044
     0.041    -0.031     0.005
     0.036    -0.010     0.065
    -0.001     0.009     0.113
    -0.059     0.017     0.111
    -0.090     0.003     0.054
    -0.102    -0.003    -0.003
    -0.091    -0.009    -0.057
    -0.074    -0.038    -0.105
    -0.047    -0.041    -0.117
    -0.019    -0.024    -0.113
    -0.008    -0.012    -0.105
     0.016    -0.002    -0.098
     0.044    -0.005    -0.094
     0.067    -0.007    -0.061
     0.093    -0.008     0.002
     0.117     0.005     0.084
     0.127     0.036     0.163
     0.115     0.050     0.207
     0.091     0.051     0.206
     0.059     0.037     0.166
     0.035     0.014     0.102
     0.017     0.004     0.037
    -0.019    -0.007    -0.022
    -0.058    -0.018    -0.080
    -0.076    -0.026    -0.119
    -0.092    -0.044    -0.152
    -0.097    -0.057    -0.181
    -0.087    -0.050    -0.162
    -0.089    -0.045    -0.121
    -0.095    -0.032    -0.062
    -0.077    -0.011    -0.006
    -0.040     0.013     0.022
    -0.003     0.026     0.054
     0.032     0.024     0.091
     0.052     0.014     0.130
     0.058    -0.004     0.145
     0.060     0.001     0.124
     0.067     0.013     0.077
     0.065     0.022     0.014
     0.036     0.014    -0.036
     0.008    -0.001    -0.065
    -0.004     0.005    -0.050
    -0.002     0.014    -0.013
     0.019     0.027     0.012
     0.036     0.029     0.031
     0.034     0.018     0.023
     0.028     0.007     0.001
     0.006    -0.021    -0.026
    -0.047    -0.046    -0.046
    -0.090    -0.058    -0.046
    -0.116    -0.072    -0.053
    -0.104    -0.063    -0.051
    -0.065    -0.036    -0.043
    -0.041    -0.004    -0.042
    -0.007     0.033    -0.039
     0.019     0.061    -0.034
     0.033     0.065    -0.029
     0.047     0.058    -0.029
     0.051     0.043    -0.017
     0.065     0.026     0.004
     0.077     0.018     0.032
     0.087     0.019     0.068
     0.093     0.022     0.091
     0.069     0.003     0.092
     0.039    -0.011     0.082
     0.014    -0.016     0.064
    -0.010    -0.044     0.019
    -0.030    -0.049    -0.031
    -0.028    -0.031    -0.056
    -0.002    -0.014    -0.053
     0.010     0.003    -0.045
     0.006     0.008    -0.042
    -0.004     0.004    -0.043
    -0.031    -0.003    -0.044
    -0.067     0.011    -0.021
    -0.084     0.030     0.019
    -0.092     0.028     0.048
    -0.103     0.014     0.055
    -0.091    -0.007     0.039
    -0.053    -0.027     0.017
    -0.010    -0.042    -0.002
     0.027    -0.048    -0.023
     0.061    -0.038    -0.030
     0.103    -0.024    -0.036
     0.126    -0.029    -0.046
     0.118    -0.038    -0.046
     0.104    -0.035    -0.025
     0.087    -0.024     0.018
     0.060     0.007     0.053
     0.036     0.044     0.080
     0.022     0.064     0.080
     0.008     0.067     0.057
    -0.010     0.048     0.026
    -0.027     0.019    -0.006
    -0.056    -0.003    -0.014
    -0.097    -0.019    -0.026
    -0.111    -0.029    -0.055
    -0.114    -0.042    -0.087
    -0.103    -0.033    -0.102
    -0.074    -0.026    -0.103
    -0.047    -0.021    -0.089
    -0.039    -0.004    -0.051
    -0.051    -0.016    -0.011
    -0.019    -0.006     0.032
     0.030     0.008     0.055
     0.090     0.020     0.074
     0.153     0.026     0.075
     0.181     0.006     0.039
     0.211     0.007     0.032
     0.208     0.007     0.041
     0.148    -0.000     0.035
     0.083     0.002     0.042
     0.016     0.021     0.046
    -0.074     0.029     0.026
    -0.129     0.028     0.003
    -0.159     0.031    -0.038
    -0.189     0.008    -0.090
    -0.176    -0.008    -0.112
    -0.134    -0.001    -0.074
    -0.108    -0.019    -0.025
    -0.085    -0.040     0.007
    -0.035    -0.019     0.060
     0.000    -0.029     0.056
     0.027    -0.054     0.016
     0.066    -0.044     0.012
     0.094    -0.037     0.015
     0.107    -0.028     0.009
     0.134     0.005     0.015
     0.151     0.033     0.008
     0.133     0.041    -0.041
     0.146     0.065    -0.040
     0.126     0.073    -0.031
     0.056     0.061    -0.049
     0.015     0.067    -0.037
    -0.037     0.062    -0.020
    -0.101     0.032    -0.007
    -0.127    -0.000     0.008
    -0.124    -0.037     0.029
    -0.132    -0.085     0.036
    -0.135    -0.105     0.050
    -0.111    -0.095     0.068
    -0.083    -0.087     0.050
    -0.041    -0.052     0.010
     0.029    -0.000    -0.022
     0.068     0.012    -0.061
     0.087     0.020    -0.101
     0.119     0.042    -0.087
     0.115     0.048    -0.053
     0.109     0.067    -0.018
     0.108     0.078     0.026
     0.077     0.055     0.058
     0.046     0.026     0.088
     0.023     0.006     0.110
    -0.008    -0.010     0.102
    -0.029    -0.021     0.083
    -0.038    -0.014     0.060
    -0.041    -0.014     0.022
    -0.048    -0.023    -0.042
    -0.058    -0.023    -0.112
    -0.059    -0.027    -0.152
    -0.065    -0.023    -0.146
    -0.068    -0.000    -0.078
    -0.067     0.014     0.010
    -0.071     0.008     0.072
    -0.070    -0.011     0.099
    -0.052    -0.030     0.080
    -0.018    -0.037     0.041
     0.028    -0.036     0.015
     0.084    -0.012    -0.002
     0.126     0.039    -0.013
     0.142     0.070    -0.018
     0.143     0.080    -0.031
     0.122     0.062    -0.047
     0.093     0.024    -0.058
     0.084     0.001    -0.047
     0.053    -0.026    -0.029
     0.014    -0.035    -0.013
    -0.001    -0.021     0.016
    -0.028    -0.014     0.028
    -0.059    -0.006     0.031
    -0.072    -0.008     0.045
    -0.078    -0.012     0.065
    -0.088    -0.006     0.062
    -0.092     0.002     0.017
    -0.086     0.004    -0.047
    -0.074     0.008    -0.101
    -0.057     0.013    -0.118
    -0.035     0.006    -0.094
    -0.006    -0.000    -0.039
     0.013    -0.016     0.028
     0.031    -0.037     0.062
     0.061    -0.044     0.067
     0.090    -0.042     0.050
     0.131    -0.009     0.027
     0.143     0.025     0.006
     0.115     0.036    -0.020
     0.086     0.043    -0.012
     0.039     0.043     0.014
    -0.001     0.051     0.028
    -0.030     0.035     0.028
    -0.037     0.008    -0.006
    -0.025    -0.018    -0.048
    -0.026    -0.051    -0.075
    -0.035    -0.054    -0.077
    -0.042    -0.035    -0.061
    -0.030    -0.010    -0.034
    -0.015     0.014     0.000
    -0.004     0.030     0.034
     0.000     0.039     0.065
    -0.011     0.038     0.072
    -0.038     0.025     0.053
    -0.078     0.014     0.026
    -0.093    -0.012     0.017
    -0.083    -0.057     0.019
    -0.044    -0.065     0.046
     0.000    -0.055     0.084
     0.035    -0.051     0.073
     0.067    -0.044     0.019
     0.084    -0.026    -0.043
     0.103    -0.003    -0.093
     0.121     0.017    -0.114
     0.118     0.042    -0.107
     0.086     0.061    -0.084
     0.063     0.081    -0.053
     0.031     0.079    -0.019
    -0.023     0.059     0.019
    -0.042     0.038     0.064
    -0.052     0.007     0.094
    -0.066    -0.019     0.101
    -0.078    -0.051     0.085
    -0.069    -0.059     0.053
    -0.035    -0.049     0.022
    -0.020    -0.054    -0.011
    -0.004    -0.034    -0.022
    -0.001    -0.013    -0.015
    -0.021    -0.008    -0.018
    -0.024    -0.000    -0.026
    -0.019     0.002    -0.041
    -0.002     0.006    -0.056
     0.027    -0.001    -0.057
     0.048    -0.011    -0.058
     0.048    -0.014    -0.046
     0.050    -0.009    -0.008
     0.058     0.004     0.024
     0.049     0.010     0.028
     0.050     0.029     0.024
     0.039     0.047     0.028
     0.005     0.050     0.026
    -0.025     0.048     0.024
    -0.058     0.046     0.053
    -0.090     0.018     0.063
    -0.102    -0.027     0.044
    -0.081    -0.044     0.015
    -0.036    -0.053    -0.022
     0.022    -0.052    -0.052
     0.065    -0.045    -0.088
     0.082    -0.041    -0.109
     0.078    -0.031    -0.097
     0.048    -0.025    -0.067
     0.001    -0.006    -0.019
    -0.039     0.028     0.025
    -0.054     0.063     0.049
    -0.062     0.066     0.054
    -0.042     0.049     0.039
     0.003     0.040     0.035
     0.038     0.022     0.048
     0.062    -0.003     0.049
     0.071    -0.021     0.038
     0.082    -0.018     0.014
     0.066    -0.021    -0.021
     0.017    -0.032    -0.044
    -0.026    -0.030    -0.055
    -0.054    -0.031    -0.072
    -0.050    -0.019    -0.086
    -0.033    -0.006    -0.080
    -0.011    -0.002    -0.050
     0.016     0.012    -0.003
     0.040     0.011     0.042
     0.048     0.002     0.083
     0.034     0.001     0.109
     0.013     0.003     0.106
    -0.007     0.004     0.090
    -0.030    -0.000     0.080
    -0.054     0.002     0.064
    -0.067     0.003     0.030
    -0.066    -0.005    -0.020
    -0.043    -0.001    -0.055
    -0.009     0.007    -0.066
     0.007    -0.007    -0.080
     0.028    -0.011    -0.071
     0.055     0.002    -0.063
     0.075     0.016    -0.079
     0.092     0.033    -0.080
     0.087     0.029    -0.071
     0.050     0.013    -0.056
     0.010    -0.003    -0.028
    -0.003    -0.013    -0.007
     0.007    -0.015     0.011
     0.014    -0.022     0.028
     0.011    -0.018     0.033
    -0.006    -0.014     0.052
    -0.036    -0.005     0.082
    -0.065     0.005     0.106
    -0.096     0.004     0.113
    -0.111    -0.008     0.096
    -0.103    -0.017     0.090
    -0.088    -0.015     0.073
    -0.065    -0.027     0.019
    -0.025    -0.014    -0.040
     0.012     0.009    -0.099
     0.032     0.012    -0.138
     0.056     0.015    -0.136
     0.069     0.004    -0.103
     0.077     0.003    -0.057
     0.087     0.012    -0.021
     0.097     0.021     0.002
     0.104     0.028     0.011
     0.092     0.011     0.005
     0.068    -0.016     0.004
     0.027    -0.031     0.008
    -0.008    -0.030     0.023
    -0.031    -0.026     0.044
    -0.065    -0.016     0.050
    -0.081     0.001     0.055
    -0.066     0.023     0.058
    -0.052     0.034     0.034
    -0.048     0.021    -0.006
    -0.035     0.017    -0.024
    -0.018     0.010    -0.037
    -0.005    -0.004    -0.043
     0.010    -0.007    -0.033
     0.031    -0.006    -0.039
     0.043    -0.006    -0.055
     0.045    -0.020    -0.069
     0.044    -0.021    -0.067
     0.043    -0.013    -0.036
     0.033    -0.011     0.005
     0.010    -0.014     0.037
     0.003    -0.009     0.064
     0.012     0.011     0.069
     0.027     0.021     0.062
     0.037     0.026     0.057
     0.036     0.027     0.045
     0.039     0.017     0.034
     0.025    -0.013    -0.019
     0.004    -0.031    -0.077
     0.006    -0.012    -0.086
     0.007     0.001    -0.079
    -0.018     0.008    -0.045
    -0.050     0.016    -0.010
    -0.062     0.010     0.011
    -0.060    -0.003     0.020
    -0.057    -0.012     0.023
    -0.052    -0.011     0.044
    -0.038    -0.006     0.060
    -0.014    -0.006     0.068
     0.014    -0.008     0.067
     0.033    -0.015     0.056
     0.042    -0.026     0.034
     0.041    -0.024    -0.007
     0.029    -0.018    -0.054
     0.031    -0.003    -0.097
     0.042     0.028    -0.123
     0.035     0.026    -0.130
     0.025     0.020    -0.125
     0.025     0.035    -0.087
     0.020     0.028    -0.030
     0.019     0.018     0.008
     0.020     0.024     0.048
     0.018     0.036     0.091
     0.020     0.038     0.103
     0.018     0.021     0.108
     0.006    -0.002     0.116
    -0.007    -0.016     0.109
    -0.014    -0.027     0.096
    -0.013    -0.038     0.069
    -0.010    -0.041     0.020
    -0.018    -0.048    -0.028
    -0.036    -0.047    -0.063
    -0.048    -0.034    -0.094
    -0.050    -0.013    -0.095
    -0.040     0.014    -0.087
    -0.017     0.039    -0.083
    -0.002     0.060    -0.068
    -0.004     0.054    -0.062
     0.001     0.034    -0.051
     0.000     0.002    -0.039
    -0.005    -0.035    -0.020
     0.006    -0.039     0.026
     0.024    -0.025     0.068
     0.035    -0.005     0.086
     0.042     0.016     0.080
     0.048     0.033     0.073
     0.035     0.031     0.073
     0.012     0.022     0.074
    -0.019     0.020     0.069
    -0.050    -0.000     0.050
    -0.051    -0.016     0.006
    -0.043    -0.029    -0.052
    -0.023    -0.035    -0.075
    -0.012    -0.031    -0.092
    -0.023    -0.032    -0.104
    -0.026    -0.033    -0.081
    -0.039    -0.037    -0.043
    -0.045    -0.039     0.000
    -0.020    -0.021     0.031
     0.027     0.013     0.039
     0.075     0.045     0.026
     0.113     0.076     0.002
     0.129     0.085    -0.013
     0.109     0.073     0.001
     0.082     0.055     0.040
     0.039     0.041     0.090
    -0.008     0.036     0.138
    -0.034     0.012     0.141
    -0.050    -0.021     0.105
    -0.045    -0.054     0.046
    -0.040    -0.082    -0.032
    -0.027    -0.075    -0.093
    -0.029    -0.059    -0.140
    -0.045    -0.032    -0.165
    -0.043     0.012    -0.151
    -0.038     0.043    -0.134
    -0.023     0.049    -0.113
    -0.006     0.031    -0.072
     0.017     0.012    -0.011
     0.034    -0.000     0.072
     0.048    -0.016     0.134
     0.069    -0.023     0.169
     0.079    -0.013     0.184
     0.090    -0.003     0.164
     0.088    -0.000     0.127
     0.073     0.007     0.087
     0.049     0.016     0.042
     0.021     0.019    -0.009
     0.006     0.014    -0.061
    -0.008     0.013    -0.099
    -0.022     0.005    -0.120
    -0.063    -0.026    -0.142
    -0.100    -0.044    -0.155
    -0.103    -0.048    -0.152
    -0.097    -0.055    -0.139
    -0.063    -0.046    -0.093
    -0.022    -0.024    -0.013
    -0.001    -0.016     0.058
     0.019    -0.006     0.117
     0.021     0.021     0.144
     0.014     0.033     0.134
     0.020     0.037     0.098
     0.015     0.026     0.058
     0.016     0.016     0.030
     0.038     0.014     0.011
     0.077     0.005     0.012
     0.099    -0.009     0.000
     0.108    -0.008    -0.014
     0.102     0.015    -0.023
     0.086     0.020    -0.032
     0.054     0.011    -0.034
    -0.018    -0.013    -0.047
    -0.072    -0.019    -0.021
    -0.117    -0.010     0.007
    -0.138    -0.008    -0.002
    -0.120    -0.000    -0.012
    -0.122    -0.021    -0.052
    -0.093    -0.020    -0.065
    -0.042    -0.002    -0.036
    -0.021    -0.007    -0.021
    -0.011    -0.004    -0.002
    -0.001    -0.000     0.036
     0.003    -0.010     0.047
     0.020    -0.004     0.057
     0.055     0.014     0.090
     0.072     0.015     0.099
     0.083     0.019     0.100
     0.109     0.024     0.111
     0.103     0.019     0.072
     0.071     0.006     0.001
     0.079     0.015    -0.036
     0.068     0.017    -0.077
     0.032    -0.005    -0.112
     0.014     0.001    -0.099
    -0.015    -0.002    -0.074
    -0.057    -0.010    -0.076
    -0.073    -0.000    -0.070
    -0.072    -0.008    -0.050
    -0.085    -0.035    -0.050
    -0.072    -0.053    -0.019
    -0.039    -0.057     0.040
    -0.013    -0.054     0.078
     0.026    -0.044     0.096
     0.069    -0.015     0.101
     0.062     0.004     0.058
     0.048     0.017     0.018
     0.060     0.043     0.025
     0.002     0.032     0.017
    -0.056     0.015     0.018
    -0.051     0.020     0.026
    -0.036     0.004    -0.007
     0.006    -0.003    -0.049
     0.068     0.010    -0.067
     0.106     0.020    -0.066
     0.105     0.029    -0.034
     0.070     0.034     0.005
     0.028     0.029     0.021
    -0.008     0.019     0.018
    -0.013     0.017    -0.001
    -0.002     0.012    -0.011
    -0.006    -0.004    -0.019
     0.008    -0.015    -0.027
     0.013    -0.023    -0.030
     0.014    -0.031    -0.029
     0.021    -0.031    -0.011
    -0.013    -0.027     0.014
    -0.064    -0.031     0.046
    -0.092    -0.033     0.067
    -0.098    -0.025     0.071
    -0.090    -0.008     0.073
    -0.062     0.009     0.061
    -0.021     0.022     0.034
     0.018     0.027     0.001
     0.046     0.024    -0.016
     0.065     0.026    -0.013
     0.058     0.010    -0.018
     0.042    -0.008    -0.027
     0.041    -0.002    -0.032
     0.037    -0.000    -0.062
     0.041     0.002    -0.097
     0.038     0.007    -0.117
     0.019     0.013    -0.099
     0.001     0.013    -0.037
    -0.017     0.005     0.032
    -0.017    -0.003     0.086
    -0.003    -0.010     0.103
     0.014    -0.014     0.097
     0.027    -0.015     0.079
     0.011    -0.019     0.058
    -0.020    -0.022     0.051
    -0.059    -0.018     0.035
    -0.074    -0.003     0.013
    -0.051     0.007    -0.009
    -0.026     0.007    -0.030
    -0.008     0.010    -0.044
     0.015     0.014    -0.051
     0.031     0.015    -0.059
     0.028     0.012    -0.071
     0.034     0.011    -0.060
     0.046     0.005    -0.031
     0.041    -0.000     0.011
     0.025     0.001     0.057
     0.003    -0.001     0.071
    -0.008    -0.002     0.050
    -0.016    -0.009     0.008
    -0.016    -0.029    -0.036
    -0.006    -0.045    -0.053
     0.005    -0.036    -0.032
     0.033    -0.020    -0.009
     0.049    -0.006     0.003
     0.047     0.010     0.006
     0.043     0.021     0.007
     0.023     0.027     0.023
    -0.015     0.009     0.023
    -0.048    -0.004     0.012
    -0.059    -0.008     0.010
    -0.052    -0.015    -0.011
    -0.029    -0.011    -0.020
     0.006    -0.011    -0.009
     0.036    -0.008    -0.004
     0.057    -0.013    -0.010
     0.066    -0.011    -0.027
     0.061    -0.001    -0.043
     0.046    -0.003    -0.050
     0.027     0.003    -0.051
    -0.005     0.019    -0.035
    -0.038     0.024    -0.004
    -0.059     0.013     0.022
    -0.064     0.003     0.047
    -0.059    -0.008     0.079
    -0.029    -0.008     0.115
    -0.001    -0.006     0.112
     0.013    -0.029     0.052
     0.041    -0.032    -0.029
     0.041    -0.024    -0.098
     0.036    -0.018    -0.128
     0.039     0.003    -0.122
     0.005     0.021    -0.092
    -0.029     0.039    -0.051
    -0.055     0.038    -0.017
    -0.078     0.014     0.003
    -0.078    -0.010     0.012
    -0.054    -0.023     0.030
    -0.016    -0.018     0.050
     0.014    -0.004     0.068
     0.031     0.007     0.082
     0.035     0.015     0.081
     0.035     0.009     0.070
     0.038    -0.001     0.039
     0.054    -0.002     0.005
     0.057    -0.012    -0.026
     0.039    -0.021    -0.067
     0.052    -0.021    -0.089
     0.068    -0.014    -0.091
     0.076     0.009    -0.061
     0.084     0.025    -0.017
     0.053     0.035     0.020
    -0.008     0.039     0.046
    -0.068     0.031     0.050
    -0.105     0.015     0.040
    -0.126    -0.012     0.023
    -0.132    -0.039     0.015
    -0.114    -0.048     0.019
    -0.091    -0.046     0.017
    -0.055    -0.042     0.001
     0.002    -0.029    -0.034
     0.053    -0.022    -0.077
     0.100    -0.010    -0.081
     0.129     0.015    -0.043
     0.100     0.010    -0.008
     0.055     0.006     0.023
     0.031     0.022     0.041
     0.014     0.040     0.041
     0.013     0.056     0.052
     0.004     0.047     0.062
    -0.018     0.023     0.062
    -0.023    -0.000     0.060
    -0.022    -0.015     0.037
    -0.022    -0.029    -0.002
    -0.021    -0.037    -0.038
    -0.022    -0.029    -0.064
    -0.021    -0.015    -0.060
    -0.022    -0.000    -0.037
    -0.023     0.002    -0.011
    -0.014    -0.009     0.013
    -0.013    -0.021     0.032
     0.003    -0.019     0.042
     0.036    -0.009     0.037
     0.036    -0.016     0.017
     0.030    -0.007    -0.012
     0.042     0.016    -0.034
     0.050     0.025    -0.055
     0.037     0.019    -0.081
     0.020     0.014    -0.094
     0.011     0.003    -0.106
     0.007    -0.008    -0.090
     0.005    -0.000    -0.032
    -0.012    -0.013     0.035
    -0.013    -0.031     0.099
    -0.009    -0.044     0.136
    -0.014    -0.054     0.141
    -0.013    -0.050     0.114
    -0.012    -0.047     0.069
    -0.012    -0.026     0.026
    -0.018    -0.001    -0.008
    -0.015     0.028    -0.015
    -0.026     0.035    -0.043
    -0.044     0.022    -0.081
    -0.023     0.029    -0.090
     0.009     0.018    -0.092
     0.033    -0.001    -0.093
     0.053    -0.006    -0.074
     0.054     0.004    -0.045
     0.042     0.009    -0.018
     0.022     0.010     0.022
    -0.003     0.009     0.070
    -0.019     0.004     0.114
    -0.019     0.018     0.147
    -0.009     0.018     0.147
    -0.007    -0.005     0.116
    -0.011    -0.025     0.058
    -0.004    -0.036    -0.003
     0.008    -0.035    -0.041
     0.019    -0.030    -0.065
     0.037    -0.008    -0.061
     0.034     0.006    -0.069
     0.018     0.006    -0.105
     0.033     0.029    -0.101
     0.044     0.034    -0.085
     0.024     0.023    -0.073
    -0.004     0.009    -0.050
    -0.024    -0.017    -0.018
    -0.037    -0.033     0.025
    -0.038    -0.042     0.074
    -0.028    -0.039     0.109
    -0.027    -0.027     0.107
    -0.032    -0.017     0.081
    -0.028    -0.012     0.039
    -0.017     0.001     0.007
    -0.010     0.024     0.002
     0.005     0.043     0.009
     0.032     0.044     0.017
     0.053     0.030     0.005
     0.073     0.031    -0.007
     0.070     0.014    -0.042
     0.057    -0.000    -0.082
     0.040    -0.004    -0.092
     0.003    -0.023    -0.087
    -0.017    -0.022    -0.068
    -0.030    -0.022    -0.033
    -0.027    -0.014     0.003
    -0.019    -0.005     0.011
    -0.012    -0.008     0.012
    -0.002    -0.006     0.021
    -0.008    -0.017     0.034
    -0.019    -0.020     0.051
    -0.038    -0.025     0.055
    -0.040    -0.040     0.061
    -0.030    -0.038     0.054
    -0.023    -0.036     0.040
    -0.001    -0.025     0.025
     0.025     0.010     0.015
     0.044     0.045     0.003
     0.043     0.049    -0.027
     0.050     0.051    -0.033
     0.051     0.050    -0.029
     0.032     0.035    -0.025
     0.012     0.032    -0.022
     0.004     0.018    -0.033
    -0.003    -0.007    -0.047
    -0.017    -0.035    -0.061
    -0.009    -0.060    -0.059
    -0.002    -0.077    -0.044
    -0.002    -0.079    -0.021
    -0.012    -0.056     0.006
    -0.038    -0.027     0.022
    -0.048    -0.001     0.027
    -0.047     0.014     0.029
    -0.025     0.029     0.043
     0.009     0.036     0.062
     0.034     0.043     0.073
     0.035     0.039     0.052
     0.010     0.016     0.010
     0.002     0.016    -0.006
     0.001     0.016     0.004
    -0.015     0.008     0.022
    -0.034    -0.005     0.025
    -0.050    -0.025     0.013
    -0.038    -0.039    -0.014
    -0.009    -0.048    -0.064
     0.013    -0.044    -0.094
     0.034    -0.036    -0.087
     0.045    -0.025    -0.063
     0.052    -0.012    -0.034
     0.060     0.001    -0.004
     0.061     0.013     0.028
     0.057     0.021     0.055
     0.041     0.019     0.060
     0.042     0.027     0.049
     0.055     0.051     0.044
     0.049     0.044     0.033
     0.043     0.023     0.026
     0.030     0.020     0.038
     0.006     0.012     0.048
    -0.018     0.001     0.042
    -0.037    -0.004     0.003
    -0.040    -0.009    -0.046
    -0.032    -0.015    -0.079
    -0.034    -0.022    -0.094
    -0.032    -0.035    -0.096
    -0.019    -0.038    -0.080
    -0.005    -0.030    -0.061
     0.006    -0.026    -0.056
     0.014    -0.013    -0.045
     0.019    -0.006    -0.036
     0.005     0.003    -0.032
    -0.014     0.013    -0.006
    -0.009     0.030     0.039
     0.007     0.049     0.093
     0.011     0.031     0.125
     0.012     0.014     0.135
     0.040     0.005     0.126
     0.057    -0.013     0.091
     0.061    -0.025     0.060
     0.065    -0.026     0.026
     0.055    -0.010     0.001
     0.035     0.007    -0.014
    -0.001     0.008    -0.041
    -0.053    -0.005    -0.067
    -0.110    -0.019    -0.085
    -0.145    -0.027    -0.091
    -0.149    -0.027    -0.074
    -0.130    -0.021    -0.053
    -0.103    -0.024    -0.039
    -0.071    -0.021    -0.030
    -0.031    -0.016    -0.029
     0.005    -0.001     0.004
     0.033     0.020     0.049
     0.041     0.012     0.076
     0.059     0.007     0.100
     0.093     0.007     0.103
     0.107    -0.004     0.093
     0.108    -0.013     0.075
     0.101    -0.010     0.054
     0.089     0.004     0.023
     0.075     0.012    -0.025
     0.058     0.018    -0.077
     0.047     0.012    -0.124
     0.024     0.013    -0.145
    -0.016     0.021    -0.149
    -0.052     0.017    -0.133
    -0.083     0.012    -0.102
    -0.096    -0.003    -0.059
    -0.085    -0.022    -0.004
    -0.057    -0.038     0.057
    -0.057    -0.038     0.057
