********************************************************************************
                       INSTITUTO DE INGENIERIA, UNAM
                   Coordinacion de Instrumentacion Sismica
  Ciudad Universitaria, Apartado Postal 70-472, Coyoacan 04510, Mexico, D.F.
 Tel.(52-5)622-3414    Fax.(52-5)616-1514    e-mail: isismica@pumas.iingen.unam.mx
**************************************************************************************
ARCHIVO ESTANDAR DE ACELERACION:
VERSION DEL FORMATO                    : 2.0
NOMBRE DEL ARCHIVO                     : MSAS9103.251
FECHA Y HORA DE CREACION               : Thu Sep 11 12:44:34 1997
REF. CATALOGO ACELEROGRAMAS, SMIS 1995 : REGISTRO No. 2726 /PAG. 259


================================================================================
DATOS DE LA ESTACION:
NOMBRE DE LA ESTACION                  : LAS MESAS
CLAVE DE LA ESTACION                   : MSAS
LOCALIZACION DE LA ESTACION            : ATRAS DE LA CLINICA S.S.A., EN LAS MESAS, GUERRERO.
                                       : 
                                       : 
                                       : 
                                       : 
COORDENADAS DE LA ESTACION             : 17.007 LAT. N
                                       : 99.456 LONG. W
ALTITUD (msnm)                         : 420
TIPO DE SUELO                          : ROCA
                                       : 
                                       : 
INSTITUCION RESPONSABLE                : INSTITUTO DE INGENIERIA UNAM 
                                       : 

================================================================================
DATOS DEL ACELEROGRAFO: 
MODELO DEL ACELEROGRAFO                : DSA-1
NUMERO DE SERIE DEL ACELEROGRAFO       : 249
NUMERO DE CANALES                      : 3
ORIENTACION C1-C6 (rumbo;orientacion)  : /S90E/V/S00E
ORIENTACION C7-C12 (rumbo;orientacion) :
VEL. DE MUESTREO, C1-C6 (muestras/s)   : /200/200/200
VEL. DE MUESTREO, C7-C12 (muestras/s)  :
ESC. COMPLETA DE SENSORES, C1-C6, (g)  : /2/2/2
ESC. COMPLETA DE SENSORES, C7-C12 (g)  :
FREC. NAT. DE SENSORES, C1-C6, (Hz)    : /54.4/52.7/56.7
FREC. NAT. DE SENSORES, C7-C12 (Hz)    :
AMORTIGUAMIENTO DE SENSORES, C1-C6     : /0.67/0.64/0.64
AMORTIGUAMIENTO DE SENSORES, C7-C12    :
INTERVALO DE MUESTREO, C1-C6 (s)       : /0.005/0.005/0.005
INTERVALO DE MUESTREO, C7-C12 (s)      :
UMBRAL DE DISPARO, C1-C6 (Gal)         : /5.5/5.5/5.5
UMBRAL DE DISPARO, C7-C12 (Gal)        :
MEMORIA DE PREEVENTO (s)               : 2.56
TIEMPO DE POSEVENTO (s)                : 20


================================================================================
DATOS DEL SISMO:
FECHA DEL SISMO [GMT]                  : 1991/03/25
HORA EPICENTRO (GMT)                   : 19:32:57.7
MAGNITUD(ES)                           : /Mb=4.60/Mc=4.70
COORDENADAS DEL EPICENTRO              : 17.165 LAT. N 
                                       : 99.867 LONG. W 
PROFUNDIDAD FOCAL (km)                 : 33 
FUENTES DE LOS DATOS EPICENTRALES      : INSTITUTO DE INGENIERIA UNAM
                                       : 

================================================================================
DATOS DE ESTE REGISTRO:
HORA DE LA PRIMERA MUESTRA (GMT)       : 19:33:11.95
EXACTITUD DEL TIEMPO (s)               : 0.01
DURACION DEL REGISTRO (s), C1-C6       : /24.75/24.75/24.75                      
DURACION DEL REGISTRO (s), C7-C12      : 
NUM. TOTAL DE MUESTRAS, C1-C6          : /4950/4950/4950                       
NUM. TOTAL DE MUESTRAS, C7-C12         : 
ACEL. MAX.(Gal), C1-C6                 : /15.02/10.79/21.21                    
ACEL. MAX., C1-C6, EN LA MUESTRA       : /356/435/426                          
ACEL. MAX.(Gal), C7-C12                : 
ACEL. MAX., C7-C12,EN LA MUESTRA       : 
UNIDADES DE LOS DATOS                  : Gal (cm/s/s)
FACTOR DE DECIMACION                   : 1
FORMATO DATOS (FORTRAN,10 campos/dato) : 3F10.2


================================================================================
CALIDAD DEL ACELEROGRAMA:
REGISTRO DIGITAL COMPLETO CON TIEMPO ABSOLUTO CORRECTO.


===============================================================================
COMENTARIOS:














===============================================================================
DATOS DE ACELERACION:
---------+---------+---------+---------+---------+---------+---------+---------+
   CANAL-1   CANAL-2   CANAL-3
      S90E         V      S00E
---------+---------+---------+---------+---------+---------+---------+---------+
     -2.21      0.26     -1.76
     -1.25      1.22     -1.76
     -1.25      0.26     -1.76
     -0.29      0.26     -0.80
     -0.29      0.26      0.15
     -0.29      0.26      1.11
     -0.29      0.26      1.11
      0.67     -0.69      1.11
      0.67     -1.65      1.11
      0.67     -1.65      1.11
     -0.29     -0.69      1.11
      0.67      0.26      2.07
      0.67      0.26      1.11
      1.62     -0.69      1.11
      1.62     -0.69      2.07
      1.62      0.26      1.11
      0.67      0.26     -0.80
     -0.29      0.26     -0.80
     -1.25      0.26     -0.80
     -1.25      0.26     -0.80
     -2.21      0.26     -0.80
     -2.21      1.22     -1.76
     -2.21      1.22     -2.72
     -1.25      1.22     -1.76
     -0.29      0.26     -0.80
      0.67      0.26      0.15
     -0.29      0.26      0.15
     -0.29      0.26      1.11
     -0.29      0.26      1.11
      0.67     -1.65      1.11
      0.67     -1.65      1.11
      0.67     -2.61      1.11
      0.67     -1.65      1.11
      0.67     -1.65      2.07
      0.67      0.26      2.07
      0.67      0.26      2.07
      1.62      0.26      1.11
      0.67      0.26     -0.80
      0.67      0.26     -1.76
     -0.29      1.22     -2.72
     -1.25      1.22     -2.72
     -1.25      1.22     -1.76
     -1.25      1.22     -1.76
     -0.29      0.26     -0.80
      0.67      0.26     -0.80
      0.67      0.26     -1.76
      0.67      0.26     -1.76
     -0.29      0.26     -0.80
     -0.29      0.26      2.07
     -0.29      0.26      3.02
     -0.29      0.26      2.07
      0.67     -0.69      2.07
      0.67     -1.65      1.11
      1.62     -1.65      1.11
      0.67     -0.69      1.11
      0.67      0.26      0.15
      0.67      0.26      0.15
     -0.29      0.26      0.15
     -0.29      0.26      1.11
     -1.25      0.26      1.11
     -1.25      0.26     -0.80
     -1.25      0.26     -1.76
     -0.29     -0.69     -1.76
     -0.29     -1.65     -1.76
     -0.29     -1.65     -1.76
     -0.29     -0.69     -0.80
     -0.29      0.26     -0.80
      0.67      0.26     -0.80
      0.67      0.26      0.15
      0.67      1.22      0.15
      0.67      1.22      1.11
      0.67      1.22      0.15
      0.67      1.22      0.15
      0.67      1.22      0.15
      0.67      0.26      1.11
      0.67     -0.69      1.11
      0.67     -1.65      1.11
     -0.29     -1.65      1.11
     -1.25     -1.65      1.11
     -1.25     -0.69      1.11
     -1.25     -0.69      1.11
     -1.25      0.26      0.15
     -1.25      0.26     -0.80
     -0.29      0.26     -0.80
      0.67      0.26     -2.72
      0.67      0.26     -3.67
      0.67     -0.69     -3.67
      0.67      0.26     -2.72
      0.67      0.26     -0.80
      0.67      1.22      0.15
      0.67      1.22      1.11
      0.67      1.22      1.11
      0.67      0.26      1.11
     -0.29      0.26      0.15
     -1.25      0.26      0.15
     -1.25      0.26      1.11
     -0.29      0.26      1.11
     -0.29     -0.69      1.11
     -0.29     -1.65      1.11
     -0.29     -1.65      2.07
      0.67     -1.65      1.11
      0.67     -0.69     -0.80
     -0.29     -0.69     -0.80
     -0.29     -0.69      0.15
      0.67      0.26      1.11
      0.67      0.26      0.15
      0.67      1.22     -0.80
      0.67      2.18     -2.72
      0.67      2.18     -2.72
      0.67      2.18     -1.76
      0.67      1.22     -1.76
      0.67      1.22     -0.80
     -0.29      0.26      0.15
     -0.29     -0.69      1.11
     -1.25     -1.65      1.11
     -1.25     -2.61      1.11
     -2.21     -3.56      1.11
     -2.21     -2.61      1.11
     -1.25     -2.61      1.11
     -1.25     -1.65      2.07
     -1.25      0.26      2.07
     -0.29      1.22      1.11
      0.67      2.18      0.15
      0.67      2.18     -0.80
      1.62      2.18     -1.76
      0.67      2.18     -2.72
      1.62      1.22     -1.76
      1.62      1.22     -0.80
      1.62      0.26      0.15
      0.67     -0.69      1.11
     -0.29     -0.69      0.15
     -0.29     -0.69      0.15
     -0.29     -0.69      0.15
      0.67     -0.69      0.15
      0.67      0.26     -0.80
     -0.29      0.26     -0.80
     -0.29      0.26     -1.76
     -1.25      0.26     -0.80
     -1.25      0.26     -0.80
     -1.25      0.26      1.11
     -1.25      0.26      2.07
     -0.29      0.26      2.07
      0.67     -0.69      2.07
      0.67     -0.69      2.07
      0.67     -1.65      1.11
     -0.29     -1.65      1.11
     -1.25     -0.69      0.15
     -1.25     -0.69     -0.80
     -0.29      0.26     -0.80
     -0.29      0.26     -0.80
      1.62      0.26     -0.80
      1.62      1.22     -0.80
      2.58      1.22      0.15
      2.58      1.22      1.11
      1.62      1.22      0.15
      0.67      1.22     -0.80
     -0.29      1.22     -0.80
     -0.29      0.26     -0.80
     -1.25      0.26     -0.80
     -1.25     -0.69     -1.76
     -2.21     -0.69     -1.76
     -2.21     -0.69     -1.76
     -1.25     -0.69     -0.80
     -1.25     -0.69      0.15
     -0.29     -0.69      2.07
     -0.29      0.26      3.02
     -0.29      0.26      3.02
      0.67      0.26      2.07
      0.67      0.26      1.11
      1.62     -1.65      1.11
      1.62     -1.65      0.15
      1.62     -1.65      0.15
      1.62     -1.65     -0.80
      1.62     -0.69     -0.80
      0.67     -0.69     -1.76
     -0.29      0.26     -0.80
     -0.29      2.18      0.15
     -0.29      2.18      0.15
     -1.25      2.18     -0.80
     -1.25      2.18     -1.76
     -2.21      1.22     -1.76
     -2.21      0.26     -2.72
     -2.21      0.26     -1.76
     -1.25     -0.69     -0.80
     -1.25     -0.69      0.15
     -0.29     -0.69      1.11
      0.67     -0.69      1.11
      0.67     -0.69      1.11
      0.67     -1.65      1.11
      0.67     -1.65      1.11
      1.62     -1.65      1.11
      1.62     -1.65      1.11
      1.62     -1.65      1.11
      0.67     -0.69      0.15
     -0.29      0.26      0.15
     -0.29      1.22      0.15
     -0.29      2.18      0.15
      0.67      2.18     -0.80
      0.67      2.18     -1.76
      0.67      1.22     -1.76
      0.67      1.22     -0.80
     -0.29      0.26     -0.80
     -1.25     -0.69     -0.80
     -2.21     -1.65      0.15
     -2.21     -1.65      1.11
     -2.21     -1.65      1.11
     -1.25     -1.65      1.11
     -0.29     -1.65      0.15
      0.67     -0.69     -0.80
      0.67      0.26     -0.80
      0.67      1.22     -0.80
      0.67      2.18     -0.80
     -0.29      2.18     -0.80
      0.67      3.13      0.15
      1.62      2.18      1.11
      2.58      0.26      0.15
      2.58     -0.69     -0.80
      1.62     -2.61     -0.80
      0.67     -2.61      0.15
     -0.29     -2.61      0.15
     -2.21     -2.61      1.11
     -3.16     -1.65      1.11
     -2.21     -0.69      0.15
     -1.25      0.26     -0.80
     -0.29      1.22     -1.76
      0.67      2.18     -1.76
      0.67      2.18     -1.76
      0.67      2.18     -0.80
      0.67      2.18      0.15
      0.67      1.22      1.11
      0.67      0.26      2.07
     -0.29     -0.69      2.07
     -0.29     -0.69      2.07
     -0.29     -1.65      1.11
     -0.29     -1.65      1.11
      0.67     -1.65      0.15
      0.67     -0.69      0.15
     -0.29      0.26     -0.80
      0.67      1.22     -0.80
      0.67      1.22     -0.80
      0.67      1.22     -0.80
      0.67      0.26     -1.76
      0.67      0.26     -1.76
     -0.29      0.26     -1.76
      0.67      0.26     -0.80
      0.67     -0.69      0.15
     -0.29      0.26      0.15
     -0.29      0.26      1.11
     -0.29      0.26      1.11
     -0.29      0.26      1.11
     -0.29      0.26      1.11
     -0.29      0.26      1.11
      0.67      0.26      0.15
      0.67      0.26      0.15
      0.67      0.26     -0.80
      0.67     -0.69     -0.80
     -0.29     -1.65      0.15
     -0.29     -1.65      0.15
      0.67     -1.65      1.11
      0.67     -0.69      1.11
      1.62      0.26      1.11
      0.67      0.26      0.15
      0.67      2.18     -0.80
     -0.29      2.18     -0.80
     -1.25      2.18     -1.76
     -1.25      1.22     -1.76
     -0.29      0.26     -2.72
     -0.29     -0.69     -2.72
     -0.29     -1.65     -1.76
      0.67     -2.61      0.15
     -0.29     -2.61      1.11
     -1.25     -2.61      2.07
     -1.25     -2.61      2.07
     -2.21     -1.65      2.07
     -1.25     -1.65      2.07
     -0.29      0.26      2.07
      0.67      0.26      2.07
      0.67      1.22      2.07
      0.67      2.18      1.11
     -0.29      2.18      0.15
     -0.29      2.18     -0.80
     -0.29      2.18     -0.80
      0.67      1.22     -1.76
      0.67      1.22     -1.76
      1.62      0.26     -1.76
      0.67     -0.69     -0.80
      0.67     -0.69     -0.80
     -0.29      0.26     -0.80
     -1.25      0.26     -0.80
     -1.25      0.26     -0.80
     -0.29      0.26     -0.80
      0.67      0.26     -0.80
      0.67     -0.69     -0.80
      0.67     -0.69     -0.80
      0.67      0.26     -1.76
      0.67      0.26     -0.80
      1.62      0.26      0.15
      1.62     -0.69      0.15
      0.67     -1.65      0.15
      0.67     -1.65      1.11
      0.67     -1.65      1.11
      0.67     -2.61      1.11
      0.67     -2.61      1.11
     -0.29     -1.65      1.11
     -0.29     -0.69      2.07
     -0.29      0.26      1.11
     -0.29      1.22      1.11
     -0.29      1.22      1.11
     -0.29      2.18      1.11
     -0.29      2.18     -0.80
     -0.29      2.18     -1.76
      0.67      1.22     -1.76
      0.67      1.22     -3.67
     -0.29      1.22     -4.63
     -0.29      1.22     -4.63
     -1.25      1.22     -5.59
     -0.29      1.22     -4.63
     -0.29      1.22     -4.63
     -0.29      1.22     -3.67
      0.67      1.22     -2.72
      0.67      1.22     -1.76
      0.67      1.22      0.15
      0.67      0.26      2.07
      0.67      0.26      3.02
     -0.29     -0.69      4.94
     -0.29     -1.65      5.90
     -1.25     -2.61      6.85
     -2.21     -2.61      5.90
     -2.21     -2.61      5.90
     -1.25     -2.61      3.98
      0.67     -1.65      2.07
      2.58     -1.65     -0.80
      4.49     -1.65     -3.67
      5.45     -0.69     -6.55
      6.41     -0.69    -10.37
      5.45      0.26    -11.33
      4.49      1.22    -10.37
      3.54      2.18     -9.42
      0.67      4.09     -7.50
     -1.25      6.01     -4.63
     -4.12      7.92     -2.72
     -5.08      8.88      0.15
     -5.08      8.88      2.07
     -5.08      6.01      3.98
     -4.12      2.18      5.90
     -4.12     -2.61      8.77
     -4.12     -6.44     11.64
     -6.03     -8.35     14.51
     -7.95    -10.26     15.47
     -8.91    -10.26     16.42
     -8.91     -8.35     15.47
     -6.03     -5.48     14.51
     -0.29     -0.69     10.68
      4.49      3.13      5.90
      9.28      6.01      0.15
     13.11      6.01     -4.63
     15.02      5.05     -8.46
     15.02      3.13    -11.33
     12.15      1.22    -15.16
      9.28     -0.69    -17.07
      5.45     -2.61    -16.12
      3.54     -4.52    -13.25
      0.67     -5.48     -9.42
     -0.29     -5.48     -6.55
     -1.25     -4.52     -4.63
     -4.12     -1.65     -4.63
     -6.99      1.22     -3.67
     -7.95      3.13     -2.72
     -7.95      3.13     -1.76
     -7.95      2.18     -1.76
     -6.03      1.22      0.15
     -4.12     -0.69      2.07
     -2.21     -3.56      3.98
     -0.29     -5.48      7.81
     -0.29     -6.44     10.68
     -0.29     -5.48     12.59
     -1.25     -2.61     13.55
     -2.21     -0.69     13.55
     -1.25      1.22     10.68
     -0.29      2.18      6.85
      1.62      2.18      2.07
      1.62      3.13     -1.76
      1.62      4.09     -4.63
      1.62      4.09     -3.67
      0.67      3.13     -0.80
     -0.29      2.18      1.11
     -0.29      1.22      1.11
     -2.21      0.26      1.11
     -4.12     -1.65     -1.76
     -4.12     -2.61     -4.63
     -5.08     -3.56     -8.46
     -5.08     -3.56    -11.33
     -4.12     -2.61    -12.29
     -2.21     -0.69    -11.33
      0.67      0.26     -8.46
      4.49      1.22     -3.67
      6.41      2.18      1.11
      7.36      3.13      3.02
      6.41      4.09      5.90
      5.45      4.09      7.81
      4.49      2.18      9.72
      3.54      0.26     10.68
      1.62     -1.65     11.64
     -1.25     -3.56     11.64
     -3.16     -4.52     11.64
     -5.08     -5.48     11.64
     -7.95     -5.48      9.72
     -9.86     -4.52      6.85
    -10.82     -2.61      3.02
     -7.95     -1.65     -0.80
     -2.21     -0.69     -6.55
      2.58     -0.69    -12.29
      6.41      0.26    -17.07
      6.41      1.22    -20.90
      5.45      3.13    -20.90
      3.54      5.05    -18.99
      0.67      6.01    -14.20
     -2.21      7.92     -9.42
     -4.12      7.92     -4.63
     -4.12      6.96      0.15
     -2.21      5.05      3.98
      0.67      2.18      6.85
      0.67     -0.69      9.72
     -0.29     -3.56     12.59
     -3.16     -6.44     16.42
     -5.08     -8.35     19.29
     -5.08     -9.31     21.21
     -3.16    -10.26     18.34
     -0.29    -10.26     12.59
      4.49     -9.31      6.85
      7.36     -7.39      3.98
      9.28     -4.52      1.11
      9.28     -0.69     -1.76
      6.41      4.09     -6.55
      3.54      7.92     -9.42
      1.62     10.79    -11.33
      1.62     10.79    -11.33
      2.58      9.83    -11.33
      3.54      7.92    -11.33
      1.62      6.01    -12.29
     -1.25      2.18    -12.29
     -4.12     -0.69    -11.33
     -6.99     -3.56     -8.46
     -9.86     -6.44     -4.63
    -10.82     -7.39     -1.76
    -10.82     -6.44      0.15
     -8.91     -6.44      2.07
     -6.03     -5.48      3.98
     -2.21     -3.56      5.90
      1.62     -1.65      8.77
      4.49     -0.69      9.72
      5.45      0.26     10.68
      5.45      1.22     10.68
      4.49      0.26      9.72
      3.54      0.26      8.77
      3.54      0.26      6.85
      4.49     -0.69      4.94
      4.49      0.26      2.07
      5.45      1.22     -1.76
      5.45      3.13     -5.59
      4.49      4.09     -9.42
      3.54      5.05    -13.25
      1.62      4.09    -17.07
     -0.29      3.13    -19.94
     -3.16      2.18    -20.90
     -5.08      1.22    -18.99
     -5.08      0.26    -14.20
     -4.12     -0.69     -8.46
     -2.21     -1.65     -1.76
      0.67     -2.61      3.98
      1.62     -3.56      8.77
      1.62     -3.56     11.64
      0.67     -2.61     13.55
     -0.29     -1.65     15.47
     -2.21      0.26     17.38
     -3.16      2.18     18.34
     -1.25      3.13     16.42
     -0.29      5.05     12.59
      0.67      5.05      5.90
      0.67      3.13      0.15
      0.67      0.26     -4.63
     -0.29     -1.65     -7.50
     -0.29     -3.56     -9.42
     -0.29     -5.48     -9.42
      0.67     -5.48     -9.42
      0.67     -5.48     -9.42
      0.67     -4.52     -9.42
      0.67     -2.61     -9.42
      0.67      0.26     -9.42
      1.62      2.18     -7.50
      2.58      3.13     -4.63
      2.58      3.13     -1.76
      1.62      3.13      2.07
      0.67      3.13      4.94
     -2.21      2.18      6.85
     -5.08      1.22      7.81
     -6.99      0.26      7.81
     -7.95     -1.65      5.90
     -6.99     -1.65      5.90
     -4.12     -2.61      3.98
     -1.25     -2.61      3.98
      0.67     -1.65      3.02
      0.67     -1.65      2.07
      0.67      0.26      2.07
      0.67      0.26      1.11
      1.62      0.26      0.15
      1.62      0.26     -0.80
      1.62      0.26     -4.63
      0.67      0.26     -8.46
      0.67      0.26    -11.33
      1.62     -0.69    -10.37
      1.62     -1.65     -8.46
      1.62     -1.65     -5.59
      0.67      0.26     -3.67
      0.67      1.22     -0.80
      0.67      2.18      2.07
      0.67      3.13      4.94
      0.67      3.13      6.85
      1.62      2.18      6.85
      2.58      0.26      5.90
      2.58     -2.61      3.02
      1.62     -4.52      2.07
      0.67     -6.44      1.11
     -1.25     -6.44      1.11
     -3.16     -6.44      1.11
     -5.08     -4.52      1.11
     -6.03     -1.65      1.11
     -6.99      1.22      3.02
     -6.03      4.09      3.98
     -4.12      6.01      3.98
     -2.21      7.92      3.02
      1.62      7.92      0.15
      4.49      5.05     -2.72
      7.36      2.18     -3.67
      7.36     -0.69     -1.76
      6.41     -2.61      0.15
      3.54     -4.52      2.07
     -1.25     -5.48      2.07
     -6.03     -6.44      2.07
     -8.91     -6.44      3.02
     -8.91     -4.52      3.02
     -6.99     -1.65      3.02
     -4.12      2.18      2.07
      0.67      5.05      1.11
      5.45      6.01      0.15
      8.32      6.01     -0.80
      9.28      4.09     -0.80
      8.32      2.18     -1.76
      6.41     -1.65     -3.67
      3.54     -4.52     -4.63
     -0.29     -6.44     -4.63
     -3.16     -6.44     -4.63
     -6.03     -5.48     -4.63
     -7.95     -2.61     -3.67
     -8.91      1.22     -3.67
     -7.95      4.09     -1.76
     -6.03      6.01     -0.80
     -3.16      6.96     -0.80
      0.67      6.01      0.15
      3.54      4.09      0.15
      5.45      2.18      0.15
      4.49      0.26      1.11
      3.54     -1.65      3.02
      1.62     -4.52      5.90
      0.67     -6.44      4.94
     -0.29     -8.35      3.02
     -1.25     -8.35      0.15
     -1.25     -6.44     -1.76
     -0.29     -2.61     -2.72
      0.67      2.18     -2.72
      0.67      6.01     -3.67
      0.67      8.88     -3.67
     -0.29      9.83     -4.63
      0.67      8.88     -5.59
      1.62      6.01     -5.59
      2.58      2.18     -5.59
      3.54     -2.61     -4.63
      3.54     -6.44     -4.63
      1.62     -8.35     -0.80
     -0.29     -9.31      3.02
     -2.21     -9.31      6.85
     -4.12     -7.39      8.77
     -4.12     -5.48      6.85
     -4.12     -1.65      4.94
     -3.16      2.18      3.98
     -0.29      4.09      3.02
      1.62      5.05      2.07
      3.54      5.05      0.15
      4.49      5.05      0.15
      4.49      4.09      0.15
      2.58      2.18      0.15
      0.67      1.22     -0.80
     -2.21      0.26      0.15
     -2.21     -2.61      0.15
     -1.25     -3.56     -0.80
     -2.21     -4.52     -2.72
     -4.12     -4.52     -4.63
     -5.08     -2.61     -4.63
     -4.12      0.26     -4.63
     -3.16      2.18     -4.63
     -0.29      3.13     -3.67
      1.62      3.13     -3.67
      3.54      3.13     -3.67
      3.54      3.13     -3.67
      2.58      3.13     -0.80
      1.62      3.13      3.98
      0.67      3.13      7.81
      1.62      1.22      8.77
      3.54     -1.65      5.90
      3.54     -3.56      3.02
      3.54     -4.52     -0.80
      2.58     -4.52     -1.76
      0.67     -3.56     -1.76
     -1.25     -2.61      0.15
     -4.12     -1.65      1.11
     -5.08     -0.69      1.11
     -4.12      0.26     -0.80
     -3.16      0.26     -2.72
     -1.25     -0.69     -3.67
     -1.25      0.26     -3.67
     -1.25      1.22     -3.67
     -3.16      2.18     -1.76
     -2.21      2.18      0.15
     -1.25      2.18      3.02
      0.67      1.22      4.94
      2.58      1.22      4.94
      2.58      1.22      3.02
      0.67      1.22      1.11
     -2.21      1.22      0.15
     -4.12      1.22      0.15
     -3.16      0.26     -0.80
     -2.21     -1.65     -1.76
     -0.29     -2.61     -3.67
      0.67     -4.52     -3.67
      2.58     -5.48     -1.76
      3.54     -5.48     -0.80
      2.58     -4.52      0.15
      1.62     -2.61      3.02
      1.62      0.26      5.90
      2.58      2.18      4.94
      2.58      4.09      2.07
      0.67      6.01     -1.76
     -0.29      6.01     -3.67
     -0.29      6.01     -4.63
     -0.29      5.05     -5.59
     -1.25      3.13     -6.55
     -3.16      1.22     -5.59
     -4.12     -0.69     -3.67
     -4.12     -2.61     -2.72
     -3.16     -4.52     -0.80
     -2.21     -6.44      1.11
     -0.29     -6.44      3.98
      0.67     -5.48      7.81
      0.67     -4.52     10.68
      0.67     -2.61     11.64
      0.67     -0.69     10.68
     -0.29      1.22      8.77
     -0.29      2.18      3.98
      0.67      4.09     -0.80
      1.62      4.09     -3.67
      3.54      4.09     -5.59
      5.45      3.13     -5.59
      5.45      1.22     -5.59
      3.54      0.26     -6.55
      0.67     -0.69     -5.59
     -1.25     -1.65     -4.63
     -3.16     -1.65     -2.72
     -3.16     -1.65     -0.80
     -3.16     -1.65      1.11
     -1.25     -2.61      2.07
     -1.25     -2.61      2.07
     -0.29     -2.61      1.11
      0.67     -1.65      0.15
      0.67     -1.65     -1.76
     -0.29     -0.69     -1.76
     -1.25      0.26     -1.76
     -1.25      1.22      0.15
     -0.29      2.18      1.11
      0.67      3.13      0.15
      0.67      2.18      0.15
      0.67      2.18      1.11
     -0.29      1.22      2.07
     -1.25      0.26      3.02
     -1.25      0.26      3.02
     -2.21     -0.69      2.07
     -1.25     -1.65      2.07
     -1.25     -2.61      0.15
     -1.25     -2.61     -2.72
     -1.25     -1.65     -5.59
     -0.29     -0.69     -6.55
     -0.29      0.26     -4.63
      0.67      1.22     -0.80
      0.67      2.18      3.02
      1.62      3.13      3.98
      3.54      1.22      1.11
      4.49     -1.65     -1.76
      5.45     -2.61     -4.63
      5.45     -2.61     -5.59
      3.54     -1.65     -5.59
     -0.29      0.26     -3.67
     -3.16      1.22     -0.80
     -5.08      1.22      3.02
     -5.08      1.22      3.98
     -4.12      0.26      3.98
     -2.21     -1.65      3.02
     -1.25     -2.61      1.11
     -3.16     -2.61      2.07
     -4.12     -2.61      3.02
     -5.08     -1.65      4.94
     -3.16     -2.61      3.98
      0.67     -2.61      3.02
      4.49     -2.61      1.11
      7.36     -2.61      0.15
      7.36     -1.65     -0.80
      7.36      1.22     -1.76
      4.49      2.18     -2.72
      0.67      3.13     -3.67
     -2.21      5.05     -4.63
     -4.12      5.05     -4.63
     -3.16      4.09     -4.63
     -3.16      2.18     -3.67
     -3.16      0.26     -1.76
     -4.12     -0.69     -0.80
     -5.08     -1.65      0.15
     -6.03     -1.65      2.07
     -6.03     -1.65      2.07
     -6.03     -0.69      2.07
     -4.12     -0.69      1.11
     -3.16     -0.69     -0.80
      0.67     -1.65     -1.76
      3.54     -1.65     -1.76
      6.41     -1.65     -0.80
      8.32     -1.65      2.07
      8.32     -0.69      3.02
      8.32      0.26      2.07
      7.36      0.26     -0.80
      5.45      1.22     -2.72
      4.49      1.22     -2.72
      3.54      1.22     -2.72
      2.58      1.22     -1.76
      0.67      1.22     -0.80
     -3.16      1.22      1.11
     -6.03      1.22      1.11
     -7.95      1.22      0.15
     -7.95      1.22     -1.76
     -7.95      1.22     -3.67
     -6.99      1.22     -3.67
     -6.03      0.26     -3.67
     -4.12      0.26     -2.72
     -3.16     -1.65     -0.80
     -1.25     -2.61      1.11
      0.67     -2.61      3.98
      2.58     -2.61      5.90
      4.49     -2.61      6.85
      4.49     -2.61      6.85
      4.49     -2.61      6.85
      4.49     -2.61      6.85
      4.49     -1.65      5.90
      5.45     -0.69      3.98
      5.45      1.22      1.11
      3.54      3.13     -3.67
      0.67      5.05     -5.59
     -3.16      6.01     -7.50
     -4.12      6.01     -8.46
     -3.16      5.05     -9.42
     -2.21      2.18     -8.46
     -0.29     -0.69     -6.55
      0.67     -2.61     -4.63
     -0.29     -4.52     -1.76
     -2.21     -5.48      0.15
     -4.12     -5.48      3.02
     -6.03     -5.48      6.85
     -4.12     -3.56      8.77
     -1.25     -1.65      8.77
      2.58      0.26      7.81
      4.49      2.18      6.85
      4.49      2.18      5.90
      3.54      3.13      5.90
      0.67      3.13      3.98
     -1.25      3.13      1.11
     -1.25      1.22     -1.76
     -0.29     -0.69     -3.67
      0.67     -2.61     -5.59
      2.58     -3.56     -6.55
      3.54     -4.52     -8.46
      1.62     -4.52     -9.42
     -1.25     -2.61     -9.42
     -4.12     -0.69     -8.46
     -4.12      1.22     -5.59
     -2.21      2.18     -2.72
      0.67      2.18     -0.80
      3.54      2.18      1.11
      4.49      1.22      1.11
      3.54      0.26      2.07
      0.67     -0.69      4.94
     -1.25     -1.65      8.77
     -4.12     -1.65     10.68
     -4.12     -1.65     10.68
     -4.12     -1.65      8.77
     -2.21     -1.65      5.90
     -0.29     -1.65      3.98
      0.67     -1.65      3.02
      0.67      0.26     -0.80
     -0.29      1.22     -3.67
     -1.25      1.22     -6.55
      0.67      1.22     -8.46
      1.62      0.26     -8.46
      1.62     -0.69     -8.46
      1.62     -0.69     -7.50
     -0.29      0.26     -6.55
     -1.25      1.22     -5.59
     -3.16      1.22     -4.63
     -3.16      2.18     -1.76
     -1.25      2.18      0.15
      0.67      2.18      2.07
      2.58      1.22      3.02
      3.54      0.26      3.02
      2.58     -0.69      3.02
      0.67     -1.65      3.98
     -1.25     -2.61      5.90
     -2.21     -2.61      7.81
     -1.25     -3.56      8.77
      0.67     -3.56      6.85
      1.62     -2.61      3.98
      2.58     -2.61      1.11
      2.58     -1.65     -1.76
      1.62      0.26     -2.72
     -0.29      2.18     -3.67
     -4.12      5.05     -3.67
     -6.03      6.01     -3.67
     -6.03      6.96     -3.67
     -5.08      5.05     -3.67
     -3.16      2.18     -3.67
     -0.29      0.26     -3.67
      0.67     -1.65     -3.67
      0.67     -2.61     -3.67
      0.67     -4.52     -1.76
      0.67     -4.52     -0.80
      0.67     -4.52      0.15
      0.67     -3.56      2.07
      0.67     -1.65      3.98
      1.62      0.26      3.98
      0.67      1.22      3.02
      0.67      1.22      2.07
      0.67      1.22      1.11
      0.67      1.22     -0.80
      0.67      1.22     -1.76
     -0.29      1.22     -1.76
     -1.25      1.22     -0.80
     -1.25      1.22      0.15
     -1.25      0.26     -0.80
     -1.25     -0.69     -0.80
     -1.25     -1.65     -1.76
     -0.29     -2.61     -2.72
     -0.29     -3.56     -2.72
     -0.29     -2.61     -0.80
     -0.29     -2.61      1.11
     -0.29     -1.65      3.02
      0.67     -0.69      3.02
      1.62      0.26      3.98
      2.58      2.18      3.98
      3.54      3.13      3.02
      2.58      4.09      1.11
      0.67      5.05     -0.80
     -1.25      3.13     -2.72
     -1.25      2.18     -3.67
     -2.21      0.26     -3.67
     -1.25     -0.69     -1.76
     -1.25     -1.65      0.15
     -1.25     -2.61      1.11
     -2.21     -2.61      2.07
     -2.21     -2.61      1.11
     -2.21     -2.61      0.15
     -1.25     -1.65     -1.76
      0.67     -1.65     -4.63
      2.58     -1.65     -5.59
      2.58     -0.69     -5.59
      0.67      0.26     -3.67
      0.67      1.22     -0.80
     -0.29      1.22      1.11
     -0.29      1.22      1.11
      1.62      1.22      2.07
      4.49      0.26      2.07
      5.45      0.26      3.02
      5.45      0.26      3.02
      3.54      0.26      3.02
      1.62      0.26      2.07
     -0.29     -0.69      1.11
     -3.16     -0.69     -0.80
     -5.08      0.26     -0.80
     -6.03      0.26     -1.76
     -6.03      1.22     -0.80
     -5.08      1.22     -0.80
     -4.12      1.22      1.11
     -4.12      1.22      1.11
     -3.16      1.22      0.15
     -2.21      0.26     -0.80
     -0.29     -0.69     -1.76
      1.62     -1.65     -0.80
      3.54     -1.65     -0.80
      4.49     -0.69      0.15
      4.49     -0.69      1.11
      4.49     -0.69      1.11
      4.49     -0.69      0.15
      3.54     -0.69     -1.76
      3.54      0.26     -3.67
      1.62      0.26     -3.67
      0.67      0.26     -3.67
     -1.25      0.26     -2.72
     -3.16      1.22     -0.80
     -2.21      1.22      1.11
     -1.25      0.26      3.02
     -1.25     -0.69      3.02
     -1.25     -1.65      3.98
     -3.16     -1.65      3.02
     -5.08     -1.65      3.02
     -6.03     -1.65      2.07
     -4.12     -1.65      2.07
     -1.25     -0.69      3.02
      1.62      0.26      3.02
      4.49      1.22      2.07
      6.41      1.22     -0.80
      6.41      0.26     -3.67
      4.49      0.26     -4.63
      1.62      0.26     -4.63
      0.67      0.26     -3.67
     -0.29      0.26     -1.76
      0.67      0.26     -0.80
      1.62      0.26      1.11
      1.62      1.22      2.07
      0.67      1.22      2.07
     -1.25      1.22      1.11
     -3.16      1.22      1.11
     -4.12      1.22      1.11
     -5.08      1.22      1.11
     -4.12      0.26      0.15
     -4.12     -0.69     -0.80
     -3.16     -1.65     -0.80
     -1.25     -1.65      1.11
     -0.29     -1.65      2.07
      0.67     -1.65      2.07
      1.62      0.26      2.07
      2.58      0.26      2.07
      3.54      0.26      2.07
      3.54      0.26      1.11
      3.54      1.22     -0.80
      2.58      1.22     -3.67
      1.62      0.26     -4.63
      1.62     -0.69     -4.63
      1.62     -0.69     -4.63
      0.67      0.26     -4.63
     -0.29      0.26     -3.67
     -2.21      0.26     -0.80
     -4.12      0.26      1.11
     -5.08      1.22      1.11
     -6.03      1.22      1.11
     -5.08      1.22      0.15
     -3.16      0.26      1.11
      0.67     -1.65      0.15
      2.58     -2.61      0.15
      2.58     -2.61      0.15
      2.58     -2.61      1.11
      1.62     -3.56      1.11
      0.67     -3.56      1.11
     -1.25     -3.56      2.07
     -1.25     -1.65      3.02
     -1.25     -0.69      3.02
      0.67      0.26      3.02
      2.58      1.22      2.07
      3.54      1.22      1.11
      2.58      2.18     -0.80
      0.67      2.18     -3.67
      0.67      2.18     -4.63
     -0.29      2.18     -4.63
     -0.29      1.22     -3.67
     -1.25      0.26     -2.72
     -3.16      0.26     -2.72
     -4.12      0.26     -3.67
     -4.12     -1.65     -3.67
     -3.16     -2.61     -2.72
     -2.21     -3.56      0.15
     -1.25     -2.61      2.07
     -0.29     -1.65      3.02
     -0.29      0.26      3.02
      0.67      1.22      3.02
      0.67      2.18      3.02
      2.58      2.18      3.02
      4.49      2.18      2.07
      6.41      1.22      1.11
      5.45      0.26     -0.80
      3.54     -1.65     -0.80
      1.62     -2.61     -0.80
      0.67     -2.61     -0.80
     -0.29     -3.56      1.11
     -3.16     -2.61      2.07
     -4.12     -0.69      3.02
     -4.12      1.22      2.07
     -4.12      2.18      1.11
     -4.12      3.13     -0.80
     -4.12      3.13     -3.67
     -4.12      3.13     -5.59
     -3.16      3.13     -5.59
     -1.25      2.18     -4.63
     -0.29      1.22     -1.76
      1.62     -0.69      1.11
      2.58     -1.65      3.02
      3.54     -2.61      5.90
      4.49     -4.52      5.90
      4.49     -3.56      4.94
      4.49     -2.61      3.98
      1.62     -1.65      3.02
     -0.29     -0.69      2.07
     -2.21      1.22      0.15
     -3.16      2.18     -1.76
     -1.25      2.18     -3.67
     -0.29      2.18     -3.67
      0.67      2.18     -2.72
      0.67      2.18     -1.76
     -0.29      1.22     -0.80
     -1.25      0.26     -0.80
     -2.21     -0.69     -0.80
     -3.16     -1.65     -0.80
     -2.21     -1.65     -1.76
     -1.25     -1.65     -2.72
     -0.29     -1.65     -2.72
      0.67     -1.65     -1.76
      0.67     -0.69     -0.80
      0.67      0.26      0.15
      0.67      1.22      1.11
      1.62      1.22      0.15
      2.58      1.22      1.11
      1.62      1.22      2.07
      1.62      1.22      3.02
      1.62      1.22      3.02
      0.67      0.26      3.02
      0.67     -1.65      2.07
     -0.29     -2.61      0.15
     -0.29     -3.56     -0.80
     -0.29     -2.61     -1.76
      0.67     -2.61     -2.72
     -0.29     -1.65     -3.67
     -1.25     -0.69     -2.72
     -3.16      1.22     -0.80
     -5.08      2.18     -0.80
     -5.08      3.13     -1.76
     -4.12      3.13     -2.72
     -1.25      2.18     -2.72
      1.62      1.22     -1.76
      3.54      0.26      0.15
      3.54     -0.69      1.11
      2.58     -1.65      1.11
      1.62     -1.65      2.07
      0.67     -2.61      2.07
      0.67     -2.61      3.02
      0.67     -1.65      3.02
     -0.29     -0.69      2.07
     -0.29      0.26      1.11
     -0.29      1.22     -0.80
     -0.29      1.22     -0.80
     -0.29      1.22     -0.80
     -1.25      1.22     -1.76
     -3.16      1.22     -1.76
     -4.12      1.22     -2.72
     -4.12      1.22     -2.72
     -3.16      1.22     -1.76
     -1.25      0.26     -1.76
      0.67     -1.65     -0.80
      2.58     -2.61     -0.80
      3.54     -2.61      0.15
      3.54     -3.56      1.11
      2.58     -2.61      1.11
      0.67     -1.65      1.11
      0.67     -0.69      2.07
      0.67      1.22      2.07
      0.67      2.18      2.07
      0.67      2.18      1.11
     -0.29      3.13      0.15
     -1.25      3.13     -0.80
     -2.21      2.18     -0.80
     -3.16      0.26      0.15
     -4.12     -1.65      1.11
     -4.12     -2.61      1.11
     -5.08     -2.61      1.11
     -4.12     -1.65      1.11
     -2.21     -1.65      1.11
      0.67     -1.65      1.11
      1.62     -1.65      1.11
      2.58     -1.65     -0.80
      3.54     -1.65     -2.72
      3.54     -1.65     -3.67
      4.49     -0.69     -4.63
      4.49      0.26     -3.67
      3.54      0.26     -0.80
      2.58      1.22      1.11
      1.62      2.18      2.07
     -0.29      3.13      2.07
     -2.21      3.13      2.07
     -3.16      3.13      1.11
     -4.12      2.18      0.15
     -4.12      1.22     -0.80
     -3.16      0.26      0.15
     -1.25     -1.65      0.15
     -0.29     -2.61     -0.80
     -0.29     -2.61     -0.80
     -1.25     -2.61      0.15
     -1.25     -2.61      2.07
     -1.25     -1.65      3.02
     -1.25     -1.65      3.02
      0.67     -0.69      2.07
      2.58      0.26      1.11
      4.49      1.22     -0.80
      4.49      1.22     -1.76
      4.49      2.18     -2.72
      3.54      2.18     -2.72
      0.67      2.18     -1.76
     -0.29      2.18     -1.76
     -1.25      2.18     -0.80
     -1.25      1.22     -1.76
     -2.21     -0.69     -1.76
     -2.21     -1.65     -0.80
     -2.21     -2.61     -0.80
     -2.21     -3.56     -0.80
     -2.21     -2.61     -0.80
     -2.21     -2.61     -0.80
     -2.21     -2.61      1.11
     -2.21     -1.65      2.07
     -1.25      0.26      2.07
     -0.29      1.22      2.07
      0.67      2.18      1.11
      2.58      3.13      1.11
      3.54      3.13      0.15
      4.49      3.13      0.15
      3.54      2.18      0.15
      2.58      1.22      0.15
      1.62     -0.69      0.15
      0.67     -1.65      0.15
      0.67     -2.61      1.11
      0.67     -3.56      1.11
     -0.29     -3.56      1.11
     -1.25     -2.61      0.15
     -2.21     -1.65     -0.80
     -3.16     -1.65     -1.76
     -4.12      0.26     -3.67
     -4.12      1.22     -4.63
     -4.12      1.22     -3.67
     -2.21      2.18     -2.72
     -0.29      2.18     -0.80
      0.67      2.18      0.15
      1.62      2.18      2.07
      2.58      1.22      2.07
      1.62      0.26      2.07
      0.67     -1.65      2.07
      0.67     -2.61      2.07
      0.67     -2.61      3.02
      0.67     -2.61      3.98
      0.67     -2.61      3.98
      0.67     -1.65      3.98
     -0.29     -0.69      3.02
     -0.29      0.26      1.11
     -0.29      1.22     -0.80
     -0.29      1.22     -2.72
     -1.25      1.22     -3.67
     -2.21      1.22     -4.63
     -1.25      1.22     -3.67
     -0.29      0.26     -3.67
     -0.29     -0.69     -2.72
     -0.29     -1.65     -2.72
     -1.25     -1.65     -0.80
     -1.25     -0.69      0.15
     -1.25      0.26      1.11
     -1.25      0.26      1.11
     -0.29      0.26      1.11
     -0.29      0.26      1.11
      0.67      0.26      1.11
      0.67      1.22      1.11
      0.67      1.22      1.11
      0.67      0.26      1.11
      0.67      0.26      2.07
      0.67     -0.69      2.07
      1.62     -0.69      1.11
      2.58     -1.65      1.11
      1.62     -1.65      1.11
     -0.29     -1.65      1.11
     -2.21      0.26     -0.80
     -3.16      0.26     -2.72
     -2.21      1.22     -3.67
     -1.25      1.22     -2.72
      0.67      1.22     -2.72
      0.67      1.22     -2.72
      0.67      1.22     -1.76
      0.67      1.22     -1.76
      0.67      0.26     -0.80
     -0.29      0.26      0.15
     -0.29      1.22      2.07
     -0.29      0.26      3.02
      0.67     -0.69      3.02
      0.67     -1.65      2.07
     -0.29     -2.61      0.15
     -1.25     -2.61     -1.76
     -1.25     -3.56     -2.72
     -1.25     -2.61     -2.72
     -1.25     -1.65     -0.80
     -0.29      0.26      0.15
     -0.29      2.18      1.11
      0.67      2.18      1.11
      0.67      2.18      0.15
      0.67      2.18     -0.80
      0.67      1.22     -1.76
     -0.29      1.22     -1.76
     -0.29      0.26     -0.80
      0.67     -1.65      0.15
      0.67     -2.61      0.15
      0.67     -2.61     -0.80
      0.67     -2.61     -1.76
      1.62     -2.61     -1.76
      0.67     -1.65     -0.80
     -0.29     -0.69      0.15
     -1.25      1.22      1.11
     -1.25      2.18      1.11
     -1.25      2.18      1.11
     -0.29      1.22      1.11
      0.67      0.26      1.11
      0.67     -0.69      1.11
      0.67     -1.65      0.15
      0.67     -1.65      0.15
     -0.29     -1.65      1.11
     -0.29     -1.65      1.11
     -0.29     -0.69      0.15
      0.67      0.26     -0.80
      0.67      0.26     -0.80
      1.62      0.26      0.15
      0.67      0.26      0.15
     -0.29      0.26     -0.80
     -1.25      0.26     -0.80
     -2.21      0.26     -0.80
     -1.25      0.26     -0.80
     -0.29     -0.69     -1.76
      0.67     -0.69     -1.76
      0.67      0.26     -1.76
     -0.29      0.26     -0.80
     -0.29      1.22     -0.80
     -1.25      1.22      1.11
     -1.25      1.22      3.02
     -0.29      1.22      3.02
      0.67      1.22      2.07
      0.67      0.26      2.07
      0.67     -0.69      1.11
      0.67     -0.69      1.11
      0.67     -1.65      0.15
     -0.29     -0.69     -1.76
     -2.21     -0.69     -1.76
     -2.21     -0.69     -2.72
     -1.25      0.26     -2.72
     -0.29      0.26     -2.72
      0.67      0.26     -1.76
      1.62      0.26     -0.80
      1.62      0.26      1.11
      0.67      0.26      2.07
      0.67     -0.69      2.07
     -0.29     -0.69      1.11
     -1.25     -0.69      1.11
     -1.25      0.26      1.11
     -2.21      0.26     -0.80
     -2.21      0.26     -0.80
     -2.21      1.22     -1.76
     -1.25      1.22     -0.80
      0.67      1.22      0.15
      1.62      2.18      0.15
      1.62      1.22      0.15
      1.62      0.26      0.15
      0.67     -0.69      0.15
      0.67     -1.65      0.15
      0.67     -2.61      1.11
      0.67     -2.61      2.07
      0.67     -2.61      1.11
      0.67     -1.65      0.15
      0.67     -0.69     -0.80
      0.67      0.26     -2.72
     -0.29      2.18     -3.67
     -1.25      2.18     -2.72
     -1.25      2.18     -0.80
     -0.29      2.18      0.15
     -0.29      2.18      2.07
     -1.25      1.22      2.07
     -0.29      0.26      2.07
     -0.29     -1.65      1.11
     -0.29     -2.61      0.15
     -0.29     -2.61     -0.80
     -1.25     -2.61     -1.76
     -1.25     -1.65     -1.76
     -1.25     -0.69      0.15
     -0.29      0.26      1.11
     -0.29      0.26      1.11
     -0.29      1.22      0.15
     -0.29      1.22     -0.80
     -0.29      1.22     -0.80
      0.67      1.22     -0.80
      0.67      0.26     -0.80
      1.62     -0.69      0.15
      1.62     -1.65      0.15
      1.62     -1.65      0.15
      0.67     -1.65     -0.80
     -0.29     -1.65     -0.80
     -1.25     -0.69     -0.80
     -1.25      0.26     -0.80
     -1.25      1.22     -0.80
     -2.21      1.22     -0.80
     -2.21      1.22     -0.80
     -2.21      0.26      0.15
     -1.25      0.26      1.11
     -1.25     -1.65      2.07
     -1.25     -1.65      2.07
     -1.25     -1.65      3.02
     -0.29     -1.65      3.02
      0.67     -1.65      2.07
      1.62     -1.65      1.11
      1.62     -1.65     -0.80
      2.58     -1.65     -1.76
      1.62     -0.69     -3.67
      0.67      0.26     -3.67
     -0.29      0.26     -3.67
     -0.29      0.26     -1.76
     -0.29      0.26     -0.80
     -0.29      0.26      0.15
     -0.29      1.22     -0.80
     -1.25      1.22     -0.80
     -0.29      1.22     -0.80
      0.67      0.26     -0.80
      0.67     -1.65      0.15
      0.67     -1.65      1.11
     -0.29     -1.65      1.11
     -1.25     -1.65      2.07
     -3.16     -0.69      2.07
     -3.16      0.26      2.07
     -2.21      0.26      2.07
     -1.25      0.26      1.11
      0.67      0.26     -0.80
      1.62      0.26     -1.76
      1.62      0.26     -2.72
      0.67      0.26     -2.72
      0.67      1.22     -1.76
      0.67      1.22     -1.76
      0.67      1.22     -0.80
      0.67      2.18     -0.80
      0.67      2.18     -0.80
      1.62      1.22      0.15
      1.62      0.26      0.15
      0.67     -0.69      1.11
      0.67     -0.69      1.11
     -0.29     -0.69      2.07
     -0.29     -0.69      2.07
     -0.29     -1.65      2.07
     -0.29     -1.65      2.07
     -0.29     -1.65      1.11
     -1.25     -1.65      0.15
     -2.21     -0.69     -0.80
     -1.25      0.26     -0.80
     -0.29      0.26     -0.80
      0.67      0.26     -0.80
      0.67      0.26     -0.80
      0.67      0.26     -0.80
      0.67      0.26     -0.80
      0.67     -0.69     -0.80
     -0.29     -0.69     -0.80
     -0.29     -0.69     -0.80
     -1.25     -0.69     -0.80
     -0.29     -0.69      0.15
      0.67     -0.69     -0.80
      1.62     -0.69     -1.76
      0.67      0.26     -1.76
      0.67      0.26     -1.76
      0.67      0.26     -0.80
     -0.29      0.26      1.11
     -0.29      1.22      3.02
     -0.29      1.22      3.02
     -0.29      0.26      3.98
     -0.29     -0.69      3.02
     -1.25     -1.65      3.02
     -1.25     -1.65      1.11
     -1.25     -1.65     -0.80
     -0.29     -1.65     -0.80
     -0.29     -0.69     -0.80
      0.67      0.26     -0.80
      0.67      1.22     -0.80
      0.67      2.18     -0.80
      1.62      2.18     -1.76
      1.62      2.18     -1.76
      1.62      2.18     -1.76
      1.62      1.22     -2.72
      0.67      0.26     -2.72
     -0.29     -0.69     -2.72
     -1.25     -1.65     -1.76
     -3.16     -1.65     -0.80
     -4.12     -1.65      0.15
     -4.12     -0.69      1.11
     -2.21      0.26      2.07
     -1.25      0.26      2.07
     -0.29      1.22      2.07
      0.67      2.18      2.07
      0.67      1.22      2.07
      0.67      1.22      2.07
      0.67      0.26      1.11
      1.62     -0.69     -0.80
      1.62     -1.65     -0.80
      1.62     -1.65     -0.80
      1.62     -1.65      0.15
      0.67     -1.65      1.11
     -0.29     -0.69      0.15
     -1.25      0.26     -1.76
     -3.16      0.26     -1.76
     -2.21      1.22     -1.76
     -1.25      2.18     -1.76
     -0.29      2.18     -0.80
      0.67      2.18     -0.80
      0.67      1.22     -0.80
      0.67      0.26     -0.80
     -0.29      0.26     -0.80
     -0.29     -0.69     -0.80
     -0.29     -1.65      0.15
      0.67     -1.65      0.15
      0.67     -1.65      0.15
      0.67     -1.65      1.11
      0.67     -0.69      2.07
      0.67      0.26      2.07
      0.67      0.26      2.07
     -0.29      0.26      1.11
     -0.29      0.26      0.15
      0.67      0.26     -0.80
      0.67      0.26     -0.80
      0.67      0.26     -0.80
     -0.29     -0.69      0.15
     -1.25     -0.69      1.11
     -3.16     -0.69      1.11
     -3.16      0.26      0.15
     -3.16      0.26     -0.80
     -1.25      0.26     -0.80
      0.67      0.26     -0.80
      0.67      0.26     -0.80
      1.62      0.26     -0.80
      0.67      0.26     -1.76
     -0.29      1.22     -1.76
     -0.29      0.26     -0.80
     -0.29      0.26      0.15
     -0.29      0.26      1.11
      0.67     -0.69      1.11
      0.67     -0.69      1.11
      0.67     -0.69      1.11
      0.67     -0.69      1.11
      0.67     -0.69      1.11
      0.67     -0.69      1.11
      0.67     -0.69      1.11
      0.67      0.26      0.15
     -1.25      0.26     -1.76
     -2.21      1.22     -1.76
     -2.21      1.22     -1.76
     -1.25      1.22     -1.76
     -0.29      0.26     -2.72
      0.67      0.26     -3.67
      0.67      0.26     -2.72
      0.67      0.26     -1.76
      0.67      0.26     -0.80
      1.62     -0.69      1.11
      1.62     -0.69      2.07
      0.67     -0.69      3.02
      0.67     -0.69      3.02
      0.67      0.26      2.07
     -0.29      0.26      2.07
     -1.25      0.26      1.11
     -1.25      0.26      1.11
     -2.21      0.26      0.15
     -1.25      0.26     -0.80
     -0.29      0.26     -0.80
     -0.29      0.26     -0.80
      0.67     -0.69      0.15
      0.67     -0.69     -0.80
     -1.25      0.26      0.15
     -2.21     -0.69      0.15
     -2.21     -0.69     -0.80
     -1.25     -0.69     -0.80
     -1.25     -0.69     -0.80
      0.67      0.26     -0.80
      1.62      0.26     -0.80
      1.62      0.26      0.15
      0.67      0.26      1.11
     -0.29      0.26      1.11
     -0.29      1.22      1.11
      0.67      0.26      1.11
      1.62      0.26      1.11
      1.62     -0.69      1.11
      1.62     -0.69      0.15
      0.67      0.26      0.15
      0.67      0.26      1.11
     -0.29      0.26      1.11
     -1.25      0.26      0.15
     -2.21      0.26     -0.80
     -2.21      0.26     -1.76
     -1.25      0.26     -1.76
     -0.29      0.26     -1.76
      0.67     -0.69     -0.80
      1.62     -0.69     -0.80
      1.62     -0.69     -0.80
      0.67     -0.69      0.15
      0.67      0.26      1.11
     -0.29      0.26      2.07
     -0.29      0.26      2.07
     -1.25      0.26      1.11
     -1.25      0.26      0.15
     -0.29      0.26     -0.80
      0.67     -0.69     -0.80
      0.67     -0.69     -1.76
      0.67     -0.69     -1.76
     -0.29     -0.69     -0.80
     -1.25      0.26     -0.80
     -1.25      0.26      0.15
     -1.25      1.22      1.11
     -1.25      1.22      1.11
     -0.29      1.22      2.07
      0.67      0.26      1.11
      0.67     -0.69      1.11
      0.67     -0.69     -0.80
      0.67      0.26     -0.80
     -0.29      0.26     -1.76
     -0.29     -0.69     -1.76
     -0.29     -0.69     -0.80
      0.67     -0.69      0.15
      0.67      0.26      0.15
     -0.29      1.22      0.15
      0.67      1.22      0.15
      0.67      1.22      1.11
     -0.29      0.26      0.15
     -0.29     -0.69     -0.80
     -1.25     -0.69     -0.80
     -1.25     -1.65     -0.80
     -1.25     -0.69     -0.80
     -1.25     -0.69     -0.80
     -1.25      0.26     -0.80
     -1.25      0.26     -0.80
     -1.25      0.26     -0.80
     -0.29      0.26      0.15
      0.67     -0.69      1.11
      0.67     -0.69      1.11
      1.62     -1.65      1.11
      1.62     -1.65      0.15
      1.62     -1.65      0.15
      1.62     -1.65     -0.80
      1.62     -0.69     -0.80
      0.67      0.26     -0.80
      0.67      1.22     -0.80
     -0.29      1.22     -0.80
     -0.29      1.22     -0.80
     -1.25      1.22     -0.80
     -1.25      1.22     -0.80
     -2.21      1.22     -0.80
     -1.25      0.26      0.15
     -1.25      0.26      0.15
     -1.25     -0.69      0.15
     -0.29     -0.69      0.15
     -0.29     -1.65     -0.80
      0.67     -1.65     -0.80
     -0.29     -1.65     -1.76
     -0.29     -1.65     -1.76
     -0.29     -0.69     -0.80
      0.67      0.26     -0.80
      0.67      1.22     -0.80
      0.67      2.18     -0.80
      1.62      1.22     -0.80
      1.62      1.22     -0.80
      1.62      1.22     -0.80
      0.67      1.22     -0.80
     -0.29      0.26      0.15
     -2.21      0.26      1.11
     -2.21      0.26      1.11
     -1.25      0.26      1.11
     -0.29     -0.69      1.11
     -0.29     -1.65      0.15
      0.67     -2.61      0.15
      0.67     -2.61     -0.80
      0.67     -2.61     -0.80
      0.67     -1.65      0.15
      0.67     -1.65      0.15
     -0.29      0.26      0.15
     -0.29      1.22      0.15
     -0.29      1.22      0.15
     -1.25      1.22     -0.80
     -0.29      2.18     -0.80
      0.67      1.22     -0.80
      0.67      1.22     -0.80
      1.62      0.26     -0.80
      0.67      0.26     -0.80
      0.67     -0.69      0.15
     -1.25     -0.69      0.15
     -2.21     -0.69      1.11
     -3.16     -0.69      1.11
     -2.21     -0.69      1.11
     -0.29     -0.69      1.11
     -0.29     -0.69      1.11
      0.67     -0.69      0.15
      0.67      0.26     -0.80
      0.67      0.26      0.15
      0.67      1.22      1.11
      0.67      1.22      1.11
      0.67      1.22      0.15
     -0.29      1.22      0.15
     -0.29      1.22      0.15
      0.67      1.22     -0.80
      0.67      0.26     -0.80
      0.67      0.26     -0.80
     -0.29      0.26     -0.80
     -0.29     -0.69      0.15
     -0.29     -0.69      0.15
     -0.29     -1.65      0.15
     -0.29     -0.69      0.15
      0.67     -0.69      1.11
     -0.29     -0.69      1.11
     -0.29     -0.69      2.07
     -1.25     -0.69      1.11
     -0.29      0.26      1.11
     -0.29      0.26      0.15
     -0.29      0.26     -0.80
     -0.29      0.26     -0.80
      0.67      0.26     -0.80
      0.67      1.22     -0.80
     -0.29      0.26     -0.80
     -0.29      0.26     -0.80
     -0.29      0.26     -0.80
     -0.29      0.26     -0.80
     -0.29     -0.69     -0.80
     -0.29     -0.69     -0.80
     -0.29     -0.69     -1.76
     -0.29     -0.69     -0.80
     -0.29     -0.69     -0.80
     -0.29      0.26      0.15
     -0.29      0.26      1.11
      0.67      0.26      2.07
      0.67      0.26      2.07
      1.62      0.26      2.07
      1.62      0.26      2.07
      0.67      0.26      1.11
      0.67      0.26      0.15
     -0.29      0.26     -0.80
     -1.25     -0.69      0.15
     -2.21     -0.69      1.11
     -2.21     -0.69      0.15
     -1.25      0.26     -1.76
     -0.29      0.26     -1.76
      0.67      0.26     -1.76
      1.62      0.26     -0.80
      1.62      0.26     -0.80
      1.62      0.26     -0.80
      0.67      0.26     -1.76
      0.67     -0.69     -1.76
      0.67     -1.65     -0.80
     -0.29     -1.65     -0.80
     -0.29     -0.69      0.15
     -1.25      0.26      1.11
     -1.25      1.22      1.11
     -0.29      1.22      2.07
     -0.29      1.22      3.02
     -0.29      1.22      3.02
     -1.25      1.22      1.11
     -1.25      0.26      0.15
     -1.25     -0.69     -0.80
     -1.25     -1.65     -0.80
     -1.25     -1.65     -1.76
     -0.29     -1.65     -1.76
      0.67     -1.65     -0.80
      1.62     -1.65     -0.80
      1.62     -1.65      0.15
      0.67     -0.69      1.11
      0.67      0.26      1.11
      0.67      0.26      0.15
     -0.29      1.22     -0.80
     -0.29      1.22     -0.80
     -0.29      2.18     -0.80
      0.67      1.22     -0.80
      0.67      1.22     -0.80
     -0.29      0.26      0.15
     -1.25      0.26      0.15
     -1.25     -0.69      1.11
     -2.21     -0.69      1.11
     -2.21     -0.69      1.11
     -2.21      0.26      1.11
     -1.25      0.26      1.11
     -1.25      0.26      1.11
     -0.29      0.26      0.15
      0.67     -0.69     -0.80
      0.67     -0.69     -1.76
     -0.29     -0.69     -2.72
     -0.29      0.26     -2.72
     -0.29      0.26     -1.76
     -0.29      0.26     -0.80
      0.67      1.22      0.15
      1.62      0.26      0.15
      2.58      0.26      0.15
      3.54     -0.69     -0.80
      2.58     -0.69     -0.80
      1.62     -1.65      0.15
      0.67     -1.65      0.15
     -0.29     -0.69      1.11
     -1.25      0.26      1.11
     -1.25      0.26      1.11
     -2.21      0.26      2.07
     -2.21      0.26      2.07
     -2.21      0.26      2.07
     -3.16      0.26      1.11
     -2.21      0.26     -0.80
     -1.25      0.26     -0.80
     -0.29     -0.69     -0.80
     -0.29     -0.69     -0.80
     -0.29     -0.69     -1.76
      0.67     -0.69     -2.72
      0.67     -0.69     -2.72
      1.62     -0.69     -1.76
      1.62     -0.69     -0.80
      2.58      0.26      0.15
      2.58      0.26      0.15
      1.62      1.22      0.15
      0.67      1.22      1.11
     -0.29      1.22      1.11
     -0.29      1.22      1.11
     -0.29      0.26      1.11
     -1.25      0.26      0.15
     -1.25     -0.69      0.15
     -1.25     -0.69      0.15
     -1.25     -1.65      1.11
     -1.25     -1.65      1.11
     -0.29     -2.61      0.15
     -0.29     -2.61      0.15
     -0.29     -1.65      0.15
      0.67     -0.69      0.15
      0.67      0.26     -0.80
      0.67      0.26     -0.80
     -0.29      0.26      0.15
     -0.29      1.22      0.15
     -0.29      1.22     -0.80
      0.67      1.22     -0.80
      0.67      1.22     -0.80
      0.67      0.26     -0.80
      0.67      0.26     -0.80
      0.67      0.26     -0.80
     -1.25      0.26     -0.80
     -1.25      0.26     -0.80
     -2.21      0.26     -0.80
     -1.25     -0.69     -0.80
     -0.29     -1.65      0.15
      0.67     -1.65      1.11
      0.67     -1.65      1.11
      0.67     -1.65      1.11
     -0.29     -1.65      1.11
     -0.29     -0.69      2.07
     -1.25     -0.69      2.07
     -1.25      0.26      2.07
     -1.25      1.22      1.11
     -0.29      1.22      1.11
      0.67      1.22      1.11
      0.67      1.22      1.11
      0.67      1.22      0.15
      0.67      1.22     -1.76
      0.67      0.26     -2.72
      0.67     -0.69     -2.72
      0.67     -1.65     -1.76
     -0.29     -1.65     -1.76
     -0.29     -1.65     -0.80
     -1.25     -1.65     -0.80
     -1.25     -0.69     -0.80
     -1.25      0.26     -0.80
     -1.25      0.26     -0.80
     -0.29      1.22      0.15
     -0.29      1.22     -0.80
     -0.29      1.22     -0.80
     -0.29      0.26     -0.80
     -0.29      0.26      1.11
     -0.29      0.26      2.07
      0.67      0.26      3.02
      0.67      0.26      3.02
      0.67      0.26      2.07
     -0.29     -0.69      0.15
      0.67     -0.69     -0.80
      0.67     -0.69     -0.80
      0.67     -0.69     -0.80
      0.67     -0.69     -0.80
      0.67      0.26     -0.80
      0.67      0.26     -0.80
      0.67      0.26     -0.80
      0.67      0.26     -0.80
     -0.29      0.26     -0.80
     -0.29      0.26     -0.80
     -0.29     -0.69     -1.76
     -0.29     -0.69     -1.76
     -0.29     -0.69     -0.80
     -0.29     -0.69      0.15
      0.67      0.26      0.15
      0.67      0.26      0.15
     -0.29      0.26      1.11
     -0.29      1.22      1.11
     -0.29      1.22      0.15
     -1.25      0.26      0.15
     -0.29      0.26     -0.80
     -0.29     -0.69     -0.80
      0.67     -0.69      0.15
      0.67     -1.65      1.11
      0.67     -0.69      1.11
     -0.29      0.26      1.11
     -1.25      0.26      1.11
     -2.21      0.26      0.15
     -2.21      1.22     -0.80
     -1.25      0.26     -0.80
     -0.29      0.26     -1.76
      0.67      0.26     -1.76
      0.67      0.26     -1.76
      0.67      0.26     -0.80
      0.67      0.26     -0.80
      0.67      0.26      0.15
      0.67      0.26      1.11
      1.62     -0.69      1.11
      1.62     -0.69      1.11
      1.62     -0.69      1.11
      0.67     -0.69      0.15
      0.67     -0.69     -0.80
     -1.25     -0.69     -0.80
     -2.21      0.26     -0.80
     -2.21      0.26     -0.80
     -1.25      0.26      0.15
     -1.25      0.26      1.11
     -1.25      0.26      1.11
     -1.25      1.22      1.11
     -1.25      1.22      1.11
     -2.21      0.26      1.11
     -1.25      0.26      0.15
     -0.29      0.26     -0.80
      0.67     -0.69     -1.76
      1.62     -1.65     -2.72
      1.62     -1.65     -2.72
      1.62     -1.65     -1.76
      0.67     -1.65     -0.80
     -0.29      0.26     -0.80
     -0.29      1.22      0.15
      0.67      1.22      0.15
      0.67      2.18      1.11
      1.62      1.22      2.07
      1.62      1.22      2.07
      1.62      0.26      1.11
      0.67     -0.69      1.11
     -0.29     -1.65      0.15
     -2.21     -1.65      1.11
     -3.16     -1.65      2.07
     -3.16     -1.65      1.11
     -3.16     -0.69      0.15
     -3.16      0.26     -0.80
     -2.21      0.26     -1.76
     -0.29      0.26     -1.76
      0.67      0.26     -1.76
      0.67      0.26     -2.72
      0.67      0.26     -1.76
      0.67      0.26     -1.76
      0.67     -0.69     -1.76
      0.67     -0.69     -1.76
      0.67      0.26     -0.80
      0.67      0.26     -0.80
     -0.29      1.22     -0.80
      0.67      1.22      0.15
      0.67      0.26      1.11
      0.67      0.26      1.11
      0.67      0.26      2.07
     -0.29     -0.69      2.07
     -0.29     -0.69      2.07
     -1.25     -1.65      2.07
     -1.25     -1.65      1.11
     -1.25     -1.65      1.11
     -1.25     -0.69      0.15
     -1.25      0.26     -0.80
     -0.29      0.26     -1.76
      0.67      0.26     -1.76
      0.67      0.26     -1.76
      0.67      0.26     -0.80
      0.67      0.26     -0.80
      0.67      0.26     -0.80
      0.67     -0.69     -0.80
      0.67     -0.69      0.15
      0.67     -0.69      1.11
      0.67     -0.69      1.11
      0.67     -0.69      1.11
     -0.29     -0.69      1.11
     -0.29     -0.69     -0.80
     -0.29      0.26     -0.80
     -0.29      0.26     -1.76
     -0.29      0.26     -0.80
     -0.29      1.22      0.15
     -0.29      1.22      1.11
     -0.29      1.22      2.07
     -0.29      0.26      1.11
     -0.29      0.26      0.15
     -0.29     -0.69     -0.80
     -0.29     -1.65     -0.80
     -0.29     -1.65     -0.80
     -0.29     -1.65      0.15
      0.67     -1.65      1.11
      0.67     -0.69      1.11
      0.67      0.26      1.11
      0.67      0.26      0.15
     -0.29      1.22      0.15
     -1.25      1.22      0.15
     -1.25      1.22     -0.80
     -1.25      1.22     -0.80
     -0.29      0.26     -0.80
     -0.29      0.26     -0.80
     -0.29      0.26     -0.80
     -0.29     -0.69      0.15
     -1.25     -0.69      0.15
     -1.25     -0.69      1.11
     -0.29     -0.69      0.15
     -0.29     -0.69     -0.80
      0.67     -0.69     -0.80
      0.67      0.26     -0.80
      0.67      0.26     -0.80
      1.62      0.26     -0.80
      1.62      0.26     -0.80
      0.67      0.26     -0.80
      0.67      0.26     -0.80
      0.67      0.26      0.15
     -0.29      0.26      1.11
     -0.29      0.26      1.11
     -1.25     -0.69      1.11
     -1.25     -0.69      0.15
     -1.25     -0.69      0.15
     -1.25      0.26      0.15
     -0.29      0.26     -0.80
      0.67      0.26     -0.80
      0.67      0.26     -0.80
      0.67      1.22      0.15
      0.67      0.26      1.11
      0.67      0.26      1.11
      1.62      0.26      0.15
      1.62     -0.69     -0.80
      1.62     -1.65     -0.80
      0.67     -1.65     -0.80
     -0.29     -1.65     -0.80
     -0.29     -0.69     -0.80
     -1.25      0.26     -0.80
     -1.25      1.22     -0.80
     -1.25      2.18     -0.80
     -1.25      2.18     -0.80
     -1.25      2.18     -1.76
     -0.29      1.22     -0.80
     -0.29      1.22     -0.80
     -0.29      0.26     -0.80
     -0.29     -0.69     -0.80
     -0.29     -1.65      1.11
      0.67     -2.61      2.07
     -0.29     -2.61      2.07
     -0.29     -2.61      2.07
      0.67     -1.65      2.07
      0.67     -0.69      1.11
      0.67      0.26      1.11
      0.67      1.22      0.15
      0.67      2.18     -0.80
      0.67      2.18     -0.80
      0.67      2.18     -0.80
      0.67      1.22     -0.80
      0.67      0.26     -0.80
     -0.29      0.26     -0.80
     -1.25     -0.69     -0.80
     -1.25     -1.65     -0.80
     -1.25     -1.65     -0.80
     -1.25     -1.65      0.15
     -1.25     -1.65      0.15
     -0.29     -1.65      0.15
     -0.29     -0.69     -0.80
     -0.29     -0.69     -0.80
     -0.29      0.26     -0.80
      0.67      0.26      0.15
      1.62      0.26      1.11
      1.62      0.26      1.11
      0.67      0.26      1.11
      0.67      1.22      0.15
     -0.29      0.26      0.15
     -1.25      0.26     -0.80
     -1.25     -0.69     -0.80
     -2.21     -0.69     -0.80
     -2.21     -0.69     -0.80
     -2.21      0.26     -0.80
     -1.25      0.26     -0.80
     -0.29      0.26     -0.80
      0.67      0.26     -0.80
      0.67      0.26     -0.80
      0.67      0.26     -0.80
      0.67      0.26     -0.80
      0.67      0.26      0.15
      0.67      0.26      1.11
      1.62     -0.69      1.11
      1.62     -0.69      0.15
      1.62     -0.69      0.15
      0.67     -0.69      0.15
     -0.29      0.26      0.15
     -0.29      0.26      1.11
     -1.25      1.22      1.11
     -1.25      1.22      1.11
     -1.25      1.22      1.11
     -0.29      1.22     -0.80
     -0.29      0.26     -0.80
     -0.29     -0.69     -0.80
     -0.29     -1.65     -0.80
     -0.29     -1.65     -0.80
     -0.29     -1.65     -0.80
     -0.29     -1.65     -0.80
     -0.29     -0.69     -0.80
     -0.29      0.26      0.15
     -0.29      0.26      1.11
      0.67      0.26      1.11
      0.67      1.22      0.15
      0.67      1.22     -0.80
      0.67      0.26     -0.80
      0.67      0.26     -0.80
      0.67     -0.69     -0.80
      0.67     -0.69     -0.80
     -0.29     -0.69     -0.80
     -1.25     -0.69     -0.80
     -1.25     -0.69     -0.80
     -1.25      0.26      0.15
     -1.25      0.26      1.11
     -1.25      0.26      1.11
     -1.25      0.26      0.15
     -0.29      0.26      0.15
     -0.29     -0.69      1.11
      0.67     -0.69      1.11
     -0.29     -0.69      0.15
     -0.29     -1.65      0.15
      0.67     -0.69      0.15
      0.67     -0.69      0.15
      0.67     -0.69     -0.80
      0.67      0.26     -0.80
      0.67      0.26     -0.80
      0.67      0.26     -0.80
      0.67      0.26     -0.80
     -0.29      1.22     -0.80
     -0.29      1.22     -0.80
     -1.25      1.22     -0.80
     -1.25      1.22     -0.80
     -1.25      0.26      0.15
     -1.25      0.26      0.15
     -2.21      0.26      0.15
     -2.21     -0.69      0.15
     -1.25     -0.69      0.15
     -0.29     -1.65      1.11
      0.67     -1.65      2.07
      0.67     -1.65      2.07
      0.67     -1.65      1.11
      1.62     -1.65      0.15
      1.62     -1.65      0.15
      1.62     -1.65      0.15
      1.62     -0.69     -0.80
      1.62      0.26     -0.80
      0.67      1.22     -1.76
     -0.29      2.18     -1.76
     -0.29      2.18     -1.76
     -1.25      2.18     -1.76
     -1.25      1.22     -1.76
     -1.25      1.22     -0.80
     -1.25      0.26     -0.80
     -2.21     -0.69      0.15
     -2.21     -1.65      0.15
     -1.25     -1.65      1.11
     -0.29     -2.61      1.11
      0.67     -2.61      2.07
      0.67     -2.61      1.11
      0.67     -1.65      0.15
      0.67     -0.69     -0.80
      0.67      0.26      0.15
      0.67      1.22      0.15
      0.67      2.18      0.15
      0.67      2.18      0.15
      0.67      1.22     -0.80
      0.67      1.22     -1.76
      0.67      0.26     -1.76
      0.67     -0.69     -0.80
     -0.29     -0.69      0.15
     -1.25     -0.69      1.11
     -2.21     -0.69      1.11
     -3.16     -0.69      1.11
     -3.16     -1.65      0.15
     -2.21     -1.65      0.15
     -1.25     -0.69     -0.80
     -0.29     -0.69     -0.80
      0.67     -0.69     -0.80
      0.67      0.26     -0.80
      0.67      0.26      0.15
      0.67      1.22      0.15
      1.62      1.22      0.15
      1.62      0.26      0.15
      1.62      0.26      0.15
      2.58      0.26      1.11
      1.62      0.26      1.11
      0.67      0.26      0.15
      0.67      0.26      0.15
     -0.29      0.26      0.15
     -1.25     -0.69     -0.80
     -1.25     -1.65     -0.80
     -2.21     -1.65     -1.76
     -1.25     -0.69     -1.76
     -2.21     -0.69     -1.76
     -2.21      0.26     -0.80
     -2.21      1.22     -0.80
     -1.25      1.22      1.11
     -0.29      1.22      1.11
     -0.29      1.22      1.11
      0.67      0.26      1.11
      0.67      0.26      0.15
      0.67     -0.69      1.11
      0.67     -0.69      1.11
      0.67     -0.69      1.11
     -0.29     -0.69      1.11
     -0.29     -0.69      1.11
      0.67     -0.69      1.11
      0.67     -0.69      0.15
      0.67     -0.69     -0.80
      0.67     -0.69     -1.76
     -0.29     -0.69     -1.76
     -1.25      0.26     -0.80
     -1.25      0.26     -0.80
     -2.21      0.26     -1.76
     -2.21      1.22     -1.76
     -1.25      0.26     -1.76
     -0.29      0.26     -0.80
      0.67      0.26     -0.80
      0.67      0.26     -0.80
      0.67      0.26      0.15
      0.67      0.26      1.11
      0.67      0.26      1.11
      0.67     -0.69      1.11
      0.67     -0.69      1.11
     -0.29     -0.69      1.11
     -0.29     -1.65      1.11
     -0.29     -1.65      1.11
     -0.29     -0.69      1.11
     -0.29     -0.69      0.15
      0.67     -0.69     -0.80
      0.67     -0.69     -0.80
      0.67      0.26     -0.80
      0.67      0.26     -0.80
     -1.25      0.26     -0.80
     -2.21      1.22     -0.80
     -2.21      1.22     -0.80
     -1.25      0.26      0.15
     -0.29      0.26      0.15
      0.67      0.26      0.15
      0.67      0.26     -0.80
      0.67      0.26     -1.76
      0.67     -0.69     -0.80
      0.67     -0.69     -0.80
      0.67     -0.69      1.11
      0.67     -0.69      1.11
      0.67     -0.69      1.11
     -0.29     -0.69      1.11
     -0.29     -0.69      1.11
      0.67      0.26      1.11
     -0.29      0.26      0.15
     -1.25      1.22     -0.80
     -1.25      1.22     -0.80
     -1.25      1.22     -0.80
     -1.25      0.26     -0.80
     -0.29      0.26      0.15
      0.67      0.26      1.11
      0.67     -0.69      1.11
     -0.29     -0.69      0.15
     -0.29     -0.69     -0.80
     -0.29     -0.69     -0.80
     -0.29     -0.69     -0.80
     -0.29      0.26     -0.80
      0.67      0.26     -0.80
      0.67      0.26     -0.80
      0.67      0.26      0.15
      0.67      0.26      0.15
      0.67      1.22      0.15
      0.67      0.26      0.15
      0.67      0.26      1.11
     -0.29      0.26      1.11
     -0.29      0.26      1.11
      0.67      0.26      1.11
      0.67     -0.69      1.11
      0.67     -1.65      0.15
     -0.29     -1.65     -0.80
     -0.29     -0.69     -0.80
     -1.25      0.26     -1.76
     -1.25      0.26     -1.76
     -0.29      0.26     -0.80
     -0.29      1.22     -0.80
     -0.29      1.22     -0.80
     -0.29      1.22     -1.76
      0.67      1.22     -1.76
      0.67      0.26     -0.80
     -0.29      0.26     -0.80
     -0.29      0.26      0.15
     -0.29      0.26      1.11
     -0.29      0.26      1.11
     -0.29     -0.69      1.11
     -0.29     -0.69      1.11
     -0.29     -0.69      1.11
     -0.29     -0.69      1.11
     -0.29     -0.69      1.11
     -0.29     -0.69      0.15
     -0.29     -0.69     -0.80
      0.67     -0.69     -0.80
      0.67     -0.69     -0.80
     -0.29      0.26     -1.76
     -0.29      0.26     -1.76
     -0.29      0.26     -1.76
     -0.29      0.26     -1.76
     -0.29      1.22     -0.80
     -0.29      1.22     -0.80
     -0.29      1.22     -0.80
     -0.29      0.26      0.15
     -0.29      0.26      0.15
     -0.29     -0.69      0.15
     -0.29     -0.69      1.11
     -0.29     -1.65      2.07
     -0.29     -1.65      2.07
     -1.25     -1.65      2.07
     -1.25     -1.65      2.07
     -0.29     -0.69      1.11
     -0.29     -0.69      1.11
      0.67      0.26      0.15
      0.67      0.26     -0.80
      1.62      0.26     -0.80
      1.62      0.26     -0.80
      1.62      0.26     -0.80
      1.62     -0.69     -0.80
      0.67     -0.69     -1.76
     -0.29      0.26     -1.76
     -0.29      0.26     -1.76
     -1.25      0.26     -0.80
     -1.25      1.22     -0.80
     -2.21      1.22     -0.80
     -1.25      1.22     -0.80
     -1.25      0.26     -0.80
     -0.29      0.26     -0.80
     -0.29     -0.69      0.15
     -0.29     -0.69      0.15
     -0.29     -1.65      1.11
     -0.29     -1.65      2.07
     -0.29     -1.65      2.07
     -0.29     -1.65      2.07
     -0.29     -1.65      1.11
     -0.29     -1.65      1.11
      0.67     -0.69      0.15
      0.67      0.26     -0.80
      0.67      1.22     -0.80
      0.67      1.22     -0.80
      0.67      2.18     -1.76
      0.67      2.18     -1.76
     -0.29      1.22     -2.72
     -0.29      1.22     -3.67
     -0.29      0.26     -2.72
     -0.29     -0.69     -0.80
     -0.29     -1.65      0.15
     -0.29     -1.65      1.11
     -0.29     -1.65      1.11
     -0.29     -1.65      1.11
     -0.29     -1.65      1.11
     -0.29     -0.69      1.11
     -0.29      0.26      1.11
     -0.29      0.26      1.11
     -1.25      1.22      1.11
     -1.25      1.22      1.11
     -0.29      1.22      0.15
      0.67      1.22      0.15
      0.67      0.26     -0.80
      0.67      0.26     -0.80
      0.67     -0.69     -0.80
      0.67     -0.69     -0.80
     -0.29     -1.65      0.15
     -0.29     -1.65      0.15
     -0.29     -1.65     -0.80
     -0.29     -0.69     -0.80
     -0.29     -0.69     -1.76
      0.67      0.26     -1.76
      0.67      0.26     -0.80
      0.67      1.22     -0.80
     -0.29      1.22     -0.80
     -0.29      1.22      0.15
     -0.29      0.26      1.11
     -0.29      0.26      1.11
     -0.29     -0.69      1.11
      0.67     -0.69      0.15
      0.67     -0.69      0.15
      0.67     -0.69     -0.80
      0.67     -0.69     -0.80
     -0.29     -0.69      0.15
     -0.29     -0.69      0.15
     -0.29      0.26      1.11
     -0.29      0.26      1.11
     -0.29      0.26      1.11
     -0.29      1.22      1.11
     -0.29      1.22      0.15
     -0.29      1.22     -0.80
     -0.29      0.26     -0.80
     -0.29      0.26     -1.76
     -1.25      0.26     -1.76
     -1.25      0.26     -0.80
     -0.29      0.26     -0.80
      0.67      0.26     -0.80
      0.67      0.26      0.15
      0.67      0.26      1.11
      0.67      0.26      1.11
      0.67      0.26      1.11
      0.67      0.26      0.15
      0.67      0.26     -0.80
      0.67     -0.69     -0.80
      0.67     -0.69     -0.80
     -0.29     -0.69     -0.80
     -0.29      0.26     -0.80
     -1.25      0.26     -0.80
     -1.25      0.26      0.15
     -0.29      0.26      0.15
     -0.29      0.26      0.15
     -0.29     -0.69      0.15
     -0.29     -0.69      0.15
     -0.29     -0.69      0.15
     -0.29      0.26      0.15
     -0.29      0.26     -0.80
     -0.29      0.26      0.15
      0.67      0.26      0.15
      0.67      0.26      0.15
      0.67      0.26      0.15
      0.67      0.26      0.15
     -0.29      0.26      1.11
     -0.29      0.26      1.11
     -0.29      0.26      1.11
     -0.29      0.26      1.11
     -0.29      0.26      0.15
      0.67     -0.69      0.15
      0.67     -0.69     -0.80
      0.67     -0.69     -0.80
      0.67      0.26      0.15
      0.67      0.26     -0.80
     -0.29      0.26     -0.80
     -0.29      0.26     -1.76
     -0.29      0.26     -2.72
      0.67      0.26     -2.72
      0.67      0.26     -2.72
     -0.29     -0.69     -0.80
     -0.29     -0.69      0.15
     -0.29     -0.69      1.11
     -0.29     -0.69      2.07
     -0.29      0.26      2.07
     -0.29      0.26      1.11
     -0.29      0.26      1.11
      0.67      0.26      1.11
      0.67      0.26      1.11
      0.67      0.26      0.15
     -0.29      0.26     -0.80
     -0.29      0.26     -0.80
     -1.25      0.26     -0.80
     -1.25      0.26     -0.80
     -1.25      0.26      0.15
     -0.29      0.26      0.15
      0.67      0.26     -0.80
      0.67     -0.69     -0.80
      0.67     -0.69     -0.80
      0.67     -0.69     -1.76
      0.67     -0.69     -1.76
     -0.29      0.26     -0.80
     -0.29      0.26     -0.80
      0.67      0.26      0.15
      0.67      0.26      0.15
      0.67      0.26      0.15
      0.67      0.26      0.15
      0.67      0.26      0.15
      0.67      0.26      0.15
      0.67      0.26      0.15
      0.67     -0.69      0.15
     -0.29     -0.69      1.11
     -0.29     -1.65      0.15
     -1.25     -0.69      0.15
     -1.25     -1.65      0.15
     -2.21     -0.69      1.11
     -1.25     -0.69      1.11
     -0.29      0.26      0.15
     -0.29      0.26     -0.80
      0.67      0.26     -0.80
      0.67      0.26     -0.80
     -0.29      1.22     -0.80
     -0.29      1.22     -0.80
     -0.29      1.22     -0.80
      0.67      0.26     -0.80
      0.67      0.26     -0.80
      0.67      0.26     -1.76
      0.67      0.26     -1.76
      0.67     -0.69     -1.76
      0.67     -0.69     -0.80
      0.67     -0.69     -0.80
     -0.29     -0.69      1.11
     -0.29      0.26      1.11
     -1.25      0.26      1.11
     -1.25      0.26      1.11
     -1.25      0.26      1.11
     -0.29      0.26      1.11
     -0.29      0.26      0.15
     -0.29      0.26      0.15
     -0.29      0.26      0.15
     -0.29     -0.69      1.11
     -0.29     -0.69      1.11
     -0.29     -0.69      1.11
     -0.29      0.26      1.11
      0.67      0.26     -0.80
      0.67      0.26     -0.80
      0.67      0.26     -0.80
      0.67      0.26     -0.80
      0.67      0.26     -0.80
      0.67      0.26     -0.80
     -0.29      0.26     -0.80
     -1.25     -0.69     -0.80
     -1.25     -0.69     -0.80
     -1.25     -0.69     -0.80
     -0.29      0.26     -0.80
     -0.29      0.26     -0.80
      0.67      0.26     -0.80
      0.67      0.26     -0.80
      0.67      0.26      0.15
      0.67      0.26      0.15
     -0.29      0.26      0.15
     -1.25     -0.69     -0.80
     -1.25     -0.69     -0.80
     -1.25      0.26     -0.80
     -0.29      0.26      0.15
     -0.29      0.26      1.11
     -0.29      0.26      1.11
     -0.29      0.26      0.15
     -0.29      0.26      0.15
      0.67      0.26      0.15
      0.67      0.26      0.15
      0.67      0.26      0.15
      0.67      0.26      0.15
     -0.29      0.26      0.15
     -0.29      0.26     -0.80
      0.67     -0.69     -0.80
      0.67     -0.69     -0.80
      0.67     -0.69     -0.80
      0.67     -0.69      0.15
      0.67      0.26      0.15
     -0.29      0.26      0.15
     -1.25      1.22      0.15
     -1.25      1.22      0.15
     -0.29      0.26      0.15
     -0.29      0.26     -0.80
      0.67      0.26     -0.80
      0.67      0.26     -0.80
      0.67      0.26     -0.80
     -0.29      0.26      0.15
     -0.29      0.26      0.15
     -0.29      0.26      0.15
     -0.29     -0.69     -0.80
      0.67     -0.69     -0.80
      0.67     -0.69     -1.76
      0.67     -0.69     -0.80
     -0.29     -0.69     -0.80
     -0.29     -0.69      0.15
     -1.25      0.26      1.11
     -1.25      1.22      2.07
     -1.25      1.22      2.07
     -0.29      1.22      1.11
     -0.29      1.22      0.15
      0.67      0.26     -0.80
     -0.29      0.26     -1.76
     -0.29      0.26     -1.76
     -0.29     -0.69     -1.76
     -0.29     -0.69     -0.80
     -0.29     -0.69     -0.80
     -0.29     -1.65     -0.80
      0.67     -1.65     -0.80
      0.67     -1.65     -0.80
      0.67     -0.69     -0.80
      0.67      0.26      0.15
      0.67      0.26      0.15
     -0.29      1.22      0.15
     -0.29      1.22      0.15
     -0.29      0.26      0.15
     -0.29      0.26      0.15
     -0.29      0.26      0.15
     -0.29     -0.69      0.15
     -0.29     -0.69      1.11
     -0.29     -0.69      1.11
     -0.29     -0.69      1.11
     -0.29     -1.65      1.11
     -0.29     -0.69      1.11
     -0.29     -0.69      1.11
     -0.29     -0.69      0.15
      0.67      0.26     -0.80
      0.67      0.26     -0.80
      0.67      0.26     -0.80
      1.62      0.26     -0.80
      1.62      0.26     -0.80
      0.67      0.26     -0.80
      0.67      0.26     -0.80
     -0.29      0.26     -0.80
     -1.25      0.26      0.15
     -1.25      0.26      1.11
     -1.25      0.26      1.11
     -1.25      0.26      1.11
     -0.29     -0.69      0.15
     -0.29     -0.69     -0.80
     -0.29     -0.69     -0.80
     -0.29     -0.69     -0.80
     -0.29     -0.69     -0.80
     -0.29      0.26     -0.80
     -0.29      0.26      0.15
     -0.29      0.26      0.15
      0.67      0.26      0.15
      0.67      0.26      0.15
      0.67     -0.69      1.11
      0.67     -0.69      1.11
      0.67      0.26      1.11
      0.67      0.26      1.11
     -0.29      0.26      1.11
     -0.29      0.26      1.11
     -0.29      0.26      1.11
     -1.25      0.26      0.15
     -1.25      0.26     -0.80
     -1.25      0.26     -0.80
     -0.29      0.26     -1.76
     -0.29     -0.69     -0.80
      0.67     -0.69     -0.80
      0.67     -0.69     -0.80
      0.67     -0.69     -0.80
     -0.29     -0.69     -0.80
     -0.29     -0.69      0.15
     -0.29      0.26      1.11
      0.67      0.26      1.11
      0.67      0.26      0.15
      0.67      1.22     -0.80
      0.67      1.22     -0.80
      0.67      0.26     -0.80
      0.67      0.26     -0.80
      0.67      0.26      0.15
     -0.29      0.26      1.11
     -0.29     -0.69      1.11
     -0.29     -0.69      1.11
     -0.29     -0.69      1.11
     -1.25     -0.69      0.15
     -1.25     -0.69     -0.80
     -1.25     -0.69     -0.80
     -0.29     -0.69     -0.80
     -0.29     -0.69     -0.80
      0.67     -0.69     -0.80
      0.67      0.26     -0.80
      0.67      0.26     -0.80
     -0.29      0.26      0.15
     -0.29      1.22      0.15
     -0.29      1.22      0.15
      0.67      1.22     -0.80
      0.67      0.26     -0.80
      1.62      0.26     -0.80
      0.67      0.26     -0.80
      0.67      0.26      0.15
     -0.29      0.26      0.15
     -0.29      0.26      0.15
     -1.25      0.26      0.15
     -1.25     -0.69      0.15
     -1.25     -0.69      0.15
     -1.25     -0.69      0.15
     -1.25      0.26      0.15
     -1.25      0.26      0.15
     -0.29      0.26     -0.80
     -0.29      0.26     -0.80
     -0.29      0.26     -0.80
      0.67      0.26      0.15
      0.67      0.26      0.15
     -0.29      0.26      0.15
     -0.29      1.22      0.15
     -1.25      0.26      0.15
     -0.29      0.26      1.11
     -0.29      0.26      1.11
      0.67      0.26      1.11
      0.67     -0.69      0.15
      0.67     -0.69     -0.80
      0.67     -0.69     -0.80
      0.67     -0.69     -0.80
      0.67     -0.69     -0.80
     -0.29      0.26     -0.80
     -0.29      0.26      0.15
     -0.29      0.26      0.15
     -0.29      1.22     -0.80
      0.67      1.22     -0.80
      0.67      1.22     -0.80
      0.67      0.26     -0.80
      0.67      0.26     -0.80
     -0.29      0.26     -0.80
     -0.29      0.26     -0.80
     -1.25      0.26      0.15
     -1.25     -0.69      0.15
     -1.25     -0.69      1.11
     -1.25     -0.69      1.11
     -0.29      0.26      1.11
     -0.29      0.26      1.11
     -0.29     -0.69      0.15
      0.67     -0.69      0.15
      0.67     -0.69     -0.80
      0.67     -0.69     -0.80
      0.67      0.26     -0.80
      0.67      0.26     -0.80
      0.67      1.22     -0.80
      0.67      1.22     -0.80
      0.67      1.22     -0.80
      0.67      0.26      0.15
      0.67      0.26      0.15
     -0.29      0.26      0.15
     -0.29     -0.69      0.15
     -0.29     -0.69      0.15
     -0.29     -0.69      0.15
     -0.29     -0.69      0.15
     -0.29      0.26     -0.80
     -0.29      0.26      0.15
     -0.29      0.26      0.15
     -0.29      0.26     -0.80
     -0.29      0.26     -0.80
     -0.29      0.26     -0.80
     -0.29      0.26     -0.80
     -0.29      0.26      0.15
      0.67      0.26      1.11
      0.67      0.26      1.11
      0.67     -0.69      1.11
      0.67     -0.69      1.11
     -0.29     -0.69      0.15
     -0.29     -0.69      0.15
     -0.29     -0.69      0.15
     -0.29     -0.69      0.15
     -0.29      0.26      0.15
     -0.29      0.26     -0.80
     -0.29      0.26     -0.80
     -0.29      0.26     -0.80
     -0.29      0.26     -0.80
      0.67     -0.69     -0.80
      0.67     -0.69     -0.80
      0.67     -0.69      0.15
      0.67     -0.69      0.15
     -0.29      0.26      1.11
     -0.29      0.26      1.11
     -0.29      0.26      1.11
     -0.29      0.26      0.15
     -0.29      0.26      1.11
     -0.29      0.26      1.11
     -0.29      0.26      1.11
     -0.29      0.26      0.15
     -0.29     -0.69      0.15
     -0.29     -0.69      0.15
     -0.29     -0.69     -0.80
     -0.29     -0.69     -0.80
     -0.29     -0.69     -1.76
     -0.29     -0.69     -1.76
      0.67      0.26     -1.76
      0.67      0.26     -0.80
      0.67      0.26     -0.80
      0.67      0.26     -0.80
      0.67      0.26     -0.80
      0.67      0.26     -0.80
      0.67      0.26     -0.80
      0.67      0.26     -0.80
     -0.29      0.26      1.11
     -0.29      0.26      1.11
     -0.29      0.26      2.07
     -1.25      0.26      2.07
     -0.29     -0.69      1.11
     -0.29     -0.69      1.11
     -0.29     -0.69      0.15
     -0.29      0.26      0.15
     -0.29      0.26      0.15
     -0.29      0.26      0.15
     -0.29      0.26      0.15
     -0.29      0.26      0.15
     -0.29      0.26     -0.80
      0.67      1.22     -0.80
      0.67      1.22     -1.76
      0.67      1.22     -0.80
      0.67      0.26     -0.80
     -0.29      0.26     -0.80
     -0.29      0.26     -0.80
     -0.29      0.26     -0.80
     -0.29      0.26     -0.80
     -0.29      0.26      0.15
     -0.29      0.26      1.11
      0.67     -0.69      1.11
      0.67     -0.69      1.11
     -0.29     -0.69      0.15
     -0.29      0.26     -0.80
     -0.29      0.26     -0.80
     -0.29      0.26     -0.80
      0.67      0.26     -0.80
      0.67      0.26     -0.80
      0.67      0.26     -0.80
     -0.29      0.26     -0.80
     -0.29      0.26     -0.80
     -0.29      0.26      0.15
      0.67      0.26      0.15
     -0.29      0.26      1.11
     -0.29     -0.69      1.11
     -0.29     -0.69      0.15
     -0.29     -0.69      0.15
     -0.29     -0.69      0.15
     -1.25     -0.69      0.15
     -1.25     -0.69      0.15
     -0.29     -0.69      0.15
     -0.29      0.26      0.15
     -0.29      0.26      0.15
      0.67      0.26     -0.80
      0.67      1.22     -0.80
      0.67      1.22     -0.80
      0.67      1.22     -0.80
      0.67      0.26     -0.80
     -0.29      0.26     -0.80
     -0.29     -0.69      0.15
     -0.29     -0.69      0.15
     -1.25     -0.69      0.15
     -1.25     -0.69      1.11
     -0.29      0.26      1.11
     -0.29      0.26      1.11
     -0.29      0.26      1.11
     -0.29      0.26      0.15
     -0.29      0.26     -0.80
     -0.29      0.26     -0.80
     -0.29      0.26      0.15
     -0.29     -0.69      0.15
     -0.29     -0.69      0.15
     -0.29     -0.69     -0.80
      0.67     -0.69     -0.80
      0.67     -0.69     -0.80
      0.67     -0.69     -0.80
      0.67      0.26      0.15
      0.67      0.26      0.15
     -0.29      0.26     -0.80
     -0.29      0.26     -0.80
     -0.29      0.26     -0.80
     -0.29      0.26      0.15
     -0.29      0.26      0.15
     -0.29      0.26      0.15
     -0.29     -0.69      1.11
     -0.29     -0.69      1.11
     -0.29     -0.69      1.11
      0.67     -0.69      1.11
      0.67      0.26      0.15
      0.67      0.26      0.15
      0.67      0.26     -0.80
     -0.29      0.26     -0.80
     -0.29      0.26     -0.80
     -0.29      0.26     -0.80
     -0.29      0.26     -0.80
     -0.29      0.26     -0.80
     -0.29      0.26     -0.80
     -0.29      0.26     -0.80
     -0.29      0.26      0.15
     -0.29      0.26      0.15
      0.67      0.26      0.15
      0.67      0.26      1.11
      0.67      0.26      1.11
      0.67     -0.69      1.11
     -0.29     -0.69      1.11
     -0.29     -0.69      1.11
     -0.29     -0.69      1.11
     -0.29     -0.69      0.15
      0.67      0.26     -0.80
      0.67      0.26     -0.80
      0.67      1.22      0.15
      0.67      1.22      0.15
     -0.29      1.22      0.15
     -0.29      1.22      0.15
     -0.29      0.26     -0.80
     -0.29     -0.69     -0.80
     -0.29     -0.69     -0.80
     -0.29     -1.65     -0.80
     -0.29     -1.65     -0.80
      0.67     -0.69      0.15
      0.67     -0.69      1.11
      0.67     -0.69      1.11
     -0.29      0.26      0.15
     -0.29      0.26     -0.80
     -1.25      1.22     -0.80
     -1.25      1.22     -0.80
     -1.25      1.22     -0.80
     -0.29      0.26      0.15
     -0.29      0.26      0.15
      0.67      0.26      0.15
      0.67     -0.69     -0.80
     -0.29     -0.69      0.15
     -0.29     -0.69      1.11
     -0.29     -0.69      1.11
     -0.29      0.26      1.11
     -0.29      0.26      1.11
      0.67      0.26      0.15
      0.67      0.26      0.15
      0.67      0.26     -0.80
     -0.29      0.26     -0.80
     -0.29      0.26     -0.80
     -0.29      0.26     -0.80
     -0.29      0.26     -0.80
     -0.29      0.26     -0.80
     -0.29      0.26     -0.80
     -0.29      0.26     -0.80
      0.67      0.26      0.15
      0.67     -0.69      1.11
      0.67     -0.69      1.11
     -0.29     -1.65      1.11
     -0.29     -1.65      1.11
      0.67     -1.65      1.11
      0.67     -0.69      1.11
      0.67     -0.69      0.15
      0.67      0.26     -0.80
     -0.29      1.22     -0.80
     -0.29      1.22     -1.76
     -0.29      1.22     -1.76
     -0.29      1.22     -1.76
     -0.29      1.22     -1.76
     -0.29      0.26     -0.80
     -0.29      0.26     -0.80
     -0.29     -0.69      0.15
      0.67     -1.65      1.11
      0.67     -1.65      1.11
     -0.29     -1.65      1.11
     -0.29     -1.65      0.15
     -0.29     -0.69      0.15
     -0.29      0.26      0.15
     -0.29      0.26     -0.80
     -0.29      1.22     -0.80
     -0.29      1.22     -0.80
      0.67      1.22     -0.80
      0.67      0.26     -0.80
      0.67      0.26     -0.80
      0.67      0.26     -0.80
      0.67     -0.69     -0.80
     -0.29     -0.69      0.15
     -0.29     -0.69     -0.80
      0.67     -0.69     -0.80
      0.67     -0.69     -0.80
      0.67     -0.69     -0.80
      0.67     -0.69     -0.80
     -0.29     -0.69      0.15
     -0.29      0.26      0.15
     -0.29      0.26      0.15
     -1.25      0.26     -0.80
     -1.25      1.22     -0.80
     -0.29      0.26      0.15
     -0.29      0.26      0.15
      0.67      0.26      0.15
      0.67      0.26     -0.80
      0.67      0.26     -0.80
      0.67      0.26     -0.80
      0.67      0.26      0.15
      0.67     -0.69      0.15
     -0.29      0.26      0.15
     -0.29      0.26     -0.80
     -0.29      0.26     -0.80
     -0.29      0.26     -0.80
      0.67      0.26     -0.80
      0.67      0.26     -0.80
     -0.29      0.26     -0.80
     -0.29      0.26     -0.80
     -0.29      0.26     -0.80
     -1.25     -0.69      0.15
     -1.25     -0.69      1.11
     -0.29     -0.69      1.11
     -0.29     -0.69      2.07
     -0.29     -0.69      1.11
      0.67     -0.69      1.11
      0.67     -0.69      0.15
      0.67     -0.69     -0.80
      0.67      0.26     -0.80
      0.67      0.26     -0.80
      0.67      0.26     -0.80
      0.67      0.26     -0.80
     -0.29      0.26      0.15
     -0.29      0.26      0.15
     -0.29      0.26      1.11
     -0.29      0.26      1.11
     -0.29      0.26      0.15
     -0.29     -0.69      0.15
     -0.29     -0.69      0.15
     -0.29     -0.69      0.15
     -0.29     -0.69      0.15
     -1.25     -0.69     -0.80
     -1.25     -0.69     -0.80
     -1.25      0.26     -0.80
     -0.29      0.26     -0.80
     -0.29      0.26     -0.80
     -0.29      0.26     -0.80
      0.67      1.22     -0.80
      0.67      1.22     -0.80
      0.67      0.26      0.15
      0.67      0.26      0.15
      0.67     -0.69      0.15
      0.67     -0.69      0.15
     -0.29     -1.65      1.11
     -0.29     -0.69      1.11
     -1.25     -0.69      1.11
     -1.25     -0.69      1.11
     -0.29      0.26      1.11
     -0.29      0.26      0.15
      0.67      1.22      0.15
      0.67      1.22     -0.80
      0.67      1.22     -0.80
     -0.29      0.26     -1.76
     -0.29      0.26     -0.80
     -0.29      0.26     -0.80
     -0.29     -0.69     -0.80
     -0.29     -0.69      0.15
      0.67     -0.69      1.11
      0.67     -0.69      1.11
      0.67     -0.69      1.11
     -0.29     -0.69      1.11
     -0.29     -0.69      0.15
     -0.29      0.26      0.15
      0.67      0.26      0.15
      0.67      0.26      0.15
      0.67      0.26      0.15
     -0.29      0.26      0.15
     -0.29      0.26      0.15
     -0.29      0.26      0.15
     -0.29      0.26     -0.80
     -0.29      0.26     -0.80
     -0.29      0.26     -0.80
     -0.29      1.22     -0.80
     -0.29      1.22      0.15
     -0.29      0.26      0.15
     -0.29      0.26      0.15
     -0.29      0.26      0.15
     -0.29     -0.69      0.15
     -0.29     -0.69      0.15
     -0.29     -0.69     -0.80
     -0.29     -1.65     -0.80
     -0.29     -0.69     -0.80
     -0.29     -0.69     -0.80
      0.67      0.26     -0.80
      0.67      0.26     -0.80
      0.67      0.26     -0.80
      0.67      0.26      0.15
      0.67      0.26      0.15
      0.67      0.26      1.11
      0.67      0.26      1.11
      0.67      0.26      0.15
     -0.29      0.26     -0.80
     -0.29      0.26     -0.80
     -0.29     -0.69     -0.80
     -0.29     -0.69     -0.80
     -0.29     -0.69     -0.80
     -0.29     -0.69     -0.80
     -1.25      0.26      0.15
     -1.25      0.26      0.15
     -0.29      0.26      1.11
     -0.29      0.26      1.11
     -0.29      0.26      0.15
     -0.29      0.26      0.15
     -0.29      0.26     -0.80
      0.67      0.26     -0.80
      0.67      0.26     -0.80
      0.67      0.26      0.15
      0.67      0.26      0.15
      0.67      0.26      0.15
      0.67      0.26      0.15
      0.67      0.26      0.15
      0.67      0.26      1.11
      0.67      0.26      0.15
      0.67      0.26      0.15
      0.67      0.26     -0.80
      0.67      0.26     -0.80
     -0.29      0.26     -0.80
     -1.25      0.26     -0.80
     -1.25      0.26     -0.80
     -2.21      0.26     -0.80
     -1.25      0.26     -0.80
     -1.25      0.26     -0.80
     -1.25      0.26      0.15
     -0.29      0.26      0.15
      0.67      0.26      0.15
      0.67      0.26      0.15
      0.67     -0.69      1.11
      0.67     -0.69      1.11
      0.67     -0.69      1.11
      0.67     -0.69      0.15
      0.67     -0.69     -0.80
      0.67     -1.65     -0.80
      0.67     -1.65     -0.80
      0.67     -0.69     -0.80
     -0.29      0.26     -0.80
     -1.25      0.26     -0.80
     -2.21      1.22     -0.80
     -2.21      1.22      0.15
     -1.25      1.22     -0.80
     -1.25      1.22     -0.80
     -0.29      0.26     -0.80
      0.67     -0.69      0.15
      0.67     -0.69      1.11
      0.67     -1.65      1.11
     -0.29     -1.65      0.15
     -0.29     -1.65     -0.80
     -0.29     -0.69     -0.80
     -0.29     -0.69     -0.80
      0.67      0.26     -0.80
      0.67      1.22     -0.80
      0.67      1.22     -0.80
      0.67      1.22     -0.80
      0.67      1.22     -0.80
      0.67      0.26      0.15
      0.67      0.26      0.15
      0.67     -0.69      0.15
     -0.29     -1.65      0.15
     -0.29     -1.65      1.11
     -1.25     -1.65      1.11
     -1.25     -0.69      1.11
     -0.29     -0.69      0.15
     -0.29      0.26      0.15
     -0.29      0.26     -0.80
     -0.29      1.22     -1.76
     -0.29      1.22     -1.76
     -0.29      1.22     -1.76
      0.67      1.22     -0.80
      0.67      1.22     -0.80
      0.67      1.22     -0.80
      0.67      1.22      0.15
      0.67      0.26      1.11
      0.67      0.26      1.11
      0.67     -0.69      1.11
     -0.29     -0.69      1.11
     -1.25     -1.65      1.11
     -1.25     -1.65      0.15
     -1.25     -1.65      0.15
     -1.25     -0.69     -0.80
     -0.29     -0.69      0.15
     -0.29     -0.69      0.15
     -0.29      0.26      0.15
     -0.29      0.26      0.15
     -0.29      0.26     -0.80
     -0.29      0.26     -0.80
     -0.29      0.26     -1.76
     -0.29      0.26     -0.80
      0.67      0.26     -0.80
      0.67      0.26     -0.80
      0.67      0.26     -0.80
      0.67     -0.69     -0.80
      0.67     -0.69      0.15
     -0.29     -0.69      0.15
     -0.29     -0.69      0.15
     -0.29     -0.69      0.15
     -0.29     -0.69      0.15
     -0.29     -0.69      0.15
     -0.29     -0.69      1.11
     -0.29     -0.69      1.11
     -1.25      0.26      1.11
     -1.25      0.26      0.15
     -1.25      0.26      0.15
     -0.29      0.26      0.15
     -0.29      0.26      0.15
     -0.29      0.26      0.15
     -0.29      0.26     -0.80
     -0.29      0.26     -0.80
     -0.29      0.26     -0.80
      0.67      0.26     -0.80
      0.67      0.26     -0.80
      0.67      0.26      0.15
      0.67     -0.69      0.15
      0.67     -0.69      0.15
      0.67     -0.69     -0.80
      0.67     -0.69     -0.80
      0.67     -0.69     -0.80
      0.67      0.26     -0.80
     -0.29      0.26      0.15
     -1.25      0.26      0.15
     -1.25      0.26     -0.80
     -1.25      0.26     -0.80
     -1.25      0.26     -0.80
     -1.25      0.26     -0.80
     -0.29      0.26      0.15
     -0.29      0.26      0.15
     -0.29      0.26     -0.80
     -0.29     -0.69     -0.80
      0.67     -1.65      0.15
      0.67     -1.65      0.15
      0.67     -1.65      0.15
     -0.29     -0.69      0.15
     -0.29     -0.69      0.15
     -1.25      0.26      0.15
     -1.25      0.26     -0.80
     -0.29      1.22     -0.80
      0.67      1.22     -0.80
      0.67      1.22     -0.80
      0.67      0.26     -0.80
     -0.29      0.26     -0.80
     -0.29      0.26     -0.80
     -0.29     -0.69     -0.80
     -0.29     -0.69      0.15
     -0.29     -1.65      0.15
     -0.29     -1.65      0.15
     -0.29     -1.65      0.15
      0.67     -0.69      0.15
      0.67     -0.69      0.15
      0.67      0.26     -0.80
      0.67      0.26     -0.80
      0.67      0.26     -0.80
      0.67      1.22     -0.80
     -0.29      0.26     -0.80
     -0.29      0.26     -0.80
     -0.29      0.26      0.15
     -0.29      0.26      0.15
     -0.29      0.26      1.11
     -0.29     -0.69      1.11
     -0.29     -0.69      1.11
      0.67     -1.65      1.11
      0.67     -1.65      1.11
      0.67     -1.65      0.15
     -0.29     -0.69     -0.80
     -0.29      0.26     -0.80
     -0.29      0.26     -0.80
     -0.29      0.26     -0.80
      0.67      0.26     -0.80
      0.67      0.26     -0.80
      0.67      0.26     -0.80
      0.67      0.26     -0.80
      0.67      0.26     -0.80
      0.67      0.26      0.15
      0.67      0.26      0.15
     -0.29     -0.69      0.15
     -0.29      0.26      0.15
     -0.29      0.26      0.15
     -0.29     -0.69      0.15
     -0.29     -0.69      1.11
     -0.29      0.26      1.11
     -1.25      0.26      0.15
     -1.25      0.26      0.15
     -1.25      0.26      0.15
     -0.29      0.26      0.15
     -0.29      0.26     -0.80
     -0.29      0.26     -0.80
      0.67      0.26     -1.76
      0.67      0.26     -1.76
      0.67      0.26     -0.80
      0.67      0.26     -0.80
      0.67      0.26     -0.80
      0.67      0.26      0.15
      0.67      0.26      0.15
      0.67     -0.69      0.15
      0.67     -0.69      0.15
      0.67     -0.69      0.15
      0.67     -0.69      1.11
     -0.29      0.26      1.11
     -1.25      0.26      1.11
     -1.25      0.26      1.11
     -1.25      0.26      0.15
     -1.25      0.26      0.15
     -0.29      0.26     -0.80
      0.67      0.26     -0.80
      0.67      0.26     -0.80
     -0.29      0.26     -0.80
     -1.25      0.26     -0.80
     -1.25      0.26     -0.80
     -1.25      0.26     -0.80
     -0.29      0.26     -0.80
      0.67     -0.69     -0.80
      0.67     -0.69     -0.80
      0.67     -0.69     -0.80
      0.67     -0.69      0.15
      0.67      0.26      0.15
     -0.29      0.26      0.15
     -1.25      0.26      0.15
     -0.29      0.26      0.15
     -0.29      0.26      1.11
     -0.29      0.26      1.11
     -0.29      0.26      1.11
     -0.29      0.26      0.15
     -0.29      0.26      0.15
     -0.29      0.26      0.15
     -0.29     -0.69     -0.80
     -0.29     -0.69     -0.80
     -0.29      0.26     -0.80
     -1.25      0.26     -0.80
     -0.29      0.26     -0.80
     -0.29      0.26     -0.80
      0.67      0.26      0.15
      0.67      0.26     -0.80
      0.67      0.26     -0.80
      0.67      0.26     -0.80
      0.67      0.26      0.15
     -0.29      0.26      0.15
     -0.29      0.26      0.15
     -1.25      0.26      0.15
     -1.25      0.26      0.15
     -0.29      0.26     -0.80
     -0.29      0.26     -0.80
      0.67      0.26     -0.80
      0.67     -0.69      0.15
      0.67     -0.69      1.11
     -0.29     -0.69      1.11
     -0.29     -0.69      1.11
     -0.29     -0.69      0.15
     -0.29     -0.69      0.15
     -0.29     -0.69      0.15
      0.67     -0.69      0.15
      0.67     -0.69     -0.80
      0.67      0.26     -0.80
      0.67      0.26     -0.80
     -0.29      0.26     -0.80
     -0.29      0.26     -0.80
     -0.29      0.26     -0.80
     -0.29      0.26     -0.80
     -0.29      0.26     -0.80
     -0.29      0.26     -0.80
     -0.29      0.26     -0.80
     -0.29     -0.69      0.15
     -0.29     -0.69      0.15
     -0.29     -0.69      0.15
     -0.29     -0.69      0.15
     -0.29     -0.69      0.15
     -0.29     -0.69      0.15
     -0.29     -0.69      1.11
     -0.29      0.26      0.15
     -0.29      0.26      0.15
     -0.29      0.26      0.15
      0.67      0.26      0.15
      0.67     -0.69      0.15
      0.67     -0.69     -0.80
     -0.29     -0.69     -0.80
     -0.29     -0.69     -0.80
     -0.29     -0.69      0.15
     -0.29     -0.69      0.15
     -0.29     -0.69      1.11
     -0.29      0.26      0.15
     -1.25      0.26      0.15
     -0.29      0.26     -0.80
     -0.29      0.26     -0.80
      0.67      0.26     -0.80
      0.67      0.26     -0.80
      0.67      0.26     -0.80
      0.67      0.26     -0.80
     -0.29      0.26     -0.80
     -0.29      0.26     -0.80
     -0.29     -0.69     -0.80
     -0.29     -0.69     -0.80
     -0.29     -0.69     -0.80
     -0.29     -0.69      0.15
      0.67     -0.69      0.15
      0.67      0.26      0.15
     -0.29      0.26      0.15
     -0.29      0.26      1.11
     -0.29      0.26      1.11
     -0.29      0.26      1.11
     -0.29     -0.69      1.11
      0.67     -0.69      0.15
      0.67     -0.69      0.15
      0.67     -0.69      0.15
      0.67      0.26     -0.80
      0.67      0.26     -0.80
     -0.29      0.26     -0.80
     -0.29      0.26     -0.80
     -0.29      0.26     -1.76
     -0.29      0.26     -1.76
     -0.29      0.26     -1.76
     -0.29      0.26     -0.80
     -0.29      0.26     -0.80
     -0.29      0.26     -0.80
     -0.29      0.26      0.15
     -0.29     -0.69      0.15
      0.67     -0.69      1.11
      0.67     -0.69      1.11
      0.67     -0.69      0.15
      0.67     -0.69      0.15
      0.67      0.26      0.15
      0.67     -0.69      0.15
      0.67      0.26      1.11
      0.67      0.26      0.15
      0.67      0.26     -0.80
      0.67      0.26     -0.80
     -0.29      0.26     -0.80
     -0.29      0.26      0.15
     -0.29      0.26      0.15
     -1.25      0.26     -0.80
     -1.25      0.26     -0.80
     -1.25      0.26     -0.80
     -0.29     -0.69     -0.80
     -0.29     -0.69     -0.80
      0.67     -0.69      0.15
      0.67     -0.69     -0.80
      0.67     -0.69     -0.80
      0.67     -0.69     -0.80
      0.67     -0.69     -0.80
      0.67     -0.69     -0.80
      0.67      0.26     -0.80
      0.67      0.26      0.15
     -0.29      0.26      0.15
     -0.29      0.26      0.15
     -1.25      0.26      1.11
     -1.25      0.26      1.11
     -1.25      0.26      0.15
     -0.29      0.26      0.15
     -0.29     -0.69      0.15
     -0.29     -0.69      0.15
     -0.29     -0.69      0.15
     -0.29     -0.69      0.15
     -0.29     -0.69      0.15
     -0.29     -0.69     -0.80
     -0.29      0.26     -0.80
     -0.29      0.26     -0.80
      0.67      0.26      0.15
      1.62      1.22      0.15
      1.62      1.22     -0.80
      0.67      1.22     -0.80
      0.67      1.22     -0.80
      0.67      0.26     -0.80
      0.67      0.26     -0.80
     -0.29     -0.69      0.15
     -0.29     -0.69      0.15
     -0.29     -0.69      0.15
     -1.25     -0.69      0.15
     -1.25     -0.69      0.15
     -1.25     -0.69      0.15
     -1.25     -0.69      0.15
     -1.25     -0.69      0.15
     -0.29      0.26      0.15
     -0.29      0.26     -0.80
     -0.29      0.26     -0.80
      0.67      0.26     -0.80
      0.67      0.26     -0.80
     -0.29      0.26     -0.80
     -0.29      0.26     -0.80
     -0.29      0.26      0.15
     -0.29      0.26     -0.80
      0.67     -0.69      0.15
      0.67     -0.69      0.15
      0.67     -0.69      0.15
     -0.29      0.26      0.15
     -0.29      0.26     -0.80
     -0.29      0.26     -0.80
      0.67     -0.69     -0.80
      0.67      0.26     -0.80
      0.67      0.26     -0.80
     -0.29      0.26     -0.80
     -0.29      0.26     -0.80
     -0.29      0.26     -0.80
     -0.29      0.26      0.15
     -0.29      0.26      1.11
     -0.29      0.26      1.11
     -0.29      0.26      0.15
      0.67      0.26      0.15
      0.67      0.26      0.15
      0.67      0.26      0.15
      0.67      0.26      0.15
     -0.29      0.26     -0.80
      0.67      0.26     -0.80
      0.67      0.26     -0.80
      0.67      0.26     -0.80
      0.67      0.26     -0.80
      0.67      0.26     -0.80
     -0.29      0.26     -0.80
     -0.29      0.26     -0.80
     -1.25      0.26      0.15
     -1.25      0.26      0.15
     -1.25     -0.69      0.15
     -0.29     -0.69      0.15
     -0.29     -0.69      0.15
      0.67     -0.69      0.15
     -0.29     -0.69      0.15
     -0.29      0.26      0.15
     -0.29      0.26      1.11
     -0.29      0.26      1.11
     -0.29      0.26      0.15
      0.67      0.26     -0.80
      0.67      0.26     -0.80
      0.67      0.26     -1.76
      0.67      0.26     -0.80
      0.67      0.26     -0.80
      0.67      0.26     -0.80
      0.67      0.26     -0.80
     -0.29     -0.69      0.15
     -0.29     -0.69      0.15
     -0.29     -0.69      0.15
     -0.29     -0.69      0.15
     -0.29     -0.69      0.15
     -0.29     -0.69      0.15
     -0.29      0.26     -0.80
     -0.29      0.26     -0.80
     -0.29      0.26     -0.80
     -0.29      0.26     -0.80
     -0.29      0.26     -0.80
     -0.29      0.26     -0.80
     -0.29      0.26     -0.80
     -0.29      1.22      0.15
     -0.29      0.26      0.15
      0.67      0.26      1.11
      0.67      0.26      1.11
      0.67     -0.69      1.11
     -0.29     -1.65      1.11
     -0.29     -1.65      1.11
     -0.29     -1.65      0.15
     -0.29     -0.69      0.15
     -0.29     -0.69      0.15
     -0.29     -0.69     -0.80
      0.67     -0.69     -0.80
      0.67      0.26     -0.80
      0.67      1.22     -0.80
     -0.29      1.22     -0.80
     -0.29      1.22     -0.80
     -0.29      0.26     -0.80
     -0.29      0.26     -0.80
     -0.29      0.26     -0.80
      0.67      0.26     -0.80
     -0.29      0.26     -0.80
     -0.29     -0.69     -0.80
     -0.29     -0.69      0.15
     -0.29     -0.69      0.15
     -0.29     -0.69      1.11
     -0.29     -0.69      0.15
      0.67     -0.69      1.11
      0.67     -0.69      1.11
      0.67     -0.69      1.11
      0.67     -0.69      0.15
      0.67     -0.69      0.15
     -0.29     -0.69      0.15
     -0.29     -0.69      0.15
     -0.29      0.26      0.15
     -0.29      0.26      0.15
     -0.29      1.22     -0.80
     -1.25      1.22     -0.80
     -0.29      1.22     -0.80
     -0.29      0.26     -0.80
     -0.29      0.26     -0.80
     -0.29      0.26     -0.80
     -0.29     -0.69     -0.80
     -0.29     -1.65      0.15
     -0.29     -1.65      0.15
     -0.29     -1.65      0.15
     -0.29     -0.69     -0.80
     -0.29     -0.69     -0.80
      0.67     -0.69     -0.80
      0.67      0.26     -0.80
      0.67      0.26      0.15
      0.67      1.22      0.15
      0.67      0.26      0.15
     -0.29      0.26      0.15
     -0.29      0.26      1.11
     -0.29      0.26      1.11
     -1.25     -0.69      1.11
     -1.25     -0.69      1.11
     -1.25     -0.69      0.15
     -1.25     -0.69      0.15
     -1.25     -0.69     -0.80
     -0.29     -0.69     -0.80
     -0.29      0.26     -0.80
     -0.29      0.26     -0.80
      0.67      0.26     -0.80
      0.67      0.26     -0.80
      0.67      0.26     -0.80
      0.67      0.26     -0.80
      0.67      0.26     -0.80
     -0.29      0.26     -0.80
     -0.29      0.26     -0.80
     -0.29      0.26     -0.80
     -0.29      0.26      0.15
     -0.29      0.26      0.15
     -0.29      0.26      0.15
     -0.29      0.26      0.15
     -0.29      0.26      0.15
     -0.29      0.26      0.15
     -0.29      0.26      0.15
     -0.29      0.26      0.15
     -0.29      0.26     -0.80
     -0.29     -0.69     -0.80
     -0.29     -0.69     -0.80
     -0.29      0.26     -0.80
     -0.29      0.26     -0.80
     -0.29      0.26     -0.80
     -0.29      0.26     -0.80
     -0.29      0.26     -0.80
     -0.29      0.26     -0.80
     -0.29      0.26     -0.80
     -0.29      0.26     -0.80
     -0.29     -0.69     -0.80
     -0.29     -0.69      0.15
     -0.29     -0.69      0.15
     -0.29     -0.69      0.15
     -0.29     -0.69      0.15
     -0.29     -0.69      0.15
     -0.29     -0.69     -0.80
     -0.29      0.26     -0.80
     -0.29      0.26     -0.80
      0.67      0.26     -0.80
      0.67      0.26     -0.80
     -0.29      0.26     -0.80
     -0.29      0.26     -0.80
     -0.29      0.26     -0.80
     -0.29      0.26      0.15
      0.67     -0.69      0.15
      0.67     -0.69      0.15
      0.67     -1.65      0.15
      0.67     -1.65      0.15
     -0.29     -0.69      0.15
     -0.29     -0.69      0.15
     -0.29     -0.69      0.15
     -0.29      0.26      0.15
     -0.29      0.26      0.15
     -0.29      0.26      0.15
     -0.29      0.26     -0.80
     -0.29      0.26     -0.80
     -0.29      0.26     -0.80
     -0.29      0.26     -0.80
     -0.29     -0.69     -0.80
     -0.29     -0.69      0.15
     -0.29     -0.69      0.15
     -0.29     -0.69      0.15
     -0.29     -0.69      0.15
     -0.29     -0.69      0.15
     -0.29     -0.69      1.11
     -0.29     -0.69      1.11
     -0.29      0.26      0.15
      0.67      0.26     -0.80
      0.67      0.26     -0.80
      0.67      0.26     -0.80
     -0.29      0.26      0.15
     -0.29      0.26      0.15
     -0.29      0.26      0.15
     -0.29      0.26     -0.80
     -0.29     -0.69      0.15
     -0.29     -0.69      0.15
     -0.29     -0.69      0.15
     -0.29      0.26      0.15
     -0.29      0.26     -0.80
     -0.29      0.26     -0.80
     -0.29      0.26     -1.76
     -0.29      0.26     -1.76
     -0.29      0.26     -0.80
      0.67      0.26     -0.80
      0.67      0.26     -0.80
      0.67      0.26      0.15
      0.67      0.26      0.15
     -0.29      0.26      1.11
     -0.29      0.26      1.11
     -0.29      0.26      1.11
     -0.29      0.26      1.11
     -0.29     -0.69      1.11
     -0.29     -0.69      1.11
      0.67     -0.69      1.11
     -0.29     -0.69      0.15
     -0.29     -0.69      0.15
     -0.29     -0.69      0.15
     -0.29     -0.69      0.15
     -0.29      0.26      0.15
     -0.29      0.26      0.15
      0.67      0.26      0.15
      0.67      0.26     -0.80
      0.67      0.26     -0.80
      0.67      0.26     -0.80
     -0.29      0.26     -0.80
     -0.29      0.26     -0.80
     -0.29      0.26     -0.80
     -0.29      0.26     -0.80
     -0.29      0.26     -0.80
     -0.29      0.26     -0.80
     -0.29      0.26     -0.80
     -0.29      0.26     -0.80
     -0.29      0.26      0.15
     -0.29     -0.69      0.15
     -0.29     -0.69      1.11
     -0.29     -0.69      1.11
     -0.29     -0.69      1.11
     -0.29     -0.69      1.11
     -0.29     -0.69      1.11
     -0.29     -0.69      0.15
     -0.29      0.26      0.15
     -0.29      0.26      0.15
     -0.29      0.26     -0.80
     -0.29      0.26     -0.80
     -0.29      0.26     -0.80
     -0.29      0.26     -0.80
      0.67      0.26     -0.80
      0.67     -0.69     -0.80
      0.67     -0.69     -0.80
      0.67     -0.69     -0.80
      0.67      0.26     -0.80
     -0.29      0.26     -0.80
     -0.29      0.26      0.15
     -0.29      0.26      0.15
     -0.29      0.26      0.15
     -1.25      0.26      0.15
     -1.25      0.26      0.15
     -1.25      0.26      0.15
     -1.25     -0.69      0.15
     -0.29     -0.69      0.15
     -0.29     -0.69      0.15
     -0.29     -0.69      0.15
     -0.29     -0.69      0.15
     -0.29      0.26      0.15
      0.67      0.26      0.15
      0.67      0.26      0.15
      0.67      0.26     -0.80
      0.67      0.26     -0.80
      0.67      0.26     -0.80
     -0.29      0.26     -0.80
     -0.29      0.26     -0.80
     -0.29      0.26     -0.80
     -1.25      0.26     -0.80
     -1.25     -0.69      0.15
     -0.29     -0.69      0.15
     -0.29      0.26      0.15
     -0.29      0.26      0.15
     -0.29     -0.69      0.15
     -0.29     -0.69      0.15
     -0.29     -0.69      0.15
      0.67     -0.69      0.15
      0.67     -0.69      0.15
      0.67     -0.69     -0.80
      0.67     -0.69     -0.80
      0.67      0.26     -0.80
     -0.29      0.26     -0.80
     -0.29      1.22      0.15
     -0.29      1.22      0.15
     -0.29      1.22      0.15
     -0.29      0.26     -0.80
     -0.29      0.26     -0.80
     -0.29     -0.69     -0.80
     -0.29     -0.69     -0.80
     -1.25     -0.69     -0.80
     -1.25     -0.69      0.15
     -0.29     -0.69      1.11
     -0.29     -0.69      1.11
     -0.29     -0.69      0.15
     -0.29     -0.69      0.15
     -0.29      0.26     -0.80
     -0.29      0.26     -0.80
     -0.29      0.26      0.15
      0.67      0.26     -0.80
      0.67      0.26     -0.80
      0.67      0.26     -0.80
      0.67      0.26     -0.80
      1.62     -0.69     -0.80
      0.67     -0.69     -0.80
      0.67     -0.69     -0.80
     -0.29     -0.69     -0.80
     -0.29     -0.69     -0.80
     -1.25      0.26     -0.80
     -1.25      0.26     -0.80
     -1.25      0.26      0.15
     -1.25      0.26      0.15
     -1.25      0.26      0.15
     -1.25      0.26      0.15
     -1.25      0.26      0.15
     -1.25      0.26      0.15
     -1.25      0.26      0.15
     -0.29      0.26      0.15
     -0.29     -0.69      0.15
      0.67     -0.69      0.15
      0.67     -0.69     -0.80
      0.67     -0.69     -0.80
      0.67     -0.69     -0.80
      0.67     -0.69     -0.80
      0.67      0.26     -0.80
      0.67      0.26     -0.80
      0.67      0.26     -0.80
     -0.29      0.26     -0.80
     -0.29      0.26     -0.80
     -0.29      1.22     -0.80
     -0.29      0.26     -0.80
     -1.25      0.26      0.15
     -1.25      0.26      0.15
     -1.25      0.26      0.15
     -1.25     -0.69      0.15
     -1.25     -0.69      1.11
     -0.29     -1.65      1.11
     -0.29     -1.65      1.11
     -0.29     -1.65      0.15
     -0.29     -0.69     -0.80
      0.67     -0.69     -0.80
      0.67      0.26     -0.80
      0.67      0.26     -0.80
      0.67      0.26     -0.80
      0.67      0.26     -0.80
      0.67      0.26     -0.80
      0.67      0.26     -0.80
      0.67      0.26      0.15
     -0.29      0.26      0.15
     -0.29      0.26      0.15
     -0.29      0.26      0.15
     -0.29     -0.69      0.15
     -0.29     -0.69      0.15
     -0.29     -0.69      0.15
     -0.29     -0.69      0.15
     -0.29     -0.69     -0.80
     -0.29     -0.69     -0.80
     -0.29     -0.69     -0.80
     -0.29     -0.69     -0.80
     -0.29      0.26     -0.80
     -0.29      0.26     -0.80
     -0.29     -0.69      0.15
      0.67     -0.69      0.15
      0.67     -0.69      0.15
      0.67      0.26      0.15
      0.67      0.26      0.15
      0.67      0.26      0.15
      0.67      0.26      0.15
      0.67      0.26      0.15
      0.67     -0.69     -0.80
      0.67     -0.69     -0.80
     -0.29     -1.65     -0.80
     -0.29     -1.65     -0.80
     -1.25     -0.69     -0.80
     -1.25     -0.69      0.15
     -1.25      0.26      1.11
     -1.25      0.26      0.15
     -1.25      0.26      0.15
     -0.29      0.26     -0.80
     -0.29      0.26      0.15
      0.67      0.26      0.15
      0.67      0.26      0.15
      0.67      0.26      0.15
      0.67      0.26      0.15
      0.67     -0.69      0.15
      0.67     -0.69      0.15
      0.67     -0.69      0.15
      0.67     -0.69      0.15
      0.67      0.26      0.15
      0.67      0.26     -0.80
     -0.29      0.26     -0.80
     -0.29      0.26     -0.80
     -1.25      0.26     -0.80
     -1.25      0.26     -0.80
     -1.25      0.26     -0.80
     -1.25     -0.69     -0.80
     -1.25     -0.69     -0.80
     -1.25     -0.69     -0.80
     -0.29      0.26      0.15
     -0.29      0.26      0.15
     -0.29      0.26      0.15
      0.67      0.26      0.15
      0.67      0.26      0.15
      0.67      0.26      0.15
      0.67     -0.69      0.15
      0.67      0.26     -0.80
     -0.29      0.26     -0.80
     -0.29      0.26      0.15
     -0.29      0.26      0.15
     -0.29      0.26      0.15
     -0.29      0.26      0.15
      0.67      0.26     -0.80
     -0.29      0.26     -0.80
     -0.29      0.26     -0.80
     -0.29     -0.69     -0.80
     -0.29     -0.69     -0.80
     -0.29     -0.69     -0.80
     -0.29     -0.69     -0.80
      0.67     -0.69     -0.80
      0.67      0.26     -0.80
      0.67      0.26     -0.80
      0.67      0.26     -0.80
     -0.29      0.26     -0.80
     -0.29      0.26     -0.80
     -0.29      0.26      0.15
     -0.29      0.26      0.15
     -0.29      0.26      0.15
     -0.29      0.26     -0.80
     -0.29     -0.69     -0.80
     -0.29     -0.69     -0.80
     -0.29     -0.69     -0.80
     -0.29     -0.69     -0.80
     -1.25      0.26     -0.80
     -0.29      0.26     -0.80
     -0.29      0.26     -0.80
     -0.29      0.26     -0.80
     -0.29      0.26     -0.80
     -0.29      0.26     -0.80
     -0.29      0.26     -0.80
     -0.29      0.26     -0.80
     -0.29     -0.69      0.15
     -0.29     -0.69      1.11
     -0.29     -0.69      1.11
     -0.29     -0.69      1.11
     -0.29     -0.69      1.11
      0.67     -0.69      0.15
      0.67      0.26      0.15
      0.67      0.26     -0.80
      0.67      0.26     -0.80
      0.67      0.26     -0.80
     -0.29      0.26     -0.80
     -0.29      1.22     -0.80
     -0.29      0.26     -0.80
     -1.25      0.26     -0.80
     -1.25      0.26     -0.80
     -0.29      0.26     -0.80
     -0.29      0.26     -0.80
     -0.29      0.26     -0.80
     -0.29     -0.69      0.15
     -0.29     -0.69     -0.80
     -0.29     -0.69     -0.80
     -0.29     -0.69      0.15
     -0.29     -0.69      0.15
      0.67     -0.69      1.11
      0.67     -0.69      1.11
      0.67      0.26      1.11
      0.67      0.26      1.11
      0.67      0.26      0.15
      0.67      1.22      0.15
      0.67      0.26      0.15
      0.67      0.26     -0.80
     -0.29      0.26     -0.80
     -0.29      0.26     -0.80
     -0.29     -0.69     -0.80
     -0.29     -0.69      0.15
     -0.29     -0.69      0.15
     -0.29     -0.69      0.15
     -0.29     -0.69     -0.80
     -0.29     -0.69     -0.80
     -0.29     -0.69     -0.80
     -0.29     -0.69     -0.80
     -0.29      0.26     -0.80
     -0.29      0.26     -0.80
     -0.29      0.26     -0.80
      0.67      0.26     -0.80
      0.67      0.26      0.15
      0.67      0.26      0.15
      0.67      0.26      1.11
      0.67      0.26      1.11
      0.67     -0.69      1.11
      0.67     -0.69      1.11
      0.67     -0.69      1.11
     -0.29     -0.69      0.15
     -0.29     -0.69      0.15
     -0.29     -0.69     -0.80
     -0.29     -0.69     -0.80
     -0.29     -0.69     -0.80
     -0.29      0.26     -0.80
     -0.29      0.26     -0.80
     -0.29      0.26     -0.80
     -0.29      0.26     -0.80
     -0.29      0.26     -0.80
     -0.29      0.26     -0.80
     -0.29      0.26     -0.80
     -0.29      0.26     -0.80
     -0.29     -0.69     -0.80
     -0.29     -0.69     -0.80
     -0.29     -0.69     -0.80
     -0.29     -0.69      0.15
      0.67     -0.69      0.15
      0.67     -0.69      1.11
      0.67      0.26      1.11
      0.67      0.26      1.11
     -0.29      0.26      0.15
     -0.29      0.26      0.15
     -0.29      0.26      0.15
      0.67      0.26      0.15
      0.67      0.26     -0.80
     -0.29     -0.69     -0.80
     -0.29     -0.69     -0.80
     -0.29     -0.69     -0.80
     -0.29     -0.69     -0.80
     -0.29      0.26      0.15
     -0.29      0.26      0.15
     -0.29      0.26      0.15
     -0.29      0.26      0.15
      0.67      0.26      0.15
      0.67      0.26      0.15
      0.67      0.26     -0.80
      0.67      0.26     -0.80
     -0.29      0.26     -0.80
     -0.29      0.26     -0.80
     -0.29     -0.69      0.15
     -0.29     -0.69      0.15
     -0.29     -0.69      0.15
     -0.29     -0.69      0.15
     -0.29     -0.69      0.15
     -0.29      0.26      0.15
     -0.29      0.26      0.15
     -0.29      0.26      0.15
     -0.29      0.26     -0.80
     -0.29      0.26     -0.80
     -0.29      0.26     -0.80
     -0.29      0.26     -0.80
     -0.29      0.26     -0.80
     -0.29      0.26     -0.80
     -0.29      0.26     -0.80
     -0.29      0.26     -0.80
      0.67      0.26     -0.80
      0.67      0.26      0.15
      0.67      0.26      0.15
      0.67      0.26      0.15
      0.67      0.26      0.15
     -0.29     -0.69      0.15
     -0.29     -0.69      0.15
     -0.29      0.26     -0.80
     -0.29      0.26     -0.80
      0.67      0.26      0.15
      0.67      0.26      0.15
     -0.29      0.26      0.15
     -0.29      0.26      1.11
     -0.29      0.26      0.15
     -0.29      0.26      0.15
     -0.29      0.26     -0.80
      0.67     -0.69     -0.80
      0.67     -0.69     -0.80
      0.67     -0.69     -0.80
      0.67     -0.69     -0.80
      0.67     -0.69     -0.80
     -0.29     -0.69      0.15
     -1.25      0.26      0.15
     -1.25      0.26      1.11
     -1.25      0.26      1.11
     -0.29      0.26      1.11
     -0.29      0.26      0.15
     -0.29      0.26     -0.80
     -0.29      0.26     -0.80
     -0.29     -0.69     -0.80
     -0.29     -0.69      0.15
     -0.29     -0.69      0.15
     -0.29     -0.69      0.15
     -0.29     -0.69     -0.80
     -0.29     -0.69     -0.80
      0.67      0.26     -0.80
      0.67      0.26     -0.80
      0.67      0.26     -0.80
      0.67      0.26     -0.80
     -0.29      0.26     -0.80
     -0.29      0.26     -0.80
     -0.29      0.26     -0.80
     -0.29      0.26      0.15
     -0.29      0.26      0.15
     -0.29     -0.69      1.11
     -0.29     -0.69      1.11
     -0.29     -0.69      1.11
     -1.25      0.26      0.15
     -1.25      0.26      0.15
     -0.29     -0.69      0.15
     -0.29     -0.69      0.15
     -0.29     -0.69     -0.80
     -0.29     -0.69     -0.80
     -0.29      0.26     -0.80
     -0.29      0.26     -0.80
     -0.29      0.26     -0.80
     -0.29      0.26      0.15
      0.67      0.26      0.15
      0.67      0.26      0.15
      0.67      0.26      0.15
      0.67      0.26      0.15
     -0.29      0.26      0.15
     -0.29     -0.69      0.15
     -0.29     -0.69      0.15
     -0.29      0.26     -0.80
     -0.29      0.26     -0.80
     -0.29      0.26      0.15
     -0.29      0.26      0.15
     -0.29      0.26      0.15
     -0.29      0.26      0.15
     -0.29      0.26     -0.80
     -0.29      0.26     -0.80
     -0.29      0.26     -0.80
     -0.29      0.26     -0.80
      0.67      0.26      0.15
      0.67      0.26     -0.80
      0.67      0.26     -0.80
     -0.29      0.26      0.15
     -0.29      0.26      0.15
     -0.29      0.26      0.15
     -0.29      0.26      0.15
      0.67      0.26     -0.80
      0.67      0.26     -0.80
      0.67      0.26     -0.80
      0.67      0.26      0.15
      0.67     -0.69      0.15
     -0.29     -0.69      0.15
     -0.29      0.26      0.15
     -1.25      0.26     -0.80
     -1.25      0.26      0.15
     -0.29      0.26      0.15
     -0.29      0.26      0.15
     -0.29      0.26     -0.80
     -0.29      0.26     -0.80
     -0.29     -0.69     -0.80
     -0.29     -0.69      0.15
     -0.29     -0.69      0.15
     -0.29      0.26      1.11
     -0.29      0.26      1.11
      0.67      0.26      0.15
      0.67      0.26     -0.80
      0.67      0.26     -0.80
     -0.29      0.26     -0.80
     -0.29      0.26     -0.80
     -0.29      0.26     -0.80
     -0.29      0.26     -0.80
     -0.29      0.26     -0.80
     -0.29     -0.69     -0.80
     -0.29     -0.69     -0.80
     -0.29     -0.69      0.15
     -0.29     -0.69      0.15
     -0.29     -0.69      0.15
     -0.29     -0.69      0.15
     -0.29      0.26      0.15
     -0.29      0.26      0.15
     -0.29      0.26     -0.80
     -0.29      0.26     -0.80
      0.67     -0.69     -0.80
      0.67     -0.69     -0.80
     -0.29     -0.69     -0.80
     -0.29      0.26      0.15
     -0.29      0.26      1.11
     -0.29      0.26      1.11
     -0.29      0.26      0.15
     -0.29      0.26     -0.80
     -0.29      0.26     -0.80
     -0.29      0.26     -0.80
     -0.29      0.26     -0.80
     -0.29      0.26     -0.80
     -0.29      0.26      0.15
     -0.29      0.26      0.15
     -0.29     -0.69      0.15
     -0.29     -0.69      0.15
     -0.29     -0.69      0.15
      0.67     -0.69      0.15
      0.67     -0.69      1.11
     -0.29      0.26      0.15
     -0.29      0.26      0.15
     -0.29      0.26      0.15
     -0.29      0.26      0.15
     -0.29      0.26     -0.80
     -0.29      0.26     -0.80
     -0.29      0.26     -0.80
     -0.29      0.26     -0.80
     -0.29      0.26      0.15
      0.67      0.26      0.15
      0.67      0.26     -0.80
      0.67      0.26     -0.80
      0.67      0.26     -0.80
     -0.29     -0.69     -0.80
     -0.29     -0.69     -0.80
     -0.29     -0.69      0.15
     -1.25     -0.69      0.15
     -1.25     -0.69      0.15
     -1.25     -0.69      0.15
     -0.29      0.26      0.15
     -0.29      0.26      0.15
     -0.29      0.26      0.15
      0.67      0.26      0.15
     -0.29      0.26     -0.80
     -0.29      0.26     -0.80
     -0.29      0.26     -0.80
     -0.29     -0.69      0.15
     -0.29     -0.69      0.15
     -0.29     -0.69      0.15
     -0.29      0.26      0.15
     -0.29      0.26      0.15
     -0.29      0.26     -0.80
     -0.29      0.26     -0.80
     -0.29      0.26     -0.80
     -0.29      0.26     -0.80
     -0.29      0.26      0.15
     -0.29     -0.69      0.15
     -0.29     -0.69      0.15
     -0.29     -0.69      0.15
     -0.29     -0.69     -0.80
     -0.29      0.26     -0.80
     -0.29      0.26     -0.80
      0.67      0.26     -0.80
      0.67      0.26     -0.80
      0.67      0.26     -0.80
      0.67      0.26     -0.80
      0.67      0.26     -0.80
      0.67      0.26      0.15
     -0.29      0.26      0.15
     -0.29      0.26     -0.80
     -0.29      0.26     -0.80
     -0.29      0.26     -0.80
     -0.29      0.26      0.15
     -0.29     -0.69      0.15
     -1.25     -0.69      0.15
     -1.25     -0.69      0.15
     -1.25      0.26      0.15
     -1.25      0.26      0.15
     -0.29      0.26     -0.80
      0.67     -0.69     -0.80
      0.67     -0.69     -0.80
      0.67      0.26     -0.80
      0.67      0.26     -0.80
     -0.29      0.26     -0.80
     -0.29      0.26      0.15
     -0.29      0.26      0.15
     -0.29      0.26      0.15
     -0.29      0.26     -0.80
     -0.29      0.26     -0.80
     -0.29      0.26     -0.80
     -0.29      0.26     -0.80
     -0.29     -0.69      0.15
     -0.29     -0.69      0.15
     -0.29      0.26      0.15
     -0.29      0.26      0.15
     -0.29      0.26      0.15
     -0.29      0.26      0.15
     -0.29      0.26      0.15
     -0.29      0.26     -0.80
     -0.29      0.26     -0.80
     -0.29      0.26      0.15
      0.67      0.26      0.15
      0.67      0.26      0.15
      0.67      0.26      0.15
      0.67     -0.69     -0.80
     -0.29     -0.69     -0.80
     -0.29     -0.69     -0.80
     -0.29     -0.69      0.15
     -0.29      0.26      0.15
     -0.29      0.26      0.15
     -0.29      0.26      0.15
     -0.29      0.26      0.15
     -0.29      0.26     -0.80
     -0.29      0.26     -0.80
     -0.29      0.26     -0.80
     -0.29      0.26     -0.80
     -0.29      0.26     -0.80
     -0.29      0.26     -0.80
     -0.29      0.26     -0.80
     -0.29      0.26      0.15
     -0.29      0.26      0.15
     -0.29      0.26      0.15
      0.67     -0.69      0.15
      0.67     -0.69      0.15
     -0.29     -0.69      0.15
     -0.29     -0.69      0.15
     -0.29     -0.69      0.15
     -0.29     -0.69      0.15
     -0.29      0.26     -0.80
     -0.29      0.26     -0.80
     -0.29      0.26      0.15
     -0.29      0.26      0.15
     -0.29      0.26      0.15
     -0.29      0.26      0.15
     -0.29      0.26     -0.80
     -0.29      0.26     -0.80
     -0.29      0.26     -0.80
     -0.29     -0.69     -0.80
     -0.29     -0.69     -0.80
     -0.29     -0.69     -0.80
     -0.29     -0.69     -0.80
     -0.29     -0.69     -0.80
     -0.29     -0.69     -0.80
     -0.29      0.26     -0.80
     -0.29      0.26     -0.80
      0.67      0.26      0.15
      0.67      0.26      0.15
     -0.29      0.26      0.15
     -0.29      0.26      0.15
     -0.29      0.26      0.15
     -0.29      0.26      0.15
     -0.29      0.26      0.15
     -0.29      0.26      0.15
     -0.29      0.26     -0.80
     -0.29     -0.69     -0.80
     -0.29     -0.69     -0.80
     -0.29     -0.69     -0.80
     -0.29     -0.69     -0.80
     -0.29     -0.69     -0.80
     -0.29     -0.69     -0.80
      0.67     -0.69      0.15
      0.67     -0.69      0.15
      0.67      0.26      0.15
      0.67      0.26     -0.80
      0.67      0.26     -0.80
     -0.29      0.26     -0.80
     -0.29      0.26      0.15
     -0.29      0.26      0.15
     -0.29      0.26      0.15
      0.67      0.26      0.15
      0.67     -0.69      0.15
      0.67     -0.69     -0.80
     -0.29     -0.69      0.15
     -0.29     -0.69      0.15
     -0.29     -0.69      0.15
     -0.29      0.26     -0.80
     -0.29      0.26      0.15
     -0.29      0.26     -0.80
     -0.29      0.26     -0.80
     -0.29      0.26     -0.80
     -0.29      0.26     -0.80
     -0.29      0.26     -0.80
     -0.29      0.26     -0.80
     -0.29      0.26     -0.80
     -0.29      0.26      0.15
     -0.29      0.26      0.15
     -0.29      0.26      0.15
     -0.29      0.26      0.15
     -0.29      0.26      0.15
     -0.29      0.26      0.15
     -0.29      0.26      0.15
     -0.29     -0.69     -0.80
     -0.29     -0.69     -0.80
     -0.29     -0.69     -0.80
     -0.29     -0.69     -0.80
     -0.29     -0.69     -0.80
     -0.29     -0.69     -0.80
      0.67      0.26     -0.80
      0.67      0.26     -0.80
      0.67      0.26     -0.80
      0.67      0.26      0.15
      0.67      0.26      0.15
      0.67      0.26      0.15
     -0.29      0.26      0.15
     -0.29      0.26      0.15
     -0.29      0.26      0.15
     -0.29     -0.69      0.15
     -0.29     -0.69      0.15
     -0.29     -0.69      0.15
     -0.29     -0.69      0.15
     -0.29      0.26      0.15
     -0.29      0.26      0.15
     -0.29      0.26      0.15
     -0.29      0.26      0.15
     -0.29      0.26      0.15
      0.67      0.26     -0.80
      0.67      0.26     -0.80
      0.67      0.26     -0.80
      0.67      0.26     -0.80
      0.67      0.26     -0.80
      0.67     -0.69     -0.80
      0.67     -0.69     -0.80
     -0.29      0.26     -0.80
     -0.29      0.26     -0.80
     -0.29      0.26     -0.80
     -0.29      0.26      0.15
     -0.29      0.26      0.15
     -0.29      0.26     -0.80
     -0.29      0.26     -0.80
     -0.29      0.26     -0.80
     -0.29     -0.69      0.15
     -0.29     -0.69      0.15
     -0.29     -0.69      0.15
     -0.29     -0.69      0.15
     -0.29     -0.69      0.15
     -0.29     -0.69      0.15
      0.67     -0.69     -0.80
      0.67      0.26     -0.80
     -0.29      0.26     -0.80
     -0.29      0.26     -0.80
     -0.29      0.26     -0.80
     -0.29      0.26     -0.80
     -0.29      0.26     -0.80
     -0.29      0.26     -0.80
     -0.29      0.26     -0.80
     -0.29      0.26     -0.80
     -0.29      0.26     -0.80
     -0.29      0.26     -0.80
     -1.25      0.26      0.15
     -1.25     -0.69      0.15
     -0.29     -0.69      0.15
     -0.29     -0.69      0.15
     -0.29     -0.69      1.11
      0.67     -0.69      1.11
      0.67     -0.69      1.11
     -0.29      0.26      0.15
     -0.29      0.26      0.15
      0.67      0.26      0.15
      0.67      0.26      0.15
      0.67      0.26     -0.80
      0.67      0.26     -0.80
      0.67      0.26     -0.80
     -0.29      0.26     -0.80
     -0.29      0.26     -0.80
     -0.29      0.26     -0.80
     -0.29      0.26     -0.80
     -0.29      0.26     -0.80
     -0.29      0.26     -0.80
     -0.29     -0.69     -0.80
     -0.29     -0.69     -0.80
     -0.29     -0.69     -0.80
     -0.29     -0.69     -0.80
     -0.29      0.26      0.15
     -0.29      0.26      0.15
     -0.29      0.26      0.15
     -0.29      0.26      0.15
     -0.29      0.26      0.15
     -0.29      0.26      0.15
     -0.29      0.26     -0.80
     -0.29      0.26     -0.80
     -0.29      0.26     -0.80
     -0.29     -0.69      0.15
     -0.29     -0.69     -0.80
     -0.29     -0.69     -0.80
     -0.29     -0.69      0.15
     -0.29     -0.69      0.15
     -0.29      0.26     -0.80
     -0.29      0.26     -0.80
      0.67      0.26     -0.80
     -0.29      0.26     -0.80
     -0.29      0.26     -0.80
     -0.29      0.26     -0.80
     -0.29      0.26      0.15
     -0.29      0.26      0.15
     -0.29     -0.69      0.15
     -0.29     -0.69      0.15
      0.67     -0.69      1.11
      0.67     -0.69      1.11
      0.67      0.26      0.15
      0.67      0.26      0.15
     -0.29      0.26     -0.80
     -0.29      0.26     -0.80
     -0.29      0.26     -0.80
     -0.29      0.26     -0.80
     -0.29      0.26     -0.80
     -0.29      0.26     -0.80
     -0.29      0.26     -0.80
     -0.29      0.26     -0.80
     -0.29      0.26     -0.80
     -0.29      0.26     -0.80
     -0.29     -0.69      0.15
     -0.29     -0.69      0.15
     -0.29      0.26     -0.80
     -0.29      0.26     -0.80
      0.67      0.26     -0.80
      0.67      0.26      0.15
      0.67     -0.69      0.15
      0.67     -0.69      0.15
      0.67      0.26     -0.80
     -0.29      0.26      0.15
     -0.29      0.26      0.15
     -0.29      0.26      1.11
     -0.29      0.26      1.11
     -0.29      0.26      0.15
     -0.29      0.26      0.15
     -0.29     -0.69     -0.80
     -0.29     -0.69      0.15
     -0.29     -0.69      0.15
     -0.29     -0.69      0.15
     -0.29     -0.69     -0.80
     -0.29      0.26     -0.80
     -0.29      0.26     -0.80
     -0.29      0.26     -0.80
      0.67      0.26     -0.80
      0.67      0.26     -0.80
     -0.29      0.26     -0.80
     -0.29      0.26     -0.80
      0.67      0.26      0.15
      0.67      0.26      0.15
     -0.29      0.26      0.15
     -0.29      0.26      0.15
     -0.29      0.26      1.11
     -0.29      0.26      0.15
     -0.29      0.26      0.15
     -0.29      0.26      0.15
     -0.29      0.26     -0.80
     -0.29      0.26     -0.80
      0.67      0.26     -0.80
      0.67     -0.69     -0.80
      0.67     -0.69     -0.80
      0.67      0.26     -0.80
      0.67      0.26     -0.80
     -0.29      0.26     -0.80
     -0.29      0.26      0.15
     -0.29      0.26      0.15
      0.67      0.26      0.15
      0.67      0.26     -0.80
      0.67      0.26     -0.80
     -0.29      0.26      0.15
     -0.29      0.26      0.15
     -0.29     -0.69      0.15
     -0.29     -0.69      1.11
     -0.29     -0.69      0.15
     -0.29     -0.69      0.15
     -0.29     -0.69      0.15
     -0.29      0.26     -0.80
     -0.29      0.26     -0.80
     -0.29      0.26     -0.80
     -0.29      0.26     -0.80
     -0.29      0.26     -0.80
     -0.29      0.26     -0.80
      0.67      0.26     -0.80
      0.67      0.26     -0.80
     -0.29      0.26     -0.80
     -0.29      0.26     -0.80
     -0.29      0.26     -0.80
     -0.29      0.26      0.15
     -0.29      0.26      0.15
     -0.29      0.26      0.15
     -0.29      0.26      0.15
      0.67     -0.69      0.15
      0.67     -0.69      0.15
     -0.29     -0.69      0.15
     -0.29     -0.69      0.15
     -0.29     -0.69      0.15
     -0.29      0.26      0.15
     -0.29      0.26      0.15
     -0.29      0.26      0.15
     -0.29      0.26      0.15
     -0.29      0.26     -0.80
     -0.29      0.26     -0.80
     -0.29      0.26     -0.80
      0.67      0.26     -0.80
      0.67      0.26     -0.80
      0.67      0.26     -0.80
     -0.29     -0.69     -0.80
     -0.29     -0.69     -0.80
      0.67     -0.69     -0.80
      0.67      0.26     -0.80
      0.67      0.26     -0.80
      0.67      0.26     -0.80
      0.67      0.26      0.15
     -0.29      0.26      0.15
     -0.29      0.26      0.15
     -0.29      0.26      0.15
     -1.25      0.26      0.15
     -1.25      0.26      0.15
     -1.25      0.26      0.15
     -1.25      0.26      0.15
     -0.29      0.26      0.15
     -0.29     -0.69      0.15
     -0.29     -0.69      0.15
      0.67     -0.69      0.15
      0.67     -0.69     -0.80
      0.67     -0.69     -0.80
      0.67     -0.69     -0.80
      0.67     -0.69     -0.80
      0.67     -0.69     -0.80
      0.67      0.26     -0.80
      0.67      0.26     -0.80
     -0.29      0.26     -0.80
     -0.29      0.26     -0.80
     -0.29      0.26     -0.80
     -1.25      0.26     -0.80
     -1.25      0.26      0.15
     -1.25      0.26      0.15
     -1.25      0.26      0.15
     -0.29      0.26      0.15
     -0.29      0.26      0.15
     -0.29      0.26      0.15
     -0.29      0.26      0.15
     -0.29      0.26      1.11
     -0.29      0.26      0.15
     -0.29     -0.69      0.15
     -0.29     -0.69     -0.80
     -0.29     -0.69     -0.80
     -0.29     -0.69     -0.80
      0.67      0.26     -0.80
      0.67      0.26     -0.80
      0.67      0.26     -0.80
     -0.29      0.26     -0.80
     -0.29      0.26     -0.80
     -0.29      0.26     -0.80
     -0.29      0.26     -0.80
     -0.29      0.26      0.15
     -0.29      0.26      0.15
     -0.29     -0.69      0.15
     -0.29     -0.69      0.15
     -0.29     -0.69      0.15
     -0.29     -0.69      0.15
      0.67     -0.69      0.15
      0.67      0.26      0.15
      0.67      0.26      0.15
     -0.29      0.26      0.15
     -0.29      0.26      0.15
     -0.29      0.26     -0.80
     -0.29      0.26     -0.80
     -0.29     -0.69     -0.80
     -0.29     -0.69     -0.80
     -0.29     -0.69     -0.80
     -0.29     -0.69     -0.80
     -0.29     -0.69      0.15
     -0.29      0.26      0.15
     -1.25      0.26      0.15
     -1.25      0.26      0.15
     -0.29      0.26     -0.80
     -0.29      0.26     -0.80
     -0.29      0.26     -0.80
      0.67      0.26     -0.80
      0.67      0.26      0.15
      0.67      0.26      0.15
      0.67      0.26      0.15
      0.67      0.26      0.15
     -0.29      0.26      0.15
     -0.29      0.26      0.15
     -0.29      0.26      0.15
     -0.29      0.26     -0.80
     -0.29      0.26     -0.80
     -0.29      0.26     -0.80
     -0.29      0.26     -0.80
      0.67      0.26      0.15
      0.67      0.26      0.15
     -0.29      0.26      0.15
     -0.29      0.26      0.15
     -0.29      0.26     -0.80
     -0.29      0.26     -0.80
     -0.29      0.26     -0.80
     -0.29     -0.69     -0.80
     -0.29      0.26     -0.80
     -0.29      0.26      0.15
     -0.29      0.26      0.15
     -0.29      0.26      0.15
     -0.29      0.26      0.15
     -0.29      0.26      0.15
     -0.29      0.26      0.15
     -0.29      0.26      0.15
     -0.29      0.26      0.15
     -0.29      0.26      0.15
     -0.29      0.26      0.15
     -0.29      0.26      0.15
     -0.29      0.26      0.15
     -0.29      0.26      0.15
     -0.29      0.26     -0.80
     -0.29      0.26     -0.80
     -0.29      0.26     -0.80
     -0.29      0.26     -0.80
     -0.29      0.26     -0.80
     -0.29      0.26     -0.80
     -0.29      0.26     -0.80
     -0.29      0.26     -0.80
     -0.29      0.26     -0.80
     -0.29      0.26     -0.80
      0.67      0.26     -0.80
      0.67     -0.69     -0.80
      0.67     -0.69     -0.80
      0.67     -0.69      0.15
     -0.29     -0.69      0.15
     -0.29      0.26      0.15
     -0.29     -0.69      0.15
     -0.29      0.26      0.15
     -0.29      0.26      0.15
     -0.29      0.26      0.15
     -0.29      0.26      0.15
     -0.29      0.26     -0.80
     -0.29      0.26     -0.80
     -0.29      0.26     -0.80
     -0.29      0.26     -0.80
     -0.29      0.26     -0.80
     -0.29      0.26     -0.80
     -0.29      0.26     -0.80
     -0.29     -0.69     -0.80
     -0.29     -0.69     -0.80
     -0.29     -0.69      0.15
     -0.29     -0.69      0.15
     -0.29      0.26      0.15
     -0.29      0.26      0.15
     -0.29      0.26      0.15
     -0.29      0.26      0.15
      0.67      0.26      0.15
      0.67      0.26      0.15
      0.67      0.26      0.15
      0.67      0.26     -0.80
     -0.29      0.26     -0.80
     -0.29      0.26     -0.80
     -0.29      0.26     -0.80
     -0.29      0.26     -0.80
     -0.29      0.26     -0.80
     -0.29      0.26     -0.80
     -0.29      0.26     -0.80
     -0.29      0.26     -0.80
     -1.25      0.26     -0.80
     -0.29      0.26     -0.80
     -0.29      0.26      0.15
      0.67      0.26      0.15
      0.67      0.26      0.15
      0.67      0.26      0.15
      0.67      0.26      0.15
      0.67      0.26      0.15
     -0.29      0.26      0.15
     -0.29      0.26      0.15
     -0.29      0.26      0.15
      0.67      0.26      0.15
     -0.29     -0.69      0.15
     -0.29     -0.69      0.15
     -0.29     -0.69      0.15
     -0.29     -0.69     -0.80
     -0.29      0.26     -0.80
     -1.25      0.26      0.15
     -0.29      0.26      0.15
     -0.29      0.26      0.15
     -0.29      0.26      0.15
     -0.29      0.26     -0.80
     -0.29      0.26     -0.80
     -0.29     -0.69     -0.80
      0.67     -0.69     -0.80
      0.67     -0.69     -0.80
      0.67     -0.69     -0.80
      0.67     -0.69     -0.80
      0.67     -0.69     -0.80
      0.67     -0.69     -0.80
     -0.29      0.26     -0.80
     -0.29      0.26     -0.80
     -0.29      0.26     -0.80
     -0.29      0.26     -0.80
     -0.29      0.26     -0.80
     -0.29      0.26      0.15
     -0.29      0.26      0.15
     -0.29      0.26      0.15
     -0.29      0.26     -0.80
     -0.29     -0.69     -0.80
     -1.25     -0.69      0.15
     -0.29     -0.69      0.15
     -0.29     -0.69      0.15
     -0.29     -0.69      0.15
      0.67     -0.69      0.15
      0.67     -0.69     -0.80
      0.67     -0.69     -0.80
      0.67      0.26      0.15
      0.67      0.26      0.15
      0.67      0.26      0.15
      0.67      0.26      0.15
      0.67      0.26      0.15
      0.67      0.26      0.15
     -0.29      0.26     -0.80
     -0.29      0.26     -0.80
     -0.29      0.26     -0.80
     -0.29     -0.69      0.15
     -0.29     -0.69      0.15
     -0.29     -0.69      0.15
     -0.29     -0.69     -0.80
     -0.29     -0.69     -0.80
     -0.29     -0.69     -0.80
     -0.29      0.26     -0.80
     -0.29      0.26     -0.80
     -0.29      0.26     -0.80
     -0.29      0.26     -0.80
     -0.29      0.26     -0.80
     -0.29      0.26     -0.80
      0.67      0.26      0.15
      0.67      0.26      0.15
      0.67      0.26      1.11
      0.67      0.26      1.11
      0.67     -0.69      1.11
     -0.29     -0.69      1.11
     -0.29     -0.69      0.15
     -0.29     -0.69     -0.80
     -0.29     -0.69     -0.80
     -0.29     -0.69     -0.80
     -0.29     -0.69     -0.80
     -1.25      0.26     -0.80
     -1.25      0.26     -0.80
     -1.25      0.26     -0.80
     -0.29      0.26     -0.80
     -0.29      0.26     -0.80
      0.67      0.26     -0.80
      0.67      0.26     -0.80
      0.67     -0.69     -0.80
      0.67     -0.69      0.15
     -0.29     -0.69      1.11
     -0.29     -0.69      1.11
     -0.29     -0.69      1.11
     -0.29     -0.69      1.11
     -0.29     -0.69      0.15
     -0.29      0.26      0.15
     -0.29      0.26      0.15
     -0.29      0.26     -0.80
     -0.29      0.26     -0.80
     -0.29      0.26     -0.80
     -0.29      0.26     -0.80
     -0.29      0.26     -0.80
     -0.29      0.26     -0.80
     -0.29     -0.69     -0.80
     -0.29     -0.69     -0.80
     -0.29      0.26     -0.80
     -0.29      0.26     -0.80
     -0.29     -0.69     -0.80
      0.67     -0.69      0.15
      0.67     -0.69     -0.80
      0.67      0.26     -0.80
     -0.29      0.26     -0.80
     -0.29      0.26      0.15
     -0.29      0.26      0.15
     -0.29      0.26      0.15
     -0.29      0.26      0.15
     -0.29      0.26      0.15
     -0.29      0.26      0.15
     -0.29      0.26      0.15
     -0.29      0.26      0.15
     -0.29      0.26      0.15
     -0.29     -0.69      0.15
     -0.29     -0.69     -0.80
     -0.29     -0.69     -0.80
     -0.29     -0.69     -0.80
     -0.29      0.26     -0.80
     -0.29      0.26     -0.80
     -0.29      0.26     -0.80
     -0.29      0.26     -0.80
     -0.29      0.26     -0.80
     -0.29      0.26     -0.80
     -0.29      0.26     -0.80
     -0.29      0.26      0.15
     -0.29     -0.69      0.15
     -0.29     -0.69     -0.80
     -0.29     -0.69     -0.80
     -0.29      0.26     -0.80
     -0.29      0.26     -0.80
     -0.29      0.26      0.15
     -0.29      0.26      0.15
     -0.29      0.26      0.15
     -0.29      0.26      0.15
     -1.25     -0.69      0.15
     -1.25      0.26     -0.80
     -1.25     -0.69     -0.80
     -0.29     -0.69      0.15
     -0.29     -0.69      0.15
     -0.29      0.26      0.15
     -0.29      0.26      0.15
     -0.29      0.26     -0.80
     -0.29      0.26     -0.80
      0.67      0.26     -0.80
      0.67      0.26     -0.80
      0.67      0.26     -0.80
      0.67      0.26     -0.80
      0.67      0.26     -0.80
      0.67      0.26     -0.80
     -0.29      0.26     -0.80
     -0.29      0.26     -0.80
     -0.29      0.26     -0.80
     -0.29      0.26     -0.80
     -0.29      0.26     -0.80
     -0.29      0.26      0.15
     -0.29      0.26      0.15
     -0.29      0.26     -0.80
     -0.29     -0.69     -0.80
     -0.29     -0.69     -0.80
     -0.29     -0.69     -0.80
     -0.29     -0.69      0.15
     -0.29     -0.69      0.15
      0.67     -0.69      0.15
      0.67      0.26      0.15
      0.67      0.26     -0.80
     -0.29      0.26     -0.80
     -0.29      0.26     -0.80
     -0.29      0.26     -0.80
     -0.29      0.26     -0.80
     -0.29      0.26     -0.80
     -0.29      0.26     -0.80
     -0.29      0.26     -0.80
     -0.29      0.26      0.15
     -0.29      0.26      0.15
     -0.29      0.26     -0.80
     -0.29      0.26     -0.80
      0.67      0.26     -0.80
      0.67     -0.69     -0.80
      0.67     -0.69     -0.80
     -0.29      0.26     -0.80
     -0.29      0.26      0.15
     -0.29      0.26      0.15
     -0.29      0.26      0.15
     -0.29      0.26      0.15
     -0.29      0.26      0.15
     -0.29      0.26      0.15
     -0.29      0.26      0.15
     -0.29      0.26      0.15
     -0.29      0.26      0.15
     -0.29     -0.69      0.15
     -0.29     -0.69     -0.80
     -0.29     -0.69     -0.80
     -0.29     -0.69     -0.80
     -0.29     -0.69     -0.80
     -0.29     -0.69     -0.80
     -0.29      0.26      0.15
     -0.29      0.26      0.15
     -0.29      0.26     -0.80
     -0.29      0.26     -0.80
     -0.29      0.26     -0.80
      0.67      0.26      0.15
      0.67      0.26      0.15
      0.67     -0.69     -0.80
     -0.29     -0.69     -0.80
     -0.29     -0.69      0.15
     -0.29     -0.69      0.15
     -0.29     -0.69      0.15
     -0.29     -0.69      0.15
     -0.29      0.26      0.15
     -0.29      0.26      0.15
     -0.29      0.26      0.15
     -0.29      0.26      0.15
     -0.29      0.26      0.15
     -0.29      0.26     -0.80
     -0.29      0.26     -0.80
     -0.29      0.26     -0.80
     -0.29      0.26     -0.80
     -0.29      0.26     -0.80
     -0.29      0.26      0.15
      0.67      0.26      0.15
      0.67      0.26     -0.80
     -0.29      0.26     -0.80
     -0.29      0.26     -0.80
     -0.29      0.26      0.15
     -0.29      0.26      0.15
     -0.29      0.26      0.15
     -0.29      0.26      0.15
     -0.29     -0.69      0.15
     -0.29     -0.69      0.15
     -0.29     -0.69      0.15
     -0.29      0.26      0.15
     -0.29      0.26      0.15
     -0.29      0.26      0.15
     -0.29      0.26     -0.80
     -0.29     -0.69     -0.80
     -0.29      0.26     -0.80
     -0.29      0.26     -0.80
     -0.29      0.26     -0.80
     -0.29      0.26     -0.80
     -0.29      0.26     -0.80
     -0.29      0.26     -0.80
     -0.29      0.26     -0.80
     -0.29      0.26     -0.80
     -0.29      0.26     -0.80
     -0.29     -0.69     -0.80
     -0.29     -0.69     -0.80
     -0.29      0.26      0.15
     -0.29      0.26      0.15
     -0.29      0.26      0.15
     -0.29      0.26      0.15
     -0.29      0.26      0.15
     -0.29      0.26      0.15
     -0.29      0.26      0.15
     -0.29      0.26     -0.80
     -0.29      0.26     -0.80
      0.67      0.26     -0.80
      0.67     -0.69      0.15
      0.67     -0.69      0.15
      0.67     -0.69      0.15
      0.67     -0.69      0.15
     -0.29     -0.69      0.15
     -0.29      0.26      0.15
     -0.29      0.26     -0.80
     -0.29      0.26     -0.80
     -0.29      0.26     -0.80
     -0.29      0.26     -0.80
     -0.29      0.26     -0.80
     -0.29      0.26     -0.80
     -0.29      0.26     -0.80
     -0.29      0.26     -0.80
     -0.29      0.26     -0.80
     -0.29      0.26     -0.80
     -0.29     -0.69     -0.80
     -0.29     -0.69     -0.80
     -0.29     -0.69     -0.80
     -0.29     -0.69     -0.80
     -0.29     -0.69     -0.80
     -0.29     -0.69     -0.80
      0.67      0.26      0.15
      0.67      0.26      0.15
      0.67      0.26      0.15
      0.67      0.26      0.15
      0.67      0.26      0.15
      0.67      0.26      0.15
      0.67      0.26      0.15
     -0.29      0.26     -0.80
     -0.29     -0.69     -0.80
     -0.29     -0.69     -0.80
     -0.29     -0.69     -0.80
     -0.29     -0.69     -0.80
     -0.29     -0.69     -0.80
     -0.29     -0.69     -0.80
     -0.29      0.26      0.15
     -0.29      0.26      0.15
     -0.29      0.26      0.15
     -0.29      0.26      0.15
     -0.29      0.26      0.15
     -0.29      0.26      0.15
      0.67      0.26      0.15
      0.67      0.26      0.15
      0.67      0.26      0.15
     -0.29     -0.69      0.15
     -0.29     -0.69      0.15
     -0.29      0.26      0.15
     -0.29      0.26      0.15
     -0.29      0.26      0.15
     -0.29      0.26     -0.80
      0.67      0.26     -0.80
      0.67      0.26     -0.80
     -0.29      0.26     -0.80
     -0.29      0.26     -0.80
     -0.29      0.26     -0.80
     -0.29      0.26     -0.80
     -0.29      0.26     -0.80
     -0.29      0.26     -0.80
     -0.29      0.26     -0.80
     -0.29      0.26      0.15
     -0.29      0.26      0.15
     -0.29      0.26      0.15
     -0.29      0.26      0.15
     -0.29     -0.69      0.15
      0.67     -0.69      0.15
      0.67     -0.69      0.15
      0.67     -0.69      0.15
      0.67     -0.69      1.11
      0.67     -0.69      1.11
      0.67      0.26      0.15
     -0.29      0.26      0.15
     -0.29      0.26     -0.80
     -0.29      0.26     -0.80
     -0.29      0.26     -0.80
     -0.29      0.26     -0.80
     -0.29      0.26     -0.80
     -0.29      0.26      0.15
     -0.29      0.26      0.15
     -0.29      0.26     -0.80
     -0.29      0.26     -0.80
     -1.25      0.26     -0.80
     -0.29      0.26     -0.80
     -0.29      0.26     -0.80
     -0.29      0.26     -0.80
     -0.29      0.26     -0.80
      0.67      0.26      0.15
      0.67      0.26      0.15
      0.67      0.26      0.15
      0.67      0.26      0.15
      0.67      0.26     -0.80
     -0.29      0.26      0.15
     -0.29      0.26      0.15
     -0.29      0.26      1.11
     -0.29     -0.69      0.15
     -0.29     -0.69      0.15
     -0.29     -0.69      0.15
     -0.29     -0.69      0.15
     -0.29     -0.69     -0.80
     -1.25      0.26     -0.80
     -1.25      0.26     -0.80
     -0.29      0.26     -0.80
     -0.29      0.26     -0.80
     -0.29      0.26     -0.80
      0.67      0.26     -0.80
      0.67      0.26     -0.80
      0.67      0.26     -0.80
      0.67      0.26     -0.80
      0.67     -0.69     -0.80
      0.67     -0.69      0.15
      0.67     -0.69      0.15
      0.67     -0.69      0.15
     -0.29     -0.69      0.15
     -0.29     -0.69      0.15
     -0.29      0.26     -0.80
     -0.29      0.26      0.15
     -0.29      0.26      0.15
     -0.29      0.26      1.11
     -0.29      0.26      1.11
     -0.29      0.26      1.11
     -0.29      0.26      0.15
     -0.29      0.26     -0.80
     -0.29      0.26     -0.80
     -0.29      0.26     -0.80
     -0.29      0.26     -0.80
     -0.29      0.26     -0.80
     -0.29      0.26     -0.80
     -0.29      0.26     -0.80
     -0.29      0.26     -0.80
     -0.29      0.26     -0.80
     -0.29      0.26     -0.80
      0.67      0.26     -0.80
      0.67      0.26     -0.80
      0.67      0.26      0.15
      0.67     -0.69      0.15
      0.67     -0.69      0.15
      0.67     -0.69      0.15
     -0.29     -0.69      0.15
     -0.29     -0.69      0.15
     -0.29      0.26      0.15
     -0.29      0.26      0.15
     -0.29      0.26      0.15
     -0.29      0.26      0.15
     -0.29      0.26     -0.80
     -0.29      0.26     -0.80
     -0.29      0.26     -0.80
     -0.29      0.26      0.15
     -0.29      0.26      0.15
     -0.29     -0.69     -0.80
     -0.29     -0.69     -0.80
     -0.29     -0.69     -0.80
     -0.29     -0.69     -0.80
     -0.29     -0.69     -0.80
