********************************************************************************
                       INSTITUTO DE INGENIERIA, UNAM
                   Coordinacion de Instrumentacion Sismica
  Ciudad Universitaria, Apartado Postal 70-472, Coyoacan 04510, Mexico, D.F.
 Tel.(52-5)622-3414    Fax.(52-5)616-1514    e-mail: isismica@pumas.iingen.unam.mx
**************************************************************************************
ARCHIVO ESTANDAR DE ACELERACION:
VERSION DEL FORMATO                    : 2.0
NOMBRE DEL ARCHIVO                     : SCT28904.251
FECHA Y HORA DE CREACION               : Mon Mar 23 18:56:32 1998
REF. CATALOGO ACELEROGRAMAS, SMIS 1995 : REGISTRO No. 1497 /PAG. 156


================================================================================
DATOS DE LA ESTACION:
NOMBRE DE LA ESTACION                  : SCT B-2.
CLAVE DE LA ESTACION                   : SCT2
LOCALIZACION DE LA ESTACION            : Estacionamiento en el Edificio de SCT,
                                       : Avenida Universidad entre Cumbres de
                                       : Maltrata y Xola, Col. Narvarte,
                                       : Mexico D.F.
                                       :
COORDENADAS DE LA ESTACION             : 19.394694 LAT. N
                                       : 99.148678 LONG. W
ALTITUD (msnm)                         : 2240
TIPO DE SUELO                          : ARCILLA
                                       : 
                                       : 
INSTITUCION RESPONSABLE                : INSTITUTO DE INGENIERIA UNAM
                                       :

================================================================================
DATOS DEL ACELEROGRAFO: 
MODELO DEL ACELEROGRAFO                : DCA-333
NUMERO DE SERIE DEL ACELEROGRAFO       : 169
NUMERO DE CANALES                      : 3
ORIENTACION C1-C6 (rumbo;orientacion)  : /V/N90E/N00E
ORIENTACION C7-C12 (rumbo;orientacion) :
VEL. DE MUESTREO, C1-C6 (muestras/s)   : /100/100/100
VEL. DE MUESTREO, C7-C12 (muestras/s)  :
ESC. COMPLETA DE SENSORES, C1-C6, (g)  : /1/1/1
ESC. COMPLETA DE SENSORES, C7-C12 (g)  :
FREC. NAT. DE SENSORES, C1-C6, (Hz)    : /30/30/30
FREC. NAT. DE SENSORES, C7-C12 (Hz)    :
AMORTIGUAMIENTO DE SENSORES, C1-C6     : /0.70/0.70/0.70
AMORTIGUAMIENTO DE SENSORES, C7-C12    :
INTERVALO DE MUESTREO, C1-C6 (s)       : /0.01/0.01/0.01
INTERVALO DE MUESTREO, C7-C12 (s)      :
UMBRAL DE DISPARO, C1-C6 (Gal)         : /3/3/3
UMBRAL DE DISPARO, C7-C12 (Gal)        :
MEMORIA DE PREEVENTO (s)               : 4
TIEMPO DE POSEVENTO (s)                : 15


================================================================================
DATOS DEL SISMO:
FECHA DEL SISMO [GMT]                  : 1989/04/25
HORA EPICENTRO (GMT)                   : 14:29:00.4
MAGNITUD(ES)                           : /Mb=6.30/Ms=6.90/Mc=6.50
COORDENADAS DEL EPICENTRO              : 16.603 LAT. N 
                                       : 99.400 LONG. W 
PROFUNDIDAD FOCAL (km)                 : 19 
FUENTES DE LOS DATOS EPICENTRALES      : INSTITUTO DE INGENIERIA UNAM
                                       : 

================================================================================
DATOS DE ESTE REGISTRO:
HORA DE LA PRIMERA MUESTRA (GMT)       : 14:30:02.00
EXACTITUD DEL TIEMPO (s)               : 1.00
DURACION DEL REGISTRO (s), C1-C6       : /160.63/160.63/160.63                   
DURACION DEL REGISTRO (s), C7-C12      : 
NUM. TOTAL DE MUESTRAS, C1-C6          : /16063/16063/16063                    
NUM. TOTAL DE MUESTRAS, C7-C12         : 
ACEL. MAX.(Gal), C1-C6                 : /-19.27/-39.98/37.51                  
ACEL. MAX., C1-C6, EN LA MUESTRA       : /3518/5846/6045                       
ACEL. MAX.(Gal), C7-C12                : 
ACEL. MAX., C7-C12,EN LA MUESTRA       : 
UNIDADES DE LOS DATOS                  : Gal (cm/s/s)
FACTOR DE DECIMACION                   : 1
FORMATO DATOS (FORTRAN,10 campos/dato) : 3F10.2


================================================================================
CALIDAD DEL ACELEROGRAMA:
REGISTRO DIGITAL COMPLETO, CON TIEMPO ABSOLUTO CORRECTO.


===============================================================================
COMENTARIOS:














===============================================================================
DATOS DE ACELERACION:
---------+---------+---------+---------+---------+---------+---------+---------+
   CANAL-1   CANAL-2   CANAL-3
         V      N90E      N00E
---------+---------+---------+---------+---------+---------+---------+---------+
     -0.13     -0.26      0.67
     -0.61     -0.26      1.14
     -0.61      0.22      1.14
     -0.61      0.22      0.67
     -0.13      0.22      0.67
     -0.13      0.22      0.19
     -0.13     -0.26      0.19
     -0.61      0.22      0.19
     -0.61      0.22      0.67
     -0.61      0.22      0.67
     -1.09     -0.26      0.19
     -0.61     -0.26      0.19
     -0.61     -0.26      0.19
     -0.61     -0.26      0.19
     -0.61     -0.74      0.19
     -1.09      0.22      0.19
     -1.09      0.22      0.19
     -0.61      0.22      0.19
     -0.61      0.22     -0.77
     -0.61      0.22     -0.77
     -0.61     -0.26     -0.77
     -0.61      0.22     -0.29
     -1.09      0.22     -0.77
     -1.09      0.22     -0.77
     -0.61      0.22     -0.77
     -0.61      0.22     -0.77
     -0.13      0.22     -0.77
     -0.13      0.22     -0.77
      0.35      0.22     -0.29
      0.35      0.22     -0.29
      0.35      0.22     -0.77
      0.35     -0.26     -0.77
     -0.13     -0.26     -0.77
     -0.13     -0.26     -0.77
     -0.13     -0.26     -0.77
     -0.61      0.22     -0.29
     -0.61      0.22     -0.29
     -0.13      0.22     -0.77
     -0.13      0.22     -0.77
     -0.13     -0.26     -0.77
     -0.13     -0.74     -0.77
     -0.13     -0.74     -0.29
     -0.61     -0.26      0.19
     -0.13      0.22      0.19
      0.35      0.22     -0.29
      0.35     -0.26     -0.29
      0.83     -0.74     -0.77
      0.35     -1.22     -0.77
     -0.13     -0.74     -0.29
     -0.13     -0.26     -0.29
     -0.13      0.22     -0.77
      0.35      0.22     -1.25
      0.35      0.22     -1.73
      0.35      0.22     -1.73
      0.35      0.22     -1.73
      0.35      0.70     -1.73
      0.35      0.22     -1.25
      0.35      0.22     -1.25
      0.83      0.22     -1.25
      0.83     -0.26     -1.25
      0.83      0.22     -1.25
      0.83      0.22     -1.25
      0.35      0.22     -1.25
      0.35      0.22     -0.77
      0.35      0.22     -0.77
      0.83      0.70     -0.77
      1.31      0.22     -1.25
      1.31      0.22     -1.25
      1.31      0.22     -1.25
      1.31      0.22     -1.25
      1.31      0.70     -1.25
      1.31      0.22     -1.73
      1.31      0.22     -1.73
      1.31      0.22     -1.73
      1.31      0.22     -2.21
      0.83      0.70     -1.73
      1.31      0.70     -1.73
      0.83      0.70     -1.25
      0.83      0.22     -1.25
      0.83      0.22     -1.25
      0.35      0.22     -1.25
      0.35      0.22     -0.77
     -0.13      0.22     -0.77
     -0.13      0.22     -0.77
      0.35      0.22     -0.77
     -0.13      0.22     -0.77
      0.35      0.22     -0.77
      0.35     -0.26     -0.77
      0.35      0.22     -1.25
      0.35      0.22     -1.73
     -0.13      0.22     -1.73
     -0.13      0.22     -2.21
     -0.13      0.22     -2.21
     -0.13      0.22     -2.21
     -0.13      0.22     -2.68
     -0.13      0.22     -2.21
     -0.13      0.22     -2.21
     -0.13      0.70     -1.73
     -0.13      0.70     -2.21
     -0.13      0.70     -1.73
     -0.13      0.70     -1.73
     -0.13      0.70     -1.73
     -0.13      0.70     -1.25
     -0.13      0.22     -1.25
     -0.13      0.22     -0.77
     -0.61      0.22     -0.77
     -0.61      0.22     -0.29
     -0.61      0.22     -0.29
     -1.09      0.22      0.19
     -1.09      0.22     -0.29
     -1.09      0.22      0.19
     -1.09      0.22      0.19
     -1.09      0.22      0.19
     -1.09      0.22      0.19
     -1.09      0.22      0.19
     -1.09      0.22      0.19
     -1.09      0.22      0.67
     -1.09     -0.26      0.67
     -1.09     -0.26      0.67
     -1.09     -0.26      0.19
     -1.09     -0.26      0.19
     -1.09     -0.74      0.19
     -0.61     -0.26      0.19
     -1.09     -0.26      0.19
     -1.09     -0.74      0.19
     -1.09     -0.74      0.19
     -1.09     -0.74      0.19
     -1.09     -0.26      0.19
     -1.09     -0.26      0.19
     -1.09     -0.26      0.67
     -1.09     -0.26      0.67
     -1.09     -0.74      0.67
     -0.61     -0.26      1.14
     -0.13     -0.26      1.14
      0.35     -0.26      1.62
      0.83     -0.26      1.62
      0.35     -0.26      1.62
      0.83     -0.26      1.62
      0.83     -0.26      1.14
      0.83     -0.26      1.14
      0.83     -0.26      1.62
      0.83      0.22      1.62
      0.83      0.22      1.62
      0.83      0.22      1.62
      0.83      0.22      1.62
      0.83      0.22      1.62
      0.83      0.22      1.62
      1.31      0.70      1.62
      1.31      0.70      1.62
      1.31      0.70      1.62
      1.31      0.70      1.14
      1.31      0.70      1.62
      1.31      0.70      1.14
      1.31      0.70      1.14
      1.31      0.22      1.14
      1.31      0.22      1.14
      0.83      0.22      1.14
      0.35     -0.26      1.14
      0.83     -0.26      1.14
      0.35     -0.74      0.67
      0.35     -0.74      1.14
     -0.13     -0.74      0.67
     -0.13     -0.74      1.14
     -0.61     -0.74      1.14
     -0.13     -0.74      1.14
     -0.13     -0.74      1.14
     -0.13     -0.74      1.14
     -0.13     -0.26      1.14
     -0.13     -0.26      1.62
     -0.13     -0.26      1.62
     -0.13     -0.26      1.62
     -0.13     -0.26      1.62
     -0.61     -0.26      1.62
     -0.13      0.22      2.10
     -0.13      0.22      1.62
     -0.61     -0.26      1.62
     -0.61     -0.26      1.62
     -0.13     -0.26      2.10
     -0.61     -0.26      1.62
     -0.61     -0.26      2.10
     -0.61     -0.26      2.10
     -0.13     -0.26      1.62
     -0.13     -0.74      1.62
     -0.13     -0.26      1.62
     -0.13     -0.74      1.62
      0.35     -0.26      1.62
      0.35     -0.26      1.14
      0.83     -0.26      1.14
      0.83     -0.26      1.14
      0.35     -0.26      1.14
      0.35     -0.74      0.67
      0.35     -0.74      0.19
      0.35     -0.26      0.19
     -0.13     -0.74      0.19
     -0.13     -0.26      0.19
     -0.13     -0.26      0.19
      0.35      0.22     -0.29
     -0.13     -0.26     -0.29
     -0.13      0.22     -0.29
      0.35      0.22     -0.77
     -0.13      0.22     -0.77
     -0.13      0.22     -0.29
     -0.13      0.22     -0.29
     -0.13      0.22     -0.29
     -0.13      0.22     -0.29
     -0.13      0.22      0.19
     -0.13      0.22     -0.29
     -0.13      0.22      0.19
     -0.13      0.22     -0.29
     -0.13      0.22     -0.29
     -0.61      0.22     -0.29
     -0.61      0.22     -0.29
     -0.61      0.22     -0.77
     -0.61      0.22     -0.77
     -0.13      0.22     -0.77
     -0.61     -0.26     -0.77
     -0.61     -0.26     -1.25
     -0.61     -0.26     -1.25
     -0.61     -0.26     -1.25
     -0.61     -0.26     -1.25
     -0.61     -0.26     -1.25
     -0.61     -0.26     -1.25
     -1.09     -0.74     -1.25
     -0.61     -0.26     -1.25
     -0.61     -0.26     -1.25
     -0.61     -0.26     -1.25
     -0.13     -0.26     -0.77
     -0.61     -0.26     -0.77
     -0.13     -0.26     -0.29
      0.35     -0.26      0.19
     -0.13     -0.26      0.19
      0.35      0.22      0.19
     -0.13      0.22      0.19
     -0.13      0.22      0.19
     -0.13     -0.26      0.19
     -0.13     -0.26      0.19
     -0.13      0.22      0.19
     -0.61     -0.26      0.19
     -0.61     -0.74      0.19
     -0.61     -0.74      0.19
     -0.61     -0.74      0.19
     -1.09     -0.74     -0.29
     -1.09     -0.74      0.19
     -1.09     -0.74      0.19
     -1.09     -0.74      0.19
     -1.09     -0.74      0.19
     -1.09     -0.74      0.19
     -1.09     -0.26      0.19
     -1.09     -1.22      0.19
     -1.09     -0.26      0.19
     -1.09     -0.26      0.19
     -1.09     -0.26      0.19
     -1.09      0.22      0.19
     -1.09      0.22      0.19
     -1.09      0.22      0.19
     -0.61      0.22      0.67
     -0.61      0.22      0.19
     -0.13      0.22      0.19
     -0.13      0.22      0.67
      0.35      0.22      0.67
      0.35      0.22      0.67
      0.83      0.22      0.19
      0.83      0.22      0.19
      1.31      0.22      0.19
      1.31      0.22     -0.29
      1.78      0.22     -0.29
      2.26      0.22     -0.77
      2.26      0.22     -1.25
      2.26      0.70     -1.25
      2.26      0.22     -1.25
      2.26      0.22     -1.73
      2.26      0.22     -2.21
      2.26      0.22     -2.21
      2.26      0.22     -2.21
      2.26      0.22     -1.73
      2.26      0.22     -1.73
      2.26      0.22     -2.21
      1.78      0.22     -2.21
      1.78      0.22     -2.21
      2.26      0.22     -2.21
      2.26      0.22     -2.21
      1.78      0.22     -2.21
      1.78      0.22     -2.21
      1.78      0.22     -2.21
      2.26      0.22     -2.21
      1.78      0.22     -2.21
      1.78      0.22     -2.21
      1.78      0.22     -2.21
      1.78      0.22     -2.21
      1.31      0.70     -1.73
      1.31      0.22     -1.73
      1.78      0.22     -1.73
      1.31      0.22     -1.25
      1.78      0.22     -1.25
      0.83      0.22     -1.25
      0.83      0.70     -1.25
      0.35      0.70     -1.73
      0.35      0.70     -1.73
     -0.13      0.22     -1.73
     -0.61      0.22     -1.73
     -0.61      0.22     -1.73
     -0.61      0.22     -1.73
     -1.09      0.70     -1.73
     -0.61      0.70     -1.73
     -1.09      0.70     -1.73
     -0.61      0.70     -1.25
     -0.61      0.70     -1.25
     -0.61      0.70     -0.77
     -0.61      1.18     -0.29
     -0.61      0.70     -0.77
     -1.09      0.70      0.19
     -0.61      0.70      0.19
     -0.61      0.70      0.19
     -0.61      0.70      0.19
     -0.61      0.70      0.19
     -0.61      0.22      0.19
     -1.09      0.22      0.19
     -0.61      0.22      0.19
     -0.61      0.22      0.19
     -0.13      0.22      0.19
     -0.61      0.22     -0.29
     -0.13      0.22     -0.29
     -0.13      0.70      0.19
     -0.13      0.70      0.19
      0.35      0.70     -0.29
      0.35      0.70     -0.29
      0.35      0.22     -0.29
      0.83      0.22     -0.29
      0.83      0.22      0.19
      0.83      0.22      0.19
      1.31      0.22      0.19
      1.31     -0.26      0.19
      1.31      0.22      0.19
      1.31     -0.26      0.67
      1.31     -0.74      0.67
      1.31     -0.74      1.14
      0.83     -0.74      1.14
      1.31     -0.74      1.14
      0.83     -0.74      1.14
      0.35     -0.74      1.14
     -0.13     -0.26      1.14
     -0.13     -0.26      1.14
     -0.61     -0.26      1.14
     -0.61     -0.26      1.14
     -0.61      0.22      1.14
     -0.61      0.22      1.14
     -0.61      0.22      0.67
     -0.61     -0.26      0.19
     -0.61     -0.26      0.19
     -1.09     -0.26      0.19
     -0.61     -1.22      0.19
     -0.61     -0.26      0.19
     -1.09     -0.74      0.19
     -0.61     -0.26      0.19
     -0.61     -0.26      0.19
     -0.61     -0.74      0.67
     -0.61     -0.74      0.67
     -0.61     -0.74      1.14
     -0.61     -0.74      1.14
     -1.09     -0.74      1.14
     -1.09     -0.74      1.62
     -1.09     -0.74      1.62
     -1.09     -0.74      2.10
     -1.09     -0.74      2.10
     -1.09     -0.74      2.10
     -1.09     -1.22      2.58
     -1.57     -0.74      2.58
     -1.57     -0.74      3.06
     -1.57     -0.74      3.06
     -1.09     -0.74      3.06
     -1.57     -0.74      3.54
     -1.09     -0.74      3.54
     -1.09     -0.74      3.54
     -1.09     -0.74      3.54
     -1.09     -0.74      3.54
     -1.09     -0.74      3.54
     -0.61     -0.74      3.54
     -0.61     -0.74      2.58
     -0.61     -0.74      3.54
     -0.61     -0.74      3.54
     -0.13     -0.74      3.54
     -0.13     -0.74      3.06
      0.35     -0.74      3.06
     -0.13     -0.74      2.58
     -0.13     -0.74      3.06
      0.35     -0.74      2.58
      0.35     -0.74      2.58
      0.35     -0.74      2.58
      0.35     -0.74      2.58
      0.35     -0.26      2.58
      0.35     -0.26      2.58
      0.83     -0.74      2.58
      1.31     -0.74      2.58
      1.31     -0.74      2.58
      1.31     -0.74      2.10
      1.31     -0.74      2.58
      1.78     -0.74      2.10
      1.78     -0.26      2.10
      1.78     -0.26      2.10
      1.31     -0.26      2.58
      1.31     -0.26      2.10
      1.31      0.22      2.10
      1.31      0.22      2.10
      1.31      0.22      1.62
      1.31      0.22      1.14
      1.31      0.22      1.14
      1.31      0.22      0.67
      1.31      0.22      0.19
      1.31      0.22      0.19
      1.78      0.22      0.19
      1.78      0.22     -0.29
      1.78     -0.26     -0.29
      1.78     -0.26     -0.29
      1.31     -0.26     -0.77
      1.31     -0.26     -0.77
      1.31     -0.26     -0.77
      0.83     -0.26     -0.77
     -0.13     -0.26     -0.77
      0.35     -0.26     -0.77
     -0.13     -0.26     -0.77
     -0.13      0.22     -0.77
     -0.13      0.22     -0.77
     -0.13      0.22     -1.25
     -0.61      0.22     -1.25
     -1.09      0.22     -1.25
     -0.61      0.22     -1.25
     -1.09      0.22     -1.25
     -1.09      0.22     -1.25
     -1.09      0.70     -1.25
     -0.61      0.70     -1.25
     -0.61      1.18     -0.77
     -0.61      0.70     -0.77
     -0.61      0.70     -0.77
     -0.61      0.70     -0.77
     -0.61      0.70     -0.29
     -0.61      0.70     -0.29
     -0.13      0.70     -0.29
     -0.13      0.22      0.19
     -0.13      0.22      0.19
     -0.13      0.22     -0.29
     -0.61     -0.26     -0.29
     -0.13     -0.26     -0.29
     -0.61     -0.26     -0.77
     -0.61     -0.74     -0.29
     -1.09     -0.26     -0.77
     -0.61     -0.26     -0.77
     -0.61     -0.26     -0.77
     -0.61     -0.26     -0.77
     -0.61      0.22     -0.77
     -0.61      0.22     -1.25
     -0.61      0.22     -1.25
     -0.13      0.22     -1.73
     -0.13      0.22     -1.25
     -0.13      0.22     -1.73
     -0.13      0.22     -1.73
     -0.13      0.22     -2.21
     -0.13     -0.26     -2.21
     -0.13     -0.26     -2.21
     -0.13     -0.26     -2.21
     -0.13     -0.26     -2.21
     -0.13     -0.26     -2.21
     -0.13     -0.26     -2.21
     -0.13     -0.26     -2.21
      0.35      0.22     -2.68
      0.35      0.22     -2.21
      0.35      0.22     -2.21
      0.35      0.22     -2.21
      0.35      0.22     -2.21
      0.35      0.22     -2.68
      0.83      0.22     -2.68
      0.83      0.22     -2.21
      0.83      0.22     -2.68
      0.83     -0.26     -2.21
      0.83     -0.26     -2.68
      0.83     -0.26     -2.68
      1.31     -0.26     -2.21
      1.31     -0.26     -2.68
      0.83      0.22     -2.68
      0.83      0.22     -3.16
      0.35      0.22     -2.68
      0.35      0.22     -2.68
      0.35      0.22     -2.21
      0.35      0.22     -1.73
      0.35      0.22     -1.73
     -0.13      0.22     -1.25
     -0.13      0.22     -0.77
     -0.61      0.22     -0.77
     -0.61      0.22     -0.29
     -0.61     -0.26     -0.29
     -0.61     -0.26      0.19
     -0.61     -0.26      0.19
     -0.61     -0.26      0.19
     -0.13      0.22     -0.29
     -0.13      0.22      0.19
      0.35     -0.26      0.19
      0.35     -0.26      0.19
      0.35      0.22      0.19
      0.35     -0.26      0.19
      0.35     -0.26     -0.29
      0.35      0.22     -0.29
      0.35      0.22     -0.29
      0.35      0.22      0.19
      0.35      0.22      0.19
      0.35      0.22      0.19
     -0.13     -0.26      0.67
     -0.13      0.22      0.67
     -0.13      0.22      0.67
     -0.61      0.22      0.67
     -0.61      0.22      1.14
     -0.61     -0.26      1.14
     -0.61      0.22      1.62
     -1.09      0.22      1.62
     -1.09      0.22      1.62
     -1.09     -0.26      1.14
     -1.09     -0.26      1.14
     -1.09     -0.74      1.14
     -1.09     -0.26      1.14
     -1.09     -0.26      1.14
     -1.09     -0.26      1.14
     -1.09     -0.26      1.62
     -1.09     -0.26      1.62
     -1.09      0.22      1.62
     -1.09      0.22      1.62
     -1.09      0.22      1.62
     -1.09      0.22      1.62
     -1.09      0.22      1.62
     -0.61      0.22      1.62
     -0.13      0.22      1.62
     -0.61      0.70      1.14
     -0.13      0.22      1.14
     -0.13      0.22      0.67
      0.35      0.70      0.67
      0.35      0.70      0.67
      0.35      0.70      0.67
      0.83      0.70      0.67
      0.35      0.70      0.67
      0.35      1.18      0.19
      0.35      1.18      0.19
      0.35      1.18      0.19
      0.35      1.18      0.19
      0.35      1.18      0.19
      0.35      1.18      0.19
      0.83      1.18      0.19
      0.83      0.70      0.67
      1.31      0.70      0.67
      1.31      0.70      0.67
      1.31      0.70      0.67
      1.78      0.22      0.67
      1.31      0.70      0.67
      1.78      0.22      0.67
      1.31      0.22      0.67
      1.31      0.22      0.67
      1.78      0.22      0.67
      1.78      0.70      0.67
      1.78      0.70      0.67
      1.31      0.70      0.67
      1.78      0.70      0.67
      1.78      0.70      0.67
      1.31      0.70      0.67
      1.31      0.70      0.67
      1.31      0.22      0.67
      0.83      0.22      1.14
      0.83      0.22      1.14
      0.35      0.22      1.14
      0.35      0.22      1.14
     -0.13      0.22      1.14
     -0.13      0.22      1.62
     -0.61      0.22      1.62
     -0.61      0.22      1.62
     -0.61      0.22      2.10
     -1.09      0.22      2.10
     -1.09      0.22      2.58
     -1.09      0.22      2.58
     -1.09      0.22      2.10
     -1.09      0.22      2.58
     -1.09      0.22      2.58
     -1.09      0.22      2.10
     -1.09      0.22      2.10
     -1.09      0.22      2.58
     -1.09      0.22      2.10
     -1.09      0.22      2.10
     -1.09      0.22      2.10
     -1.09      0.22      2.10
     -1.09      0.22      2.10
     -1.09      0.22      2.10
     -0.61      0.22      2.10
     -0.61      0.22      2.10
     -0.61      0.22      2.10
     -0.61     -0.74      2.10
     -0.61     -0.26      2.10
     -0.61     -0.26      2.10
     -0.61     -0.26      2.10
     -0.61     -0.26      2.10
     -0.61     -0.26      2.10
     -0.61     -0.74      2.10
     -0.61     -0.74      2.10
     -0.61     -0.74      2.10
     -0.61     -0.74      1.62
     -0.61     -0.74      1.62
     -0.61     -0.74      1.62
     -0.13     -0.74      1.14
     -0.13     -0.74      0.67
     -0.13     -0.74      0.67
     -0.13     -0.26      0.19
      0.35     -0.26      0.19
      0.35     -0.26     -0.29
      0.35     -0.26     -0.29
      0.35      0.22     -0.77
      0.35      0.22     -0.77
      0.35      0.22     -0.29
      0.35      0.22     -0.77
      0.35      0.22     -0.77
      0.83      0.22     -0.29
      0.35      0.22     -0.77
      0.35      0.22     -0.29
      0.35      0.22     -0.77
      0.35     -0.26     -0.77
      0.35     -0.26     -0.77
      0.35     -0.26     -0.77
      0.83     -0.26     -0.77
      0.35     -0.74     -0.77
      0.35     -0.74     -0.77
     -0.13     -0.74     -0.77
     -0.61     -0.74     -0.77
     -0.13     -0.74     -1.25
     -0.13     -0.74     -0.77
     -0.13     -0.26     -0.77
      0.35     -0.26     -0.77
      0.35     -0.26     -0.77
      0.35     -0.26     -0.77
      0.35     -0.26     -0.77
     -0.13     -0.26     -0.77
      0.83     -0.74     -0.77
      0.35     -0.26     -0.77
      0.35     -0.26     -0.77
      0.35     -0.26     -0.77
      0.35     -0.26     -0.29
     -0.13     -0.74     -0.29
     -0.13     -0.74     -0.29
     -0.61     -0.74     -0.29
     -0.61     -0.74     -0.29
     -0.61     -0.74     -0.77
     -0.61     -0.74     -0.77
     -0.61     -0.74     -0.77
     -0.61     -0.26     -0.77
     -0.61     -0.26     -0.77
     -0.61     -0.26     -0.77
     -1.09     -0.26     -0.77
     -1.09     -0.74     -0.77
     -1.09     -0.26     -0.29
     -1.09     -0.26     -0.29
     -1.09     -0.26     -0.29
     -1.09     -0.26     -0.29
     -1.09     -0.26     -0.29
     -1.09     -0.26      0.19
     -1.09     -0.26      0.19
     -1.09     -0.26     -0.29
     -1.09     -0.26     -0.29
     -1.09     -0.26     -0.29
     -0.61      0.22     -0.29
     -0.61      0.22     -0.29
     -0.61      0.22      0.19
     -0.13      0.22     -0.29
     -0.13      0.22      0.19
     -0.13      0.22      0.19
     -0.13      0.22     -0.29
     -0.13      0.22     -0.29
     -0.13      0.22     -0.29
      0.35      0.22     -0.29
      0.35      0.22     -0.29
      0.83      0.22     -0.77
      1.31      0.22     -0.77
      0.83      0.22     -0.77
      1.31      0.22     -1.25
      1.31     -0.26     -1.25
      0.83     -0.26     -1.25
      0.83     -0.74     -1.25
      0.35     -0.74     -1.25
      0.35     -0.74     -1.25
      0.35     -0.74     -1.25
      0.35     -0.74     -1.25
      0.35     -0.74     -1.25
      0.35     -0.74     -1.25
      0.35     -1.22     -0.77
      0.35     -1.22     -0.77
      0.35     -1.22     -0.77
      0.83     -1.22     -0.77
      0.83     -1.22     -0.77
      1.31     -1.22     -0.77
      1.31     -1.69     -1.25
      1.31     -1.22     -1.25
      1.31     -1.69     -1.25
      1.31     -1.69     -1.25
      1.31     -1.69     -1.25
      1.31     -1.69     -1.25
      1.78     -1.69     -1.73
      1.78     -1.69     -1.25
      1.78     -1.69     -1.25
      1.78     -1.69     -1.25
      1.78     -1.69     -1.25
      1.78     -1.22     -1.25
      1.78     -1.22     -1.25
      1.78     -1.22     -1.25
      1.31     -0.74     -1.25
      0.83     -0.74     -1.25
      0.35     -0.74     -1.25
      0.35     -0.74     -0.77
     -0.61     -0.26     -0.77
     -0.61     -0.26     -0.77
     -1.09     -0.26     -0.77
     -0.61     -0.26     -0.77
     -1.09     -0.26     -0.77
     -1.09     -0.26     -1.25
     -1.09      0.22     -0.77
     -1.09      0.22     -0.77
     -1.09      0.22     -0.77
     -1.09      0.22     -1.25
     -1.09      0.22     -0.77
     -1.09      0.22     -1.25
     -1.09      0.22     -0.77
     -0.61      0.22     -0.77
     -0.61      0.22     -0.77
     -0.61      0.22     -0.77
     -0.61      0.22     -0.29
     -0.13      0.22     -0.29
     -0.61      0.22     -0.29
     -0.61      0.22      0.19
     -0.61      0.22      0.19
     -0.61      0.22      0.19
     -0.61      0.22      0.19
     -1.09      0.22      0.19
     -1.09      0.22      0.19
     -1.09      0.70      0.19
     -1.09      0.70      0.19
     -1.09      0.22      0.19
     -1.09      0.70      0.19
     -1.09      0.70      0.67
     -1.09      0.70      0.67
     -1.09      0.70      1.14
     -1.09      0.70      1.14
     -0.61      0.70      1.14
     -0.61      0.70      1.14
     -0.13      0.22      1.14
     -0.13      0.22      1.14
     -0.13      0.22      1.14
     -0.13      0.22      1.14
      0.35      0.22      1.14
      0.35      0.22      1.14
      0.35      0.22      0.67
      0.35      0.22      0.67
      0.35      0.22      0.67
      0.35      0.22      0.67
      0.35      0.70      0.67
      0.35      0.22      1.14
      0.35      0.22      1.14
      0.35      0.70      1.14
      0.35      0.70      1.62
      0.35      0.22      1.62
      0.35      0.70      1.62
      0.35      0.22      1.62
      0.35      0.22      1.14
      0.35      0.22      1.62
     -0.13      0.22      1.14
     -0.13      0.22      1.14
     -0.13      0.22      1.14
     -0.61      0.22      1.14
     -0.13      0.70      1.14
     -0.61      0.22      0.67
     -0.13      0.70      1.14
     -0.13      1.18      0.67
     -0.13      1.18      1.14
     -0.13      1.18      0.67
      0.35      1.18      0.67
     -0.13      1.18      1.14
      0.35      1.18      1.14
      0.35      1.18      1.14
      0.35      1.18      1.14
      0.35      1.18      1.14
      0.35      1.18      1.14
      0.83      0.70      1.14
      0.83      1.66      1.14
      0.83      1.66      1.14
      0.83      1.66      1.14
      0.83      1.66      1.14
      0.83      2.13      1.14
      0.83      2.13      1.14
      1.31      1.66      1.14
      1.31      1.66      0.67
      1.31      1.66      0.67
      1.31      1.66      0.67
      0.83      1.66      0.67
      1.31      1.66      0.67
      0.83      1.66      0.67
      0.83      1.66      0.67
      0.83      1.18      0.67
      0.35      1.18      0.67
      0.35      1.18      0.67
      0.35      1.18      0.67
      0.35      0.70      0.67
      0.35      0.22      0.67
      0.83      0.22      0.67
      0.35      0.22      0.67
      0.35      0.22      0.67
      0.35      0.22      1.14
      0.35     -0.26      0.67
      0.35     -0.26      1.14
      0.35     -0.74      1.14
      0.35     -0.26      1.62
      0.35     -0.26      1.14
      0.35     -0.26      1.62
      0.35     -0.26      1.14
      0.35     -0.26      1.14
     -0.13     -0.26      1.14
     -0.13     -0.26      1.14
     -0.13     -0.26      1.14
     -0.13     -0.26      0.67
      0.35     -0.26      0.67
      0.35     -0.26      0.67
      0.35     -0.26      0.19
      0.35     -0.26      0.19
      0.35     -0.74      0.19
      0.35     -0.74      0.19
      0.35     -0.74      0.19
      0.35     -1.22      0.19
      0.35     -1.22      0.19
      0.35     -1.69      0.19
      0.35     -1.22      0.19
      0.35     -1.69      0.19
      0.35     -1.69      0.19
      0.83     -1.22      0.19
      0.83     -1.69      0.19
      0.83     -1.69      0.19
      0.35     -1.69      0.19
      0.35     -1.22      0.19
      0.35     -1.22      0.19
     -0.13     -1.22     -0.29
      0.35     -0.74     -0.29
      0.35     -0.74     -0.29
      0.35     -0.74     -0.77
      0.35     -0.26     -0.77
      0.35     -0.26     -1.25
      0.35     -0.26     -1.25
      0.35     -0.26     -1.25
      0.35     -0.26     -1.25
      0.35     -0.26     -1.25
      0.35     -0.74     -1.25
      0.35     -0.74     -1.25
     -0.13     -0.74     -1.25
     -0.13     -1.22     -0.77
     -0.13     -1.22     -1.25
     -0.13     -1.22     -0.77
     -0.61     -1.69     -0.77
     -0.61     -1.69     -0.77
     -0.61     -1.69     -0.29
     -1.09     -1.69     -0.29
     -0.61     -1.22     -0.29
     -0.61     -1.22     -0.29
     -0.13     -1.22     -0.29
     -0.13     -1.22     -0.29
     -0.13     -1.22     -0.77
     -0.13     -1.22     -0.77
     -0.13     -0.74     -0.29
     -0.13     -0.74     -0.77
     -0.13     -0.74     -0.77
     -0.13     -1.22     -0.77
     -0.61     -1.22     -0.77
     -0.61     -1.22     -1.25
     -1.09     -1.69     -0.77
     -1.09     -1.69     -0.77
     -1.09     -2.17     -1.25
     -1.09     -2.17     -1.25
     -1.09     -2.65     -1.25
     -1.09     -2.17     -0.77
     -1.09     -2.65     -0.77
     -1.09     -2.17     -0.77
     -1.09     -2.17     -0.29
     -0.61     -2.17     -0.29
     -0.61     -2.17     -0.29
     -0.61     -2.17     -0.29
     -0.13     -1.69     -0.29
     -0.13     -1.69     -0.29
      0.35     -1.69     -0.29
      0.35     -1.69     -0.29
      0.83     -1.22      0.19
      0.83     -1.22     -0.29
      0.35     -0.74     -0.29
      0.35     -0.26     -0.29
      0.35     -0.26     -0.29
      0.83     -0.26     -0.29
      0.83      0.22      0.19
      0.83      0.22     -0.29
      0.83      0.22     -0.29
      0.83      0.22     -0.29
      0.83      0.22     -0.29
      1.31      0.22     -0.29
      1.31      0.22     -0.29
      1.31      0.22     -0.29
      1.31      0.22     -0.29
      1.31      0.22     -0.29
      1.78      0.22     -0.29
      1.78     -0.26     -0.29
      1.78      0.22     -0.29
      1.78      0.22     -0.29
      1.78      0.22     -0.77
      1.78      0.22     -0.77
      1.31      0.22     -0.77
      1.31      0.22     -0.77
      0.83      0.22     -1.25
      0.83      0.22     -1.25
      0.35      0.22     -1.25
      0.35      0.70     -1.25
     -0.13      0.22     -1.25
     -0.13      0.22     -1.25
     -0.61      0.22     -1.25
     -0.61      0.22     -1.25
     -1.09      0.22     -1.25
     -0.61      0.22     -1.25
     -1.09      0.22     -0.77
     -1.09      0.22     -0.29
     -1.09      0.22     -0.29
     -1.09      0.22      0.19
     -1.09      0.22      0.19
     -1.09      0.22      0.19
     -1.09      0.22      0.19
     -1.09      0.22      0.19
     -1.09      0.22      0.19
     -1.09      0.22      0.19
     -1.09      0.22      0.19
     -1.09      0.22      0.19
     -1.09      0.22      0.19
     -1.09      0.70      0.19
     -1.09      0.70      0.19
     -1.09      0.70      0.19
     -1.09      0.70      0.67
     -1.09      1.18      0.67
     -1.09      1.18      0.67
     -0.61      1.18      0.67
     -1.09      1.18      1.14
     -1.09      1.18      1.14
     -1.09      1.18      1.62
     -1.09      1.18      1.62
     -1.09      0.70      1.62
     -1.09      0.70      1.62
     -1.09      0.70      2.10
     -1.09      0.70      1.62
     -1.09      0.70      1.62
     -1.09      0.70      1.62
     -1.09      0.70      1.62
     -0.61      0.70      1.62
     -0.61      0.70      1.62
     -0.61      1.18      1.62
     -0.13      1.18      1.62
     -0.13      1.18      1.62
      0.35      1.18      1.62
      0.35      1.18      1.62
      0.35      1.18      1.62
      0.83      1.66      1.62
      0.83      1.66      1.62
      1.31      1.66      1.62
      1.31      1.66      1.62
      1.31      1.66      1.62
      1.78      1.18      1.62
      2.26      1.66      2.10
      2.26      1.18      2.10
      2.26      1.18      2.10
      2.26      0.70      2.10
      2.26      0.70      2.10
      2.26      0.70      2.10
      1.78      0.22      2.10
      1.78      0.70      2.58
      1.31      0.22      2.58
      1.31      0.22      2.10
      0.83      0.22      2.58
      0.35      0.22      2.58
      0.35      0.22      2.58
      0.35      0.22      2.58
      0.35      0.22      2.58
     -0.13      0.22      2.58
     -0.13      0.22      2.58
     -0.61      0.22      2.10
     -0.61      0.22      2.10
     -0.61      0.22      2.10
     -1.09      0.22      2.10
     -1.09      0.22      2.10
     -1.09      0.22      2.10
     -1.57      0.22      1.62
     -1.57      0.22      1.62
     -2.04      0.22      1.14
     -2.52      0.22      1.14
     -2.52     -0.26      1.14
     -3.00     -0.26      1.14
     -3.00     -0.26      0.67
     -3.00     -0.26      0.67
     -2.52     -0.74      0.67
     -2.52     -0.74      0.67
     -2.04     -0.26      0.67
     -2.52     -0.74      0.67
     -2.52     -0.74      0.67
     -2.52     -0.74      0.19
     -2.04     -0.74      0.67
     -2.04     -0.74      0.19
     -2.04     -0.26      0.19
     -1.57      0.22      0.19
     -1.57      0.22      0.19
     -1.09     -0.26      0.19
     -1.09     -0.26      0.19
     -1.09      0.22      0.19
     -0.61      0.22      0.19
     -0.61      0.22      0.19
     -0.61      0.22      0.19
     -0.61      0.22      0.19
     -0.13      0.22     -0.29
      0.35      0.22      0.19
      0.35      0.22     -0.29
      0.35      0.22     -0.29
      0.83     -0.26     -0.29
      0.83     -0.26     -0.29
      0.83     -0.26     -0.77
      1.31     -0.26     -0.77
      0.83     -0.74     -0.77
      1.31     -0.26     -0.77
      1.31     -0.26     -0.77
      1.78     -0.26     -0.77
      1.78     -0.74     -1.25
      1.78     -0.74     -1.25
      1.78     -0.74     -1.25
      1.78     -0.26     -1.25
      1.78     -0.26     -1.25
      1.78     -0.26     -1.25
      1.78     -0.26     -1.25
      1.78     -0.26     -1.25
      1.31      0.22     -1.25
      1.78     -0.26     -0.77
      1.31      0.22     -0.77
      1.78      0.22     -1.25
      1.78      0.22     -1.25
      1.31      0.22     -1.25
      1.78      0.22     -1.25
      1.78      0.22     -0.77
      1.78      0.22     -1.25
      1.78      0.22     -0.77
      1.31      0.22     -1.25
      1.31      0.22     -1.25
      0.83     -0.26     -0.77
      0.35     -0.26     -1.25
      0.35     -0.26     -1.25
     -0.13     -0.26     -1.25
     -0.13     -0.26     -1.25
     -0.13     -0.74     -0.77
     -0.61     -0.74     -1.25
     -0.61     -1.22     -1.25
     -1.09     -1.22     -1.25
     -1.09     -1.22     -1.25
     -1.09     -1.22     -1.25
     -1.09     -1.69     -1.25
     -1.09     -1.69     -1.25
     -1.09     -1.69     -1.73
     -1.09     -1.22     -1.73
     -1.09     -1.22     -1.73
     -1.09     -1.22     -1.73
     -1.09     -1.22     -2.21
     -1.09     -1.22     -2.21
     -1.09     -0.74     -2.68
     -1.57     -0.74     -2.68
     -1.57     -0.74     -2.68
     -1.57     -0.74     -2.68
     -1.09     -0.74     -2.68
     -1.09     -0.74     -2.68
     -1.09     -0.26     -2.21
     -1.09     -0.26     -2.21
     -1.09     -0.26     -2.21
     -1.09     -0.26     -1.73
     -1.09     -0.26     -1.73
     -0.61     -0.26     -1.73
     -0.13     -0.26     -1.25
     -0.13      0.22     -1.73
     -0.13     -0.26     -1.25
     -0.13     -0.26     -1.25
      0.35     -0.26     -1.25
      0.35     -0.26     -1.25
      0.35     -0.74     -1.25
      0.83     -0.26     -1.73
      0.83     -0.74     -1.73
      0.83     -0.74     -1.25
      1.31     -0.74     -1.73
      1.31     -0.74     -1.73
      1.78     -0.74     -1.73
      1.78     -0.74     -1.73
      1.78     -0.74     -1.73
      1.78     -0.26     -1.73
      1.78     -0.26     -1.73
      1.78     -0.26     -1.73
      1.78     -0.26     -1.73
      1.78     -0.26     -1.25
      1.78      0.22     -1.25
      1.78     -0.26     -1.25
      1.78     -0.26     -1.25
      1.78     -0.26     -1.25
      1.78     -0.74     -1.25
      1.78     -0.74     -1.25
      1.78     -0.26     -0.77
      1.78     -0.74     -0.77
      1.78     -0.74     -0.77
      1.78     -0.74     -0.77
      1.78     -0.74     -0.77
      1.78     -0.74     -0.77
      1.31     -0.74     -0.29
      1.31     -0.74     -0.77
      1.31     -0.74     -0.77
      1.31     -0.74     -0.77
      1.31     -0.74     -0.77
      0.35     -0.74     -0.77
      0.83     -0.26     -0.77
      0.35     -0.26     -0.77
      0.35     -0.26     -0.77
     -0.13      0.22     -0.77
     -0.13      0.22     -0.77
     -0.13      0.22     -0.77
     -0.61      0.22     -1.25
     -0.61      0.22     -1.25
     -0.61      0.22     -0.77
     -1.09      0.22     -0.77
     -1.09      0.22     -0.77
     -1.09      0.22     -0.77
     -1.09      0.22     -0.77
     -1.09      0.22     -0.29
     -1.09      0.22     -0.29
     -1.57      0.22      0.19
     -1.57      0.22      0.19
     -2.04     -0.26      0.19
     -2.52      0.22      0.67
     -2.52      0.22      0.67
     -2.52      0.22      0.67
     -2.52      0.22      0.67
     -2.52      0.22      0.67
     -2.52      0.70      1.14
     -2.04      0.70      1.14
     -2.04      0.70      1.62
     -1.57      0.70      1.62
     -1.57      0.70      1.62
     -1.09      0.70      1.62
     -1.09      0.70      2.10
     -1.09      0.70      1.62
     -1.09      0.70      2.10
     -1.09      0.70      2.10
     -1.09      0.70      2.58
     -0.61      0.70      2.58
     -0.61      0.70      3.06
     -0.13      0.70      2.58
      0.35      0.70      3.06
      0.35      0.70      3.06
      0.83      0.70      3.06
      1.31      0.70      3.06
      1.31      0.70      3.54
      1.78      0.70      3.54
      1.78      0.22      3.54
      1.78      0.22      3.54
      1.78      0.22      3.54
      1.78      0.22      3.54
      1.31      0.22      3.54
      1.78      0.22      3.54
      1.31      0.22      3.54
      1.31      0.22      3.06
      0.83      0.22      3.06
      0.83      0.22      3.06
      0.83      0.22      2.58
      0.83      0.22      2.58
      0.83      0.22      2.58
      0.83      0.22      2.10
      0.83     -0.26      2.10
      0.35     -0.26      1.62
      0.35     -0.26      2.10
      0.35     -0.26      1.62
      0.35     -0.26      1.62
      0.35     -0.26      1.62
      0.35     -0.26      1.62
      0.35      0.22      1.62
      0.35      0.22      1.62
      0.35      0.22      1.62
      0.35      0.22      1.62
      0.35      0.22      1.62
      0.35      0.22      1.62
     -0.13      0.70      1.62
      0.35      0.70      1.14
      0.83      0.22      1.14
      0.35      0.22      0.67
      0.35      0.22      0.67
     -0.13      0.22      0.67
      0.35      0.22      0.67
     -0.13      0.22      0.19
      0.35      0.22      0.67
     -0.13      0.22      0.19
     -0.13      0.22      0.19
     -0.61      0.22      0.19
     -0.61      0.22      0.19
     -0.61      0.22      0.19
     -0.61      0.22      0.19
     -0.61      0.22      0.19
     -0.61      0.22      0.19
     -0.61     -0.26      0.19
     -0.61     -0.26      0.19
     -0.61     -0.26      0.19
     -0.61     -0.74      0.19
     -0.61     -0.74      0.19
     -0.61     -0.74      0.19
     -0.61     -0.74      0.19
     -0.61     -0.74      0.19
     -0.61     -1.22      0.19
     -0.61     -1.22      0.19
     -0.61     -1.22     -0.29
     -0.61     -1.22     -0.29
     -1.09     -1.22     -0.29
     -0.61     -1.22     -0.29
     -0.13     -0.74     -0.29
     -0.13     -0.74     -0.29
     -0.13     -0.74     -0.29
      0.35     -0.74     -0.77
      0.35     -0.74     -0.77
      0.35     -0.26     -0.77
      0.83     -0.26     -0.77
      1.31      0.22     -0.77
      1.31      0.22     -0.77
      1.78      0.22     -0.77
      1.78      0.22     -0.77
      1.78      0.22     -0.77
      1.78      0.22     -1.25
      1.78      0.22     -1.25
      1.78      0.22     -1.25
      1.78      0.22     -1.25
      1.78      0.22     -1.25
      1.78      0.22     -0.77
      1.31      0.22     -1.25
      1.31      0.22     -1.25
      1.31      0.22     -1.25
      1.31      0.22     -1.25
      1.31      0.22     -0.77
      1.31      0.22     -0.77
      1.31      0.70     -0.77
      1.31      0.22     -0.77
      1.31      0.22     -0.29
      0.83      0.70     -0.29
      0.83      0.70      0.19
      0.83      0.70     -0.29
      1.31      0.22      0.19
      0.83      0.22      0.19
      0.35      0.22     -0.29
      0.35      0.22      0.19
      0.35      0.22      0.19
      0.35      0.22      0.19
     -0.13      0.22      0.19
     -0.13      0.22      0.19
     -0.61      0.22      0.19
     -0.61      0.22      0.19
     -0.61      0.22      0.19
     -0.61      0.22      0.19
     -0.61      0.22      0.19
     -0.61      0.22      0.19
     -0.61      0.22      0.19
     -0.61      0.22      0.19
     -0.61      0.70      0.19
     -0.61      0.22      0.19
     -0.61      0.22      0.19
     -1.09      0.22      0.19
     -1.09      0.22      0.19
     -1.09      0.22      0.19
     -1.09      0.22      0.19
     -1.09      0.22      0.19
     -1.09      0.22     -0.29
     -1.09      0.22     -0.77
     -1.09     -0.26     -0.77
     -1.09     -0.26     -0.77
     -1.57     -0.26     -1.25
     -1.57     -0.26     -1.25
     -1.57      0.22     -1.25
     -1.09      0.22     -1.73
     -1.09     -0.26     -1.25
     -1.57     -0.26     -1.25
     -1.57      0.22     -1.25
     -1.09      0.22     -1.25
     -1.09      0.22     -1.73
     -0.61      0.22     -1.73
     -0.61      0.22     -1.73
     -0.61      0.22     -1.25
     -0.61      0.22     -1.25
     -0.13      0.70     -1.25
      0.35      0.70     -1.25
      0.35      0.70     -1.25
      0.83      0.22     -1.25
      0.35      0.22     -1.25
      0.35      0.22     -0.77
      0.35      0.22     -0.77
      1.31      0.70     -0.77
      1.78      0.70     -0.77
      1.78      0.22     -0.29
      1.31      0.22      0.19
      1.31      0.22      0.19
      1.31      0.22      0.19
      1.78      0.22      0.19
      1.78      0.22     -0.29
      1.31      0.22      0.19
      1.31      0.22      0.19
      1.31     -0.26      0.19
      0.83     -0.26      0.19
      0.83      0.22      0.19
      0.83      0.22      0.19
      0.83      0.22      0.19
      0.83     -0.26      0.19
      0.83     -0.74      0.67
      0.83     -0.26      0.19
      0.83      0.22      0.19
      0.35     -0.26      0.67
      0.35     -0.74      1.14
      0.83     -0.26      0.67
      1.31      0.22      0.67
      1.31      0.22      0.67
      0.35      0.22      1.14
      0.35      0.22      1.14
      0.83      0.70      0.19
      1.31      0.70      0.19
      0.35      0.22      1.14
      0.35      0.22      1.62
      0.35      0.22      1.62
      0.35      0.22      1.14
      0.35      0.70      0.67
      0.35      0.70      0.67
      0.35      0.22      0.67
      0.35      0.22      1.14
     -0.61      0.22      1.62
     -0.61     -0.26      1.62
     -1.09      0.22      1.62
     -0.61     -0.26      1.14
     -0.61     -0.74      1.14
     -0.61     -0.26      1.14
     -1.09     -0.74      2.10
     -0.61     -0.26      1.14
     -0.13     -0.26      0.67
     -0.13     -0.74      0.67
     -0.61     -1.22      1.62
     -0.61     -0.74      1.62
     -0.61     -0.74      1.14
     -0.13     -0.74      0.67
     -0.13     -0.26      0.67
      0.35     -0.26      0.19
      0.35     -0.74      0.19
      0.35     -0.74      0.67
      0.83     -0.74      0.67
      0.35     -0.74      1.14
      0.35     -0.74      1.14
      0.35     -0.74      0.67
      0.35     -0.74      0.67
      0.35     -0.74      0.67
      0.35     -0.74      1.14
      0.35     -0.74      1.14
      0.35     -1.22      1.14
      0.35     -0.74      1.14
      0.35     -0.74      1.14
      0.35     -0.74      1.14
     -0.13     -0.74      0.67
     -0.61     -0.74      1.14
     -0.13     -0.74      1.14
      0.35     -1.22      0.67
     -0.13     -1.22      1.14
     -0.61     -1.22      0.67
     -0.61     -1.22      1.14
     -0.61     -1.69      1.14
     -0.61     -1.69      0.67
     -0.61     -1.69      0.67
     -0.13     -2.17      1.14
     -0.61     -2.17      1.62
     -0.61     -2.65      1.62
     -0.61     -2.17      1.62
     -0.61     -2.65      1.62
     -0.13     -2.65      1.14
      0.35     -2.17      1.14
      0.35     -2.17      1.14
      0.35     -2.17      0.67
     -0.13     -2.17      1.14
     -0.13     -1.69      0.67
     -0.13     -1.69      0.67
     -0.13     -1.69      0.67
     -0.61     -1.69      0.67
     -0.13     -1.22      0.19
     -0.61     -1.22      0.19
     -0.13     -1.22      0.19
     -0.61     -1.22      0.67
     -0.61     -1.22      0.67
     -0.61     -1.22      0.19
     -0.61     -0.74      0.19
     -1.09     -1.22      0.19
     -1.09     -1.22      0.19
     -0.61     -1.22      0.19
     -1.09     -0.74      0.19
     -1.09     -0.74      0.19
     -1.09     -1.22      0.19
     -1.09     -1.22      0.19
     -1.09     -1.22      0.19
     -1.09     -0.74      0.19
     -1.09     -0.74      0.67
     -1.09     -0.74      0.19
     -0.61     -0.26      0.19
     -0.61     -0.26      0.19
     -0.61     -0.26      0.19
     -0.61      0.22      0.19
     -0.61      0.22      0.19
     -0.13      0.22      0.19
     -0.61      0.22      0.19
     -0.13      0.22      0.19
     -0.13      0.22      0.19
     -0.13      0.22      0.19
     -0.13      0.70      0.19
     -0.13      0.22      0.19
     -0.13      0.22      0.19
      0.35      0.22      0.19
      0.35      0.22      0.19
      0.35      0.22      0.19
      0.35      0.70      0.19
      0.35      0.70      0.19
      0.35      0.22      0.19
      0.83      0.70      0.19
      0.83      0.70      0.19
      0.35      1.18      0.19
      0.35      1.66      0.19
      0.35      1.18      0.19
      0.35      1.18      0.19
      0.35      0.70      0.19
      0.35      1.18      0.19
     -0.13      1.18      0.19
     -0.13      1.18      0.19
     -0.13      1.18      0.19
     -0.13      1.18      0.19
     -0.13      1.18      0.19
     -0.13      1.66      0.19
      0.35      1.66      0.19
      0.35      1.66      0.19
      0.35      1.66      0.19
      0.35      1.18      0.19
      0.35      1.18      0.19
      0.83      1.18     -0.29
      0.35      1.18     -0.29
      0.83      1.66     -0.29
      0.83      1.66     -0.77
      0.83      1.18     -0.77
      0.83      1.18     -0.77
      0.35      0.70     -1.25
      0.83      0.70     -1.25
      0.83      1.18     -1.73
      0.35      0.70     -1.73
      0.35      0.70     -1.73
      0.35      0.70     -2.21
      0.83      0.70     -2.21
      0.35      0.70     -1.73
      0.35      0.70     -1.73
      0.83      0.70     -1.73
      0.83      0.70     -1.73
      0.83     -0.26     -1.73
      1.31      0.70     -1.73
      1.31      0.70     -1.73
      1.31      1.18     -1.73
      0.83      1.18     -1.25
      0.83      0.70     -1.25
      0.83      0.70     -1.25
      0.35      0.70     -1.73
      0.35      0.70     -1.25
     -0.13      0.70     -1.25
     -0.13      0.22     -1.25
     -0.61      0.22     -1.25
     -0.61      0.22     -1.25
     -0.61      0.22     -1.25
     -0.61      0.22     -1.25
     -1.09      0.22     -0.77
     -1.09      0.22     -0.29
     -1.09      0.22     -0.29
     -1.09      0.22     -0.29
     -1.09      0.22     -0.29
     -1.09      0.22     -0.29
     -1.09      0.22      0.19
     -1.09      0.22      0.19
     -1.09      0.22      0.19
     -1.09      0.22      0.19
     -1.09      0.22      0.19
     -1.09      0.22      0.19
     -1.09      0.22      0.19
     -0.61      0.22      0.19
     -0.61      0.22      0.19
     -0.61      0.22      0.19
     -0.61     -0.26     -0.29
     -0.61      0.22     -0.29
     -0.61      0.22     -0.77
     -0.61      0.22     -0.77
     -0.61      0.22     -0.77
     -0.61      0.22     -1.25
     -0.13      0.22     -1.25
     -0.13      0.22     -1.25
     -0.13      0.22     -1.73
      0.35      0.22     -1.73
      0.35      0.22     -1.73
      0.35      0.70     -1.73
      0.35      0.70     -1.25
      0.35      0.70     -1.25
      0.35      0.70     -1.73
      0.35      0.70     -1.25
      0.83      0.70     -1.25
      0.35      0.70     -1.25
      0.35      0.70     -0.77
     -0.13      0.70     -0.77
     -0.13      0.22     -0.77
     -0.13      0.22     -0.29
     -0.61      0.22     -0.29
     -0.13      0.22     -0.29
     -0.13      0.22      0.19
     -0.13      0.22      0.19
     -0.13      0.22      0.19
     -0.13      0.22      0.19
     -0.61     -0.26      0.67
     -0.61     -0.26      0.67
     -0.61     -0.74      0.67
     -0.61     -0.74      1.14
     -0.61     -0.74      0.67
     -0.61     -0.74      0.67
     -1.09     -0.74      0.67
     -1.09     -0.74      0.67
     -1.09     -0.74      0.67
     -1.09     -0.74      0.67
     -1.09     -1.22      0.19
     -1.09     -0.74      0.67
     -1.09     -0.74      0.19
     -0.61     -1.22      0.19
     -0.61     -0.74      0.67
     -0.61     -0.74      0.67
     -0.13     -0.74      0.67
     -0.61     -0.74      0.67
     -0.13     -1.22      0.67
     -0.13     -0.74      0.67
     -0.13     -1.22      0.67
     -0.13     -0.74      1.14
     -0.13     -1.22      1.14
      0.35     -1.22      1.62
      0.35     -1.22      1.62
      0.35     -1.22      1.62
      0.83     -1.22      1.62
      0.83     -1.22      1.62
      0.83     -1.22      1.62
      1.31     -1.22      1.62
      1.31     -1.22      1.62
      1.31     -0.74      1.62
      1.78     -0.74      1.14
      1.31     -0.74      1.14
      1.31     -0.74      0.67
      1.31     -0.26      0.67
      1.31     -0.26      0.67
      1.31     -0.26      0.19
      1.31     -0.26      0.67
      1.31      0.22      0.67
      1.31     -0.26      0.19
      1.31     -0.26      0.19
      1.31     -0.26      0.19
      1.31      0.22      0.19
      1.31     -0.26      0.19
      1.31     -0.26      0.19
      0.83      0.22      0.19
      0.83      0.22      0.19
      0.83      0.22      0.19
      0.83      0.22      0.19
      0.83      0.22      0.19
      1.31      0.22     -0.29
      1.31      0.22     -0.29
      1.31      0.22     -0.29
      0.83      0.22     -0.77
      0.83      0.22     -0.77
      0.83      0.22     -0.77
      0.83      0.22     -0.77
      0.83      0.22     -0.77
      0.35      0.22     -0.29
      0.35      0.22     -0.77
      0.35      0.22     -0.29
      0.35      0.22     -0.29
      0.35     -0.26     -0.29
      0.35     -0.26     -0.29
     -0.13     -0.26      0.19
     -0.13     -0.74      0.19
      0.35     -0.74      0.19
     -0.13     -0.74      0.67
      0.35     -1.22      1.14
      0.35     -1.22      1.14
      0.35     -1.69      1.14
      0.35     -1.22      1.62
      0.35     -1.69      1.62
     -0.13     -1.69      1.62
      0.35     -1.22      2.10
     -0.13     -1.69      2.10
     -0.61     -1.22      2.58
     -0.61     -1.69      2.58
     -0.61     -1.22      2.58
     -0.61     -1.22      2.10
     -0.61     -1.22      2.10
     -1.09     -0.74      2.10
     -1.09     -0.74      2.10
     -1.09     -0.74      2.10
     -1.09     -0.74      1.62
     -1.09     -0.74      1.62
     -1.09     -0.26      1.14
     -1.09     -0.26      1.14
     -0.61     -0.26      0.67
     -0.61      0.22      1.14
     -0.61      0.22      0.67
     -0.61      0.22      0.67
     -0.13      0.22      0.67
     -0.13      0.22      0.67
     -0.13      0.22      0.67
     -0.13      0.22      0.67
     -0.13      0.70      0.67
      0.35      0.70      0.19
     -0.13      0.22      0.67
      0.35      0.70      0.19
      0.35      0.70      0.19
      0.35      0.22      0.19
      0.35      0.70      0.19
      0.83      0.70      0.19
      0.83      0.70      0.19
      0.83      0.70      0.19
      0.83      0.22      0.19
      0.83      0.22      0.67
      1.31      0.22      0.67
      0.83      0.22      0.67
      0.83      0.22      0.67
      0.83      0.22      0.67
      0.83      0.22      0.67
      0.83      0.22      0.67
      0.83     -0.26      0.67
      0.83     -0.26      0.19
      0.83     -0.26      0.19
      0.83     -0.26      0.19
      0.83      0.22      0.19
      0.83     -0.26      0.19
      0.83      0.22     -0.29
      0.35      0.22     -0.77
      0.83      0.22     -0.77
      0.35      0.22     -1.25
      0.35      0.22     -1.25
      0.35      0.22     -1.25
     -0.13      0.22     -1.25
     -0.13      0.22     -1.25
     -0.13      0.22     -1.25
     -0.13      0.22     -1.25
     -0.13      0.22     -1.25
     -0.13      0.22     -0.77
     -0.13      0.22     -0.77
     -0.13      0.22     -0.77
     -0.61      0.22     -0.29
     -0.61      0.22     -0.29
     -0.61      0.22      0.19
     -0.61      0.22      0.19
     -0.61      0.22      0.19
     -1.09      0.22      0.19
     -0.61      0.22      0.19
     -0.61      0.22      0.19
     -1.09      0.22      0.67
     -1.09      0.22      0.67
     -1.09      0.22      0.67
     -1.09      0.22      0.67
     -1.57      0.22      0.19
     -1.57      0.22      0.67
     -1.57      0.22      0.67
     -1.57      0.22      0.19
     -1.57      0.22      0.19
     -1.57      0.22      0.19
     -1.57      0.22      0.19
     -1.57      0.70      0.19
     -1.09      0.70     -0.29
     -1.09      0.70     -0.77
     -1.09      0.70     -0.77
     -1.09      0.70     -0.77
     -1.09      0.70     -0.77
     -1.09      0.70     -1.25
     -0.61      0.70     -1.25
     -0.61      0.70     -1.25
     -0.61      0.70     -1.25
     -0.13      1.18     -1.73
     -0.13      1.18     -1.73
     -0.13      1.18     -1.73
      0.35      1.18     -1.73
      0.35      1.66     -1.73
      0.35      1.66     -1.73
      0.83      1.66     -1.73
      0.83      1.66     -1.73
      1.31      1.66     -1.73
      1.31      1.66     -1.73
      1.31      1.18     -1.73
      1.31      1.18     -1.73
      1.31      1.66     -1.25
      1.31      1.18     -1.25
      1.31      1.18     -1.25
      1.31      1.18     -0.77
      1.31      0.70     -0.77
      1.31      0.22     -0.29
      1.78      0.70     -0.29
      1.78      0.70      0.19
      1.78      0.22      0.19
      1.78      0.22      0.19
      1.78      0.22      0.19
      1.78      0.22      0.19
      1.31      0.22      0.19
      1.31      0.22      0.19
      1.31     -0.26      0.19
      0.83      0.22      0.19
      0.83      0.22     -0.29
      0.83     -0.26     -0.77
      0.35     -0.26     -0.77
      0.35     -1.22     -0.77
      0.35     -0.74     -1.25
     -0.13     -0.74     -1.25
     -0.13     -1.22     -1.25
     -0.13     -0.74     -1.25
     -0.13     -0.74     -1.25
      0.35     -0.74     -1.73
     -0.13     -0.74     -1.73
     -0.13     -0.74     -1.25
     -0.13     -0.74     -1.73
     -0.13     -1.22     -1.25
     -0.13     -0.74     -1.73
     -0.13     -0.74     -1.73
     -0.13     -1.22     -1.73
     -0.13     -1.22     -1.73
     -0.61     -1.22     -1.73
     -0.61     -1.22     -1.73
     -0.61     -1.22     -1.73
     -0.61     -1.22     -1.73
     -0.61     -1.22     -2.21
     -0.61     -1.22     -1.25
     -0.61     -0.74     -1.25
     -0.61     -0.74     -0.77
     -0.61     -0.74     -0.29
     -1.09     -1.22      0.19
     -1.09     -1.22      0.19
     -0.61     -0.74      0.19
     -0.61     -0.74      0.67
     -0.61     -1.22      0.67
     -0.61     -1.22      0.67
     -1.09     -1.22      0.67
     -0.61     -1.22      0.67
     -0.61     -1.22      0.19
     -0.61     -1.69      0.19
     -0.61     -1.22      0.19
     -0.61     -1.22      0.19
     -0.61     -1.22      0.19
     -0.61     -1.69      0.19
     -0.61     -1.22     -0.29
     -0.13     -1.22     -0.29
     -0.13     -1.22     -0.29
     -0.13     -1.22     -0.29
      0.35     -1.22     -0.29
      0.35     -1.22     -0.29
      0.83     -1.22     -0.29
      0.83     -1.22      0.19
      1.31     -1.22      0.19
      1.78     -0.74      0.19
      1.78     -0.74      0.19
      1.78     -0.74      0.67
      1.78     -0.74      0.67
      1.78     -0.74      0.67
      2.26     -0.74      0.67
      1.78     -0.74      1.14
      1.78     -1.22      1.14
      1.78     -1.22      1.14
      1.78     -1.22      1.14
      1.78     -1.69      1.14
      1.78     -1.69      1.14
      1.31     -2.65      1.14
      1.31     -1.69      1.14
      1.31     -1.69      0.67
      1.31     -1.69      1.14
      1.31     -1.69      1.14
      0.83     -1.69      1.14
      0.83     -1.69      1.14
      0.83     -1.69      1.14
      0.83     -1.69      1.14
      0.83     -1.69      1.14
      0.35     -0.74      1.14
      0.35     -0.74      0.67
     -0.13     -0.74      0.67
     -0.13     -0.74      1.14
     -0.61     -0.74      1.14
     -0.61     -0.74      1.14
     -1.09     -0.74      1.14
     -1.09     -0.26      1.14
     -1.09     -0.26      1.14
     -1.09     -0.26      1.14
     -1.57      0.22      1.62
     -1.57     -0.26      1.62
     -1.57     -0.26      1.14
     -1.09      0.22      1.14
     -1.09      0.22      1.14
     -1.09      0.22      1.14
     -1.57      0.22      1.62
     -1.09      0.22      1.62
     -1.09      0.22      1.62
     -1.09      0.22      1.62
     -1.09      0.22      1.62
     -1.09      0.22      1.62
     -1.09      0.22      1.62
     -1.09      0.22      1.62
     -0.61      0.22      1.62
     -0.61      0.22      2.10
     -0.13      0.70      2.10
     -0.13      0.70      2.58
     -0.13      0.70      2.58
      0.35      0.70      2.58
      0.35      0.70      2.58
      0.35      0.70      2.58
      0.83      0.70      2.10
      0.83      0.70      2.58
      0.83      0.70      2.58
      0.83      0.70      2.58
      0.83      0.22      2.10
      0.83      0.22      2.58
      0.83      0.22      2.58
      0.83      0.22      2.58
      0.83     -0.26      2.58
      0.83      0.22      2.58
      0.83      0.22      2.58
      0.83      0.22      2.58
      0.83      0.22      2.58
      0.83      0.22      2.58
      0.83      0.22      2.10
      0.35      0.22      2.10
      0.83      0.22      1.62
      0.35      0.22      1.62
      0.35      0.22      1.62
      0.83      0.22      1.14
      0.83      0.22      0.67
      0.83      0.22      0.67
      0.35      0.22      0.19
      0.35      0.22      0.19
     -0.13      0.70      0.19
     -0.13      0.70      0.19
     -0.13      0.22      0.19
     -0.61      0.70     -0.29
     -0.13      0.22     -0.29
     -0.13      0.22     -0.29
     -0.13      0.22      0.19
     -0.13      0.22     -0.29
     -0.13      0.22     -0.29
     -0.13      0.22     -0.29
     -0.13      0.22     -0.29
     -0.13      0.22     -0.77
     -0.61      0.22     -0.29
     -0.61      0.22     -0.77
     -0.61      0.22     -0.77
     -1.09      0.22     -1.25
     -1.09      0.22     -1.25
     -1.09      0.22     -1.73
     -1.09      0.22     -1.73
     -1.09      0.70     -1.25
     -1.57      0.70     -1.73
     -1.57      0.70     -1.73
     -1.09      0.70     -1.73
     -1.09      0.22     -1.73
     -1.09      0.22     -1.73
     -1.09      0.22     -1.73
     -1.57      0.22     -1.25
     -1.09      0.22     -1.25
     -1.57      0.22     -0.77
     -1.09      0.22     -0.77
     -1.09      0.22     -0.77
     -1.09      0.22     -0.77
     -1.09      0.22     -0.29
     -1.09      0.22     -0.77
     -1.09      0.22     -0.29
     -1.09      0.70     -0.77
     -1.09      0.70     -0.77
     -1.09      0.70     -0.77
     -1.09      0.70     -1.25
     -0.61      0.70     -1.25
     -0.61      1.18     -1.25
     -0.61      1.18     -1.73
     -0.61      1.18     -1.73
     -0.61      1.18     -1.25
     -0.61      1.18     -1.25
     -0.61      1.18     -1.25
     -0.13      0.70     -0.77
     -0.13      0.70     -0.77
      0.35      0.70     -0.77
      0.35      0.22     -0.77
      0.35      0.22     -0.29
      0.83      0.22     -0.77
      0.83      0.22     -0.77
      0.83      0.22     -0.77
      0.83      0.22     -1.25
      0.83      0.22     -1.25
      0.83      0.22     -1.25
      0.83      0.22     -2.21
      0.83      0.22     -2.21
      1.31      0.22     -2.21
      1.31      0.22     -2.68
      0.83      0.22     -2.68
      0.83      0.22     -2.68
      0.83      0.22     -2.68
      0.83      0.22     -2.68
      0.83      0.22     -2.68
      0.83     -0.26     -2.68
      0.83      0.22     -2.68
      0.35     -0.26     -2.68
      0.35      0.22     -2.21
     -0.13     -0.74     -2.21
     -0.13     -0.26     -2.21
      0.35     -0.74     -2.21
      0.35     -0.26     -1.73
     -0.13     -0.26     -1.73
     -0.13     -0.26     -1.73
     -0.13     -0.26     -2.21
      0.35     -0.26     -1.73
     -0.13     -0.26     -1.73
     -0.13     -0.26     -2.21
     -0.13     -0.26     -2.21
     -0.61      0.22     -2.21
     -0.13      0.22     -2.21
     -0.13      0.22     -2.21
     -0.13     -0.26     -1.73
     -0.13     -0.26     -1.73
     -0.13     -0.26     -1.73
     -0.13      0.22     -1.73
     -0.13      0.22     -1.25
      0.35      0.22     -1.25
     -0.13      0.22     -0.77
     -0.13      0.22     -0.77
     -0.13      0.22     -0.29
     -0.13      0.22     -0.29
     -0.13      0.22     -0.29
     -0.13      0.22     -0.29
     -0.13      0.22     -0.29
     -0.61      0.22      0.19
     -0.61      0.22      0.19
     -1.09      0.22      0.19
     -0.61      0.22      0.19
     -0.61      0.22      0.67
     -0.61      0.22      0.67
     -0.61      0.22      0.19
     -0.61      0.22      0.67
     -0.61      0.22      0.67
     -0.61      0.22      0.19
     -0.13      0.22      0.67
     -0.61      0.22      0.19
     -0.13      0.22      0.19
      0.35      0.22      0.19
     -0.13     -0.26      0.67
      0.35     -0.26      0.67
      0.35      0.22      0.67
      0.35     -0.26      0.67
      0.83     -0.26      0.67
      0.83     -0.26      1.14
      0.83     -0.26      1.14
      1.31     -0.26      1.14
      0.83     -0.26      1.14
      0.83     -0.26      1.62
      0.83     -0.74      1.62
      0.35     -0.74      1.62
      0.83     -0.74      1.62
      0.83     -0.74      1.62
      0.83     -0.26      1.62
      0.83     -0.26      1.62
      0.83     -0.26      1.62
      0.83     -0.26      1.62
      0.83     -0.26      1.62
      0.83     -0.26      1.62
      1.31     -0.26      1.62
      1.31     -0.26      1.62
      1.31     -0.26      1.62
      1.31     -0.26      2.10
      1.31     -0.26      2.10
      0.83      0.22      2.10
      1.31      0.22      2.58
      0.83      0.22      2.58
      0.83      0.22      2.58
      0.83      0.22      2.58
      0.83     -0.26      3.06
      0.35      0.22      3.06
      0.35     -0.26      3.06
      0.35      0.22      3.06
      0.35      0.22      3.06
      0.35      0.22      3.06
     -0.13      0.22      3.06
     -0.13      0.22      3.06
     -0.61      0.22      3.06
     -0.61      0.22      3.54
     -1.09      0.22      3.54
     -1.09      0.22      3.06
     -1.09      0.22      2.58
     -1.09      0.22      3.06
     -1.09      0.22      3.06
     -1.09      0.22      3.06
     -1.09     -0.26      3.06
     -1.09      0.22      3.06
     -1.09     -0.26      2.58
     -1.09     -0.26      2.58
     -1.09     -0.26      2.58
     -1.09     -0.26      2.58
     -1.09     -0.26      2.58
     -0.61     -0.26      2.10
     -0.61     -0.26      2.10
     -0.61     -0.26      1.62
     -0.13     -0.26      1.62
     -0.13      0.22      1.14
     -0.13     -0.26      1.14
      0.35      0.22      0.67
      0.35      0.22      0.67
      0.35      0.22      0.67
      0.35      0.22      0.67
      0.35      0.22      0.67
      0.35      0.22      0.67
      0.35     -0.26      0.67
     -0.13     -0.26      0.67
      0.35     -0.26      0.67
      0.35      0.22      1.14
      0.35      0.22      0.67
     -0.61      0.22      0.67
      0.35      0.22      0.67
     -0.13      0.22      0.67
     -0.13      0.22      0.67
     -0.13      0.22      0.67
     -0.13     -0.26      0.19
     -0.13     -0.26      0.19
     -0.13      0.22      0.19
      0.35     -0.26      0.19
     -0.13     -0.26      0.19
     -0.13     -0.26     -0.29
     -0.13     -0.26     -0.29
      0.35      0.22     -0.29
      0.35      0.22     -0.29
      0.83     -0.26     -0.29
      0.35     -0.26     -0.29
      0.35     -0.26     -0.29
      0.83      0.22     -0.29
      0.83     -0.26      0.19
      0.83     -0.26      0.19
      1.31      0.22      0.19
      0.83     -0.26      0.19
      1.31      0.22      0.19
      0.83      0.22      0.19
      0.83      0.22      0.19
      0.83      0.22      0.19
      0.83      0.22      0.19
      0.35      0.22      0.19
      0.35      0.22      0.19
     -0.13      0.22      0.19
     -0.13      0.22      0.19
     -0.61      0.22      0.19
     -0.61      0.22      0.19
     -1.09      0.22      0.19
     -1.09      0.22      0.19
     -1.09      0.22     -0.29
     -1.57      0.22     -0.29
     -1.57      0.22     -0.29
     -1.57      0.22     -0.29
     -1.57      0.22     -0.29
     -2.04      0.22      0.19
     -1.57      0.22      0.19
     -1.57      0.22      0.19
     -1.09      0.22      0.19
     -1.57      0.22      0.19
     -1.09      0.22      0.19
     -1.09      0.22      0.19
     -1.09      0.22      0.19
     -1.09      0.22      0.19
     -1.09      0.22      0.19
     -1.09     -0.26      0.19
     -0.61     -0.26      0.19
     -0.61     -0.26      0.19
     -0.61     -0.26      0.19
     -0.61     -0.26      0.19
     -0.61     -0.26     -0.29
     -0.13     -0.74     -0.29
     -0.13     -0.26     -0.29
     -0.13     -0.74     -0.29
      0.35     -0.74     -0.29
      0.35     -0.74     -0.29
      0.35     -0.74     -0.77
      0.83     -0.74     -0.77
      0.83     -0.74     -1.25
      1.31     -0.74     -1.25
      1.31     -0.74     -1.25
      0.83     -0.74     -1.73
      1.31     -0.74     -1.73
      1.31     -0.74     -1.73
      1.31     -0.26     -2.21
      1.31     -0.26     -2.68
      1.31      0.22     -2.68
      1.31     -0.74     -2.68
      1.31      0.22     -3.16
      1.31      0.22     -3.16
      1.31      0.22     -3.16
      1.31      0.22     -3.16
      0.35      0.22     -2.68
      1.31      0.22     -2.68
      1.31      0.22     -2.68
      1.78      0.22     -2.68
      1.31      0.22     -2.21
      1.31      0.22     -2.21
      1.31      0.22     -2.21
      1.31      0.22     -1.73
      0.83      0.22     -1.73
      0.83      0.22     -1.73
      0.35      0.22     -1.73
      0.35      0.22     -1.25
      0.35      0.22     -1.73
      0.35      0.22     -1.25
     -0.13      0.22     -1.25
     -0.13      0.22     -1.73
     -0.61      0.70     -1.25
     -0.61      0.22     -1.25
     -0.61      0.70     -1.25
     -1.09      0.22     -1.25
     -1.09      0.70     -0.77
     -1.09      0.22     -0.77
     -1.09      0.70     -0.77
     -1.09      0.22     -0.77
     -1.09      0.22     -0.77
     -1.09      0.22     -0.29
     -0.61      0.22     -0.29
     -0.61     -0.26     -0.29
     -0.61     -0.74      0.19
     -0.61     -0.74      0.19
     -0.61     -0.74      0.19
     -0.61     -0.74      0.19
     -0.61     -0.74      0.19
     -0.61     -0.74      0.19
     -0.61     -0.74      0.19
     -0.61     -0.74      0.19
     -0.61     -0.74      0.19
     -0.61     -0.74      0.19
     -0.61     -0.74      0.19
     -0.61     -0.74      0.19
     -0.61     -0.74      0.19
     -0.61     -0.74      0.19
     -0.61     -1.22      0.19
     -0.13     -1.22      0.19
     -0.13     -0.74      0.19
     -0.13     -0.74      0.19
     -0.13     -0.74      0.19
      0.35     -0.74      0.19
      0.35     -0.74      0.19
      0.35     -0.26      0.67
      0.83     -0.26      0.19
      0.35     -0.26      0.67
      0.83      0.22      0.67
      0.35      0.22      0.67
      0.83      0.22      0.67
      0.83      0.22      0.67
      1.31      0.22      1.14
      0.83      0.22      1.14
      0.83      0.22      1.14
      1.31      0.22      0.67
      0.83      0.22      1.14
      0.83      0.22      1.14
      0.83      0.22      1.14
      0.83      0.22      1.14
      0.83      0.22      1.14
      0.83      0.22      1.14
      0.83      0.22      0.67
      0.83      0.22      0.67
      0.83      0.22      0.67
      0.83      0.22      0.19
      0.83      0.22      0.19
      0.83      0.22      0.19
      0.83      0.22      0.19
      1.31      0.22      0.19
      1.31      0.22      0.19
      1.31      0.22      0.67
      1.31      0.22      0.67
      0.83      0.22      0.19
      1.31     -0.26      0.67
      0.83      0.22      1.14
      0.83      0.22      0.67
      0.83     -0.26      1.14
      0.83      0.22      1.14
      0.83     -0.26      1.14
      0.83      0.22      1.14
      0.35      0.22      1.14
      0.35      0.22      1.14
      0.35      0.22      0.67
     -0.13      0.22      1.62
     -0.13      0.22      1.62
     -0.13      0.22      1.62
     -0.61      0.22      1.62
     -0.61      0.22      1.62
     -0.61      0.22      2.10
     -0.61      0.22      1.62
     -0.61      0.22      1.62
     -1.09      0.22      1.62
     -1.09      0.22      1.62
     -1.09     -0.26      1.62
     -1.09     -0.26      1.62
     -1.09     -0.26      1.62
     -0.61     -0.74      1.62
     -1.09     -0.74      1.62
     -1.09     -0.74      1.62
     -1.09     -0.74      1.62
     -0.61     -0.74      1.62
     -0.61     -0.74      1.62
     -0.61     -0.74      1.62
     -0.61     -0.74      1.62
     -0.13     -0.74      1.14
     -0.13     -0.74      1.14
     -0.61     -0.74      1.14
     -0.13     -0.74      1.14
     -0.13     -1.22      1.14
     -0.13     -1.22      0.67
     -0.13     -1.22      0.67
     -0.13     -1.22      0.67
     -0.13     -1.22      0.19
      0.35     -1.22      0.19
      0.35     -0.74      0.19
     -0.13     -0.74      0.19
      0.35     -0.74      0.19
      0.35     -0.74      0.19
      0.35     -0.26      0.19
      0.35     -0.26     -0.29
      0.35      0.22     -0.29
      0.35      0.22     -0.29
      0.35      0.22      0.19
      0.35     -0.26     -0.29
      0.35     -0.26     -0.29
     -0.13     -0.26     -0.29
     -0.61     -0.26     -0.29
     -0.61     -0.74      0.19
     -0.61     -0.74      0.19
     -0.61     -0.74      0.19
     -1.09     -0.74      0.19
     -1.09     -0.74      0.19
     -1.09     -0.74      0.19
     -0.61     -0.26      0.19
     -1.09     -0.26      0.19
     -0.61     -0.26      0.19
     -0.61      0.22      0.19
     -0.61      0.22      0.19
     -0.61      0.22      0.19
     -0.61      0.22      0.19
     -0.61      0.22     -0.29
     -0.61      0.22     -0.29
     -0.61      0.22      0.19
     -0.61      0.22     -0.29
     -0.61      0.22     -0.29
     -0.61      0.22     -0.29
     -0.61      0.22     -0.29
     -0.61      0.22     -0.29
     -0.61      0.22     -0.29
     -0.61      0.22     -0.29
     -0.13     -0.26     -0.77
     -0.13      0.22     -0.77
     -0.13      0.22     -0.77
     -0.13      0.22     -1.25
     -0.13      0.22     -1.25
     -0.13      0.70     -1.25
     -0.13      0.22     -1.25
     -0.61      0.70     -1.25
      0.35      0.70     -1.25
      0.35      0.22     -1.25
      0.35      0.70     -1.25
      0.35      0.22     -1.25
      0.35      0.22     -1.73
      0.35      0.22     -1.73
      0.35      0.22     -1.73
      0.35      0.22     -2.21
      0.83      0.22     -2.21
      0.83      0.22     -2.21
      0.35      0.22     -2.21
      0.83      0.22     -2.21
      0.35      0.22     -2.21
      0.35      0.22     -2.21
      0.35      0.70     -2.21
      0.35      0.70     -2.68
      0.35      1.18     -2.68
      0.35      1.18     -2.21
      0.83      1.18     -2.68
      0.35      1.18     -2.68
      0.35      1.66     -2.68
      0.35      1.66     -2.68
      0.35      1.66     -2.68
      0.35      1.18     -2.68
      0.35      1.18     -2.68
      0.35      1.18     -2.68
      0.35      1.18     -3.16
      0.35      0.70     -3.16
      0.35      0.70     -3.16
      0.35      0.70     -3.16
     -0.13      0.70     -3.16
     -0.13      0.70     -3.16
      0.35      0.22     -2.68
     -0.13      0.22     -2.68
     -0.13      0.22     -2.68
     -0.13      0.22     -2.21
     -0.61      0.22     -2.21
     -0.13      0.22     -1.73
     -0.61      0.22     -1.73
     -0.61     -0.26     -1.73
     -0.61     -0.26     -1.25
     -0.61     -0.74     -1.25
     -0.61     -0.26     -1.25
     -0.61     -0.74     -1.25
     -1.09     -0.74     -1.25
     -1.09     -0.74     -1.25
     -1.09     -0.74     -1.25
     -1.09     -1.22     -1.25
     -1.09     -0.74     -1.25
     -1.09     -0.74     -1.25
     -1.09     -0.74     -1.25
     -1.09     -0.74     -0.77
     -1.57     -0.74     -0.77
     -1.57     -0.74     -0.77
     -1.09     -0.26     -0.29
     -1.09     -0.26     -0.29
     -1.09     -0.26      0.19
     -1.09     -0.26      0.19
     -1.09     -0.26      0.19
     -1.09     -0.26      0.19
     -1.09      0.22      0.19
     -1.09     -0.26      0.19
     -0.61     -0.26      0.19
     -0.61      0.22      0.19
     -0.61      0.22      0.19
     -0.61      0.22      0.19
     -0.13      0.22      0.19
     -0.13      0.22      0.19
     -0.13      0.22      0.19
      0.35      0.22      0.19
      0.35      0.22      0.19
      0.35      0.70      0.19
      0.35      0.70      0.19
      0.83      0.70      0.19
      0.83      0.70      0.19
      0.83      0.70      0.19
      0.83      0.70      0.67
      1.31      0.70      0.67
      1.31      0.70      0.67
      1.31      0.70      0.67
      1.31      0.70      1.14
      1.78      0.70      1.14
      1.31      0.70      1.14
      1.31      0.70      1.14
      1.31      0.70      1.62
      1.31      0.70      1.62
      1.31      0.70      1.14
      1.31      0.70      1.62
      1.31      0.70      1.62
      0.83      0.70      1.62
      0.83      0.70      1.62
      0.83      0.70      2.10
      0.83      0.70      1.62
      0.83      0.70      2.10
      0.83      0.22      1.62
      0.35      0.22      2.10
      0.35      0.22      2.10
      0.35      0.22      2.58
      0.35      0.22      2.58
      0.35     -0.26      2.58
     -0.13     -0.26      3.06
      0.35     -0.26      3.06
     -0.13     -0.74      3.54
     -0.13     -0.74      3.54
     -0.13     -0.74      4.02
     -0.13     -1.22      4.02
      0.35     -1.22      4.49
     -0.13     -1.22      4.49
      0.35     -1.22      4.49
     -0.13     -1.69      4.49
     -0.13     -1.69      4.97
     -0.13     -1.69      4.97
     -0.13     -1.69      4.97
      0.35     -1.69      5.45
     -0.61     -1.69      5.45
     -0.13     -2.17      5.45
     -0.13     -1.69      5.45
     -0.13     -2.17      5.45
     -0.61     -1.69      5.93
     -0.61     -1.69      5.93
     -0.13     -1.69      5.45
     -0.13     -2.17      5.93
     -0.13     -1.69      5.93
     -0.61     -1.69      5.93
     -0.61     -1.69      5.45
     -0.13     -1.69      5.45
     -0.61     -1.69      5.45
     -0.13     -1.69      4.97
     -0.13     -1.69      5.45
     -0.13     -1.69      4.97
      0.35     -1.22      4.49
     -0.13     -1.22      4.49
      0.35     -1.69      4.02
      0.35     -1.22      3.54
      0.35     -1.22      3.54
      0.35     -1.22      3.06
      0.35     -1.22      3.06
      0.35     -1.22      3.06
      0.35     -0.74      2.58
      0.35     -1.22      2.10
      0.35     -1.22      2.10
      0.35     -1.22      1.62
      0.35     -0.74      1.62
      0.83     -0.74      1.62
      0.83     -0.74      1.62
      0.35     -0.74      1.62
      0.83     -0.74      1.62
      0.83     -0.74      1.62
      0.35     -0.74      1.14
      0.83     -0.74      1.14
      0.83     -0.74      1.14
      0.83     -0.74      1.14
      0.35     -0.74      1.14
      0.35     -0.74      1.14
      0.83     -0.26      1.14
      0.35     -0.26      0.67
      0.83     -0.26      0.67
      0.35     -0.26      0.67
      0.35     -0.26      0.67
      0.35      0.22      0.67
      0.35      0.22      0.67
      0.35      0.22      0.67
      0.83      0.22      0.67
      0.35      0.22      0.67
      0.35      0.70      0.67
     -0.13      0.70      0.67
      0.35      0.22      0.67
     -0.13      0.22      0.67
     -0.13      0.70      0.67
     -0.13      0.22      0.67
     -0.13      0.22      0.67
     -0.13      0.22      0.67
     -0.13      0.22      0.67
     -0.13      0.22      0.19
     -0.13      0.22      0.19
     -0.61      0.22      0.19
     -0.61     -0.26      0.19
     -0.61      0.22     -0.29
     -0.61      0.22     -0.29
     -0.61      0.22     -0.29
     -0.61      0.22     -0.77
     -0.61      0.22     -0.77
     -0.61      0.22     -1.25
     -0.61      0.22     -1.25
     -0.13      0.22     -1.73
     -0.13      0.22     -2.21
     -0.13      0.22     -2.21
     -0.13      0.70     -2.21
      0.35      0.22     -2.68
      0.35      0.22     -2.68
      0.35      0.22     -3.16
      0.35      0.70     -3.16
      0.35      0.70     -3.16
      0.83      0.70     -3.16
      0.83      0.22     -3.16
      0.35      0.22     -3.64
      0.83      0.70     -3.64
      1.31      0.70     -3.64
      1.31      0.70     -3.64
      0.83      0.70     -3.64
      1.31      0.70     -3.64
      1.31      0.70     -3.64
      1.78      0.70     -4.12
      1.31      0.70     -3.64
      1.78      0.70     -4.12
      1.31      0.70     -4.12
      1.78      0.22     -4.60
      1.78      0.22     -4.12
      1.31      0.22     -5.08
      1.31      0.22     -4.60
      1.31      0.22     -5.08
      1.31      0.22     -4.60
      1.31      0.22     -5.08
      1.31      0.22     -5.08
      1.31      0.22     -5.08
      0.83      0.22     -5.08
      0.83      0.70     -5.08
      0.83      0.70     -5.08
      0.83      0.70     -5.08
      0.83      0.70     -5.08
      0.35      0.70     -5.08
      0.35      0.70     -4.60
      0.35      0.70     -4.60
      0.35      0.70     -4.60
      0.35      0.70     -4.12
      0.35      0.70     -4.12
     -0.13      0.70     -4.12
      0.35      0.22     -3.64
     -0.13      0.22     -3.64
     -0.13      0.22     -3.64
     -0.13      0.70     -3.64
     -0.13      0.70     -3.16
     -0.13      0.70     -3.16
     -0.13      0.70     -3.16
     -0.13      0.70     -2.68
     -0.13      1.18     -2.21
      0.35      1.18     -2.68
      0.35      1.18     -2.21
      0.35      1.18     -2.21
      0.35      1.18     -2.21
      0.35      1.18     -2.21
      0.35      1.66     -1.73
      0.35      1.66     -1.73
      0.35      1.66     -1.73
      0.35      1.66     -1.73
      0.35      1.66     -1.25
      0.35      1.66     -1.73
      0.83      1.18     -1.25
      0.35      1.18     -1.25
      0.35      1.18     -1.25
      0.83      1.18     -1.25
      0.83      1.18     -1.73
      0.83      1.18     -1.25
      0.83      1.18     -1.73
      0.83      1.18     -1.25
      0.83      1.18     -1.25
      0.83      1.66     -1.73
      0.83      1.18     -1.73
      0.35      1.18     -2.21
      0.35      1.18     -2.21
      0.35      1.18     -2.21
      0.35      1.18     -2.68
      0.35      1.18     -2.68
     -0.13      0.70     -3.16
      0.35      0.70     -3.16
     -0.13      0.70     -3.16
     -0.13      0.70     -3.64
     -0.13      0.70     -3.16
     -0.13      0.70     -3.64
     -0.13      0.70     -3.64
     -0.13      0.70     -3.64
     -0.13      0.70     -3.64
     -0.61      0.70     -3.16
     -0.61      0.70     -3.16
     -0.61      0.70     -2.68
     -0.61      0.70     -2.68
     -0.61      1.18     -2.21
     -0.61      1.18     -1.73
     -0.61      1.18     -1.73
     -0.61      1.18     -1.25
     -0.61      0.70     -0.77
     -1.09      0.22     -0.77
     -1.09      0.22     -0.29
     -1.09     -0.26      0.19
     -1.09     -0.26      0.19
     -1.09     -0.26      0.67
     -1.09     -1.22      0.67
     -1.09     -1.69      0.67
     -1.57     -1.22      1.14
     -1.57     -1.69      1.14
     -1.09     -1.69      1.62
     -1.09     -1.69      1.62
     -1.57     -1.69      1.62
     -1.09     -1.69      1.62
     -1.09     -1.69      2.10
     -1.09     -1.69      2.10
     -1.09     -1.22      2.10
     -1.09     -1.69      2.10
     -1.09     -1.69      2.10
     -1.09     -1.69      2.10
     -1.09     -1.69      2.58
     -1.09     -1.22      2.58
     -1.09     -1.69      2.58
     -1.09     -1.69      2.58
     -1.09     -1.69      3.06
     -1.09     -1.69      2.58
     -1.09     -1.69      3.06
     -1.09     -1.22      2.58
     -1.09     -1.69      3.06
     -1.09     -1.69      3.06
     -1.09     -1.22      3.06
     -1.09     -1.22      3.06
     -1.09     -1.22      3.06
     -1.09     -1.22      3.06
     -0.61     -1.22      3.06
     -0.61     -1.22      3.06
     -0.61     -1.69      3.54
     -0.61     -1.69      3.54
     -0.13     -1.69      3.54
     -0.13     -1.69      4.02
      0.35     -1.69      4.02
      0.35     -2.17      4.49
      0.35     -1.69      4.49
     -0.13     -1.69      4.49
     -0.13     -1.69      4.49
     -0.13     -1.22      4.97
     -0.61     -1.22      4.97
     -0.13     -0.74      4.97
      0.35     -0.74      4.97
     -0.13     -0.74      4.49
      0.35     -0.74      4.49
     -0.13     -1.22      4.97
     -0.61     -1.22      4.49
     -0.13     -0.74      4.49
     -0.13     -0.74      4.49
     -0.13     -0.74      4.49
     -0.13     -1.22      4.49
     -0.13     -1.22      4.97
     -0.13     -1.22      4.97
     -0.13     -1.69      4.97
     -0.61     -1.69      4.97
     -0.13     -1.69      4.97
     -0.13     -1.69      5.45
     -0.13     -2.17      4.97
     -0.13     -2.17      5.45
     -0.13     -2.65      4.97
     -0.13     -2.65      4.97
      0.35     -2.65      4.97
      0.35     -3.13      4.97
     -0.13     -3.13      4.97
     -0.13     -3.13      4.49
     -0.13     -3.13      4.49
     -0.13     -3.61      4.49
     -0.13     -3.13      4.02
     -0.13     -3.61      4.49
      0.35     -3.61      4.49
      0.35     -3.61      4.49
      0.35     -3.13      4.49
      0.35     -3.13      3.54
      0.35     -3.61      4.02
      0.35     -4.09      4.02
      0.35     -4.09      4.49
      0.35     -3.61      4.02
      0.35     -3.13      3.54
      0.83     -3.13      3.06
      0.83     -3.61      3.06
      0.83     -3.61      3.54
      0.83     -3.61      3.06
      0.83     -3.13      2.58
      1.31     -2.65      2.10
      1.31     -2.65      1.62
      1.31     -2.65      1.62
      1.31     -2.65      1.14
      0.83     -2.65      1.14
      1.31     -3.13      0.67
      0.83     -2.17      0.19
      1.31     -1.69      0.19
      1.31     -1.22      0.19
      1.31     -1.22     -0.29
      1.31     -1.69     -0.29
      0.83     -1.22     -0.77
      1.31     -0.74     -1.73
      2.26     -0.74     -2.21
      1.31     -0.74     -1.73
      1.31     -1.22     -1.73
      0.83     -0.74     -1.73
      1.31     -0.26     -2.68
      1.31     -0.26     -3.16
      1.78     -0.26     -2.68
      1.31     -0.74     -2.21
      1.31     -0.74     -2.21
      0.83     -0.74     -2.21
      1.31     -0.26     -3.16
      1.78      0.22     -3.16
      1.31     -0.26     -3.16
      0.83     -0.26     -2.68
      0.83     -0.26     -3.16
      0.35     -0.74     -3.64
      0.35     -0.74     -3.64
      0.35     -0.26     -3.64
     -0.61     -0.26     -3.64
     -1.09     -0.74     -3.64
     -0.61     -0.26     -4.12
     -1.09      0.22     -4.60
     -1.09      0.22     -4.60
     -1.09      0.22     -4.60
     -1.09      0.22     -4.12
     -1.09      0.22     -4.12
     -1.09      0.22     -3.64
     -1.57      0.22     -3.64
     -1.57      0.70     -3.16
     -2.04      0.70     -3.16
     -2.04      0.22     -2.68
     -2.04      0.22     -2.68
     -2.04      0.70     -3.16
     -2.04      0.22     -2.68
     -2.52      0.22     -2.68
     -2.04      0.70     -2.68
     -2.04      0.22     -2.68
     -2.52      0.22     -2.68
     -2.52      0.22     -3.16
     -2.04      0.22     -3.64
     -1.57      0.70     -4.12
     -1.57      0.22     -3.64
     -2.04      0.22     -3.16
     -2.04      0.22     -3.16
     -1.57      0.22     -3.64
     -1.09      0.22     -4.12
     -1.09      0.22     -3.64
     -0.61      0.22     -3.16
     -0.13      0.22     -3.16
     -0.61     -0.26     -2.68
     -0.13     -0.26     -2.68
      0.35     -0.26     -2.68
      0.35     -0.26     -2.68
      0.83     -0.26     -2.68
      0.83     -0.26     -2.21
      0.35      0.22     -2.21
      0.83     -0.26     -2.21
      1.31     -0.26     -2.68
      1.31      0.22     -2.68
      1.31      0.22     -2.21
      1.78      0.22     -2.21
      1.78      0.22     -2.68
      1.78      0.22     -2.68
      1.78      0.22     -2.68
      1.78      0.70     -2.68
      2.74      1.18     -2.68
      2.26      1.66     -2.68
      2.26      1.18     -1.73
      2.26      1.66     -1.73
      2.26      2.13     -1.73
      2.26      2.61     -2.21
      2.26      3.57     -2.68
      2.26      4.05     -2.68
      2.26      4.53     -2.68
      2.26      4.05     -2.68
      2.26      4.53     -2.21
      1.78      5.01     -2.21
      1.78      5.48     -2.21
      1.78      5.48     -2.21
      1.78      5.48     -2.21
      1.78      5.48     -1.73
      0.83      5.48     -1.73
      1.31      5.48     -2.68
      1.31      5.48     -1.73
      1.31      5.48     -1.25
      0.83      5.48     -1.25
      0.83      5.48     -0.77
      0.83      5.48     -0.77
      0.35      5.96     -1.25
      0.35      5.48     -1.25
      0.83      5.48     -1.73
      0.83      5.96     -1.73
      0.35      5.96     -1.25
     -0.13      5.48     -1.25
     -0.61      5.96     -1.25
     -0.61      5.96     -0.77
     -0.61      5.96     -0.77
     -0.61      5.96     -0.77
     -1.09      6.44     -0.29
     -1.09      5.96      0.19
     -1.57      5.96      0.67
     -1.09      5.96      0.67
     -1.09      5.48      0.67
     -1.09      5.48      1.14
     -1.57      5.48      1.62
     -1.57      5.48      2.10
     -2.04      5.48      2.10
     -2.04      5.48      2.10
     -1.57      5.48      2.58
     -2.04      5.48      2.58
     -2.04      5.01      3.06
     -2.04      5.01      3.54
     -1.57      5.01      3.54
     -1.57      5.01      3.54
     -2.04      4.53      4.49
     -2.04      4.05      4.49
     -1.09      3.57      4.49
     -1.09      3.09      4.49
     -1.09      3.09      4.49
     -1.09      3.09      4.49
     -1.09      2.13      4.49
     -1.09      1.66      4.49
     -0.61      1.18      4.02
     -0.61      1.18      4.02
     -0.13      0.70      4.02
     -0.61      0.70      4.02
     -0.13      0.70      3.54
      0.35      0.22      3.06
      0.83      0.22      3.06
      0.83      0.22      3.06
      0.83      0.22      3.54
      1.31      0.22      3.06
      1.31     -0.26      2.58
      1.78     -0.26      2.10
      1.78     -0.74      2.58
      1.78     -1.22      2.58
      1.78     -1.69      2.58
      1.78     -1.69      2.10
      1.78     -1.69      2.10
      1.31     -1.69      2.10
      1.78     -2.17      2.10
      1.78     -2.65      2.10
      1.78     -3.13      1.62
      1.78     -2.65      1.14
      1.31     -2.65      1.14
      0.83     -2.65      0.67
      1.31     -2.65      0.67
      0.83     -2.65      0.19
      0.35     -2.17      0.19
     -0.13     -2.17      0.19
      0.35     -1.69      0.19
     -0.13     -1.22      0.19
     -0.13     -1.22      0.19
     -0.61     -0.74      0.67
     -0.61     -1.22      0.67
     -1.09     -0.74      0.67
     -1.09     -1.22      0.67
     -1.09     -1.22      1.14
     -1.09     -1.22      1.14
     -1.09     -1.22      1.62
     -1.57     -1.22      1.62
     -1.57     -1.69      1.62
     -1.57     -1.69      1.62
     -2.52     -2.17      2.10
     -2.04     -1.69      1.62
     -2.04     -2.17      2.10
     -2.04     -2.65      2.10
     -2.04     -2.65      1.62
     -1.57     -3.13      2.10
     -2.04     -2.65      2.58
     -2.04     -3.13      2.58
     -2.04     -3.61      2.58
     -2.04     -4.09      3.06
     -2.04     -4.09      3.06
     -2.04     -4.09      3.06
     -2.04     -4.09      3.54
     -2.04     -3.61      3.54
     -2.04     -5.04      3.54
     -1.57     -4.09      3.06
     -1.09     -4.09      3.06
     -1.09     -4.09      2.58
     -1.09     -4.09      2.58
     -1.09     -4.09      2.58
     -1.09     -4.09      2.10
     -1.09     -4.57      1.62
     -0.61     -4.09      1.62
     -0.61     -4.57      1.14
     -0.13     -4.57      1.14
     -0.13     -4.09      1.14
     -0.13     -4.57      0.67
     -0.13     -4.57      0.67
     -0.13     -4.57      0.67
      0.35     -4.57      0.19
      0.35     -5.04      0.19
      0.35     -4.09      0.19
      0.83     -4.09      0.19
      0.35     -4.09      0.19
      0.35     -4.09     -0.29
      0.83     -4.09     -0.29
      0.35     -3.61     -0.77
      0.83     -3.61     -0.77
      0.35     -3.61     -0.77
      0.35     -3.13     -1.25
      0.35     -3.61     -1.73
      0.35     -3.13     -2.21
      0.35     -3.13     -1.73
      0.35     -3.13     -2.21
      0.35     -3.13     -2.21
      0.83     -3.61     -2.68
      0.83     -3.61     -3.16
      0.83     -3.61     -3.16
      0.83     -3.61     -3.16
      1.31     -3.61     -3.16
      0.83     -4.09     -3.16
      0.83     -4.57     -3.16
      1.31     -4.57     -3.16
      1.31     -4.57     -3.16
      1.31     -4.57     -2.68
      0.83     -5.04     -2.68
      0.83     -5.04     -2.68
      0.35     -5.04     -3.16
      0.35     -5.04     -2.68
     -0.13     -5.04     -3.16
     -0.13     -5.04     -3.16
     -0.61     -5.04     -3.16
     -1.09     -5.04     -3.16
     -1.09     -5.04     -3.64
     -1.09     -5.04     -3.64
     -1.09     -5.04     -3.64
     -1.09     -4.57     -3.16
     -1.57     -4.57     -3.16
     -1.57     -4.57     -2.68
     -2.04     -4.57     -2.21
     -2.04     -4.57     -1.73
     -2.52     -4.57     -1.73
     -2.04     -4.57     -1.25
     -2.52     -4.09     -0.77
     -2.04     -4.09     -0.77
     -2.04     -3.61     -0.77
     -2.04     -3.13     -0.77
     -1.57     -3.13     -0.77
     -1.57     -2.65     -0.77
     -1.09     -2.65     -1.25
     -1.09     -2.17     -1.25
     -1.09     -2.17     -1.73
     -1.09     -2.17     -1.73
     -1.09     -2.17     -2.21
     -0.61     -2.17     -2.21
     -0.61     -1.69     -2.21
     -0.13     -1.22     -2.21
      0.35     -1.22     -2.21
      0.35     -1.22     -2.21
      0.35     -1.22     -2.21
      0.83     -1.22     -2.21
      0.83     -0.74     -2.21
      1.31     -0.74     -2.21
      1.78     -0.74     -1.73
      2.26     -0.26     -1.73
      2.26     -0.26     -1.25
      2.74      0.22     -1.25
      2.74      0.22     -1.25
      3.22      0.22     -0.77
      3.22      0.22     -0.77
      3.70      0.70     -0.77
      4.18      1.18     -0.29
      4.66      1.66     -0.29
      4.66      1.66      0.19
      4.18      1.66      0.19
      4.66      2.13      0.19
      4.66      2.61      0.19
      4.66      3.09      0.67
      4.66      3.57      0.67
      4.66      4.05      0.67
      4.18      4.05      1.14
      4.18      4.05      1.62
      3.70      4.53      1.62
      3.22      5.48      1.62
      3.22      5.96      1.62
      3.22      6.44      1.62
      2.74      6.44      1.62
      1.78      6.92      2.10
      1.31      7.40      2.58
      0.83      8.35      2.58
      0.35      8.83      2.58
     -0.13      9.31      2.58
     -0.61     10.27      2.58
     -0.61     10.27      3.06
     -0.61     11.23      2.58
     -0.61     11.70      3.06
     -1.09     12.18      2.58
     -1.09     12.66      3.06
     -1.57     12.66      3.06
     -1.09     13.62      3.06
     -2.04     13.62      3.06
     -2.04     13.62      3.54
     -2.04     13.62      3.54
     -2.04     13.14      4.02
     -2.52     13.14      4.02
     -2.52     13.14      4.02
     -2.52     13.14      4.02
     -1.57     13.14      4.02
     -2.04     12.66      4.02
     -2.04     13.14      4.49
     -2.04     13.62      4.49
     -1.57     14.10      4.49
     -1.09     13.62      4.49
     -1.09     13.14      4.49
     -1.09     13.14      4.49
     -1.09     12.66      4.49
     -1.09     12.66      4.97
     -1.09     12.18      4.97
     -1.09     11.70      4.97
     -0.61     11.23      4.97
     -0.61     10.27      4.97
     -0.61      9.79      5.45
     -0.13      8.83      4.97
     -0.13      7.88      4.49
     -0.13      6.92      3.54
     -0.13      5.96      4.49
      0.35      5.01      4.02
     -0.13      4.05      3.54
      0.35      3.09      3.54
      0.35      2.13      3.06
      0.83      1.18      2.10
      1.31      0.70      1.62
      1.31      0.22      0.67
      1.78     -0.26      0.19
      2.26     -1.22     -0.77
      2.26     -1.69     -1.73
      2.26     -2.65     -1.73
      2.74     -3.13     -2.21
      2.74     -4.09     -2.68
      2.74     -4.57     -3.64
      2.74     -5.52     -4.12
      2.74     -6.48     -4.12
      2.26     -7.44     -4.12
      2.74     -8.87     -4.60
      2.74     -9.35     -5.08
      2.26    -10.31     -4.60
      2.26    -11.26     -4.60
      1.78    -11.26     -4.60
      1.78    -12.22     -5.56
      1.78    -12.22     -5.56
      1.78    -12.70     -6.03
      1.31    -12.70     -6.51
      0.83    -13.18     -6.51
      0.35    -13.18     -6.51
      0.35    -13.18     -6.99
      0.35    -13.18     -7.95
     -0.13    -13.18     -7.47
     -1.09    -13.18     -6.99
     -1.09    -13.66     -6.51
     -1.57    -13.66     -6.51
     -1.57    -13.66     -5.56
     -2.52    -13.66     -4.60
     -2.52    -13.66     -4.12
     -2.52    -13.66     -3.16
     -3.00    -13.18     -2.68
     -3.48    -13.18     -2.21
     -3.48    -12.70     -1.25
     -3.96    -12.70     -0.29
     -4.44    -12.22      0.19
     -4.92    -11.74      0.19
     -4.92    -11.26      0.19
     -4.92    -10.31      0.19
     -4.92    -10.31      0.19
     -4.92     -9.83      0.67
     -4.92     -9.35      1.14
     -4.92     -8.87      1.14
     -4.92     -7.91      0.67
     -4.44     -6.96      0.67
     -4.44     -6.00      0.67
     -3.96     -5.52      1.14
     -3.48     -4.57      1.14
     -3.48     -3.13      1.14
     -3.00     -2.17      1.14
     -1.57     -1.22      1.62
     -1.57     -0.74      2.10
     -1.09      0.22      2.58
     -0.61      0.70      3.06
     -0.61      0.70      4.02
      0.35      1.18      4.49
      0.83      1.66      4.49
      1.31      1.66      4.97
      1.31      2.13      5.45
      1.78      2.61      5.93
      1.78      2.61      5.93
      2.26      3.09      5.45
      2.26      3.09      5.45
      2.26      3.09      5.45
      2.26      3.57      4.97
      2.74      4.05      4.97
      3.22      4.05      4.49
      3.22      4.53      4.49
      3.22      4.05      4.49
      3.70      3.57      4.49
      3.22      3.57      4.49
      3.22      3.09      4.49
      3.22      2.61      4.49
      3.22      2.13      4.49
      3.22      2.13      4.02
      3.22      2.13      4.49
      2.26      1.66      4.49
      2.26      1.66      4.02
      2.26      2.13      2.58
      2.26      2.13      2.10
      2.26      2.61      1.62
      2.74      2.61      0.67
      2.74      3.09      0.67
      2.74      2.13      0.19
      2.26      2.61      0.19
      2.74      2.61      0.19
      2.74      1.66      0.19
      2.74      2.13     -0.29
      2.74      2.13     -0.77
      2.26      2.13     -0.77
      2.26      2.13     -0.77
      2.26      2.13     -0.77
      2.26      2.13     -0.77
      2.26      2.13     -1.25
      2.26      3.09     -1.73
      2.26      4.05     -1.73
      1.78      5.48     -2.21
      1.78      6.44     -2.68
      1.31      7.88     -3.16
      1.31      8.83     -3.16
      1.31      9.31     -3.16
      0.83      9.31     -3.64
      0.83      9.79     -3.64
      0.35      9.31     -4.12
      0.35      9.31     -4.60
      0.35      8.83     -5.56
     -0.13      7.88     -5.56
     -0.61      7.40     -5.56
     -1.09      6.92     -5.08
     -1.57      7.40     -5.08
     -1.57      7.40     -5.08
     -1.57      6.92     -5.08
     -2.04      7.40     -4.60
     -1.57      6.92     -4.60
     -2.04      6.92     -4.60
     -2.04      6.92     -4.60
     -2.04      6.44     -4.12
     -1.57      5.48     -4.12
     -2.04      5.01     -3.64
     -1.57      5.48     -3.64
     -1.57      5.01     -3.64
     -1.09      4.53     -3.16
     -1.57      4.05     -2.68
     -1.09      3.57     -2.21
     -1.09      3.09     -1.73
     -1.09      2.61     -1.25
     -0.61      2.13     -0.77
     -0.13      1.66     -0.29
      0.35      1.18      0.19
      0.35      0.70      0.19
      0.83      0.70      0.67
      1.31      0.22      0.67
      1.78      0.22      0.67
      2.26      0.22      1.14
      2.74      0.22      1.14
      3.22      0.22      1.14
      4.18      0.22      0.67
      4.66      0.70      0.67
      5.13      0.70      0.19
      5.61      0.70      0.67
      6.09      1.18      0.67
      6.09      1.18      1.14
      6.09      1.18      1.62
      6.09      1.18      1.62
      6.09      1.18      2.10
      6.09      1.18      2.58
      6.09      0.70      3.06
      5.61      0.22      3.54
      5.13     -0.26      3.54
      5.13     -0.74      4.02
      5.13     -1.69      4.49
      4.66     -1.69      4.49
      4.66     -2.17      4.49
      3.70     -2.65      4.49
      3.70     -2.17      4.02
      3.22     -1.69      3.54
      2.74     -1.69      3.06
      2.26     -1.22      2.58
      2.26     -0.74      2.10
      1.78     -0.74      1.62
      1.31     -0.74      1.14
      0.83     -0.74      0.67
      0.35     -0.74      0.67
     -0.13     -1.22      0.67
     -0.61     -1.69      0.67
     -1.09     -2.17      0.67
     -1.09     -3.13      1.14
     -2.04     -3.61      1.14
     -2.04     -4.57      1.62
     -2.04     -5.52      1.62
     -2.52     -6.96      2.10
     -2.52     -7.91      2.58
     -3.00     -8.87      2.58
     -3.00    -10.31      3.06
     -3.00    -11.74      3.06
     -3.48    -13.18      3.54
     -3.96    -14.14      4.02
     -3.96    -15.09      4.02
     -3.96    -17.01      4.49
     -3.96    -17.49      4.49
     -4.44    -17.96      4.49
     -4.44    -18.92      4.49
     -4.44    -18.92      4.49
     -4.44    -19.40      4.97
     -3.96    -19.40      5.45
     -3.48    -19.40      6.41
     -3.00    -19.40      6.89
     -2.52    -19.40      7.36
     -3.00    -19.40      7.84
     -2.52    -19.40      8.32
     -2.52    -19.40      9.28
     -2.52    -19.40      9.28
     -2.52    -19.40      9.28
     -2.04    -19.88      9.28
     -2.52    -19.88      9.28
     -2.52    -19.88      8.80
     -2.52    -18.92      8.80
     -2.52    -18.44      8.80
     -2.52    -17.49      8.80
     -2.52    -16.53      8.80
     -3.00    -15.57      9.28
     -3.00    -14.61      9.76
     -2.52    -12.70     10.71
     -2.04    -11.26     11.19
     -1.57     -9.83     11.67
     -1.09     -8.87     12.15
     -1.09     -7.44     13.11
     -1.09     -6.48     13.59
     -0.61     -5.52     14.06
     -0.13     -4.09     14.06
     -0.13     -3.13     14.06
      0.35     -2.17     13.59
      0.83     -1.69     13.11
      0.83     -0.74     12.63
      1.31      0.22     12.15
      1.31      0.70     11.19
      1.78      1.66     10.71
      1.78      1.18      9.76
      1.78      2.13      9.28
      2.26      2.13      8.80
      2.26      2.13      8.32
      2.74      1.66      7.84
      2.74      1.18      7.36
      2.74      1.18      6.41
      2.74      0.70      6.41
      3.22      0.70      5.45
      3.22      0.22      4.97
      3.22      0.22      4.02
      3.70      0.22      2.58
      3.70      0.22      1.62
      4.18      0.22      0.67
      4.66      0.22     -0.77
      4.66      0.22     -2.21
      4.66      0.22     -3.64
      4.66     -0.26     -5.08
      4.66     -0.74     -6.03
      5.13     -0.74     -6.99
      5.61     -0.26     -8.43
      6.09     -0.26     -9.38
      6.09     -0.26    -10.34
      6.09     -0.74    -11.30
      5.61     -1.22    -12.25
      5.13     -2.65    -12.73
      5.13     -3.13    -13.21
      4.66     -2.65    -13.69
      4.66     -2.65    -14.65
      3.70     -2.65    -15.13
      3.22     -3.13    -16.08
      2.74     -3.61    -16.56
      1.78     -3.61    -17.04
      1.31     -3.13    -17.04
      0.83     -2.65    -17.52
      0.35     -2.17    -18.00
     -0.13     -2.17    -18.00
     -0.61     -1.69    -18.00
     -1.09     -1.69    -18.00
     -1.57     -1.69    -17.52
     -3.00     -1.69    -17.52
     -3.96     -1.22    -17.52
     -4.44      0.22    -17.04
     -4.92      0.70    -17.04
     -4.92      1.18    -16.56
     -5.39      1.66    -16.56
     -5.87      2.13    -17.04
     -5.87      2.61    -17.04
     -6.35      3.57    -17.52
     -6.35      4.53    -18.00
     -6.35      5.48    -18.95
     -5.87      6.44    -19.91
     -5.39      6.92    -19.91
     -5.39      8.35    -20.39
     -5.39      9.31    -19.91
     -4.92      9.79    -19.43
     -4.44     11.23    -18.95
     -3.96     11.70    -18.00
     -3.48     12.66    -17.04
     -3.00     13.62    -16.08
     -2.52     14.10    -14.17
     -2.04     14.10    -12.73
     -2.04     13.62    -11.30
     -1.57     13.62    -10.34
     -1.57     13.62     -9.38
     -1.09     14.10     -8.90
     -1.09     14.10     -8.43
     -0.13     14.58     -7.95
      0.35     14.58     -7.95
      0.35     14.58     -6.99
      0.83     14.58     -6.99
      1.31     15.53     -7.47
      1.78     16.49     -8.43
      2.26     16.97     -7.95
      2.26     17.45     -7.47
      2.26     17.45     -7.47
      2.74     18.40     -7.95
      3.22     19.36     -8.43
      3.22     18.88     -8.90
      3.22     19.36     -9.38
      3.22     18.88    -10.34
      3.22     18.88    -10.82
      3.22     18.40    -11.30
      3.22     18.88    -11.78
      3.22     18.88    -12.73
      3.22     18.88    -13.21
      2.74     18.88    -13.21
      2.74     18.88    -12.73
      2.26     18.88    -13.21
      1.78     18.40    -13.21
      1.31     17.93    -13.21
      1.31     17.45    -13.69
      0.35     16.97    -14.17
      0.35     16.49    -14.65
     -0.61     16.01    -14.65
     -1.09     15.53    -15.60
     -1.09     15.05    -16.56
     -2.04     15.05    -17.52
     -3.00     15.53    -17.52
     -3.48     15.05    -17.52
     -4.44     15.05    -18.00
     -4.92     15.53    -17.52
     -5.39     16.01    -18.00
     -5.87     16.49    -18.48
     -6.35     16.49    -18.00
     -6.83     16.01    -17.52
     -6.83     16.01    -16.56
     -7.31     16.01    -16.08
     -7.79     16.01    -16.08
     -7.79     16.01    -15.13
     -8.26     16.49    -14.17
     -7.79     16.97    -13.21
     -8.26     17.45    -11.78
     -8.26     17.93    -10.34
     -8.26     17.93     -8.90
     -8.26     18.40     -7.47
     -7.79     18.40     -6.51
     -7.31     18.40     -5.08
     -7.31     18.88     -3.64
     -6.83     18.40     -3.16
     -7.31     18.40     -2.68
     -6.83     17.93     -1.73
     -7.31     17.45     -0.29
     -6.83     16.49      0.19
     -6.35     16.01      1.62
     -5.39     16.01      3.06
     -4.92     15.53      4.49
     -3.96     15.05      5.93
     -3.48     14.58      7.36
     -3.00     13.62      8.80
     -2.52     13.14     10.71
     -2.04     12.66     12.63
     -1.57     11.23     15.50
     -1.09      9.79     17.89
     -1.09      7.88     19.33
     -0.61      5.96     20.76
     -0.13      4.05     21.24
      0.35      2.61     22.20
      0.83      0.70     22.68
      1.31     -1.69     23.16
      2.26     -3.13     23.16
      2.74     -5.04     23.16
      3.22     -6.00     23.16
      3.70     -7.44     23.16
      4.18     -8.39     23.63
      4.66     -9.35     23.63
      5.13     -9.83     23.63
      5.13     -9.83     23.63
      5.61     -9.83     24.11
      5.61    -10.31     23.63
      5.61    -11.26     23.63
      6.09    -12.70     23.16
      6.09    -13.18     21.72
      6.09    -14.14     22.20
      6.09    -15.09     21.24
      6.09    -16.05     19.81
      6.09    -16.53     18.85
      6.09    -17.01     17.89
      6.57    -17.49     15.98
      6.09    -17.01     15.02
      6.09    -17.01     14.06
      6.09    -17.01     13.59
      6.09    -16.53     12.63
      6.09    -16.05     12.15
      6.09    -15.57     11.19
      6.09    -15.09     10.24
      5.61    -14.14      9.28
      5.61    -13.66      8.32
      5.61    -12.70      7.84
      5.61    -12.70      6.89
      4.66    -13.18      6.41
      4.18    -11.74      5.93
      3.22    -10.31      6.41
      2.74     -8.39      5.93
      2.26     -7.91      5.45
      1.31     -7.91      5.93
     -0.61     -7.91      6.89
     -0.13     -7.91      6.89
     -1.09     -7.44      7.36
     -2.52     -7.91      7.36
     -3.48     -8.87      7.84
     -3.96    -10.31      7.84
     -4.92    -11.74      7.84
     -6.35    -13.18      7.84
     -7.31    -14.14      8.80
     -7.79    -14.61      9.28
     -8.74    -14.61      9.76
     -9.70    -14.14      9.76
     -9.22    -14.61     10.71
     -9.22    -14.61     11.67
     -8.74    -15.09     13.59
     -8.74    -14.61     15.02
     -8.26    -14.61     16.46
     -7.79    -14.61     17.41
     -7.31    -15.09     18.85
     -6.83    -16.05     19.81
     -5.87    -17.01     20.28
     -5.39    -18.44     20.76
     -4.92    -19.88     20.76
     -4.44    -21.31     20.28
     -3.96    -22.75     20.28
     -3.96    -24.18     19.81
     -3.48    -25.62     19.33
     -3.00    -26.58     18.85
     -2.52    -27.06     18.37
     -3.00    -27.06     16.94
     -3.00    -26.58     16.94
     -3.00    -26.10     16.94
     -3.00    -25.62     16.46
     -2.52    -25.14     15.98
     -1.57    -24.18     15.98
     -1.09    -24.18     15.98
     -0.61    -23.71     15.50
      0.35    -23.23     15.02
      1.31    -23.71     15.02
      2.26    -24.18     14.54
      3.22    -24.66     14.06
      3.70    -24.66     14.06
      4.66    -24.66     13.59
      5.13    -24.18     13.11
      5.61    -23.23     12.63
      6.57    -22.75     11.67
      7.53    -21.79     11.67
      8.48    -21.31     11.19
      9.44    -19.88      9.76
     10.40    -18.44      9.76
     10.88    -17.49      9.28
     11.83    -16.53      8.32
     12.31    -15.09      7.84
     12.79    -13.66      7.36
     13.27    -12.70      6.41
     13.27    -11.26      5.93
     13.75    -10.31      5.45
     13.27     -9.35      4.97
     13.27     -8.39      4.97
     12.79     -7.44      4.97
     12.31     -5.52      5.45
     12.31     -4.09      5.45
     11.35     -2.65      4.97
     10.40     -1.22      5.93
      9.92      0.22      6.41
      9.44      0.70      6.41
      8.96      2.13      5.93
      7.53      2.61      5.45
      7.05      3.57      4.97
      6.09      4.05      4.49
      5.13      4.53      3.54
      4.18      4.53      3.06
      3.22      4.53      2.58
      2.26      4.53      2.58
      1.31      4.53      2.10
      0.35      5.48      2.10
     -0.61      5.96      1.62
     -1.57      6.44      1.62
     -2.52      6.44      2.10
     -3.00      6.44      1.62
     -3.96      5.96      1.62
     -4.44      5.96      1.14
     -4.92      5.01      1.14
     -5.39      4.53      1.14
     -5.87      3.09      0.67
     -6.83      2.13      1.14
     -7.31      0.22      1.14
     -7.79     -0.74      0.67
     -8.26     -2.17      0.67
     -8.74     -3.61      0.19
     -8.74     -5.52      0.19
     -9.70     -7.91      0.19
    -10.18    -10.79      0.19
    -10.18    -10.79     -0.29
    -10.18     -7.91      0.19
     -9.22     -6.48     -0.29
     -8.26     -7.44      0.19
     -6.83     -7.91      1.14
     -5.87     -6.96      1.62
     -4.92     -6.48      2.10
     -3.96     -6.48      2.10
     -3.00     -6.96      2.10
     -2.52     -6.96      2.10
     -2.52     -6.96      2.10
     -1.09     -6.00      2.58
     -0.61     -6.00      1.62
      0.35     -4.09      0.67
      0.35     -2.65      0.19
      0.83     -1.22     -0.29
      1.31      0.22     -0.77
      2.26      1.18     -1.25
      3.22      3.09     -1.73
      3.70      4.05     -1.73
      4.18      5.48     -2.21
      5.13      6.44     -2.21
      5.61      6.92     -2.68
      6.09      8.35     -3.64
      6.57      9.31     -4.60
      7.05     10.27     -6.03
      8.00     11.70     -6.51
      8.96     13.14     -7.47
      8.96     14.10     -8.90
      9.44     15.53    -10.34
      9.44     16.49    -11.78
      9.92     17.45    -13.21
     10.40     18.40    -15.13
     10.88     18.40    -15.60
     11.35     18.88    -17.52
     11.35     18.40    -18.95
     11.83     18.88    -20.39
     11.83     18.40    -21.82
     11.83     18.88    -23.26
     12.31     18.88    -25.17
     12.31     18.40    -26.61
     11.83     17.93    -28.52
     11.35     17.93    -29.48
     10.88     17.45    -30.92
      9.92     17.45    -31.87
      9.44     16.49    -32.35
      8.48     16.01    -33.31
      7.53     15.53    -33.31
      6.09     15.05    -33.31
      4.66     14.10    -33.79
      3.22     13.14    -33.31
      2.26     13.14    -33.79
      0.83     12.18    -33.79
     -0.61     11.70    -34.27
     -1.57     11.23    -33.79
     -3.00     10.75    -33.79
     -4.44     10.27    -33.79
     -5.87      9.79    -33.31
     -7.31      9.31    -32.83
     -8.74      8.35    -31.87
    -10.18      7.40    -31.40
    -12.09      6.92    -30.92
    -13.53      5.96    -29.96
    -14.49      5.01    -28.52
    -15.92      4.53    -28.05
    -16.40      4.05    -27.09
    -17.36      4.05    -26.13
    -17.84      3.57    -25.17
    -18.31      3.57    -24.22
    -18.79      4.05    -22.78
    -19.27      4.05    -21.82
    -18.79      4.53    -20.87
    -18.79      5.48    -19.91
    -18.31      5.96    -18.00
    -17.84      6.44    -16.56
    -17.36      6.44    -14.65
    -16.40      8.35    -13.21
    -14.96      9.31    -12.25
    -13.53     10.27    -11.30
    -12.57     11.23     -9.86
    -11.14     12.66     -8.43
     -9.70     13.62     -7.47
     -8.74     14.58     -6.99
     -7.31     15.05     -6.99
     -5.87     16.01     -6.99
     -4.44     16.97     -6.99
     -3.00     17.45     -6.99
     -2.04     18.40     -7.47
     -0.61     19.36     -7.95
     -0.13     19.84     -8.43
      1.31     20.32     -8.43
      2.74     20.80     -8.43
      4.18     20.80     -7.95
      5.13     21.27     -7.95
      6.09     21.75     -7.95
      7.05     22.23     -7.95
      8.48     22.71     -8.90
      9.44     22.71     -8.90
     10.40     22.71     -9.38
     10.88     22.71     -9.38
     11.35     22.71     -9.86
     12.31     22.23    -10.34
     12.79     22.23    -11.30
     13.27     21.27    -10.82
     13.27     20.80    -11.30
     13.27     19.84    -10.82
     13.27     19.36    -10.82
     13.27     18.88    -10.82
     13.27     17.93    -10.34
     12.79     17.45     -9.38
     12.31     16.49     -8.90
     11.83     15.53     -7.95
     11.35     14.58     -7.47
     10.40     13.14     -6.03
      9.44     11.70     -4.60
      8.48     10.75     -3.64
      7.53      9.79     -3.16
      6.09      8.83     -1.25
      4.66      7.40      0.19
      3.70      6.92      1.14
      2.74      5.48      2.58
      1.78      4.53      4.02
      0.35      3.57      5.45
     -0.61      2.13      7.36
     -1.57      0.22      8.32
     -2.52     -1.22      9.76
     -3.48     -3.61     10.71
     -4.92     -5.52     11.19
     -6.35     -7.91     11.67
     -7.79    -10.31     12.15
     -8.74    -12.22     12.63
     -9.70    -14.61     13.11
    -10.66    -16.53     13.11
    -11.14    -18.44     14.06
    -12.09    -19.88     15.02
    -12.57    -20.83     15.50
    -13.53    -22.27     15.98
    -14.01    -22.75     16.94
    -14.01    -22.75     17.41
    -14.49    -22.75     18.37
    -15.44    -22.75     18.85
    -15.44    -22.75     19.33
    -15.92    -22.27     19.81
    -15.92    -22.75     19.81
    -15.92    -22.75     20.76
    -15.92    -22.75     20.76
    -15.44    -21.31     20.76
    -14.96    -20.36     20.76
    -14.49    -19.40     20.76
    -13.53    -18.44     21.24
    -12.57    -17.49     21.72
    -12.09    -16.53     22.68
    -11.14    -16.05     23.16
     -9.70    -16.05     23.16
     -9.22    -16.05     23.16
     -8.26    -16.53     22.68
     -7.31    -16.05     22.20
     -6.35    -16.05     21.24
     -5.39    -16.53     20.28
     -4.44    -16.53     19.81
     -3.48    -17.01     18.85
     -2.52    -17.49     18.85
     -1.09    -17.49     18.37
     -0.61    -17.49     17.41
      0.83    -17.49     16.94
      1.78    -17.96     15.98
      3.22    -17.96     15.02
      4.18    -17.49     13.59
      6.09    -17.96     12.15
      7.05    -17.96     11.67
      8.00    -17.96     10.71
      8.96    -18.44      9.28
      9.92    -18.92      8.32
     10.40    -19.40      7.36
     11.35    -19.88      6.41
     11.35    -20.36      5.45
     11.83    -21.31      4.49
     11.83    -21.31      3.54
     11.83    -21.79      2.58
     11.83    -22.27      1.62
     12.31    -22.27      1.14
     11.83    -22.27      0.19
     11.83    -21.79      0.19
     11.35    -21.79     -0.77
     11.35    -21.31     -0.29
     10.88    -20.83     -1.25
     10.40    -20.36     -1.25
      9.92    -19.40     -0.77
      9.92    -18.92     -0.77
      9.44    -18.44      0.19
      9.44    -17.49      0.19
      8.48    -17.01      1.14
      8.00    -16.53      1.62
      7.05    -15.57      2.58
      6.57    -14.61      2.58
      5.61    -13.66      2.58
      5.13    -12.70      3.06
      3.70    -12.22      3.54
      2.74    -11.26      3.54
      0.83     -9.83      4.02
      0.35     -8.87      4.02
     -1.09     -6.96      3.54
     -2.04     -6.48      3.54
     -3.48     -5.04      4.49
     -4.44     -3.61      4.49
     -5.39     -1.69      4.49
     -5.87     -0.26      4.49
     -6.35      0.70      5.45
     -6.83      2.61      5.45
     -7.31      3.57      5.93
     -7.31      5.01      6.41
     -7.31      6.44      6.41
     -6.83      7.88      6.41
     -6.83      8.83      6.89
     -6.83      9.79      7.36
     -6.35     11.23      7.36
     -6.35     12.18      7.36
     -6.35     13.14      7.84
     -6.35     14.10      7.84
     -5.87     15.05      8.32
     -5.87     16.01      8.32
     -4.92     16.49      8.80
     -4.44     17.45      8.80
     -3.96     18.88      9.28
     -3.48     19.84      9.76
     -2.04     20.80     10.24
     -1.09     21.75     11.19
     -0.13     21.75     12.15
      0.83     22.23     12.63
      1.78     22.23     13.11
      2.26     22.23     13.59
      2.26     21.75     14.06
      3.22     22.23     14.06
      4.18     22.71     14.54
      4.66     22.23     15.02
      5.13     20.80     14.54
      5.13     18.88     14.54
      5.13     18.40     15.02
      6.09     17.93     14.54
      6.57     16.97     14.54
      7.05     16.01     14.06
      7.53     15.53     13.11
      8.00     15.05     12.15
      8.00     13.62     12.15
      8.96     12.66     12.15
      9.44     12.18     12.63
      9.92     12.18     12.63
     10.40     11.70     12.15
     10.88     10.75     11.67
     10.88     10.27     11.19
     10.88      9.79     10.71
     11.83      9.31      9.76
     12.31      9.31      8.32
     12.79      9.31      6.89
     12.79      9.31      6.41
     12.79      9.31      5.45
     12.79      9.79      3.54
     12.79      9.79      2.58
     12.79      9.31      1.62
     12.79      9.31      0.67
     12.79      8.83      0.19
     12.31      7.88     -0.77
     12.31      7.40     -1.25
     11.35      6.44     -1.73
     10.40      5.48     -2.21
      9.92      5.01     -2.21
      8.96      4.05     -2.68
      8.48      3.09     -2.68
      7.53      2.61     -2.21
      6.09      2.13     -2.21
      5.13      2.13     -2.68
      4.66      1.18     -2.68
      3.70      0.70     -2.68
      2.74      0.22     -3.64
      1.78     -0.26     -3.64
      0.83     -1.22     -4.60
     -0.13     -1.69     -5.08
     -1.09     -1.69     -6.03
     -1.57     -2.17     -6.99
     -2.04     -2.17     -7.95
     -2.52     -2.65     -8.90
     -3.48     -2.65     -9.86
     -4.44     -3.13    -10.34
     -4.92     -3.13    -11.78
     -5.39     -3.13    -12.73
     -5.87     -3.61    -13.21
     -6.35     -3.61    -14.17
     -6.83     -4.09    -14.65
     -6.83     -5.04    -15.13
     -7.79     -5.52    -15.13
     -6.83     -6.96    -15.13
     -6.83     -7.44    -14.17
     -6.83     -8.39    -14.17
     -6.35     -8.87    -13.21
     -5.87     -9.35    -12.73
     -5.39    -10.31    -12.25
     -4.92    -10.79    -11.78
     -4.44    -10.79    -11.30
     -3.48    -11.26    -10.82
     -3.00    -11.26    -10.34
     -2.52    -11.26     -9.86
     -1.57    -11.26     -9.38
     -1.09    -11.26     -9.38
     -0.61    -10.79     -8.90
     -0.13    -10.79     -8.90
      0.35    -10.79     -8.43
      0.35    -10.31     -9.38
      0.83    -10.31     -9.38
      1.31    -10.31     -9.38
      0.83    -10.31     -9.86
      0.83     -9.83    -10.34
      0.83     -9.83    -10.34
      0.35     -9.83    -10.82
      0.35     -9.83    -10.82
     -0.13     -9.83    -10.82
     -0.13     -9.35    -11.30
     -0.13     -8.87    -11.30
     -0.13     -8.39    -11.30
     -0.13     -7.44    -11.30
      0.35     -6.48    -11.30
      0.35     -5.52    -10.82
      0.35     -4.57    -10.34
      0.83     -4.09    -10.34
      0.35     -3.61     -9.86
      0.35     -3.13     -9.86
      0.35     -2.17    -10.34
      0.35     -2.17     -9.86
     -0.13     -2.17    -10.34
     -0.61     -1.69    -10.34
     -0.61     -1.69    -10.34
     -0.61     -1.22    -10.82
     -1.09     -0.74    -10.82
     -1.09     -0.74    -11.30
     -2.04     -0.26    -11.78
     -2.04      0.22    -12.25
     -3.00      0.22    -12.73
     -3.00      0.22    -12.73
     -3.48      0.22    -12.73
     -3.96      0.22    -12.73
     -4.44      0.22    -12.73
     -4.92      0.22    -12.73
     -4.92      0.22    -12.73
     -5.39     -0.26    -12.25
     -5.39     -0.26    -12.25
     -5.39     -0.26    -12.25
     -5.87     -0.26    -12.25
     -5.87     -0.74    -12.25
     -5.87     -0.74    -11.78
     -5.87     -0.74    -11.78
     -6.35     -1.22    -11.30
     -6.35     -1.22    -11.30
     -6.35     -1.22    -11.30
     -6.35     -1.69    -10.82
     -6.83     -2.17    -10.82
     -6.83     -2.17    -10.34
     -6.83     -2.17     -9.86
     -6.83     -2.65     -9.38
     -7.31     -2.65     -8.43
     -7.31     -2.17     -7.95
     -7.31     -2.17     -7.47
     -7.31     -2.17     -6.51
     -7.79     -2.17     -5.08
     -7.79     -1.69     -4.12
     -7.79     -1.69     -3.16
     -7.79     -1.69     -2.21
     -7.79     -1.69     -0.77
     -7.79     -1.69      0.19
     -7.79     -1.69      1.14
     -7.79     -1.22      2.58
     -7.79     -0.74      3.54
     -7.79     -0.26      4.97
     -7.31      0.22      5.93
     -7.31      0.22      7.36
     -6.83      0.70      7.84
     -6.83      1.18      9.28
     -5.87      1.66      9.76
     -5.87      2.13     10.71
     -4.92      2.61     11.67
     -3.96      3.09     12.63
     -3.48      3.57     13.11
     -3.00      4.53     14.06
     -2.04      4.53     14.54
     -1.09      4.53     15.02
     -0.13      4.53     15.02
      0.35      4.53     15.02
      1.31      4.53     15.02
      2.26      4.05     15.02
      2.74      4.05     15.02
      3.22      3.57     14.06
      4.18      3.57     13.11
      4.66      3.57     12.63
      5.13      3.57     11.67
      6.09      2.61     10.24
      6.57      3.57      9.76
      7.05      3.57      8.80
      7.53      4.05      7.84
      8.00      4.05      7.36
      8.48      4.05      6.89
      8.96      4.53      6.41
      9.44      4.53      5.93
      9.44      4.53      5.45
      9.44      5.01      5.45
      9.44      5.01      5.45
      8.96      5.48      5.45
      8.96      5.96      5.45
      8.48      6.44      4.97
      8.00      6.92      4.49
      7.05      7.88      4.02
      6.57      8.35      3.54
      5.61      8.35      3.06
      4.66      8.83      2.58
      4.18      8.83      2.10
      3.70      8.35      2.10
      2.74      8.35      1.62
      1.78      7.88      1.62
      0.83      7.40      1.62
     -0.13      7.40      2.10
     -1.09      7.40      2.10
     -1.57      7.40      2.58
     -2.04      6.92      2.58
     -2.52      7.40      3.54
     -3.00      7.40      4.02
     -3.48      7.40      4.49
     -3.96      7.40      4.97
     -3.96      6.92      5.45
     -3.96      7.40      5.93
     -3.96      6.92      6.41
     -4.44      6.92      7.36
     -3.96      6.44      7.36
     -3.96      5.96      7.84
     -3.96      5.48      8.32
     -3.96      5.01      8.80
     -4.44      4.05      8.32
     -4.44      4.05      9.28
     -4.44      3.57      9.28
     -4.44      3.09      8.80
     -4.44      3.09      9.28
     -4.44      2.61      9.76
     -4.44      2.61      9.28
     -4.44      2.61      9.76
     -4.92      2.61      9.76
     -4.44      2.61     10.24
     -4.44      2.61     10.24
     -4.44      2.61     10.24
     -4.44      2.61     10.24
     -4.44      2.61     10.24
     -4.44      2.61     10.71
     -3.96      2.61     10.71
     -3.96      2.61     11.19
     -3.96      2.61     10.71
     -3.48      3.09     10.71
     -3.96      3.09     10.71
     -3.48      3.57     10.24
     -3.48      3.57      9.76
     -3.48      4.05      9.28
     -3.00      4.53      8.32
     -3.00      5.01      7.36
     -2.52      4.53      6.41
     -2.04      4.05      4.97
     -1.57      3.57      4.02
     -1.09      3.09      3.06
     -0.61      2.61      1.62
     -0.13      1.66      0.19
      0.35      1.18     -0.77
      1.31      0.70     -1.73
      2.26      0.70     -3.16
      3.22      0.22     -4.12
      4.18      0.22     -5.56
      5.13      0.22     -6.99
      6.09      0.22     -8.43
      6.57      0.22     -9.38
      7.53      0.22     -9.86
      8.00     -0.26    -11.30
      8.96     -0.26    -12.25
      9.44     -0.74    -12.73
      9.44     -1.22    -13.21
      9.92     -1.69    -13.21
      9.92     -2.17    -13.69
      9.92     -3.13    -13.69
      9.92     -3.61    -13.69
      9.44     -4.57    -13.69
      8.96     -5.04    -13.69
      8.48     -6.00    -14.17
      7.05     -6.48    -13.69
      7.05     -7.44    -13.69
      6.57     -7.91    -13.69
      6.09     -8.87    -13.21
      5.13    -10.31    -13.21
      5.13    -10.31    -12.25
      4.18    -10.79    -11.30
      3.70    -11.26    -10.82
      3.22    -11.74     -9.86
      2.26    -12.22     -8.43
      2.26    -12.22     -7.47
      1.78    -12.70     -6.03
      1.31    -12.70     -5.08
      0.83    -12.70     -4.12
      0.35    -12.70     -3.16
     -0.13    -13.18     -2.21
     -0.61    -13.66     -1.73
     -0.61    -13.66     -1.73
     -0.61    -14.14     -1.73
     -1.09    -14.61     -1.25
     -1.09    -14.61     -1.25
     -1.57    -15.09     -0.77
     -1.57    -15.57     -0.77
     -2.04    -16.05     -0.77
     -2.04    -16.05     -1.25
     -2.04    -16.53     -1.73
     -2.04    -16.53     -2.21
     -2.04    -16.53     -2.68
     -2.04    -16.05     -3.16
     -1.57    -16.05     -4.12
     -1.09    -16.05     -4.60
     -1.09    -16.05     -5.08
     -1.09    -15.57     -5.56
     -0.61    -15.09     -6.03
     -0.13    -15.09     -6.51
      0.35    -15.09     -6.99
      0.83    -14.14     -6.99
      0.83    -14.14     -7.47
      1.31    -13.66     -7.95
      1.78    -13.66     -7.95
      2.26    -13.18     -8.43
      2.74    -13.18     -8.90
      3.22    -12.70     -9.38
      3.70    -12.22     -9.86
      4.18    -12.22    -10.82
      4.66    -12.70    -10.82
      5.13    -12.22    -10.82
      5.61    -11.74    -11.30
      5.61    -11.74    -10.82
      6.09    -11.26    -11.30
      6.57    -11.26    -11.30
      6.57    -10.79    -11.30
      6.57    -10.31    -11.30
      7.05    -10.31    -11.30
      7.05    -10.31    -10.82
      7.53    -10.31    -10.82
      7.53     -9.83    -10.34
      8.00     -9.83    -10.34
      7.53     -9.35     -9.86
      7.05     -9.35     -9.38
      7.05     -8.87     -9.38
      7.05     -7.91     -9.38
      6.57     -7.44     -9.38
      6.09     -6.48     -8.90
      6.09     -6.00     -8.43
      5.61     -5.52     -8.43
      4.66     -4.57     -7.95
      4.18     -4.09     -6.99
      3.70     -3.13     -6.99
      3.22     -2.65     -6.51
      2.26     -1.69     -6.03
      1.31     -1.22     -5.08
      0.83     -0.74     -4.60
      0.35     -0.74     -4.12
     -1.09      0.22     -2.68
     -1.57      0.70     -1.73
     -2.04      0.70     -1.25
     -2.04      0.70     -0.77
     -3.00      0.70     -0.77
     -4.44      0.70     -0.29
     -4.92      0.22      0.19
     -5.87      1.18      0.19
     -7.31      2.13      0.67
     -6.83      2.13      1.62
     -6.83      2.61      2.10
     -7.31      3.09      3.06
     -7.31      3.09      4.02
     -7.31      2.61      4.49
     -7.31      3.09      4.97
     -7.31      3.57      4.97
     -7.79      3.57      5.93
     -6.83      4.05      6.41
     -6.83      4.05      7.84
     -6.35      4.05      8.80
     -5.87      4.53      9.28
     -5.87      5.01     10.24
     -5.39      5.01     10.71
     -5.87      5.48     11.67
     -4.92      5.96     12.15
     -4.44      5.96     13.11
     -4.44      6.44     13.59
     -3.96      6.92     14.06
     -3.96      7.40     14.54
     -3.48      7.88     15.02
     -3.00      8.35     15.02
     -2.52      8.83     15.02
     -2.04      9.31     15.50
     -2.04      9.79     15.98
     -2.04      9.79     15.98
     -1.09      9.79     16.46
     -1.09     10.27     16.94
     -1.09     10.27     16.94
     -0.61     10.27     17.41
      0.35     10.27     17.89
      0.35     10.75     18.37
      1.31     11.23     18.85
      1.78     11.70     18.85
      2.26     12.18     18.85
      2.74     13.14     19.33
      3.22     13.14     19.81
      3.70     13.62     20.28
      4.18     13.62     20.28
      4.66     14.10     20.76
      5.13     15.53     21.24
      5.61     16.49     21.24
      6.09     17.45     21.72
      6.57     17.93     21.72
      7.05     18.40     21.72
      7.05     18.40     21.24
      7.05     18.40     20.76
      6.57     18.40     20.28
      6.57     18.40     19.33
      5.61     17.93     18.85
      4.66     15.53     18.37
      3.22     13.62     17.41
      2.26     12.18     17.41
      1.78     11.70     16.94
      1.31     11.23     16.46
     -0.13     11.23     16.46
     -1.09     12.18     15.98
     -2.04     13.62     15.98
     -3.00     14.10     15.98
     -3.96     14.10     15.98
     -4.92     14.58     15.98
     -5.87     14.58     15.50
     -6.83     14.58     15.02
     -7.31     14.10     15.02
     -7.79     14.10     14.54
     -8.74     14.10     14.54
     -9.22     14.10     14.06
     -9.70     14.10     14.06
    -10.18     14.10     14.06
    -10.18     13.62     13.11
    -10.66     13.62     12.63
    -11.14     14.10     12.15
    -11.14     14.10     11.67
    -11.14     14.10     10.24
    -11.61     14.10      9.28
    -11.61     13.62      9.28
    -11.61     13.62      8.32
    -11.14     13.14      7.36
    -11.14     13.14      6.41
    -11.14     13.14      6.41
    -10.66     12.66      4.97
     -9.22     12.66      4.02
     -8.74     12.18      4.02
     -8.74     11.23      2.58
     -8.26     10.75      0.67
     -6.35     10.75      1.62
     -4.92     10.75      1.62
     -3.96     10.27     -0.77
     -3.00      9.31     -2.68
     -2.52      8.35     -3.16
     -1.57      8.35     -4.12
     -0.61      7.88     -5.08
      0.83      7.40     -5.56
      1.31      6.92     -6.99
      2.74      5.96     -7.95
      3.70      5.48     -8.43
      4.18      5.01     -9.38
      5.13      4.53    -10.82
      5.61      4.05    -12.25
      6.09      4.05    -12.73
      6.57      3.57    -13.21
      7.05      3.09    -14.65
      7.53      2.61    -15.13
      8.00      2.13    -16.08
      8.00      1.66    -17.52
      8.48      1.18    -18.00
      8.96      0.22    -18.48
      8.48     -0.74    -18.95
      8.96     -2.17    -18.48
      8.96     -2.65    -19.43
      8.48     -3.13    -19.43
      8.48     -3.61    -19.43
      8.00     -4.57    -19.91
      8.00     -5.04    -20.87
      8.00     -5.52    -20.87
      8.00     -6.00    -20.39
      8.00     -6.00    -20.39
      8.00     -6.48    -20.39
      8.00     -7.44    -20.39
      7.53     -7.91    -21.35
      7.05     -8.87    -21.82
      6.09     -9.35    -22.78
      5.61     -9.83    -23.26
      4.66    -11.26    -23.26
      3.22    -12.22    -23.74
      1.78    -13.18    -22.78
      1.31    -14.14    -21.82
      1.78    -15.09    -22.78
      1.31    -16.53    -23.26
      0.35    -18.44    -22.78
     -0.13    -19.40    -22.78
     -0.61    -19.40    -22.78
     -0.61    -19.88    -22.30
     -0.61    -19.88    -21.82
     -0.13    -19.88    -21.35
     -0.13    -19.40    -21.35
     -0.61    -19.88    -19.91
     -0.61    -19.88    -19.91
     -1.09    -20.36    -19.43
     -1.09    -20.83    -18.48
     -1.57    -20.36    -17.52
     -2.04    -19.88    -16.56
     -2.04    -19.40    -16.08
     -2.04    -19.40    -16.08
     -1.57    -19.88    -15.60
     -1.57    -20.36    -14.17
     -1.57    -21.31    -14.17
     -1.09    -22.27    -14.17
     -1.09    -21.79    -13.69
     -2.04    -19.40    -14.65
     -2.04    -17.96    -14.65
     -2.04    -17.96    -13.69
     -2.04    -17.49    -12.73
     -2.04    -17.49    -12.25
     -1.09    -17.01    -11.30
     -1.09    -16.53    -10.34
     -1.09    -15.57     -9.86
     -1.09    -14.61     -8.90
     -0.61    -13.66     -8.43
     -0.61    -12.70     -7.95
     -0.13    -11.26     -7.95
      0.35    -10.79     -6.99
      1.31    -10.31     -6.03
      1.78     -9.83     -5.56
      2.74     -8.87     -4.60
      3.70     -7.44     -4.12
      3.70     -7.44     -3.16
      4.18     -6.96     -2.68
      5.13     -6.00     -1.73
      5.61     -6.00     -1.73
      6.09     -5.52     -1.25
      6.09     -5.52     -0.29
      6.09     -5.52      0.19
      6.57     -5.04      0.19
      7.05     -5.04      0.67
      7.05     -5.04      1.14
      6.57     -5.52      1.62
      6.57     -5.52      2.58
      6.57     -5.52      2.58
      7.05     -5.52      3.06
      6.57     -5.52      3.06
      6.57     -5.52      4.02
      6.57     -5.04      4.49
      6.57     -4.57      4.97
      6.09     -4.09      5.93
      6.09     -3.13      5.93
      5.61     -2.17      6.41
      5.61     -1.22      7.36
      5.61     -0.26      7.84
      5.61      0.22      7.84
      5.13      0.70      7.84
      4.66      1.18      7.84
      4.66      2.13      8.32
      4.66      2.61      8.32
      4.66      3.09      8.32
      4.18      3.57      8.32
      4.18      4.05      8.80
      3.22      4.53      8.80
      3.22      5.48      9.28
      2.74      6.44      9.76
      2.26      6.44     10.24
      1.78      6.92     11.19
      1.31      7.88     11.67
      0.83      7.88     12.15
      0.35      8.35     12.15
      0.35      7.40     12.63
     -0.13      7.40     13.11
     -0.61      6.92     14.06
     -1.09      6.92     14.06
     -1.09      6.44     14.06
     -2.04      5.96     14.54
     -2.52      5.48     14.54
     -3.00      5.48     15.02
     -3.96      5.48     15.02
     -4.44      5.01     15.50
     -4.92      5.48     15.50
     -5.39      5.96     15.02
     -5.87      5.96     15.02
     -6.83      6.44     15.02
     -7.31      6.44     15.02
     -8.26      6.92     14.54
     -8.74      7.40     14.54
     -9.22      7.40     14.06
     -9.70      7.40     14.06
     -9.70      6.92     14.06
     -9.70      6.44     14.54
    -10.18      5.48     15.02
     -9.70      5.48     15.02
    -10.18      5.48     15.02
    -10.18      5.48     15.50
     -9.70      5.96     15.98
     -9.22      6.44     15.98
     -8.74      6.44     15.98
     -8.26      6.44     15.98
     -8.26      5.96     15.98
     -8.26      5.01     15.98
     -7.79      4.05     16.46
     -7.31      2.61     16.46
     -6.83      1.66     16.46
     -6.35      1.18     16.46
     -5.87      0.70     15.50
     -5.39      1.18     15.02
     -4.44      2.13     15.02
     -3.96      2.61     14.06
     -3.00      3.09     14.54
     -2.04      3.57     14.54
     -1.09      3.57     13.59
     -0.13      3.57     12.63
      0.83      4.05     11.19
      1.31      4.05     10.24
      2.26      3.57      9.28
      2.74      3.09      9.28
      3.70      2.61      8.32
      3.70      2.13      6.89
      4.18      1.66      5.93
      4.18      1.66      4.97
      4.18      1.18      3.54
      4.18      0.70      3.54
      4.18      0.70      3.06
      3.70      0.70      2.10
      3.22      1.18      1.62
      3.22      1.18      0.67
      2.74      1.18      0.19
      2.74      1.66     -0.77
      2.26      1.66     -1.25
      1.78      2.13     -1.73
      0.83      2.13     -2.68
      0.35      2.61     -3.64
     -0.61      2.61     -4.60
     -1.09      2.13     -5.08
     -1.09      1.66     -6.03
     -2.04      1.66     -6.51
     -2.52      1.66     -7.47
     -3.48      2.13     -7.47
     -3.96      3.09     -7.47
     -3.96      3.09     -7.47
     -3.96      3.09     -6.99
     -3.96      2.13     -7.47
     -3.96      2.13     -7.47
     -3.96      2.13     -7.95
     -3.96      1.66     -8.43
     -3.96      1.66     -8.43
     -4.44      1.18     -8.43
     -4.44      0.70     -8.43
     -4.44      0.22     -8.43
     -4.44      0.22     -8.43
     -4.44      0.22     -8.43
     -4.44      0.22     -7.95
     -3.96     -0.26     -7.47
     -3.48     -1.22     -7.47
     -3.48     -1.22     -7.47
     -3.00     -1.69     -7.47
     -3.00     -1.69     -7.47
     -3.00     -2.17     -7.47
     -2.52     -2.65     -6.51
     -3.00     -3.13     -6.51
     -2.52     -3.61     -6.51
     -2.52     -4.09     -6.51
     -2.52     -4.57     -6.03
     -2.04     -5.04     -6.03
     -2.04     -5.52     -6.51
     -2.04     -5.52     -6.51
     -2.52     -6.48     -6.51
     -2.04     -6.48     -6.51
     -1.57     -6.48     -7.47
     -1.57     -6.48     -7.95
     -1.57     -6.48     -7.47
     -1.09     -6.48     -6.99
     -1.09     -6.00     -7.47
     -1.09     -5.52     -7.47
     -0.61     -5.52     -6.99
     -0.13     -4.57     -7.47
      0.35     -4.09     -7.47
      0.83     -3.13     -7.47
      0.83     -3.13     -7.47
      1.31     -3.13     -7.95
      1.78     -4.09     -7.95
      2.26     -4.09     -7.47
      2.74     -4.09     -7.95
      3.22     -4.57     -7.95
      3.22     -4.57     -7.95
      3.70     -5.04     -7.95
      3.70     -5.52     -8.43
      3.70     -6.00     -8.43
      4.18     -6.00     -7.95
      4.18     -6.00     -7.95
      4.66     -5.52     -7.95
      5.13     -6.00     -8.43
      5.61     -6.00     -8.43
      5.61     -5.52     -7.95
      5.13     -4.09     -8.43
      5.61     -3.13     -9.38
      6.09     -2.65     -7.95
      6.09     -1.69     -7.95
      6.57     -0.74     -7.47
      6.57      0.22     -6.99
      6.09      0.22     -6.51
      6.09      1.18     -6.03
      6.09      1.66     -5.56
      6.09      2.13     -4.60
      6.09      3.09     -3.64
      6.09      3.57     -3.16
      6.09      4.53     -2.21
      5.13      5.01     -1.25
      6.09      5.96     -0.77
      5.61      6.44      0.19
      5.61      6.92      0.19
      5.13      7.40      0.19
      4.66      7.40      0.19
      4.66      7.40      0.19
      4.18      7.40     -0.29
      3.70      6.92     -0.77
      3.22      6.92     -1.25
      2.74      5.96     -1.25
      2.26      5.96     -1.73
      1.78      5.48     -1.73
      1.78      5.01     -2.21
      1.31      5.01     -1.73
      1.31      5.01     -1.73
      1.31      4.53     -1.73
      0.83      4.53     -1.73
      0.83      4.53     -1.25
      1.31      5.01     -1.25
      1.31      5.01     -0.77
      1.31      5.01     -0.77
      1.78      5.01     -0.29
      2.26      5.01      0.19
      2.74      4.53      0.19
      3.22      4.53      0.19
      3.22      4.05      0.19
      3.70      4.05      0.19
      4.18      4.05      0.67
      4.18      3.57      0.19
      4.66      4.05      0.19
      4.66      3.57      0.19
      4.66      4.05     -0.29
      5.13      3.57     -0.77
      5.61      4.05     -1.25
      5.61      3.57     -1.73
      6.09      3.57     -2.68
      6.09      3.09     -3.16
      6.09      3.09     -3.16
      6.57      2.61     -4.12
      6.57      2.61     -3.64
      6.09      2.61     -4.12
      6.09      2.61     -4.60
      6.09      2.13     -4.12
      5.13      2.13     -3.64
      5.13      1.66     -3.64
      4.66      0.70     -3.64
      4.66      1.66     -3.16
      4.18      3.09     -3.16
      3.70      3.09     -3.16
      3.70      3.09     -2.68
      2.74      3.57     -3.16
      2.26      4.05     -2.21
      2.26      4.05     -2.68
      1.78      4.53     -2.68
      1.31      4.53     -2.68
      0.83      3.57     -2.21
     -0.13      3.57     -2.21
     -0.61      2.61     -2.21
     -1.09      2.13     -1.73
     -1.09      2.13     -1.25
     -1.57      2.13     -1.73
     -2.04      2.13     -1.73
     -3.00      2.61     -1.25
     -3.48      2.13     -1.25
     -3.48      2.61     -1.73
     -3.96      2.13     -1.25
     -4.44      1.66     -0.77
     -4.92      1.18     -0.29
     -5.39      0.70      0.19
     -5.39      0.22      0.19
     -5.39      0.22      0.67
     -6.35     -0.26      1.14
     -6.35     -1.22      1.62
     -6.35     -1.22      2.58
     -6.35     -2.17      3.06
     -6.35     -2.65      3.54
     -6.35     -3.13      4.02
     -6.35     -3.61      4.02
     -6.35     -3.61      4.02
     -5.87     -4.09      4.02
     -5.87     -4.57      4.49
     -5.39     -5.04      4.49
     -4.92     -5.04      4.49
     -4.92     -5.04      4.49
     -4.44     -5.04      4.49
     -3.96     -5.04      4.49
     -3.96     -5.04      4.97
     -3.00     -5.04      4.97
     -2.52     -4.57      4.97
     -2.04     -4.09      4.97
     -1.57     -4.57      4.97
     -1.09     -4.57      5.45
     -1.09     -4.57      4.97
     -1.09     -4.57      4.97
     -0.61     -5.04      4.97
     -0.61     -4.57      4.49
     -0.13     -4.57      4.49
      0.35     -5.04      4.02
      0.83     -5.04      3.54
      0.83     -5.52      2.58
      1.31     -5.52      2.10
      1.78     -5.52      1.14
      1.78     -5.52      0.67
      2.26     -5.52      0.19
      2.26     -5.52      0.19
      2.26     -5.52     -0.29
      2.26     -6.00     -0.77
      2.74     -5.52     -1.25
      2.74     -5.52     -2.21
      2.74     -5.52     -2.68
      3.22     -5.52     -3.16
      3.22     -5.52     -3.64
      3.22     -5.52     -4.12
      2.74     -5.52     -5.08
      2.26     -5.52     -5.56
      2.74     -5.04     -6.03
      2.26     -4.57     -6.51
      2.74     -4.09     -7.47
      2.74     -3.61     -7.95
      2.74     -3.13     -8.43
      2.26     -2.65     -8.90
      2.26     -2.65     -9.38
      1.78     -1.69     -9.38
      2.26     -0.74     -9.86
      2.26      0.22    -10.34
      2.26      0.22    -10.82
      1.78      0.70     -9.86
      1.78      1.18     -9.86
      1.78      1.18     -9.86
      1.31      1.66     -9.38
      1.31      2.61     -8.90
      1.31      3.09     -8.90
      1.31      3.57     -8.90
      0.83      4.05     -7.95
      0.35      4.05     -7.47
      0.35      5.01     -7.47
     -0.13      5.48     -7.47
     -0.13      6.44     -6.99
     -0.13      6.92     -6.51
     -0.13      6.44     -5.08
     -1.09      5.48     -3.64
     -1.57      5.01     -2.68
     -1.09      5.01     -3.16
     -1.57      5.48     -3.64
     -2.04      5.96     -2.68
     -2.52      5.48     -1.73
     -2.52      5.01     -0.77
     -3.48      4.53      0.19
     -4.44      4.05      0.67
     -4.44      4.05      1.62
     -4.92      4.05      2.10
     -4.92      4.05      3.06
     -5.39      3.57      4.02
     -5.87      3.57      4.97
     -5.87      2.61      6.41
     -6.35      3.09      7.36
     -6.35      3.09      8.32
     -6.35      3.09      9.28
     -6.35      3.09     10.71
     -6.35      2.61     12.15
     -6.35      1.66     13.59
     -5.87      1.18     15.02
     -5.87      0.22     16.46
     -5.87     -0.26     17.41
     -5.87     -0.74     18.37
     -5.39     -0.74     18.85
     -4.92     -1.22     19.33
     -4.92     -1.69     20.76
     -4.92     -2.65     21.72
     -4.44     -3.13     22.20
     -4.44     -3.61     22.20
     -3.96     -3.13     22.68
     -3.48     -2.17     22.68
     -3.00     -1.69     22.68
     -2.52     -1.22     23.63
     -2.04     -0.74     23.63
     -1.57     -0.26     24.11
     -1.09      0.22     23.63
     -0.61      0.70     23.63
     -0.13      1.66     24.11
     -0.13      1.66     24.11
      0.35      2.13     24.11
      0.35      2.61     23.63
      0.35      2.61     23.16
      0.35      3.57     22.68
      0.35      4.05     21.72
      0.35      4.53     22.20
      0.35      5.01     22.68
     -0.13      4.53     23.16
     -0.61      4.05     23.63
     -1.09      4.53     22.68
     -1.09      5.01     21.24
     -0.13      5.96     19.81
     -0.13      5.96     19.81
     -0.61      5.01     20.28
     -1.09      4.53     20.76
     -1.09      4.05     19.81
     -1.09      3.57     18.85
     -1.57      3.57     17.41
     -2.04      3.09     16.46
     -2.04      2.13     15.50
     -2.04      1.18     14.54
     -2.52      0.22     14.54
     -3.48     -1.22     14.06
     -3.48     -1.69     13.11
     -3.96     -2.17     11.67
     -3.96     -2.17     10.24
     -3.96     -2.17      9.28
     -3.96     -2.65      8.32
     -3.96     -2.65      7.84
     -3.96     -2.65      7.36
     -4.44     -2.17      6.41
     -3.96     -1.69      5.45
     -3.96     -1.22      4.02
     -3.96     -1.22      2.58
     -3.96     -1.69      1.14
     -3.96     -2.17      0.19
     -4.44     -2.65     -0.77
     -4.92     -3.13     -2.21
     -5.39     -3.61     -3.16
     -5.39     -3.61     -5.08
     -4.92     -3.61     -6.51
     -5.39     -3.61     -8.43
     -4.92     -3.61     -9.86
     -4.92     -3.13    -10.34
     -4.44     -2.65    -11.78
     -3.96     -2.65    -13.21
     -3.96     -2.17    -14.65
     -3.48     -2.17    -15.13
     -2.52     -1.69    -16.08
     -2.52     -1.22    -17.04
     -2.04     -1.22    -17.52
     -1.09     -0.74    -18.48
     -0.61     -0.74    -19.43
     -0.13     -0.74    -19.91
      0.83     -0.26    -20.87
      0.83     -0.26    -21.82
      0.83      0.22    -22.30
      1.31      0.22    -23.26
      1.78      0.22    -24.22
      1.78      0.70    -25.65
      2.26      0.70    -26.13
      2.26      0.70    -26.61
      2.74      0.70    -26.61
      2.74      0.70    -27.09
      3.70      1.18    -27.57
      4.18      1.18    -28.05
      4.18      0.22    -28.52
      4.18      0.22    -28.52
      4.66      0.22    -28.52
      4.66      0.70    -28.52
      4.66      0.70    -29.00
      4.66      0.70    -28.52
      5.13      0.70    -27.57
      5.13      0.70    -27.09
      4.66      0.22    -26.61
      4.18      0.22    -26.61
      4.18      0.22    -27.09
      4.18      0.22    -27.57
      3.70      0.22    -26.61
      3.70     -0.74    -25.65
      3.70     -0.74    -25.65
      3.22     -1.22    -25.65
      2.26     -2.17    -24.22
      2.26     -3.13    -23.26
      1.78     -3.13    -23.26
      2.26     -3.61    -23.74
      1.78     -4.09    -23.26
      1.78     -4.57    -21.82
      1.31     -5.04    -20.39
      0.83     -5.04    -18.95
      0.35     -5.04    -18.00
     -0.13     -5.52    -17.04
     -0.13     -6.48    -16.08
     -0.61     -6.96    -15.13
     -1.09     -6.96    -13.21
     -1.09     -7.91    -12.25
     -1.57     -8.39    -11.30
     -2.04     -9.35     -9.86
     -2.52     -9.83     -9.38
     -2.52    -10.31     -8.90
     -2.52    -10.31     -8.90
     -3.00    -10.31     -8.43
     -3.00    -10.79     -7.95
     -3.00    -10.79     -7.47
     -3.00    -11.26     -6.99
     -3.00    -11.26     -6.51
     -3.00    -11.26     -6.03
     -3.00    -10.79     -6.03
     -3.00    -10.79     -5.56
     -3.00    -10.31     -4.60
     -3.00    -10.31     -4.12
     -2.52     -9.83     -3.64
     -2.52    -10.31     -3.16
     -2.52     -9.83     -3.16
     -2.04     -9.83     -3.16
     -2.04     -9.35     -3.16
     -2.04     -8.87     -3.16
     -1.57     -8.87     -2.68
     -1.57     -8.39     -2.21
     -1.09     -7.91     -1.73
     -0.61     -7.44     -1.25
     -0.13     -6.96     -1.25
      0.35     -6.96     -1.25
      0.83     -6.48     -1.25
      1.78     -6.00     -0.77
      2.26     -5.52      0.19
      3.22     -4.57      0.19
      3.70     -4.09      1.14
      4.66     -3.61      2.10
      5.61     -3.13      3.06
      6.09     -2.17      4.02
      6.57     -1.69      4.97
      7.53     -0.74      6.41
      8.48      0.22      6.89
      8.96      0.70      7.84
      9.92      1.66      9.28
      9.92      2.13     10.24
     10.40      3.09     10.71
     10.88      3.57     11.19
     11.35      4.05     12.15
     11.83      4.53     13.11
     12.31      5.01     14.06
     12.31      5.48     15.02
     12.31      5.48     15.98
     12.31      5.96     16.46
     11.83      5.96     17.89
     11.83      6.44     18.85
     11.35      6.92     19.81
     10.88      6.92     20.28
     10.40      6.44     20.76
      9.92      6.44     21.72
      8.96      6.44     21.72
      8.48      6.92     23.16
      7.53      7.40     23.16
      7.05      6.92     23.63
      6.57      6.92     23.63
      5.61      6.92     24.11
      4.66      6.92     24.59
      4.18      6.92     25.07
      3.22      6.44     25.55
      2.26      6.44     25.55
      1.78      6.44     25.55
      0.83      6.44     25.55
     -0.13      7.40     25.07
     -0.61      7.40     25.07
     -1.09      6.92     25.07
     -2.04      7.40     24.59
     -3.00      6.92     24.11
     -3.48      6.44     23.63
     -3.48      5.96     22.20
     -3.96      5.48     22.20
     -4.92      5.01     21.24
     -5.39      4.53     20.28
     -5.87      4.53     19.81
     -5.87      4.05     18.85
     -5.87      3.57     17.41
     -5.87      3.09     16.46
     -5.87      2.61     15.50
     -6.35      2.13     15.02
     -5.39      2.13     14.54
     -5.87      1.66     14.06
     -5.39      1.66     12.63
     -5.39      1.66     11.67
     -5.39      1.66     11.19
     -5.39      2.13     10.71
     -5.39      2.61     10.24
     -5.39      3.09      8.80
     -5.87      4.05      7.84
     -5.39      5.01      7.84
     -5.39      3.57      7.84
     -5.39      2.13      7.36
     -5.87      1.18      7.36
     -5.39      1.18      7.36
     -5.39      0.22      6.41
     -5.87      0.22      4.97
     -6.35      0.70      4.49
     -6.35      1.66      4.49
     -5.87      2.13      4.49
     -5.87      2.13      4.49
     -5.39      2.61      3.54
     -5.39      3.09      3.06
     -5.87      3.09      2.58
     -5.39      3.57      2.10
     -4.92      3.57      1.62
     -4.44      3.57      1.62
     -3.96      3.57      1.62
     -3.48      3.57      1.62
     -3.00      3.57      1.14
     -2.52      3.57      0.67
     -2.04      3.57      0.19
     -1.09      4.05     -0.77
     -1.09      4.05     -1.25
     -0.61      4.05     -2.21
     -0.61      4.05     -2.68
     -0.13      4.53     -3.64
      0.35      4.05     -4.60
      0.35      4.05     -5.56
      0.83      4.05     -6.03
      0.83      4.53     -6.51
      1.31      4.53     -6.99
      1.78      4.53     -7.47
      1.78      5.01     -7.95
      1.78      4.53     -7.95
      1.78      4.53     -7.95
      2.26      4.53     -8.43
      2.26      4.53     -8.43
      2.26      4.05     -8.43
      2.26      3.57     -8.43
      2.26      3.09     -8.90
      2.26      2.61     -9.38
      1.78      2.13     -9.38
      1.78      1.66     -9.38
      1.31      1.66     -9.86
      0.83      1.18    -10.34
      0.83      0.70    -10.34
      0.35      0.70    -10.82
     -0.13      0.22    -11.30
     -0.61      0.22    -11.78
     -0.61     -0.26    -12.25
     -1.09     -0.26    -12.73
     -1.09     -0.74    -13.69
     -2.04     -0.74    -13.69
     -2.52     -1.22    -14.17
     -3.00     -0.74    -14.65
     -3.48     -1.22    -15.13
     -3.96     -1.22    -15.60
     -3.96     -1.22    -16.08
     -3.96     -1.69    -16.56
     -3.96     -2.17    -16.08
     -3.96     -2.17    -16.08
     -4.44     -2.65    -16.08
     -4.44     -3.13    -15.60
     -4.44     -3.61    -15.60
     -4.44     -4.57    -15.13
     -3.96     -4.57    -15.13
     -3.48     -5.04    -14.65
     -3.48     -6.00    -14.65
     -3.48     -7.44    -13.69
     -3.00     -8.39    -13.21
     -3.00     -8.39    -13.21
     -2.52     -8.87    -13.21
     -2.04     -9.35    -12.25
     -1.57    -10.31    -11.78
     -1.09    -11.26    -11.30
     -0.61    -11.26    -11.30
     -0.13    -11.74    -10.82
      0.35    -12.22    -10.34
      0.35    -12.70     -9.86
      1.31    -13.18     -9.38
      1.31    -13.66     -8.90
      1.78    -14.14     -8.43
      2.26    -14.61     -7.47
      2.26    -15.09     -6.99
      2.74    -15.57     -6.51
      2.74    -15.57     -6.51
      2.74    -16.05     -6.03
      3.22    -15.57     -5.56
      3.70    -16.53     -5.08
      3.22    -16.05     -5.08
      3.70    -15.57     -4.60
      3.70    -15.57     -4.60
      3.22    -15.57     -4.60
      3.22    -15.57     -4.12
      2.74    -15.09     -4.12
      3.22    -14.61     -4.12
      3.22    -14.14     -4.12
      3.22    -13.66     -4.12
      2.74    -13.18     -3.64
      2.26    -12.70     -3.64
      2.26    -12.22     -3.16
      1.78    -11.74     -3.16
      1.31    -11.26     -3.16
      0.83    -10.79     -2.68
      0.83     -9.83     -2.68
      0.35     -9.35     -2.68
      0.35     -8.39     -2.68
     -0.13     -7.44     -2.68
     -0.61     -6.96     -2.68
     -1.09     -6.48     -1.73
     -1.09     -6.00     -1.25
     -1.57     -5.52     -0.29
     -2.04     -5.04      0.19
     -2.52     -4.09      0.67
     -3.00     -3.61      1.14
     -3.48     -3.13      2.10
     -3.96     -2.65      3.06
     -3.96     -2.17      4.02
     -4.44     -2.17      4.97
     -4.92     -1.69      5.93
     -4.92     -1.69      6.41
     -5.39     -1.69      7.36
     -5.39     -1.22      7.84
     -5.39     -1.22      8.80
     -5.87     -0.74      9.76
     -5.87     -0.26     10.71
     -5.39      0.22     11.19
     -5.39      0.22     12.15
     -5.39      0.70     12.63
     -4.92      0.70     13.59
     -4.44      1.18     14.06
     -4.44      1.66     14.54
     -3.48      1.66     15.02
     -3.00      1.66     15.50
     -2.52      2.13     15.50
     -1.57      2.13     15.50
     -1.09      2.13     15.50
     -0.61      2.13     15.98
      0.35      2.13     15.98
      0.83      2.13     15.50
      2.26      2.13     15.02
      2.74      2.13     15.02
      3.70      2.13     15.02
      4.18      2.13     15.02
      4.66      2.13     14.54
      5.13      2.61     14.06
      5.61      3.09     13.11
      6.09      3.57     13.11
      6.57      4.05     12.63
      6.09      4.53     12.15
      6.57      4.53     12.15
      6.57      5.01     11.19
      6.57      5.96     10.24
      6.57      6.44     10.71
      6.09      6.92     10.24
      6.09      7.40     10.24
      6.09      8.35      9.76
      6.09      9.31      9.76
      6.09     10.27      9.76
      5.61     10.75      9.76
      5.13     11.70      9.76
      5.13     13.14      9.76
      5.13     14.10      9.28
      4.66     15.05      9.28
      4.66     16.01      9.76
      4.18     16.97      9.76
      4.18     17.93      9.76
      3.22     18.88      9.28
      3.70     19.84      8.80
      3.22     20.80      8.80
      3.22     21.27      8.32
      2.74     22.23      8.32
      2.74     22.71      8.32
      1.78     23.19      7.84
      1.31     24.15      7.36
      1.31     24.62      6.41
      1.31     25.58      5.93
      0.83     26.06      4.97
      0.35     26.06      4.49
      0.35     26.06      4.02
     -0.13     26.06      3.54
     -0.61     26.06      2.58
     -0.61     26.06      1.14
     -1.09     26.06      1.14
     -1.09     25.58      0.19
     -1.09     24.62      0.19
     -1.09     24.62     -0.29
     -1.09     24.15     -0.77
     -1.09     23.67     -1.25
     -1.09     22.71     -1.73
     -1.09     22.23     -2.21
     -1.09     21.75     -2.21
     -1.57     21.75     -2.68
     -1.57     21.27     -3.16
     -1.09     20.80     -3.64
     -1.09     21.27     -3.64
     -1.09     20.32     -4.12
     -1.09     19.84     -4.60
     -1.09     19.36     -5.08
     -1.09     18.88     -5.08
     -1.09     18.88     -5.56
     -1.09     18.40     -6.03
     -1.57     18.40     -6.51
     -1.57     17.93     -6.99
     -1.57     17.93     -7.47
     -2.04     16.97     -7.47
     -2.52     16.49     -7.95
     -2.52     16.49     -7.95
     -3.00     15.53     -7.95
     -3.00     15.05     -7.95
     -3.00     14.10     -7.95
     -3.00     13.14     -7.95
     -3.48     12.66     -7.47
     -3.48     11.70     -7.47
     -3.48     10.75     -7.47
     -3.48      9.79     -6.99
     -3.48      8.83     -7.47
     -3.48      7.88     -6.99
     -3.48      6.92     -6.99
     -3.48      5.96     -6.99
     -3.48      4.53     -6.99
     -2.52      3.57     -6.99
     -2.52      2.61     -7.47
     -2.04      1.66     -7.47
     -1.57      0.70     -7.47
     -1.09     -0.26     -7.47
     -1.09     -0.74     -7.47
     -0.61     -1.69     -7.47
     -0.13     -2.65     -7.47
      0.35     -3.61     -7.47
      0.83     -4.57     -7.47
      1.31     -5.52     -7.47
      1.78     -6.96     -6.99
      2.26     -8.39     -6.99
      2.74     -8.87     -6.99
      3.22     -9.83     -6.03
      3.70    -11.26     -5.56
      4.18    -12.22     -5.56
      4.66    -13.18     -5.08
      4.66    -13.66     -4.60
      5.13    -14.61     -4.12
      5.61    -15.09     -3.64
      5.61    -16.05     -3.16
      5.61    -17.01     -3.16
      5.61    -17.49     -3.16
      5.61    -18.44     -2.68
      5.61    -18.92     -2.68
      5.61    -19.40     -2.68
      5.61    -19.88     -2.21
      4.66    -20.36     -1.73
      4.66    -20.83     -1.73
      4.66    -21.31     -1.25
      4.66    -21.79     -1.25
      4.18    -22.27     -1.25
      3.70    -22.75     -0.77
      3.70    -23.23     -0.77
      3.70    -23.71     -0.29
      3.70    -23.71      0.19
      3.22    -24.18      0.67
      3.22    -24.66      1.62
      2.74    -25.14      2.58
      2.74    -25.62      3.06
      2.74    -25.62      4.02
      2.74    -26.10      4.97
      2.26    -26.58      5.45
      2.26    -27.53      6.89
      2.26    -28.01      7.36
      1.78    -28.01      8.32
      1.31    -28.49      9.28
      1.31    -28.97      9.76
      1.78    -28.97     11.19
      2.26    -29.45     11.67
      1.31    -29.93     12.63
      1.31    -30.41     13.59
      1.31    -29.93     13.59
      1.31    -29.93     13.59
      1.78    -29.45     14.54
      1.31    -29.93     15.02
      1.78    -30.41     15.02
      1.78    -29.93     15.50
      1.78    -29.93     15.98
      1.31    -29.45     15.98
      1.31    -29.93     16.46
      1.78    -29.93     15.98
      0.35    -29.93     15.50
      1.31    -29.93     15.50
      0.83    -29.45     15.50
      0.83    -29.45     15.50
      0.35    -29.45     15.02
      0.83    -29.93     14.54
      0.83    -29.45     14.06
      0.35    -27.53     12.15
      0.35    -26.58     11.19
     -0.13    -26.58     11.19
     -0.13    -25.62     10.71
     -0.13    -24.66      9.76
     -0.13    -23.71      9.28
     -0.13    -22.75      8.32
     -0.13    -21.79      7.84
      0.35    -21.79      7.36
     -0.13    -21.31      6.41
     -0.61    -20.36      5.45
     -0.13    -19.88      4.49
     -0.13    -18.92      3.54
      0.35    -17.96      3.06
      0.35    -17.01      2.10
      0.35    -15.57      2.10
      0.35    -15.09      1.62
      0.35    -14.61      1.14
      0.35    -13.66      0.67
      0.35    -11.74      0.19
      0.83    -10.79      0.19
      0.35     -9.35     -0.29
      0.35     -8.39     -0.29
      0.83     -7.91     -0.29
      0.83     -6.96     -0.77
      0.35     -5.52     -0.77
      0.35     -5.04     -0.29
      0.35     -3.61     -0.29
     -0.61     -2.17     -0.29
     -0.61     -1.69     -0.29
     -0.61     -0.26     -0.29
     -0.61      0.70     -0.77
     -0.61      1.66     -0.29
     -0.61      2.61     -0.77
     -0.61      3.57     -0.77
     -0.61      4.53     -1.25
     -0.61      5.48     -0.77
     -1.09      6.44     -0.77
     -1.09      6.92     -0.77
     -1.09      7.88     -1.25
     -1.09      8.83     -1.73
     -1.09      9.79     -2.68
     -1.57      9.79     -2.68
     -1.57     11.70     -2.68
     -1.09     12.18     -3.64
     -1.09     13.14     -3.64
     -1.09     13.14     -4.12
     -1.57     13.62     -4.12
     -1.09     13.62     -5.08
     -0.61     14.58     -6.03
     -0.61     15.05     -6.51
     -0.61     15.05     -6.03
     -0.61     15.53     -6.51
     -1.09     15.05     -7.47
     -1.09     15.05     -7.95
     -0.61     16.01     -8.90
     -0.13     16.49     -9.86
     -0.61     16.97    -10.34
     -0.61     17.45    -10.34
     -0.61     17.93    -10.34
     -0.61     17.93    -11.30
     -0.61     17.93    -11.78
     -0.61     17.45    -11.78
     -0.61     17.93    -11.78
     -0.13     19.36    -12.73
      0.35     20.32    -13.69
      0.35     21.27    -13.69
     -0.13     21.75    -13.21
     -0.13     22.23    -12.73
      0.35     22.71    -13.21
      0.35     22.71    -13.69
      0.35     22.71    -13.21
      0.35     23.19    -13.21
      0.83     23.67    -13.21
      0.83     24.62    -13.69
      1.31     25.10    -14.17
      1.31     25.58    -13.69
      1.31     26.06    -13.69
      1.78     26.54    -13.21
      1.78     26.06    -13.21
      2.26     26.54    -13.21
      2.26     26.06    -13.69
      2.26     26.06    -13.69
      2.26     25.58    -13.69
      1.78     25.58    -14.17
      1.78     25.58    -14.17
      1.31     25.10    -14.65
      1.31     25.10    -14.17
      1.31     24.62    -13.69
      0.35     24.62    -12.73
      0.35     24.62    -12.73
     -0.13     24.62    -12.73
      0.35     24.15    -12.73
      0.35     24.15    -12.73
     -0.13     24.15    -12.25
     -0.13     23.67    -11.78
     -0.61     23.67    -11.30
     -0.61     23.19    -11.30
     -1.09     22.71    -10.82
     -1.09     21.75    -10.34
     -1.09     21.27     -9.86
     -1.09     20.80     -8.90
     -1.09     20.32     -7.95
     -1.57     19.36     -6.99
     -1.57     17.93     -5.56
     -1.57     17.93     -5.08
     -1.09     16.97     -4.12
     -1.09     16.01     -2.68
     -1.09     15.53     -2.21
     -1.09     15.05     -1.25
     -1.09     14.10     -0.29
     -1.09     13.14      0.19
     -1.09     12.66      1.14
     -0.61     11.70      2.10
     -0.61     11.23      3.06
     -0.61     10.27      3.54
     -0.61      9.31      4.02
     -0.61      8.83      4.97
     -0.61      7.88      5.45
     -0.61      6.92      5.93
     -0.61      6.44      6.41
     -0.61      5.48      6.89
     -0.13      5.01      7.36
     -1.09      5.01      7.84
     -0.61      3.57      8.32
     -1.09      1.66      8.32
     -1.09      2.13      9.28
     -0.13      1.18      9.76
     -1.09      1.66      9.28
     -1.57      2.61     10.71
     -1.09      2.13      9.76
     -1.09      1.18     10.24
     -1.09      1.66     11.67
     -1.09      1.18     11.67
     -0.61      1.66     12.15
     -0.61      1.18     11.67
     -0.13      1.18     12.15
      0.35      0.70     13.11
      0.35      0.70     12.63
      0.35      0.70     13.11
      0.83      0.70     13.11
      1.31      0.70     13.59
      1.31      0.22     14.06
      1.31      0.22     14.54
      1.31      0.22     15.02
      1.78      0.22     15.50
      2.26      0.22     15.02
      2.26      0.22     15.50
      2.26     -0.26     15.98
      2.74     -0.74     16.46
      2.74     -1.22     16.94
      3.70     -1.22     16.94
      4.18     -1.22     16.94
      4.18     -1.69     16.46
      4.66     -1.69     16.46
      4.66     -2.17     16.94
      4.66     -3.13     17.41
      4.66     -3.61     16.94
      5.13     -4.09     17.41
      5.13     -4.57     17.41
      5.13     -5.04     17.89
      5.13     -5.52     17.41
      5.13     -5.52     17.41
      5.13     -6.48     16.94
      5.61     -7.91     16.94
      5.61     -8.39     16.46
      5.13     -9.35     16.94
      5.13     -9.35     16.94
      5.13    -10.31     16.46
      5.13    -11.26     15.98
      4.66    -12.22     15.02
      4.18    -12.70     15.02
      3.70    -13.18     14.54
      3.70    -14.14     14.06
      3.22    -15.09     13.59
      3.22    -16.05     12.63
      2.26    -16.53     12.63
      2.26    -17.01     11.67
      2.26    -17.49     11.67
      1.78    -17.96     11.19
      1.31    -17.96     10.71
      1.31    -18.44      9.76
      0.83    -18.44      8.80
      0.35    -18.44      7.84
      0.35    -18.92      7.36
      0.35    -19.40      6.89
      0.35    -20.36      6.41
     -0.13    -20.36      4.97
     -0.13    -20.83      3.54
     -0.13    -20.83      2.58
     -0.61    -21.31      1.14
     -0.61    -21.31      0.19
     -1.09    -21.79     -0.77
     -1.09    -21.79     -1.25
     -1.09    -22.27     -1.73
     -1.09    -22.75     -2.68
     -1.09    -22.27     -4.12
     -1.09    -21.79     -5.56
     -1.09    -21.79     -6.51
     -1.09    -21.31     -6.99
     -1.09    -21.31     -7.47
     -1.09    -21.31     -8.43
     -1.09    -20.83     -9.38
     -1.57    -20.83     -9.86
     -1.57    -20.36    -10.82
     -2.04    -19.40    -11.30
     -2.52    -19.40    -12.25
     -3.00    -18.92    -13.21
     -3.00    -18.44    -14.17
     -3.48    -17.96    -15.13
     -3.48    -17.49    -15.60
     -3.48    -16.53    -16.08
     -3.48    -16.05    -17.04
     -3.48    -15.09    -17.52
     -3.48    -15.09    -18.00
     -3.96    -14.61    -18.48
     -3.48    -14.14    -18.95
     -3.48    -13.66    -19.43
     -3.48    -13.66    -19.91
     -3.48    -14.14    -20.39
     -3.00    -13.18    -20.87
     -3.00    -13.18    -21.35
     -3.00    -12.70    -21.82
     -3.00    -12.70    -22.30
     -2.52    -13.18    -22.78
     -3.00    -12.70    -22.78
     -3.00    -13.18    -22.78
     -2.52    -12.70    -23.26
     -3.00    -13.18    -23.26
     -3.00    -13.18    -23.26
     -3.00    -12.22    -23.26
     -3.00    -12.22    -23.26
     -3.00    -11.74    -22.78
     -3.00    -11.74    -22.78
     -3.00    -11.26    -22.30
     -3.00    -11.26    -22.30
     -3.00    -11.74    -22.30
     -3.00    -11.26    -22.30
     -3.00    -11.26    -22.30
     -3.00    -10.79    -22.30
     -3.00    -10.31    -22.30
     -3.00     -9.83    -21.82
     -2.52     -9.83    -21.82
     -2.52     -9.35    -21.82
     -2.52     -8.39    -21.35
     -2.04     -7.91    -20.87
     -2.04     -7.44    -20.39
     -2.04     -6.96    -20.39
     -2.04     -6.48    -19.43
     -1.09     -5.52    -18.95
     -1.09     -5.04    -18.48
     -0.61     -4.09    -18.48
     -0.13     -3.13    -17.52
      0.35     -2.65    -16.56
      0.83     -1.22    -16.56
      1.31      0.22    -16.08
      1.78      0.70    -15.13
      2.26      1.18    -14.17
      2.74      2.13    -13.21
      3.70      3.09    -11.78
      3.70      3.57    -12.25
      2.26      4.53    -12.73
      1.78      5.48    -11.30
      2.74      5.01     -8.90
      3.70      5.96     -7.47
      4.18      7.40     -6.99
      4.18      8.83     -6.51
      3.70     10.75     -5.08
      3.22     11.23     -4.12
      3.70     11.23     -3.64
      4.18     12.66     -3.16
      4.18     13.14     -2.68
      3.70     13.14     -1.73
      4.18     13.62     -1.25
      4.18     14.58     -0.77
      4.18     15.05      0.19
      4.18     15.53      0.67
      4.18     16.49      1.14
      4.18     16.49      2.10
      4.18     16.97      2.58
      4.66     17.45      2.58
      4.18     17.45      3.06
      4.18     17.45      3.54
      4.18     17.93      4.49
      4.18     17.93      4.49
      4.18     17.93      4.49
      4.18     18.40      4.49
      4.18     18.88      4.49
      4.18     18.88      4.97
      4.18     19.36      5.45
      4.18     19.36      5.93
      4.18     19.84      6.89
      4.18     19.84      7.36
      4.18     19.84      8.32
      4.18     19.84      8.80
      4.66     19.36      9.28
      4.18     18.88      9.76
      4.18     19.36     10.24
      3.70     19.36     10.71
      3.22     19.36     10.24
      3.22     19.84      9.76
      3.22     19.36     10.24
      2.74     18.88     10.24
      2.26     18.88     10.24
      2.26     18.88     10.24
      1.78     18.40      9.76
      0.83     18.40      9.76
     -0.13     18.40      9.28
     -0.13     18.40      8.80
     -0.61     18.88      8.32
     -0.61     18.88      8.80
     -1.09     18.88      9.28
     -1.57     18.88      9.76
     -2.04     18.88      9.28
     -2.04     18.40      8.32
     -3.00     17.93      7.36
     -3.48     17.45      6.89
     -3.96     16.97      6.41
     -3.96     16.97      5.93
     -3.96     16.97      5.45
     -3.96     16.49      5.45
     -3.96     16.49      4.97
     -3.96     16.01      4.49
     -3.96     15.53      3.54
     -3.48     15.05      3.54
     -3.00     15.05      2.58
     -3.00     15.05      2.10
     -3.00     14.10      1.62
     -2.04     14.10      1.14
     -2.04     13.62      1.14
     -2.04     13.14      0.67
     -1.57     12.66      0.67
     -1.09     12.18      0.19
     -1.09     11.23      0.19
     -1.09     10.75      0.67
     -1.09     10.27      0.67
     -1.09      9.79      0.67
     -1.09      9.31      1.14
     -1.09      8.83      1.14
     -1.09      8.35      1.62
     -1.09      7.40      1.62
     -1.09      6.92      2.58
     -1.09      6.44      2.58
     -1.57      5.96      3.54
     -1.57      5.48      4.02
     -1.57      5.48      4.02
     -1.57      5.01      4.49
     -1.57      4.53      4.49
     -2.04      3.57      5.93
     -2.04      3.09      6.41
     -2.52      2.13      6.89
     -2.52      1.66      7.36
     -2.04      1.18      7.36
     -2.04      0.70      7.84
     -2.04      0.22      8.32
     -2.04     -0.26      8.80
     -2.52     -1.22      8.80
     -2.52     -1.69      8.80
     -2.52     -2.17      8.80
     -2.52     -2.65      8.80
     -2.52     -3.13      8.32
     -3.00     -3.61      8.32
     -2.52     -3.61      8.32
     -3.48     -4.09      8.32
     -3.48     -4.09      8.32
     -3.48     -5.04      7.36
     -3.48     -5.52      6.89
     -3.00     -6.00      6.41
     -3.00     -6.48      6.41
     -3.00     -6.96      5.93
     -3.48     -7.44      5.93
     -3.00     -7.91      5.45
     -3.00     -8.39      4.97
     -3.00     -8.39      4.02
     -2.52     -8.87      3.54
     -2.04     -8.87      3.06
     -2.04     -8.87      2.58
     -2.04     -9.35      2.10
     -1.57     -9.35      1.62
     -1.09     -9.83      1.14
     -1.09    -10.31      0.67
     -0.61    -10.79      0.67
     -0.13    -11.26      0.19
      0.35    -11.74      0.19
      0.35    -12.22     -0.29
      0.35    -12.22     -0.77
      0.35    -11.74     -0.77
      0.83    -11.74     -1.25
      1.31    -11.74     -1.25
      1.78    -11.74     -0.77
      1.31    -11.26      0.19
      1.31    -10.31      0.19
      1.78     -9.83      0.19
      2.26    -10.31      0.19
      2.74    -11.26      0.19
      2.26    -12.22      0.67
      1.78    -12.70      1.14
      2.26    -12.70      1.62
      2.26    -13.18      2.58
      2.26    -13.66      2.58
      2.26    -12.70      2.10
      2.74    -12.22      2.58
      2.74    -11.26      3.06
      2.74    -10.31      3.54
      2.26     -9.83      4.49
      2.26     -9.83      5.93
      2.26     -9.83      7.36
      2.26    -10.31      8.32
      2.74    -10.31      8.32
      2.26    -11.26      8.80
      2.26    -11.74      9.28
      2.26    -12.22      9.76
      2.26    -12.70      9.76
      2.26    -12.70      9.76
      2.26    -13.18     10.24
      1.78    -13.66     10.71
      1.31    -13.66     11.19
      1.31    -14.14     11.19
      1.31    -14.61     11.19
      0.83    -15.09     11.19
      0.83    -15.09     11.67
      0.35    -15.57     11.67
      0.35    -15.57     11.67
     -0.13    -16.05     11.67
     -0.61    -16.53     11.67
     -0.61    -16.53     11.67
     -1.09    -17.01     11.67
     -1.09    -17.01     11.67
     -1.57    -17.01     11.67
     -2.04    -16.53     11.67
     -2.04    -17.01     11.19
     -2.52    -17.01     11.19
     -3.00    -16.53     10.71
     -3.00    -16.53     10.71
     -3.00    -16.53     10.24
     -3.00    -15.57      9.76
     -3.48    -15.57      9.28
     -3.48    -15.09      8.80
     -3.48    -15.09      8.32
     -3.48    -15.09      7.36
     -3.96    -14.61      6.89
     -3.96    -14.14      5.93
     -3.96    -14.14      4.97
     -3.96    -14.14      4.02
     -3.48    -14.14      3.06
     -3.96    -13.66      2.58
     -3.96    -13.66      1.62
     -3.96    -13.18      0.67
     -3.48    -13.18      0.19
     -3.48    -12.70     -0.29
     -3.00    -12.22     -1.25
     -3.00    -11.74     -2.21
     -2.52    -11.26     -2.68
     -2.52    -10.31     -3.16
     -2.04     -9.83     -4.12
     -2.04     -9.35     -4.60
     -1.57     -8.39     -5.08
     -1.09     -7.91     -5.08
     -1.09     -7.44     -6.03
     -1.09     -6.48     -6.51
     -0.61     -6.00     -6.51
     -0.61     -5.52     -6.99
     -0.61     -5.04     -7.95
     -0.13     -4.57     -7.47
     -0.13     -3.61     -7.95
     -0.13     -3.13     -8.43
     -0.13     -2.65     -8.43
     -0.13     -2.17     -8.90
      0.35     -1.22     -9.38
     -0.13     -0.74     -9.38
     -0.13      0.22     -9.86
     -0.13      0.22    -10.34
     -0.13      0.70    -10.82
     -0.13      0.70    -10.82
     -0.13      1.18    -11.30
     -0.13      1.18    -11.30
     -0.13      1.66    -12.25
     -0.13      2.13    -12.25
      0.35      2.61    -12.25
      0.35      3.09    -12.73
      0.35      3.57    -12.73
      0.35      4.53    -13.21
      0.83      5.01    -13.21
      0.83      5.01    -13.21
      1.31      4.53    -13.69
      1.31      5.48    -14.65
      1.31      6.44    -15.13
      1.31      7.40    -15.13
      1.31      8.35    -15.13
      1.31      9.31    -15.60
      1.31      9.79    -15.60
      1.31     10.75    -16.08
      1.78     11.23    -16.08
      1.31     12.18    -16.56
      0.83     13.14    -17.04
      0.35     13.62    -17.04
      0.35     13.62    -17.04
      0.35     14.10    -17.52
      0.35     14.58    -17.52
      0.35     15.05    -18.00
      0.35     15.05    -18.48
      0.35     15.53    -18.48
      0.35     16.49    -18.48
      0.35     16.97    -18.48
      0.35     17.45    -18.95
      0.35     18.40    -18.95
      0.35     18.88    -18.95
     -0.13     19.36    -19.43
     -0.13     19.84    -19.43
      0.35     20.80    -18.95
     -0.13     21.27    -18.95
     -0.13     21.75    -18.95
      0.35     22.23    -18.48
      0.35     22.71    -18.00
      0.35     22.71    -18.00
      0.35     23.19    -17.52
      0.35     23.19    -17.04
      0.83     23.67    -17.04
      0.83     23.19    -16.56
      0.83     23.67    -17.04
      0.83     23.67    -16.08
      0.83     24.15    -15.60
      0.83     24.15    -15.60
      1.31     24.15    -14.65
      1.31     23.67    -14.17
      1.31     24.15    -13.69
      1.31     23.67    -12.73
      1.31     23.67    -12.25
      1.78     23.19    -11.78
      1.78     22.71    -10.82
      1.78     22.71    -10.34
      2.26     22.23     -9.86
      2.26     21.75     -8.90
      2.26     21.27     -7.95
      2.26     20.80     -6.99
      2.74     20.32     -6.51
      3.22     19.84     -5.56
      2.74     19.36     -4.60
      3.22     18.88     -3.64
      3.22     18.40     -2.68
      3.70     17.93     -1.73
      3.70     17.45     -1.25
      3.70     16.97     -0.29
      3.70     16.97      0.19
      4.18     16.49      1.14
      4.18     16.01      2.10
      4.18     15.05      2.58
      4.18     14.58      3.54
      4.18     14.10      4.49
      4.18     13.62      5.45
      4.18     13.14      6.41
      4.66     12.18      6.89
      4.18     11.70      7.84
      4.18     10.75      8.80
      4.18     10.75      9.28
      4.18      9.79     10.24
      3.70      9.31     10.71
      3.70      8.83     11.19
      3.70      8.35     11.67
      3.70      7.40     12.15
      3.22      7.40     12.63
      2.74      6.92     13.59
      2.74      5.96     14.06
      2.26      5.48     14.54
      2.26      5.01     15.02
      2.26      4.53     15.98
      2.26      4.05     16.46
      1.78      3.09     16.94
      1.78      2.61     17.41
      0.83      2.13     17.89
      0.83      1.66     18.37
      0.83      1.18     18.85
      0.35      0.70     19.81
      0.35      0.22     20.28
     -0.13     -0.26     20.76
     -0.61     -0.74     20.76
     -0.61     -1.22     21.24
     -1.09     -1.69     22.20
     -1.09     -2.65     22.68
     -1.57     -3.61     22.68
     -2.04     -4.57     23.16
     -2.52     -4.57     23.63
     -2.52     -5.52     24.11
     -2.52     -6.48     24.59
     -3.00     -7.44     24.59
     -2.52     -7.91     25.07
     -2.52     -8.87     25.07
     -2.52     -9.83     25.55
     -2.52    -10.31     25.07
     -2.04    -11.26     25.07
     -2.04    -11.74     24.59
     -1.57    -12.70     24.11
     -1.57    -13.18     24.11
     -1.09    -14.14     23.63
     -1.09    -14.61     23.16
     -1.09    -14.61     23.63
     -1.09    -15.09     23.16
     -0.61    -15.57     22.68
     -0.61    -16.05     22.20
     -0.61    -16.53     21.72
     -0.61    -17.49     21.24
     -0.61    -18.92     21.72
     -1.09    -20.36     21.24
     -1.09    -20.83     20.76
     -1.09    -21.79     20.28
     -1.09    -22.27     19.81
     -2.04    -22.27     18.85
     -2.52    -22.75     18.37
     -2.52    -22.75     17.89
     -3.00    -22.75     17.41
     -3.96    -22.75     16.94
     -4.44    -22.75     15.98
     -4.92    -23.23     15.02
     -4.92    -23.71     14.54
     -5.39    -24.18     13.11
     -5.87    -24.66     12.63
     -6.35    -25.62     11.19
     -6.35    -26.10     10.24
     -6.35    -26.58      9.76
     -6.83    -26.58      8.32
     -7.31    -26.58      7.84
     -7.31    -26.10      6.41
     -7.79    -26.10      6.41
     -6.83    -26.10      4.97
     -6.83    -26.58      4.02
     -6.83    -26.58      3.06
     -6.83    -26.58      2.58
     -7.31    -26.58      1.62
     -6.35    -26.58      0.67
     -6.35    -26.58      0.19
     -6.35    -26.58     -0.77
     -5.87    -27.06     -1.73
     -5.87    -27.53     -2.68
     -5.87    -27.53     -3.64
     -5.39    -28.01     -4.12
     -4.92    -28.01     -4.60
     -4.92    -28.01     -5.56
     -4.92    -27.53     -5.56
     -4.92    -27.06     -6.03
     -4.44    -26.58     -6.51
     -4.44    -26.10     -6.99
     -3.96    -26.10     -6.99
     -3.96    -25.14     -7.47
     -3.48    -24.18     -7.95
     -3.00    -22.75     -8.90
     -2.52    -23.71    -10.34
     -2.04    -23.23    -10.82
     -2.04    -21.79    -10.82
     -1.57    -21.31    -11.30
     -1.09    -20.36    -12.25
     -1.09    -19.88    -13.69
     -0.61    -19.40    -14.17
     -0.13    -18.92    -14.65
     -0.13    -18.44    -15.13
      0.35    -18.44    -15.60
      0.35    -17.49    -16.56
     -0.13    -14.61    -17.04
      0.35    -11.74    -17.52
     -0.13    -11.74    -17.04
      0.35    -10.31    -17.04
     -0.13    -10.79    -17.04
     -0.13    -10.31    -17.52
     -0.13    -10.31    -18.00
     -0.61     -9.83    -18.95
     -0.61     -8.39    -18.95
     -1.09     -7.44    -18.95
     -1.09     -6.48    -18.48
     -1.57     -5.52    -18.48
     -1.09     -4.57    -18.00
     -1.09     -3.61    -18.00
     -1.09     -2.65    -18.00
     -1.09     -1.22    -18.00
     -1.09      0.22    -18.00
     -1.09      1.18    -17.52
     -1.09      2.13    -17.04
     -1.09      3.09    -17.04
     -0.61      4.53    -17.04
     -0.61      5.96    -16.56
     -0.61      6.44    -16.56
     -0.61      6.92    -16.08
     -0.61      7.88    -15.60
     -1.09      8.35    -16.08
     -0.61      9.31    -15.60
     -0.61      9.79    -16.08
     -0.61     10.27    -15.60
     -0.61     11.23    -15.13
     -0.61     12.18    -15.13
     -0.61     13.14    -14.65
     -0.61     13.62    -14.65
     -0.13     14.58    -14.65
     -0.13     15.05    -14.65
      0.35     16.01    -14.65
      0.35     16.49    -14.65
      1.31     16.97    -14.65
      1.31     17.45    -14.17
      1.31     17.93    -13.69
      1.78     18.88    -13.69
      2.26     19.36    -13.69
      2.26     20.32    -13.21
      2.74     20.32    -12.73
      3.22     20.80    -12.73
      3.22     21.75    -12.25
      3.70     22.23    -11.78
      4.18     22.23    -11.30
      4.18     22.71    -10.34
      4.18     23.19     -9.86
      5.13     23.19     -8.90
      5.13     23.19     -8.43
      5.61     23.67     -7.47
      6.09     23.67     -6.99
      6.09     23.67     -6.51
      6.57     23.67     -6.03
      7.05     23.67     -5.56
      7.53     23.67     -5.08
      8.00     23.67     -4.60
      8.48     23.19     -4.12
      8.96     22.71     -3.64
      9.44     22.71     -3.16
      9.92     22.71     -2.21
      9.92     22.71     -2.21
     10.40     23.19     -1.25
     10.40     22.71     -0.77
     10.88     22.71     -0.29
     10.88     22.23     -0.29
     11.35     22.23      0.19
     10.88     22.23      0.19
     11.35     22.23      0.67
     10.88     22.71      0.67
     10.40     22.71      1.62
     10.40     22.71      2.58
     10.40     22.71      2.58
      9.92     22.71      3.54
      9.92     22.71      4.02
      8.96     23.67      4.49
      8.96     24.15      4.97
      8.48     24.15      5.45
      8.00     25.10      5.93
      7.05     25.10      6.41
      6.09     25.58      6.89
      5.13     26.06      7.36
      4.66     26.06      7.36
      3.70     26.06      7.36
      2.74     25.10      6.89
      1.78     24.62      6.41
      0.35     24.15      6.41
     -0.13     24.15      6.41
     -1.09     23.19      6.41
     -2.04     22.71      6.89
     -3.00     21.75      6.89
     -3.96     21.27      6.89
     -4.44     20.32      6.89
     -4.92     19.36      6.41
     -5.39     18.40      6.41
     -5.87     17.93      5.45
     -5.39     16.97      5.45
     -4.92     16.01      4.97
     -4.44     15.05      4.49
     -3.96     14.10      4.49
     -3.00     13.14      4.49
     -2.52     12.18      4.49
     -2.04     11.23      4.02
     -1.57     10.27      4.49
     -1.09      9.31      4.49
     -0.61      7.88      4.49
     -0.61      6.92      4.49
     -0.61      5.96      4.97
     -0.13      4.53      4.49
     -0.13      3.57      4.02
     -0.13      3.09      4.02
     -0.61      2.61      4.49
     -0.61      1.66      4.49
     -1.09      0.70      4.49
     -1.09      0.22      4.49
     -1.09      0.22      4.97
     -1.09     -0.26      5.45
     -2.04     -0.26      5.93
     -2.52     -0.26      6.89
     -3.48     -0.26      6.89
     -3.96     -0.26      6.89
     -3.96     -0.74      7.84
     -4.44     -1.22      8.32
     -4.92     -1.22      8.80
     -4.92     -1.22      9.76
     -4.92     -2.17      9.76
     -4.92     -2.65     10.24
     -4.44     -3.13     10.71
     -4.44     -3.61     10.71
     -3.96     -4.57     11.19
     -3.48     -5.04     11.19
     -3.48     -6.00     12.15
     -3.00     -6.48     12.15
     -3.00     -7.44     12.63
     -2.52     -8.39     13.11
     -2.04     -8.87     13.59
     -2.04     -9.35     14.54
     -2.04    -10.31     15.02
     -1.57    -10.79     15.02
     -1.09    -11.74     15.50
     -1.09    -12.22     15.50
     -1.09    -12.70     15.98
     -1.09    -13.66     15.98
     -1.09    -14.61     16.46
     -0.61    -15.09     16.94
     -0.61    -16.53     16.94
     -0.61    -17.96     17.41
     -0.61    -17.49     18.37
     -0.13    -17.49     17.41
     -0.61    -17.96     15.98
     -1.09    -18.44     15.98
     -1.09    -19.88     16.46
     -1.09    -21.31     16.46
     -0.61    -22.27     16.46
     -0.13    -24.18     16.46
      0.35    -26.10     15.50
     -0.61    -27.53     15.02
     -1.09    -28.49     15.50
     -1.09    -28.49     14.54
     -0.61    -28.49     13.11
     -0.61    -28.97     12.63
     -0.13    -29.93     12.63
      0.35    -29.93     11.67
      0.83    -28.49     11.19
      1.31    -28.49     10.71
      1.78    -29.93     11.19
      1.78    -32.32     10.71
      1.31    -35.19     10.71
      1.31    -37.58     11.19
      1.31    -39.98     10.24
      1.31    -39.50      9.28
      0.83    -36.63      8.80
      0.35    -33.75      9.76
     -0.61    -32.32     10.71
     -0.61    -31.36     11.67
     -0.61    -30.88     12.63
     -0.61    -29.93     12.63
     -0.61    -28.97     13.11
     -1.09    -28.01     13.59
     -1.57    -27.06     14.06
     -2.04    -26.58     14.54
     -1.57    -25.62     14.54
     -2.04    -25.62     15.02
     -1.57    -24.66     15.02
     -1.57    -24.18     15.50
     -1.57    -23.23     15.98
     -1.57    -22.27     15.98
     -1.57    -21.79     15.98
     -1.57    -20.83     15.98
     -1.57    -19.88     15.98
     -1.57    -19.40     15.02
     -1.57    -18.92     14.54
     -2.04    -18.92     14.06
     -2.04    -18.44     13.11
     -2.04    -17.96     12.63
     -2.04    -17.49     12.15
     -2.04    -16.53     11.67
     -2.04    -15.57     10.71
     -2.04    -15.57     10.71
     -1.57    -15.09     10.24
     -1.09    -14.14      9.28
     -1.09    -13.66      8.80
     -1.09    -12.70      7.84
     -0.61    -11.74      7.36
     -0.61    -10.79      6.89
      0.35     -9.83      6.41
      0.35     -8.87      5.45
      0.83     -8.39      4.97
      0.83     -7.44      4.02
      1.31     -6.48      3.06
      1.31     -6.00      2.58
      1.31     -5.52      1.62
      1.31     -4.57      0.67
      1.31     -4.09      0.19
      1.31     -3.61     -0.29
      1.31     -3.13     -1.25
      1.31     -2.65     -2.21
      1.31     -1.69     -3.16
      1.31     -1.22     -4.12
      1.31     -1.22     -5.08
      1.31     -0.26     -6.51
      1.78      0.22     -6.99
      1.78      0.22     -7.47
      1.78      1.18     -8.43
      2.26      1.66     -8.90
      2.26      2.13     -9.38
      2.26      2.61    -10.34
      2.74      3.09    -10.82
      2.26      3.57    -11.30
      2.74      4.05    -12.25
      2.74      5.01    -12.73
      3.22      5.48    -12.73
      2.74      6.44    -13.21
      2.74      7.88    -13.69
      2.26      9.79    -13.69
      2.26     10.75    -14.65
      2.26     10.75    -15.13
      2.26     10.75    -16.08
      2.26     11.23    -16.08
      1.78     12.66    -16.08
      0.83     13.62    -17.04
      0.35     14.10    -17.52
      0.35     14.58    -17.52
     -0.13     16.49    -17.52
     -0.13     16.97    -18.00
     -1.09     17.45    -18.95
     -1.09     18.40    -19.43
     -1.09     18.88    -19.43
     -0.61     17.93    -19.43
     -0.61     16.97    -19.91
     -1.09     16.97    -20.39
     -1.09     18.88    -22.30
     -1.09     20.80    -23.26
     -1.09     22.23    -24.70
     -1.09     24.15    -26.13
     -1.09     25.10    -26.61
     -1.09     25.58    -27.09
     -1.09     25.58    -26.61
     -1.09     25.10    -26.61
     -0.61     24.62    -26.61
     -0.61     24.62    -27.09
     -0.13     25.10    -27.09
     -0.61     25.58    -28.05
     -0.61     27.02    -29.00
     -0.13     27.97    -30.44
     -0.13     28.45    -31.40
     -0.13     29.41    -31.87
      0.83     30.37    -32.83
      0.83     30.85    -32.83
      0.83     30.37    -32.83
      0.83     30.85    -32.83
      0.83     30.85    -32.83
      0.83     30.85    -32.83
      0.83     30.37    -32.83
      1.31     29.41    -32.83
      1.31     28.45    -33.31
      1.78     27.02    -33.79
      1.78     26.06    -34.27
      2.26     25.10    -34.74
      2.26     24.62    -35.22
      2.26     23.67    -35.22
      2.26     23.19    -34.74
      2.26     22.23    -34.27
      2.26     21.27    -33.31
      2.74     20.32    -32.35
      2.26     19.84    -31.40
      2.26     18.88    -30.44
      1.78     17.93    -29.96
      1.78     16.49    -29.00
      1.31     15.53    -28.05
      1.31     14.10    -27.09
      1.31     13.14    -25.65
      1.31     12.18    -24.70
      0.83     11.23    -23.74
      0.83     10.27    -22.78
      0.83      9.79    -21.82
      0.35      9.31    -20.39
      0.35      9.31    -19.43
      0.35      9.31    -18.48
      0.35      7.88    -17.04
     -0.13      7.40    -15.60
      1.31      6.44    -13.21
      1.31      5.96    -10.82
     -1.09      8.35    -11.78
     -1.09      7.88    -10.82
     -0.13      5.48     -8.90
     -0.61      5.48     -8.90
     -0.13      4.53     -8.43
     -0.13      4.05     -6.51
     -0.61      5.01     -6.99
     -1.09      5.01     -7.47
     -1.09      3.09     -5.08
     -0.61      3.09     -3.64
     -1.09      3.57     -3.64
     -0.61      3.09     -3.16
     -0.61      2.61     -2.21
     -0.61      1.66     -1.25
     -1.09      1.18     -0.77
     -0.61      0.70      0.19
     -0.61      0.70      0.67
     -0.13      0.22      1.62
      0.35     -0.26      1.62
      0.35     -0.74      1.62
     -0.13     -1.69      2.58
      0.83     -2.17      3.06
      1.31     -2.65      4.02
      1.31     -3.13      4.49
      1.31     -4.09      5.45
      1.31     -5.04      6.41
      1.31     -6.48      7.36
      1.78     -6.48      8.32
      1.78     -7.91      8.80
      1.78     -8.87      9.28
      1.78     -9.35      9.76
      1.78     -9.35     11.19
      1.78     -9.83     12.15
      1.78    -10.31     13.11
      1.78    -11.26     14.54
      1.78    -11.74     15.98
      1.78    -12.22     16.94
      1.78    -12.70     17.89
      1.78    -12.70     18.37
      1.78    -13.18     19.81
      1.78    -14.14     20.76
      1.78    -14.61     21.24
      1.31    -15.09     21.72
      1.31    -16.05     23.16
      1.31    -16.05     24.59
      1.31    -17.01     25.55
      1.78    -17.49     26.03
      1.78    -17.49     26.98
      1.31    -17.49     27.46
      1.31    -17.49     28.42
      1.31    -17.01     29.38
      1.31    -17.01     30.81
      1.31    -17.96     31.77
      0.83    -18.92     32.25
      0.35    -20.36     33.68
     -0.13    -21.79     34.64
     -0.61    -22.27     34.16
     -0.61    -22.27     33.20
     -1.09    -22.27     33.20
     -0.61    -21.31     34.16
     -0.61    -19.88     34.64
     -0.61    -18.44     35.60
     -0.61    -17.01     36.55
     -0.61    -16.05     37.03
     -0.13    -15.57     37.03
     -0.13    -16.05     37.51
     -0.61    -16.05     37.51
     -0.61    -16.05     37.51
     -0.61    -16.05     37.51
     -0.61    -16.05     37.03
     -1.09    -16.05     36.55
     -0.61    -15.57     36.08
     -0.61    -14.61     35.60
     -0.61    -14.14     34.64
     -0.61    -13.18     34.16
     -0.61    -12.22     34.16
     -0.61    -11.26     33.20
     -0.61     -9.83     33.68
     -0.61     -8.87     33.68
     -0.61     -7.91     33.20
     -0.61     -6.96     32.73
     -0.61     -6.48     32.25
     -0.61     -5.52     31.29
     -0.61     -4.57     30.33
     -0.61     -4.57     29.86
     -0.13     -3.61     28.90
     -0.61     -3.13     27.94
     -0.61     -2.65     27.46
     -0.61     -2.17     26.51
     -1.09     -1.69     25.55
     -1.09     -1.69     24.59
     -1.09     -1.69     23.63
     -2.04     -1.69     22.68
     -1.57     -1.69     21.24
     -2.04     -2.17     20.28
     -2.04     -2.17     18.85
     -2.04     -2.17     17.89
     -2.04     -2.65     16.46
     -2.52     -3.13     15.02
     -2.52     -3.13     14.06
     -2.52     -3.61     12.63
     -2.04     -4.57     11.19
     -2.04     -5.04     10.71
     -1.57     -5.52      9.28
     -1.09     -5.52      8.32
     -1.09     -5.52      7.84
     -1.09     -5.52      6.89
     -1.09     -5.04      5.93
     -1.09     -4.57      4.97
     -0.61     -3.61      4.02
     -0.13     -3.13      2.58
     -0.61     -3.61      2.10
     -1.09     -4.57      2.10
     -0.61     -4.57      0.67
      0.35     -2.17     -1.73
      1.31     -0.74     -3.64
      1.31     -1.69     -4.60
     -0.13     -3.61     -3.64
     -0.61     -2.65     -4.60
      0.35     -0.26     -6.51
      0.35      0.22     -8.90
     -0.13      0.70    -10.82
     -0.13      0.70    -10.82
      0.83      2.13    -11.30
      0.35      3.57    -13.21
      0.35      4.53    -15.13
     -0.61      4.05    -16.08
     -0.13      4.53    -16.56
     -0.61      5.48    -17.52
     -0.61      5.96    -18.95
     -0.61      5.48    -20.39
     -1.09      5.01    -20.87
     -1.09      6.44    -21.35
     -1.57      7.88    -23.26
     -1.57      8.83    -24.22
     -2.04      8.83    -25.17
     -2.52     10.27    -25.65
     -3.00     10.27    -26.13
     -3.00     10.75    -26.61
     -3.48     10.27    -27.57
     -3.48      9.79    -28.05
     -3.96      9.79    -28.52
     -3.96     10.75    -29.48
     -4.44     11.23    -30.44
     -4.44     11.23    -30.44
     -4.44     11.23    -30.44
     -4.44     11.23    -30.44
     -3.96     11.70    -31.40
     -3.96     11.23    -31.87
     -3.96     11.70    -31.87
     -3.96     11.70    -31.87
     -3.96     11.70    -31.87
     -3.48     11.23    -32.35
     -3.96     11.70    -31.87
     -3.96     11.70    -31.40
     -3.48     11.23    -31.40
     -3.96     10.75    -31.87
     -3.00     10.27    -32.35
     -3.00      9.79    -31.40
     -3.00      9.31    -30.44
     -3.00      7.88    -29.00
     -2.52      7.88    -28.52
     -2.04      7.40    -27.09
     -2.52      6.92    -26.61
     -2.04      6.44    -26.13
     -1.57      5.96    -25.65
     -1.57      5.48    -25.17
     -1.09      5.48    -25.17
     -0.61      5.48    -25.17
     -0.13      4.53    -24.70
      0.35      4.53    -23.74
      0.83      4.05    -22.78
      1.31      4.05    -21.82
      1.78      3.57    -20.87
      2.26      3.57    -20.39
      3.22      3.09    -19.91
      3.22      3.09    -19.43
      4.18      2.61    -18.48
      4.18      2.61    -17.52
      4.18      2.61    -16.56
      4.18      2.61    -16.08
      4.66      2.13    -15.13
      4.66      2.13    -14.17
      4.66      2.13    -13.69
      4.66      1.66    -12.73
      4.66      1.66    -11.78
      4.66      1.66    -11.30
      4.66      2.13    -10.34
      4.66      1.66     -9.86
      4.66      1.66     -8.90
      4.66      1.66     -8.43
      4.66      1.66     -7.47
      4.66      1.66     -6.99
      4.18      1.18     -6.51
      4.18      1.66     -6.03
      4.18      1.66     -5.08
      4.18      2.13     -4.60
      4.18      2.13     -4.12
      3.70      2.61     -3.64
      3.70      2.61     -3.16
      3.22      3.09     -2.68
      3.70      3.57     -1.73
      3.22      4.05     -1.73
      2.74      4.53     -1.25
      2.74      4.53     -0.77
      2.26      5.01      0.19
      2.26      5.48      0.19
      2.26      5.96      0.67
      1.78      6.44      1.14
      2.26      6.44      2.10
      2.26      7.40      2.58
      2.26      7.88      3.06
      2.26      8.35      4.02
      2.26      8.83      4.49
      2.26      8.35      4.49
      2.74      8.83      4.97
      2.74      8.35      5.45
      2.74      8.35      5.93
      2.74      8.35      6.41
      2.74      8.35      6.89
      2.74      8.83      7.36
      2.74      8.83      8.32
      2.74      8.35      8.80
      3.22      8.35      9.28
      3.22      7.88      9.28
      3.22      7.88     10.24
      2.74      7.40     10.71
      2.74      6.92     11.19
      2.74      6.92     11.19
      2.74      5.96     11.67
      2.26      5.48     12.15
      2.26      5.48     12.63
      2.26      4.53     13.11
      2.26      4.53     13.59
      1.78      4.05     14.54
      1.78      3.57     15.50
      1.31      2.61     16.46
      0.83      2.13     16.94
      0.35      1.66     17.89
     -0.13      1.18     18.37
     -0.61      0.70     19.33
     -1.09      0.22     20.28
     -1.09     -0.74     20.76
     -1.09     -1.22     21.24
     -1.09     -2.17     21.72
     -1.57     -2.65     22.68
     -1.57     -3.61     22.20
     -1.57     -4.09     22.20
     -1.57     -4.57     22.20
     -1.09     -5.52     22.68
     -1.09     -6.00     22.68
     -1.09     -6.96     22.68
     -0.61     -6.96     22.68
     -0.61     -7.44     22.68
     -0.61     -8.39     22.20
     -0.13     -8.87     21.72
     -0.13     -9.83     21.72
     -0.13    -10.31     21.72
     -0.13    -10.79     21.24
     -0.13    -11.26     20.76
     -0.13    -11.26     20.76
     -0.13    -11.74     20.28
     -0.13    -11.74     19.81
     -0.13    -12.70     18.85
     -0.61    -12.70     18.37
     -1.09    -12.70     17.89
     -1.09    -12.70     17.41
     -1.09    -13.18     16.94
     -1.57    -13.18     16.46
     -1.57    -13.66     16.46
     -2.04    -14.14     15.50
     -2.04    -14.61     15.02
     -2.52    -14.61     14.06
     -3.00    -15.09     13.59
     -3.00    -15.57     13.11
     -3.00    -15.57     12.15
     -3.48    -16.05     11.19
     -3.48    -16.05     10.71
     -3.48    -16.05     10.24
     -3.96    -16.05      9.28
     -3.96    -16.05      8.80
     -3.96    -16.05      8.32
     -3.48    -16.53      7.84
     -3.96    -16.53      7.36
     -3.48    -17.01      6.89
     -3.96    -16.53      6.41
     -3.96    -16.53      5.93
     -3.96    -17.01      5.93
     -3.48    -16.53      5.45
     -3.48    -17.01      4.97
     -3.00    -16.53      4.49
     -3.00    -17.01      4.02
     -3.00    -16.53      3.54
     -3.00    -16.53      3.06
     -2.52    -16.53      2.58
     -2.52    -16.05      2.58
     -2.52    -16.05      2.10
     -2.52    -16.05      1.62
     -2.04    -16.05      1.14
     -2.04    -16.05      1.14
     -2.04    -16.05      0.67
     -2.04    -16.05      0.67
     -1.57    -16.05      0.19
     -2.04    -16.05      0.19
     -1.57    -16.05      0.19
     -1.57    -16.05     -0.29
     -1.09    -16.53     -0.77
     -1.57    -16.05     -1.25
     -1.09    -16.53     -1.73
     -1.09    -16.05     -2.21
     -1.09    -16.05     -2.21
     -1.09    -15.57     -2.68
     -1.09    -15.09     -3.16
     -1.09    -15.09     -3.64
     -1.09    -14.14     -4.12
     -1.09    -14.14     -4.60
     -1.09    -13.66     -5.08
     -1.09    -13.18     -5.56
     -1.09    -12.70     -6.51
     -1.09    -12.22     -7.47
     -1.09    -11.74     -7.95
     -1.09    -11.26     -8.90
     -1.09    -10.79     -9.38
     -1.09    -10.31    -10.34
     -1.09     -9.83    -10.34
     -1.09     -9.35    -10.82
     -1.09     -8.87    -11.30
     -1.57     -8.39    -11.78
     -1.57     -6.96    -12.25
     -1.57     -6.00    -13.21
     -1.09     -4.57    -13.69
     -1.09     -3.61    -14.17
     -1.09     -2.65    -14.17
     -1.09     -2.17    -14.65
     -0.61     -1.22    -14.65
     -0.61     -0.26    -15.13
     -0.13      0.22    -14.65
     -0.13      0.70    -14.65
      0.35      1.18    -14.17
      0.35      2.13    -13.69
      0.83      2.61    -13.69
      1.31      3.09    -13.69
      1.31      3.57    -13.69
      1.78      4.05    -13.21
      2.26      4.05    -12.73
      2.74      4.53    -12.25
      2.74      4.53    -11.78
      3.22      5.48    -10.82
      3.70      5.96    -10.34
      3.70      6.44     -9.38
      3.70      6.92     -8.90
      4.18      7.40     -7.95
      4.18      7.88     -7.47
      4.18      8.35     -6.51
      4.18      8.83     -6.03
      4.18      9.31     -5.56
      4.66      9.79     -4.60
      4.66     10.27     -4.60
      4.66     10.75     -4.12
      4.66     10.75     -3.64
      4.66     11.23     -3.64
      4.18     11.23     -3.16
      4.18     11.70     -3.16
      4.18     11.70     -2.68
      3.70     11.70     -2.68
      3.70     12.18     -2.68
      3.22     11.70     -2.68
      3.22     12.18     -2.21
      2.74     12.18     -1.73
      2.74     12.18     -1.73
      2.26     12.66     -1.73
      2.26     13.14     -1.25
      1.78     13.14     -0.77
      1.78     13.62      0.19
      1.31     14.10      0.19
      1.31     14.10      0.19
      0.83     14.58      0.19
      0.35     15.05      0.67
      0.35     15.05      0.67
     -0.13     15.53      0.67
     -0.61     16.01      1.14
     -0.61     16.01      1.62
     -1.09     16.49      1.62
     -1.09     16.49      2.10
     -1.09     16.97      2.58
     -1.57     17.45      2.58
     -1.57     17.93      3.06
     -2.04     17.93      3.06
     -2.04     18.40      3.06
     -1.57     18.88      3.54
     -1.57     18.88      3.06
     -2.04     19.36      3.06
     -1.57     19.84      3.06
     -1.09     19.84      2.58
     -1.09     19.84      3.54
     -1.09     19.84      3.54
     -1.09     20.32      3.54
     -0.61     20.32      3.54
     -0.13     20.80      3.54
      0.35     21.27      3.54
      0.83     21.27      3.54
      0.83     21.75      4.02
      1.31     21.75      4.02
      1.78     21.27      3.54
      2.26     21.27      3.54
      2.26     21.27      3.54
      2.74     21.27      3.06
      2.74     21.27      3.06
      3.22     21.27      3.06
      3.22     21.27      2.58
      3.22     21.27      2.58
      3.22     20.80      2.10
      3.22     20.80      2.10
      3.22     20.80      2.10
      3.22     20.32      2.10
      2.74     19.84      1.62
      2.74     19.36      1.62
      2.26     18.88      1.14
      2.26     18.40      1.14
      2.26     17.45      0.67
      1.78     16.97      0.19
      1.78     16.01      0.19
      1.31     15.53     -0.29
      0.83     15.05     -0.77
      0.35     14.10     -1.25
     -0.13     13.62     -1.73
     -0.13     12.66     -1.73
     -0.61     11.70     -1.73
     -1.09     11.23     -2.68
     -1.09     10.75     -2.68
     -1.09      9.79     -2.68
     -1.09      8.83     -2.68
     -1.09      7.88     -3.16
     -1.57      7.40     -3.64
     -1.57      6.92     -3.64
     -2.04      5.96     -4.12
     -1.57      5.48     -4.60
     -2.04      4.53     -4.12
     -2.04      4.05     -4.60
     -2.52      3.09     -5.08
     -2.52      2.13     -5.56
     -3.00      1.66     -5.56
     -3.00      1.18     -6.03
     -3.96      0.22     -6.03
     -3.48      0.22     -6.03
     -3.96     -0.74     -6.51
     -3.96     -1.22     -6.51
     -4.44     -1.69     -6.51
     -4.44     -2.65     -6.51
     -4.44     -3.13     -6.99
     -4.92     -3.61     -6.99
     -4.92     -4.09     -6.51
     -5.39     -4.57     -6.51
     -5.39     -5.04     -6.99
     -5.39     -5.52     -6.99
     -4.92     -6.00     -6.99
     -4.92     -6.00     -6.51
     -4.92     -6.48     -6.51
     -4.44     -6.96     -6.51
     -3.96     -7.44     -6.03
     -3.48     -7.91     -6.03
     -3.00     -8.87     -6.03
     -2.52     -9.35     -6.03
     -1.57     -9.83     -6.03
     -1.09    -10.79     -5.56
     -0.61    -11.26     -5.56
      0.35    -11.74     -5.56
      0.83    -12.22     -5.08
      1.78    -12.70     -4.60
      2.26    -13.66     -4.12
      2.74    -14.61     -4.12
      3.22    -15.09     -4.12
      3.70    -15.57     -3.64
      4.18    -16.53     -3.64
      4.66    -17.01     -3.64
      4.66    -17.49     -3.64
      5.13    -17.49     -3.16
      5.13    -17.96     -2.68
      5.61    -18.44     -2.21
      5.61    -18.92     -2.21
      5.61    -19.40     -2.21
      5.61    -19.88     -2.21
      5.61    -20.36     -1.73
      5.13    -20.83     -1.73
      5.13    -21.31     -1.25
      4.66    -21.79     -0.77
      4.66    -22.27     -0.77
      4.18    -22.75     -0.29
      4.18    -22.75      0.19
      4.18    -24.18      0.67
      4.18    -23.71      1.14
      4.18    -23.71      1.62
      3.70    -23.71      2.10
      3.22    -23.71      2.58
      3.22    -24.18      3.54
      2.74    -25.14      4.49
      2.74    -26.10      4.49
      1.78    -26.58      4.97
      1.78    -26.58      5.93
      1.31    -27.53      6.41
      0.35    -27.06      6.89
      0.35    -26.10      6.89
      0.35    -25.14      6.89
     -0.13    -24.18      6.89
     -0.61    -23.23      6.89
     -1.09    -22.27      7.36
     -0.61    -21.31      8.32
     -0.61    -20.83      8.32
     -0.61    -20.36      8.32
     -1.09    -19.88      8.80
     -1.09    -19.40      8.80
     -1.09    -18.92      8.80
     -1.57    -17.96      8.80
     -1.09    -17.49      8.80
     -1.57    -17.01      8.32
     -1.57    -16.53      8.32
     -1.09    -16.53      8.32
     -1.57    -16.05      8.32
     -1.57    -15.57      8.32
     -1.09    -15.09      8.32
     -1.09    -14.61      8.32
     -1.57    -13.66      8.32
     -1.09    -13.18      8.32
     -1.09    -12.22      7.84
     -1.09    -11.74      7.84
     -1.09    -11.26      7.84
     -1.09    -10.79      7.84
     -1.09     -9.83      7.84
     -1.09     -9.35      7.84
     -1.09     -8.87      7.36
     -1.09     -8.39      7.84
     -1.09     -7.91      7.36
     -0.61     -6.96      7.36
     -0.13     -6.48      7.36
     -0.13     -5.52      7.36
      0.35     -4.57      7.84
      0.83     -4.09      7.84
      1.31     -3.13      7.84
      1.31     -2.65      7.84
      1.31     -2.17      7.84
      1.78     -1.69      7.84
      2.26     -1.22      7.84
      2.74     -0.74      7.84
      2.74     -0.26      7.84
      2.74      0.22      7.84
      2.74      0.70      7.84
      2.74      0.70      7.84
      2.74      1.66      7.84
      2.74      2.13      7.84
      2.74      3.09      8.32
      2.74      3.57      7.84
      2.26      4.05      7.84
      2.26      4.53      7.36
      2.26      5.01      7.84
      1.78      5.48      7.36
      1.78      5.48      7.36
      1.78      5.96      6.89
      1.31      5.96      6.41
      1.31      6.44      6.41
      0.83      6.44      6.41
      0.83      6.92      5.93
      0.83      7.40      5.45
      0.35      7.88      5.45
     -0.13      7.88      5.45
     -0.13      8.83      4.49
     -0.13      9.31      4.02
     -0.61      9.79      4.02
     -0.61     10.27      4.02
     -0.61     10.27      3.54
     -1.09     10.75      3.54
     -1.09     11.23      3.06
     -1.57     11.23      2.58
     -1.57     11.23      2.58
     -2.04     11.23      3.06
     -2.04     12.18      2.58
     -2.52     14.10      2.10
     -3.00     15.53      1.62
     -3.00     16.01      1.14
     -3.48     17.45      0.67
     -3.48     17.93      0.67
     -3.48     17.93      0.67
     -3.48     18.40      0.67
     -3.48     18.40      0.19
     -3.48     18.88      0.19
     -3.48     18.88     -0.29
     -3.48     19.36     -0.77
     -3.48     19.36     -1.73
     -3.00     19.84     -2.68
     -3.00     19.84     -3.16
     -3.00     20.32     -4.12
     -3.00     19.84     -4.60
     -2.52     19.36     -5.08
     -2.52     18.88     -6.03
     -2.04     19.36     -6.99
     -2.04     19.36     -7.95
     -2.52     19.84     -8.90
     -2.04     19.84     -9.38
     -2.04     19.84     -9.86
     -2.04     19.84    -10.34
     -2.04     19.36    -10.82
     -1.57     19.36    -10.82
     -2.04     19.36    -11.30
     -2.04     18.88    -11.30
     -1.57     18.88    -12.25
     -2.04     18.88    -12.25
     -2.04     18.88    -12.73
     -1.57     18.88    -12.73
     -1.57     18.40    -13.21
     -1.57     18.40    -13.21
     -1.57     17.93    -13.69
     -1.57     17.93    -13.69
     -1.57     17.45    -13.69
     -1.57     16.97    -13.69
     -1.57     16.97    -13.21
     -1.57     16.97    -13.21
     -1.57     16.49    -13.21
     -1.57     16.49    -13.21
     -1.09     16.01    -13.21
     -1.09     15.53    -13.21
     -1.09     15.53    -13.21
     -1.09     15.05    -13.21
     -0.61     14.58    -13.21
     -0.61     14.58    -13.21
     -0.13     14.10    -13.21
      0.35     13.62    -13.21
      0.35     13.14    -13.21
      0.35     12.66    -13.21
      0.83     12.18    -12.73
      0.35     12.18    -12.73
      0.83     12.18    -12.25
      0.83     11.70    -11.78
      0.83     11.70    -11.78
      1.31     11.23    -11.78
      1.31     11.23    -11.30
      0.83     10.75    -11.30
      0.83     10.27    -11.30
      1.31     10.27    -10.82
      1.31      9.79    -11.30
      1.31      9.79    -11.30
      1.31      9.31    -10.82
      1.31      8.83    -10.82
      1.31      8.35    -10.82
      1.78      8.35    -10.82
      1.31      7.88    -10.82
      1.31      7.40    -10.82
      1.31      7.40    -10.82
      1.31      6.92    -10.34
      1.31      6.92    -10.34
      1.31      5.96    -10.34
      1.31      5.48    -10.34
      1.31      5.01     -9.86
      1.31      4.05     -9.38
      1.31      3.57     -9.38
      1.31      2.61     -8.90
      0.83      1.66     -8.43
      1.31      0.70     -8.43
      0.83     -0.26     -7.95
      1.31     -1.22     -7.47
      1.31     -1.69     -6.99
      0.83     -1.69     -6.03
      0.83     -2.65     -5.08
      1.31     -3.61     -4.60
      1.31     -4.09     -4.12
      1.31     -5.04     -3.16
      0.83     -5.52     -2.68
      0.83     -6.48     -2.21
      0.83     -7.44     -1.73
      1.31     -8.39     -0.77
      1.31     -8.87      0.19
      1.31     -9.83      0.19
      1.31    -10.79      0.67
      1.31    -11.74      1.62
      1.31    -12.22      2.10
      1.78    -12.70      1.62
      2.26    -13.18      1.62
      2.74    -13.66      2.10
      2.74    -14.14      3.54
      2.74    -15.09      4.49
      2.74    -16.05      5.45
      2.26    -17.49      4.97
      2.26    -17.96      5.45
      2.26    -18.44      5.93
      1.78    -19.88      5.93
      2.26    -21.79      6.41
      2.26    -22.27      6.89
      1.78    -21.31      7.36
      1.78    -21.31      7.36
      1.78    -20.83      8.32
      1.78    -20.36      9.28
      1.78    -20.36      9.76
      1.78    -19.88     10.71
      1.78    -19.40     11.67
      1.78    -19.40     12.63
      1.78    -19.88     13.11
      1.78    -19.88     14.06
      1.78    -20.83     14.06
      2.26    -20.83     14.54
      1.78    -20.83     14.54
      1.78    -20.83     14.54
      2.26    -20.83     14.54
      2.26    -20.83     14.54
      1.78    -19.88     14.54
      2.26    -19.40     14.54
      1.78    -19.40     14.06
      1.78    -18.44     14.06
      1.31    -18.44     13.59
      1.31    -17.96     13.59
      1.31    -17.49     14.06
      0.35    -17.01     13.59
      0.35    -17.01     13.11
      0.35    -16.53     12.63
      0.35    -16.53     12.63
     -0.13    -16.53     12.63
     -0.13    -16.05     12.63
     -0.61    -16.05     12.63
     -1.09    -16.05     12.15
     -1.09    -16.05     12.15
     -1.09    -15.57     12.15
     -1.09    -15.57     12.15
     -1.09    -15.57     11.67
     -1.09    -16.05     11.67
     -1.09    -16.05     11.67
     -1.09    -16.05     11.67
     -1.09    -15.57     11.67
     -1.09    -15.57     11.19
     -1.09    -15.57     11.19
     -1.09    -16.05     11.19
     -1.09    -16.05     11.19
     -1.09    -16.05     11.19
     -1.09    -16.05     10.24
     -1.09    -16.05     10.71
     -1.09    -16.05     10.24
     -1.09    -15.57      9.76
     -1.09    -15.09      9.76
     -1.09    -15.09      9.76
     -1.09    -15.09      9.28
     -1.09    -14.14      8.80
     -1.09    -13.66      8.80
     -1.09    -13.66      7.84
     -1.09    -13.18      7.36
     -1.09    -12.70      7.36
     -1.09    -12.22      6.89
     -1.09    -11.74      6.41
     -1.09    -11.26      6.41
     -0.61    -10.79      5.45
     -0.13     -9.83      4.97
     -0.61     -8.87      4.97
     -0.61     -8.87      4.97
     -0.61     -8.39      4.49
     -0.13     -6.96      4.02
     -0.13     -6.48      3.54
     -0.13     -5.52      3.06
      0.35     -5.04      3.06
      0.35     -4.09      2.58
      0.35     -3.61      2.10
      0.83     -2.65      1.62
      0.35     -2.17      1.62
      0.83     -1.22      1.62
      0.83     -0.74      1.14
      0.83      0.22      0.67
      0.83      0.22      0.19
      1.31      0.70      0.19
      0.83      1.18      0.19
      0.83      1.66     -0.29
      0.83      2.13      0.19
      0.83      2.13     -0.29
      0.83      1.66     -0.29
      1.31      2.13     -0.77
      0.83      3.57     -1.73
      0.83      5.01     -2.21
      0.83      5.96     -2.21
      1.31      6.92     -2.21
      1.31      7.88     -2.68
      1.31      8.83     -2.68
      1.31      8.83     -2.68
      1.31      9.31     -3.16
      1.31      9.31     -3.64
      1.31      9.31     -3.64
      0.83      9.79     -3.64
      0.83     10.27     -4.12
      1.31     10.27     -4.12
      1.31     10.27     -4.12
      1.31     10.75     -4.60
      1.31     11.23     -5.08
      0.35     11.70     -4.60
      0.83     12.18     -4.12
      1.31     12.66     -4.12
      1.31     13.62     -4.12
      1.31     13.62     -4.12
      0.83     14.10     -4.12
      0.35     14.10     -4.12
      0.35     14.58     -4.12
      0.35     15.05     -4.12
      0.35     15.05     -4.60
     -0.13     15.05     -4.60
     -0.61     15.53     -4.12
     -0.61     15.53     -4.12
     -1.09     15.53     -4.12
     -1.09     15.53     -3.64
     -1.09     16.01     -4.60
     -1.09     16.01     -4.60
     -2.04     16.01     -5.08
     -2.04     16.01     -4.60
     -2.52     16.01     -5.08
     -3.00     16.01     -5.56
     -3.00     16.49     -5.56
     -3.48     16.01     -6.03
     -3.48     16.01     -6.99
     -3.96     16.01     -6.51
     -3.96     16.01     -6.03
     -3.96     16.01     -6.03
     -3.96     15.53     -6.03
     -3.96     15.53     -6.51
     -3.96     15.05     -6.51
     -3.96     15.05     -6.03
     -3.96     15.05     -6.03
     -3.96     14.58     -6.51
     -3.48     14.58     -6.51
     -3.48     14.58     -6.51
     -3.48     14.10     -6.51
     -3.00     13.14     -6.51
     -3.00     13.62     -6.99
     -2.52     13.62     -6.99
     -2.52     13.62     -6.99
     -2.04     13.14     -6.99
     -1.57     13.14     -6.99
     -1.09     13.14     -6.99
     -1.09     12.66     -6.99
     -1.09     12.66     -6.51
     -0.61     12.18     -6.51
     -0.13     12.18     -6.51
     -0.13     12.18     -6.51
      0.35     12.18     -6.03
      0.35     12.18     -6.03
      0.83     11.70     -6.03
      0.83     11.23     -5.56
      1.31     11.23     -5.08
      1.31     11.23     -4.60
      1.31     10.75     -4.12
      1.78     10.27     -4.12
      1.78      9.79     -3.64
      1.78      9.79     -3.16
      1.78      9.31     -2.68
      2.26      8.83     -2.21
      2.26      8.83     -2.21
      1.78      8.35     -1.73
      1.31      7.88     -1.25
      1.78      7.40     -0.77
      1.78      6.92     -0.77
      1.78      6.44     -0.29
      1.78      5.96      0.19
      1.31      5.48      0.19
      1.31      5.01      0.19
      1.31      4.05      0.67
      1.31      3.57      1.14
      0.83      3.09      1.62
      0.83      2.61      1.62
      0.83      1.66      2.10
      0.35      1.18      2.58
      0.35      0.70      2.58
      0.35      0.22      2.58
     -0.13     -0.26      3.06
     -0.13     -0.74      3.06
     -0.13     -1.22      3.54
     -0.13     -1.69      3.54
     -0.61     -2.17      3.54
     -0.61     -2.65      4.02
     -0.61     -3.13      4.02
     -0.61     -3.61      4.02
     -1.09     -4.09      4.49
     -0.61     -4.57      4.49
     -1.09     -5.04      4.97
     -1.09     -5.52      4.97
     -1.09     -6.00      5.45
     -1.09     -6.00      5.93
     -1.09     -6.48      6.41
     -1.09     -6.96      6.41
     -1.09     -7.44      6.89
     -1.09     -7.44      6.89
     -1.09     -7.91      6.89
     -1.09     -7.91      6.89
     -1.09     -8.39      7.36
     -1.09     -8.87      7.36
     -1.09     -9.35      7.36
     -1.09     -9.83      7.36
     -1.09    -10.31      7.36
     -1.09    -10.31      7.36
     -0.61    -11.26      7.36
     -0.61    -11.74      6.89
     -0.61    -12.22      6.89
     -0.61    -12.70      6.89
     -0.61    -13.18      6.89
     -1.09    -13.18      6.41
     -0.61    -13.18      5.93
     -0.61    -13.66      5.45
     -0.61    -13.18      5.45
     -0.61    -13.66      4.97
     -0.61    -14.14      4.49
     -0.61    -14.14      4.49
     -0.61    -14.61      4.49
     -0.61    -14.14      4.02
     -0.13    -13.18      3.54
     -0.13    -12.70      3.06
     -0.13    -12.22      2.58
     -0.61    -11.74      2.10
      0.35    -11.74      2.10
      0.35    -10.79      1.62
      0.35    -10.79      1.62
      0.35    -10.79      0.67
      0.35    -10.31      0.67
      0.83    -10.31      0.19
      0.35     -9.83      0.19
      0.35     -9.35     -0.29
      0.83     -9.35     -0.29
      0.83     -8.87     -1.25
      0.83     -8.87     -1.73
      1.31     -7.91     -1.73
      1.31     -7.91     -2.21
      1.31     -7.44     -2.68
      1.31     -6.96     -2.68
      1.78     -6.96     -3.16
      1.78     -6.48     -3.64
      1.78     -6.00     -3.64
      1.78     -5.52     -4.12
      2.26     -5.52     -4.60
      2.26     -5.52     -4.60
      2.74     -5.04     -5.08
      2.74     -5.04     -5.08
      2.74     -4.57     -5.56
      2.74     -4.57     -6.03
      3.22     -4.09     -6.03
      3.22     -4.09     -6.03
      3.22     -3.61     -6.51
      3.22     -3.61     -6.51
      3.22     -3.13     -6.99
      2.74     -3.13     -6.51
      2.74     -2.65     -6.99
      2.74     -2.65     -7.47
      2.74     -2.65     -7.47
      2.74     -2.17     -7.47
      2.74     -2.17     -7.95
      2.26     -1.69     -7.95
      2.74     -1.69     -7.95
      2.26     -1.22     -8.43
      2.26     -1.22     -8.43
      2.26     -0.74     -8.43
      1.78     -0.26     -8.43
      1.78      0.22     -8.43
      1.78      0.22     -8.43
      1.78      0.70     -7.95
      1.78      1.18     -8.43
      1.78      1.66     -8.43
      1.31      1.66     -8.43
      1.31      2.13     -7.95
      1.31      2.61     -7.95
      1.31      3.09     -7.95
      0.83      3.09     -7.95
      0.35      3.57     -7.95
      0.35      4.05     -7.95
     -0.13      4.05     -7.95
     -0.13      4.53     -7.95
     -0.61      4.53     -7.95
     -0.61      4.53     -7.47
     -1.09      4.53     -7.47
     -1.09      4.53     -7.47
     -1.09      5.01     -7.47
     -1.09      5.48     -7.47
     -1.09      5.48     -6.99
     -1.57      5.96     -6.99
     -1.57      5.96     -6.51
     -1.57      6.44     -6.03
     -1.57      6.44     -6.03
     -1.57      6.44     -6.03
     -1.57      6.44     -5.56
     -2.04      6.44     -5.56
     -1.57      6.44     -5.08
     -2.04      6.44     -5.08
     -2.04      6.44     -4.60
     -2.04      6.44     -4.12
     -2.04      6.44     -4.12
     -2.04      6.44     -4.12
     -2.04      6.44     -4.12
     -2.04      6.92     -3.64
     -2.04      6.44     -3.64
     -2.04      6.92     -3.16
     -2.04      6.92     -4.12
     -1.57      6.92     -3.16
     -1.57      6.92     -3.16
     -1.09      7.40     -3.16
     -1.09      7.40     -3.16
     -1.09      7.40     -3.16
     -1.09      7.40     -3.16
     -0.61      7.40     -3.16
     -0.13      7.40     -3.16
     -0.13      7.40     -3.64
      0.35      7.88     -3.16
      0.83      7.88     -3.16
      0.83      7.40     -3.16
      1.31      7.40     -3.16
      1.31      7.40     -2.68
      1.78      7.40     -2.68
      1.78      7.40     -2.68
      2.26      6.92     -2.68
      2.74      6.92     -2.21
      3.22      6.44     -2.21
      3.22      6.92     -1.73
      3.70      6.92     -1.73
      3.70      6.44     -1.25
      3.70      6.92     -0.77
      4.18      6.44     -0.77
      4.18      6.44     -0.29
      3.70      6.44      0.19
      4.18      5.96      0.19
      4.18      5.48      0.67
      3.70      5.48      1.14
      3.70      5.01      1.62
      3.70      4.53      2.10
      3.70      4.05      2.10
      3.22      4.05      2.58
      3.22      4.05      3.06
      2.74      3.57      3.06
      2.26      3.09      3.54
      1.78      3.09      4.02
      1.78      2.61      4.02
      0.83      2.61      4.49
      0.83      2.13      4.49
      0.35      2.13      4.49
     -0.13      1.66      4.97
     -0.61      1.66      4.97
     -1.09      1.66      4.97
     -1.09      1.66      4.97
     -1.57      1.66      5.45
     -2.04      1.18      5.45
     -2.04      1.18      5.45
     -2.52      1.18      5.93
     -3.00      0.70      5.93
     -3.00      0.70      5.93
     -3.48      0.70      5.93
     -3.48      0.70      6.41
     -3.96      0.70      6.41
     -3.96      0.70      6.41
     -3.96      0.22      6.41
     -4.44      0.22      6.89
     -4.44      0.22      6.89
     -4.44      0.22      7.36
     -3.96      0.22      7.36
     -3.96     -0.26      7.84
     -3.96     -0.26      7.84
     -4.44     -0.74      7.84
     -3.48     -0.74      8.32
     -3.48     -1.22      8.80
     -3.00     -1.22      8.80
     -3.00     -1.22      9.28
     -2.52     -1.69      9.28
     -2.52     -2.17      9.28
     -2.52     -2.17      9.76
     -2.04     -2.65      9.76
     -2.04     -2.65     10.24
     -2.04     -2.65     10.24
     -1.57     -3.13     10.24
     -1.09     -3.13     10.24
     -1.09     -3.61     10.24
     -1.09     -4.09     10.71
     -0.61     -4.09     10.71
     -0.61     -4.09     10.71
     -0.61     -4.57     10.24
     -0.13     -4.57     10.24
      0.35     -5.04     10.24
      0.35     -5.04     10.24
      0.35     -5.04      9.76
      0.83     -5.04      9.76
      0.83     -5.04      9.28
      1.31     -5.04      9.28
      1.31     -5.52      8.80
      1.31     -5.52      8.80
      1.31     -5.52      8.32
      1.78     -5.52      8.32
      1.78     -5.52      7.84
      1.78     -5.52      7.36
      1.78     -5.52      7.36
      2.26     -6.00      7.36
      2.26     -6.00      7.36
      2.26     -6.00      6.89
      2.26     -6.48      6.41
      2.26     -6.48      6.41
      2.26     -6.96      5.93
      2.26     -6.96      5.45
      2.26     -7.44      4.97
      2.26     -6.96      4.97
      2.26     -7.44      4.49
      1.78     -7.44      4.02
      1.78     -7.44      4.02
      1.31     -7.44      3.54
      1.31     -7.44      3.54
      1.31     -7.44      3.54
      1.31     -7.44      3.06
      1.31     -7.91      3.06
      0.83     -8.87      2.58
      0.35     -8.39      2.58
      0.35     -8.39      2.10
      0.35     -8.39      1.62
     -0.13     -8.39      1.14
     -0.61     -8.87      1.14
     -0.61     -9.83      0.67
     -1.09     -9.83      0.19
     -1.09     -9.35      0.19
     -1.09     -8.39      0.19
     -1.09     -7.91     -0.77
     -1.57     -7.44     -0.77
     -1.57     -6.96     -0.77
     -1.57     -6.48     -1.25
     -1.57     -6.00     -1.25
     -2.04     -6.00     -1.73
     -2.04     -5.52     -1.73
     -2.52     -6.00     -2.21
     -2.04     -6.00     -2.68
     -2.52     -5.52     -2.68
     -2.52     -5.52     -3.16
     -2.52     -5.52     -3.64
     -2.52     -5.52     -3.64
     -3.00     -5.04     -3.64
     -2.52     -4.57     -4.12
     -2.52     -4.57     -4.12
     -2.52     -4.57     -4.12
     -2.52     -4.09     -4.12
     -2.04     -4.09     -4.60
     -2.04     -3.61     -4.60
     -1.57     -3.61     -5.08
     -1.09     -3.61     -5.56
     -1.09     -3.61     -5.56
     -1.09     -2.65     -6.03
     -1.09     -2.65     -6.03
     -1.09     -2.65     -6.03
     -0.61     -2.17     -6.51
     -0.61     -2.17     -6.51
     -0.61     -2.17     -6.51
     -0.13     -2.17     -6.51
     -0.13     -1.69     -6.51
     -0.13     -1.69     -6.51
      0.35     -1.69     -6.51
      0.35     -1.69     -6.51
      0.35     -2.17     -6.51
      0.35     -1.69     -6.51
      0.35     -1.69     -6.51
     -0.13     -1.22     -6.51
      0.35     -1.22     -6.51
      0.83     -1.22     -6.99
      0.83     -1.22     -6.99
      0.83     -1.22     -6.99
      0.83     -1.22     -6.99
      0.83     -1.22     -7.47
      0.83     -0.74     -6.99
      0.83     -1.22     -7.47
      1.31     -1.22     -7.47
      1.31     -1.22     -7.47
      1.31     -1.22     -7.47
      1.78     -0.74     -7.47
      1.31     -0.26     -7.47
      1.31     -0.26     -7.47
      1.31      0.22     -6.99
      1.31      0.22     -7.47
      1.78      0.22     -6.99
      2.26     -0.74     -6.51
      2.74     -0.74     -6.51
      2.74     -0.74     -6.51
      1.78      0.22     -6.99
      1.31      0.70     -6.51
      0.83      1.18     -5.56
      1.31      1.18     -4.12
      1.78      0.70     -3.64
      2.26      0.70     -4.60
      1.78      1.18     -4.60
      1.78      1.18     -4.12
      1.78      0.70     -3.64
      1.78      1.18     -3.16
      1.78      2.13     -3.16
      1.31      2.61     -3.16
      1.31      3.09     -3.64
      1.31      3.09     -2.68
      1.31      3.09     -2.68
      0.83      3.57     -2.68
      0.83      4.05     -2.21
      0.35      4.05     -1.73
      0.35      4.05     -1.73
      0.35      4.05     -1.73
     -0.13      4.05     -1.25
     -0.13      3.57     -0.77
     -0.61      3.57     -0.77
     -0.61      4.05     -0.77
     -0.61      3.57     -0.77
     -1.09      3.57     -0.29
     -0.61      3.57     -0.29
     -0.61      3.57      0.19
     -1.09      3.57      0.19
     -1.09      3.09     -0.29
     -1.09      2.61     -0.77
     -1.09      2.61     -0.77
     -0.61      2.13     -0.29
     -1.09      2.13     -0.29
     -0.61      2.13      0.19
     -0.61      1.66      0.19
     -0.61      1.18      0.67
     -0.61      0.70      1.14
     -0.13      0.22      1.14
     -0.13      0.22      1.14
     -0.13      0.22      1.14
     -0.13      0.22      1.62
     -0.13      0.22      2.10
      0.35     -0.26      2.10
      0.35     -0.26      2.10
      0.35     -0.26      2.10
      0.35     -0.26      2.58
      0.35     -0.74      2.58
      0.35     -1.22      2.58
      0.35     -1.22      2.58
      0.35     -1.22      2.58
      0.35     -1.22      3.06
      0.35     -1.69      3.54
      0.35     -1.22      3.54
      0.35     -1.69      3.54
      0.35     -1.69      3.54
      0.35     -1.69      3.54
      0.35     -2.17      3.54
     -0.13     -2.17      3.54
      0.35     -2.65      3.54
     -0.13     -2.65      3.54
     -0.13     -2.65      4.02
     -0.13     -2.65      4.02
      0.35     -2.17      4.02
     -0.13     -2.17      4.02
     -0.13     -1.69      4.02
     -0.13     -1.69      4.02
     -0.13     -1.22      4.02
     -0.13     -1.22      4.02
     -0.13     -1.22      4.02
     -0.13     -1.22      4.02
     -0.13     -0.74      4.02
     -0.13     -0.74      4.02
     -0.13     -0.74      4.02
     -0.13     -0.26      4.49
     -0.13     -0.26      4.02
     -0.13     -0.26      4.49
     -0.13     -0.26      4.49
     -0.13      0.22      4.97
     -0.13      0.22      4.97
     -0.13      0.22      4.97
     -0.13      0.22      4.97
      0.35      0.22      5.45
      0.35      0.22      5.45
      0.35      0.22      5.45
      0.35      0.70      5.45
      0.35      0.70      5.45
      0.35      0.70      5.93
      0.35      0.70      5.93
      0.35      1.18      6.41
      0.35      1.18      6.41
      0.35      1.18      6.41
      0.35      1.18      6.89
      0.35      1.18      6.89
     -0.13      1.18      7.36
     -0.13      1.18      7.36
     -0.13      0.70      7.36
     -0.13      1.18      7.36
     -0.13      1.18      7.36
     -0.13      1.18      7.36
     -0.13      1.18      7.36
     -0.13      1.18      7.36
     -0.61      1.18      7.36
     -0.13      0.70      7.36
     -0.13      0.22      7.36
     -0.13      0.22      7.36
     -0.13      0.22      7.36
     -0.13      0.22      7.36
     -0.13      0.22      7.36
     -0.13      0.22      7.36
     -0.13      0.22      6.89
     -0.13      0.22      6.89
      0.35     -0.26      6.89
     -0.13     -0.26      6.89
     -0.13     -1.22      6.41
     -0.13      0.22      6.41
      0.35      0.70      5.93
      0.35      1.18      5.93
      0.83      1.18      5.45
      0.83      1.66      5.45
      1.31      2.13      5.45
      1.31      2.13      4.97
      1.31      2.61      4.97
      1.31      2.61      4.49
      1.31      2.61      4.49
      1.31      2.61      3.54
      1.31      3.09      3.54
      1.31      3.09      3.06
      1.31      3.09      3.06
      1.31      3.09      2.58
      1.31      3.57      2.10
      1.78      3.57      1.62
      1.31      3.57      1.14
      1.31      3.57      1.14
      1.31      4.05      0.67
      1.31      4.05      0.19
      1.31      4.05      0.19
      0.83      4.05      0.19
      0.83      4.05      0.19
      0.83      4.05     -0.77
      0.35      3.57     -0.77
      0.35      4.53     -1.25
      0.35      4.53     -1.25
      0.35      4.53     -1.25
     -0.13      5.01     -1.73
     -0.61      4.53     -1.73
     -0.13      5.01     -2.21
     -0.61      5.01     -2.21
     -0.61      5.01     -2.68
     -0.61      4.53     -2.68
     -1.09      4.53     -2.68
     -0.61      4.05     -3.16
     -0.61      3.57     -3.16
     -0.61      4.05     -3.64
     -0.61      3.57     -3.16
     -0.61      3.57     -3.64
     -0.61      3.57     -3.64
     -0.61      3.57     -4.12
     -0.61      3.57     -4.12
     -0.13      3.09     -4.12
     -0.13      3.09     -4.60
     -0.13      2.61     -4.60
      0.35      2.13     -4.60
      0.35      2.13     -5.08
     -0.13      2.13     -5.56
      0.35      2.13     -6.03
      0.35      2.13     -6.03
      0.35      2.13     -6.03
     -0.13      2.13     -6.03
      0.35      2.61     -6.51
      0.35      2.61     -6.99
      0.35      2.13     -6.99
     -0.13      2.61     -6.99
     -0.13      2.61     -7.47
      0.35      2.61     -7.47
      0.35      2.61     -7.95
      0.35      2.61     -7.95
      0.35      3.09     -8.43
      0.83      3.09     -8.90
      0.83      3.09     -8.90
      0.83      3.57     -9.38
      0.83      3.09     -9.38
      0.83      3.09     -9.38
      0.83      3.09     -9.86
      0.35      3.57     -9.86
      0.35      3.57     -9.86
      0.35      3.57     -9.86
      0.35      4.05     -9.86
      0.35      4.05    -10.34
      0.83      4.05    -10.34
      0.35      4.53    -10.34
      0.35      4.53    -10.82
     -0.13      4.53    -10.82
     -0.13      4.53    -10.82
     -0.13      5.01    -10.82
     -0.61      5.01    -10.82
     -0.61      5.01    -10.82
     -0.61      5.48    -10.82
     -0.61      5.48    -10.82
     -1.09      5.48    -10.82
     -1.09      5.48    -10.82
     -1.09      5.48    -10.82
     -1.09      5.48    -10.34
     -1.09      4.53    -10.82
     -1.09      5.01    -10.34
     -1.09      4.53    -10.34
     -1.09      4.53    -10.34
     -1.09      4.53    -10.34
     -1.09      4.53    -10.34
     -1.09      4.53    -10.34
     -1.09      4.53    -10.34
     -1.09      4.53     -9.86
     -1.09      4.05     -9.86
     -1.09      4.05     -9.86
     -1.09      3.57     -9.38
     -1.09      3.57     -9.38
     -1.09      3.57     -9.38
     -1.09      3.57     -8.90
     -1.09      3.09     -9.38
     -1.09      3.09     -8.43
     -0.61      2.61     -8.43
     -0.61      2.61     -7.95
     -0.61      2.61     -7.95
     -0.61      2.13     -7.47
     -0.13      2.13     -7.47
     -0.13      2.13     -6.99
     -0.13      2.13     -6.51
      0.35      1.66     -6.03
      0.35      1.66     -5.56
      0.35      1.18     -5.56
      0.35      1.18     -5.08
      0.35      0.70     -4.60
      0.83      0.70     -4.12
      0.35      0.22     -3.64
      0.35      0.22     -3.16
      0.83     -0.26     -2.68
      0.35     -0.74     -2.21
      0.83     -0.74     -1.73
      0.83     -1.69     -1.25
      0.83     -1.69     -0.77
      0.83     -1.69      0.19
      0.83     -2.17      0.19
      0.83     -2.17      0.19
      0.83     -2.65      0.67
      0.83     -3.13      1.14
      0.83     -3.13      1.62
      0.35     -3.13      2.10
      0.83     -3.13      2.58
      0.35     -3.61      3.06
      0.35     -3.61      3.54
      0.35     -3.61      3.54
      0.83     -4.09      4.02
      0.83     -4.09      4.02
      0.83     -4.57      4.49
      0.83     -4.57      4.49
      0.83     -5.04      4.97
      0.83     -5.04      4.97
      0.83     -5.04      5.45
      0.83     -5.04      5.45
      0.83     -5.52      5.93
      1.31     -6.48      5.93
      1.31     -5.52      6.41
      1.31     -6.00      5.93
      1.31     -6.00      6.41
      1.31     -6.00      6.89
      1.31     -6.00      6.89
      1.78     -6.48      6.41
      1.31     -6.00      6.41
      1.31     -6.48      6.89
      1.31     -6.48      6.89
      1.31     -6.48      6.89
      1.31     -6.00      6.89
      1.31     -6.00      7.36
      1.31     -6.00      7.36
      1.78     -6.00      7.36
      1.31     -6.48      7.36
      1.31     -6.48      7.36
      1.31     -6.48      7.84
      1.31     -7.44      7.84
      1.31     -6.96      7.84
      1.31     -6.48      7.84
      1.31     -6.48      8.32
      0.83     -6.48      7.84
      0.83     -6.00      7.84
      0.83     -6.00      7.84
      0.83     -6.00      8.32
      0.83     -6.00      8.32
      0.83     -6.00      7.84
     -0.61     -6.48      7.84
      0.35     -6.48      7.36
      0.35     -6.48      7.36
      0.35     -6.48      7.36
      0.35     -6.48      6.89
     -0.13     -6.48      6.89
     -0.13     -6.48      6.89
     -0.13     -6.48      6.41
     -0.13     -6.48      6.41
     -0.61     -6.00      5.93
     -0.61     -6.48      5.93
     -0.61     -6.00      5.93
     -0.61     -6.00      5.45
     -0.61     -6.00      5.45
     -0.61     -5.52      5.45
     -0.61     -5.52      4.97
     -0.61     -5.52      4.97
     -0.61     -5.52      4.49
     -0.61     -5.52      4.49
     -1.09     -5.04      4.49
     -1.09     -5.04      4.02
     -1.09     -4.57      4.02
     -1.09     -4.57      4.02
     -1.09     -4.57      3.54
     -1.09     -4.57      3.54
     -1.09     -4.57      3.54
     -0.61     -4.09      3.54
     -1.09     -4.09      3.54
     -0.61     -3.61      3.06
     -0.61     -4.09      3.06
     -0.61     -4.09      2.58
     -0.13     -4.57      2.58
     -0.61     -4.09      2.58
     -0.13     -3.61      2.10
     -0.13     -3.61      2.10
     -0.13     -3.61      2.10
      0.35     -3.61      1.62
      0.35     -3.13      1.62
      0.35     -3.13      1.62
      0.35     -3.13      1.14
      0.35     -3.13      1.62
      0.83     -3.13      0.67
      0.83     -2.65      1.14
      0.83     -2.65      1.14
      1.31     -2.65      0.67
      0.83     -2.65      0.67
      0.83     -2.65      0.67
      0.83     -2.65      0.67
      0.83     -2.17      0.67
      0.83     -1.69      0.67
      0.83     -1.69      0.67
      0.83     -1.22      0.19
      0.83     -1.22      0.19
      0.83     -1.22      0.19
      0.35     -0.74      0.19
      0.35     -0.74      0.19
      0.35     -0.74      0.19
      0.35     -0.74      0.19
      0.35     -0.74     -0.29
     -0.13     -0.74      0.19
     -0.61     -0.74     -0.29
     -0.61     -0.74     -0.29
     -0.61     -0.26     -0.29
     -0.61      0.22     -0.29
     -0.61     -0.26     -0.29
     -1.09     -0.26     -0.29
     -1.09     -0.74     -0.29
     -1.09     -0.74     -0.29
     -1.09     -0.74     -0.29
     -1.09     -1.22     -0.29
     -1.57     -0.74     -0.77
     -1.57     -0.74     -0.77
     -1.57     -0.74     -0.77
     -1.57     -0.74     -0.77
     -2.04     -0.74     -0.29
     -2.04     -1.22      0.19
     -2.04     -0.74      0.19
     -1.57     -0.74      0.19
     -2.04     -0.26      0.19
     -2.04      0.22      0.67
     -2.04      0.22      0.67
     -2.04      0.22      0.67
     -2.04      0.22      1.14
     -2.04      0.70      1.14
     -1.57      0.70      1.14
     -2.04      1.66      1.62
     -1.57      2.13      1.62
     -1.57      2.13      1.62
     -1.57      2.61      1.62
     -1.57      2.61      1.62
     -1.57      3.09      1.62
     -1.09      3.57      1.62
     -1.09      4.05      1.62
     -1.09      4.05      1.62
     -1.09      4.53      1.62
     -1.09      4.05      1.14
     -1.09      4.53      0.67
     -1.09      4.53      0.67
     -1.09      4.53      0.19
     -1.09      5.01      0.19
     -1.09      5.01      0.19
     -0.61      5.48      0.19
     -0.61      5.48     -0.29
     -0.61      5.48     -0.29
     -0.13      5.01     -0.29
     -0.13      5.48     -0.29
      0.35      5.48     -0.77
      0.35      5.48     -0.77
      0.83      5.48     -1.25
      1.31      5.48     -0.77
      1.31      5.01     -0.77
      1.78      5.01     -0.77
      1.78      5.01     -0.77
      2.26      5.01     -0.77
      2.26      5.48     -0.77
      2.74      5.01     -0.77
      2.74      5.01     -0.77
      3.22      5.01     -0.29
      3.22      5.01     -0.29
      3.22      5.01      0.19
      3.22      5.01      0.19
      3.22      5.01      0.19
      3.22      5.48      0.19
      3.22      5.48      0.19
      3.22      5.01      0.19
      3.22      5.01      0.67
      2.74      5.01      0.67
      2.74      5.01      1.14
      2.26      5.01      1.14
      2.26      4.53      1.62
      1.78      5.01      1.62
      1.78      5.01      1.62
      1.31      5.01      1.62
      1.31      5.01      1.62
      0.83      4.53      2.10
      0.83      4.53      2.10
      0.35      4.53      2.10
      0.35      4.53      2.10
     -0.13      4.53      2.10
     -0.13      4.53      1.62
     -0.13      5.01      1.62
     -1.09      4.53      1.62
     -0.61      4.53      1.62
     -0.61      4.53      1.62
     -1.09      4.53      1.62
     -1.09      4.53      1.14
     -1.09      4.53      1.14
     -1.09      4.53      0.67
     -1.09      4.05      0.67
     -1.09      4.05      0.67
     -1.09      4.05      0.67
     -1.57      4.05      0.67
     -1.09      3.57      0.19
     -1.09      3.57      0.19
     -1.09      3.57      0.19
     -1.09      3.57     -0.29
     -1.09      3.09     -0.29
     -1.09      3.09     -0.29
     -1.09      2.61     -0.77
     -1.09      2.61     -1.25
     -1.09      2.61     -0.77
     -0.61      2.13     -0.77
     -1.09      1.66     -1.25
     -0.61      1.66     -1.25
     -0.13      1.66     -1.73
     -0.61      1.18     -1.73
     -0.61      0.70     -1.73
     -0.61      0.22     -0.77
     -0.61      0.22     -1.25
     -0.13      0.22     -1.73
     -0.13      0.22     -1.73
     -0.13     -0.26     -1.73
     -0.13     -0.74     -1.25
     -0.13     -1.22     -0.77
     -0.13     -1.22     -0.77
     -0.13     -1.22     -0.77
     -0.13     -1.69     -0.77
      0.35     -1.69     -1.25
      0.35     -1.69     -0.77
      0.35     -2.17     -0.77
      0.35     -2.17     -0.29
      0.35     -2.65     -0.29
      0.35     -2.65     -0.29
      0.35     -2.65      0.19
      0.35     -2.65      0.19
      0.35     -2.65      0.19
      0.35     -3.13     -0.29
      0.35     -3.13     -0.29
      0.35     -4.09     -0.29
      0.35     -3.61     -0.29
      0.35     -4.09     -0.29
      0.35     -4.09     -0.29
      0.35     -4.57     -0.77
      0.35     -4.57     -0.77
      0.35     -5.04     -0.77
      0.35     -5.04     -0.29
      0.35     -5.52     -0.29
      0.35     -6.00     -0.29
     -0.13     -6.00     -0.29
     -0.13     -6.00     -0.29
      0.35     -6.48     -0.77
      0.35     -6.48     -0.77
      0.35     -6.48     -0.77
     -0.13     -6.96     -0.77
     -0.13     -6.96     -0.77
     -0.13     -7.91     -0.77
     -0.13     -6.96     -0.77
     -0.13     -7.91     -1.25
     -0.13     -7.91     -1.25
     -0.13     -7.91     -1.25
     -0.13     -7.91     -1.25
     -0.13     -7.91     -1.25
     -0.13     -8.39     -1.25
     -0.61     -8.39     -1.25
     -0.61     -8.87     -1.25
     -0.61     -8.87     -1.25
     -0.61     -8.87     -1.25
     -0.61     -8.87     -1.25
     -1.09     -8.87     -1.25
     -0.61     -8.87     -1.25
     -1.09     -8.87     -0.77
     -1.09     -8.87     -1.25
     -1.09     -8.39     -1.25
     -0.61     -8.39     -1.25
     -0.61     -8.39     -1.25
     -1.09     -8.39     -1.25
     -1.09     -8.39     -0.77
     -1.09     -8.39     -0.77
     -1.09     -8.39     -0.77
     -0.61     -8.39     -0.77
     -1.09     -8.39     -0.77
     -1.09     -7.91     -0.77
     -0.61     -7.91     -0.77
     -0.61     -7.44     -0.77
     -0.61     -7.44     -0.77
     -0.61     -6.96     -0.77
     -0.61     -6.96     -0.77
     -0.61     -6.48     -0.77
     -0.13     -6.48     -0.77
     -0.61     -6.48     -0.77
     -0.13     -6.00     -0.77
     -0.13     -5.52     -0.77
     -0.13     -5.52     -0.77
     -0.13     -5.52     -0.77
     -0.13     -5.04     -0.77
     -0.13     -5.04     -0.77
     -0.13     -4.57     -0.29
      0.35     -4.57     -0.29
     -0.13     -4.57     -0.77
     -0.13     -4.09     -0.29
     -0.13     -4.09     -0.29
      0.35     -3.61     -0.29
      0.35     -3.61      0.19
     -0.13     -3.61      0.19
     -0.13     -3.13      0.19
      0.35     -3.13      0.19
      0.35     -3.13      0.19
     -0.13     -2.65      0.19
     -0.13     -2.17      0.19
      0.35     -2.17      0.19
     -0.13     -2.17      0.19
     -0.13     -1.69      0.19
     -0.13     -1.22      0.19
     -0.13     -0.74      0.19
      0.35     -0.74      0.19
     -0.13     -0.74      0.19
      0.35     -0.26      0.19
      0.35      0.22     -0.29
     -0.13      0.22     -0.29
     -0.61      0.70     -0.77
      0.35      1.18     -0.77
     -0.13      1.66     -1.25
      0.35      2.13     -1.25
      0.35      2.61     -1.73
      0.35      2.61     -2.21
      0.35      3.09     -2.21
      0.35      3.57     -2.68
      0.35      4.05     -2.68
      0.83      4.53     -3.16
      0.35      4.53     -3.16
      0.83      5.01     -3.64
      0.83      5.48     -3.64
      0.83      5.96     -4.12
      0.83      5.96     -4.12
      0.83      5.96     -4.60
      0.83      6.44     -4.60
      0.83      6.44     -5.08
      0.83      5.96     -5.08
      0.83      6.44     -5.08
      0.83      6.92     -5.56
      1.31      7.88     -5.56
      0.83      8.35     -6.03
      1.31      8.35     -6.03
      1.31      8.83     -6.03
      1.31      9.31     -6.03
      1.31      9.31     -6.51
      1.31      9.79     -6.51
      1.31     10.27     -6.51
      1.31     10.27     -6.03
      1.31     10.27     -6.03
      0.83     10.27     -6.03
      0.83     10.75     -6.03
      0.83     11.23     -5.56
      0.83     11.23     -5.56
      0.83     11.23     -5.56
      0.35     11.23     -5.08
      0.35     11.23     -5.08
      0.35     11.23     -4.60
     -0.13     11.70     -5.08
     -0.13     12.18     -4.60
      0.35     12.18     -4.60
     -0.13     12.18     -4.60
     -0.61     11.70     -4.12
     -0.61     11.70     -4.12
     -0.61     11.23     -3.64
     -0.61     11.23     -3.16
     -1.09     11.23     -3.16
     -1.09     10.75     -3.16
     -1.09     10.75     -3.16
     -1.09     10.75     -3.16
     -1.09     10.75     -3.16
     -1.09     10.75     -2.68
     -1.09     10.27     -2.68
     -1.09     10.27     -2.21
     -1.09     10.27     -2.21
     -1.09     10.27     -2.21
     -1.09     10.27     -2.21
     -1.09      9.79     -2.68
     -1.09      9.79     -2.68
     -1.09      9.31     -2.68
     -0.61      9.31     -2.68
     -0.61      9.31     -2.21
     -0.61      9.31     -2.68
     -0.61      8.83     -2.68
     -0.13      8.35     -2.68
     -0.13      8.83     -2.68
     -0.13      8.83     -2.68
     -0.13      8.35     -2.68
     -0.13      8.35     -2.68
     -0.13      8.35     -2.68
     -0.13      7.88     -3.16
     -0.13      7.88     -3.16
      0.35      7.88     -2.68
      0.35      7.40     -2.68
      0.35      6.92     -2.68
      0.35      6.92     -3.16
      0.35      6.44     -2.68
      0.35      5.96     -2.68
      0.35      5.96     -2.68
      0.35      5.48     -2.21
      0.35      5.01     -2.68
      0.35      4.53     -2.68
      0.35      4.53     -1.73
      0.35      4.05     -1.73
      0.83      3.57     -1.25
      0.83      3.57     -0.77
      0.35      3.57     -0.77
      0.83      3.09     -0.29
      0.83      3.09      0.19
      0.83      2.61      0.19
      0.83      2.61      0.67
      0.83      2.13      0.67
      0.83      1.66      1.14
      0.83      1.66      1.62
      0.83      1.18      2.10
      0.83      0.70      2.10
      0.83      0.22      2.58
      0.83      0.22      2.58
      0.83     -0.26      3.06
      0.35     -0.26      3.54
      0.35     -0.74      3.54
     -0.13     -1.22      4.02
     -0.13     -1.22      4.02
     -0.13     -1.69      4.49
     -0.61     -2.17      4.49
     -0.61     -2.65      4.97
     -0.61     -3.13      4.97
     -0.61     -3.61      4.97
     -1.09     -4.09      5.45
     -1.09     -4.57      5.45
     -1.09     -4.57      5.93
     -1.09     -4.57      6.41
     -1.09     -5.04      6.41
     -1.09     -5.04      6.41
     -1.09     -5.52      6.89
     -1.09     -5.52      6.89
     -1.09     -6.00      6.89
     -1.09     -6.48      7.36
     -1.09     -6.48      7.84
     -1.09     -6.96      7.36
     -1.09     -6.96      7.84
     -1.09     -6.96      8.32
     -1.09     -7.44      8.32
     -1.09     -6.96      8.32
     -1.09     -6.96      8.80
     -0.61     -6.96      8.80
     -0.61     -7.44      8.80
     -0.61     -7.44      8.80
     -0.61     -7.44      8.80
     -0.61     -7.44      9.28
     -0.13     -7.91      9.76
     -0.13     -8.39      9.76
     -0.13     -8.39      9.76
      0.35     -8.39     10.24
      0.35     -8.39     10.24
      0.35     -8.39     10.24
      0.35     -8.39     10.71
      0.35     -8.39     11.19
      0.83     -8.39     11.19
      0.83     -8.39     11.19
      0.83     -8.87     11.19
      0.83     -9.35     11.19
      0.83     -9.83     11.19
      0.83     -9.35     11.19
      0.83     -9.83     11.19
      0.35    -10.31     11.19
      0.83    -10.31     11.19
      0.83    -10.79     11.67
      0.83    -10.79     11.19
      0.35    -10.79     11.67
      0.35    -11.26     11.19
      0.35    -10.79     11.19
      0.35    -10.31     10.71
      0.35     -9.83     10.71
      0.83     -9.83     10.71
      0.83     -9.83     10.24
      0.83     -9.35     10.24
      0.83     -9.35      9.76
      0.83     -8.87      9.76
      0.83     -8.87      9.28
      0.35     -8.87      8.80
      0.35     -8.87      7.84
      0.35     -8.87      8.32
      0.35     -8.87      7.84
      0.35     -8.87      7.36
      0.35     -8.87      6.89
      0.35     -8.39      6.41
      0.35     -8.39      5.93
      0.35     -8.39      5.45
      0.83     -8.39      4.97
      0.35     -8.39      4.97
      0.35     -7.91      4.49
      0.83     -8.39      4.02
      0.83     -7.91      3.54
      0.83     -7.91      3.06
      0.83     -7.44      2.58
      0.83     -7.91      2.58
      0.83     -7.44      2.10
      0.35     -6.96      1.62
      0.35     -6.96      1.14
      0.35     -6.96      1.14
     -0.13     -6.48      0.67
     -0.13     -6.48      0.19
      0.35     -6.00      0.19
     -0.13     -6.00     -0.29
     -0.13     -5.52     -0.77
     -0.13     -5.04     -1.25
     -0.13     -4.57     -1.25
     -0.13     -4.57     -1.73
     -0.13     -4.57     -1.73
     -0.13     -4.09     -2.21
     -0.13     -4.09     -2.21
     -0.13     -4.57     -2.68
     -0.13     -3.61     -2.68
     -0.13     -3.61     -3.16
     -0.13     -3.13     -3.64
     -0.13     -3.13     -4.12
     -0.13     -2.65     -4.12
      0.35     -2.65     -4.60
      0.35     -2.65     -5.08
      0.35     -2.17     -5.08
      0.35     -1.69     -6.03
      0.35     -1.69     -6.03
      0.35     -1.69     -6.51
      0.35     -1.22     -6.99
      0.83     -0.74     -6.99
      0.83     -0.74     -7.47
      1.31     -0.26     -7.95
      1.31      0.22     -8.43
      1.31      0.22     -8.90
      0.83      0.22     -9.38
      1.31      0.22     -9.38
      1.31      0.70     -9.86
      1.31      0.70     -9.86
      1.31      1.66    -10.34
      1.31      1.66    -10.82
      1.31      1.18    -10.82
      1.31      1.66    -10.82
      1.31      2.13    -10.82
      1.31      2.13    -11.30
      1.31      2.13    -11.30
      1.31      2.13    -11.30
      0.83      2.13    -11.30
      0.83      1.66    -11.30
      0.35      1.18    -11.30
      0.35      1.66    -10.82
      0.35      1.66    -11.30
      0.35      2.13    -11.30
     -0.13      2.61    -11.30
     -0.13      3.09    -11.30
     -0.13      3.09    -10.82
     -0.13      3.09    -10.34
     -0.13      3.57    -10.34
     -0.13      3.57    -10.34
     -0.13      3.57    -10.34
     -0.61      3.57     -9.86
      0.35      4.05     -9.86
      0.35      4.53     -9.86
      0.35      5.48     -9.86
      0.35      5.96     -9.86
      0.35      5.96     -9.38
      0.35      5.01     -9.38
      0.35      5.01     -8.43
      0.83      5.01     -7.95
      0.83      5.01     -7.47
      0.83      5.48     -7.47
      0.83      5.96     -7.47
      0.83      6.44     -7.47
      0.83      6.44     -7.47
      0.83      6.92     -7.47
      0.83      7.40     -7.47
      0.83      6.92     -6.99
      1.31      7.40     -6.51
      1.31      7.40     -6.51
      0.83      6.92     -6.51
      0.83      7.40     -6.03
      0.83      7.88     -6.03
      0.83      7.88     -5.56
      0.83      7.88     -5.56
      0.83      7.88     -5.08
      0.83      7.88     -4.60
      0.83      7.88     -4.60
      0.35      7.88     -4.12
      0.35      7.40     -4.12
      0.35      7.40     -3.64
     -0.13      7.40     -3.64
     -0.13      7.40     -3.16
     -0.13      7.40     -3.16
     -0.13      6.92     -3.16
     -0.61      6.92     -2.68
     -0.61      6.44     -2.68
     -0.61      5.96     -2.21
     -1.09      5.96     -1.73
     -0.61      5.48     -1.73
     -1.09      5.48     -1.25
     -1.09      5.48     -1.25
     -1.09      5.01     -0.77
     -1.09      5.01     -0.77
     -1.09      4.53     -0.77
     -1.09      4.53     -0.29
     -1.09      4.53      0.19
     -1.09      4.05      0.19
     -1.57      4.05      0.19
     -1.57      4.05      0.67
     -1.57      4.05      1.14
     -1.09      3.57      1.14
     -1.57      3.57      1.62
     -1.57      3.57      2.10
     -1.57      3.09      2.10
     -2.04      3.09      2.58
     -1.57      2.61      2.58
     -2.04      2.61      3.06
     -1.57      2.61      3.06
     -2.04      2.13      3.54
     -2.04      2.13      3.54
     -2.04      1.66      3.54
     -2.04      1.66      3.54
     -2.04      1.18      4.02
     -2.04      1.18      4.49
     -2.04      0.70      4.49
     -2.04      0.22      4.49
     -2.04      0.22      4.97
     -2.04      0.22      4.97
     -2.04      0.22      4.97
     -1.57     -0.74      4.97
     -2.04     -0.74      4.97
     -1.57     -0.74      5.45
     -1.09     -1.22      5.45
     -1.09     -1.69      5.45
     -1.09     -2.17      5.45
     -0.61     -2.17      5.45
     -0.61     -2.65      5.45
     -0.61     -2.65      5.93
     -0.61     -2.65      5.93
     -0.13     -3.13      5.93
     -0.13     -3.13      5.93
     -0.13     -3.13      5.93
     -0.13     -3.13      5.93
      0.35     -3.13      5.93
      0.35     -3.13      5.93
      0.35     -3.61      5.93
      0.35     -3.61      5.45
      0.35     -3.61      5.93
      0.35     -4.09      5.45
      0.35     -4.09      5.45
      0.35     -4.09      5.45
      0.35     -4.09      5.45
      0.35     -4.09      5.45
      0.35     -4.09      5.45
      0.35     -4.09      4.97
      0.35     -4.09      4.97
     -0.13     -4.09      4.97
      0.35     -4.09      4.97
     -0.13     -4.57      4.49
     -0.13     -4.57      4.49
     -0.13     -4.57      4.49
     -0.61     -5.04      4.02
     -0.61     -5.04      4.02
     -0.61     -5.52      4.02
     -1.09     -5.52      3.54
     -1.09     -5.04      3.54
     -1.09     -5.04      3.54
     -1.09     -5.04      3.54
     -1.09     -5.52      3.54
     -1.57     -5.52      3.54
     -1.57     -5.52      3.54
     -1.09     -5.52      3.54
     -1.57     -5.52      3.54
     -1.57     -5.52      3.06
     -2.04     -5.52      3.54
     -2.04     -5.04      3.54
     -1.57     -4.57      3.06
     -1.57     -4.09      3.06
     -1.57     -4.09      3.54
     -1.09     -3.61      3.54
     -1.57     -3.61      3.54
     -1.57     -3.13      4.02
     -1.09     -3.13      3.54
     -1.09     -3.13      4.49
     -1.09     -2.65      4.49
     -1.09     -2.65      4.49
     -1.09     -2.65      4.49
     -1.09     -2.17      4.49
     -1.09     -2.65      4.49
     -1.09     -2.17      4.49
     -1.09     -2.17      4.49
     -0.61     -2.17      4.49
     -0.61     -2.17      4.49
     -0.13     -2.17      4.49
     -0.13     -1.69      4.49
      0.35     -1.69      4.49
      0.35     -1.69      4.02
      0.35     -1.69      4.02
      0.83     -1.22      4.02
      0.83     -1.22      4.02
      0.83     -1.22      4.02
      1.31     -1.22      3.54
      1.78     -1.22      3.54
      1.78     -1.22      3.54
      2.26     -1.69      3.06
      2.26     -1.22      3.06
      2.74     -0.74      3.06
      2.74     -0.74      3.06
      3.22     -0.74      3.06
      3.22     -0.74      3.06
      3.22     -0.26      2.58
      3.22     -0.26      2.58
      3.70     -0.26      2.58
      3.70     -0.26      2.58
      3.70      0.22      2.58
      4.18      0.22      2.58
      4.18      0.22      2.58
      4.18      0.22      2.10
      4.18      0.22      2.10
      4.18      0.70      2.10
      3.70      0.70      2.10
      3.70      0.70      2.10
      3.70      1.18      2.10
      3.70      1.18      2.10
      3.22      1.18      2.10
      3.22      1.66      2.10
      3.22      1.66      2.10
      2.74      1.66      2.10
      2.74      1.66      2.10
      2.26      1.66      2.10
      2.26      2.13      1.62
      2.26      2.61      1.62
      1.78      2.61      2.10
      1.78      3.09      1.62
      1.31      3.57      1.62
      1.31      3.57      1.62
      1.31      3.57      1.62
      0.83      3.57      1.14
      0.83      4.05      1.14
      0.83      4.05      1.14
      0.35      4.05      1.14
      0.35      3.57      0.67
     -0.13      4.05      0.67
     -0.13      4.05      0.19
     -0.13      4.05      0.19
     -0.13      4.05      0.19
     -0.13      4.53      0.19
     -0.13      4.53     -0.29
     -0.61      4.05     -0.29
     -0.13      3.57     -0.29
     -0.13      3.57     -0.29
     -0.61      3.57     -0.77
     -0.61      3.09     -0.77
     -0.61      3.09     -0.77
     -0.61      3.57     -1.25
     -0.61      2.61     -1.25
     -0.61      3.09     -1.73
     -0.61      3.09     -1.73
     -0.61      2.61     -1.73
     -0.13      2.61     -1.73
     -0.61      2.61     -2.21
     -0.61      2.61     -2.21
     -1.09      2.13     -2.21
     -0.61      2.13     -2.21
     -0.61      2.13     -2.21
     -0.13      1.66     -2.21
     -0.61      1.66     -2.21
     -0.61      1.66     -2.68
     -0.61      1.66     -2.21
     -0.13      1.66     -2.21
     -0.61      1.18     -2.21
     -0.61      1.18     -2.21
     -0.13      1.18     -2.68
     -0.13      1.18     -2.21
     -0.61      1.18     -2.68
     -0.13      1.18     -2.68
     -0.13      1.18     -3.16
     -0.13      0.70     -2.68
     -0.13      1.18     -2.68
     -0.13      1.18     -2.68
      0.35      1.18     -3.16
      0.35      1.18     -3.16
      0.35      1.18     -3.64
      0.83      1.18     -3.64
     -0.61      0.70     -3.64
      0.83      0.70     -4.12
      0.35      0.70     -4.12
      0.83      1.18     -4.12
      0.83      1.18     -4.60
      0.83      1.18     -4.60
      1.31      0.70     -4.60
      0.83      0.70     -4.60
      0.83      0.70     -5.08
      0.83      0.70     -5.08
      0.83      0.70     -5.08
      0.83      0.70     -5.08
      0.83      0.70     -5.08
      0.83      0.70     -5.56
      0.83      0.70     -5.56
      0.35      0.70     -5.56
      0.35      0.70     -5.56
      0.35      0.70     -5.56
      0.35      0.70     -5.08
      0.35      0.70     -5.56
      0.35      0.22     -5.56
     -0.13      0.22     -5.56
     -0.13      0.22     -5.08
     -0.61      0.22     -5.08
     -0.61      0.22     -5.08
     -0.61      0.22     -5.08
     -0.61      0.22     -5.08
     -1.09      0.22     -5.08
     -1.09     -0.26     -4.60
     -1.09     -0.26     -5.08
     -1.09     -0.74     -4.60
     -1.09     -0.74     -4.60
     -1.57     -0.74     -4.60
     -1.09     -1.22     -4.60
     -1.09     -0.74     -4.60
     -1.09     -1.22     -5.08
     -1.09     -1.22     -4.60
     -1.09     -1.22     -4.60
     -1.09     -1.22     -5.08
     -1.09     -1.22     -5.08
     -1.09     -1.22     -5.08
     -1.09     -1.22     -5.08
     -1.09     -1.69     -5.08
     -1.09     -1.22     -5.08
     -1.09     -1.22     -5.08
     -1.09     -1.69     -5.08
     -1.09     -1.69     -4.60
     -1.09     -1.69     -4.60
     -1.09     -1.69     -4.60
     -1.09     -1.69     -4.60
     -1.09     -1.69     -4.60
     -1.09     -1.69     -4.60
     -1.09     -1.69     -4.60
     -0.61     -2.17     -4.60
     -0.61     -1.69     -4.12
     -0.61     -1.69     -4.60
     -0.61     -2.17     -4.12
     -0.61     -2.17     -4.12
     -0.61     -2.17     -4.12
     -0.61     -2.17     -4.12
     -0.61     -1.69     -3.64
     -0.13     -1.69     -3.64
     -0.13     -2.17     -3.64
     -0.13     -2.17     -3.64
     -0.13     -2.17     -3.64
      0.35     -2.17     -3.16
      0.35     -2.17     -3.64
      0.35     -2.17     -3.64
      0.35     -1.69     -3.64
      0.83     -1.69     -3.16
      0.83     -1.69     -3.16
      0.83     -1.69     -3.16
      0.83     -1.69     -3.16
      0.83     -1.69     -3.16
      0.83     -1.69     -3.16
      0.83     -1.69     -3.16
      0.83     -2.17     -2.68
      0.83     -2.65     -2.68
      1.31     -2.17     -3.16
      1.31     -2.17     -2.68
      0.83     -2.17     -2.21
      0.83     -2.65     -1.25
      1.31     -2.65     -2.21
      0.83     -2.65     -1.73
      1.31     -2.65     -1.73
      0.83     -2.65     -1.25
      1.31     -2.17     -0.77
      0.83     -2.65     -0.29
      0.35     -2.65     -0.29
      0.83     -2.65      0.19
      0.83     -2.65      0.19
      0.35     -2.65      0.67
      0.35     -2.65      0.67
      0.35     -2.65      1.14
      0.35     -2.65      1.14
      0.35     -2.65      1.62
      0.35     -2.65      2.10
     -0.13     -2.65      2.58
     -0.13     -2.65      3.06
     -0.13     -2.65      3.06
     -0.13     -2.65      3.54
     -0.61     -2.65      3.54
     -0.61     -2.17      3.54
     -1.09     -2.17      3.54
     -0.13     -2.17      4.02
     -0.61     -2.17      4.49
     -0.61     -2.17      4.97
     -0.61     -2.17      4.97
     -0.61     -1.69      4.97
     -0.61     -1.69      4.49
     -1.09     -1.69      4.49
     -0.61     -1.69      4.49
     -0.61     -1.22      4.49
     -0.61     -1.69      4.97
     -1.09     -1.69      4.97
     -1.09     -1.22      4.97
     -0.61     -1.22      4.97
     -1.09     -1.22      4.49
     -1.09     -1.22      4.49
     -0.61     -0.74      4.49
     -1.09     -0.74      4.49
     -1.09     -0.74      4.49
     -0.61     -0.74      4.97
     -1.09     -0.74      4.97
     -1.09     -0.26      4.97
     -1.09      0.22      4.49
     -0.61      0.22      4.49
     -0.61      0.22      4.49
     -0.61      0.22      4.49
     -0.61      0.22      4.49
     -1.09      0.22      4.49
     -0.61      0.22      4.49
     -0.61      0.22      4.49
     -0.61      0.70      4.02
     -0.61      0.70      4.49
     -0.61      0.70      4.02
     -0.61      0.70      4.49
     -0.13      0.70      4.49
     -0.13      0.70      4.49
     -0.13      1.18      4.49
     -0.13      1.18      4.02
     -0.13      1.18      4.02
     -0.13      1.18      4.02
     -0.13      1.18      4.02
      0.35      1.66      4.02
      0.35      1.66      4.02
      0.35      1.66      4.02
      0.35      1.66      3.54
     -0.13      1.66      3.54
      0.35      2.13      3.54
      0.35      2.13      3.54
      0.35      2.13      3.54
      0.35      2.13      3.54
      0.35      2.13      3.54
      0.35      2.61      3.54
      0.35      2.13      3.06
      0.35      2.61      3.06
      0.83      2.13      3.06
      0.35      2.13      2.58
      0.35      2.61      2.58
     -0.13      2.61      2.58
      0.35      2.61      2.58
      0.35      2.61      2.10
      0.35      2.61      2.10
      0.35      3.09      2.10
     -0.13      3.09      1.62
      0.35      3.09      1.62
     -0.13      3.57      1.62
     -0.13      3.57      1.14
     -0.13      3.57      0.67
     -0.13      3.57      0.67
     -0.13      3.57      0.67
     -0.13      4.05      0.67
     -0.13      3.57      0.19
     -0.13      4.05      0.19
     -0.13      4.05      0.19
      0.35      4.05     -0.29
     -0.13      4.05     -0.29
     -0.13      4.05     -0.29
     -0.13      4.05     -0.77
     -0.13      4.53     -0.77
     -0.13      4.05     -0.77
     -0.13      4.53     -1.25
     -0.13      4.53     -1.25
     -0.13      4.05     -1.73
     -0.13      4.53     -1.73
     -0.13      4.53     -1.73
     -0.13      4.53     -1.73
     -0.13      4.53     -2.21
     -0.13      4.53     -2.68
     -0.13      4.53     -2.21
     -0.61      4.53     -2.21
     -0.13      4.53     -2.68
     -0.13      4.53     -2.68
     -0.13      4.05     -2.68
     -0.13      4.05     -2.68
     -0.61      4.05     -3.16
     -0.13      4.05     -2.68
     -0.13      4.05     -2.68
     -0.13      4.05     -3.16
     -0.61      4.05     -3.16
     -0.13      4.05     -3.16
     -0.61      4.05     -3.16
     -0.13      4.05     -3.16
     -0.61      4.05     -3.16
     -0.13      4.05     -2.68
     -0.61      3.57     -3.16
     -0.13      3.57     -2.68
     -0.13      3.57     -3.16
     -0.61      3.57     -2.68
     -0.13      3.09     -2.68
     -0.13      3.09     -2.68
     -0.13      3.09     -2.68
     -0.13      2.61     -2.68
     -0.13      2.61     -2.21
     -0.13      2.61     -2.68
     -0.13      2.61     -2.68
      0.35      2.13     -2.21
     -0.13      2.13     -2.21
     -0.13      2.13     -2.21
     -0.13      2.13     -2.21
      0.35      1.66     -2.21
      0.35      1.66     -2.21
      0.35      1.18     -2.21
      0.35      1.18     -2.21
      0.35      0.70     -2.21
      0.35      0.70     -1.73
      0.35      0.70     -2.21
      0.35      0.22     -2.21
      0.35      0.22     -1.73
      0.35      0.22     -2.21
      0.83      0.22     -1.73
      0.83     -0.26     -1.73
      0.83     -0.74     -1.73
      0.83     -0.74     -1.73
      0.83     -0.74     -1.73
      0.83     -1.22     -1.73
      0.83     -1.22     -1.73
      1.31     -1.22     -1.73
      1.31     -1.22     -1.73
      1.31     -1.69     -1.73
      1.31     -1.69     -1.73
      1.31     -2.17     -1.73
      1.31     -2.17     -1.73
      1.31     -2.17     -1.25
      1.78     -2.17     -1.25
      1.78     -2.17     -1.25
      1.78     -2.17     -1.25
      1.78     -2.65     -0.77
      1.78     -2.65     -0.77
      1.78     -2.65     -0.77
      1.78     -2.65     -0.77
      1.78     -3.13     -0.77
      1.78     -3.13     -0.29
      1.31     -3.13     -0.29
      1.78     -3.13      0.19
      1.31     -3.61      0.19
      1.78     -3.13      0.19
      1.31     -3.61      0.19
      1.31     -3.13      0.19
      1.31     -3.61      0.19
      1.31     -3.61      0.19
      1.31     -3.61      0.19
      1.31     -4.09      0.19
      0.83     -4.09      0.67
      0.83     -4.09      0.67
      1.31     -4.09      0.67
      0.83     -4.09      0.67
      0.83     -4.57      0.67
      0.83     -4.57      0.67
      0.35     -4.57      1.14
      0.35     -5.04      1.14
      0.35     -5.04      1.14
      0.35     -5.04      1.62
      0.35     -5.04      1.62
     -0.13     -5.52      1.14
      0.35     -5.52      2.10
     -0.13     -6.00      2.10
     -0.13     -6.00      2.58
     -0.13     -6.00      2.10
     -0.13     -6.00      2.58
     -0.13     -6.48      2.58
     -0.61     -6.48      3.06
     -0.61     -6.48      3.54
     -0.61     -6.96      3.06
     -0.61     -6.96      3.54
     -0.61     -6.96      3.54
     -1.09     -6.96      3.54
     -1.09     -6.96      4.02
     -1.09     -7.44      4.02
     -1.09     -7.44      4.02
     -1.09     -7.44      4.49
     -1.09     -7.44      4.49
     -1.09     -7.44      4.49
     -1.09     -7.44      4.97
     -1.09     -7.44      4.97
     -1.09     -7.44      4.97
     -1.09     -7.44      4.97
     -0.61     -7.44      4.97
     -1.09     -7.44      4.97
     -0.61     -7.44      4.97
     -0.61     -6.96      4.97
     -0.61     -6.96      5.45
     -0.61     -6.96      4.97
     -0.61     -6.96      4.97
     -0.61     -6.96      4.97
     -0.61     -6.96      4.97
     -0.13     -6.48      4.97
     -0.61     -6.48      4.97
     -0.13     -6.48      4.97
     -0.13     -6.48      4.97
     -0.13     -6.00      4.49
      0.35     -6.00      4.97
      0.35     -6.00      4.97
      0.35     -5.52      4.97
      0.35     -5.52      4.97
      0.35     -5.52      4.49
      0.35     -5.04      4.49
      0.35     -5.04      4.49
      0.35     -5.04      4.49
      0.35     -4.57      4.49
      0.35     -4.09      4.02
      0.35     -4.09      4.02
      0.35     -4.09      4.02
      0.35     -4.09      4.02
      0.35     -3.61      4.02
      0.35     -3.13      4.02
     -0.61     -3.13      4.02
     -0.13     -2.65      3.54
     -0.13     -2.65      3.54
     -0.13     -2.17      3.54
     -0.13     -2.17      3.54
     -0.13     -1.69      3.06
     -0.13     -1.22      3.06
     -0.61     -0.74      3.06
     -0.61     -0.26      3.06
     -0.61     -0.26      2.58
     -0.61      0.22      2.58
     -0.61      0.22      2.10
     -0.61      0.70      2.10
     -0.61      0.70      1.62
     -0.61      1.18      1.62
     -1.09      1.66      1.62
     -1.09      2.13      1.14
     -1.09      2.61      0.67
     -1.09      2.61      0.67
     -1.09      3.09      0.19
     -1.09      3.57      0.19
     -1.09      3.57      0.19
     -1.09      4.05     -0.29
     -1.09      4.53     -0.77
     -1.09      5.01     -0.77
     -1.09      5.01     -1.25
     -1.09      5.48     -1.25
     -1.09      5.96     -1.73
     -1.09      5.96     -2.21
     -1.09      6.44     -2.68
     -1.09      6.92     -2.68
     -0.61      7.40     -3.16
     -1.09      7.40     -3.64
     -1.09      7.40     -3.64
     -0.61      7.88     -4.12
     -0.61      7.88     -4.12
     -0.61      7.88     -4.60
     -0.61      8.35     -4.60
     -0.61      8.35     -5.08
     -0.61      8.35     -5.08
     -0.13      8.83     -5.56
     -0.61      8.83     -5.56
     -0.13      8.83     -6.03
     -0.13      8.83     -6.03
      0.35      8.83     -6.51
      0.35      8.83     -6.51
     -0.13      8.83     -6.51
      0.35      8.83     -6.99
      0.35      8.83     -6.99
      0.35      8.83     -6.99
      0.35      8.83     -7.47
      0.83      8.83     -7.47
      0.83      8.83     -7.47
      0.35      8.83     -7.47
      0.35      8.83     -7.95
      0.83      8.35     -7.95
      0.83      8.35     -7.95
      0.83      8.83     -7.95
      0.83      8.35     -7.95
      0.83      8.35     -7.95
      0.83      8.35     -7.47
      0.83      8.35     -7.47
      0.83      8.35     -7.47
      0.83      7.88     -7.47
      0.83      7.88     -7.47
      0.83      7.88     -7.47
      0.35      7.88     -7.47
      0.83      7.88     -7.47
      0.35      7.40     -7.47
      0.35      7.40     -6.99
      0.35      7.40     -6.99
      0.35      7.40     -6.99
     -0.13      6.92     -6.51
      0.35      6.92     -6.51
     -0.13      6.92     -6.51
     -0.13      6.92     -6.51
     -0.13      6.92     -6.51
     -0.13      6.44     -6.51
     -0.13      6.44     -6.03
     -0.13      6.44     -6.51
     -0.13      5.48     -6.03
     -0.13      5.96     -6.03
     -0.13      5.96     -6.03
     -0.13      5.96     -6.03
     -0.13      5.48     -5.56
     -0.13      5.48     -6.03
     -0.13      5.48     -6.03
     -0.13      5.01     -5.56
     -0.61      5.01     -5.08
     -0.13      5.01     -4.60
     -0.13      4.53     -4.60
     -0.61      4.05     -4.60
     -0.13      4.05     -4.12
     -0.61      3.57     -4.12
     -0.61      3.57     -3.64
     -0.13      3.09     -3.16
     -0.61      3.09     -3.16
     -0.61      2.61     -3.16
     -0.61      2.13     -2.68
     -0.61      2.13     -2.68
     -0.61      1.66     -2.21
     -0.61      1.18     -2.21
     -0.61      1.18     -1.73
     -0.61      0.70     -1.25
     -0.61      0.22     -0.77
     -0.61      0.22     -0.77
     -0.61     -0.26     -0.29
     -0.61     -0.26      0.19
     -0.61     -0.74      0.19
     -0.61     -1.22      0.19
     -0.61     -1.69      0.67
     -0.61     -2.17      1.14
     -0.61     -2.17      0.67
     -0.61     -2.65      1.62
     -0.61     -3.13      2.10
     -0.61     -3.13      2.58
     -0.61     -3.61      2.58
     -0.61     -4.09      3.06
     -0.61     -4.09      3.54
     -0.61     -4.57      4.02
     -0.61     -4.57      3.54
     -0.61     -5.04      4.49
     -0.61     -5.04      4.97
     -0.61     -5.52      5.45
     -0.61     -6.00      5.45
     -0.61     -6.00      5.45
     -0.61     -6.00      5.93
     -0.61     -6.00      6.41
     -0.61     -6.96      6.41
     -0.13     -6.48      6.89
     -0.13     -6.96      6.89
     -0.13     -6.96      7.36
     -0.13     -6.96      7.84
     -0.13     -7.44      7.84
     -0.13     -7.44      8.32
      0.35     -7.44      8.32
      0.35     -7.44      8.32
      0.35     -7.91      8.32
      0.35     -7.91      8.80
      0.35     -7.91      8.80
      0.35     -8.39      8.80
      0.83     -8.39      8.80
      0.83     -8.39      8.80
      0.83     -8.39      9.28
      0.83     -8.87      9.28
      0.83     -8.87      9.28
      0.83     -9.35      9.28
      0.83     -9.35      9.28
      0.83     -9.35      9.28
      0.83     -9.35      9.28
      0.83     -9.35      9.28
      0.83     -9.35      9.76
      0.83     -9.83      9.28
      0.83     -9.83      9.28
      0.35     -9.83      9.28
      0.83     -9.83      9.28
      0.35     -9.83      9.28
      0.35     -9.83      8.80
      0.35    -10.31      8.80
      0.35     -9.83      8.32
      0.35    -10.79      8.32
     -0.13    -10.31      7.84
     -0.13    -10.79      7.84
     -0.13    -10.79      7.36
     -0.61    -11.26      7.36
     -0.61    -11.26      7.36
     -0.61    -11.26      6.89
     -1.09    -11.26      6.41
     -1.09    -11.26      6.41
     -1.09    -11.26      5.93
     -1.09    -11.26      5.93
     -1.09    -11.26      5.45
     -1.09    -11.26      4.49
     -1.09    -11.26      4.97
     -1.09    -11.26      4.97
     -1.09    -11.26      4.49
     -1.09    -11.26      4.02
     -1.09    -11.26      4.02
     -1.09    -11.74      3.54
     -1.57    -11.26      3.54
     -1.57    -11.26      3.54
     -1.57    -11.26      3.06
     -1.57    -10.79      3.06
     -1.57    -10.79      2.58
     -1.57    -10.31      2.58
     -1.09     -9.83      2.10
     -1.09     -9.83      1.62
     -1.09     -9.35      1.62
     -1.09     -8.87      1.14
     -1.09     -8.87      0.67
     -1.09     -8.39      0.67
     -1.09     -8.39      0.19
     -1.09     -7.91      0.19
     -0.61     -7.44     -0.29
     -1.09     -6.96     -0.29
     -0.61     -6.48     -0.77
     -0.61     -5.52     -0.77
     -0.13     -5.52     -0.77
     -0.61     -5.04     -1.25
     -0.13     -4.57     -1.73
     -0.13     -3.61     -2.21
      0.35     -3.61     -2.68
      0.35     -2.65     -2.68
      0.83     -3.13     -3.16
      0.83     -2.17     -3.16
      1.31     -1.22     -3.16
      0.83     -0.74     -3.64
      0.83     -0.74     -4.12
      1.31      0.22     -4.12
      1.31      0.22     -5.08
      1.78      0.70     -4.60
      1.31      1.18     -5.08
      1.78      1.18     -5.08
      2.26      1.66     -5.08
      2.26      2.61     -5.56
      2.26      3.09     -5.56
      2.26      3.57     -5.56
      2.26      3.57     -6.03
      2.26      4.05     -6.03
      2.74      4.53     -6.03
      2.74      5.01     -6.51
      2.74      5.01     -6.03
      2.74      5.01     -6.51
      2.74      5.48     -6.51
      2.74      5.48     -6.51
      2.74      5.96     -6.51
      2.74      6.44     -6.51
      2.26      6.44     -6.51
      2.26      6.92     -6.51
      2.74      6.92     -6.51
      2.74      7.40     -6.51
      2.74      7.40     -6.51
      2.26      7.88     -6.51
      2.26      7.88     -6.51
      2.26      8.35     -6.99
      1.78      8.83     -6.51
      2.26      8.83     -6.51
      2.26      8.83     -6.03
      2.26      9.31     -6.03
      2.26      9.31     -6.03
      1.78      9.31     -6.03
      1.78      9.31     -5.56
      1.78      9.31     -5.56
      1.78      9.31     -5.56
      1.31      9.31     -5.56
      1.78      9.31     -5.08
      1.31      9.31     -5.08
      0.83      9.79     -4.60
      0.83      9.79     -4.60
      1.31     10.27     -4.60
      1.31     10.75     -4.60
      0.83     11.23     -4.60
      0.35     11.23     -4.12
      0.83     11.70     -3.64
      0.83     11.70     -3.16
      0.83     11.70     -3.16
      0.35     11.70     -3.16
      0.83     11.70     -2.68
      0.35     12.18     -2.68
      0.35     12.66     -2.68
      0.35     13.14     -2.68
      0.83     13.14     -2.21
      0.83     13.14     -1.73
      0.35     12.66     -1.73
      0.35     12.18     -1.25
      0.35     12.66      0.19
      0.83     12.66      0.19
      0.83     12.18     -0.29
      0.35     12.18      0.19
      0.35     12.66      0.19
      0.35     12.66     -0.29
      0.35     12.18     -0.29
      0.35     12.18     -0.29
      0.35     12.18     -0.29
      0.83     12.18      0.19
      0.83     12.18      0.19
      0.35     12.18      0.19
      0.35     11.70      0.67
      0.83     11.23      0.67
      0.83     11.23      0.19
      0.35     11.23      0.67
      0.35     10.75      0.67
      0.35     10.27      1.14
      0.35     10.27      1.14
      0.35     10.27      1.14
      0.35      9.79      1.14
      0.35      9.31      1.14
      0.35      9.31      1.62
      0.83      8.83      1.14
      0.35      8.35      1.14
      0.35      8.35      1.62
      0.35      7.88      1.62
      0.35      7.40      1.62
      0.35      6.44      2.10
      0.35      6.92      2.10
      0.35      6.44      2.10
      0.35      5.48      2.10
     -0.13      5.48      2.58
      0.35      5.01      2.58
      0.35      4.53      2.58
      0.35      4.05      2.58
      0.35      3.57      3.06
      0.35      3.09      3.06
      0.35      3.09      3.06
     -0.13      2.61      3.54
      0.35      2.13      3.54
     -0.13      1.66      3.54
     -0.13      1.18      3.54
     -0.13      0.70      3.54
     -0.13      0.22      4.02
     -0.13      0.22      4.02
     -0.61      0.22      3.54
     -0.61     -0.26      4.02
     -0.61     -0.74      4.02
     -1.09     -0.74      3.54
     -1.09     -0.74      4.02
     -1.09     -1.22      4.02
     -1.09     -1.69      4.02
     -1.09     -1.69      4.02
     -1.09     -2.17      4.02
     -1.09     -2.17      4.02
     -1.09     -2.65      4.02
     -1.09     -2.65      3.54
     -1.09     -3.13      4.02
     -1.09     -3.61      4.02
     -1.09     -3.61      4.02
     -1.09     -4.09      3.54
     -1.09     -4.57      3.06
     -1.09     -4.57      4.02
     -1.09     -5.04      3.54
     -1.09     -5.52      3.54
     -1.09     -6.48      3.54
     -1.09     -6.00      3.54
     -1.09     -6.00      3.54
     -1.09     -6.00      3.54
     -1.09     -6.48      3.06
     -1.09     -6.48      3.06
     -1.09     -6.96      2.58
     -1.09     -6.96      2.58
     -1.09     -7.44      3.06
     -1.09     -7.44      2.58
     -1.09     -7.44      2.58
     -1.09     -7.91      2.10
     -1.09     -8.39      2.10
     -1.09     -8.39      1.62
     -1.09     -8.87      1.62
     -1.09     -9.35      1.14
     -1.09     -9.35      1.14
     -1.09     -9.83      0.67
     -1.09     -9.83      0.19
     -1.09    -10.31      0.19
     -1.09     -9.83      0.19
     -1.09     -9.83     -0.29
     -1.09    -10.31      0.19
     -0.61    -10.79      0.19
     -0.61    -11.26     -0.29
     -0.61    -11.74     -1.25
     -0.61    -12.22     -1.25
     -0.61    -12.22     -0.77
     -1.09    -12.22     -1.25
     -1.09    -12.22     -1.73
     -1.09    -13.18     -2.21
     -1.09    -14.14     -2.21
     -1.09    -14.14     -2.68
     -1.09    -13.66     -2.68
     -1.09    -12.70     -2.68
     -1.09    -12.70     -2.68
     -1.09    -12.22     -2.68
     -1.09    -11.74     -2.68
     -1.09    -11.26     -2.68
     -1.09    -10.79     -2.68
     -1.09    -10.79     -2.68
     -1.09    -10.79     -3.16
     -1.09    -10.79     -3.16
     -1.09    -10.79     -3.16
     -1.09    -10.79     -3.16
     -1.09    -10.79     -3.64
     -1.09    -10.31     -3.64
     -1.09    -10.31     -3.64
     -1.09     -9.83     -3.64
     -1.09     -9.83     -3.64
     -1.09     -9.35     -4.12
     -1.09     -9.35     -4.12
     -1.09     -8.87     -4.12
     -1.09     -8.87     -4.12
     -0.61     -8.39     -4.60
     -0.61     -7.91     -5.08
     -0.61     -7.91     -5.08
     -0.61     -7.44     -5.08
     -0.61     -6.96     -5.08
     -0.61     -6.48     -5.08
     -0.13     -6.00     -5.56
     -0.61     -5.52     -5.56
     -0.61     -5.04     -6.03
     -0.61     -5.04     -6.03
     -0.61     -4.09     -6.03
     -0.13     -3.61     -6.03
     -0.13     -3.61     -6.03
     -0.13     -3.13     -6.51
      0.35     -3.13     -6.51
     -0.13     -2.17     -6.51
     -0.13     -1.69     -6.99
      0.35     -1.69     -6.51
     -0.13     -1.22     -6.99
      0.35     -0.74     -6.51
     -0.13     -0.74     -6.03
     -0.61     -0.26     -6.03
      0.35      0.22     -6.03
      0.35      0.22     -6.03
     -0.13      0.22     -6.03
      0.35      0.70     -6.03
      0.35      1.18     -5.56
      0.35      1.18     -5.56
      0.35      1.66     -5.56
     -0.13      1.66     -5.56
      0.35      1.66     -5.08
      0.83      2.13     -4.60
      0.83      2.13     -4.60
      0.83      2.13     -4.60
      0.83      2.61     -4.12
      1.31      2.61     -4.12
      1.31      2.61     -3.64
      1.31      3.09     -3.64
      1.31      3.09     -3.64
      1.31      3.57     -3.16
      1.31      3.57     -3.16
      1.31      3.57     -3.16
      1.31      4.05     -3.16
      1.31      4.05     -2.68
      1.31      4.53     -2.68
      1.78      4.05     -2.68
      1.31      4.05     -2.68
      0.35      5.01     -2.68
      0.35      5.01     -2.68
      0.35      5.01     -3.16
      0.83      5.01     -1.73
      0.35      5.01     -1.73
      0.35      4.05     -1.73
     -0.61      3.57     -1.73
     -0.13      3.09     -1.25
     -0.61      3.57     -1.73
     -1.09      5.01     -2.21
     -1.09      5.96     -1.73
     -1.09      6.44     -1.73
     -1.09      6.92     -1.25
     -1.09      6.92     -0.29
     -1.09      6.92      0.19
     -1.09      6.44      0.67
     -1.09      6.44      0.67
     -1.09      6.44      1.14
     -1.09      6.92      0.67
     -1.57      6.92      1.14
     -1.09      6.92      2.10
     -1.09      6.92      2.10
     -0.61      6.92      2.58
     -0.61      6.92      2.58
     -0.61      6.44      2.58
     -0.61      6.92      2.58
     -0.61      6.92      2.58
     -1.09      6.92      2.58
     -1.09      6.92      3.06
     -1.09      6.44      3.06
     -0.61      6.44      3.54
     -0.13      5.96      3.06
     -0.13      5.96      3.54
     -0.61      5.96      3.54
     -0.13      5.48      3.54
     -0.13      5.48      4.02
     -0.13      5.48      4.02
      0.35      5.48      4.49
      0.35      5.01      4.49
      0.35      5.01      4.49
      0.35      5.01      4.97
      0.83      4.53      4.97
      0.83      4.53      5.45
      0.83      4.53      5.45
      0.83      4.53      5.93
      0.83      4.05      5.93
      0.83      4.05      6.41
      1.31      3.57      6.89
      1.31      3.57      7.36
      1.31      3.09      7.36
      1.31      3.09      7.36
      1.31      2.61      7.36
      1.78      2.61      7.36
      1.78      2.13      7.84
      1.78      2.13      7.84
      2.26      1.66      8.32
      1.78      1.66      8.32
      1.78      1.18      8.32
      1.78      1.18      8.32
      2.26      1.18      8.32
      1.78      1.18      8.32
      1.78      0.70      8.32
      1.78      0.70      8.80
      2.26      0.70      8.80
      1.78      0.70      8.80
      1.78      0.22      8.80
      1.78      0.22      8.80
      1.78      0.22      8.80
      1.31      0.22      8.80
      1.31      0.22      8.80
      1.31     -0.26      9.28
      1.31     -0.26      8.80
      1.31     -0.74      8.80
      0.83     -0.74      8.32
      1.31     -0.74      8.80
      0.35     -1.22      8.80
      0.35     -1.69      8.80
      0.35     -1.69      8.32
      0.35     -1.69      8.32
     -0.13     -2.17      8.32
     -0.13     -2.17      8.32
     -0.61     -2.65      7.84
     -1.09     -2.65      7.84
     -0.61     -3.13      7.84
     -0.61     -3.61      7.36
     -0.61     -3.61      7.36
     -1.09     -3.61      6.89
     -1.09     -4.09      6.89
     -1.09     -4.09      6.41
     -1.09     -4.57      6.41
     -1.09     -4.57      5.93
     -1.09     -4.57      5.45
     -1.09     -5.04      5.45
     -1.09     -5.04      4.97
     -1.09     -5.52      4.97
     -1.09     -5.52      4.49
     -1.09     -6.00      4.02
     -1.09     -5.52      3.54
     -1.09     -5.52      3.06
     -1.09     -5.52      2.58
     -1.09     -5.52      2.58
     -0.61     -5.52      2.10
     -0.61     -5.52      2.10
     -0.13     -6.00      1.62
     -0.13     -6.00      1.14
     -0.13     -6.48      0.67
     -0.13     -6.48      0.67
     -0.13     -6.48      0.19
     -0.61     -6.48     -0.29
     -0.13     -6.48     -0.77
     -0.13     -6.48     -1.25
     -0.13     -6.96     -1.25
     -0.13     -6.96     -1.73
      0.35     -6.48     -1.73
      0.35     -6.00     -2.21
      0.35     -5.04     -2.68
      0.83     -5.04     -2.68
      0.83     -5.04     -3.16
      1.31     -4.57     -3.16
      1.31     -4.57     -3.16
      1.31     -4.09     -3.64
      1.78     -4.09     -3.64
      1.78     -4.09     -4.12
      1.78     -3.61     -4.12
      2.26     -3.61     -4.60
      2.26     -3.61     -4.60
      2.26     -3.13     -5.08
      2.26     -2.65     -5.08
      2.26     -2.17     -5.08
      2.26     -1.69     -5.56
      2.26     -1.69     -5.56
      1.78     -1.22     -5.56
      1.78     -1.22     -6.03
      1.78     -0.74     -6.03
      1.31     -0.74     -6.03
      1.78     -0.74     -6.03
      1.31     -0.26     -6.03
      1.31     -0.26     -6.51
      1.31      0.22     -6.51
      1.31      0.22     -6.03
      0.83      0.22     -6.51
      0.83      0.22     -6.51
      0.83      0.22     -6.51
      0.83      0.70     -6.51
      0.35      0.70     -6.51
      0.35      0.70     -6.51
      0.35      0.70     -6.51
      0.35      0.70     -6.51
      0.35      0.70     -6.51
      0.35      0.70     -6.51
     -0.13      0.70     -6.99
     -0.13      0.70     -6.51
     -0.13      0.70     -6.51
     -0.61      0.70     -6.51
     -0.13      1.18     -6.03
     -0.61      1.18     -6.03
     -0.61      1.18     -6.03
     -0.61      1.18     -5.56
     -1.09      1.18     -5.56
     -1.09      1.18     -5.56
     -1.09      1.18     -5.08
     -1.09      1.66     -5.08
     -1.09      1.66     -4.60
     -1.09      1.66     -4.60
     -1.09      2.13     -4.12
     -1.09      2.13     -4.12
     -1.09      2.13     -4.12
     -0.61      2.13     -3.64
     -1.09      2.13     -3.64
     -0.61      2.13     -3.64
     -0.61      2.13     -3.64
     -1.09      2.13     -3.16
     -0.61      2.61     -3.64
     -1.09      3.09     -3.64
     -0.61      3.57     -3.64
     -0.61      3.57     -3.16
     -0.61      4.05     -3.16
     -0.61      4.53     -3.16
     -0.61      4.53     -2.68
     -0.61      4.53     -2.68
     -0.61      5.01     -2.68
     -0.61      5.01     -2.68
     -0.61      5.48     -2.68
     -0.13      5.96     -2.68
     -0.13      6.44     -2.68
     -0.13      6.44     -2.68
     -0.13      6.44     -2.21
     -0.13      6.44     -1.73
     -0.13      6.92     -2.21
     -0.13      6.92     -1.73
     -0.13      7.40     -1.73
     -0.13      7.40     -1.73
     -0.13      7.40     -1.25
     -0.13      7.88     -1.25
     -0.13      7.88     -1.73
     -0.13      7.88     -0.77
     -0.13      7.88     -0.77
     -0.13      7.88     -0.77
     -0.13      8.35     -0.77
     -0.13      7.88     -0.29
     -0.13      7.88     -0.29
     -0.13      7.88      0.19
     -0.13      7.88      0.19
     -0.61      7.88      0.19
     -0.61      7.88      0.67
     -0.61      7.88      0.67
     -0.61      7.40      0.67
     -0.61      7.88      0.67
     -0.61      7.88      0.67
     -0.61      7.88      0.67
     -0.61      7.88      0.67
     -0.61      7.88      1.14
     -0.61      7.40      1.14
     -1.09      7.88      1.14
     -0.61      7.40      1.14
     -1.57      7.40      0.67
     -1.09      7.40      1.14
     -1.09      7.40      0.67
     -1.09      6.92      1.14
     -1.09      6.92      1.14
     -1.09      6.92      0.67
     -1.09      6.92      0.67
     -1.09      6.44      0.67
     -1.09      6.44      0.67
     -1.09      5.96      0.67
     -1.09      5.96      1.14
     -1.09      5.96      0.67
     -1.09      5.48      0.67
     -1.09      5.48      1.14
     -1.09      5.48      1.14
     -1.09      5.01      1.14
     -1.09      4.53      1.14
     -1.09      4.53      1.14
     -1.09      4.53      1.14
     -1.09      4.05      1.62
     -0.61      3.57      1.62
     -0.61      3.57      1.62
     -0.61      3.57      1.62
     -0.61      3.09      2.10
     -0.61      2.61      2.58
     -0.61      2.61      2.58
     -0.61      2.13      2.10
     -0.61      2.13      2.58
     -0.13      1.66      2.58
     -0.61      1.66      2.58
     -0.13      1.18      2.58
     -0.13      1.18      3.06
     -0.13      0.70      3.06
     -0.13      0.22      2.58
     -0.13      0.22      3.54
     -0.13      0.22      3.06
     -0.13      0.22      3.06
      0.35     -0.26      3.54
      0.35     -0.74      3.06
      0.35     -1.22      3.54
      0.35     -1.22      3.54
      0.35     -1.69      3.06
      0.35     -2.17      3.06
      0.35     -2.65      3.06
      0.35     -2.65      3.06
      0.35     -3.13      3.06
      0.35     -3.61      3.06
      0.35     -3.61      3.06
      0.35     -4.09      3.06
      0.35     -4.57      3.06
      0.35     -4.57      2.58
      0.35     -5.04      2.58
      0.35     -5.52      2.58
      0.35     -5.52      2.58
      0.35     -6.00      2.58
      0.83     -6.48      2.58
      0.35     -6.96      2.58
      0.83     -6.96      2.10
      0.83     -7.44      2.10
      0.83     -7.44      2.10
      0.83     -7.91      2.10
      0.83     -7.91      2.10
      0.83     -8.39      2.10
      0.83     -8.87      1.62
      0.83     -8.87      1.62
      0.83     -9.35      1.14
      0.83     -9.35      1.62
      0.83     -9.83      1.14
      0.83     -9.83      1.14
      0.83    -10.31      1.14
      0.83    -10.31      1.14
      0.83    -10.79      1.14
      0.35    -10.79      1.14
      0.35    -10.79      0.67
      0.83    -11.26      0.67
      0.35    -11.74      0.67
      0.35    -11.74      0.67
      0.35    -11.74      0.67
      0.35    -11.74      0.19
     -0.13    -11.74      0.19
      0.35    -11.74      0.19
     -0.13    -12.22      0.19
     -0.13    -12.22      0.19
     -0.13    -12.22      0.19
     -0.13    -12.22     -0.29
     -0.13    -12.22     -0.29
     -0.13    -12.22     -0.29
     -0.61    -12.22     -0.29
     -0.13    -12.70     -0.77
     -0.13    -12.22     -0.77
     -0.61    -12.22     -0.77
     -0.13    -12.22     -1.25
     -0.13    -12.22     -1.25
     -0.13    -12.22     -1.25
     -0.13    -12.22     -1.25
     -0.13    -12.22     -1.73
     -0.13    -12.22     -1.73
     -0.13    -11.74     -1.73
     -0.13    -11.74     -1.73
     -0.13    -11.74     -2.21
     -0.13    -11.26     -2.21
     -0.13    -11.26     -2.21
     -0.13    -11.26     -2.21
     -0.13    -10.79     -2.21
     -0.13    -10.79     -2.21
     -0.61    -10.79     -2.21
     -0.13    -10.79     -2.21
     -0.13    -10.31     -2.21
     -0.13    -10.31     -2.21
      0.35     -9.83     -2.21
      0.35     -9.83     -2.21
      0.35     -9.83     -2.21
      0.35     -9.35     -2.21
      0.35     -9.35     -2.21
      0.35     -8.87     -2.21
      0.35     -8.39     -2.21
      0.35     -8.39     -2.21
      0.35     -7.91     -2.21
      0.83     -7.91     -2.21
      0.83     -7.44     -2.21
      0.83     -7.44     -2.68
      0.83     -6.96     -2.21
      0.83     -6.48     -2.21
      0.83     -6.00     -2.21
      0.83     -6.00     -2.21
      1.31     -5.52     -1.73
      1.31     -5.52     -2.21
      1.31     -5.04     -2.21
      1.31     -4.57     -1.73
      1.31     -4.09     -1.73
      1.31     -3.61     -1.73
      1.31     -3.13     -2.21
      1.31     -2.65     -1.73
      0.83     -2.17     -2.21
      1.31     -1.69     -1.73
      1.31     -1.22     -2.21
      1.31     -0.74     -2.21
      0.83     -0.26     -2.21
      0.83      0.22     -2.21
      0.83      0.22     -2.21
      0.83      0.70     -2.21
      0.83      0.70     -2.21
      0.83      1.66     -2.21
      0.83      1.66     -2.21
      0.83      2.13     -2.21
      0.83      2.61     -2.21
      0.83      3.09     -2.21
      0.83      3.57     -1.73
      0.83      3.57     -2.21
      0.83      4.05     -2.21
      0.83      4.53     -1.73
      0.83      4.53     -2.21
      0.83      5.01     -1.73
      0.83      5.01     -2.21
      0.83      5.48     -1.73
      0.83      5.48     -1.73
      0.83      5.48     -1.73
      0.35      5.48     -1.73
      0.35      5.96     -1.73
      0.35      5.96     -1.73
      0.35      6.44     -1.73
      0.35      6.92     -1.73
     -0.13      6.92     -1.25
     -0.13      7.40     -1.25
      0.35      7.40     -1.25
     -0.13      7.40     -1.25
     -0.13      7.40     -1.25
     -0.13      7.40     -0.77
     -0.13      7.88     -0.77
      0.35      7.88     -0.77
     -0.13      7.88     -0.77
     -0.13      7.88     -0.29
     -0.13      8.35     -0.77
     -0.13      8.35     -0.29
      0.35      8.35     -0.29
     -0.13      8.35      0.19
     -0.13      8.83      0.19
      0.35      8.83      0.19
      0.35      9.31      0.19
      0.35      9.31      0.19
      0.35      9.79      0.19
      0.35     10.27      0.67
      0.35     10.27      0.19
      0.35     10.27      0.19
      0.35     10.27      0.67
      0.35     10.27      0.19
      0.35     10.27      0.67
      0.35     10.75      1.14
      0.35     10.75      1.14
      0.35     10.75      0.67
      0.35     11.23      1.14
      0.35     11.23      1.14
      0.35     10.75      1.14
      0.35     11.23      1.14
      0.35     11.23      1.14
      0.35     11.70      1.14
      0.35     11.23      1.14
      0.35     11.70      1.14
      0.35     11.70      1.14
      0.35     11.23      1.14
      0.35     11.70      1.14
      0.35     11.23      1.14
      0.35     11.70      1.14
      0.35     11.23      1.14
      0.35     11.70      0.67
      0.35     11.23      1.14
      0.35     11.23      1.14
     -0.13     11.23      1.14
     -0.13     11.23      1.14
     -0.13     11.23      0.67
     -0.13     10.75      0.67
     -0.13     10.75      0.67
     -0.13     10.27      0.67
     -0.13     10.27      0.67
     -0.13      9.79      0.67
     -0.13      9.31      0.67
      0.35      9.31      0.19
     -0.13      8.83      0.67
     -0.13      8.35      0.67
     -0.61      8.35      0.67
     -0.13      7.88      0.67
     -0.13      7.40      0.19
     -0.13      6.92      0.67
     -0.13      6.44      0.67
      0.35      6.44      0.67
     -0.13      5.48      0.67
     -0.13      5.48      0.67
     -0.13      5.01      0.67
     -0.13      4.53      0.67
     -0.13      4.05      1.14
     -0.61      3.57      1.14
     -0.61      3.09      1.14
     -0.61      3.09      1.14
     -0.61      2.61      1.14
     -0.61      2.13      1.62
     -1.09      1.66      1.14
     -1.09      1.66      1.62
     -1.09      1.18      1.62
     -1.09      1.18      1.62
     -1.09      0.70      1.62
     -1.09      0.22      2.10
     -1.09      0.22      2.10
     -1.09      0.22      2.10
     -1.09     -0.26      2.10
     -1.09     -0.74      2.58
     -1.57     -0.74      2.58
     -1.09     -1.69      2.58
     -1.09     -1.69      2.58
     -1.09     -2.17      2.58
     -1.09     -2.17      2.58
     -1.09     -2.65      2.58
     -1.09     -3.13      2.58
     -1.09     -3.61      2.58
     -1.09     -3.61      2.58
     -1.09     -3.61      2.58
     -1.09     -3.61      2.58
     -1.09     -4.09      2.10
     -1.09     -4.09      2.10
     -1.09     -4.09      2.10
     -0.61     -4.57      2.10
     -1.09     -4.57      2.10
     -0.61     -5.04      2.10
     -0.61     -5.04      1.62
     -0.13     -5.04      1.62
     -0.61     -5.52      1.62
     -0.61     -6.00      1.62
     -0.13     -5.52      1.62
     -0.13     -5.52      1.14
     -0.13     -5.52      1.14
     -0.13     -6.00      1.14
     -0.13     -6.00      1.14
     -0.13     -6.00      1.14
      0.35     -6.00      1.14
     -0.13     -6.00      1.14
     -0.61     -6.48      0.67
     -0.13     -6.96      1.14
     -0.13     -6.48      1.14
     -0.13     -7.91      1.14
     -0.13     -6.96      0.67
     -0.13     -6.96      0.67
     -0.61     -6.96      1.14
     -0.13     -7.44      1.14
     -0.13     -7.44      0.67
     -0.13     -7.44      1.14
     -0.13     -7.44      1.14
     -0.13     -7.91      0.67
     -0.13     -7.91      1.14
     -0.61     -8.39      0.67
     -0.61     -8.39      0.19
     -0.61     -8.39      1.14
     -0.61     -8.39      1.14
     -0.61     -8.39      1.14
     -0.61     -8.39      1.14
     -0.61     -8.39      0.67
     -0.61     -8.39      0.67
     -0.61     -8.39      0.19
     -0.61     -8.39      0.67
     -0.61     -8.87      0.19
     -0.61     -8.87      0.19
     -0.61     -9.35      0.67
     -0.61     -9.35      0.19
     -0.61     -9.35      0.19
     -0.61     -8.87      0.19
     -0.61     -8.39     -0.29
     -0.61     -8.39     -0.29
     -0.13     -7.91     -0.29
     -0.13     -7.44      0.19
     -0.13     -7.44     -0.29
      0.35     -6.96     -0.29
     -0.13     -6.48     -0.29
     -0.13     -6.48     -0.29
      0.35     -6.00     -0.77
      0.35     -6.00     -0.77
      0.35     -5.52     -0.77
      0.35     -5.52     -0.77
      0.35     -5.52     -1.25
      0.35     -5.04     -1.25
      0.35     -4.57     -1.25
      0.35     -4.09     -1.25
      0.35     -4.09     -1.73
      0.35     -3.61     -1.73
      0.83     -3.61     -2.21
      0.83     -3.13     -2.21
      0.83     -2.65     -2.21
      0.83     -2.17     -2.21
      0.35     -2.17     -2.68
      0.83     -1.69     -2.68
      0.83     -1.22     -3.16
      0.83     -0.74     -3.16
      0.83     -0.26     -3.16
      0.35     -0.26     -3.16
      0.83      0.22     -3.64
      0.83      0.22     -3.64
      0.35      0.22     -3.64
      0.83      0.70     -3.64
      0.83      0.70     -3.64
      0.35      1.18     -3.64
      0.83      1.18     -3.64
      0.83      1.66     -4.60
      0.83      1.66     -3.64
      0.83      2.13     -4.12
      0.83      2.13     -3.64
      0.83      2.13     -3.64
      0.83      2.13     -3.64
      0.35      2.61     -3.64
      0.83      2.61     -3.64
      0.35      3.09     -3.64
      0.83      3.09     -3.64
      0.83      3.09     -3.16
      0.83      3.57     -3.16
      0.83      3.57     -3.16
      0.35      3.57     -3.16
      0.83      3.57     -3.16
      0.35      3.57     -2.68
      0.35      4.05     -2.68
      0.83      4.05     -2.68
      0.35      4.05     -2.68
      0.35      4.05     -2.21
      0.35      4.05     -2.21
      0.35      4.53     -2.21
      0.35      4.05     -1.73
     -0.13      4.53     -1.73
     -0.13      4.53     -1.73
     -0.13      4.53     -1.25
     -0.13      4.53     -1.25
     -0.13      4.53     -1.25
     -0.13      4.05     -1.25
     -0.61      4.05     -1.25
     -0.13      3.57     -0.77
     -0.61      3.09     -0.29
     -0.61      3.57     -0.29
     -0.61      3.57     -0.29
     -0.61      4.05     -0.77
     -0.61      4.53     -0.29
     -0.61      4.53     -0.29
     -0.61      4.53      0.19
     -0.61      5.01      0.19
     -0.61      4.53      0.19
     -0.61      4.53      0.19
     -0.61      4.53      0.19
     -0.13      4.53      0.19
     -0.13      4.53      0.19
     -0.13      5.01      0.19
      0.35      5.01      0.19
     -0.13      4.53      0.19
     -0.13      3.57     -0.29
      0.35      3.57      1.14
      0.83      3.57      1.62
      0.83      3.57      1.14
      0.83      3.57      1.14
      0.35      3.09      1.14
      0.83      3.09      1.14
      0.83      3.09      0.67
      0.83      3.09      0.67
      0.83      3.09      1.14
      0.83      2.61      1.62
      1.31      2.13      2.10
      0.83      1.66      2.10
      0.83      1.66      2.58
      1.31      1.66      2.58
      0.83      1.18      2.58
      0.83      0.70      3.06
      1.31      0.70      3.54
      1.31      0.22      4.02
      1.31      0.22      4.49
      0.83      0.22      4.49
      0.83      0.22      4.97
      0.83     -0.26      5.45
      0.83     -0.74      5.45
      0.83     -0.74      5.93
      0.83     -1.22      6.41
      0.35     -1.69      6.41
      0.83     -1.69      6.89
      0.35     -1.69      6.89
      0.35     -2.17      6.89
     -0.13     -2.65      7.36
     -0.13     -3.13      7.36
     -0.13     -3.13      7.84
     -0.13     -3.13      7.84
     -0.61     -3.13      7.84
     -0.61     -3.61      7.84
     -0.61     -3.61      7.84
     -0.61     -4.09      7.84
     -0.61     -4.09      7.84
     -0.61     -4.09      7.84
     -0.61     -4.57      7.84
     -1.09     -4.57      7.84
     -1.09     -4.57      7.84
     -0.61     -4.57      7.84
     -0.61     -4.57      7.36
     -1.09     -4.57      7.36
     -1.09     -5.04      7.36
     -1.09     -4.57      7.36
     -1.09     -4.57      7.36
     -1.09     -4.57      7.36
     -1.09     -5.04      6.89
     -1.09     -5.04      6.89
     -1.09     -5.04      6.89
     -1.09     -5.04      6.41
     -1.09     -5.04      6.41
     -1.09     -5.52      6.41
     -1.09     -5.52      5.93
     -1.09     -5.52      5.93
     -1.09     -5.52      5.45
     -1.09     -5.52      4.97
     -1.09     -5.52      4.97
     -0.61     -5.52      4.49
     -1.09     -5.52      4.49
     -0.61     -5.52      4.49
     -0.61     -5.52      3.54
     -0.61     -5.52      3.54
     -0.61     -5.52      3.54
     -0.13     -5.52      3.06
     -0.13     -5.52      3.06
     -0.13     -5.52      2.58
     -0.13     -5.52      2.58
     -0.13     -5.52      2.10
     -0.13     -5.04      1.62
      0.35     -5.04      1.62
      0.35     -5.04      1.14
      0.35     -5.04      1.14
      0.35     -4.57      1.14
      0.35     -4.57      0.67
      0.35     -4.09      0.67
      0.35     -3.61      0.19
      0.83     -3.61      0.19
      0.83     -3.61     -0.29
      0.83     -3.13      0.19
      0.83     -3.61     -0.29
      0.83     -4.09     -0.77
      0.35     -3.61     -1.25
      0.35     -3.61     -1.25
      0.35     -3.13     -1.25
      0.35     -2.65     -1.73
      0.35     -2.65     -1.73
      0.35     -2.65     -1.73
      0.35     -2.65     -2.21
      0.35     -2.65     -2.68
      0.35     -3.13     -2.68
      0.35     -2.17     -3.16
      0.35     -1.22     -3.16
      0.35     -0.74     -3.64
      0.35     -0.26     -3.64
      0.35      0.22     -3.64
      0.83      0.70     -4.12
      0.83      1.18     -4.12
      0.83      1.66     -4.60
      0.83      2.13     -4.60
      0.83      2.13     -5.08
      0.83      2.61     -5.08
      0.83      2.61     -5.56
      0.83      2.61     -5.56
      0.35      3.09     -5.56
      0.35      3.09     -6.03
      0.35      3.57     -6.03
      0.35      4.05     -6.51
      0.83      4.05     -6.51
      0.35      4.53     -6.51
      0.35      4.05     -6.99
      0.35      5.01     -6.99
      0.35      5.01     -6.99
      0.35      5.48     -6.99
      0.35      5.48     -7.47
      0.35      5.48     -7.47
      0.35      5.48     -7.47
      0.83      5.48     -7.47
      0.35      5.96     -7.95
      0.35      5.96     -7.95
      0.83      6.44     -7.47
      0.35      6.44     -7.95
      0.35      6.44     -7.95
      0.35      6.92     -7.95
      0.83      6.92     -7.95
      0.35      6.92     -7.95
      0.83      6.92     -7.95
      0.35      6.92     -7.95
      0.35      6.92     -7.95
      0.35      6.92     -7.95
      0.35      6.92     -7.95
      0.35      6.92     -7.95
      0.35      6.92     -7.95
      0.35      6.92     -7.95
      0.35      6.92     -7.95
      0.35      7.40     -7.95
      0.35      7.40     -7.95
      0.35      7.40     -7.47
      0.35      7.40     -7.47
      0.35      7.40     -7.47
      0.35      7.40     -7.47
     -0.13      6.92     -7.47
      0.35      7.40     -7.47
      0.35      6.92     -7.95
      0.35      6.92     -7.47
     -0.13      6.92     -7.47
     -0.13      6.92     -7.95
     -0.13      6.44     -7.47
     -0.13      6.92     -7.47
     -0.13      5.96     -7.47
     -0.13      5.48     -6.99
     -0.13      5.01     -6.51
     -0.13      5.48     -6.99
     -0.61      5.96     -6.99
     -0.13      5.96     -6.99
     -0.13      6.44     -6.99
     -0.13      6.92     -6.99
     -0.13      6.92     -6.51
      0.35      6.92     -6.51
     -0.13      6.92     -6.03
      0.35      6.92     -6.03
      0.35      6.44     -6.03
      0.35      6.92     -6.03
      0.83      7.40     -6.51
      0.83      7.40     -6.99
      0.35      6.44     -5.56
     -0.13      5.01     -5.08
      0.35      5.01     -3.64
      0.83      4.53     -3.16
      0.35      4.53     -3.64
     -0.13      4.53     -3.16
     -0.13      4.53     -3.16
     -0.61      4.53     -3.64
     -0.61      4.53     -3.64
     -0.61      4.53     -2.68
     -0.61      4.05     -2.21
     -0.61      3.57     -1.73
     -0.61      3.57     -1.25
     -1.09      3.09     -1.73
     -1.09      2.61     -1.25
     -1.09      2.13     -1.25
     -1.09      2.13     -0.77
     -1.09      1.66     -0.77
     -1.09      1.18     -0.29
     -1.09      1.18      0.19
     -1.09      0.70     -0.29
     -1.09      0.70      0.19
     -1.57      0.22      0.19
     -1.57      0.22      0.19
     -1.09     -0.26      0.67
     -1.57     -0.74      0.67
     -1.57     -0.74      0.67
     -1.57     -1.22      1.14
     -1.57     -1.22      1.14
     -1.57     -1.69      1.14
     -1.09     -2.17      1.62
     -1.09     -2.17      1.62
     -1.57     -2.65      1.62
     -1.09     -3.13      2.10
     -1.09     -3.61      2.10
     -1.09     -4.09      2.10
     -1.09     -4.09      2.10
     -0.61     -4.57      2.58
     -0.61     -4.57      2.58
     -0.61     -4.57      3.06
     -0.61     -5.04      3.54
     -0.61     -5.52      3.06
     -0.13     -5.52      3.54
     -0.13     -5.52      3.54
     -0.13     -5.52      4.02
     -0.13     -6.00      4.49
     -0.13     -6.00      4.49
      0.35     -6.48      4.97
      0.35     -6.96      4.97
      0.35     -7.44      4.97
      0.35     -7.44      5.45
      0.35     -7.44      5.45
      0.35     -7.91      5.45
      0.35     -7.91      5.45
      0.35     -7.91      5.93
      0.35     -8.39      5.93
      0.35     -8.39      5.93
      0.35     -8.39      6.41
      0.35     -8.39      6.41
      0.35     -8.87      6.89
      0.35     -8.87      6.89
      0.35     -8.87      6.89
      0.35     -9.35      6.89
      0.35     -9.35      7.36
      0.35     -9.35      7.36
      0.35     -9.83      7.36
      0.35     -9.35      7.84
      0.35     -9.83      7.84
      0.35    -10.31      7.36
      0.35    -10.31      7.84
      0.35    -10.31      7.84
      0.35    -10.79      8.32
      0.35    -10.79      8.32
      0.35    -10.79      7.84
      0.35    -10.79      7.84
      0.35    -10.79      8.32
      0.35    -10.79      8.32
      0.35    -10.79      8.32
      0.35    -11.26      8.32
      0.35    -10.79      8.80
      0.83    -10.79      8.32
      0.83    -10.79      8.32
      0.35    -10.79      7.84
      0.83    -10.31      8.32
      0.83    -10.79      8.32
      0.83    -10.79      7.84
      0.83    -10.79      7.84
      0.83    -10.79      7.84
      0.83    -10.31      8.32
      0.83    -10.31      7.84
      0.83    -10.31      7.84
      0.83    -10.31      7.84
      0.35     -9.83      7.36
      0.35    -10.31      7.36
      0.35    -10.31      7.36
      0.35    -10.79      6.89
      0.35    -10.31      6.41
      0.35     -9.83      6.41
      0.35     -9.35      5.93
      0.35     -8.87      5.45
      0.35     -8.39      5.45
      0.35     -7.44      5.45
      0.35     -6.96      5.45
      0.35     -6.96      4.97
      0.35     -6.48      4.97
      0.35     -6.48      4.49
      0.35     -6.00      4.49
      0.35     -6.00      4.49
     -0.13     -5.52      4.02
      0.35     -5.04      3.54
     -0.13     -4.57      3.54
     -0.13     -4.09      3.54
      0.35     -4.09      3.06
     -0.61     -3.61      3.06
      0.35     -3.13      2.58
      0.35     -2.65      2.58
      0.35     -2.17      2.10
      0.35     -1.69      2.10
      0.35     -1.22      1.62
      0.35     -0.74      1.62
      0.35     -0.26      1.14
      0.35      0.22      1.14
      0.35      0.22      0.67
      0.35      0.22      0.67
      0.35      0.70      0.67
      0.83      1.18      0.67
      0.83      1.66      0.19
      1.31      1.66      0.19
      0.83      2.13      0.19
      0.83      2.61      0.19
      0.83      2.61     -0.29
      0.83      3.09     -0.29
      0.83      3.57     -0.77
      0.83      3.57     -0.77
      1.31      4.05     -0.77
      0.83      4.53     -1.25
      0.83      5.01     -1.25
      1.31      5.48     -1.25
      0.83      5.48     -1.25
      1.31      5.96     -1.73
      0.83      6.44     -1.73
      0.83      6.44     -1.73
      0.83      6.44     -2.21
      0.83      6.92     -1.73
      0.35      6.92     -2.21
      0.83      7.40     -2.21
      0.83      7.40     -2.21
      0.83      7.40     -2.21
      0.83      7.88     -2.68
      0.83      7.88     -2.21
      0.83      8.35     -2.68
      0.83      8.35     -2.68
      0.83      8.83     -2.68
      0.83      8.83     -2.68
      1.31      8.83     -3.16
      0.83      8.83     -3.16
      0.83      9.31     -3.16
      0.83      9.31     -3.16
      0.35      9.31     -3.64
      0.35      9.31     -3.16
      0.35      9.31     -3.16
     -0.13      9.79     -3.64
      0.35     10.27     -3.64
      0.35     10.75     -3.64
      0.35     10.75     -3.64
      0.35     11.23     -4.12
      0.35     11.70     -4.12
      0.35     12.18     -4.12
      0.35     12.66     -4.12
      0.35     12.66     -4.12
     -0.13     12.66     -4.12
     -0.13     12.66     -4.12
     -0.13     12.66     -4.60
     -0.13     12.66     -4.12
     -0.13     12.66     -4.12
     -0.13     13.14     -4.60
     -0.13     13.62     -5.08
     -0.13     13.62     -5.08
     -0.13     13.62     -5.08
     -0.61     13.14     -5.08
     -0.61     12.18     -4.60
     -0.61     12.18     -4.12
     -0.61     12.18     -4.12
     -0.61     12.18     -4.60
     -1.09     11.70     -4.60
     -1.09     11.70     -4.60
     -1.09     12.18     -4.60
     -1.09     12.18     -5.08
     -1.09     11.70     -4.60
     -1.09     11.70     -4.60
     -1.09     11.70     -4.60
     -1.09     11.23     -4.60
     -1.09     11.23     -4.60
     -1.09     10.75     -4.60
     -1.09     10.75     -4.60
     -1.09     10.75     -4.60
     -1.09     10.27     -4.60
     -1.09     10.27     -4.12
     -1.09      9.79     -4.60
     -1.09      9.31     -4.60
     -1.09      9.31     -4.60
     -1.09      8.35     -4.60
     -1.09      8.35     -4.60
     -1.09      7.88     -4.12
     -1.09      7.40     -4.12
     -1.09      7.40     -4.12
     -1.09      6.92     -4.12
     -0.61      6.44     -4.12
     -1.09      5.96     -4.12
     -0.61      5.48     -4.12
     -1.09      5.01     -4.12
     -0.61      4.53     -4.12
     -0.61      4.05     -3.64
     -0.13      4.05     -3.64
     -0.13      3.57     -3.64
     -0.13      3.09     -3.64
     -0.13      2.61     -3.16
     -0.13      2.61     -3.16
     -0.13      2.13     -3.64
      0.35      1.66     -2.68
     -0.13      1.18     -2.68
     -0.13      0.70     -2.68
     -0.13      0.70     -2.21
      0.35      0.22     -2.21
      0.35      0.22     -2.21
      0.35      0.22     -2.21
      0.35     -0.26     -1.73
      0.35     -0.74     -2.21
      0.35     -1.22     -1.25
     -0.13     -1.69     -1.25
      0.35     -2.17     -1.73
      0.35     -2.65     -1.25
     -0.13     -3.13     -1.25
     -0.13     -3.61     -1.25
     -0.13     -3.61     -1.25
     -0.13     -4.09     -1.25
     -0.13     -4.57     -1.25
     -0.13     -5.04     -1.25
     -0.13     -5.04     -1.25
     -0.13     -5.52     -0.77
     -0.13     -6.00     -0.77
     -0.13     -6.48     -1.25
     -0.61     -6.48     -1.25
     -0.13     -6.48     -0.77
     -0.61     -7.44     -0.77
     -0.13     -7.44     -0.77
     -0.61     -7.44     -0.29
     -0.61     -7.44     -0.29
     -0.61     -7.91     -0.29
     -0.13     -8.39     -0.29
     -0.61     -8.39     -0.29
     -1.09     -8.87     -0.29
     -0.61     -9.35     -0.29
     -0.13     -9.35      0.19
     -0.61     -9.83      0.19
     -1.09     -9.83      0.19
     -1.09     -9.83      0.19
     -1.09    -10.31      0.19
     -0.61    -10.31     -0.29
     -0.61    -10.31      0.19
     -1.09    -10.79      0.67
     -1.09    -11.26      0.67
     -0.61    -11.26      0.19
     -1.09    -10.79      0.19
     -1.09    -11.26      0.67
     -1.09    -11.74      0.67
     -1.09    -12.22      0.67
     -1.09    -11.74      0.67
     -1.09    -11.74      1.14
     -0.61    -11.74      1.14
     -0.61    -11.74      1.14
     -0.61    -12.22      1.14
     -0.61    -12.70      1.14
     -0.61    -12.22      1.14
     -0.61    -12.22      1.14
     -0.61    -12.70      1.62
     -0.61    -12.70      1.62
     -0.61    -13.18      1.62
     -0.61    -13.18      1.62
     -0.61    -12.70      2.10
     -0.61    -13.18      2.10
     -0.61    -13.18      1.62
     -0.61    -13.18      1.62
     -0.61    -13.18      1.62
     -0.61    -13.18      2.10
     -0.13    -12.70      2.10
     -0.13    -12.70      2.10
      0.35    -12.70      2.10
      0.35    -12.70      2.58
      0.35    -12.70      2.58
      0.35    -12.22      2.10
      0.35    -11.74      2.10
      0.35    -11.26      2.10
      0.83    -11.26      2.10
      0.83    -10.31      2.10
      1.31     -9.83      2.10
      1.31     -9.35      2.58
      1.31     -8.39      3.06
      1.31     -7.91      3.06
      1.31     -7.44      3.06
      1.31     -7.44      2.58
      1.78     -6.96      3.06
      1.78     -6.48      3.06
      1.78     -6.00      3.06
      1.78     -5.52      3.54
      1.78     -5.52      3.54
      1.78     -5.04      3.54
      1.78     -4.57      4.02
      1.78     -4.57      4.02
      1.78     -4.09      4.02
      1.78     -3.61      4.02
      1.78     -3.61      4.49
      1.78     -3.13      4.49
      1.78     -3.13      4.97
      1.78     -2.65      4.97
      1.31     -2.65      4.97
      1.78     -2.17      4.97
      1.78     -1.69      4.97
      1.31     -1.69      5.45
      1.31     -1.22      5.45
      1.78     -1.22      5.45
      1.31     -0.74      5.45
      1.78     -0.74      5.45
      1.31     -0.26      5.45
      1.31      0.22      5.45
      0.35      0.22      5.45
      1.31      0.22      5.45
      1.31      0.70      5.45
      1.31      0.70      5.45
      0.83      1.18      5.45
      0.83      1.66      5.45
      0.83      2.13      5.45
      0.83      2.13      5.45
      0.35      2.61      4.97
      0.35      3.09      4.97
      0.35      3.09      4.97
      0.35      3.57      4.97
      0.35      3.57      4.97
      0.35      4.05      4.97
      0.35      4.53      4.97
     -0.13      4.53      4.97
     -0.13      5.01      4.97
     -0.13      5.01      4.49
     -0.13      5.48      4.97
     -0.61      5.48      4.49
     -0.61      5.48      4.49
     -0.61      5.96      4.49
     -1.09      5.96      4.02
     -0.61      5.96      4.02
     -0.61      6.44      4.02
     -0.61      6.44      4.02
     -1.09      6.44      4.02
     -1.09      6.44      4.02
     -1.09      6.44      3.54
     -1.09      6.92      3.54
     -1.09      6.92      3.54
     -1.09      6.44      3.54
     -1.09      6.92      3.06
     -1.09      7.40      3.06
     -1.09      7.40      3.06
     -1.09      7.88      2.58
     -1.09      8.35      2.58
     -1.09      8.35      2.58
     -1.09      8.35      2.10
     -1.09      8.83      2.10
     -1.09      8.83      2.10
     -1.09      8.83      1.62
     -1.09      8.83      1.14
     -1.09      8.83      1.14
     -1.09      9.31      0.67
     -1.09      9.31      0.67
     -1.09      9.79      0.19
     -0.61      9.79      0.19
     -0.61      9.79      0.19
     -0.61      9.79     -0.29
     -0.61      9.31     -0.77
     -0.61      8.83     -0.77
     -0.13      8.83     -0.77
     -0.61      8.83     -1.25
     -0.13      8.83     -1.73
     -0.13      8.83     -2.21
     -0.13      8.83     -2.68
     -0.13      9.31     -3.16
     -0.13      8.83     -3.16
     -0.13      8.83     -3.16
     -0.13      8.83     -3.64
      0.35      8.83     -4.12
      0.35      8.83     -4.12
      0.35      8.35     -4.60
      0.35      8.35     -4.60
      0.35      7.88     -4.60
      0.83      7.88     -5.08
      0.83      7.88     -5.08
      0.83      7.40     -5.56
      0.83      6.92     -5.56
      0.83      6.92     -5.56
      0.83      6.44     -6.03
      0.83      6.44     -6.03
      0.83      5.96     -6.03
      0.83      5.48     -6.03
      0.35      5.48     -6.51
      0.83      5.01     -6.51
      0.35      4.53     -6.51
     -0.13      4.05     -6.51
      0.35      3.57     -6.51
     -0.61      3.57     -6.51
     -0.13      3.09     -6.51
     -0.13      2.61     -6.99
     -0.13      2.13     -6.51
     -0.13      1.66     -6.51
     -0.61      1.66     -6.51
     -0.61      1.18     -6.51
     -0.61      0.70     -6.51
     -0.61      0.22     -6.51
     -1.09      0.22     -6.51
     -0.61      0.22     -6.03
     -1.09     -0.26     -6.51
     -1.09     -0.74     -6.51
     -0.61     -1.22     -6.51
     -1.09     -1.69     -6.51
     -1.09     -2.17     -6.51
     -1.09     -2.65     -6.51
     -1.09     -2.65     -6.03
     -1.09     -3.13     -6.03
     -1.09     -3.13     -6.03
     -1.09     -3.61     -6.03
     -1.09     -3.61     -6.03
     -1.09     -4.09     -5.56
     -1.09     -4.09     -5.56
     -1.09     -4.57     -5.56
     -1.09     -4.57     -5.08
     -1.09     -4.57     -5.08
     -1.09     -5.04     -5.08
     -1.09     -5.04     -5.56
     -1.09     -5.52     -5.08
     -0.61     -5.52     -4.60
     -0.61     -5.52     -4.60
     -0.61     -6.00     -4.60
     -0.61     -6.00     -4.60
     -0.61     -6.48     -4.60
     -0.13     -6.48     -4.60
     -0.13     -6.48     -4.12
     -0.13     -6.48     -4.12
     -0.13     -6.48     -3.64
      0.35     -6.96     -4.12
      0.83     -6.96     -5.08
      0.35     -7.44     -4.12
      0.35     -7.91     -2.68
      0.83     -7.44     -3.16
      0.83     -7.44     -3.64
      0.83     -7.44     -3.64
      1.31     -7.44     -3.16
      0.83     -7.44     -2.68
      1.31     -7.91     -2.68
      1.31     -7.44     -2.21
      1.78     -7.44     -2.68
      2.26     -7.44     -2.68
      2.26     -7.91     -2.68
      2.26     -7.91     -2.21
      1.78     -7.44     -1.73
      2.26     -7.44     -1.73
      2.26     -7.44     -1.73
      2.26     -7.44     -1.73
      2.26     -7.44     -1.25
      2.26     -7.44     -0.77
      2.26     -7.44     -0.77
      2.26     -7.44     -0.77
      2.26     -7.44     -0.77
      2.26     -6.96     -0.29
      1.78     -6.96      0.19
      2.26     -6.48      0.19
      1.78     -6.48      0.19
      1.78     -6.48      0.19
      1.31     -6.48      1.14
      1.31     -6.00      1.62
      1.31     -6.00      1.62
      0.83     -6.00      1.62
      0.83     -6.00      2.10
     -0.13     -5.52      2.58
      0.35     -5.52      2.58
      0.35     -5.04      2.58
      0.35     -5.04      3.06
     -0.13     -5.04      3.06
      0.35     -5.52      3.54
     -0.13     -5.04      3.54
     -0.13     -5.04      3.54
     -0.61     -4.57      3.54
     -0.13     -4.57      3.54
     -0.61     -4.09      3.54
     -0.61     -3.61      3.54
     -0.61     -3.13      3.54
     -0.61     -2.65      4.02
     -0.61     -2.65      4.02
     -0.61     -2.65      4.02
     -1.09     -2.17      4.02
     -1.09     -2.17      4.02
     -0.61     -1.69      4.02
     -0.61     -1.22      4.02
     -0.61     -1.22      4.02
     -0.61     -0.74      4.02
     -0.13     -0.26      4.02
     -0.61      0.22      4.02
     -0.13      0.22      4.02
     -0.61      0.22      4.02
     -0.13      0.70      4.02
     -0.13      0.70      3.54
     -0.13      1.66      3.54
      0.35      2.13      3.54
     -0.13      2.61      3.54
     -0.13      3.09      3.54
      0.35      3.57      3.54
      0.35      3.57      3.06
      0.35      4.05      3.06
      0.35      4.53      3.06
      0.35      5.01      2.58
      0.35      5.48      2.58
      0.83      5.48      2.58
      0.83      5.96      2.58
      0.83      6.44      2.58
      0.83      6.92      2.58
      0.83      6.92      2.10
      0.83      7.40      2.10
      0.83      7.40      2.58
      0.83      7.40      2.10
      0.83      7.40      2.10
      0.83      7.40      2.10
      0.83      7.88      1.62
      0.83      7.40      1.62
      0.83      7.40      1.62
      0.83      7.40      1.62
      0.83      7.40      1.62
      0.35      7.40      1.14
      0.35      7.40      1.14
      0.35      7.40      1.14
      0.35      7.40      1.14
      0.35      6.92      1.14
     -0.13      6.92      1.14
      0.35      6.44      1.14
      0.35      5.96      0.67
     -0.13      5.96      0.67
     -0.13      6.44      0.67
     -0.61      6.44      0.67
     -0.13      6.44      0.67
     -0.13      6.44      0.19
     -0.61      6.92      0.19
     -0.61      7.40      0.19
     -0.61      7.40      0.19
     -0.61      6.92      0.19
     -0.61      6.92      0.19
     -0.61      6.92      0.19
     -0.61      6.92      0.19
     -0.61      7.40      0.19
     -0.61      6.92     -0.29
     -0.61      7.40     -0.29
     -0.61      7.40     -0.29
     -0.61      6.92     -0.29
     -0.61      6.92     -0.29
     -1.09      6.92     -0.77
     -1.09      6.92     -0.29
     -0.61      6.92     -0.29
     -0.61      6.92     -0.77
     -0.61      6.92     -0.77
     -1.09      6.44     -0.77
     -1.09      6.92     -1.25
     -1.09      6.44     -1.25
     -1.09      6.44     -1.25
     -1.09      6.44     -1.25
     -1.09      6.44     -1.73
     -1.09      5.96     -1.25
     -1.09      5.48     -1.25
     -1.09      5.48     -1.73
     -1.09      5.01     -1.73
     -1.09      4.53     -1.73
     -1.09      4.53     -1.73
     -1.09      3.57     -1.25
     -1.09      4.05     -1.25
     -1.09      3.57     -1.25
     -1.09      3.09     -1.25
     -1.09      3.09     -1.25
     -1.09      2.61     -1.25
     -1.09      2.61     -1.25
     -1.09      1.66     -1.25
     -1.09      1.66     -1.25
     -1.09      1.18     -1.25
     -1.09      0.70     -0.77
     -1.09      0.22     -0.77
     -1.09      0.22     -0.77
     -1.09     -0.26     -0.77
     -0.61     -0.26     -0.77
     -0.61     -0.74     -0.29
     -0.61     -1.22     -0.29
     -0.61     -1.22     -0.29
     -0.13     -2.17      0.19
     -0.13     -2.17      0.19
     -0.13     -2.65      0.19
     -0.13     -2.65      0.19
     -0.13     -3.13      0.19
     -0.13     -3.13      0.19
     -0.13     -3.61      0.67
     -0.13     -4.09      0.19
      0.35     -4.09      0.67
      0.35     -4.57      0.67
     -0.13     -5.04      1.14
     -0.13     -5.04      1.14
      0.35     -5.52      1.14
     -0.13     -5.52      1.14
     -0.13     -5.52      1.14
     -0.13     -5.52      1.14
     -0.13     -6.00      1.14
     -0.61     -6.00      1.14
     -0.13     -6.48      1.62
     -0.61     -6.96      1.14
     -0.13     -6.96      1.62
     -0.13     -6.96      1.62
     -0.13     -6.96      1.62
     -0.13     -7.44      1.62
     -0.13     -7.44      1.62
     -0.13     -7.44      1.62
     -0.13     -7.44      1.62
      0.35     -7.91      1.62
      0.35     -7.91      1.62
      0.35     -7.91      1.62
      0.35     -8.39      1.62
      0.35     -8.39      1.14
     -0.13     -8.39      1.62
     -0.13     -8.87      1.62
      0.35     -8.39      1.14
      1.31     -8.39      0.19
      0.83     -8.87      0.67
      0.83     -9.83      1.62
      0.35     -9.83      1.62
      0.83     -9.35      1.14
      0.83     -8.87      0.67
      0.83     -8.87      0.67
      1.31     -9.35      0.67
      1.31     -9.35      0.67
      1.31     -8.87      1.14
      1.31     -8.39      1.14
      1.31     -8.39      0.67
      1.31     -8.39      1.14
      1.31     -8.39      1.14
      1.31     -8.39      1.62
      1.31     -8.87      1.14
      1.31     -8.39      1.14
      1.31     -8.39      1.14
      0.83     -8.39      1.62
      0.83     -7.91      2.10
      0.83     -7.91      2.58
      0.83     -7.44      2.58
      0.35     -7.44      2.58
      0.35     -7.44      2.58
      0.35     -7.44      3.06
      0.35     -7.44      3.06
      0.35     -6.96      3.06
      0.35     -6.96      3.54
      0.35     -7.44      4.02
      0.35     -6.96      4.02
      0.35     -6.96      3.54
      0.35     -6.48      4.02
      0.83     -6.00      4.02
      0.35     -5.52      4.02
      0.35     -5.52      4.49
      0.35     -4.57      4.49
      0.35     -4.57      4.49
      0.35     -4.09      4.49
      0.35     -3.61      4.97
      0.35     -3.61      4.97
      0.35     -3.61      4.49
      0.35     -3.13      4.49
      0.83     -3.13      4.49
      0.35     -2.65      4.49
      0.35     -2.65      4.49
      0.35     -2.65      4.02
      0.35     -2.17      4.02
      0.35     -1.69      4.02
      0.35     -1.69      4.02
      0.35     -1.22      3.54
      0.83     -0.74      4.02
      0.35     -0.74      3.54
      0.83     -0.26      3.54
      0.35      0.22      3.54
      0.83      0.22      3.54
      0.35      0.22      3.54
      0.35      0.70      3.54
      0.83      0.70      3.54
      0.83      1.18      3.54
      0.83      1.18      3.06
      0.83      1.66      3.06
      0.35      1.66      3.06
      0.83      2.13      3.06
      0.83      2.13      2.58
      0.83      2.61      2.58
      0.35      2.61      2.58
      0.83      3.09      2.10
      0.83      3.09      2.10
      0.35      3.09      2.10
      0.83      3.57      2.10
      0.83      3.09      1.62
      0.35      3.57      1.62
      0.35      3.57      1.14
      0.35      3.57      1.14
      0.35      4.05      1.14
      0.35      3.57      1.14
      0.35      3.57      0.67
     -0.13      4.05      0.67
      0.35      4.05      0.67
      0.35      4.05      0.19
      0.35      4.05      0.19
     -0.13      4.05      0.19
     -0.13      4.53      0.19
     -0.13      4.53      0.19
     -0.13      4.53      0.19
     -0.13      4.53      0.19
     -0.13      5.01     -0.29
     -0.13      5.01     -0.29
     -0.13      5.48     -0.29
     -0.13      5.96     -0.29
     -0.61      5.96     -0.77
     -0.61      6.44     -0.77
     -0.61      6.44     -0.77
     -0.13      6.92     -0.77
     -0.61      6.92     -1.25
     -1.09      7.40     -1.25
     -0.61      7.40     -1.25
     -1.09      7.40     -1.73
     -1.09      7.40     -1.73
     -1.09      7.40     -1.73
     -1.09      7.40     -2.21
     -1.09      7.40     -2.68
     -1.09      7.40     -2.68
     -1.09      7.88     -3.16
     -1.09      7.88     -3.64
     -1.09      8.35     -3.64
     -1.09      7.88     -3.64
     -1.09      7.40     -4.12
     -1.09      7.40     -4.12
     -1.09      7.40     -4.12
     -1.09      7.40     -4.60
     -1.09      7.40     -5.08
     -1.09      7.40     -5.56
     -1.09      7.40     -5.56
     -1.09      6.92     -5.56
     -1.09      6.92     -6.03
     -1.09      6.92     -6.03
     -1.09      6.44     -6.51
     -1.09      6.44     -6.51
     -1.09      6.44     -6.99
     -1.57      5.96     -6.99
     -1.09      5.96     -7.47
     -1.57      5.96     -7.47
     -1.09      5.96     -7.95
     -1.09      5.48     -7.95
     -1.09      5.48     -7.95
     -1.09      5.48     -7.95
     -1.09      5.48     -8.43
     -1.09      5.48     -8.43
     -1.09      5.01     -8.43
     -1.09      5.01     -8.43
     -1.09      5.01     -8.43
     -1.09      5.01     -8.90
     -1.09      4.53     -8.90
     -1.09      3.57     -8.90
     -1.09      4.05     -8.90
     -1.09      4.05     -8.90
     -1.09      3.57     -8.90
     -1.09      3.57     -9.38
     -1.09      3.57     -9.38
     -1.09      3.57     -9.38
     -1.09      3.09     -9.86
     -1.09      2.61     -8.90
     -1.09      2.61     -8.90
     -0.61      2.13     -8.90
     -0.61      2.13     -8.90
     -0.61      1.66     -8.90
     -0.61      1.66     -8.90
     -0.13      1.18     -8.90
     -0.61      0.70     -8.43
     -0.13      0.70     -8.43
     -0.61      0.22     -8.43
     -0.13      0.70     -7.95
     -0.13      0.22     -7.95
     -0.13      0.22     -7.47
     -0.13      0.22     -7.47
     -0.13     -0.26     -6.99
     -0.13     -0.26     -6.99
     -0.13     -0.74     -6.99
     -0.61     -0.74     -6.99
     -0.13     -0.74     -6.51
     -0.13     -1.22     -6.03
     -0.13     -1.22     -6.03
     -0.13     -1.22     -5.56
     -0.13     -1.22     -5.56
     -0.13     -1.69     -5.08
     -0.13     -2.17     -4.60
     -0.13     -2.17     -4.60
     -0.13     -2.17     -4.60
     -0.13     -2.17     -4.12
     -0.13     -2.65     -4.12
     -0.13     -2.65     -3.64
      0.35     -3.13     -3.64
      0.35     -3.13     -3.16
      0.35     -3.13     -3.16
      0.35     -3.13     -2.68
      0.35     -3.13     -2.68
      0.35     -3.13     -2.21
      0.83     -3.13     -2.21
      0.83     -3.61     -2.21
      0.83     -3.61     -1.73
      0.83     -3.13     -1.25
      0.83     -3.13     -0.77
      0.83     -3.61     -0.77
      1.31     -3.13     -0.77
      1.31     -3.61     -0.29
      1.31     -3.13      0.19
      1.31     -3.61      0.19
      1.31     -3.61      0.19
      1.78     -4.09      0.67
      1.78     -4.09      0.67
      1.31     -3.61      0.67
      1.78     -4.09      1.14
      1.31     -4.09      1.62
      1.78     -4.09      1.62
      1.78     -4.09      2.10
      1.78     -4.09      2.58
      1.78     -4.09      2.58
      1.78     -4.57      3.06
      1.78     -4.09      3.06
      1.78     -4.57      3.54
      1.78     -4.57      3.54
      1.78     -4.57      4.02
      1.78     -4.57      4.49
      1.78     -4.57      4.49
      1.78     -5.04      4.97
      1.78     -5.04      5.45
      1.78     -4.57      5.45
      1.78     -5.04      5.93
      1.78     -5.04      5.93
      1.31     -5.04      6.41
      1.78     -4.57      6.41
      1.78     -4.57      6.89
      1.78     -4.57      6.89
      1.31     -4.57      6.89
      1.31     -4.57      7.36
      1.31     -4.57      7.36
      1.31     -4.57      7.36
      1.31     -4.57      7.36
      1.31     -4.57      7.84
      1.31     -4.09      7.84
      1.31     -4.09      8.32
      1.31     -4.57      8.32
      1.31     -4.09      8.32
      1.31     -4.09      7.84
      1.31     -3.61      8.32
      1.31     -4.09      8.32
      1.31     -3.61      8.32
      0.83     -4.09      8.80
      0.83     -3.61      8.80
      0.83     -3.13      8.80
      0.83     -3.13      8.80
      0.83     -3.13      8.80
      1.31     -2.65      8.80
      0.83     -2.65      8.80
      0.35     -2.65      8.80
      0.83     -2.17      8.80
      0.83     -2.17      8.80
      0.83     -2.17      8.32
      0.35     -1.69      8.80
      0.83     -1.69      8.80
      0.35     -1.69      8.80
      0.35     -1.22      8.32
      0.83     -1.22      8.32
      0.35     -1.22      8.32
      0.35     -1.22      8.32
      0.35     -1.22      8.32
      0.35     -0.74      7.84
      0.35     -0.74      7.84
      0.35     -0.74      7.36
      0.35     -0.74      7.36
      0.35     -0.74      7.36
      0.35     -1.22      7.36
     -0.13     -0.74      7.36
     -0.13     -1.22      6.89
     -0.13     -1.22      6.89
     -0.13     -1.22      6.89
     -0.13     -1.22      6.41
     -0.13     -1.22      6.41
     -0.13     -1.22      6.41
     -0.13     -1.22      5.93
     -0.13     -1.22      5.45
     -0.13     -1.22      5.45
     -0.13     -1.22      5.45
     -0.13     -1.22      4.97
     -0.13     -1.22      4.97
     -0.13     -0.74      4.49
     -0.13     -0.74      4.49
     -0.13     -0.74      4.49
     -0.13     -0.74      4.02
     -0.13     -0.74      4.02
     -0.13     -0.26      3.54
     -0.13     -0.26      3.54
     -0.61     -0.26      3.06
     -0.13      0.22      3.06
     -0.13      0.22      3.06
     -0.13     -0.26      2.58
     -0.13      0.22      2.58
     -0.61      0.22      2.10
     -0.61      0.22      2.10
     -0.61      0.22      1.62
     -0.61      0.70      1.62
     -0.61      0.70      1.62
     -0.61      0.70      0.67
     -0.61      0.70      0.67
     -0.61      1.18      0.67
     -0.61      1.18      0.67
     -1.09      1.18      0.19
     -1.09      1.18      0.19
     -1.09      1.18      0.19
     -1.09      1.66      0.19
     -1.09      1.66      0.19
     -1.09      1.66     -0.29
     -1.09      1.66     -0.29
     -1.09      1.66     -0.77
     -1.09      2.13     -0.77
     -1.09      2.13     -1.25
     -1.09      2.13     -1.25
     -1.09      2.13     -1.25
     -1.09      2.13     -1.73
     -1.09      2.13     -1.73
     -1.57      2.13     -2.21
     -1.09      2.13     -2.21
     -1.09      2.61     -2.68
     -1.09      2.61     -2.68
     -1.57      2.61     -2.68
     -1.09      2.61     -3.16
     -1.09      2.61     -3.16
     -1.09      2.61     -3.16
     -1.09      2.61     -3.64
     -1.09      2.61     -3.64
     -1.09      2.61     -3.64
     -1.09      2.61     -4.12
     -1.09      2.61     -4.12
     -1.09      2.61     -4.12
     -1.09      2.13     -4.60
     -1.09      2.13     -4.60
     -0.61      2.13     -5.08
     -1.09      2.13     -5.08
     -1.09      1.66     -5.08
     -1.09      1.66     -5.08
     -0.61      1.66     -5.56
     -0.61      1.66     -5.56
     -0.61      1.66     -5.56
     -0.61      1.66     -5.56
     -0.61      0.70     -6.03
     -0.61      1.18     -5.56
     -0.61      1.18     -6.03
     -0.13      1.18     -6.03
     -0.13      1.18     -6.03
     -0.13      1.18     -6.03
     -0.13      1.18     -6.03
     -0.13      1.18     -6.03
     -0.13      0.70     -6.03
     -0.13      0.70     -6.03
     -0.13      0.70     -6.51
     -0.13      0.70     -6.51
      0.35      0.70     -6.03
      0.35      0.70     -6.51
      0.35      0.70     -6.51
      0.35      0.70     -6.51
      0.35      0.70     -6.03
      0.35      0.22     -6.03
      0.35      0.22     -6.03
      0.35      0.22     -6.03
      0.35      0.22     -6.03
      0.35      0.22     -5.56
      0.35      0.22     -5.56
      0.35      0.22     -5.56
      0.35      0.22     -5.56
      0.35      0.22     -5.08
      0.35      0.22     -5.08
      0.35      0.22     -5.08
      0.35      0.22     -5.08
      0.35      0.22     -4.60
      0.35      0.22     -4.60
      0.35      0.22     -4.60
      0.35      0.22     -4.60
      0.35      0.22     -4.12
      0.35      0.22     -4.12
      0.35      0.22     -4.12
      0.35      0.70     -4.12
      0.35      0.70     -3.64
      0.35      0.70     -3.64
      0.35      0.70     -3.16
      0.35      0.70     -3.64
      0.35      0.70     -3.16
      0.35      0.70     -2.68
     -0.13      0.70     -3.16
      0.35      0.70     -2.68
      0.35      0.70     -2.68
      0.35      1.18     -2.21
      0.35      1.18     -2.68
     -0.13      1.18     -2.21
     -0.13      1.18     -2.21
     -0.13      0.70     -2.21
     -0.13      0.70     -2.21
     -0.13      0.70     -1.73
     -0.13      0.70     -1.73
     -0.13      0.70     -1.73
      0.35      0.70     -1.73
     -0.13      0.70     -1.25
     -0.13      0.70     -1.25
     -0.13      0.70     -1.25
     -0.13      0.70     -0.77
      0.35      0.22     -0.77
     -0.13      0.22     -0.77
     -0.13      0.22     -0.77
      0.35      0.22     -0.77
      0.35      0.70     -0.29
      0.35      0.22      0.19
     -0.13      0.22      0.19
      0.35      0.22      0.19
      0.35      0.22      0.19
      0.35      0.22      0.19
      0.35      0.22      0.19
      0.35      0.22      0.67
      0.35      0.22      1.14
      0.35      0.22      1.14
      0.35      0.22      1.14
      0.35      0.22      1.62
      0.83      0.22      1.62
      0.35      0.22      2.10
      0.35      0.22      2.10
      0.35      0.22      2.58
      0.35      0.22      2.58
      0.35      0.22      3.06
      0.35      0.22      3.06
      0.35      0.22      3.54
      0.83      0.22      3.54
      0.35      0.22      3.54
      0.35      0.22      3.54
      0.35      0.22      4.02
      0.83     -0.26      4.02
      0.35      0.22      4.49
      0.35      0.22      4.49
      0.35     -0.26      4.49
      0.35     -0.26      4.49
      0.35     -0.26      4.49
      0.83      0.22      4.49
      0.35      0.22      4.97
      0.35     -0.26      4.97
      0.35     -0.26      4.97
      0.35     -0.26      4.97
      0.35     -0.26      4.49
      0.35     -0.74      4.49
      0.35     -0.74      4.97
      0.83     -0.74      4.49
      0.83     -0.74      4.49
      0.35     -0.74      4.49
      0.35     -0.74      4.49
      0.83     -0.74      4.49
      0.35     -0.74      4.49
      0.83     -1.22      4.49
      0.35     -1.22      4.02
      0.83     -1.22      4.02
      0.83     -1.22      4.02
      0.83     -1.22      3.54
      0.83     -1.22      3.54
      0.83     -1.22      3.54
      0.83     -1.22      3.54
      0.83     -1.22      3.06
      1.31     -1.22      3.06
      1.31     -1.22      3.06
      0.83     -1.69      3.06
      1.31     -1.22      2.58
      0.83     -1.22      2.10
      0.83     -1.69      2.10
      0.83     -1.22      2.10
      0.83     -1.22      1.62
      0.83     -1.22      1.62
      0.35     -1.22      1.14
      0.35     -1.22      1.14
      0.35     -1.22      1.14
      0.35     -1.22      1.14
      0.35     -1.22      0.67
     -0.13     -1.22      0.67
     -0.13     -1.22      0.67
     -0.13     -1.22      0.19
     -0.13     -1.22      0.19
     -0.13     -1.22      0.19
     -0.13     -1.22      0.19
     -0.13     -1.22      0.19
     -0.61     -1.22      0.19
     -0.13     -1.69      0.19
     -0.61     -1.22     -0.29
     -0.61     -1.22     -0.29
     -0.61     -1.22     -0.29
     -0.61     -1.22     -0.29
     -0.61     -1.22     -0.29
     -0.61     -1.22     -0.77
     -0.61     -1.22     -0.77
     -0.61     -1.69     -0.77
     -0.61     -1.69     -1.25
     -0.61     -1.69     -1.25
     -0.61     -1.69     -1.25
     -0.61     -1.69     -1.73
     -0.61     -1.69     -1.73
     -0.61     -1.69     -1.73
     -0.61     -1.69     -2.21
     -0.13     -1.69     -2.21
     -0.13     -1.69     -2.21
     -0.13     -1.69     -2.21
     -0.13     -1.69     -2.68
     -0.13     -1.69     -2.68
     -0.13     -1.69     -2.68
     -0.13     -1.69     -2.68
     -0.13     -1.69     -3.16
     -0.13     -1.69     -3.16
      0.35     -1.69     -3.16
      0.35     -1.69     -3.64
      0.35     -2.17     -3.64
      0.35     -1.69     -4.12
      0.35     -1.69     -4.12
      0.35     -1.69     -4.12
      0.35     -1.69     -4.12
      0.35     -1.69     -4.12
      0.35     -1.69     -4.60
      0.35     -1.69     -4.60
      0.35     -1.69     -4.60
      0.35     -1.69     -4.60
      0.35     -1.69     -4.60
      0.35     -1.69     -4.60
      0.83     -2.17     -4.60
      0.35     -1.69     -4.60
      0.83     -1.69     -4.60
      0.35     -1.22     -4.60
      0.35     -1.22     -4.12
      0.35     -1.22     -4.12
      0.35     -1.69     -4.12
      0.35     -1.22     -4.12
      0.35     -1.22     -4.12
      0.35     -1.22     -3.64
     -0.13     -1.22     -3.64
     -0.13     -1.22     -3.64
     -0.13     -1.22     -3.64
     -0.13     -1.22     -3.16
     -0.13     -1.22     -3.16
     -0.13     -1.22     -2.68
     -0.13     -1.22     -2.68
     -0.61     -1.22     -2.68
     -0.61     -0.74     -2.68
     -0.61     -0.74     -2.21
     -0.61     -0.74     -2.21
     -0.61     -0.74     -2.21
     -0.61     -0.74     -1.73
     -0.61     -0.74     -1.25
     -0.61     -0.74     -1.25
     -0.61     -0.26     -1.25
     -0.61     -0.26     -0.77
     -1.09     -0.26     -0.77
     -1.09     -0.26     -0.29
     -0.61      0.22     -0.29
     -1.09      0.22     -0.29
     -0.61      0.22      0.19
     -1.09      0.22      0.19
     -1.09      0.22      0.19
     -0.61      0.22      0.67
     -1.09      0.22      0.67
     -0.61      0.22      0.67
     -1.09      0.22      1.14
     -1.09      0.22      1.14
     -0.61      0.22      1.62
     -0.61      0.22      1.62
     -0.61      0.70      2.10
     -0.61      0.70      2.10
     -0.61      0.70      2.10
     -0.61      0.70      2.58
     -0.61      0.70      2.58
     -0.61      0.70      2.58
     -0.61      1.18      2.58
     -0.61      1.18      3.06
     -0.61      1.18      3.06
     -0.13      1.18      3.06
     -0.13      1.66      3.06
     -0.13      1.66      3.06
     -0.13      1.66      3.06
     -0.13      1.66      3.54
     -0.13      1.66      3.06
     -0.13      2.13      3.54
     -0.13      2.13      3.54
     -0.13      2.61      3.54
     -0.13      2.61      3.54
     -0.13      2.61      3.54
     -0.13      2.61      3.54
      0.35      3.09      3.54
     -0.13      2.61      3.54
      0.35      3.09      3.54
     -0.13      3.57      3.54
      0.35      3.09      3.54
      0.35      3.57      3.54
      0.35      3.57      3.54
      0.35      3.57      3.54
      0.35      4.05      3.54
      0.35      3.57      3.54
      0.35      4.05      3.54
      0.35      4.05      3.54
      0.35      4.05      3.54
      0.35      4.05      3.54
      0.35      4.05      3.54
      0.35      4.05      3.06
      0.35      4.53      3.54
      0.35      4.53      3.54
      0.35      4.53      3.54
      0.35      4.53      3.54
      0.35      4.53      3.54
      0.35      4.53      3.54
      0.35      4.53      3.54
      0.35      4.53      3.54
      0.35      4.05      3.54
      0.35      4.05      3.54
      0.35      4.05      3.54
      0.35      4.05      3.54
      0.35      4.05      3.06
      0.35      3.57      3.54
     -0.13      4.05      3.06
      0.35      3.57      3.54
      0.35      3.57      3.54
     -0.13      3.57      3.06
      0.35      3.57      3.06
     -0.13      3.57      3.06
     -0.13      3.57      3.06
     -0.13      3.09      3.06
     -0.13      3.09      3.06
     -0.13      3.09      3.06
     -0.13      3.09      3.06
      0.35      3.09      2.58
     -0.13      3.09      2.58
      0.35      3.09      2.58
     -0.13      3.09      2.58
     -0.13      2.61      2.58
     -0.13      2.61      2.10
     -0.13      2.61      2.10
      0.35      2.61      1.62
     -0.13      2.61      1.62
     -0.13      2.61      1.62
     -0.13      2.13      1.14
     -0.13      2.13      0.67
     -0.13      2.13      1.14
     -0.13      2.13      0.67
     -0.13      2.13      0.67
     -0.13      2.13      0.67
     -0.13      1.66      0.19
     -0.13      1.66      0.19
     -0.13      1.66      0.19
     -0.13      1.18      0.19
     -0.13      1.18      0.19
      0.35      1.18      0.19
     -0.13      0.70      0.19
      0.35      0.70      0.19
     -0.13      0.70     -0.29
      0.35      0.22     -0.29
     -0.13      0.22     -0.29
     -0.13      0.22     -0.29
      0.35      0.22     -0.29
      0.35      0.22     -0.77
      0.35     -0.26     -0.77
      0.35     -0.26     -0.77
      0.35     -0.74     -0.77
      0.35     -0.74     -1.25
      0.35     -1.22     -1.25
      0.35     -1.22     -0.77
      0.35     -1.22     -1.25
     -0.13     -1.69     -1.25
      0.35     -1.69     -1.25
      0.35     -2.17     -1.25
      0.35     -2.65     -1.25
      0.35     -2.65     -1.25
      0.35     -2.65     -1.25
      0.35     -2.65     -1.25
      0.35     -3.13     -1.25
      0.35     -3.61     -1.73
      0.35     -3.61     -1.73
      0.35     -3.61     -1.73
      0.35     -4.09     -1.73
      0.35     -4.09     -1.73
      0.35     -4.57     -1.73
      0.35     -4.57     -1.73
      0.35     -4.57     -1.73
      0.35     -5.04     -1.73
     -0.13     -5.04     -1.73
      0.35     -5.52     -1.73
      0.35     -5.52     -1.73
      0.35     -5.52     -1.73
     -0.13     -6.00     -1.73
      0.35     -6.00     -2.21
      0.35     -6.00     -1.73
     -0.13     -6.00     -1.73
      0.35     -6.00     -1.73
      0.35     -6.00     -1.73
      0.35     -6.00     -2.21
      0.35     -6.48     -1.73
      0.35     -6.48     -2.21
      0.35     -6.48     -2.21
     -0.13     -6.48     -2.21
      0.35     -6.48     -2.21
      0.35     -6.48     -2.21
      0.35     -6.48     -2.68
      0.35     -6.48     -2.68
      0.35     -6.48     -2.68
     -0.13     -6.48     -2.21
     -0.13     -6.48     -2.68
      0.35     -6.48     -2.68
     -0.13     -6.48     -2.68
     -0.13     -6.48     -2.68
      0.35     -6.48     -2.68
      0.35     -6.48     -2.68
     -0.13     -6.48     -2.68
     -0.13     -6.00     -2.68
     -0.13     -6.00     -2.68
     -0.13     -6.48     -3.16
      0.35     -6.48     -2.68
      0.35     -6.00     -2.68
     -0.13     -6.00     -2.68
     -0.13     -5.52     -2.68
     -0.13     -5.52     -2.68
     -0.13     -5.52     -2.68
     -0.13     -5.52     -2.68
      0.35     -5.52     -2.68
     -0.13     -5.52     -2.68
      0.35     -5.04     -2.68
     -0.13     -5.04     -2.68
     -0.13     -5.04     -2.68
     -0.13     -5.04     -2.21
     -0.13     -5.04     -2.68
     -0.13     -4.57     -2.21
     -0.13     -4.57     -2.21
      0.35     -4.57     -2.21
      0.35     -4.57     -2.21
     -0.13     -4.09     -2.21
     -0.13     -4.09     -2.21
     -0.13     -4.09     -2.21
      0.35     -3.61     -1.73
     -0.13     -3.61     -1.73
      0.35     -3.61     -1.73
     -0.13     -3.13     -1.73
     -0.13     -3.13     -1.73
      0.35     -3.13     -1.25
      0.35     -2.65     -1.25
      0.35     -2.65     -1.25
      0.35     -2.65     -1.25
      0.35     -2.17     -0.77
     -0.13     -2.17     -0.77
      0.35     -2.17     -0.77
      0.35     -1.69     -0.77
      0.35     -1.69     -0.77
      0.35     -1.22     -0.29
      0.35     -1.22     -0.29
      0.35     -0.74     -0.29
      0.35     -0.74     -0.29
     -0.13     -0.26      0.19
      0.35      0.22      0.19
      0.35      0.22      0.19
     -0.13      0.22      0.19
     -0.13      0.22      0.19
     -0.13      0.22      0.19
     -0.13      0.70      0.19
      0.35      0.70      0.19
     -0.13      1.18      0.19
     -0.13      1.66      0.19
     -0.13      1.66      0.19
     -0.13      1.66      0.19
     -0.13      2.13      0.19
     -0.13      2.61      0.19
     -0.13      2.61      0.19
     -0.13      3.09      0.19
     -0.13      3.09      0.19
     -0.13      3.09      0.19
     -0.13      3.57      0.19
     -0.13      3.57      0.19
     -0.13      4.05      0.19
     -0.13      4.05      0.19
     -0.13      4.53      0.19
     -0.61      4.53      0.19
     -0.61      4.53      0.19
     -0.13      4.53      0.19
     -0.13      5.01      0.19
     -0.13      5.01      0.19
     -0.61      5.01      0.19
     -0.13      5.01      0.67
     -0.61      5.48      0.67
     -0.61      5.48      0.67
     -0.61      5.48      0.19
     -0.61      5.96      0.19
     -0.13      5.96      0.67
     -0.61      5.96      0.67
     -0.61      5.96      0.67
     -0.13      5.96      0.67
     -0.61      5.96      0.67
     -0.61      5.96      0.67
     -0.13      6.44      0.67
     -0.61      6.44      1.14
     -0.61      6.44      0.67
     -0.13      5.96      1.14
     -0.61      6.44      1.14
     -0.13      6.44      1.14
     -0.13      5.96      1.62
     -0.13      5.96      1.14
     -0.13      5.96      1.62
     -0.13      5.96      1.62
     -0.13      5.96      1.62
     -0.13      5.96      1.62
     -0.13      5.96      1.62
     -0.13      5.96      1.62
     -0.13      5.48      1.62
     -0.13      5.48      2.10
     -0.13      5.48      2.10
     -0.13      5.48      2.10
     -0.13      5.01      2.10
     -0.13      5.01      2.10
     -0.13      5.01      2.10
     -0.13      5.01      2.10
     -0.13      4.53      2.10
     -0.13      4.53      2.10
     -0.13      4.53      2.10
      0.35      4.53      2.58
     -0.13      4.05      2.58
     -0.13      4.05      2.58
     -0.13      4.05      2.58
     -0.13      4.05      2.58
     -0.13      4.05      2.10
     -0.13      3.57      2.58
     -0.13      3.57      2.10
     -0.13      3.57      2.10
     -0.13      3.57      2.58
     -0.13      3.57      2.58
     -0.13      3.09      2.58
     -0.13      3.09      2.58
     -0.13      3.09      2.58
     -0.13      2.61      2.10
     -0.13      2.61      2.58
     -0.13      2.61      2.58
     -0.61      2.13      2.58
     -0.61      2.13      2.58
     -0.61      2.13      2.58
     -0.13      1.66      2.58
     -0.61      1.66      2.58
     -0.61      1.66      2.58
     -0.61      1.18      2.58
     -0.13      1.18      2.58
     -0.61      0.70      2.58
     -0.13      0.22      2.58
     -0.61      0.70      2.58
     -0.13      0.22      2.58
     -0.13      0.22      2.58
     -0.61      0.22      3.06
     -0.13      0.22      2.58
     -0.13      0.22      3.06
     -0.13     -0.26      2.58
     -0.13     -0.26      3.06
     -0.13     -0.74      3.06
     -0.13     -0.74      3.06
     -0.13     -1.22      3.06
     -0.13     -1.22      3.06
     -0.61     -1.22      3.06
     -0.13     -1.22      3.06
     -0.61     -1.69      2.58
     -0.13     -1.69      3.06
     -0.13     -1.69      3.06
     -0.13     -1.69      2.58
     -0.13     -2.17      3.06
     -0.13     -2.17      3.06
     -0.13     -2.17      2.58
     -0.13     -2.17      2.58
      0.35     -2.65      2.58
     -0.13     -2.65      2.58
      0.35     -2.65      2.58
      0.35     -2.65      2.10
      0.35     -3.13      2.58
      0.35     -3.13      2.10
      0.35     -3.13      2.10
      0.35     -3.13      2.10
      0.35     -3.13      2.10
      0.35     -3.61      1.62
      0.35     -3.61      2.10
      0.83     -3.61      1.62
      0.35     -3.61      1.62
      0.35     -3.61      1.62
      0.83     -3.61      1.14
      0.83     -3.61      1.14
      0.83     -3.61      1.14
      0.83     -3.61      0.67
      0.83     -3.61      0.67
      0.83     -3.61      0.67
      0.83     -3.61      0.67
      0.83     -4.09      0.67
      0.83     -4.09      0.19
      0.83     -4.09      0.19
      0.83     -3.61      0.19
      0.83     -4.09      0.19
      0.83     -3.61      0.19
      0.83     -4.09      0.19
      0.83     -4.09      0.19
      0.83     -3.61     -0.29
      0.83     -4.09     -0.29
      0.83     -4.09     -0.29
      0.83     -4.09     -0.77
      0.83     -4.09     -0.77
      0.83     -4.09     -0.77
      0.35     -4.09     -0.77
      0.35     -3.61     -0.77
      0.35     -4.09     -0.77
      0.35     -3.61     -1.25
      0.35     -3.61     -1.25
      0.35     -4.09     -1.25
      0.35     -3.61     -1.25
      0.35     -3.61     -1.73
      0.35     -3.61     -1.73
      0.35     -3.13     -1.73
      0.35     -3.61     -1.73
     -0.13     -3.61     -1.73
     -0.13     -3.13     -1.73
     -0.13     -3.13     -2.68
     -0.13     -3.13     -2.21
     -0.13     -3.13     -2.21
     -0.13     -2.65     -2.21
      0.35     -2.65     -2.21
     -0.61     -2.65     -2.68
     -0.13     -2.65     -2.68
     -0.13     -2.65     -2.68
     -0.13     -2.17     -2.68
     -0.13     -2.17     -2.68
      0.35     -2.17     -3.16
     -0.13     -1.69     -3.16
     -0.13     -1.69     -3.16
     -0.13     -1.69     -3.16
     -0.13     -1.69     -3.16
     -0.13     -1.22     -3.16
      0.35     -1.22     -3.64
     -0.13     -1.22     -3.64
     -0.13     -1.22     -3.64
      0.35     -0.74     -3.64
      0.35     -0.74     -3.64
     -0.13     -0.26     -3.64
     -0.61     -0.26     -3.64
     -0.13      0.22     -4.12
     -0.13      0.22     -4.12
     -0.13      0.22     -4.12
      0.35      0.22     -4.12
     -0.13      0.22     -4.12
      0.35      0.22     -4.12
     -0.13      0.22     -4.12
     -0.13      0.70     -4.12
      0.35      0.70     -4.60
     -0.13      0.70     -4.60
     -0.13      0.70     -4.60
     -0.13      0.70     -5.08
     -0.13      1.18     -4.60
     -0.13      1.18     -5.08
     -0.13      1.18     -5.08
     -0.13      1.18     -5.08
     -0.13      1.66     -5.08
     -0.13      1.66     -4.60
     -0.13      1.66     -4.60
      0.35      1.66     -4.60
     -0.13      1.66     -4.60
     -0.61      1.66     -5.08
     -0.13      1.66     -4.60
     -0.13      1.66     -4.60
     -0.13      2.13     -4.60
     -0.13      2.13     -4.60
     -0.13      2.13     -5.08
     -0.13      2.13     -4.60
     -0.13      2.61     -4.60
     -0.61      2.61     -4.60
     -0.13      2.61     -4.60
     -0.13      2.61     -4.60
     -0.13      2.61     -4.60
     -0.13      2.61     -4.60
     -0.13      3.09     -4.12
     -0.13      3.09     -4.12
     -0.13      3.09     -4.60
     -0.13      2.61     -4.60
     -0.13      3.09     -4.12
     -0.13      3.09     -4.12
     -0.13      3.09     -4.12
     -0.13      3.57     -3.64
     -0.13      3.09     -3.64
     -0.13      3.09     -3.64
     -0.13      3.09     -3.64
     -0.13      3.57     -3.64
     -0.13      3.57     -3.64
     -0.13      3.57     -3.16
     -0.13      3.57     -3.16
     -0.13      3.57     -3.16
     -0.13      3.09     -3.16
     -0.13      3.09     -2.68
     -0.13      3.57     -2.68
      0.35      3.09     -2.68
     -0.61      3.57     -2.68
     -0.13      3.57     -2.21
     -0.13      3.57     -2.21
     -0.13      3.57     -2.21
      0.35      3.57     -1.73
     -0.61      3.57     -1.73
     -0.13      3.09     -1.73
      0.35      3.57     -1.73
     -0.13      3.09     -1.25
      0.35      3.09     -1.25
      0.35      3.09     -1.25
      0.35      3.09     -1.25
      0.35      3.09     -1.25
     -0.13      2.61     -0.77
      0.35      2.61     -0.77
     -0.13      2.61     -0.77
      0.35      2.61     -0.77
     -0.13      2.61     -0.29
      0.35      2.61     -0.29
      0.35      2.13     -0.29
      0.35      1.66      0.19
      0.35      2.13      0.19
      0.35      2.13      0.19
      0.35      1.66      0.19
      0.35      2.13      0.19
      0.35      1.66      0.19
      0.35      1.18      0.67
      0.35      1.66      0.67
      0.35      1.18      0.67
      0.35      1.18      0.67
      0.35      1.18      1.14
      0.35      0.70      1.14
      0.35      0.70      1.62
      0.35      0.70      1.62
      0.35      0.70      2.10
      0.35      0.22      2.10
      0.35      0.22      2.10
      0.35      0.22      2.10
      0.35      0.22      2.58
      0.35      0.22      2.58
      0.83     -0.26      3.06
      0.35     -0.26      3.06
      0.35     -0.74      3.06
      0.35     -0.26      3.54
      0.35     -0.74      3.54
      0.35     -1.22      4.02
      0.35     -1.22      4.02
      0.35     -1.22      4.02
      0.35     -1.22      4.49
      0.35     -1.69      4.49
      0.35     -1.69      4.97
      0.35     -1.69      4.97
      0.35     -1.69      4.97
      0.35     -1.69      4.97
     -0.13     -2.17      5.45
     -0.13     -2.17      5.45
     -0.13     -2.65      5.45
     -0.13     -2.65      5.93
      0.35     -3.13      5.93
      0.35     -3.13      5.93
     -0.13     -3.13      5.93
      0.35     -3.13      5.93
     -0.13     -3.61      5.93
     -0.13     -3.61      6.41
     -0.13     -3.61      5.93
     -0.13     -3.61      5.93
     -0.13     -4.09      6.41
     -0.13     -4.09      6.41
     -0.13     -4.09      6.41
     -0.13     -4.57      6.41
     -0.61     -4.57      6.41
     -0.13     -5.04      6.41
     -0.13     -4.57      5.45
     -0.13     -4.57      5.93
     -0.13     -5.04      6.41
     -0.13     -5.04      5.93
     -0.13     -5.04      5.93
     -0.13     -5.04      5.93
     -0.13     -5.04      5.93
     -0.13     -5.04      5.93
     -0.13     -5.04      5.93
     -0.13     -5.04      5.93
     -0.13     -5.04      5.93
     -0.13     -5.04      5.45
     -0.13     -5.52      5.45
     -0.13     -5.52      5.45
     -0.13     -5.52      5.45
     -0.13     -5.52      4.97
     -0.13     -5.52      4.97
     -0.13     -5.52      4.49
     -0.13     -5.52      4.97
     -0.13     -5.52      4.49
     -0.13     -5.04      4.49
     -0.13     -5.04      4.02
     -0.61     -5.04      4.02
     -0.13     -5.04      4.02
     -0.13     -5.52      3.54
     -0.13     -5.04      3.54
     -0.13     -5.04      3.54
     -0.13     -5.04      3.54
     -0.13     -5.04      3.06
     -0.13     -5.04      3.06
     -0.61     -5.04      3.06
     -0.61     -5.04      3.06
     -0.61     -4.57      2.58
     -0.61     -5.04      2.58
     -0.61     -4.57      2.58
     -0.61     -4.57      2.10
     -0.61     -4.09      2.10
     -0.61     -4.09      1.62
     -0.61     -4.09      1.62
     -0.61     -4.09      1.62
     -0.61     -4.09      1.62
     -1.09     -4.09      1.62
     -0.61     -3.61      1.14
     -0.61     -3.61      1.14
     -0.61     -3.61      1.14
     -0.61     -3.61      0.67
     -0.61     -3.13      0.67
     -0.61     -3.13      0.67
     -0.61     -2.65      0.19
     -0.61     -2.65      0.19
     -0.61     -2.65      0.19
     -0.61     -2.17      0.19
     -0.61     -2.17      0.19
     -0.61     -1.69      0.19
     -0.61     -1.69     -0.29
     -0.61     -1.69     -0.77
     -1.09     -1.22     -0.77
     -0.61     -1.22     -0.77
     -0.61     -1.22     -0.77
     -0.61     -0.74     -1.25
     -0.61     -0.74     -1.25
     -0.61     -0.74     -1.25
     -0.61     -0.26     -1.73
     -0.13     -0.26     -1.73
     -0.61      0.22     -1.73
     -0.61      0.22     -2.68
     -0.13      0.22     -2.21
     -0.61      0.22     -2.68
     -0.13      0.70     -2.68
     -0.13      0.70     -2.68
     -0.13      1.18     -3.16
     -0.13      0.70     -3.16
     -0.13      1.18     -3.16
      0.35      1.18     -3.16
     -0.13      1.66     -3.16
     -0.13      1.66     -3.64
      0.35      1.66     -3.64
      0.35      1.66     -3.64
      0.35      2.13     -3.64
      0.35      2.13     -4.12
      0.35      2.61     -4.12
      0.35      2.61     -4.12
      0.35      3.09     -4.12
      0.35      3.09     -4.12
      0.35      3.09     -4.60
      0.35      3.09     -4.60
      0.35      3.57     -4.12
      0.35      3.57     -4.60
      0.35      3.57     -4.12
      0.35      3.57     -4.60
      0.35      4.05     -4.60
      0.35      4.05     -4.60
      0.83      4.05     -4.60
      0.35      4.53     -4.12
      0.35      4.53     -4.60
      0.35      4.53     -4.12
      0.35      4.53     -4.12
      0.35      4.53     -4.12
      0.35      4.53     -4.12
      0.35      5.01     -4.12
      0.35      5.01     -4.12
      0.35      5.01     -4.12
      0.35      5.01     -4.12
      0.35      5.48     -4.12
     -0.13      5.48     -3.64
     -0.13      5.48     -3.64
     -0.13      5.48     -3.64
      0.35      5.48     -3.64
     -0.13      5.48     -3.64
     -0.13      5.48     -3.64
      0.35      5.48     -3.64
     -0.13      5.48     -3.16
     -0.13      5.48     -3.16
     -0.13      5.48     -3.16
     -0.13      5.48     -3.16
     -0.13      5.48     -3.16
     -0.13      5.48     -3.16
     -0.13      5.48     -3.16
     -0.13      5.96     -3.16
     -0.13      5.48     -2.68
     -0.13      5.48     -2.68
     -0.13      5.48     -2.68
      0.35      5.48     -2.68
     -0.13      5.48     -2.68
     -0.13      5.48     -2.21
      0.35      5.48     -2.21
      0.35      5.48     -2.21
      0.35      5.48     -2.21
      0.35      5.48     -2.21
      0.35      5.01     -1.73
      0.35      5.01     -1.73
      0.35      4.53     -1.73
      0.35      4.53     -1.73
      0.35      4.53     -1.25
      0.35      4.53     -1.25
      0.35      4.53     -1.25
      0.35      4.05     -1.25
      0.83      4.05     -0.77
      0.35      4.05     -1.25
      0.35      3.57     -0.77
      0.35      3.57     -0.77
      0.35      3.57     -0.77
      0.35      3.57     -0.29
      0.35      3.09     -0.29
      0.35      3.09     -0.77
      0.35      3.09      0.19
      0.35      3.09      0.19
      0.83      2.61      0.19
      0.35      2.61      0.19
      0.35      2.61      0.19
      0.35      2.13      0.19
      0.35      2.13      0.19
      0.35      2.13      0.19
      0.35      2.13      0.67
      0.35      1.66      0.67
      0.35      1.66      0.67
      0.35      1.18      0.67
     -0.13      1.18      1.14
      0.35      1.18      1.14
      0.35      1.18      1.14
     -0.13      0.70      1.14
     -0.13      0.70      1.62
     -0.13      0.22      1.62
     -0.13      0.22      1.62
     -0.13      0.22      1.62
     -0.13      0.22      1.62
     -0.13      0.22      1.62
     -0.13      0.22      1.62
     -0.13     -0.26      2.10
     -0.61     -0.26      2.10
     -0.13     -0.74      2.10
     -0.13     -0.74      2.10
     -0.61     -1.22      2.58
     -0.61     -1.22      2.58
     -0.61     -1.22      2.58
     -0.13     -1.69      2.58
     -0.61     -1.69      2.58
     -0.61     -1.69      2.58
     -0.61     -2.17      3.06
     -0.13     -2.17      3.06
     -0.61     -2.17      2.58
     -0.61     -2.65      3.06
     -0.61     -2.65      3.06
     -0.61     -2.65      3.06
     -0.61     -2.65      3.06
     -0.61     -3.13      3.06
     -0.61     -3.13      3.06
     -0.61     -3.13      3.06
     -0.61     -3.13      3.06
     -0.61     -3.61      3.06
     -0.61     -3.61      3.06
     -0.61     -3.61      3.06
     -0.61     -3.61      3.06
     -0.61     -4.09      3.06
     -0.61     -4.09      3.06
     -0.61     -4.09      3.54
     -0.61     -4.09      3.06
     -0.61     -4.09      3.06
     -0.13     -4.09      2.58
     -0.61     -4.57      3.06
     -0.13     -4.57      2.58
     -0.13     -4.57      2.58
     -0.13     -4.57      2.58
     -0.13     -5.04      2.58
     -0.13     -4.57      2.58
     -0.13     -5.04      3.06
     -0.13     -5.04      2.58
     -0.13     -5.04      2.58
     -0.13     -5.04      2.58
      0.35     -5.04      2.58
     -0.13     -5.04      2.10
      0.35     -5.04      2.10
     -0.13     -5.04      2.10
      0.35     -5.04      2.58
      0.35     -5.04      2.10
      0.35     -5.04      2.10
      0.35     -5.04      2.10
      0.35     -5.04      2.10
      0.35     -5.04      2.10
      0.35     -5.04      2.10
      0.35     -5.04      2.10
      0.35     -4.57      2.10
      0.35     -5.04      2.10
      0.35     -4.57      2.10
      0.35     -4.57      2.10
      0.35     -4.57      2.10
      0.35     -4.57      2.10
      0.35     -4.57      2.10
      0.35     -5.04      1.62
      0.35     -4.09      2.10
      0.35     -4.57      2.10
      0.83     -4.57      1.62
      0.35     -4.09      1.62
      0.35     -4.09      1.62
      0.35     -4.09      1.62
      0.35     -4.09      1.62
      0.35     -4.09      1.62
      0.35     -3.61      1.62
      0.35     -3.61      1.62
      0.35     -3.61      1.62
      0.35     -3.61      1.14
      0.35     -3.13      1.14
      0.35     -3.13      1.14
      0.35     -3.13      1.14
      0.35     -2.65      1.14
      0.35     -2.65      1.14
     -0.13     -2.65      0.67
     -0.13     -2.65      0.67
     -0.13     -2.65      0.67
      0.35     -2.17      0.19
     -0.13     -2.17      0.67
     -0.13     -2.17      0.19
     -0.13     -1.69      0.19
      0.35     -1.69      0.19
     -0.13     -1.22      0.19
     -0.13     -1.22      0.19
     -0.13     -1.22      0.19
     -0.13     -1.22      0.19
     -0.13     -0.74      0.19
     -0.13     -0.74      0.19
     -0.13     -0.74     -0.29
     -0.13     -0.74     -0.29
     -0.13     -0.26     -0.29
     -0.13     -0.26     -0.29
     -0.13     -0.26     -0.77
     -0.13      0.22     -0.77
     -0.13      0.22     -0.77
     -0.13      0.22     -0.77
     -0.13      0.22     -0.77
     -0.13      0.22     -0.77
     -0.13      0.22     -0.77
     -0.13      0.22     -1.25
     -0.13      0.22     -1.25
     -0.13      0.70     -1.25
     -0.13      0.70     -1.25
     -0.13      0.70     -1.25
     -0.13      0.70     -1.25
      0.35      0.70     -1.25
     -0.13      1.18     -1.73
      0.35      1.18     -1.73
      0.35      1.18     -1.73
      0.35      1.18     -1.73
      0.35      1.66     -1.73
      0.35      1.66     -1.73
      0.35      1.66     -1.73
      0.35      1.66     -1.73
      0.35      2.13     -2.21
      0.35      1.66     -1.73
      0.35      2.13     -2.21
      0.35      2.13     -1.73
      0.35      2.61     -2.21
      0.35      2.61     -1.73
      0.35      2.61     -2.68
      0.35      2.61     -2.21
      0.35      2.61     -2.21
      0.35      3.09     -2.21
      0.35      2.61     -2.21
      0.83      3.09     -2.21
      0.35      3.09     -2.21
      0.35      3.09     -2.68
      0.35      3.09     -2.21
      0.35      3.09     -2.68
      0.35      3.09     -2.68
      0.35      3.09     -2.68
      0.35      3.57     -2.68
      0.35      3.57     -2.68
      0.35      3.57     -2.68
      0.35      3.57     -2.68
      0.35      3.57     -2.68
      0.35      3.57     -2.68
      0.35      3.57     -2.68
      0.35      3.57     -2.68
      0.35      3.57     -2.68
     -0.13      3.57     -2.68
      0.35      3.57     -2.21
     -0.13      3.57     -2.68
     -0.13      3.57     -2.68
     -0.13      3.57     -2.68
     -0.13      3.57     -2.68
     -0.13      3.57     -2.21
     -0.13      3.57     -2.68
     -0.13      3.57     -2.68
     -0.13      3.57     -2.21
     -0.61      3.57     -2.68
     -0.61      3.09     -2.21
     -0.61      3.09     -2.68
     -0.61      3.09     -2.68
     -0.61      3.09     -2.68
     -0.61      3.09     -2.21
     -0.61      3.09     -2.68
     -0.61      2.61     -2.68
     -0.61      3.09     -2.68
     -0.13      2.61     -3.16
     -0.13      2.61     -2.21
     -0.61      2.61     -2.68
     -0.13      2.61     -2.68
     -0.13      2.61     -2.21
     -0.13      1.66     -2.68
     -0.13      2.61     -2.68
     -0.13      2.13     -2.68
      0.35      1.66     -2.21
      0.35      1.66     -2.21
      0.35      1.66     -2.21
      0.35      1.66     -2.21
      0.35      1.66     -2.21
      0.35      1.66     -2.21
      0.35      1.66     -2.21
      0.35      1.18     -2.21
      0.35      1.18     -2.21
      0.35      1.18     -1.73
      0.35      1.18     -2.21
      0.35      1.18     -2.21
      0.35      1.18     -1.73
      0.35      1.18     -1.73
      0.35      0.70     -1.73
      0.35      0.70     -1.73
      0.35      0.70     -1.73
      0.35      0.70     -1.73
      0.35      0.22     -1.73
      0.35      0.70     -1.73
      0.35      0.70     -1.73
      0.35      0.22     -1.25
      0.35      0.22     -1.73
      0.35      0.22     -1.25
      0.35      0.22     -1.73
      0.35      0.22     -1.73
      0.35      0.22     -1.25
     -0.13      0.22     -1.25
      0.35      0.22     -1.25
     -0.13      0.22     -2.21
      0.35     -0.26     -1.25
     -0.13     -0.26     -1.25
     -0.13     -0.26     -1.25
     -0.13      0.22     -1.25
     -0.13     -0.26     -1.25
      0.35     -0.26     -1.25
     -0.13      0.22     -0.77
     -0.13     -0.26     -1.25
     -0.13     -0.26     -0.77
     -0.61     -0.26     -0.77
     -0.13     -0.26     -0.77
     -0.13     -0.26     -0.77
     -0.13     -0.74     -0.77
     -0.13     -0.74     -0.77
     -0.13     -0.74     -0.77
     -0.13     -0.74     -0.77
     -0.13     -0.74     -0.77
     -0.13     -0.74     -0.77
     -0.13     -0.74     -0.77
     -0.13     -0.74     -0.29
     -0.13     -0.74     -0.29
     -0.13     -1.22     -0.29
     -0.13     -0.74     -0.29
     -0.13     -0.74     -0.29
     -0.13     -1.22     -0.29
      0.35     -1.22     -0.29
     -0.13     -1.22      0.19
     -0.13     -0.74      0.19
     -0.13     -1.22     -0.29
     -0.13     -1.22      0.19
     -0.13     -1.22      0.19
     -0.13     -1.22      0.19
     -0.13     -1.22      0.19
     -0.13     -1.69      0.19
     -0.13     -1.22      0.19
      0.35     -1.22      0.19
      0.35     -1.22      0.19
      0.35     -1.69      0.67
      0.35     -1.69      0.19
      0.35     -1.69      0.67
      0.35     -1.69      0.67
      0.35     -1.69      0.67
      0.35     -1.69      0.67
      0.35     -1.69      0.67
      0.35     -1.69      0.67
      0.35     -1.69      0.67
      0.35     -1.69      1.14
      0.35     -1.69      1.14
      0.35     -1.69      1.14
      0.35     -1.69      1.14
      0.35     -1.69      1.14
      0.83     -1.69      1.14
      0.83     -2.17      1.14
      0.35     -2.65      1.14
      0.35     -2.17      1.14
      0.35     -2.17      1.14
      0.35     -2.65      1.62
      0.35     -2.17      1.62
      0.35     -2.17      1.14
      0.35     -2.17      1.14
      0.35     -2.17      1.62
      0.83     -2.17      1.14
      0.35     -2.17      1.62
      0.35     -2.65      1.62
      0.35     -2.17      1.62
      0.35     -2.17      1.62
      0.35     -2.65      1.62
      0.35     -1.69      1.62
      0.35     -2.65      1.62
      0.35     -1.69      1.62
     -0.13     -2.17      1.62
      0.35     -2.17      1.62
     -0.13     -2.17      2.10
     -0.13     -1.69      2.10
     -0.13     -1.69      2.10
     -0.13     -1.69      1.62
      0.35     -1.69      2.10
     -0.13     -2.17      2.58
     -0.13     -2.17      2.58
     -0.13     -1.69      2.58
     -0.13     -1.69      2.58
     -0.13     -1.69      2.58
     -0.13     -1.69      2.58
     -0.13     -2.17      2.58
     -0.61     -1.69      2.58
     -1.09     -1.69      3.06
     -0.61     -1.69      3.06
     -0.13     -2.17      3.06
     -0.61     -1.69      2.58
     -0.13     -1.69      3.06
     -0.61     -1.22      3.06
     -0.61     -1.22      3.06
     -0.13     -1.69      3.06
     -0.61     -1.69      3.06
     -0.61     -1.69      3.06
     -0.13     -1.22      3.06
     -0.13     -1.22      3.06
     -0.61     -1.22      3.06
     -0.13     -1.22      3.06
     -0.13     -1.22      3.06
     -0.13     -1.22      3.06
     -0.13     -1.22      3.06
     -0.13     -1.22      3.54
     -0.13     -1.22      3.06
     -0.13     -1.22      3.06
     -0.13     -1.22      3.06
     -0.13     -1.22      3.06
     -0.13     -1.22      3.06
     -0.13     -1.22      3.06
     -0.13     -1.22      3.06
     -0.13     -1.22      3.06
     -0.13     -1.69      3.06
     -0.13     -0.74      3.06
     -0.13     -0.74      3.06
     -0.13     -0.74      3.06
     -0.13     -0.74      3.06
     -0.13     -1.22      3.06
     -0.13     -0.74      2.58
     -0.13     -1.22      3.06
     -0.13     -1.22      2.58
     -0.13     -1.22      2.58
     -0.13     -1.22      2.58
     -0.13     -0.74      2.58
     -0.13     -0.74      2.58
     -0.13     -1.22      2.58
     -0.13     -0.74      2.58
     -0.13     -1.22      2.58
     -0.13     -0.74      2.58
     -0.13     -0.74      2.58
     -0.13     -0.74      2.58
     -0.13     -0.74      2.58
     -0.13     -0.74      2.58
     -0.13     -0.74      2.10
     -0.13     -0.74      2.10
     -0.13     -0.74      2.10
     -0.13     -0.74      2.10
     -0.13     -0.74      2.10
     -0.13     -0.74      2.10
     -0.13     -0.74      2.10
     -0.13     -0.26      2.10
     -0.13     -0.74      1.62
     -0.13     -0.74      1.62
     -0.13     -0.74      1.62
     -0.13     -0.74      1.62
     -0.13     -0.26      1.62
     -0.13     -0.26      1.62
     -0.13     -0.26      1.14
     -0.13     -0.26      1.14
     -0.13     -0.26      1.14
     -0.13     -0.26      1.14
     -0.13      0.22      0.67
     -0.13     -0.26      0.67
     -0.13      0.22      0.67
      0.35      0.22      0.67
     -0.13      0.22      0.19
     -0.13      0.22      0.19
     -0.13      0.22      0.19
     -0.13      0.22      0.19
     -0.13      0.22      0.19
     -0.13      0.22      0.19
     -0.13      0.22      0.19
     -0.13      0.22     -0.29
     -0.13      0.22     -0.29
     -0.13      0.22     -0.77
     -0.13      0.22     -0.29
     -0.13      0.70     -0.77
     -0.13      0.22     -0.77
     -0.13      0.70     -0.77
     -0.13      0.70     -1.25
     -0.13      0.70     -1.25
     -0.13      0.70     -1.25
     -0.13      0.70     -1.25
     -0.13      0.70     -1.73
     -0.13      0.70     -1.73
     -0.13      0.70     -1.73
     -0.13      1.18     -2.21
     -0.13      0.70     -2.21
      0.35      0.70     -2.21
     -0.13      0.70     -2.21
     -0.13      0.70     -2.21
     -0.13      1.18     -2.68
     -0.13      1.18     -2.68
     -0.13      1.18     -2.68
     -0.13      1.18     -2.68
     -0.13      0.70     -2.68
     -0.13      1.18     -2.68
     -0.13      1.66     -3.16
     -0.13      1.66     -3.16
     -0.13      1.66     -3.16
      0.35      1.66     -3.64
     -0.13      1.66     -3.16
     -0.13      1.66     -3.16
     -0.13      1.66     -3.16
     -0.13      1.66     -3.64
     -0.13      1.66     -3.64
     -0.13      1.66     -3.64
     -0.13      1.66     -3.64
     -0.13      2.13     -3.64
     -0.13      2.13     -3.64
      0.35      2.13     -3.64
      0.35      2.13     -3.64
      0.35      2.13     -3.64
     -0.13      2.13     -3.64
      0.35      2.13     -3.64
     -0.13      2.13     -3.64
      0.35      2.13     -3.64
      0.35      2.13     -3.64
      0.35      2.13     -3.64
      0.35      2.13     -3.64
      0.35      2.13     -3.64
      0.35      2.13     -3.64
      0.35      2.13     -3.16
      0.35      2.13     -3.64
      0.35      2.13     -3.64
      0.35      2.13     -3.16
      0.35      2.13     -3.16
      0.35      2.13     -3.16
      0.35      2.61     -3.16
      0.35      2.13     -3.16
      0.35      2.13     -3.16
      0.35      2.13     -3.16
      0.35      2.13     -3.16
      0.35      2.13     -2.68
      0.35      2.13     -2.68
     -0.13      2.13     -2.68
      0.35      2.13     -2.21
      0.35      2.13     -2.68
      0.35      2.13     -2.21
      0.35      2.13     -2.68
     -0.13      2.13     -2.21
      0.35      2.13     -2.21
      0.35      1.66     -2.21
      0.83      1.66     -1.73
      0.35      1.66     -2.21
      0.35      1.66     -2.21
      0.35      1.66     -1.73
      0.35      1.66     -1.73
      0.35      1.66     -1.73
      0.35      1.66     -1.25
      0.35      1.66     -1.25
      0.35      1.66     -1.25
      0.35      1.66     -0.77
      0.35      1.66     -0.77
      0.35      1.18     -0.77
      0.35      1.18     -0.77
      0.35      0.70     -0.77
      0.35      1.18     -0.29
      0.35      1.18     -0.29
      0.35      1.18      0.19
      0.35      1.18      0.19
      0.35      1.18      0.19
     -0.13      0.70      0.19
      0.35      1.18      0.19
      0.35      1.18      0.19
     -0.13      1.18      0.19
     -0.13      0.70      0.67
     -0.13      0.70      0.67
      0.35      0.70      1.14
     -0.13      0.70      1.14
     -0.13      0.70      1.14
     -0.13      0.70      1.14
     -0.13      0.22      1.62
     -0.13      0.22      1.62
     -0.13      0.22      1.62
     -0.13      0.22      2.10
     -0.13      0.22      2.10
      0.35      0.22      2.58
     -0.13      0.22      2.58
     -0.13      0.22      2.58
     -0.13      0.22      2.58
     -0.13      0.22      2.58
     -0.13      0.22      3.06
     -0.13      0.22      3.54
     -0.13      0.22      3.54
     -0.13      0.22      3.54
     -0.13     -0.26      4.02
     -0.13     -0.26      4.02
     -0.13     -0.26      4.02
     -0.13     -0.26      4.02
     -0.13     -0.26      4.02
     -0.13     -0.74      4.49
     -0.13     -0.74      4.49
     -0.13     -0.74      4.49
      0.35     -0.74      4.49
      0.35     -0.74      4.49
     -0.13     -0.74      4.49
     -0.13     -0.74      4.97
      0.35     -0.74      4.49
      0.35     -0.74      4.49
      0.35     -0.74      4.49
      0.35     -0.74      4.49
      0.35     -1.22      4.97
      0.35     -1.22      4.49
      0.35     -1.22      4.49
      0.35     -1.22      4.49
      0.35     -1.22      4.49
      0.35     -1.22      4.49
     -0.13     -1.22      4.49
      0.35     -1.22      4.49
      0.35     -1.69      4.49
      0.35     -1.69      4.49
      0.35     -1.69      4.49
      0.35     -1.22      4.49
      0.35     -1.69      4.02
      0.35     -1.69      4.02
      0.35     -1.69      4.02
      0.35     -1.69      4.02
      0.35     -1.69      3.54
      0.35     -1.69      3.54
      0.35     -1.69      3.54
      0.35     -1.22      3.54
      0.35     -1.69      3.06
      0.35     -1.69      3.06
      0.35     -1.69      3.06
      0.35     -1.69      3.06
     -0.13     -1.69      3.06
     -0.13     -1.69      2.10
      0.35     -1.69      2.58
      0.35     -1.69      2.10
      0.35     -1.69      2.10
      0.35     -1.69      2.10
     -0.61     -1.69      2.10
     -0.13     -1.69      1.62
     -0.13     -1.69      1.62
     -0.13     -1.69      1.62
     -0.13     -1.69      1.14
     -0.13     -1.22      1.14
     -0.13     -1.69      0.67
     -0.13     -1.22      0.67
     -0.13     -1.69      0.67
     -0.13     -1.69      0.67
     -0.13     -1.22      0.67
     -0.13     -1.22      0.19
     -0.13     -1.22      0.19
     -0.13     -1.22      0.19
     -0.61     -1.22      0.19
     -0.61     -2.17      0.19
     -0.61     -1.22     -0.29
     -0.61     -1.22     -0.29
     -0.61     -1.22     -0.29
     -0.61     -1.22     -0.29
     -0.13     -1.22     -0.77
     -0.61     -1.69     -0.77
     -0.61     -1.22     -1.25
     -0.61     -1.22     -1.25
     -0.61     -1.69     -1.25
     -0.61     -1.22     -1.25
     -0.61     -1.22     -1.25
     -0.61     -1.22     -1.73
     -0.61     -1.22     -1.73
     -0.61     -0.74     -1.73
     -0.61     -1.22     -1.73
     -0.61     -0.74     -1.73
     -0.61     -0.74     -2.21
     -0.13     -0.74     -2.21
     -0.61     -0.74     -2.21
     -0.13     -0.74     -2.21
     -0.61     -0.74     -2.21
     -0.13     -0.74     -2.68
     -0.13     -0.26     -2.68
     -0.13     -0.74     -2.68
     -0.13     -0.74     -2.68
     -0.13     -0.26     -2.68
     -0.13     -0.74     -2.68
     -0.13     -0.74     -2.68
     -0.13     -0.26     -3.16
     -0.13     -0.74     -3.16
     -0.13     -0.74     -3.16
     -0.13     -0.26     -3.64
     -0.13     -0.26     -3.64
     -0.13     -0.26     -3.16
     -0.13     -0.26     -3.64
      0.35     -0.26     -3.64
     -0.13     -0.26     -3.64
     -0.13     -0.26     -3.64
      0.35     -0.26     -3.64
      0.35      0.22     -3.64
      0.35     -0.26     -3.16
      0.35     -0.26     -3.64
     -0.13      0.22     -3.64
      0.35      0.22     -3.64
      0.35     -0.26     -3.64
     -0.13      0.22     -3.64
     -0.13     -0.26     -3.64
     -0.13      0.22     -3.64
     -0.13      0.22     -3.16
     -0.13      0.22     -3.64
     -0.13      0.22     -3.64
     -0.13      0.22     -3.64
      0.35      0.22     -3.64
     -0.13     -0.26     -3.16
     -0.13      0.22     -3.16
     -0.13      0.22     -3.16
     -0.13      0.22     -3.16
     -0.13     -0.26     -3.16
     -0.13     -0.26     -3.16
     -0.13      0.22     -2.68
     -0.13     -0.26     -3.16
     -0.13     -0.26     -2.68
     -0.13     -0.26     -2.68
     -0.13     -0.26     -2.68
     -0.13     -0.26     -2.21
     -0.13     -0.26     -2.21
     -0.13     -0.26     -2.21
     -0.13     -0.26     -2.21
     -0.61     -0.26     -2.21
     -0.13     -0.74     -1.73
     -0.61     -0.26     -1.73
     -0.13     -0.26     -1.73
     -0.61     -0.26     -1.73
     -0.13     -0.26     -1.73
     -0.13     -0.26     -1.25
     -0.13     -0.26     -1.25
     -0.13     -0.74     -1.25
     -0.13     -0.74     -0.77
     -0.13     -0.74     -1.25
     -0.13     -0.74     -0.77
     -0.13     -0.26     -0.77
     -0.13     -0.26     -1.25
     -0.13     -0.74     -0.77
     -0.13     -0.74     -0.29
     -0.13     -0.74     -0.29
      0.35     -0.74     -0.29
      0.35     -0.26      0.19
      0.35     -0.26      0.19
      0.35     -0.26      0.19
      0.35     -0.26     -0.77
      0.35     -0.26      0.19
      0.35     -0.26      0.19
      0.35     -0.26      0.19
      0.35     -0.26      0.19
      0.35     -0.26      0.19
      0.35     -0.26      0.19
      0.35     -0.26      0.19
      0.35     -0.26      0.19
      0.35     -0.26      0.19
      0.83     -0.26      0.19
      0.35     -0.26      0.19
      0.35     -0.26      0.19
      0.83     -0.26      0.19
      0.35      0.22      0.19
      0.35      0.22      0.19
      0.83      0.22      0.19
      0.35     -0.26      0.19
      0.35      0.22      0.19
      0.83      0.22      0.19
      0.35      0.22      0.19
      0.35      0.22      0.19
      0.35      0.22      0.19
      0.35      0.22      0.19
      0.35      0.22      0.19
      0.35      0.22      0.19
      0.35      0.22      0.19
      0.35      0.22      0.19
      0.35      0.22      0.19
      0.35      0.22      0.19
      0.35      0.22      0.19
      0.35      0.22      0.19
     -0.61      0.22      0.19
      0.35      0.22      0.19
      0.35      0.22      0.19
     -0.13      0.22      0.19
      0.35      0.22      0.19
      0.35      0.22      0.19
      0.35      0.22      0.19
     -0.13      0.22      0.19
     -0.13      0.22      0.19
     -0.13      0.22      0.19
     -0.13      0.22      0.19
      0.35      0.22      0.19
     -0.13      0.22      0.19
     -0.13      0.22      0.19
     -0.13      0.22      0.19
     -0.13      0.22      0.19
     -0.13      0.22      0.67
     -0.13      0.22      0.67
     -0.13      0.22      0.67
     -0.13      0.22      0.67
     -0.13      0.22      0.67
     -0.13      0.22      0.67
      0.35      0.22      0.67
     -0.13      0.22      0.67
     -0.13      0.22      0.67
     -0.13      0.22      0.67
      0.35      0.22      0.67
      0.35      0.22      0.67
      0.35      0.22      0.67
      0.35      0.22      0.67
      0.35      0.22      0.67
      0.35      0.22      0.67
      0.35      0.22      0.67
      0.35      0.22      0.67
      0.35      0.22      0.67
      0.35      0.22      0.67
      0.35      0.22      0.67
      0.35      0.22      0.67
      0.35      0.22      0.67
      0.35      0.70      0.67
      0.35      0.70      0.67
      0.35      0.22      0.67
      0.35      0.70      0.67
      0.35      0.70      0.67
      0.35      0.22      0.67
      0.35      0.22      0.19
      0.35      0.22      0.19
      0.35      0.70      0.19
      0.35      0.70      0.19
      0.35      0.70      0.19
      0.35      0.70      0.19
      0.35      0.22      0.19
      0.35      0.70      0.19
      0.35      0.70      0.19
      0.35      0.22      0.19
     -0.13      0.22      0.19
      0.35      0.22      0.19
     -0.13      0.22      0.19
     -0.13      0.22      0.19
     -0.13      0.22      0.19
     -0.13      0.22      0.19
     -0.61      0.22      0.19
     -0.13      0.22      0.19
     -0.13      0.22      0.19
     -0.13      0.22      0.19
     -0.13      0.22      0.19
     -0.13      0.22      0.19
     -0.13      0.22      0.19
     -0.13      0.22     -0.29
     -0.61      0.22      0.19
     -0.61      0.22      0.19
     -0.61      0.22      0.19
     -0.61      0.22      0.19
     -0.61      0.22      0.19
     -0.61     -0.26      0.19
     -0.61      0.22      0.19
     -0.61     -0.26      0.19
     -0.61     -0.26      0.19
     -0.61     -0.26      0.19
     -0.61     -0.26      0.19
     -0.61     -0.26      0.19
     -0.61     -0.26      0.19
     -0.61     -0.26      0.19
     -0.61     -0.26      0.19
     -0.61     -0.26      0.19
     -0.61     -0.26      0.19
     -0.61     -0.26      0.19
     -0.61     -0.26      0.19
     -0.61     -0.26      0.19
     -0.61     -0.74      0.19
     -0.61     -0.26      0.19
     -0.61     -0.74      0.67
     -0.61     -0.26      0.67
     -0.61     -0.74      0.19
     -0.13     -0.74      0.19
     -0.13     -0.74      0.67
     -0.13     -0.26      0.67
     -0.61     -0.26      0.67
     -0.13     -0.26      0.67
     -0.13     -0.26      0.67
     -0.13     -0.26      0.67
     -0.13     -0.26      0.67
     -0.13     -0.26      0.67
      0.35     -0.26      0.67
     -0.13     -0.26      0.67
      0.35     -0.26      0.67
     -0.13     -0.26      0.67
     -0.13     -0.26      0.67
      0.35     -0.26      0.67
      0.35     -0.26      0.67
     -0.13     -0.26      0.67
     -0.13     -0.26      0.67
      0.35     -0.26      1.14
      0.35      0.22      0.67
      0.35     -0.26      0.67
     -0.13     -0.26      0.67
      0.35      0.22      1.14
      0.35     -0.26      1.14
      0.35     -0.26      0.67
      0.35     -0.26      1.14
      0.35     -0.26      1.14
      0.35      0.22      1.14
      0.35      0.22      1.14
      0.35     -0.26      1.14
      0.35      0.22      0.67
      0.35     -0.26      0.67
      0.35      0.22      1.14
      0.35      0.22      1.14
     -0.13      0.22      0.67
      0.35      0.22      1.14
     -0.13      0.22      0.67
     -0.13      0.22      0.67
     -0.13      0.22      0.67
     -0.13      0.22      1.14
     -0.13      0.22      0.67
      0.35      0.22      1.14
     -0.13      0.22      0.67
     -0.13      0.22      0.67
     -0.13      0.22      1.14
     -0.13      0.22      0.67
     -0.13      0.22      0.67
     -0.13      0.22      0.67
     -0.13      0.22      0.67
     -0.13      0.22      1.14
     -0.13      0.22      0.67
     -0.61      0.22      0.67
     -0.13      0.22      0.67
     -0.13      0.70      0.67
     -0.13      0.70      0.67
     -0.13      0.70      1.14
     -0.13      0.70      0.67
     -0.13      0.70      0.67
     -0.13      0.70      0.67
     -0.13      0.70      1.14
     -0.13      0.70      0.67
     -0.13      0.70      1.14
     -0.13      1.18      0.67
     -0.13      0.70      0.67
     -0.13      1.18      0.67
     -0.13      1.18      0.67
     -0.13      1.18      0.67
     -0.13      1.18      0.67
     -0.13      1.18      1.14
      0.35      1.18      0.67
     -0.61      1.18      1.14
     -0.13      1.18      1.14
     -0.13      1.18      1.14
     -0.13      1.66      1.14
      0.35      1.18      1.14
      0.35      1.66      1.14
      0.35      1.66      1.14
      0.35      1.66      0.67
      0.35      1.66      1.14
      0.35      1.66      1.14
      0.35      1.66      1.14
      0.35      1.66      1.14
      0.35      1.66      1.14
      0.35      1.66      1.14
      0.35      1.66      0.67
      0.35      1.66      1.14
      0.35      1.66      1.14
      0.35      1.66      0.67
      0.35      1.66      0.67
      0.35      1.66      0.67
      0.35      1.66      0.67
      0.35      1.66      1.14
      0.35      0.70      0.67
      0.35      1.18      0.67
      0.35      1.18      1.14
      0.35      1.18      0.67
      0.35      1.18      0.67
      0.35      1.18      0.67
      0.35      1.18      0.67
      0.35      1.18      0.67
      0.35      1.18      0.67
      0.35      0.70      0.67
      0.35      0.70      0.67
      0.35      0.70      0.67
      0.35      0.70      0.67
      0.35      0.70      0.67
      0.35      0.70      0.67
      0.35      0.70      0.67
     -0.13      0.70      0.19
      0.35      0.70      0.19
     -0.13      0.22      0.19
     -0.13      0.22      0.19
     -0.13      0.22      0.19
     -0.13      0.22      0.19
     -0.13      0.22      0.19
     -0.13      0.22      0.19
     -0.13      0.22      0.19
     -0.13      0.22      0.19
     -0.13      0.22      0.19
     -0.13      0.22      0.19
     -0.13      0.22      0.19
     -0.13      0.22      0.19
     -0.13      0.22      0.19
     -0.61      0.22      0.19
     -0.61      0.22     -0.29
     -0.61      0.22      0.19
     -0.13     -0.26      0.19
     -0.13     -0.26     -0.29
     -0.13     -0.26     -0.29
     -0.13     -0.26     -0.29
     -0.13     -0.26     -0.29
     -0.13     -0.26     -0.29
     -0.13     -0.26     -0.77
     -0.13     -0.26     -0.77
     -0.13     -0.26     -0.77
     -0.13     -0.26     -0.77
     -0.13     -0.26     -0.77
      0.35     -0.74     -0.77
      0.35     -0.74     -0.77
     -0.13     -0.74     -0.77
     -0.13     -0.26     -0.77
      0.35     -0.74     -1.25
      0.35     -0.74     -1.25
      0.35     -0.74     -1.25
      0.35     -0.74     -1.25
      0.35     -0.74     -1.25
      0.35     -0.74     -1.25
      0.35     -0.74     -1.25
      0.35     -0.74     -1.25
      0.35     -0.74     -1.25
      0.35     -0.74     -1.25
      0.35     -0.74     -1.25
      0.35     -0.74     -1.25
      0.83     -1.22     -1.25
      0.83     -1.22     -1.25
      0.35     -0.74     -1.25
      0.35     -1.22     -1.25
      0.35     -0.74     -1.25
      0.35     -1.22     -1.25
      0.83     -1.22     -1.25
      0.35     -1.22     -1.25
      0.35     -1.22     -1.25
      0.35     -1.22     -1.25
      0.35     -1.22     -1.25
      0.83     -1.22     -1.25
      0.35     -1.22     -1.73
      0.35     -1.22     -1.25
      0.35     -1.22     -1.25
      0.35     -1.22     -1.25
      0.35     -1.22     -1.25
      0.35     -1.22     -1.25
      0.35     -1.22     -1.25
      0.35     -1.69     -1.25
      0.35     -1.69     -1.25
      0.35     -1.22     -1.25
     -0.13     -1.22     -1.25
     -0.13     -1.22     -1.25
     -0.13     -1.22     -1.25
     -0.13     -1.22     -1.25
     -0.13     -1.22     -1.25
     -0.13     -1.22     -0.77
      0.35     -1.22     -0.77
     -0.13     -1.22     -0.77
     -0.13     -1.22     -0.77
     -0.13     -1.22     -0.77
     -0.13     -1.22     -0.77
     -0.13     -1.22     -0.77
     -0.61     -1.22     -0.77
     -0.13     -1.22     -0.77
     -0.61     -1.22     -0.77
     -0.13     -1.22     -0.77
     -0.13     -1.22     -0.29
     -0.13     -1.22     -0.29
     -0.13     -1.22     -0.29
     -0.13     -1.22     -0.29
     -0.13     -1.22     -0.29
     -0.13     -1.22     -0.29
     -0.13     -0.74      0.19
     -0.13     -0.74      0.19
     -0.61     -0.74      0.19
     -0.13     -0.74     -0.29
     -0.13     -0.74      0.19
     -0.13     -0.74      0.19
     -0.13     -0.74      0.19
     -0.13     -0.74      0.19
     -0.13     -0.26      0.19
     -0.13     -0.74      0.19
      0.35     -0.74      0.19
     -0.13     -0.74      0.19
     -0.13     -0.26      0.19
      0.35     -0.26      0.19
     -0.13     -0.26      0.67
      0.35     -0.26      0.19
      0.35     -0.26      0.67
      0.35     -0.26      0.67
      0.35     -0.26      0.67
      0.35      0.22      0.67
      0.35      0.22      0.67
      0.35      0.22      0.67
      0.35      0.22      0.67
      0.35      0.22      0.67
      0.35      0.22      0.67
      0.35      0.22      0.67
      0.35      0.22      0.67
      0.83      0.22      0.67
      0.83      0.22      0.67
      0.83      0.22      0.67
      0.35      0.22      0.67
      0.35      0.22      1.14
      0.35      0.22      1.14
      0.83      0.22      1.14
      0.35      0.22      0.67
      0.35      0.22      0.67
      0.35      0.22      1.14
      0.35      0.22      0.67
      0.35      0.22      1.14
      0.35      0.22      0.67
      0.35      0.22      1.14
      0.35      0.22      1.14
      0.35      0.22      0.67
      0.35      0.70      1.14
      0.35      0.22      1.14
      0.35      0.22      0.67
      0.35      0.22      1.14
     -0.13      0.22      1.14
     -0.13      0.22      1.14
     -0.13      0.70      1.14
     -0.13      0.22      1.14
     -0.13      0.22      1.14
     -0.13      0.22      0.67
     -0.13      0.22      1.14
     -0.13      0.22      0.67
     -0.13      0.70      1.14
     -0.13      0.70      1.14
     -0.61      0.22      0.67
     -0.61      0.22      1.14
     -0.61      0.22      1.14
     -0.61      0.22      0.67
     -0.61      0.22      0.67
     -0.61      0.22      0.67
     -0.61      0.22      0.67
     -0.61      0.22      0.67
     -0.61      0.22      0.67
     -0.61      0.22      0.67
     -0.61      0.22      0.19
     -0.61      0.22      0.19
     -0.61      0.22      0.19
     -0.61      0.22      0.19
     -0.61      0.22      0.19
     -0.61      0.22      0.19
     -0.61      0.22      0.19
     -0.61      0.22      0.19
     -0.61      0.22      0.19
     -0.13      0.22      0.19
     -0.61      0.22     -0.29
     -0.61      0.22     -0.29
     -0.61      0.22     -0.29
     -0.61      0.22     -0.29
     -0.61      0.22     -0.29
     -0.61      0.22     -0.29
     -0.61      0.22     -0.77
     -0.13      0.22     -1.25
     -0.13      0.22     -1.25
     -0.13      0.22     -1.25
     -0.13      0.22     -1.25
     -0.13      0.22     -1.25
     -0.13      0.22     -1.73
     -0.13      0.22     -1.25
     -0.13      0.22     -1.73
     -0.13      0.22     -1.73
     -0.13      0.22     -1.73
     -0.13      0.22     -1.73
     -0.13      0.22     -2.21
     -0.13      0.22     -2.21
      0.35      0.22     -2.21
     -0.13      0.22     -2.21
      0.35      0.22     -2.21
     -0.13      0.22     -2.21
      0.35     -0.26     -2.21
      0.35      0.22     -2.21
      0.35      0.22     -2.68
      0.35     -0.26     -2.68
      0.35     -0.26     -2.68
      0.35     -0.26     -2.68
      0.35     -0.26     -3.16
     -0.13     -0.26     -3.64
      0.35     -0.74     -3.16
      0.35     -0.74     -2.68
      0.35     -0.26     -3.16
      0.35     -0.74     -3.16
      0.35     -0.74     -3.16
     -0.13     -0.74     -3.16
      0.35     -0.74     -3.16
      0.35     -1.22     -3.64
      0.35     -1.22     -3.64
      0.35     -1.22     -3.64
      0.35     -1.22     -3.16
      0.35     -1.22     -3.16
      0.35     -1.22     -3.16
      0.35     -1.69     -3.16
      0.35     -1.22     -3.64
      0.35     -1.22     -3.64
      0.35     -1.22     -3.64
      0.35     -1.69     -3.64
     -0.13     -1.69     -3.64
     -0.13     -2.17     -3.64
     -0.13     -1.69     -3.64
     -0.13     -1.69     -3.64
     -0.13     -1.69     -3.64
     -0.13     -1.69     -3.64
     -0.13     -1.69     -3.64
     -0.13     -1.69     -3.16
     -0.13     -1.69     -3.64
     -0.13     -1.69     -3.64
     -0.13     -1.69     -3.64
     -0.13     -1.69     -3.16
     -0.13     -1.69     -3.16
     -0.13     -1.69     -3.16
     -0.13     -1.69     -3.16
     -0.13     -1.69     -3.16
     -0.13     -1.69     -3.16
     -0.13     -1.69     -3.16
     -0.13     -1.69     -2.68
     -0.13     -1.69     -2.68
     -0.13     -1.69     -2.68
     -0.13     -1.69     -2.68
      0.35     -1.69     -2.68
     -0.13     -1.69     -2.21
      0.35     -1.69     -2.21
     -0.13     -1.69     -2.21
      0.35     -1.69     -2.21
      0.35     -1.69     -1.73
      0.35     -1.22     -1.73
      0.35     -1.69     -1.73
      0.35     -1.22     -1.73
     -0.13     -1.22     -1.25
      0.35     -1.22     -1.25
      0.35     -1.22     -1.25
      0.35     -1.22     -0.77
      0.35     -1.69     -0.77
      0.35     -1.22     -0.77
      0.35     -1.22     -0.77
      0.35     -1.22     -0.29
      0.35     -1.22     -0.29
      0.35     -1.22     -0.29
      0.35     -1.22      0.19
      0.35     -0.74      0.19
      0.35     -0.74      0.19
      0.35     -0.74      0.19
      0.35     -0.74      0.19
      0.35     -0.74      0.67
      0.35     -0.74      0.67
     -0.13     -0.74      0.67
      0.35     -0.74      1.14
      0.35     -0.74      1.14
      0.35     -0.26      1.62
      0.35     -0.26      1.62
      0.35     -0.26      1.62
      0.35     -0.26      2.10
      0.35      0.22      2.10
      0.35      0.22      2.10
      0.35      0.22      2.10
      0.35      0.22      2.58
      0.35      0.22      2.58
      0.35      0.22      3.06
     -0.13      0.22      3.06
      0.35      0.70      3.06
      0.35      0.70      3.54
      0.35      1.18      3.54
      0.35      0.70      3.54
     -0.13      1.18      3.54
     -0.13      1.66      3.54
      0.35      1.66      3.54
     -0.13      1.18      4.02
     -0.13      1.66      4.02
     -0.13      1.66      4.49
     -0.13      1.66      4.49
     -0.13      1.66      4.49
     -0.13      2.13      4.49
     -0.13      2.13      4.49
     -0.13      2.13      4.49
     -0.13      2.61      4.49
     -0.61      2.61      4.49
     -0.13      2.61      4.97
     -0.13      2.61      4.97
     -0.13      2.61      4.97
     -0.13      2.61      4.97
     -0.13      2.61      4.97
     -0.13      2.61      4.97
     -0.13      2.61      4.97
     -0.13      2.61      4.97
     -0.13      3.09      4.97
     -0.13      3.09      4.97
     -0.13      3.09      4.97
     -0.13      3.09      4.97
     -0.13      2.61      4.97
     -0.13      3.09      4.97
     -0.13      3.09      4.97
     -0.13      2.61      4.97
     -0.13      3.09      4.97
     -0.13      3.09      4.97
     -0.13      3.09      4.97
     -0.13      3.09      4.97
     -0.13      3.09      4.97
     -0.13      3.09      4.97
     -0.13      3.09      4.97
     -0.13      3.09      4.49
     -0.13      3.09      4.97
     -0.13      3.09      4.97
      0.35      3.09      4.49
      0.35      3.09      4.49
      0.35      3.09      4.49
      0.35      3.09      4.49
      0.35      3.09      4.49
      0.35      3.09      4.02
      0.35      2.61      4.02
     -0.13      2.61      4.02
     -0.13      2.61      3.54
      0.35      2.61      3.54
      0.35      2.61      3.54
     -0.13      2.61      3.54
      0.35      2.61      3.54
      0.35      2.61      3.54
      0.35      2.61      3.54
      0.35      2.61      3.06
      0.35      2.61      3.06
      0.35      2.13      2.58
     -0.13      2.13      2.58
     -0.13      2.13      2.58
     -0.13      2.13      2.58
     -0.13      2.13      2.58
     -0.13      1.18      2.10
     -0.13      1.66      2.10
     -0.13      1.66      2.10
     -0.13      1.66      2.10
     -0.13      1.66      1.14
     -0.13      1.66      1.62
     -0.13      1.18      1.62
     -0.13      1.18      1.62
     -0.13      1.18      1.14
     -0.13      1.18      1.14
     -0.13      1.18      0.67
     -0.13      0.70      1.14
     -0.13      0.70      0.67
     -0.61      0.70      0.67
     -0.61      0.22      0.67
     -0.61      0.22      0.19
     -0.61      0.22      0.19
     -0.61      0.22      0.19
     -0.61      0.22      0.19
     -0.61      0.22      0.19
     -0.61      0.22      0.19
     -0.61     -0.26      0.19
     -0.61     -0.26     -0.29
     -0.61     -0.74     -0.29
     -0.61     -0.74     -0.29
     -0.61     -0.74     -0.29
     -0.61     -0.74     -0.77
     -0.61     -1.22     -0.77
     -1.09     -1.22     -0.77
     -0.61     -1.22     -0.77
     -0.61     -1.22     -1.25
     -1.09     -1.69     -1.25
     -0.61     -1.69     -1.25
     -0.61     -1.69     -1.25
     -0.61     -1.69     -1.25
     -0.61     -2.65     -1.73
     -0.61     -2.17     -1.73
     -0.61     -2.17     -1.73
     -0.61     -2.65     -1.73
     -0.61     -2.65     -2.21
     -0.61     -2.65     -2.21
     -0.61     -2.65     -2.21
     -0.61     -3.13     -2.21
     -0.61     -3.13     -2.21
     -0.61     -3.13     -2.21
     -0.13     -3.13     -2.68
     -0.13     -3.13     -2.68
     -0.13     -3.61     -2.68
     -0.13     -3.61     -3.16
     -0.13     -3.61     -3.16
     -0.13     -3.61     -3.16
     -0.13     -3.61     -3.16
     -0.13     -3.61     -3.16
     -0.61     -4.09     -3.16
     -0.13     -4.09     -3.64
      0.35     -4.09     -3.64
     -0.13     -4.09     -3.64
      0.35     -4.09     -3.64
     -0.13     -4.57     -3.64
      0.35     -4.57     -3.64
      0.35     -4.57     -4.12
     -0.13     -4.09     -4.12
      0.35     -4.57     -4.12
      0.35     -4.57     -4.12
      0.35     -4.57     -4.12
      0.35     -4.09     -4.12
      0.83     -4.57     -4.60
      0.35     -4.57     -4.12
      0.35     -4.57     -4.12
      0.35     -4.57     -4.12
      0.35     -4.57     -4.60
      0.35     -4.57     -4.60
      0.35     -4.57     -4.60
      0.83     -4.09     -4.60
      0.83     -4.57     -4.12
      0.83     -4.09     -4.12
      0.83     -4.09     -4.12
      0.83     -4.09     -4.60
      0.83     -4.09     -4.12
      0.83     -4.09     -4.12
      0.83     -4.09     -4.12
      0.83     -4.09     -4.12
      0.83     -4.09     -4.12
      0.83     -3.61     -4.12
      1.31     -3.61     -4.12
      0.83     -3.61     -4.12
      0.83     -3.61     -3.64
      1.31     -3.61     -3.64
      0.83     -3.61     -3.64
      1.31     -3.61     -3.64
      1.31     -3.13     -3.64
      1.31     -3.13     -3.64
      0.83     -3.13     -3.16
      0.83     -3.13     -3.16
      0.83     -3.13     -3.16
      0.83     -2.65     -3.16
      1.31     -2.65     -3.16
      0.83     -2.65     -2.68
      0.83     -2.65     -2.68
      0.83     -2.65     -2.68
      0.83     -2.17     -2.68
      0.83     -2.17     -2.21
      0.83     -2.17     -2.21
      0.83     -1.69     -2.21
      0.83     -1.69     -1.73
      0.83     -1.69     -1.73
      0.83     -1.22     -1.73
      0.35     -1.22     -1.73
      0.83     -1.22     -1.73
      0.83     -1.22     -1.25
      0.83     -0.74     -1.25
      0.83     -0.74     -1.25
      0.83     -0.74     -0.77
      0.35     -0.74     -0.77
      0.83     -0.26     -0.77
      0.35     -0.26     -0.77
      0.35     -0.26     -0.77
      0.35      0.22     -0.29
      0.35      0.22     -0.29
      0.35      0.22      0.19
      0.35      0.22      0.19
      0.35      0.22      0.19
      0.35      0.70      0.19
      0.35      0.70      0.19
      0.35      1.18      0.19
      0.35      1.18      0.19
      0.35      1.18      0.67
      0.35      1.18      0.67
      0.35      1.66      0.67
      0.35      1.66      0.67
      0.35      1.66      1.14
      0.35      1.66      1.14
      0.35      2.13      1.14
      0.35      2.13      1.14
      0.35      2.13      1.62
      0.35      2.61      1.62
      0.35      2.61      1.62
      0.35      2.61      1.62
      0.35      2.61      1.62
      0.35      3.09      1.62
      0.35      3.09      2.10
      0.35      3.09      2.10
      0.35      3.09      2.10
      0.35      3.57      2.58
      0.35      3.09      2.58
      0.35      3.57      2.10
      0.35      3.57      2.58
      0.35      3.09      2.58
     -0.13      3.57      2.58
      0.35      4.05      2.58
      0.35      4.05      3.06
      0.35      4.05      3.06
     -0.13      4.05      3.06
      0.35      4.05      3.54
      0.35      4.05      3.54
     -0.13      4.53      3.54
     -0.13      4.53      3.54
     -0.13      4.53      3.54
     -0.13      4.53      3.54
      0.35      4.53      3.54
      0.35      4.53      3.54
     -0.13      4.53      3.54
     -0.13      4.53      3.54
     -0.13      4.53      3.54
     -0.13      4.53      3.54
     -0.13      4.53      3.54
     -0.13      4.53      3.54
     -0.13      5.01      3.54
     -0.13      4.53      3.54
     -0.61      4.53      3.54
     -0.61      4.53      3.54
     -0.61      5.01      3.54
     -0.61      4.53      3.54
     -0.61      4.53      3.54
     -0.61      4.53      3.54
     -0.61      4.53      3.54
     -0.61      4.53      3.54
     -0.61      4.53      3.54
     -0.61      4.05      3.54
     -0.61      4.05      3.54
     -1.09      4.05      3.54
     -0.61      4.05      3.54
     -1.09      4.05      3.54
     -1.09      4.05      3.06
     -1.09      3.57      3.54
     -1.09      3.57      3.06
     -1.09      3.57      3.06
     -1.09      3.57      3.06
     -1.09      3.09      3.06
     -1.09      3.09      3.06
     -1.09      3.09      3.06
     -1.09      3.09      3.06
     -1.09      3.09      3.06
     -1.09      3.09      2.58
     -1.09      2.61      2.58
     -1.09      2.61      2.58
     -1.09      2.61      2.58
     -1.09      2.13      2.10
     -1.09      2.13      2.10
     -1.09      2.13      2.10
     -0.61      1.66      2.10
     -1.09      1.66      1.62
     -1.09      1.66      1.62
     -1.09      1.66      1.62
     -1.09      1.66      1.62
     -1.09      1.66      1.62
     -0.61      1.18      1.14
     -0.61      1.18      0.67
     -1.09      0.70      1.14
     -0.61      0.70      1.14
     -0.61      0.70      0.67
     -0.61      0.70      0.67
     -0.61      0.70      0.67
     -0.61      0.22      0.19
     -0.61      0.22      0.19
     -0.61      0.22      0.19
     -0.61      0.22      0.19
     -0.61      0.22      0.19
     -0.61     -0.26      0.19
     -0.61     -0.26     -0.29
     -0.61     -0.26     -0.77
     -1.09     -0.74     -0.77
     -0.13     -0.74     -0.77
     -0.13     -0.74     -1.25
     -0.13     -0.74     -1.25
     -0.13     -1.22     -1.25
     -0.13     -1.22     -1.25
     -0.13     -1.22     -1.73
     -0.13     -1.69     -1.73
     -0.13     -1.69     -1.73
     -0.13     -1.69     -2.21
     -0.13     -1.69     -2.21
     -0.13     -1.69     -2.21
     -0.13     -2.17     -2.21
     -0.13     -2.17     -2.68
     -0.13     -2.17     -2.68
     -0.13     -2.17     -2.68
     -0.13     -2.17     -3.16
      0.35     -2.65     -3.16
     -0.13     -2.65     -3.16
     -0.13     -2.65     -3.16
     -0.13     -2.65     -3.16
     -0.13     -3.13     -3.64
     -0.13     -2.65     -3.64
      0.35     -3.13     -3.64
     -0.13     -3.13     -4.12
      0.35     -3.13     -3.64
     -0.13     -3.13     -3.64
     -0.13     -3.61     -3.64
      0.35     -3.61     -3.64
      0.35     -3.61     -3.64
      0.35     -3.61     -3.64
      0.35     -3.61     -3.64
      0.35     -3.61     -4.12
      0.35     -3.61     -3.64
      0.35     -3.61     -4.12
      0.35     -3.61     -4.12
      0.35     -3.61     -4.12
      0.35     -4.09     -4.12
      0.35     -3.61     -3.64
      0.35     -4.09     -4.12
      0.35     -4.09     -4.12
      0.35     -4.09     -4.12
      0.35     -4.09     -4.12
      0.35     -4.09     -4.12
      0.35     -3.61     -3.64
      0.35     -4.09     -3.64
      0.35     -4.57     -3.64
      0.35     -4.09     -3.64
      0.83     -4.09     -3.64
      0.83     -4.09     -4.12
      0.35     -4.09     -3.64
      0.83     -4.09     -3.64
      0.35     -3.61     -3.64
      0.83     -3.61     -3.64
      0.83     -3.61     -3.64
      0.83     -4.09     -3.16
      0.83     -3.61     -3.16
      0.83     -3.61     -3.64
      0.83     -3.61     -3.16
      0.83     -3.61     -3.16
      0.83     -3.61     -2.68
      0.83     -3.61     -2.68
      0.35     -3.61     -2.68
      0.83     -3.61     -2.21
      0.83     -3.13     -2.21
      0.83     -3.13     -2.21
      0.83     -3.13     -2.21
      0.83     -3.13     -1.73
      0.83     -3.13     -1.73
      0.83     -3.13     -1.73
      0.83     -3.13     -1.73
      0.83     -2.65     -1.25
      0.83     -2.65     -1.25
      0.83     -2.65     -1.25
      0.83     -2.65     -0.77
      0.83     -2.65     -0.77
      0.83     -2.65     -0.77
      0.83     -2.65     -0.77
      0.83     -2.65     -0.29
      0.83     -2.65     -0.29
      0.83     -2.65     -0.29
      0.83     -2.17      0.19
      0.83     -2.65      0.19
      0.83     -2.17      0.19
      0.83     -2.17      0.19
      0.83     -1.69      0.19
      0.35     -1.69      0.19
      0.83     -1.69      0.19
      0.83     -1.69      0.19
      0.83     -1.69      0.67
      0.35     -1.69      0.67
      0.35     -1.69      0.67
      0.35     -1.22      0.67
      0.35     -1.22      0.67
      0.83     -1.22      0.67
      0.35     -1.22      1.14
      0.35     -1.22      1.14
      0.83     -0.74      1.14
      0.35     -0.74      1.14
      0.35     -0.74      1.14
      0.35     -0.26      1.14
      0.35     -0.26      1.14
      0.35     -0.26      1.62
      0.35     -0.26      1.62
      0.35      0.22      1.62
      0.35      0.22      1.62
      0.35      0.22      1.62
      0.35      0.22      1.62
      0.35      0.22      1.62
     -0.13      0.22      1.62
      0.35      0.22      1.62
      0.35      0.22      1.62
     -0.13      0.70      1.62
     -0.13      0.70      1.62
     -0.13      0.70      1.62
     -0.13      0.70      1.62
     -0.13      0.70      1.62
     -0.13      1.18      1.62
     -0.13      1.18      1.62
     -0.13      1.18      2.10
     -0.13      1.18      2.10
     -0.13      1.18      1.62
     -0.61      1.66      1.62
     -0.61      1.18      2.10
     -0.13      1.66      1.62
     -0.61      1.66      2.10
     -0.61      1.66      1.62
     -0.61      1.66      1.62
     -0.61      1.66      1.62
     -0.61      1.66      1.62
     -0.61      1.66      1.62
     -0.61      2.13      1.62
     -0.61      2.13      1.62
     -0.61      2.13      1.62
     -0.61      2.13      1.62
     -0.13      2.13      1.62
     -0.13      2.13      1.62
     -0.13      2.13      1.62
     -0.13      2.13      1.62
     -0.13      2.13      1.62
     -0.13      2.13      1.62
     -0.13      2.13      1.62
     -0.13      2.13      1.62
     -0.13      2.13      0.67
     -0.13      2.13      1.14
     -0.13      2.13      1.14
     -0.13      1.66      1.14
     -0.13      1.66      1.14
     -0.13      2.13      1.14
     -0.13      1.66      1.14
     -0.13      1.66      1.14
     -0.13      1.66      1.14
     -0.13      1.66      1.14
     -0.13      2.13      1.14
     -0.13      1.66      1.14
     -0.13      1.66      1.14
     -0.13      1.66      1.14
     -0.13      1.66      1.14
     -0.13      1.66      1.14
     -0.13      1.66      1.14
     -0.13      1.66      1.14
     -0.13      1.66      1.14
     -0.13      1.66      1.14
     -0.13      1.66      1.14
     -0.13      1.66      1.14
     -0.13      1.66      1.14
     -0.13      1.66      1.14
     -0.13      1.66      1.14
     -0.13      1.66      1.14
     -0.13      1.18      1.14
     -0.61      1.18      1.14
     -0.13      1.66      1.14
     -0.61      1.18      1.14
     -0.13      1.66      1.62
     -0.61      1.18      1.14
     -0.13      1.66      1.14
     -0.61      1.66      1.14
     -0.13      1.66      1.14
     -0.13      1.18      0.67
     -0.13      1.18      1.62
     -0.13      1.18      1.62
     -0.13      1.18      1.62
     -0.13      1.18      1.62
     -0.13      1.18      1.62
     -0.13      1.18      1.62
     -0.61      1.18      1.62
     -0.13      1.18      1.62
     -0.61      1.18      1.62
     -0.13      1.18      1.62
     -0.13      0.70      1.62
     -0.61      0.70      1.62
     -0.13      0.70      1.62
     -0.13      0.70      1.62
     -0.13      0.70      1.62
     -0.13      0.70      1.62
     -0.61      0.70      1.62
     -0.13      0.70      1.62
     -0.13      0.22      1.62
     -0.13      0.22      1.62
     -0.13      0.22      1.62
     -0.13      0.22      1.62
     -0.13      0.22      1.62
     -0.13      0.22      1.62
     -0.13      0.22      1.62
     -0.13      0.22      1.14
     -0.13      0.22      1.14
     -0.13      0.22      1.14
     -0.13      0.22      1.14
     -0.13      0.22      1.14
     -0.13      0.22      1.14
     -0.13      0.22      0.67
     -0.13     -0.26      1.14
     -0.13      0.22      1.14
     -0.13      0.22      1.14
     -0.13      0.22      1.14
     -0.61     -0.26      1.14
     -0.13     -0.26      0.67
     -0.13     -0.26      0.67
     -0.13     -0.26      0.67
     -0.13     -0.26      0.67
     -0.13     -0.26      0.67
     -0.13     -0.26      0.67
     -0.13     -0.74      0.67
     -0.13     -0.26      0.67
     -0.13     -0.26      0.67
     -0.13     -0.74      0.67
     -0.13     -0.26      0.19
     -0.13     -0.74      0.19
     -0.13     -0.74      0.19
     -0.13     -0.74      0.19
     -0.13     -0.26      0.19
     -0.13     -0.74      0.19
      0.35     -0.74      0.19
      0.35     -0.26      0.19
      0.35     -0.74      0.19
     -0.13     -0.26      0.19
     -0.13     -0.26      0.19
      0.35     -0.26      0.19
     -0.13     -0.26      0.19
      0.35     -0.26     -0.29
      0.35     -0.26     -0.29
     -0.13     -0.26     -0.29
      0.35     -0.26     -0.29
     -0.13     -0.26     -0.29
      0.35     -0.26     -0.77
     -0.13      0.22     -0.77
      0.35      0.22     -0.77
      0.35      0.22     -0.77
      0.35      0.22     -0.77
     -0.13      0.22     -0.77
      0.35      0.22     -0.77
     -0.13      0.22     -0.77
     -0.13      0.22     -1.25
     -0.13      0.22     -1.25
     -0.13      0.22     -0.77
     -0.13      0.22     -1.25
     -0.13      0.22     -1.25
     -0.13      0.22     -1.25
     -0.13      0.22     -1.25
     -0.13      0.22     -1.25
     -0.13      0.22     -1.25
     -0.13      0.22     -1.25
     -0.13      0.22     -1.25
     -0.13      0.70     -1.73
     -0.13      0.22     -1.73
      0.35      0.70     -1.73
      0.35      0.70     -1.73
      0.35      0.70     -1.73
     -0.13      0.70     -1.73
     -0.13      0.22     -1.73
     -0.13      0.70     -1.73
     -0.13      0.70     -1.73
     -0.13      0.70     -1.73
      0.35      0.70     -1.73
      0.35      0.70     -1.73
      0.35      0.70     -2.21
      0.35      0.70     -2.21
      0.35      0.22     -2.21
      0.35      0.70     -2.21
      0.35      0.70     -2.21
      0.35      0.70     -2.21
      0.35      0.70     -2.21
      0.35      0.70     -2.21
      0.35      0.70     -2.68
      0.35      0.70     -2.68
     -0.13      0.70     -2.68
      0.35      0.70     -2.68
     -0.13      0.70     -2.68
      0.35      0.70     -3.16
     -0.13      0.70     -3.16
      0.35      0.70     -2.68
      0.35      0.70     -2.68
      0.35      0.70     -3.16
     -0.13      0.70     -3.16
      0.35      0.70     -3.16
      0.35      0.70     -3.16
     -0.13      0.70     -3.16
      0.35      0.70     -3.16
     -0.13      0.70     -3.16
     -0.13      0.70     -3.64
     -0.13      0.70     -3.16
     -0.13      0.70     -3.64
     -0.13      0.22     -3.64
      0.35      0.70     -3.64
      0.35      0.70     -4.12
     -0.13      0.70     -3.64
     -0.13      0.70     -3.64
     -0.13      0.70     -3.64
     -0.13      0.70     -3.64
      0.35      0.70     -3.64
     -0.13      0.70     -3.64
     -0.13      0.70     -3.64
     -0.13      0.70     -3.64
     -0.13      0.70     -3.64
     -0.13      0.70     -3.16
      0.35      0.70     -3.64
     -0.13      0.70     -3.64
     -0.13      0.70     -3.16
     -0.13      0.70     -3.16
     -0.13      0.70     -3.16
     -0.13      0.70     -3.16
     -0.13      0.70     -3.16
     -0.13      0.22     -3.16
     -0.13      0.70     -3.16
      0.35      0.70     -3.16
     -0.13      0.22     -2.68
     -0.13      0.22     -2.68
     -0.13      0.22     -2.68
      0.35      0.22     -2.68
     -0.13      0.22     -2.68
     -0.13      0.22     -2.21
      0.35      0.22     -2.68
      0.35      0.22     -2.21
      0.35      0.22     -2.21
      0.35      0.22     -2.21
      0.35      0.22     -1.73
      0.35      0.22     -1.73
      0.35      0.22     -1.73
      0.35      0.22     -1.73
      0.35     -0.26     -1.25
      0.35     -0.26     -1.25
      0.35     -0.26     -1.73
      0.35     -0.26     -0.77
      0.35     -0.26     -0.77
      0.35     -0.74     -0.77
      0.35     -0.74     -1.25
      0.35     -0.74     -0.77
      0.35     -0.74     -0.29
      0.35     -0.74     -0.29
      0.35     -1.22      0.19
      0.35     -1.22      0.19
      0.35     -1.22      0.19
      0.35     -1.22      0.19
      0.35     -1.22      0.19
      0.35     -1.22      0.19
      0.35     -1.22      0.19
      0.35     -1.22      0.67
      0.35     -1.69      0.67
      0.35     -2.17      0.67
      0.35     -1.22      0.67
      0.35     -1.69      0.67
      0.35     -1.69      1.14
      0.35     -1.69      1.62
      0.35     -1.69      1.62
      0.35     -1.69      1.62
      0.35     -2.17      1.62
     -0.13     -1.69      2.10
     -0.13     -1.69      2.10
     -0.13     -1.69      2.10
     -0.13     -2.17      2.10
     -0.13     -2.17      2.10
     -0.13     -2.17      2.10
     -0.13     -2.17      2.10
     -0.13     -2.17      2.58
     -0.13     -2.17      2.58
     -0.13     -2.17      2.58
     -0.13     -2.17      2.58
     -0.61     -2.17      2.58
     -0.13     -2.17      3.06
     -0.13     -2.65      3.06
     -0.13     -2.17      3.06
     -0.13     -2.65      3.06
     -0.13     -2.65      3.06
     -0.13     -2.65      3.06
     -0.13     -2.65      3.54
     -0.13     -2.65      3.06
     -0.13     -2.65      3.54
     -0.13     -3.13      3.54
     -0.13     -3.13      3.06
     -0.13     -3.13      3.54
     -0.13     -3.13      3.54
     -0.13     -3.13      3.54
     -0.13     -3.13      4.02
     -0.13     -3.13      4.02
     -0.13     -3.13      4.02
     -0.13     -3.13      4.02
     -0.13     -3.13      4.02
     -0.13     -3.13      4.02
     -0.13     -3.13      4.49
     -0.13     -3.61      4.49
     -0.13     -3.13      4.02
     -0.13     -3.13      4.49
     -0.13     -3.13      4.49
     -0.13     -3.13      4.49
      0.35     -3.13      4.49
     -0.13     -3.61      4.49
     -0.13     -3.61      4.49
     -0.13     -3.61      4.49
      0.35     -3.61      4.49
     -0.13     -3.61      4.49
     -0.13     -3.13      4.97
     -0.13     -3.61      4.97
     -0.13     -3.61      4.97
      0.35     -3.61      4.97
     -0.13     -3.13      4.97
     -0.13     -3.13      4.97
     -0.13     -3.13      4.97
      0.35     -3.61      4.97
      0.35     -3.13      4.97
      0.35     -3.13      4.97
      0.35     -3.13      4.97
      0.35     -3.13      4.97
      0.35     -2.65      4.97
      0.35     -3.13      4.97
      0.35     -3.13      4.49
      0.35     -2.65      4.49
      0.35     -3.13      4.97
      0.35     -2.65      4.49
      0.35     -2.65      4.49
      0.35     -2.17      4.49
      0.35     -2.65      4.49
      0.35     -2.65      4.49
      0.35     -2.17      4.02
     -0.13     -2.17      4.02
      0.35     -2.17      4.02
      0.35     -2.17      4.02
      0.35     -1.69      4.02
      0.35     -1.69      3.54
      0.35     -1.69      4.02
      0.35     -1.69      3.54
      0.35     -1.22      3.54
      0.35     -1.22      3.54
      0.35     -1.22      3.06
      0.35     -1.22      3.06
      0.35     -1.22      3.06
     -0.13     -1.22      2.58
     -0.13     -0.74      2.58
      0.35     -0.74      2.58
      0.35     -0.74      2.58
     -0.13     -0.74      2.58
     -0.13     -0.74      2.10
     -0.13     -0.74      1.62
     -0.13     -0.26      2.10
     -0.13     -0.26      1.62
     -0.13     -0.26      1.62
     -0.13     -0.26      1.62
     -0.13     -0.26      1.14
     -0.13      0.22      1.14
     -0.13      0.22      1.14
     -0.13      0.22      0.67
     -0.13      0.22      0.67
     -0.13      0.22      0.67
     -0.13      0.22      0.19
     -0.61      0.22      0.19
     -0.61      0.22      0.19
     -0.13      0.70      0.19
     -0.13      0.70      0.19
     -0.61      0.70      0.19
     -0.13      0.70     -0.29
     -0.13      0.70     -0.29
     -0.61      1.18     -0.77
     -0.13      1.18     -0.77
     -0.13      1.18     -0.77
     -0.13      1.18     -0.77
     -0.13      1.66     -1.25
     -0.13      1.66     -1.25
     -0.13      1.66     -1.73
     -0.61      1.66     -1.73
     -0.13      2.13     -1.73
     -0.13      2.13     -2.21
     -0.13      2.13     -2.21
     -0.13      2.13     -2.68
     -0.13      2.13     -2.68
     -0.13      2.61     -2.68
     -0.13      2.61     -2.68
     -0.13      3.09     -3.16
     -0.13      3.09     -3.16
     -0.13      3.09     -3.64
     -0.13      3.09     -3.64
     -0.13      3.57     -3.64
     -0.13      3.57     -4.12
     -0.13      3.57     -4.12
      0.35      4.05     -4.60
     -0.13      3.57     -4.60
     -0.13      4.05     -4.60
      0.35      4.05     -4.60
     -0.13      4.05     -5.08
      0.35      4.05     -5.08
     -0.13      4.05     -5.56
      0.35      4.53     -5.56
     -0.13      4.53     -5.08
      0.35      4.53     -5.56
     -0.13      4.53     -5.56
     -0.13      4.53     -6.03
     -0.13      4.05     -6.03
     -0.13      4.53     -6.03
     -0.13      4.53     -6.03
     -0.13      5.01     -6.51
     -0.61      4.53     -6.51
      0.35      5.01     -6.51
     -0.13      5.01     -6.99
     -0.13      5.01     -6.51
     -0.61      5.01     -6.51
     -0.13      5.01     -6.51
     -0.13      5.01     -6.51
     -0.61      5.01     -6.51
     -0.13      5.01     -6.51
     -0.13      5.01     -6.51
     -0.13      5.01     -6.51
     -0.13      5.01     -6.51
     -0.61      5.01     -6.51
     -0.13      5.01     -6.51
     -0.13      5.01     -6.51
     -0.13      5.01     -6.51
     -0.13      5.01     -6.03
     -0.13      4.53     -6.03
     -0.13      4.53     -6.03
     -0.13      4.53     -6.03
     -0.13      3.57     -6.03
     -0.13      4.53     -5.56
     -0.13      4.53     -5.56
     -0.13      4.05     -5.56
     -0.13      4.05     -5.56
     -0.13      4.05     -5.08
     -0.13      4.05     -5.08
     -0.61      4.05     -5.08
     -0.13      3.57     -5.08
     -0.13      3.57     -4.60
     -0.13      3.57     -4.60
      0.35      3.09     -4.60
     -0.13      3.57     -4.12
      0.35      3.09     -4.12
     -0.61      3.09     -3.64
      0.35      3.09     -3.64
     -0.13      3.09     -3.64
     -0.13      3.09     -3.64
      0.35      3.09     -3.16
      0.35      2.61     -3.16
      0.35      2.61     -2.68
     -0.13      2.13     -2.21
      0.35      2.61     -2.68
     -0.13      2.61     -2.21
      0.35      2.13     -2.21
      0.35      2.13     -1.73
      0.83      2.13     -2.21
      0.35      1.66     -1.25
      0.35      1.66     -1.25
      0.35      1.66     -0.77
      0.35      1.18     -0.29
      0.35      1.18     -0.77
      0.35      1.18     -0.77
      0.35      1.18     -0.29
      0.35      1.18      0.19
      0.35      0.70      0.19
      0.35      0.70      0.19
      0.35      0.22      0.19
      0.35      0.22      0.19
      0.35      0.22      0.67
      0.35      0.22      0.67
      0.35      0.22      0.67
      0.35      0.22      1.14
      0.35      0.22      1.14
      0.35     -0.26      1.62
      0.35     -0.26      1.62
      0.35     -0.26      1.62
      0.35     -0.74      1.62
      0.83     -0.74      2.10
      0.35     -0.74      2.10
      0.35     -0.74      2.10
      0.35     -1.22      2.58
      0.35     -1.22      2.58
      0.35     -1.22      2.58
      0.35     -1.22      2.58
      0.35     -1.22      3.06
      0.83     -1.69      3.06
      0.83     -1.69      3.06
      0.35     -1.69      3.54
      0.83     -2.17      3.54
      0.35     -2.17      3.54
      0.83     -2.17      3.54
      0.35     -2.17      4.02
      0.35     -2.65      4.02
      0.35     -2.65      4.02
      0.35     -2.65      4.02
      0.35     -2.65      4.02
      0.35     -2.65      4.02
      0.35     -3.13      4.49
      0.35     -3.13      4.49
      0.35     -3.13      4.49
      0.35     -3.13      4.49
      0.35     -3.13      4.49
      0.35     -3.61      4.97
      0.35     -3.13      4.97
      0.35     -3.13      4.97
      0.35     -3.61      4.97
      0.35     -3.13      4.97
     -0.13     -3.61      4.97
     -0.13     -4.09      4.97
     -0.13     -3.61      5.45
      0.35     -3.61      5.45
      0.35     -3.61      5.45
      0.35     -3.61      5.45
      0.35     -4.09      5.45
     -0.13     -4.09      5.45
     -0.13     -4.09      5.45
     -0.13     -3.61      5.45
     -0.13     -3.61      5.45
      0.35     -4.09      5.45
     -0.13     -4.09      5.93
     -0.13     -4.09      5.93
     -0.13     -4.09      5.45
     -0.13     -4.09      5.45
      0.35     -4.09      4.97
      0.35     -4.09      5.45
     -0.13     -4.09      5.45
     -0.13     -4.09      4.97
     -0.13     -4.09      5.45
     -0.13     -4.09      5.45
     -0.13     -4.09      4.97
     -0.13     -4.09      4.97
     -0.13     -4.09      4.97
     -0.13     -4.09      4.97
     -0.13     -4.09      4.97
     -0.13     -4.09      4.49
     -0.13     -3.61      4.49
     -0.13     -4.09      4.49
     -0.13     -4.09      4.49
     -0.13     -3.61      4.02
     -0.13     -3.61      4.02
     -0.13     -3.61      3.54
     -0.13     -3.61      3.54
     -0.13     -3.61      3.54
     -0.13     -3.61      3.54
     -0.13     -3.61      3.06
     -0.13     -3.13      2.58
     -0.13     -3.13      2.58
      0.35     -3.13      2.58
     -0.13     -3.13      2.58
     -0.13     -3.13      2.58
     -0.13     -3.13      2.10
     -0.13     -2.65      2.10
     -0.13     -2.65      1.62
     -0.13     -2.65      1.62
     -0.13     -2.65      1.62
     -0.13     -2.65      1.14
     -0.13     -2.17      1.14
     -0.13     -2.17      1.14
     -0.13     -2.17      1.14
     -0.13     -2.17      0.67
     -0.13     -2.17      0.67
     -0.13     -1.69      0.19
     -0.13     -1.69      0.67
     -0.13     -1.69      0.19
     -0.13     -1.69      0.19
     -0.13     -1.69      0.19
     -0.13     -1.22      0.19
     -0.61     -1.22      0.19
     -0.61     -1.22     -0.29
     -0.13     -1.22     -0.29
     -0.61     -1.22     -0.77
     -0.13     -0.74     -0.77
     -0.61     -0.74     -0.77
     -0.61     -0.74     -1.25
     -1.09     -0.74     -1.25
     -0.61     -0.74     -1.25
     -0.61     -0.74     -1.73
     -0.61     -0.74     -1.73
     -0.61     -0.26     -1.73
     -1.09     -0.26     -2.21
     -0.61     -0.26     -2.21
     -0.13     -0.26     -2.21
     -0.61      0.22     -2.21
     -0.13      0.22     -2.21
     -0.61      0.22     -2.21
     -0.61      0.22     -2.21
     -0.13      0.22     -2.21
     -0.13      0.22     -2.68
     -0.13      0.22     -2.68
     -0.13      0.22     -2.68
     -0.13      0.22     -2.68
     -0.13      0.70     -3.16
     -0.13      0.70     -3.16
     -0.13      0.70     -2.68
     -0.13      0.70     -3.16
     -0.13      0.70     -3.16
     -0.13      0.70     -3.64
     -0.13      0.70     -3.64
     -0.13      0.70     -3.64
      0.35      0.70     -3.64
     -0.13      1.18     -3.64
     -0.13      0.70     -3.64
     -0.13      1.18     -3.64
     -0.13      1.18     -3.64
     -0.13      1.18     -3.64
     -0.13      1.18     -3.64
     -0.13      1.18     -4.12
     -0.13      1.18     -3.64
     -0.13      1.18     -4.12
     -0.13      1.18     -3.64
     -0.13      1.18     -4.12
     -0.13      1.18     -4.12
     -0.13      1.18     -3.64
     -0.13      1.18     -3.64
     -0.13      1.18     -3.64
     -0.13      1.18     -4.12
     -0.13      1.18     -3.64
     -0.13      1.18     -3.64
     -0.13      1.18     -3.64
     -0.13      1.18     -3.64
      0.35      1.18     -3.64
     -0.13      1.18     -4.12
     -0.13      0.70     -3.64
      0.35      0.70     -3.64
      0.35      0.70     -3.64
      0.35      0.70     -3.16
      0.35      0.70     -3.16
      0.35      0.70     -3.16
     -0.13      0.70     -3.16
      0.35      0.70     -3.16
     -0.13      0.70     -2.68
      0.35      0.70     -2.68
      0.35      0.70     -2.68
     -0.13      0.70     -2.68
      0.35      0.70     -2.68
      0.35      0.70     -2.68
      0.35      0.70     -2.21
     -0.13      0.70     -2.21
     -0.13      0.22     -2.21
      0.35      0.22     -2.21
     -0.13      0.22     -1.73
     -0.13      0.22     -1.73
     -0.13      0.22     -1.73
     -0.13      0.22     -1.73
      0.35      0.22     -1.73
      0.35      0.22     -1.73
      0.35      0.22     -1.25
     -0.13      0.22     -1.73
     -0.13      0.22     -1.73
     -0.13      0.22     -1.25
     -0.13      0.22     -1.25
     -0.13      0.22     -1.25
     -0.13      0.22     -1.25
     -0.13      0.22     -0.77
     -0.13      0.22     -0.77
     -0.13      0.22     -0.77
     -0.13      0.22     -0.77
     -0.13      0.22     -0.77
     -0.13      0.22     -0.77
     -0.13      0.22     -0.29
     -0.13      0.22     -0.29
     -0.13      0.22     -0.29
     -0.13      0.22     -0.29
     -0.13      0.22     -0.29
     -0.13      0.22      0.19
     -0.13      0.22      0.19
     -0.13      0.22      0.19
     -0.13      0.22      0.19
     -0.13     -0.26      0.19
     -0.13      0.22      0.19
     -0.13      0.22      0.19
     -0.13      0.22      0.19
     -0.61      0.22      0.19
     -0.13      0.22      0.19
     -0.13      0.22      0.67
     -0.13      0.22      0.67
     -0.13      0.22      0.67
     -0.13      0.22      0.67
     -0.13      0.22      0.67
     -0.13      0.22      0.67
     -0.13      0.22      0.67
      0.35      0.22      1.14
      0.35      0.22      1.14
      0.35      0.22      1.14
      0.35      0.22      1.14
     -0.13      0.22      1.14
      0.35      0.22      1.62
      0.35      0.22      1.62
      0.35      0.22      1.62
      0.35      0.22      1.62
      0.83      0.22      1.62
      0.35      0.22      1.62
      0.35      0.22      1.62
      0.35      0.22      1.62
      0.35      0.22      1.62
      0.35      0.22      1.62
      0.83      0.22      1.62
      0.83      0.22      2.10
      0.83      0.22      1.62
      0.35      0.22      2.10
      0.35      0.22      2.10
      0.35      0.22      1.62
      0.35      0.22      2.10
      0.35      0.22      2.10
      0.35      0.22      1.62
      0.35      0.22      2.10
      0.83      0.22      2.10
      0.35      0.70      2.10
      0.35      0.70      2.10
      0.35      0.70      2.10
      0.35      0.70      2.10
      0.35      0.70      1.62
      0.83      0.70      1.62
      0.35      0.70      1.62
      0.35      1.18      1.62
      0.35      1.18      1.62
      0.35      1.18      1.62
      0.35      1.18      1.14
      0.35      1.18      1.14
      0.35      1.18      1.14
      0.35      1.66      1.14
      0.35      1.66      1.14
      0.35      1.66      0.67
      0.35      1.66      1.14
      0.35      1.66      0.67
      0.35      2.13      0.67
      0.35      1.66      0.67
      0.35      2.13      0.67
      0.35      1.66      0.67
      0.35      1.66      0.19
      0.35      2.13      0.19
      0.35      2.13      0.19
     -0.13      2.13      0.19
     -0.13      2.13      0.19
      0.35      2.13      0.19
     -0.13      2.13      0.19
      0.35      2.13      0.19
     -0.13      2.13      0.19
     -0.13      2.13      0.19
     -0.13      2.13      0.19
     -0.13      2.13      0.19
     -0.13      1.66      0.19
     -0.13      2.13      0.19
      0.35      2.13      0.19
      0.35      2.13      0.19
     -0.13      2.13      0.19
      0.35      2.13      0.19
     -0.13      1.66      0.19
      0.35      1.66      0.19
      0.35      1.66      0.19
      0.35      1.66      0.19
      0.35      1.66      0.19
      0.35      1.66      0.19
      0.35      1.66      0.19
      0.35      1.66      0.19
      0.35      1.66      0.19
      0.35      1.66      0.19
      0.35      1.66      0.19
      0.35      1.66      0.19
      0.35      1.66      0.19
      0.35      1.66      0.19
      0.35      1.66      0.19
      0.35      1.66      0.19
      0.35      1.66      0.19
      0.35      1.66      0.19
      0.35      1.18      0.19
      0.35      1.18      0.19
      0.35      1.18      0.19
      0.35      1.18      0.19
      0.35      1.18      0.19
      0.35      1.18      0.19
      0.35      1.18     -0.29
      0.35      1.18     -0.29
     -0.13      1.18     -0.29
      0.35      1.18     -0.29
      0.35      1.18     -0.29
     -0.13      1.18     -0.29
     -0.13      1.18     -0.29
     -0.13      0.70     -0.29
     -0.13      0.70     -0.29
     -0.13      0.70     -0.29
     -0.13      0.70     -0.29
     -0.13      0.70     -0.77
     -0.13      0.70     -0.29
     -0.13      0.70     -0.77
     -0.13      0.22     -0.29
     -0.13      0.22     -0.29
     -0.61      0.22     -0.77
     -0.61      0.22     -0.29
     -0.13      0.22     -0.29
     -0.61      0.22     -0.29
     -0.61      0.22     -0.77
     -0.13      0.22     -0.77
     -0.61      0.22     -0.77
     -0.61      0.22     -0.77
     -0.61     -0.26     -0.77
     -0.61     -0.26     -0.77
     -0.61     -0.26     -0.77
     -0.61     -0.26     -0.77
     -0.61     -0.74     -0.77
     -0.61     -0.74     -0.77
     -0.61     -0.74     -0.77
     -0.61     -0.74     -0.77
     -0.61     -0.74     -0.77
     -0.61     -1.22     -0.77
     -0.61     -1.22     -0.77
     -0.13     -1.69     -0.77
     -0.61     -1.22     -0.77
     -0.61     -1.69     -0.77
     -0.61     -1.69     -0.29
     -0.13     -1.69     -0.77
     -0.61     -1.69     -0.77
     -0.61     -2.17     -0.29
     -0.13     -2.17     -0.29
     -0.13     -2.65     -0.29
     -0.13     -2.17     -0.77
     -0.13     -2.17     -0.29
     -0.13     -2.17     -0.29
     -0.13     -2.65     -0.29
     -0.13     -2.65     -0.29
     -0.13     -2.65      0.19
     -0.13     -2.65     -0.29
     -0.13     -2.65      0.19
     -0.13     -2.65     -0.29
     -0.13     -3.13      0.19
     -0.13     -3.13      0.19
     -0.13     -3.13      0.19
     -0.13     -3.13      0.19
     -0.13     -3.13      0.19
     -0.13     -3.13      0.19
     -0.13     -3.13      0.19
     -0.13     -3.13      0.19
     -0.13     -3.13      0.19
     -0.13     -3.13      0.19
     -0.13     -3.61      0.19
     -0.13     -3.61      0.19
     -0.13     -3.13      0.19
     -0.13     -3.13      0.19
     -0.13     -3.13      0.19
     -0.13     -3.13      0.19
     -0.13     -3.13      0.19
     -0.13     -3.13      0.19
     -0.13     -3.13      0.19
     -0.13     -3.13      0.19
     -0.13     -3.13      0.19
     -0.13     -3.13      0.67
     -0.13     -3.61      0.19
     -0.13     -3.13      0.19
     -0.13     -3.13      0.67
     -0.13     -3.13      0.67
     -0.13     -3.13      0.67
     -0.13     -3.13      0.67
     -0.13     -3.13      0.67
     -0.13     -3.13      0.67
     -0.13     -3.13      0.67
     -0.13     -3.13      0.67
     -0.13     -3.13      0.67
     -0.13     -2.65      0.67
     -0.13     -2.65      1.14
     -0.13     -2.65      0.67
     -0.13     -2.65      0.67
     -0.13     -2.65      1.14
     -0.13     -2.65      1.14
     -0.13     -2.65      0.67
     -0.13     -2.65      1.14
     -0.13     -2.65      1.14
     -0.13     -2.65      1.14
     -0.13     -2.65      1.14
     -0.13     -2.17      1.14
     -0.13     -2.17      1.14
     -0.13     -2.17      1.14
     -0.13     -2.17      1.14
     -0.13     -2.17      1.62
     -0.13     -2.17      1.62
     -0.13     -2.17      1.62
     -0.13     -2.17      1.62
     -0.61     -2.17      1.14
     -0.13     -2.17      1.62
      0.35     -1.69      1.14
     -0.13     -1.69      1.62
     -0.13     -1.69      1.62
     -0.13     -1.69      1.62
     -0.13     -1.69      1.62
     -0.13     -1.69      1.62
     -0.13     -1.22      1.62
     -0.13     -1.22      1.62
     -0.13     -1.22      1.62
     -0.13     -1.22      1.62
     -0.13     -1.22      1.62
     -0.13     -1.22      1.62
     -0.13     -1.22      1.14
     -0.13     -0.74      1.62
     -0.13     -0.74      1.14
     -0.13     -0.74      1.62
     -0.13     -0.26      1.62
     -0.13     -0.26      1.62
     -0.13     -0.26      1.62
     -0.13      0.22      1.14
     -0.13      0.22      1.14
     -0.13      0.22      0.67
     -0.13      0.22      1.14
     -0.61      0.22      1.14
     -0.13      0.22      1.14
     -0.13      0.70      1.14
     -0.13      0.70      1.14
     -0.13      0.70      1.14
     -0.13      0.70      1.14
     -0.13      0.70      1.14
     -0.61      0.70      0.67
     -0.13      1.18      0.67
     -0.61      1.18      0.67
     -0.61      1.18      0.67
     -0.61      1.18      0.67
     -0.13      1.18      0.67
     -0.13      1.18      0.67
     -0.61      1.18      0.67
     -0.61      1.66      0.67
     -0.13      1.66      0.67
     -0.13      1.18      0.67
     -0.13      1.66      0.67
     -0.13      1.66      0.67
     -0.13      1.66      0.67
     -0.13      1.66      0.19
     -0.13      1.66      0.19
     -0.13      1.66      0.19
     -0.13      1.66      0.19
     -0.13      1.66      0.19
     -0.13      1.66      0.19
     -0.13      1.66      0.19
     -0.13      2.13      0.19
     -0.13      2.13      0.19
     -0.13      2.13      0.19
     -0.13      2.13      0.19
     -0.13      2.13      0.19
     -0.13      2.13      0.19
     -0.13      2.13      0.19
     -0.13      2.13      0.19
     -0.13      2.61      0.19
     -0.13      2.13      0.19
      0.35      2.13      0.19
     -0.13      2.13      0.19
      0.35      2.61      0.19
     -0.13      2.61      0.19
      0.35      2.61     -0.29
     -0.13      2.61     -0.29
     -0.13      2.61     -0.29
     -0.13      2.61     -0.29
     -0.13      2.61     -0.29
     -0.13      2.61     -0.29
      0.35      2.61     -0.29
      0.35      2.61     -0.29
     -0.13      2.13     -0.29
     -0.13      2.13     -0.29
      0.35      2.13      0.19
      0.35      2.13     -0.29
      0.35      2.13     -0.29
      0.35      2.13     -0.29
      0.35      2.13     -0.29
     -0.13      2.13     -0.77
      0.35      2.13     -0.77
      0.35      2.13     -0.77
     -0.13      2.13     -0.77
      0.35      2.13     -0.77
     -0.13      2.13     -0.77
     -0.13      1.66     -0.77
     -0.13      1.66     -0.77
      0.35      1.66     -0.77
     -0.13      1.66     -0.77
      0.35      1.66     -0.77
      0.35      1.66     -0.77
      0.35      1.66     -0.77
      0.35      1.66     -0.77
      0.35      1.66     -0.77
      0.35      1.66     -0.77
      0.35      1.66     -0.77
      0.35      1.18     -0.77
      0.35      1.18     -0.77
      0.35      1.18     -1.73
      0.35      1.18     -1.25
      0.35      1.18     -1.25
      0.35      0.70     -1.25
      0.35      0.70     -1.25
      0.35      0.70     -1.25
      0.35      0.70     -1.25
      0.35      0.70     -1.25
      0.35      0.70     -1.25
      0.35      0.22     -1.25
      0.35      0.22     -1.73
      0.35      0.22     -1.73
      0.35      0.22     -1.73
      0.35      0.22     -1.73
      0.35      0.22     -1.73
      0.35      0.22     -1.73
      0.83      0.22     -1.73
      0.35      0.22     -1.73
      0.35      0.22     -1.73
      0.35      0.22     -2.21
      0.83     -0.26     -2.21
      0.35     -0.26     -2.21
      0.35     -0.26     -2.21
      0.35     -0.26     -2.21
      0.35     -0.26     -2.21
      0.83     -0.74     -2.21
      0.35     -0.74     -2.21
      0.83     -0.74     -2.21
      0.35     -0.74     -2.21
      0.35     -0.74     -2.21
      0.35     -1.22     -2.21
      0.35     -1.22     -2.21
      0.35     -1.22     -2.21
      0.83     -1.22     -2.21
      0.35     -1.22     -2.21
      0.35     -1.22     -2.21
      0.35     -1.22     -2.21
      0.35     -1.22     -2.21
      0.35     -1.22     -2.21
      0.35     -1.22     -2.21
      0.35     -2.17     -2.21
      0.35     -1.69     -2.21
      0.35     -1.69     -2.21
      0.35     -1.69     -2.21
      0.35     -1.69     -2.21
      0.35     -1.69     -2.21
      0.35     -1.69     -2.21
      0.35     -2.17     -2.21
      0.35     -1.69     -2.21
      0.35     -1.69     -2.21
     -0.13     -1.69     -1.73
      0.35     -1.69     -1.73
      0.35     -2.17     -2.21
     -0.13     -1.69     -2.21
      0.35     -1.69     -2.21
     -0.13     -1.69     -1.73
      0.35     -1.69     -1.73
     -0.13     -1.69     -1.73
     -0.13     -1.69     -1.73
     -0.13     -1.69     -1.73
      0.35     -1.69     -1.73
     -0.13     -1.22     -1.73
      0.35     -1.69     -1.73
      0.35     -1.22     -1.73
     -0.13     -1.22     -1.73
     -0.13     -1.22     -1.73
      0.35     -1.22     -1.25
      0.35     -1.22     -1.73
     -0.13     -1.22     -1.25
     -0.13     -1.22     -1.25
     -0.13     -1.22     -1.25
      0.35     -1.22     -1.25
     -0.13     -1.22     -1.25
      0.35     -1.22     -1.73
      0.35     -1.22     -1.25
      0.35     -0.74     -1.25
     -0.13     -0.74     -0.77
     -0.61     -0.74     -0.77
      0.35     -0.74     -0.77
      0.35     -0.74     -0.77
     -0.13     -0.74     -0.77
      0.35     -0.74     -0.29
     -0.13     -0.74     -0.77
      0.35     -0.26     -0.29
     -0.13     -0.26     -0.29
      0.35     -0.26      0.19
     -0.13     -0.26      0.19
      0.35     -0.26      0.19
      0.35     -0.26      0.19
      0.35     -0.74      0.19
      0.35      0.22      0.19
      0.35      0.22      0.19
      0.35      0.22      0.19
     -0.13      0.22      0.67
     -0.13      0.22      0.67
     -0.13      0.22      0.67
     -0.13      0.22      0.67
     -0.13      0.22      1.14
     -0.13      0.22      1.14
     -0.13      0.22      1.14
     -0.13      0.22      1.14
     -0.13      0.22      1.14
     -0.13      0.22      1.62
     -0.13      0.22      1.62
     -0.13      0.22      1.62
     -0.61      0.22      1.62
     -0.61      0.22      2.10
     -0.61      0.22      2.10
     -0.61      0.22      2.10
     -0.61      0.22      2.10
     -0.61      0.22      2.58
     -0.61      0.22      2.58
     -0.61      0.70      2.58
     -0.13      0.22      2.58
     -0.61      0.22      2.58
     -0.61      0.70      3.06
     -0.13      0.22      3.06
     -0.13      0.22      3.06
     -0.13      0.70      3.06
     -0.61      0.22      3.06
     -0.61      0.70      3.06
     -0.61      0.70      3.06
     -0.61      0.70      2.58
     -0.61      0.22      3.06
     -0.61      0.70      3.54
     -0.13      0.22      3.54
     -0.61      0.22      3.54
     -0.61      0.70      3.54
     -0.13      0.22      3.54
     -0.61      0.70      3.54
     -0.13      0.70      3.54
     -0.13      0.70      3.54
     -0.61      0.70      3.54
     -0.13      0.70      4.02
     -0.13      0.70      3.54
     -0.13      0.22      4.02
     -0.13      0.22      3.54
     -0.13      0.70      4.02
     -0.13      0.70      4.02
      0.35      0.70      4.02
      0.35      0.70      3.54
     -0.13      0.22      4.02
      0.35      0.70      3.54
      0.35      0.70      4.02
     -0.13      0.22      3.54
     -0.13      0.22      4.02
     -0.13      0.22      3.54
     -0.13      0.22      3.54
      0.35      0.22      3.54
     -0.13      0.22      3.54
     -0.13      0.22      3.54
      0.35      0.22      3.54
     -0.13      0.22      3.54
     -0.13      0.22      3.54
      0.35      0.22      3.06
     -0.13      0.22      3.06
      0.35      0.22      3.06
     -0.13      0.22      3.06
     -0.13      0.22      3.06
      0.35      0.22      3.06
     -0.13      0.22      3.06
     -0.13      0.22      2.58
     -0.13     -0.26      2.58
     -0.13      0.22      2.58
     -0.13      0.22      2.58
     -0.13     -0.26      2.10
     -0.13     -0.26      2.10
     -0.13     -0.26      2.10
     -0.13     -0.74      2.10
     -0.13     -0.26      2.10
     -0.13     -0.74      1.62
     -0.13     -0.74      1.62
     -0.13     -0.74      1.62
     -0.13     -0.74      1.62
     -0.13     -0.74      1.14
     -0.13     -0.74      1.14
     -0.13     -0.74      1.14
     -0.13     -0.74      0.67
     -0.13     -0.74      0.67
     -0.13     -0.74      0.19
     -0.13     -0.74      0.19
     -0.61     -0.74      0.19
     -0.13     -0.74      0.19
     -0.13     -0.74      0.19
     -0.13     -0.74      0.19
     -0.13     -0.74     -0.29
     -0.61     -0.74     -0.29
     -0.61     -0.74     -0.29
     -0.61     -0.74     -0.77
     -0.13     -0.74     -0.77
     -0.13     -0.74     -0.77
     -0.13     -0.74     -0.77
     -0.13     -0.74     -1.25
     -0.13     -0.74     -1.25
     -0.61     -0.74     -1.25
     -0.13     -0.74     -1.25
     -0.13     -0.74     -1.73
     -0.13     -0.74     -1.73
     -0.13     -0.74     -1.73
     -0.13     -0.74     -2.21
     -0.13     -0.74     -2.21
     -0.13     -0.74     -2.21
     -0.13     -0.74     -2.21
     -0.13     -0.74     -2.21
      0.35     -0.74     -2.68
     -0.13     -0.74     -2.68
     -0.13     -0.74     -2.68
      0.35     -0.26     -2.68
      0.35     -0.74     -3.16
     -0.13     -0.74     -3.16
      0.35     -0.74     -3.16
      0.35     -0.74     -3.16
      0.35     -0.74     -3.16
      0.35     -0.26     -3.16
      0.35     -0.26     -3.16
      0.35     -0.74     -3.64
      0.35     -0.74     -3.64
      0.35     -0.26     -3.64
      0.35     -0.74     -3.64
      0.35     -0.26     -3.64
      0.35     -0.74     -3.64
      0.35     -0.26     -3.64
      0.35     -0.74     -3.64
      0.35     -0.74     -3.64
      0.35     -0.26     -3.64
      0.35     -0.74     -3.64
      0.35     -0.26     -3.64
      0.35     -0.26     -4.12
      0.35     -0.26     -4.12
      0.35     -0.26     -3.64
      0.35     -0.26     -3.64
      0.35     -1.22     -3.64
      0.35     -0.26     -3.64
      0.83     -0.26     -3.64
      0.35     -0.26     -3.64
      0.35     -0.26     -3.64
      0.35      0.22     -3.64
      0.83      0.22     -3.64
      0.35      0.22     -3.64
      0.35      0.22     -3.64
      0.35      0.22     -3.64
      0.35      0.22     -3.64
      0.35      0.22     -3.64
      0.35      0.22     -3.64
      0.35      0.22     -3.64
      0.35      0.22     -3.64
      0.35      0.22     -3.16
     -0.13      0.22     -3.64
      0.35      0.22     -3.16
     -0.13      0.22     -3.16
      0.35      0.22     -3.16
      0.35      0.22     -3.16
     -0.13      0.22     -2.68
      0.35      0.22     -2.68
     -0.13      0.22     -2.68
     -0.13      0.22     -2.68
     -0.13      0.22     -2.68
     -0.13      0.22     -2.68
     -0.13      0.70     -2.21
     -0.13      0.70     -2.21
     -0.13      0.70     -2.21
     -0.13      0.70     -2.21
     -0.13      0.70     -2.21
     -0.13      0.70     -1.73
      0.35      0.70     -1.73
     -0.13      0.70     -1.73
     -0.13      0.70     -1.25
      0.35      0.70     -1.25
     -0.13      0.70     -1.25
     -0.13      0.70     -1.25
      0.35      0.70     -1.25
      0.35      0.70     -1.25
      0.35      1.18     -0.77
      0.35      1.18     -0.77
     -0.13      1.18     -0.77
      0.35      0.70     -0.77
      0.35      1.18     -0.29
      0.35      0.70     -0.29
      0.35      1.18     -0.29
      0.35      1.18     -0.29
      0.35      1.18      0.19
      0.35      1.18      0.19
      0.35      0.70      0.19
      0.35      1.18      0.19
      0.35      1.18      0.19
      0.35      0.70      0.19
      0.35      1.18      0.19
      0.35      1.18      0.67
      0.35      1.18      0.67
      0.35      0.70      0.67
      0.35      0.70      0.67
      0.35      0.70      1.14
      0.35      1.18      1.14
      0.35      0.70      1.14
      0.35      0.70      1.62
      0.35      0.70      1.62
      0.35      0.70      1.62
      0.35      0.70      1.62
      0.35      0.70      1.62
      0.35      0.70      2.10
      0.35      1.18      2.10
      0.35      0.70      2.10
      0.35      0.70      2.10
      0.35      0.70      2.10
      0.35      0.70      2.58
      0.35      0.70      2.58
      0.35      0.70      2.58
      0.35      0.70      2.58
      0.35      0.70      2.58
      0.35      0.70      2.58
      0.35      0.70      2.58
     -0.13      0.70      3.06
      0.35      0.70      3.06
     -0.13      0.70      3.06
     -0.13      0.70      3.54
     -0.13      0.70      3.54
     -0.13      0.70      3.54
     -0.13      0.70      3.54
     -0.13      0.70      3.54
     -0.13      0.22      3.54
     -0.13      0.70      3.54
     -0.13      0.22      3.54
     -0.13      0.22      3.54
     -0.13      0.70      3.54
     -0.61      0.22      3.54
     -0.61      0.70      4.02
     -0.13      0.22      3.54
     -0.13      0.22      3.54
     -0.13      0.22      3.54
     -0.13      0.22      3.06
     -0.13      0.22      3.54
     -0.13      0.22      3.54
     -0.13      0.22      3.54
     -0.61      0.22      3.54
     -0.13      0.22      3.54
     -0.13      0.22      3.54
     -0.61      0.22      3.54
     -0.61      0.22      3.54
     -0.13      0.22      3.54
     -0.13      0.22      3.54
     -0.61     -0.26      3.06
     -0.13     -0.26      3.06
     -0.61     -0.26      3.06
     -0.13     -0.26      3.06
     -0.61     -0.74      3.06
     -1.09     -0.74      3.06
     -0.61     -0.26      3.06
     -0.61     -0.74      2.58
     -0.61     -0.74      2.58
     -0.13     -0.74      2.58
     -0.61     -0.74      2.58
     -0.61     -0.74      2.10
     -0.13     -1.22      2.58
     -0.13     -1.22      2.10
     -0.13     -1.22      2.10
     -0.13     -1.22      2.10
     -0.13     -1.22      1.62
     -0.13     -1.22      1.14
     -0.13     -1.22      1.62
     -0.13     -1.22      1.62
     -0.13     -1.22      1.62
     -0.13     -1.22      1.14
     -0.13     -1.69      1.14
     -0.13     -1.22      1.14
     -0.13     -1.69      1.14
     -0.13     -1.69      1.14
     -0.13     -1.69      0.67
     -0.61     -1.69      1.14
     -0.13     -1.69      0.67
     -0.13     -1.69      0.67
     -0.13     -1.69      0.67
     -0.13     -1.69      0.67
     -0.13     -1.69      0.67
     -0.13     -1.69      0.19
     -0.13     -1.69      0.19
     -0.13     -1.69      0.19
     -0.13     -1.69      0.19
     -0.13     -1.69      0.19
     -0.61     -1.69      0.19
     -0.13     -1.69      0.19
     -0.13     -1.69     -0.29
     -0.13     -1.22     -0.29
     -0.13     -1.22     -0.29
     -0.13     -1.22     -0.29
     -0.13     -1.69     -0.77
     -0.13     -1.69     -0.77
     -0.13     -1.69     -1.25
     -0.13     -1.22     -0.77
     -0.13     -1.22     -0.77
     -0.13     -1.22     -1.25
     -0.13     -1.22     -1.25
     -0.13     -1.22     -0.77
     -0.13     -1.22     -1.25
      0.35     -1.22     -1.25
     -0.13     -1.22     -1.73
     -0.13     -1.22     -1.25
     -0.61     -1.22     -1.25
     -0.13     -1.22     -1.25
      0.35     -1.69     -1.25
     -0.13     -1.22     -1.25
     -0.13     -1.22     -1.25
     -0.13     -0.74     -1.25
     -0.13     -1.22     -1.73
     -0.13     -1.22     -1.25
     -0.13     -1.22     -1.25
     -0.13     -0.74     -1.25
     -0.13     -0.74     -1.73
     -0.13     -1.22     -1.25
     -0.13     -1.22     -1.73
     -0.13     -0.74     -1.25
     -0.13     -0.74     -1.73
     -0.13     -0.74     -1.73
     -0.13     -0.74     -1.73
     -0.13     -0.74     -1.73
     -0.13     -0.74     -1.73
     -0.13     -0.74     -1.73
     -0.13     -0.74     -1.73
     -0.13     -0.74     -1.73
     -0.13     -0.74     -2.21
     -0.13     -0.74     -2.21
     -0.13     -0.74     -2.21
     -0.13     -0.74     -1.73
     -0.13     -0.74     -1.73
     -0.13     -0.74     -2.21
     -0.13     -0.74     -2.21
      0.35     -0.74     -2.21
      0.35     -0.74     -2.21
      0.35     -0.26     -2.21
      0.35     -0.26     -2.68
     -0.61     -0.26     -2.21
      0.35     -0.26     -2.21
      0.35     -0.26     -2.21
      0.35     -0.26     -2.21
      0.35     -0.26     -2.21
      0.35     -0.26     -2.21
      0.35      0.22     -2.21
      0.35      0.22     -2.68
      0.35      0.22     -2.21
      0.35      0.22     -2.21
      0.35      0.22     -2.21
      0.35      0.22     -2.21
      0.35      0.22     -2.21
      0.83      0.22     -2.21
      0.35      0.22     -2.21
      0.35      0.22     -2.21
      0.35      0.22     -2.21
      0.35      0.22     -2.21
      0.35      0.70     -2.21
      0.35      0.22     -2.21
      0.35      0.22     -2.21
      0.35      0.22     -2.21
      0.35      0.70     -1.73
      0.35      0.70     -1.73
      0.35      0.70     -1.73
      0.35      0.70     -1.73
      0.35      0.70     -1.73
      0.35      0.70     -1.73
      0.35      0.70     -1.25
      0.35      0.70     -1.25
      0.35      0.70     -1.25
      0.35      0.70     -1.25
      0.35      0.70     -1.25
      0.35      0.70     -1.25
      0.35      0.70     -1.25
      0.35      0.70     -0.77
      0.35      1.18     -1.25
      0.35      0.70     -0.77
      0.35      0.70     -0.77
      0.35      1.18     -0.77
      0.35      1.18     -0.77
      0.35      1.18     -0.29
      0.35      1.18     -0.77
      0.35      0.70     -0.77
      0.35      1.18     -0.29
      0.35      1.18     -0.77
      0.35      1.18      0.19
     -0.13      1.18     -0.29
     -0.13      1.18      0.19
     -0.13      1.18      0.19
     -0.13      1.18     -0.29
      0.35      1.18      0.19
     -0.13      1.18      0.19
      0.35      0.70      0.19
      0.35      0.70      0.19
     -0.13      1.18      0.19
      0.35      0.70      0.19
     -0.13      1.18      0.19
     -0.13      0.70      0.19
     -0.13      1.18      0.19
     -0.13      0.70      0.19
     -0.13      0.70      0.19
     -0.13      0.70      0.19
     -0.13      0.70      0.19
     -0.13      0.70      0.67
     -0.13      0.70      0.67
      0.35      0.70      0.19
     -0.61      0.70      0.19
      0.35      0.70      0.67
      0.35      0.70      0.67
     -0.13      0.70      0.67
     -0.13      0.70      0.67
     -0.13      0.70      0.67
      0.35      0.70      0.67
      0.35      0.70      0.67
     -0.13      0.70      0.67
     -0.13      0.70      0.67
     -0.13      0.22      0.67
      0.35      0.22      0.67
      0.35      0.22      0.67
      0.35      0.22      1.14
      0.35      0.22      1.14
      0.35      0.22      1.14
      0.35      0.22      1.14
      0.35      0.22      1.14
      0.35      0.22      1.14
      0.35      0.22      0.67
      0.35      0.22      1.14
     -0.13      0.22      1.14
      0.35      0.22      1.14
      0.35      0.22      1.14
      0.35      0.22      0.67
      0.35      0.22      1.14
     -0.13      0.22      1.14
      0.35      0.22      1.14
     -0.13     -0.26      1.14
     -0.13     -0.26      1.14
     -0.13     -0.26      1.62
     -0.13     -0.26      1.14
     -0.13     -0.26      1.62
     -0.13     -0.26      1.62
     -0.13     -0.26      1.62
     -0.13     -0.26      1.62
     -0.13     -0.26      1.62
     -0.13     -0.26      1.62
     -0.13     -0.74      1.62
     -0.61     -0.74      1.62
     -0.13     -0.74      1.62
     -0.13     -0.74      1.62
     -0.13     -0.74      1.62
     -0.61     -0.74      1.62
     -0.61     -0.74      1.62
     -0.61     -1.22      1.62
     -0.61     -1.22      1.62
     -0.61     -1.22      1.62
     -0.61     -1.22      1.62
     -0.61     -1.22      1.62
     -0.61     -2.17      1.62
     -0.61     -1.69      1.62
     -0.13     -1.69      1.62
     -0.13     -1.22      1.62
     -0.61     -1.69      1.62
     -0.61     -1.69      1.62
     -0.61     -1.69      1.62
     -0.61     -1.69      1.62
     -0.61     -1.69      1.62
     -0.61     -1.69      1.62
     -0.61     -2.17      1.62
     -0.61     -1.69      1.62
     -0.13     -2.65      1.62
     -0.61     -2.17      1.62
     -0.13     -2.17      1.14
     -0.61     -2.17      1.14
     -0.13     -2.65      1.14
     -0.13     -2.17      1.14
     -0.13     -2.17      1.14
     -0.13     -2.17      1.14
     -0.13     -2.17      1.14
     -0.13     -2.17      1.14
     -0.13     -2.17      1.14
     -0.13     -2.17      1.14
     -0.13     -2.17      0.67
     -0.13     -2.17      1.14
     -0.13     -2.17      0.67
     -0.13     -2.17      0.67
     -0.13     -2.17      1.14
     -0.13     -1.69      0.67
     -0.13     -1.69      0.67
     -0.13     -2.17      1.14
     -0.13     -2.17      0.67
     -0.13     -1.69      0.67
     -0.13     -2.17      0.67
     -0.13     -1.69      0.67
     -0.13     -1.69      0.67
     -0.13     -1.69      0.67
     -0.13     -1.69      0.67
      0.35     -1.69      0.67
     -0.13     -1.69      0.67
     -0.13     -1.69      0.67
     -0.13     -1.22      0.67
     -0.13     -1.22      0.67
     -0.13     -1.69      0.19
     -0.13     -1.22      0.19
      0.35     -1.22      0.19
      0.35     -1.22      0.19
     -0.13     -1.22      0.19
      0.35     -1.22      0.19
     -0.13     -1.22      0.19
      0.35     -0.74      0.19
     -0.13     -0.74      0.19
     -0.13     -0.74      0.19
     -0.13     -0.74      0.19
     -0.13     -0.26      0.19
     -0.13     -0.26      0.19
     -0.13     -0.26      0.19
     -0.13      0.22      0.19
     -0.13      0.22      0.19
     -0.13      0.22      0.19
     -0.13      0.22      0.19
     -0.13      0.22     -0.29
     -0.13      0.22     -0.29
     -0.13      0.22     -0.29
     -0.13      0.22     -0.29
     -0.13      0.70     -0.29
     -0.13      0.70     -0.29
     -0.13      0.70     -0.29
     -0.13      0.70     -0.77
      0.35      0.70     -0.29
     -0.13      1.18     -0.77
     -0.13      1.18     -0.77
     -0.13      1.18     -0.77
     -0.13      1.18     -0.77
     -0.13      1.66     -0.77
     -0.13      1.18     -1.25
     -0.13      1.18     -1.25
      0.35      1.66     -0.77
     -0.13      1.66     -0.77
      0.35      1.66     -1.25
     -0.13      1.66     -1.25
     -0.13      1.66     -1.25
     -0.13      2.13     -1.25
     -0.13      2.13     -1.25
     -0.13      2.13     -1.25
     -0.13      2.13     -1.25
     -0.13      2.13     -1.25
      0.35      2.13     -1.25
      0.35      2.13     -1.73
      0.35      2.61     -1.73
      0.35      2.61     -1.25
      0.35      2.61     -1.25
      0.35      2.61     -1.25
      0.35      2.61     -1.25
      0.35      3.09     -1.73
      0.35      3.09     -1.73
      0.35      3.09     -1.73
      0.35      3.09     -1.73
      0.35      3.09     -1.73
      0.35      3.09     -1.73
      0.35      3.09     -1.73
     -0.13      3.09     -1.73
      0.35      3.09     -1.73
      0.35      3.09     -1.73
      0.35      3.09     -1.73
      0.35      3.09     -1.73
      0.35      3.09     -1.73
      0.35      3.09     -1.73
      0.35      3.09     -1.73
      0.35      3.09     -1.73
      0.35      3.09     -1.73
      0.35      3.09     -1.73
      0.35      3.09     -1.73
      0.35      3.09     -1.73
      0.35      3.09     -1.73
      0.35      3.09     -1.73
      0.35      3.09     -1.73
      0.35      3.09     -1.73
      0.35      3.09     -1.73
      0.35      2.61     -1.73
      0.35      3.09     -1.73
      0.35      3.09     -1.73
      0.35      3.09     -1.73
      0.35      3.09     -1.25
      0.35      3.09     -1.73
     -0.13      3.09     -1.73
     -0.13      3.09     -1.73
     -0.13      2.61     -1.25
     -0.13      2.61     -1.25
     -0.13      2.61     -1.73
     -0.13      2.61     -1.25
     -0.13      2.61     -1.25
     -0.13      2.61     -1.25
     -0.61      2.13     -1.25
     -0.13      2.13     -1.25
     -0.13      2.13     -1.25
     -0.13      2.13     -1.25
     -0.13      1.66     -1.25
     -0.13      1.66     -1.25
     -0.13      1.66     -0.77
     -0.13      1.66     -0.77
     -0.13      1.66     -0.77
     -0.13      1.66     -0.77
     -0.13      1.18     -0.77
     -0.13      1.18     -0.77
     -0.61      1.18     -0.77
     -0.13      1.18     -0.77
     -0.61      1.18     -0.77
     -0.61      0.70     -0.29
     -0.61      0.70     -0.29
     -0.13      0.70     -0.29
     -0.13      0.70     -0.29
     -0.61      0.22      0.19
     -0.13      0.22      0.19
     -0.61      0.22      0.19
     -0.61      0.22      0.19
     -0.13      0.22      0.19
     -0.13      0.22      0.19
     -0.13      0.22      0.19
     -0.13     -0.26      0.19
     -0.13     -0.26      0.19
     -0.13     -0.74      0.19
     -0.13     -0.74      0.19
     -0.13     -0.74      0.19
     -0.13     -0.74      0.67
     -0.13     -1.22      0.67
     -0.13     -1.22      0.67
     -0.61     -1.22      0.67
     -0.13     -1.22      0.67
     -0.13     -1.69      1.14
     -0.13     -1.69      0.67
     -0.13     -1.69      1.14
     -0.13     -1.69      1.14
     -0.13     -2.17      1.14
     -0.13     -2.17      1.14
     -0.13     -2.17      1.14
     -0.13     -2.17      1.14
     -0.13     -2.17      1.14
     -0.13     -2.65      1.14
     -0.13     -2.65      1.14
      0.35     -2.65      1.62
     -0.13     -2.65      1.62
      0.35     -2.65      1.62
     -0.13     -3.13      1.62
     -0.13     -3.13      1.62
     -0.13     -3.13      1.62
     -0.13     -3.13      1.62
     -0.13     -3.13      1.62
     -0.13     -3.13      1.62
      0.35     -3.13      1.62
      0.35     -3.61      1.62
      0.35     -3.61      1.62
      0.35     -3.61      2.10
     -0.13     -3.61      1.62
      0.35     -3.61      2.10
      0.35     -3.61      2.10
      0.35     -3.61      2.10
      0.35     -4.09      1.62
      0.35     -3.61      2.10
      0.35     -4.09      1.62
     -0.13     -4.09      1.62
      0.35     -4.09      2.10
      0.35     -4.09      2.10
      0.35     -4.09      2.10
      0.35     -4.09      2.10
      0.35     -4.09      2.10
      0.35     -4.09      2.10
      0.35     -4.09      2.10
      0.35     -4.09      2.10
      0.35     -4.09      1.62
      0.35     -4.09      1.62
      0.35     -4.09      2.10
      0.35     -4.09      1.62
      0.35     -4.09      2.10
      0.35     -4.09      1.62
      0.35     -4.09      2.10
      0.35     -4.09      1.62
      0.35     -4.09      1.62
      0.35     -4.09      1.62
      0.35     -4.09      1.62
      0.35     -4.09      1.62
      0.35     -3.61      1.62
      0.35     -3.61      1.62
      0.35     -3.61      1.62
      0.35     -3.61      1.14
     -0.13     -3.61      1.14
     -0.13     -3.13      1.14
      0.35     -3.61      1.14
      0.35     -3.13      1.14
      0.35     -3.13      1.14
      0.35     -3.13      1.14
      0.35     -3.13      1.14
      0.35     -2.65      0.67
      0.35     -3.13      0.67
      0.35     -2.65      0.67
      0.35     -2.65      0.67
     -0.13     -2.17      0.19
      0.35     -2.17      0.67
      0.35     -2.17      0.67
      0.35     -1.69      0.19
      0.35     -1.69      0.19
      0.35     -1.69      0.19
      0.35     -1.22      0.19
      0.35     -1.22      0.19
      0.35     -1.22      0.19
      0.35     -1.22      0.19
      0.35     -1.22      0.19
      0.35     -0.74      0.19
      0.35     -0.74      0.19
      0.35     -0.26      0.19
      0.35     -0.26     -0.29
      0.35     -0.26     -0.29
      0.35     -0.26     -0.29
      0.35     -0.26     -0.29
      0.35      0.22     -0.29
      0.35     -0.26     -0.77
      0.35      0.22     -0.77
      0.35      0.22     -0.77
      0.35      0.22     -0.77
      0.35      0.22     -0.77
      0.35      0.22     -0.77
      0.35      0.70     -1.25
      0.35      0.70     -0.77
      0.35      0.70     -1.25
      0.35      0.70     -1.25
      0.35      0.70     -1.25
      0.35      1.18     -1.25
      0.35      1.18     -1.25
      0.35      1.18     -1.25
      0.35      1.18     -1.25
      0.35      1.66     -1.25
     -0.13      1.18     -1.25
      0.35      1.18     -1.25
     -0.13      1.66     -1.25
     -0.13      1.66     -1.73
     -0.13      1.66     -1.73
     -0.13      2.13     -1.73
     -0.13      1.66     -1.73
     -0.13      2.13     -1.73
     -0.13      2.13     -1.73
     -0.13      2.13     -1.73
     -0.13      2.13     -1.73
     -0.13      2.61     -1.73
     -0.13      2.61     -2.21
     -0.13      2.13     -2.21
     -0.13      2.61     -2.21
      0.35      2.61     -2.21
     -0.13      2.13     -1.73
     -0.13      2.61     -2.21
     -0.13      2.61     -1.73
     -0.13      3.09     -1.73
     -0.13      2.61     -1.73
     -0.13      3.09     -1.73
     -0.61      3.09     -1.73
     -0.13      2.61     -1.73
     -0.13      3.09     -1.73
     -0.61      3.09     -1.73
     -0.61      3.09     -1.73
     -0.13      3.09     -1.73
     -0.13      3.09     -1.73
     -0.13      3.09     -1.73
     -0.13      3.09     -1.73
     -0.13      3.09     -1.73
     -0.13      3.09     -1.73
     -0.61      3.09     -1.73
     -0.61      3.09     -1.73
     -0.13      3.09     -1.73
     -0.13      3.09     -1.73
     -0.13      3.09     -1.73
     -0.13      3.09     -1.73
     -0.13      3.09     -1.25
     -0.13      3.09     -1.25
     -0.13      2.61     -1.25
     -0.13      2.61     -1.25
     -0.13      2.61     -1.25
     -0.13      2.61     -0.77
     -0.13      2.61     -0.77
     -0.13      2.61     -0.77
     -0.13      2.61     -0.77
     -0.13      2.13     -0.29
     -0.13      2.13     -0.77
     -0.13      2.13     -0.77
     -0.13      1.66     -0.77
     -0.13      2.13     -0.29
      0.35      1.66     -0.29
     -0.13      1.66     -0.29
     -0.13      1.66     -0.29
     -0.13      1.66      0.19
     -0.13      1.66      0.19
     -0.13      1.66      0.19
     -0.13      1.66      0.19
     -0.13      1.18      0.19
     -0.13      1.18      0.19
      0.35      1.18      0.19
     -0.13      1.18      0.19
     -0.13      1.18      0.19
     -0.13      1.18      0.19
     -0.13      1.18      0.19
     -0.13      1.18      0.19
     -0.13      0.70      0.67
     -0.13      0.70      0.67
     -0.13      0.70      0.67
     -0.13      0.70      0.67
     -0.13      0.70      0.67
     -0.13      0.70      0.67
     -0.13      0.70      0.67
      0.35      0.70      0.67
     -0.13      0.22      0.67
     -0.13      0.22      0.67
     -0.13      0.22      0.67
     -0.13      0.70      0.67
     -0.13      0.22      1.14
     -0.13      0.22      1.14
     -0.13      0.22      1.14
     -0.13      0.22      0.67
      0.35      0.22      1.14
     -0.13      0.22      1.14
     -0.13      0.22      1.14
     -0.13      0.22      1.14
     -0.13      0.22      1.14
     -0.13      0.22      1.14
     -0.13      0.22      1.14
     -0.13      0.22      1.14
     -0.13      0.22      1.62
     -0.13     -0.26      1.62
     -0.13     -0.26      1.62
     -0.13     -0.26      1.62
      0.35     -0.26      1.62
     -0.13     -0.26      1.62
     -0.13     -0.26      1.62
     -0.13     -0.26      1.14
     -0.13     -0.74      1.62
     -0.13     -0.74      1.62
     -0.13     -0.74      1.62
     -0.13     -0.74      1.62
     -0.13     -0.74      1.62
     -0.13     -1.22      1.62
     -0.13     -1.22      1.62
     -0.13     -1.22      1.62
     -0.13     -1.22      1.62
     -0.13     -1.22      1.62
     -0.13     -1.22      1.62
     -0.13     -1.22      1.62
     -0.13     -1.22      1.14
     -0.13     -1.22      1.14
     -0.13     -1.22      1.14
     -0.13     -1.22      1.14
     -0.13     -1.22      1.14
     -0.13     -1.69      1.14
     -0.13     -1.69      1.14
     -0.13     -1.69      1.14
     -0.13     -1.69      1.14
     -0.13     -1.69      0.67
     -0.13     -1.69      1.14
     -0.13     -1.69      1.14
     -0.13     -1.69      1.14
     -0.13     -1.69      0.67
      0.35     -1.69      0.67
      0.35     -1.69      0.67
      0.35     -1.69      0.67
     -0.13     -1.69      0.67
     -0.13     -1.69      0.67
     -0.13     -1.69      0.67
     -0.13     -1.69      0.67
     -0.13     -1.69      0.67
     -0.13     -1.69      0.67
     -0.13     -1.69      0.67
     -0.13     -1.69      0.19
      0.35     -1.69      0.19
      0.35     -1.22      0.19
     -0.13     -1.22      0.19
     -0.13     -1.69      0.19
      0.35     -1.69      0.19
      0.35     -1.69      0.19
      0.35     -1.69      0.19
     -0.13     -1.22      0.19
     -0.13     -1.69      0.19
     -0.13     -1.22      0.19
     -0.13     -1.22      0.19
     -0.13     -1.69      0.19
     -0.13     -1.69      0.19
     -0.13     -1.69      0.19
     -0.13     -1.69      0.19
     -0.13     -1.69      0.19
     -0.13     -1.69      0.19
     -0.13     -1.69      0.19
      0.35     -1.69      0.19
     -0.13     -1.69      0.19
     -0.13     -1.69      0.19
     -0.13     -1.69      0.19
     -0.13     -1.69      0.19
     -0.13     -1.69      0.19
     -0.61     -1.69      0.19
     -0.13     -1.69      0.19
     -0.13     -1.69      0.19
      0.35     -1.69      0.19
      0.35     -1.69      0.19
     -0.13     -1.69      0.19
     -0.13     -1.69      0.19
     -0.13     -1.69      0.19
     -0.13     -1.22      0.19
     -0.13     -1.69      0.19
     -0.13     -1.69      0.19
     -0.13     -1.22      0.19
     -0.13     -1.69      0.19
     -0.13     -1.22      0.19
     -0.13     -1.22      0.19
     -0.13     -1.22      0.19
      0.35     -1.22      0.19
      0.35     -1.22      0.19
      0.35     -1.22      0.19
     -0.13     -1.22      0.19
     -0.13     -0.74      0.19
     -0.13     -1.22      0.19
      0.35     -0.74     -0.29
      0.35     -0.74      0.19
      0.35     -0.74     -0.29
     -0.13     -0.74     -0.29
      0.35     -0.74     -0.29
      0.35     -0.74      0.19
     -0.13     -0.74     -0.29
      0.35     -0.26     -0.29
      0.35     -0.26     -0.29
      0.35     -0.26     -0.29
      0.35     -0.26      0.19
      0.35     -0.26     -0.29
      0.35     -0.26     -0.29
      0.35     -0.26     -0.29
      0.35     -0.26     -0.29
     -0.13     -0.26     -0.29
      0.35     -0.26     -0.29
     -0.13      0.22     -0.29
     -0.61     -0.26      0.19
      0.35      0.22     -0.29
     -0.13     -0.26      0.19
     -0.13      0.22      0.19
     -0.13      0.22      0.19
      0.35      0.22      0.19
      0.35      0.22      0.19
     -0.13      0.22      0.19
     -0.13      0.22      0.19
     -0.13      0.22      0.19
     -0.13      0.22      0.19
     -0.13      0.22      0.19
      0.35      0.22      0.19
      0.35      0.22      0.19
      0.35      0.22      0.19
      0.35      0.22      0.19
      0.35      0.22      0.19
      0.35      0.22      0.19
      0.35      0.22      0.19
      0.35      0.22      0.19
     -0.61      0.22      0.19
      0.35      0.22      0.19
      0.35      0.22      0.19
     -0.13      0.22      0.19
      0.35      0.22      0.19
     -0.13      0.22      0.19
     -0.13      0.22      0.19
     -0.13      0.22      0.19
      0.35      0.22      0.19
     -0.13      0.22      0.19
      0.35      0.22      0.19
      0.35      0.70      0.19
      0.35      0.22      0.19
      0.35      0.70      0.19
      0.35      0.70      0.19
      0.35      0.70      0.19
      0.35      0.70      0.19
      0.35      0.70      0.19
      0.35      0.70      0.19
      0.35      0.70      0.19
      0.35      0.70      0.19
      0.35      0.70     -0.29
      0.83      0.70     -0.29
      0.35      0.70     -0.29
      0.35      1.18     -0.29
     -0.13      0.70     -0.29
      0.83      0.70     -0.29
      0.35      1.18     -0.29
      0.35      1.18     -0.29
      0.35      1.18     -0.29
      0.35      1.18     -0.29
      0.35      1.18     -0.29
      0.35      1.18     -0.77
      0.35      1.18     -0.29
      0.35      1.18     -0.77
      0.35      1.18     -0.29
      0.35      0.70     -0.29
      0.35      1.18     -0.29
      0.35      1.18     -0.29
      0.35      1.18     -0.77
      0.35      1.18     -0.77
      0.35      1.18     -0.77
      0.35      1.18     -0.29
      0.35      1.18     -0.77
      0.35      1.18     -0.77
     -0.13      1.18     -0.77
     -0.13      0.70     -0.77
      0.35      1.18     -0.77
     -0.13      1.18     -0.77
     -0.13      1.18     -0.77
     -0.13      1.18     -0.77
      0.35      1.18     -0.77
     -0.13      1.18     -0.77
     -0.13      1.18     -0.77
      0.35      1.18     -0.77
     -0.13      1.18     -0.77
     -0.13      1.18     -0.77
     -0.13      0.70     -0.29
     -0.13      1.18     -0.77
     -0.13      0.70     -0.77
     -0.13      0.70     -0.77
     -0.13      1.18     -0.77
     -0.13      0.70     -0.77
     -0.13      0.70     -0.77
     -0.13      0.70     -0.77
     -0.13      1.18     -0.77
     -0.13      0.70     -0.77
     -0.13      0.70     -0.77
     -0.13      0.70     -0.77
     -0.13      0.70     -0.77
     -0.13      0.70     -0.77
     -0.13      0.70     -0.77
     -0.13      0.70     -0.77
     -0.13      0.70     -0.77
     -0.13      0.70     -0.77
     -0.13      0.70     -0.77
     -0.13      0.70     -0.29
     -0.13      0.70     -0.29
     -0.13      0.70     -0.29
     -0.13      0.70     -0.29
     -0.13      0.70     -0.29
     -0.13      0.70     -0.29
     -0.13      0.70     -0.29
     -0.13      0.22     -0.29
     -0.61      0.22      0.19
     -0.13      0.22     -0.29
     -0.13      0.22      0.19
     -0.13      0.22     -0.29
     -0.13      0.22      0.19
     -0.13      0.22     -0.29
     -0.13      0.22      0.19
     -0.13      0.22     -0.29
     -0.13      0.22      0.19
     -0.13      0.22      0.19
     -0.13      0.22      0.19
     -0.13      0.22      0.19
      0.35      0.22      0.19
     -0.13      0.22      0.19
     -0.13      0.22      0.19
     -0.13      0.22      0.19
     -0.13      0.22      0.19
     -0.13      0.22      0.19
     -0.13     -0.26      0.19
     -0.13     -0.26      0.67
     -0.13     -0.26      0.19
     -0.13     -0.26      0.67
     -0.13     -0.26      0.67
     -0.13     -0.74      0.67
     -0.13     -0.26      0.67
     -0.13     -0.74      0.67
      0.35     -0.74      0.67
     -0.13     -0.74      0.67
     -0.13     -0.74      0.67
     -0.13     -0.74      1.14
     -0.13     -0.74      0.67
     -0.13     -0.74      0.67
     -0.13     -0.74      0.67
     -0.13     -0.74      1.14
     -0.13     -0.74      1.14
     -0.13     -1.22      1.14
     -0.13     -1.69      1.14
     -0.61     -0.74      1.14
     -0.13     -0.74      1.14
     -0.13     -1.22      1.14
     -0.13     -1.22      1.14
     -0.13     -1.22      1.14
     -0.13     -1.22      1.14
     -0.13     -1.22      1.14
     -0.13     -1.22      1.14
     -0.13     -1.22      1.14
     -0.13     -1.22      1.14
     -0.13     -1.22      1.14
     -0.13     -1.22      1.62
     -0.13     -1.22      1.14
     -0.13     -1.22      1.14
     -0.13     -1.22      1.14
     -0.13     -1.22      1.14
     -0.13     -1.22      1.14
     -0.13     -1.22      1.14
     -0.13     -1.22      1.14
     -0.13     -0.74      1.14
     -0.13     -1.22      1.14
     -0.13     -1.22      1.14
     -0.13     -1.22      1.14
      0.35     -0.74      1.14
      0.35     -1.22      1.14
      0.35     -0.74      1.14
      0.35     -0.74      1.14
      0.35     -0.74      1.14
      0.35     -0.74      1.14
      0.35     -0.74      1.14
      0.35     -0.74      1.14
      0.35     -0.74      1.14
      0.35     -0.74      1.14
      0.35     -0.74      0.67
      0.35     -0.74      1.14
      0.35     -0.74      1.14
      0.35     -0.26      1.14
      0.35     -0.26      1.14
      0.35     -0.26      0.67
      0.35     -0.26      0.67
      0.35     -0.26      0.67
      0.35     -0.26      1.14
      0.35     -0.26      0.67
      0.35     -0.26      0.67
      0.35     -0.26      0.67
      0.35     -0.26      0.67
      0.35     -0.26      0.67
      0.35     -0.26      0.67
      0.35      0.22      0.67
     -0.13     -0.26      0.67
     -0.13     -0.26      0.67
     -0.13      0.22      0.67
      0.35     -0.26      0.67
      0.35      0.22      0.67
     -0.13      0.22      0.67
     -0.13      0.22      0.67
     -0.13      0.22      0.19
     -0.13      0.22      0.19
     -0.13      0.22      0.19
     -0.13      0.22      0.19
     -0.13      0.22      0.19
     -0.13      0.22      0.19
     -0.13      0.22      0.19
     -0.13      0.22      0.19
     -0.13      0.22      0.19
     -0.13      0.22      0.19
     -0.13      0.22      0.19
     -0.13      0.22      0.19
     -0.13      0.22      0.19
     -0.13      0.22      0.19
     -0.13      0.22     -0.29
     -0.13      0.22     -0.29
     -0.13      0.22     -0.77
      0.35      0.22     -0.29
     -0.13      0.22     -0.29
     -0.13      0.22     -0.77
     -0.13      0.70     -0.77
      0.35      0.70     -0.77
      0.35      0.22     -0.77
     -0.13      0.70     -0.77
      0.35      0.22     -1.25
     -0.13      0.70     -1.25
      0.35      0.70     -1.25
      0.35      0.70     -1.25
      0.35      0.70     -1.25
      0.35      0.70     -1.25
      0.35      0.70     -1.25
      0.35      0.70     -1.25
      0.35      0.70     -1.73
      0.35      0.70     -1.73
      0.35      0.70     -1.73
      0.35      0.70     -1.73
      0.35      0.70     -2.21
      0.35      0.70     -1.73
      0.35      0.70     -1.73
      0.35      0.70     -2.21
      0.35      0.70     -2.21
      0.35      0.70     -2.21
      0.35      0.70     -1.73
      0.35      0.22     -2.21
      0.35      0.22     -2.21
      0.35      0.22     -2.21
      0.35      0.70     -1.73
      0.35      0.22     -2.21
      0.35      0.22     -2.21
      0.83      0.22     -2.21
      0.35      0.22     -2.21
      0.35      0.22     -2.21
      0.35      0.22     -2.21
      0.35      0.22     -2.21
      0.35      0.22     -2.21
      0.35      0.22     -2.21
      0.35      0.22     -2.21
      0.35      0.22     -1.73
      0.35      0.22     -2.21
      0.35      0.22     -1.73
      0.35      0.22     -1.73
      0.35      0.22     -1.73
      0.35      0.22     -1.73
      0.35      0.22     -2.21
      0.35      0.22     -1.73
      0.35      0.22     -1.73
      0.35      0.22     -1.73
      0.35      0.22     -1.73
     -0.13      0.22     -1.73
     -0.13      0.22     -1.25
     -0.13      0.22     -1.25
     -0.13      0.22     -1.25
     -0.13      0.22     -1.73
     -0.13      0.22     -1.25
     -0.13      0.22     -1.25
     -0.13      0.22     -1.25
     -0.13      0.22     -1.25
     -0.13      0.22     -1.25
      0.35      0.22     -1.25
     -0.13      0.22     -1.25
     -0.13      0.22     -1.25
      0.35     -0.26     -1.25
     -0.13     -0.26     -0.77
     -0.13     -0.26     -0.77
     -0.13      0.22     -0.77
     -0.13     -0.26     -0.77
     -0.13     -0.26     -0.77
     -0.13     -0.26     -0.77
     -0.13     -0.26     -0.77
     -0.13     -0.26     -0.77
     -0.13     -0.26     -0.29
      0.35     -0.26     -0.77
     -0.13     -0.74     -0.29
     -0.13     -0.26     -0.29
     -0.13     -0.26     -0.29
     -0.13     -0.74      0.19
     -0.13     -0.74     -0.29
     -0.13     -0.74      0.19
     -0.13     -0.74      0.19
     -0.13     -0.74     -0.29
      0.35     -0.74      0.19
     -0.13     -0.74      0.19
     -0.13     -1.22      0.19
      0.35     -0.74      0.19
      0.35     -0.74      0.19
     -0.13     -0.74      0.19
      0.35     -1.22      0.19
      0.35     -0.74      0.67
      0.35     -1.22      0.67
      0.35     -1.22      0.67
      0.35     -1.22      0.67
      0.35     -1.22      0.67
      0.35     -1.22      0.67
     -0.13     -1.22      1.14
      0.35     -1.22      1.14
      0.35     -1.22      1.14
      0.35     -1.22      1.14
      0.35     -1.22      1.14
      0.35     -1.22      1.14
      0.35     -1.22      1.14
      0.35     -1.69      1.14
      0.35     -1.22      1.14
      0.35     -1.22      0.67
     -0.13     -1.22      1.62
     -0.13     -1.22      1.62
     -0.13     -1.22      1.62
      0.35     -1.22      1.62
     -0.13     -1.22      2.10
     -0.13     -1.22      1.62
     -0.13     -1.69      1.62
     -0.13     -1.22      1.62
     -0.13     -1.22      1.62
     -0.13     -1.69      2.10
     -0.13     -1.22      2.10
     -0.13     -1.22      2.10
     -0.13     -1.22      2.10
     -0.13     -1.22      2.10
     -0.13     -1.22      2.10
     -0.13     -1.22      2.10
     -0.13     -1.22      2.10
     -0.61     -1.22      2.10
     -0.61     -1.22      2.58
     -0.13     -1.22      2.58
     -0.61     -1.69      2.58
     -0.13     -1.22      2.10
     -0.61     -1.22      2.10
     -0.61     -1.22      2.58
     -0.13     -1.22      2.10
     -0.61     -1.22      2.58
     -0.61     -1.69      2.58
     -0.61     -1.22      2.10
     -0.61     -1.69      2.10
     -0.61     -1.22      2.58
     -0.61     -1.22      2.58
     -0.61     -1.22      2.10
     -0.61     -1.22      2.10
     -0.61     -1.22      2.10
     -0.61     -1.22      2.10
     -0.61     -0.74      2.10
     -0.61     -0.74      2.10
     -0.61     -0.74      2.10
     -0.61     -0.74      2.10
     -0.61     -1.22      1.62
     -0.61     -0.74      1.62
     -0.61     -0.74      1.62
     -0.61     -0.74      1.62
     -0.13     -0.74      1.62
     -0.13     -0.74      1.62
     -0.13     -0.74      1.62
     -0.13     -0.74      1.14
     -0.13     -0.74      1.14
     -0.13     -0.74      1.14
     -0.13     -0.26      0.67
     -0.13     -0.26      1.14
     -0.13     -0.26      1.14
     -0.13     -0.26      1.14
     -0.13     -0.26      1.14
     -0.13      0.22      0.67
     -0.13     -0.26      0.67
     -0.13      0.22      0.67
     -0.13      0.22      0.67
      0.35      0.22      0.67
     -0.13      0.22      0.19
     -0.13      0.22      0.19
      0.35      0.22      0.19
      0.35      0.22      0.19
      0.35      0.22      0.19
      0.35      0.22      0.19
     -0.13      0.22      0.19
     -0.13      0.22      0.19
     -0.13      0.22      0.19
     -0.13      0.22     -0.29
     -0.13      0.22      0.19
     -0.13      0.70      0.19
     -0.13      0.70     -0.29
     -0.13      0.70     -0.29
     -0.13      0.70     -0.29
     -0.13      0.70     -0.29
     -0.13      0.70     -0.29
     -0.13      0.70     -0.77
     -0.13      0.70     -0.29
     -0.13      1.18     -0.77
     -0.13      1.18     -0.77
     -0.13      1.18     -0.77
     -0.13      1.18     -1.25
     -0.13      1.18     -1.25
     -0.61      1.18     -0.77
     -0.13      1.18     -1.25
     -0.13      1.18     -1.25
     -0.13      1.18     -1.25
     -0.13      1.66     -1.25
     -0.13      1.66     -1.25
     -0.13      1.18     -1.73
     -0.13      1.18     -1.73
     -0.13      1.66     -1.73
     -0.61      1.66     -1.73
     -0.13      1.66     -1.73
     -0.13      1.66     -1.73
     -0.61      1.66     -1.73
     -0.61      1.66     -1.73
     -0.13      1.66     -1.73
     -0.13      1.66     -1.73
     -0.13      1.66     -1.73
     -0.13      1.66     -1.73
     -0.13      1.66     -2.21
      0.35      2.13     -2.21
     -0.13      1.66     -2.21
      0.35      1.66     -2.21
     -0.13      1.66     -2.21
      0.35      1.66     -2.21
      0.35      1.66     -2.21
      0.35      2.13     -2.21
      0.35      1.66     -2.21
      0.35      1.66     -2.21
      0.35      2.13     -2.21
      0.35      1.66     -2.21
      0.35      2.13     -2.21
      0.35      2.13     -2.21
      0.35      2.13     -2.21
      0.35      2.13     -2.21
      0.35      2.13     -2.21
      0.35      2.13     -1.73
      0.35      2.13     -2.21
      0.83      1.66     -2.21
      0.35      1.66     -2.21
      0.35      2.13     -2.21
      0.83      2.13     -2.21
      0.35      1.66     -1.73
      0.35      1.66     -2.21
      0.83      1.66     -1.73
      0.35      1.66     -2.21
      0.83      2.13     -2.21
      0.83      1.66     -1.73
      0.83      1.66     -1.73
      0.83      1.66     -1.73
      0.83      1.66     -1.73
      0.83      1.66     -1.73
      0.83      1.66     -1.73
      0.83      1.66     -1.73
      0.83      1.66     -1.25
      0.35      1.66     -1.25
      0.83      1.18     -1.25
      0.83      1.66     -1.73
      0.35      1.66     -1.25
      0.35      1.66     -1.25
      0.35      1.18     -1.25
      0.35      1.18     -0.77
      0.35      1.18     -0.77
      0.35      1.18     -0.77
      0.35      1.18     -0.77
      0.35      1.18     -0.77
      0.35      1.18     -0.29
      0.35      1.18     -0.77
      0.35      1.18     -0.29
      0.35      0.70     -0.29
      0.35      1.18     -0.29
      0.35      1.18     -0.29
      0.35      0.70      0.19
      0.35      0.70      0.19
      0.35      0.70      0.19
      0.35      0.70      0.19
      0.35      0.70      0.19
      0.35      0.70      0.19
      0.35      0.22      0.19
      0.35      0.70      0.19
     -0.13      0.22      0.19
      0.35      0.70      0.67
      0.35      0.22      0.67
      0.35      0.22      0.67
      0.35      0.22      0.67
      0.35      0.22      1.14
      0.35      0.22      0.67
     -0.13      0.22      0.67
     -0.13      0.22      1.14
      0.35      0.22      1.14
     -0.13      0.22      1.14
      0.35      0.22      1.14
     -0.13      0.22      1.14
      0.35      0.22      1.62
      0.35      0.22      1.62
     -0.13      0.22      1.62
      0.35      0.22      1.62
      0.35     -0.26      1.62
      0.35     -0.26      1.62
      0.35     -0.26      1.62
      0.35     -0.26      1.62
      0.35     -0.26      1.62
      0.35     -0.26      1.62
     -0.13     -0.74      1.62
      0.35     -0.74      2.10
      0.35     -0.74      2.10
      0.35     -0.74      2.10
     -0.13     -0.74      2.10
      0.35     -0.74      2.10
      0.35     -0.74      2.10
      0.35     -0.74      2.10
      0.35     -0.74      2.10
      0.35     -0.74      2.10
      0.35     -0.74      2.10
      0.35     -1.22      2.10
      0.35     -1.22      2.58
     -0.13     -1.22      2.10
     -0.13     -1.22      2.58
      0.35     -1.22      2.10
     -0.13     -1.22      2.10
     -0.13     -1.22      2.10
     -0.13     -1.22      2.58
     -0.13     -1.22      2.10
      0.35     -1.22      2.10
     -0.13     -1.22      2.10
     -0.13     -1.22      2.10
     -0.13     -1.22      2.10
     -0.13     -1.22      2.10
     -0.13     -1.69      2.10
     -0.13     -1.69      2.10
     -0.13     -1.69      2.10
     -0.13     -1.69      1.62
     -0.13     -1.69      2.10
     -0.13     -1.69      1.62
     -0.13     -1.69      1.62
     -0.13     -1.69      1.62
     -0.13     -1.69      1.62
     -0.13     -1.69      1.62
     -0.13     -1.69      1.62
     -0.13     -1.69      1.62
     -0.13     -1.69      1.62
     -0.61     -1.69      1.62
     -0.13     -1.69      1.14
     -0.13     -1.69      1.14
     -0.13     -1.69      1.14
     -0.13     -1.69      1.14
     -0.13     -1.69      0.67
     -0.13     -1.69      0.67
     -0.13     -1.69      1.14
     -0.13     -1.69      0.67
     -0.13     -1.69      0.67
     -0.13     -1.69      0.67
     -0.13     -1.69      0.67
     -0.13     -1.69      0.67
     -0.13     -2.17      0.67
     -0.13     -1.69      0.67
     -0.13     -1.69      0.19
     -0.13     -1.69      0.19
     -0.13     -1.69      0.19
     -0.13     -1.69      0.19
     -0.13     -1.69      0.19
     -0.13     -1.69      0.19
     -0.13     -1.22      0.19
     -0.13     -1.69      0.19
     -0.13     -1.69      0.19
     -0.13     -1.69      0.19
     -0.61     -1.69      0.19
     -0.13     -1.22      0.19
     -0.13     -1.69      0.19
     -0.13     -1.22      0.19
     -0.13     -1.69      0.19
     -0.61     -1.22      0.19
     -0.13     -1.22      0.19
     -0.13     -1.22      0.19
     -0.13     -1.22      0.19
     -0.13     -1.22     -0.29
     -0.13     -1.22      0.19
     -0.13     -1.22     -0.29
     -0.61     -1.22     -0.29
     -0.13     -1.22     -0.29
     -0.13     -1.22      0.19
     -0.13     -0.74     -0.29
     -0.13     -0.74     -0.29
     -0.13     -0.74     -0.29
     -0.13     -0.74     -0.29
     -0.13     -0.74     -0.29
      0.35     -0.74     -0.29
      0.35     -0.74     -0.29
     -0.13     -0.74     -0.77
     -0.13     -0.74     -0.29
     -0.13     -0.74     -0.77
     -0.13     -0.74     -0.77
     -0.13     -0.26     -0.77
     -0.13     -0.26     -0.77
     -0.13     -0.26     -0.29
     -0.13     -0.74     -0.77
     -0.13     -0.26     -0.77
     -0.13     -0.26     -0.77
     -0.13     -0.26     -0.77
     -0.13     -0.26     -0.77
      0.35     -0.26     -1.25
     -0.13     -0.26     -1.25
     -0.13     -0.26     -1.25
     -0.13     -0.26     -1.25
     -0.13     -0.26     -0.77
     -0.13     -0.26     -1.25
     -0.13      0.22     -1.25
     -0.13      0.22     -1.25
     -0.13      0.22     -1.25
     -0.13     -0.26     -1.25
     -0.13      0.22     -0.77
     -0.13      0.22     -0.77
     -0.13      0.22     -1.25
     -0.13      0.22     -1.25
     -0.13      0.22     -1.25
     -0.13      0.22     -1.25
     -0.13      0.22     -1.25
     -0.13      0.22     -1.25
     -0.61      0.22     -1.25
     -0.13      0.22     -1.25
     -0.13      0.22     -1.25
     -0.13      0.22     -1.25
     -0.13      0.22     -1.25
     -0.13      0.22     -0.77
     -0.13      0.22     -1.25
     -0.13      0.22     -1.25
     -0.13      0.22     -1.25
     -0.13      0.22     -1.25
     -0.13      0.22     -0.77
     -0.13      0.22     -1.25
     -0.13      0.22     -0.77
     -0.13      0.22     -0.77
     -0.13      0.22     -0.77
     -0.13      0.22     -0.77
     -0.13      0.22     -0.77
     -0.13      0.22     -0.77
     -0.13      0.22     -0.77
     -0.13      0.22     -0.77
     -0.13      0.22     -0.77
     -0.13      0.22     -0.77
     -0.13      0.22     -0.77
     -0.13      0.22     -0.77
     -0.13      0.70     -0.77
     -0.13      0.70     -0.77
     -0.13      0.22     -0.77
     -0.13      0.22     -0.77
     -0.13      0.22     -0.77
     -0.13      0.22     -0.77
     -0.13      0.22     -1.25
      0.35      0.22     -0.77
     -0.13      0.22     -0.77
     -0.13      0.70     -0.77
     -0.13      0.70     -0.77
     -0.13      0.70     -0.77
     -0.13      0.70     -0.77
     -0.13      0.70     -0.77
     -0.13      0.70     -0.77
     -0.13      0.22     -0.77
     -0.13      0.70     -0.77
     -0.13      0.22     -0.77
     -0.13      0.70     -0.77
     -0.13      0.70     -0.29
     -0.13      0.22     -0.77
     -0.13      0.70     -0.29
     -0.13      0.70     -0.29
     -0.13      0.22     -0.29
     -0.13      0.70     -0.77
     -0.13      0.70     -0.29
     -0.13      0.70     -0.77
     -0.13      0.70     -0.29
     -0.13      0.70     -0.29
     -0.13      0.70     -0.29
     -0.13      0.22     -0.29
     -0.13      0.22     -0.29
     -0.13      0.70      0.19
     -0.13      0.22     -0.29
     -0.13      0.22      0.19
     -0.13      0.22      0.19
     -0.13      0.22      0.19
     -0.13      0.22      0.19
     -0.13      0.22      0.19
     -0.13      0.22      0.19
     -0.13      0.22      0.19
     -0.13      0.22      0.19
     -0.13      0.22      0.19
     -0.13      0.22      0.19
     -0.13      0.22      0.19
     -0.13      0.22      0.19
      0.35      0.22      0.19
     -0.13      0.22      0.19
     -0.13      0.22      0.19
      0.35      0.22      0.19
     -0.13      0.22      0.19
     -0.13      0.22      0.19
     -0.13      0.22      0.19
      0.35      0.22      0.19
     -0.13      0.22      0.19
     -0.13      0.22      0.19
      0.35      0.22      0.19
     -0.13      0.22      0.67
     -0.13      0.22      0.19
     -0.13      0.22      0.19
     -0.13      0.22      0.67
     -0.13      0.22      0.67
      0.35      0.22      0.67
     -0.13     -0.26      0.67
     -0.61      0.22      0.67
     -0.13     -0.26      0.67
      0.35      0.22      0.67
     -0.13     -0.26      0.67
     -0.13      0.22      0.67
     -0.13      0.22      0.67
     -0.13      0.22      0.67
     -0.13     -0.26      0.67
     -0.13     -0.26      0.67
     -0.13     -0.26      0.67
     -0.13     -0.26      0.67
     -0.13     -0.26      0.67
     -0.13     -0.26      0.67
      0.35     -0.26      0.67
     -0.13     -0.74      0.67
      0.35      0.22      0.67
     -0.13      0.22      1.14
     -0.13      0.22      1.14
      0.35     -0.26      0.67
     -0.13      0.22      1.14
     -0.13      0.22      0.67
      0.35     -0.26      1.14
      0.35      0.22      1.14
      0.35     -0.26      1.14
      0.35     -0.26      1.14
      0.35     -0.26      1.14
     -0.13     -0.26      1.14
     -0.13     -0.26      0.67
      0.35     -0.26      1.14
      0.35     -0.26      1.14
      0.35     -0.26      1.14
      0.35     -0.26      1.14
     -0.13     -0.26      1.14
      0.35      0.22      1.14
     -0.13     -0.26      1.14
     -0.13     -0.26      1.14
     -0.13     -0.74      1.14
     -0.13     -0.74      1.14
     -0.13     -0.26      1.14
     -0.13     -0.26      1.14
      0.35     -0.26      1.14
     -0.13     -0.26      1.14
     -0.13      0.22      1.14
     -0.13      0.22      1.14
     -0.13      0.22      1.14
      0.35     -0.26      1.14
      0.35     -0.26      1.14
     -0.13     -0.26      1.14
     -0.13     -0.26      1.14
     -0.13     -0.26      1.14
     -0.13     -0.26      1.14
     -0.13     -0.26      1.14
     -0.13      0.22      1.14
     -0.13     -0.26      1.14
      0.35     -0.26      0.67
      0.35      0.22      1.14
      0.35      0.22      1.14
     -0.13      0.22      0.67
     -0.13      0.22      1.14
      0.35     -0.26      0.67
      0.35     -0.26      0.67
     -0.13     -0.26      0.67
      0.35     -0.26      0.67
     -0.13     -0.26      0.67
     -0.13      0.22      0.67
     -0.13      0.22      0.67
      0.35      0.22      0.67
     -0.13     -0.26      0.67
     -0.13     -0.26      0.19
      0.35     -0.26      0.19
      0.35      0.22      0.19
      0.35     -0.26      0.67
     -0.13      0.22      0.19
     -0.13      0.22      0.19
      0.35      0.22      0.19
      0.35      0.22      0.19
      0.35     -0.26      0.19
     -0.13      0.22      0.19
     -0.13      0.22      0.19
      0.35      0.22      0.19
      0.35      0.22      0.19
      0.35      0.22      0.19
     -0.13     -0.26      0.19
     -0.13     -0.26      0.19
     -0.13      0.22      0.19
      0.35      0.22      0.19
      0.35      0.22     -0.29
      0.35      0.22     -0.29
     -0.13      0.22     -0.29
     -0.13      0.22     -0.29
     -0.13      0.22     -0.29
      0.35      0.22     -0.29
      0.35      0.22     -0.77
     -0.13      0.22     -0.29
     -0.13      0.22     -0.77
      0.35      0.22     -0.29
      0.35      0.70     -0.77
      0.35      0.70     -0.77
      0.35      0.22     -0.77
      0.35      0.22     -0.77
     -0.13      0.22     -0.77
      0.35      0.22     -0.77
      0.35      0.22     -0.77
      0.35      0.22     -0.77
     -0.13      0.22     -0.77
     -0.13      0.22     -0.77
      0.35      0.22     -1.25
      0.35      0.70     -1.25
      0.35      0.22     -1.25
      0.35      0.22     -0.77
     -0.13      0.22     -0.77
      0.35      0.22     -0.77
      0.35      0.70     -1.25
      0.35      0.70     -1.25
      0.35      0.22     -1.25
      0.35      0.22     -1.25
     -0.13      0.22     -0.77
     -0.13      0.22     -1.25
     -0.13      0.70     -1.73
      0.35      0.70     -1.73
      0.35      0.22     -1.25
      0.35     -0.26     -0.77
     -0.13     -0.26     -0.77
     -0.13      0.22     -1.25
      0.35      0.70     -1.73
      0.35      0.70     -2.21
      0.35      0.22     -1.73
     -0.13      0.22     -0.77
     -0.13      0.22     -1.25
      0.35      0.22     -1.73
      0.35      0.22     -1.73
     -0.13      0.22     -1.25
     -0.13      0.22     -0.77
     -0.13      0.22     -1.73
      0.35      0.22     -1.73
     -0.13      0.22     -1.25
      0.35      0.70     -1.25
      0.35      0.22     -1.73
     -0.13      0.22     -1.25
     -0.61     -0.26     -0.77
     -0.13      0.22     -0.77
     -0.13      0.22     -1.25
     -0.13      0.22     -1.25
     -0.13      0.22     -1.25
     -0.13      0.22     -0.77
      0.35      0.22     -0.77
      0.35      0.22     -1.25
     -0.13      0.22     -1.25
     -0.13      0.22     -1.25
      0.35      0.22     -1.25
     -0.13      0.22     -0.29
      0.35      0.22     -0.77
      0.35      0.22     -0.77
      0.35      0.22     -0.29
     -0.13      0.22     -0.77
     -0.13      0.22     -0.77
      0.35      0.22     -0.77
      0.35      0.22     -0.77
     -0.13      0.22     -0.77
     -0.13      0.22     -0.29
     -0.13      0.22     -0.29
     -0.13     -0.26     -0.29
     -0.13      0.22     -0.29
     -0.13      0.22     -0.29
     -0.13      0.22     -0.77
     -0.13      0.22     -0.77
     -0.13      0.22     -0.29
     -0.13      0.22      0.19
      0.35      0.22     -0.29
     -0.13     -0.26     -0.29
     -0.13      0.22      0.19
     -0.13      0.22     -0.29
     -0.13     -0.26      0.19
     -0.13     -0.26      0.19
     -0.13     -0.26     -0.29
     -0.13      0.22     -0.29
      0.35      0.22      0.19
     -0.13      0.22      0.19
     -0.13     -0.26      0.19
     -0.13     -0.26      0.19
     -0.13     -0.26      0.67
     -0.61      0.22      0.19
     -0.13     -0.26     -0.29
      0.35     -0.26      0.19
      0.35     -0.26      0.19
     -0.13     -0.26      0.67
     -0.13     -0.26      0.67
     -0.13      0.22      0.19
     -0.13      0.22      0.19
     -0.13     -0.26      0.19
     -0.13     -0.26      0.67
     -0.13     -0.26      0.67
     -0.13     -0.26      0.19
     -0.13      0.22      0.19
      0.35     -0.26      0.19
      0.35     -0.26      0.19
     -0.13     -0.26      0.67
     -0.13     -0.26      1.14
     -0.13     -0.26      0.67
     -0.13     -0.26      0.67
     -0.13      0.22      0.19
     -0.13     -0.26      0.19
      0.35     -0.26      0.19
      0.35      0.22      0.67
      0.35     -0.26      0.67
      0.35     -0.26      0.67
     -0.13      0.22      1.14
     -0.61      0.22      1.14
     -0.13      0.22      0.67
     -0.13      0.22      0.67
     -0.13      0.22      0.67
      0.35      0.22      0.67
      0.35     -0.26      0.67
     -0.13     -0.26      1.14
      0.35      0.22      1.14
     -0.13     -0.26      1.14
     -0.13      0.22      1.14
      0.35     -0.26      1.14
     -0.13      0.22      0.67
     -0.13      0.22      0.67
     -0.13     -0.26      0.67
      0.35      0.22      0.67
      0.35     -0.26      0.67
     -0.13      0.22      1.14
     -0.13      0.22      1.14
     -0.13      0.22      1.14
     -0.13      0.22      1.14
     -0.13     -0.26      0.67
     -0.13     -0.26      0.67
     -0.13     -0.26      0.67
     -0.13      0.22      0.67
     -0.13      0.22      0.67
     -0.13      0.22      1.14
     -0.13      0.22      1.14
     -0.13     -0.26      1.14
     -0.13      0.22      1.14
     -0.13      0.22      1.14
     -0.61      0.22      1.14
     -1.09     -0.26      1.14
     -0.61     -0.26      0.67
     -0.13      0.22      0.67
     -0.13      0.22      0.67
     -0.13      0.22      0.67
     -0.13      0.22      0.67
     -0.61      0.22      0.67
     -0.13     -0.26      1.14
     -0.61     -0.26      0.67
     -0.13     -0.26      0.67
     -0.13      0.22      0.67
     -0.61      0.22      0.67
     -0.13      0.22      0.67
     -0.13      0.22      0.67
     -0.13     -0.26      0.67
     -0.61      0.22      0.67
     -0.13      0.22      0.67
     -0.61      0.22      0.67
     -0.61      0.22      0.67
     -0.13      0.22      0.67
     -0.13      0.22      0.19
     -0.13      0.22      0.19
     -0.13      0.22      0.67
     -0.13      0.22      0.67
     -0.13      0.22      0.67
     -0.13     -0.26      0.67
     -0.13      0.22      0.67
     -0.13      0.22      0.19
     -0.13      0.22      0.67
     -0.13      0.22      0.67
     -0.13      0.22      0.67
     -0.13      0.22      0.67
     -0.13      0.22      0.19
     -0.13      0.22      0.67
     -0.13      0.22      0.67
     -0.13      0.22      0.19
      0.35      0.22      0.19
     -0.13      0.22      0.19
      0.35      0.22      0.19
      0.35      0.22      0.19
     -0.13      0.22      0.19
     -0.13      0.22      0.19
     -0.13      0.22      0.19
     -0.13      0.22      0.19
     -0.13      0.22      0.19
      0.35      0.22      0.19
     -0.13      0.22      0.19
     -0.13      0.22      0.19
      0.35      0.22      0.19
     -0.13      0.22      0.19
     -0.13      0.22      0.19
     -0.13      0.22      0.67
     -0.13      0.22      0.19
     -0.13      0.22      0.19
     -0.13      0.70      0.19
     -0.13      0.22      0.19
     -0.13      0.22      0.19
     -0.13      0.22      0.19
     -0.13      0.22      0.19
     -0.13      0.22      0.19
     -0.13      0.70      0.19
     -0.13      0.70      0.19
     -0.13      0.22     -0.29
     -0.13      0.22     -0.29
     -0.13      0.22     -0.29
     -0.13      0.22     -0.29
     -0.13      0.22      0.19
     -0.13      0.22      0.19
     -0.13      0.22      0.19
     -0.13      0.22      0.19
     -0.13      0.70     -0.29
     -0.13      0.70     -0.29
