********************************************************************************
                       INSTITUTO DE INGENIERIA, UNAM
                   Coordinacion de Instrumentacion Sismica
  Ciudad Universitaria, Apartado Postal 70-472, Coyoacan 04510, Mexico, D.F.
 Tel.(52-5)622-3414    Fax.(52-5)616-1514    e-mail: isismica@pumas.iingen.unam.mx
**************************************************************************************
ARCHIVO ESTANDAR DE ACELERACION:
VERSION DEL FORMATO                    : 2.0
NOMBRE DEL ARCHIVO                     : XALT8711.101
FECHA Y HORA DE CREACION               : Wed Apr 01 05:58:28 1998
REF. CATALOGO ACELEROGRAMAS, SMIS 1995 : REGISTRO No. 1046 /PAG. 119


================================================================================
DATOS DE LA ESTACION:
NOMBRE DE LA ESTACION                  : XALTIANGUIS
CLAVE DE LA ESTACION                   : XALT
LOCALIZACION DE LA ESTACION            : POTRERO (TERRENO PARTICULAR), EN XALTIANGUIS,
                                       : GUERRERO. 
                                       : 
                                       : 
                                       : 
COORDENADAS DE LA ESTACION             : 17.095 LAT. N
                                       : 99.72 LONG. W
ALTITUD (msnm)                         : 560
TIPO DE SUELO                          : ROCA
                                       : 
                                       : 
INSTITUCION RESPONSABLE                : INSTITUTO DE INGENIERIA UNAM 
                                       : 

================================================================================
DATOS DEL ACELEROGRAFO: 
MODELO DEL ACELEROGRAFO                : PDR-1
NUMERO DE SERIE DEL ACELEROGRAFO       : 340
NUMERO DE CANALES                      : 3
ORIENTACION C1-C6 (rumbo;orientacion)  : /N90E/V/N00E
ORIENTACION C7-C12 (rumbo;orientacion) :
VEL. DE MUESTREO, C1-C6 (muestras/s)   : /200/200/200
VEL. DE MUESTREO, C7-C12 (muestras/s)  :
ESC. COMPLETA DE SENSORES, C1-C6, (g)  : /2/2/2
ESC. COMPLETA DE SENSORES, C7-C12 (g)  :
FREC. NAT. DE SENSORES, C1-C6, (Hz)    : /53.4/53.0/53.3
FREC. NAT. DE SENSORES, C7-C12 (Hz)    :
AMORTIGUAMIENTO DE SENSORES, C1-C6     : /0.67/0.64/0.64
AMORTIGUAMIENTO DE SENSORES, C7-C12    :
INTERVALO DE MUESTREO, C1-C6 (s)       : /0.005/0.005/0.005
INTERVALO DE MUESTREO, C7-C12 (s)      :
UMBRAL DE DISPARO, C1-C6 (Gal)       * : 
UMBRAL DE DISPARO, C7-C12 (Gal)        :
MEMORIA DE PREEVENTO (s)               : 2.56
TIEMPO DE POSEVENTO (s)                : 30


================================================================================
DATOS DEL SISMO:
FECHA DEL SISMO [GMT]                  : 1987/11/10
HORA EPICENTRO (GMT)                   : 13:22:39.2
MAGNITUD(ES)                           : /Mc=3.70
COORDENADAS DEL EPICENTRO              : 16.858 LAT. N 
                                       : 100.404 LONG. W
PROFUNDIDAD FOCAL (km)                 : 32 
FUENTES DE LOS DATOS EPICENTRALES      : INSTITUTO DE INGENIERIA UNAM
                                       : 

================================================================================
DATOS DE ESTE REGISTRO:
HORA DE LA PRIMERA MUESTRA (GMT)       : 13:22:54.01
EXACTITUD DEL TIEMPO (s)               : 0.01
DURACION DEL REGISTRO (s), C1-C6       : /29.33/29.33/29.33                      
DURACION DEL REGISTRO (s), C7-C12      : 
NUM. TOTAL DE MUESTRAS, C1-C6          : /5865/5865/5865                       
NUM. TOTAL DE MUESTRAS, C7-C12         : 
ACEL. MAX.(Gal), C1-C6                 : /-3.13/5.64/4.86                      
ACEL. MAX., C1-C6, EN LA MUESTRA       : /350/323/284                          
ACEL. MAX.(Gal), C7-C12                : 
ACEL. MAX., C7-C12,EN LA MUESTRA       : 
UNIDADES DE LOS DATOS                  : Gal (cm/s/s)
FACTOR DE DECIMACION                   : 1
FORMATO DATOS (FORTRAN,10 campos/dato) : 3F10.2


================================================================================
CALIDAD DEL ACELEROGRAMA:
REGISTRO DIGITAL COMPLETO CON TIEMPO ABSOLUTO CORRECTO.


===============================================================================
COMENTARIOS:

        * Umbral de disparo con algoritmo STA-LTA 
           Equipo con sensores externos FBA-11











===============================================================================
DATOS DE ACELERACION:
---------+---------+---------+---------+---------+---------+---------+---------+
   CANAL-1   CANAL-2   CANAL-3
      N90E         V      N00E
---------+---------+---------+---------+---------+---------+---------+---------+
      0.13      0.32     -0.11
      0.09      0.02     -0.17
      0.03     -0.28     -0.17
     -0.09     -0.52     -0.11
     -0.24     -0.46      0.01
     -0.32     -0.22      0.13
     -0.20      0.08      0.19
      0.04      0.26      0.13
      0.22      0.32      0.01
      0.24      0.26     -0.17
      0.12      0.14     -0.29
     -0.03      0.02     -0.23
     -0.12     -0.10      0.07
     -0.15     -0.28      0.25
     -0.14     -0.34      0.37
     -0.06     -0.22      0.19
      0.07      0.02     -0.05
      0.19      0.26     -0.23
      0.22      0.32     -0.23
      0.16      0.26     -0.11
      0.03      0.02      0.07
     -0.05     -0.16      0.25
     -0.06     -0.22      0.31
     -0.06     -0.16      0.13
     -0.09     -0.10     -0.05
     -0.05      0.02     -0.11
      0.10      0.20     -0.05
      0.22      0.20     -0.05
      0.12     -0.04     -0.11
     -0.11     -0.34     -0.29
     -0.23     -0.34     -0.23
     -0.20     -0.10      0.07
     -0.09      0.20      0.31
     -0.02      0.32      0.37
      0.07      0.26      0.25
      0.18      0.14      0.01
      0.18     -0.04     -0.29
      0.04     -0.10     -0.35
     -0.17      0.02     -0.17
     -0.23      0.08      0.13
     -0.09      0.02      0.31
      0.15     -0.16      0.25
      0.28     -0.34      0.01
      0.16     -0.34     -0.17
     -0.09     -0.04     -0.17
     -0.24      0.32      0.01
     -0.21      0.56      0.19
     -0.06      0.44      0.31
      0.09      0.02      0.07
      0.19     -0.34     -0.17
      0.21     -0.40     -0.29
      0.10     -0.22     -0.23
     -0.08      0.08      0.01
     -0.23      0.20      0.19
     -0.27      0.08      0.19
     -0.20     -0.10      0.07
      0.01     -0.22     -0.17
      0.21     -0.10     -0.29
      0.30      0.14     -0.17
      0.21      0.38      0.13
      0.04      0.44      0.37
     -0.09      0.20      0.37
     -0.17     -0.16      0.13
     -0.15     -0.46     -0.23
     -0.06     -0.52     -0.41
      0.06     -0.22     -0.29
      0.10      0.20      0.01
      0.03      0.50      0.19
     -0.08      0.44      0.19
     -0.12      0.14      0.13
     -0.12     -0.28     -0.11
     -0.08     -0.52     -0.23
     -0.00     -0.52     -0.17
      0.10     -0.16     -0.11
      0.19      0.20      0.07
      0.22      0.50      0.13
      0.10      0.50      0.13
     -0.08      0.26      0.07
     -0.18     -0.04      0.07
     -0.11     -0.22      0.07
      0.07     -0.28      0.07
      0.16     -0.22     -0.05
      0.09     -0.16     -0.17
     -0.02     -0.04     -0.05
     -0.09      0.02      0.13
     -0.14      0.14      0.19
     -0.14      0.14      0.13
     -0.09      0.14     -0.05
     -0.00      0.14     -0.23
      0.04      0.02     -0.23
      0.07     -0.10     -0.05
      0.09     -0.22      0.13
      0.06     -0.16      0.13
     -0.03     -0.04      0.07
     -0.08      0.14     -0.05
     -0.03      0.20     -0.05
      0.04      0.14     -0.05
      0.07      0.02      0.01
      0.04     -0.10     -0.05
      0.04     -0.16      0.01
      0.04     -0.04      0.19
     -0.02      0.02      0.31
     -0.11      0.02      0.13
     -0.11      0.02     -0.05
     -0.03     -0.04     -0.23
      0.07     -0.04     -0.35
      0.09     -0.10     -0.29
      0.04     -0.10     -0.05
     -0.02      0.02      0.25
     -0.05      0.08      0.31
     -0.03      0.08      0.25
      0.01      0.02      0.01
      0.06     -0.04     -0.11
      0.03     -0.04     -0.29
     -0.05     -0.04     -0.35
     -0.09     -0.04     -0.11
     -0.03      0.08      0.19
      0.09      0.14      0.43
      0.15      0.14      0.37
      0.04      0.02      0.07
     -0.09     -0.10     -0.23
     -0.11     -0.16     -0.35
      0.04     -0.10     -0.23
      0.15      0.02      0.01
      0.06      0.02      0.19
     -0.17      0.02      0.31
     -0.24      0.02      0.25
     -0.05      0.02      0.07
      0.24      0.02     -0.17
      0.43      0.08     -0.29
      0.33      0.02     -0.35
     -0.03     -0.04     -0.23
     -0.36     -0.10      0.13
     -0.47     -0.16      0.43
     -0.26     -0.04      0.43
      0.10      0.08      0.13
      0.40      0.20     -0.23
      0.43      0.26     -0.47
      0.15      0.14     -0.41
     -0.24      0.02     -0.17
     -0.47     -0.22      0.07
     -0.42     -0.52      0.19
     -0.17     -0.58      0.07
      0.18     -0.34     -0.05
      0.37      0.14     -0.17
      0.31      0.62     -0.05
      0.06      0.80      0.19
     -0.18      0.62      0.37
     -0.26      0.08      0.31
     -0.18     -0.52     -0.05
     -0.06     -0.82     -0.35
     -0.02     -0.64     -0.47
     -0.00     -0.10     -0.23
      0.06      0.50      0.13
      0.12      0.80      0.37
      0.10      0.56      0.31
     -0.00      0.08      0.01
     -0.09     -0.34     -0.29
     -0.09     -0.46     -0.41
     -0.02     -0.34     -0.29
      0.09      0.02     -0.05
      0.13      0.26      0.19
      0.07      0.32      0.31
     -0.05      0.20      0.25
     -0.11     -0.10      0.01
     -0.08     -0.34     -0.23
     -0.03     -0.46     -0.29
      0.03     -0.22     -0.17
      0.10      0.08      0.01
      0.19      0.38      0.19
      0.25      0.50      0.43
      0.24      0.44      0.43
      0.19      0.26      0.19
      0.15     -0.04     -0.17
      0.06     -0.28     -0.35
     -0.03     -0.40     -0.29
     -0.08     -0.34     -0.05
     -0.06     -0.04      0.13
     -0.05      0.14      0.19
     -0.02      0.20      0.13
      0.06      0.14     -0.11
      0.10     -0.04     -0.29
      0.10     -0.16     -0.47
     -0.02     -0.28     -0.35
     -0.24     -0.22     -0.11
     -0.45     -0.16      0.19
     -0.55     -0.10      0.31
     -0.48     -0.04      0.25
     -0.26      0.14      0.07
      0.01      0.38     -0.05
      0.24      0.56     -0.05
      0.28      0.56      0.13
      0.19      0.32      0.25
      0.03     -0.16      0.19
     -0.06     -0.58     -0.05
     -0.00     -0.70     -0.29
      0.12     -0.52     -0.35
      0.15     -0.10     -0.17
      0.07      0.32      0.19
      0.04      0.50      0.43
      0.07      0.50      0.37
      0.07      0.20      0.07
      0.01     -0.10     -0.35
     -0.03     -0.28     -0.47
     -0.02     -0.28     -0.29
      0.01     -0.22      0.13
      0.03     -0.16      0.37
      0.01     -0.10      0.31
      0.06      0.02      0.13
      0.15      0.20     -0.05
      0.19      0.32     -0.17
      0.06      0.14     -0.11
     -0.23     -0.16     -0.11
     -0.41     -0.40     -0.05
     -0.30     -0.46      0.01
     -0.02     -0.28      0.07
      0.24     -0.04      0.07
      0.25      0.20     -0.05
      0.12      0.32     -0.05
     -0.03      0.44     -0.05
     -0.09      0.38     -0.05
     -0.11      0.14     -0.11
     -0.06     -0.16     -0.17
      0.04     -0.34     -0.11
      0.15     -0.10      0.13
      0.07      0.26      0.43
     -0.14      0.44      0.61
     -0.30      0.32      0.49
     -0.23     -0.16      0.07
      0.03     -0.64     -0.47
      0.30     -0.82     -0.77
      0.39     -0.40     -0.65
      0.25      0.44     -0.11
     -0.00      1.04      0.61
     -0.18      1.22      1.03
     -0.14      0.80      0.91
     -0.00     -0.04      0.07
      0.09     -0.88     -0.89
      0.04     -1.29     -1.30
     -0.11     -1.06     -0.77
     -0.29     -0.46      0.25
     -0.38      0.08      0.97
     -0.29      0.26      0.91
     -0.06      0.32      0.13
      0.16      0.38     -0.65
      0.30      0.44     -0.95
      0.34      0.44     -0.53
      0.25      0.26      0.25
      0.04     -0.16      0.79
     -0.18     -0.58      0.73
     -0.21     -0.76      0.31
     -0.02     -0.52     -0.11
      0.19     -0.04     -0.35
      0.25      0.38     -0.29
      0.18      0.68      0.01
      0.12      0.74      0.31
      0.06      0.56      0.43
     -0.05      0.14      0.25
     -0.18     -0.40     -0.17
     -0.24     -0.70     -0.35
     -0.18     -0.58     -0.41
     -0.08     -0.34     -0.35
     -0.02     -0.04     -0.35
     -0.03      0.08     -0.23
     -0.17      0.08     -0.11
     -0.38      0.02      0.01
     -0.54      0.08      0.07
     -0.57      0.38      0.25
     -0.49      0.68      0.31
     -0.38      0.80      0.19
     -0.20      0.86     -0.05
      0.01      0.86     -0.23
      0.18      0.86     -0.41
      0.31      0.68     -0.71
      0.55      0.20     -1.06
      1.05     -0.40     -1.42
      1.81     -0.94     -1.66
      2.51     -1.41     -1.84
      2.68     -1.77     -1.90
      2.05     -2.01     -1.54
      0.84     -1.77     -0.59
     -0.52     -1.06      1.03
     -1.72      0.02      2.82
     -2.51      1.22      4.32
     -2.83      2.17      4.86
     -2.63      2.71      4.38
     -1.87      2.53      3.06
     -0.51      1.64      1.27
      1.19      0.14     -0.59
      2.50     -1.71     -2.14
      2.62     -3.33     -3.16
      1.16     -4.11     -3.04
     -1.11     -3.45     -1.72
     -2.80     -1.41      0.31
     -2.80      1.10      1.87
     -1.26      2.95      2.11
      0.61      3.49      1.15
      1.69      2.89     -0.35
      1.57      1.88     -1.48
      0.51      0.86     -1.90
     -0.88     -0.16     -1.84
     -1.74     -1.12     -1.60
     -1.38     -1.77     -1.48
      0.15     -1.95     -1.30
      1.76     -1.41     -0.77
      2.23     -0.28      0.25
      1.11      0.98      1.57
     -0.78      1.58      2.58
     -2.20      1.16      2.94
     -2.47     -0.10      2.28
     -1.56     -1.59      0.67
      0.24     -2.19     -1.30
      2.05     -1.53     -2.56
      2.63     -0.16     -2.44
      1.63      0.86     -0.83
      0.13      1.04      1.45
     -0.39      0.74      2.88
      0.21     -1.00      2.64
      0.73     -2.43      0.85
      0.22     -2.79     -1.30
     -0.70     -1.77     -2.80
     -1.44      0.98     -2.62
     -1.63      3.97     -1.06
     -1.48      5.64      1.15
     -1.00      5.40      2.88
      0.06      3.49      3.06
      1.55      0.44      1.27
      2.60     -2.85     -1.66
      2.42     -5.24     -4.12
      1.09     -5.48     -4.53
     -0.44     -3.27     -2.56
     -1.42      0.08      0.67
     -1.74      2.71      3.18
     -1.41      3.73      3.66
     -0.42      3.07      2.22
      0.91      1.58      0.13
      1.70      0.20     -1.01
      1.37     -0.64     -0.65
      0.28     -0.94      0.25
     -0.87     -1.06      0.67
     -1.74     -1.29      0.07
     -2.20     -1.47     -0.95
     -1.98     -1.00     -1.42
     -0.60      0.32     -0.89
      1.49      1.82      0.31
      3.06      2.41      0.97
      3.09      1.46      0.49
      1.70     -0.58     -0.65
     -0.27     -2.55     -1.30
     -2.14     -3.63     -0.83
     -3.13     -3.51      0.43
     -2.47     -2.01      1.57
     -0.41      0.20      1.81
      1.54      2.11      0.85
      2.06      2.95     -0.89
      1.39      2.83     -2.08
      0.43      2.23     -1.66
     -0.51      1.28      0.07
     -1.44     -0.10      1.87
     -1.81     -1.47      2.58
     -1.06     -2.19      1.99
      0.49     -2.07      0.43
      1.79     -1.35     -1.30
      1.96     -0.34     -2.32
      1.02      0.80     -1.84
     -0.17      1.82      0.01
     -0.78      2.41      1.87
     -0.69      2.29      2.40
     -0.20      1.22      1.15
      0.39     -0.34     -1.01
      0.81     -1.53     -2.74
      0.82     -1.77     -2.92
      0.33     -1.06     -1.66
     -0.41     -0.16      0.31
     -0.90      0.44      1.81
     -0.78      0.44      2.28
     -0.08      0.32      1.75
      0.67      0.38      0.73
      0.73      0.44     -0.23
      0.03      0.38     -0.77
     -0.67      0.08     -0.59
     -0.75     -0.34      0.13
     -0.41     -0.88      0.55
     -0.41     -1.41      0.13
     -0.52     -1.53     -0.59
     -0.58     -0.82     -1.12
     -0.09      0.50     -0.89
      0.69      1.70      0.13
      1.02      2.23      1.39
      0.57      1.82      2.11
     -0.36      0.74      1.75
     -1.09     -0.76      0.25
     -1.18     -2.01     -1.90
     -0.49     -2.55     -3.46
      0.55     -1.83     -3.22
      1.27     -0.22     -1.12
      1.21      1.28      1.81
      0.54      1.94      3.54
     -0.27      1.46      3.00
     -0.79      0.14      0.43
     -0.64     -0.88     -2.44
      0.18     -0.82     -3.64
      1.15      0.14     -2.50
      1.48      0.98     -0.17
      0.82      0.80      1.93
     -0.41     -0.28      2.64
     -1.50     -1.65      1.87
     -1.69     -2.43      0.49
     -0.67     -1.77     -0.47
      0.93      0.20     -0.53
      1.94      2.47     -0.11
      1.52      3.67      0.31
     -0.06      2.89      0.43
     -1.57      0.56      0.25
     -1.98     -2.13     -0.05
     -1.24     -3.75     -0.35
     -0.27     -3.51     -0.47
      0.24     -1.65     -0.41
      0.43      0.80     -0.35
      0.67      2.59     -0.53
      0.94      2.83     -1.01
      0.96      1.64     -1.48
      0.58      0.08     -1.24
     -0.17     -0.94     -0.17
     -0.82     -0.88      1.21
     -0.96     -0.10      2.22
     -0.47      0.56      2.16
      0.27      0.38      1.03
      0.79     -0.34     -0.47
      0.82     -0.88     -1.48
      0.33     -0.52     -1.54
     -0.48      0.44     -0.71
     -1.06      1.34      0.61
     -0.97      1.58      1.69
     -0.33      0.92      1.87
      0.34     -0.58      0.85
      0.63     -1.95     -0.77
      0.48     -2.43     -1.84
      0.07     -1.59     -1.72
     -0.36      0.02     -0.47
     -0.60      1.40      0.97
     -0.51      2.06      1.81
     -0.18      1.52      1.51
      0.18      0.26      0.37
      0.43     -1.06     -0.89
      0.55     -1.77     -1.42
      0.49     -1.47     -1.01
      0.13     -0.52     -0.11
     -0.29      0.56      0.67
     -0.52      1.16      0.85
     -0.27      1.10      0.43
      0.49      0.62     -0.23
      1.28     -0.10     -0.65
      1.46     -0.58     -0.65
      0.72     -0.70     -0.17
     -0.55     -0.40      0.49
     -1.57      0.20      0.85
     -1.83      0.68      0.61
     -1.29      0.74     -0.17
     -0.30      0.56     -0.95
      0.66      0.38     -1.01
      1.14      0.26     -0.35
      1.03      0.14      0.55
      0.48      0.02      1.09
     -0.23     -0.28      0.79
     -0.69     -0.70     -0.05
     -0.57     -0.94     -0.89
     -0.03     -0.76     -1.06
      0.39     -0.28     -0.53
      0.25      0.26      0.31
     -0.26      0.68      0.97
     -0.54      0.74      1.21
     -0.27      0.68      0.97
      0.39      0.44      0.25
      0.97      0.08     -0.77
      1.12     -0.22     -1.48
      0.70     -0.40     -1.60
     -0.09     -0.52     -0.77
     -0.81     -0.76      0.49
     -1.08     -0.88      1.39
     -0.79     -0.70      1.39
     -0.29     -0.16      0.55
      0.10      0.62     -0.41
      0.27      1.28     -0.89
      0.36      1.64     -0.53
      0.52      1.52      0.19
      0.63      0.86      0.61
      0.48     -0.34      0.43
      0.10     -1.53     -0.11
     -0.30     -2.25     -0.71
     -0.52     -2.13     -1.01
     -0.49     -1.12     -0.77
     -0.33      0.20      0.07
     -0.12      1.28      0.91
      0.15      1.82      1.33
      0.39      1.70      0.91
      0.48      1.04     -0.11
      0.40      0.02     -1.01
      0.22     -0.76     -1.12
     -0.14     -0.94     -0.41
     -0.51     -0.70      0.43
     -0.60     -0.40      0.85
     -0.33     -0.22      0.49
     -0.03     -0.10     -0.17
      0.04      0.02     -0.59
     -0.02      0.44     -0.35
     -0.02      0.92      0.25
     -0.00      1.04      0.79
     -0.08      0.50      0.73
     -0.18     -0.46      0.19
     -0.18     -1.17     -0.41
     -0.05     -1.17     -0.53
      0.12     -0.76     -0.29
      0.16     -0.04      0.25
      0.15      0.44      0.49
      0.13      0.44      0.19
      0.13      0.14     -0.35
      0.03     -0.28     -0.83
     -0.14     -0.46     -0.83
     -0.14     -0.16     -0.29
      0.06      0.50      0.49
      0.27      1.04      1.09
      0.30      1.10      1.15
      0.19      0.68      0.79
      0.09     -0.04      0.07
      0.03     -0.70     -0.65
      0.03     -0.94     -1.01
     -0.00     -0.64     -0.89
     -0.12      0.08     -0.29
     -0.30      0.62      0.43
     -0.33      0.80      0.97
     -0.03      0.50      0.97
      0.36     -0.04      0.37
      0.42     -0.64     -0.77
      0.06     -0.88     -1.66
     -0.49     -0.52     -1.66
     -0.85      0.20     -0.53
     -0.75      0.74      0.91
     -0.21      0.86      1.87
      0.40      0.50      1.69
      0.70     -0.10      0.61
      0.58     -0.58     -0.71
      0.22     -0.64     -1.24
     -0.08     -0.28     -0.89
     -0.26      0.08      0.01
     -0.36      0.20      0.67
     -0.41      0.02      0.61
     -0.35     -0.16      0.25
     -0.14     -0.22     -0.05
      0.18      0.02     -0.05
      0.40      0.38      0.07
      0.46      0.38      0.07
      0.39      0.02     -0.11
      0.25     -0.46     -0.35
      0.12     -0.64     -0.35
     -0.08     -0.46     -0.17
     -0.26     -0.04      0.13
     -0.29      0.26      0.37
     -0.08      0.32      0.31
      0.19      0.20      0.01
      0.27      0.08     -0.23
      0.15      0.08     -0.29
      0.04      0.20      0.01
      0.03      0.26      0.37
      0.03      0.14      0.49
     -0.08     -0.22      0.31
     -0.15     -0.52     -0.11
     -0.03     -0.52     -0.29
      0.13     -0.22     -0.23
      0.19      0.26     -0.05
      0.12      0.62      0.13
      0.03      0.74      0.13
     -0.05      0.62      0.07
     -0.11      0.32     -0.05
     -0.14     -0.10     -0.11
     -0.14     -0.28     -0.05
     -0.09     -0.34      0.01
     -0.02     -0.22      0.07
      0.01     -0.10      0.19
     -0.14      0.08      0.25
     -0.26      0.26      0.31
     -0.15      0.38      0.19
      0.10      0.32     -0.17
      0.22      0.02     -0.53
      0.12     -0.46     -0.65
     -0.03     -0.70     -0.53
     -0.08     -0.64     -0.11
     -0.03     -0.40      0.43
      0.03     -0.10      0.61
      0.03      0.08      0.43
     -0.03      0.20      0.01
     -0.14      0.32     -0.29
     -0.17      0.38     -0.23
     -0.08      0.32      0.01
      0.10      0.20      0.25
      0.18     -0.04      0.31
      0.10     -0.28      0.19
     -0.02     -0.34     -0.17
     -0.02     -0.28     -0.41
      0.21     -0.04     -0.41
      0.57      0.08     -0.29
      0.73      0.08     -0.17
      0.51     -0.10      0.01
     -0.05     -0.22      0.13
     -0.57     -0.16      0.25
     -0.79     -0.04      0.31
     -0.72      0.14      0.25
     -0.41      0.08      0.07
      0.03      0.02     -0.17
      0.43      0.14     -0.29
      0.57      0.38     -0.17
      0.37      0.56      0.07
      0.01      0.56      0.19
     -0.20      0.38      0.25
     -0.14      0.08      0.13
      0.03     -0.28     -0.05
      0.10     -0.52     -0.23
     -0.00     -0.52     -0.17
     -0.12     -0.34     -0.05
     -0.12     -0.04      0.19
     -0.05      0.38      0.31
      0.01      0.62      0.25
      0.03      0.62      0.07
      0.07      0.50     -0.11
      0.09      0.20     -0.23
     -0.00     -0.22     -0.29
     -0.09     -0.52     -0.29
     -0.08     -0.58     -0.11
     -0.03     -0.46      0.19
     -0.08     -0.22      0.43
     -0.17     -0.10      0.43
     -0.11      0.08      0.19
      0.12      0.26     -0.23
      0.27      0.38     -0.59
      0.19      0.38     -0.53
      0.01      0.20     -0.11
     -0.08     -0.10      0.31
     -0.05     -0.34      0.49
      0.03     -0.52      0.31
     -0.00     -0.40     -0.05
     -0.09     -0.16     -0.35
     -0.23      0.20     -0.35
     -0.24      0.62     -0.11
     -0.11      0.80      0.25
      0.06      0.68      0.43
      0.12      0.38      0.43
      0.09     -0.10      0.25
      0.06     -0.52      0.13
      0.04     -0.76      0.01
      0.06     -0.82     -0.11
      0.10     -0.64     -0.35
      0.19     -0.34     -0.47
      0.30      0.14     -0.41
      0.31      0.62     -0.05
      0.22      0.92      0.49
      0.01      0.86      0.79
     -0.23      0.38      0.67
     -0.41     -0.34      0.19
     -0.39     -0.94     -0.29
     -0.12     -0.94     -0.53
      0.25     -0.46     -0.35
      0.42      0.26      0.07
      0.19      0.74      0.43
     -0.21      0.80      0.55
     -0.39      0.38      0.31
     -0.26     -0.16     -0.29
     -0.00     -0.58     -0.77
      0.16     -0.58     -0.77
      0.13     -0.22     -0.23
      0.04      0.26      0.49
      0.06      0.50      0.85
      0.19      0.32      0.61
      0.34     -0.16      0.07
      0.34     -0.58     -0.41
      0.15     -0.58     -0.53
     -0.17     -0.10     -0.23
     -0.47      0.56      0.19
     -0.55      0.80      0.43
     -0.35      0.62      0.43
      0.06      0.20      0.19
      0.45     -0.10     -0.11
      0.57     -0.16     -0.35
      0.33     -0.10     -0.41
     -0.12     -0.04     -0.35
     -0.48     -0.16     -0.05
     -0.51     -0.28      0.19
     -0.24     -0.34      0.31
      0.10     -0.22      0.19
      0.28      0.02     -0.11
      0.21      0.38     -0.29
      0.01      0.68     -0.35
     -0.02      0.86     -0.17
      0.13      0.68      0.07
      0.19      0.20      0.25
     -0.06     -0.52      0.19
     -0.42     -1.06      0.07
     -0.48     -1.06     -0.05
     -0.14     -0.52      0.01
      0.33      0.08      0.01
      0.57      0.56      0.07
      0.52      0.74      0.07
      0.22      0.68      0.07
     -0.17      0.26     -0.11
     -0.38     -0.22     -0.23
     -0.39     -0.58     -0.23
     -0.20     -0.58      0.01
     -0.03     -0.34      0.37
      0.09      0.02      0.61
      0.18      0.20      0.49
      0.21      0.26      0.19
      0.13      0.14     -0.29
     -0.03      0.02     -0.59
     -0.11      0.14     -0.53
     -0.02      0.32     -0.11
      0.09      0.32      0.31
      0.06      0.14      0.49
     -0.00     -0.22      0.37
     -0.02     -0.40      0.13
      0.04     -0.40     -0.05
      0.09     -0.16     -0.11
      0.04      0.08      0.01
     -0.06      0.26      0.19
     -0.14      0.20      0.19
     -0.17     -0.04      0.01
     -0.14     -0.34     -0.35
     -0.11     -0.40     -0.47
     -0.11     -0.16     -0.35
     -0.17      0.26      0.01
     -0.26      0.68      0.37
     -0.18      0.74      0.43
      0.27      0.38      0.31
      0.82     -0.10      0.01
      0.94     -0.52     -0.29
      0.43     -0.64     -0.29
     -0.29     -0.40     -0.11
     -0.66      0.02      0.07
     -0.52      0.32      0.07
     -0.18      0.32     -0.23
      0.15      0.14     -0.53
      0.39      0.14     -0.53
      0.49      0.26     -0.11
      0.36      0.38      0.31
     -0.02      0.26      0.49
     -0.38     -0.16      0.43
     -0.51     -0.46      0.19
     -0.27     -0.58     -0.05
      0.13     -0.46     -0.05
      0.40     -0.10     -0.11
      0.37      0.26     -0.17
      0.13      0.44     -0.23
     -0.15      0.38     -0.23
     -0.26      0.26      0.01
     -0.06      0.20      0.25
      0.19      0.14      0.25
      0.21     -0.04      0.01
     -0.14     -0.28     -0.17
     -0.54     -0.46     -0.05
     -0.63     -0.58      0.19
     -0.27     -0.46      0.37
      0.22     -0.28      0.37
      0.45      0.02      0.19
      0.33      0.38      0.01
      0.13      0.62     -0.17
      0.07      0.68     -0.23
      0.13      0.44     -0.05
      0.07      0.08      0.13
     -0.18     -0.34      0.19
     -0.35     -0.64      0.07
     -0.32     -0.70     -0.11
      0.04     -0.46     -0.29
      0.40     -0.04     -0.35
      0.42      0.32     -0.11
      0.09      0.56      0.25
     -0.27      0.50      0.49
     -0.36      0.20      0.37
     -0.15     -0.16      0.01
      0.10     -0.40     -0.47
      0.19     -0.40     -0.53
      0.13      0.02     -0.11
      0.09      0.56      0.49
      0.09      0.86      0.79
      0.01      0.68      0.49
     -0.20      0.02     -0.11
     -0.36     -0.58     -0.53
     -0.29     -0.88     -0.47
     -0.05     -0.70     -0.05
      0.07     -0.28      0.31
     -0.05      0.14      0.43
     -0.15      0.38      0.37
      0.01      0.44      0.25
      0.34      0.38      0.13
      0.55      0.20     -0.05
      0.45      0.02     -0.23
      0.06     -0.10     -0.29
     -0.38     -0.22     -0.17
     -0.60     -0.22      0.01
     -0.51     -0.10      0.19
     -0.21      0.02      0.25
      0.19      0.14      0.07
      0.54      0.20     -0.35
      0.69      0.26     -0.59
      0.51      0.20     -0.53
      0.21      0.08     -0.05
      0.04     -0.04      0.49
      0.03     -0.16      0.73
     -0.00     -0.40      0.49
     -0.11     -0.58      0.01
     -0.20     -0.58     -0.29
     -0.17     -0.16     -0.23
     -0.08      0.38      0.07
     -0.00      0.74      0.31
      0.07      0.74      0.25
      0.09      0.44     -0.05
     -0.00     -0.04     -0.35
     -0.21     -0.40     -0.47
     -0.36     -0.52     -0.35
     -0.26     -0.34     -0.05
      0.09      0.02      0.31
      0.42      0.26      0.43
      0.46      0.38      0.31
      0.19      0.32      0.07
     -0.17      0.14     -0.17
     -0.32     -0.16     -0.17
     -0.21     -0.40      0.01
      0.03     -0.46      0.13
      0.19     -0.34      0.13
      0.13     -0.04     -0.05
     -0.12      0.38     -0.17
     -0.35      0.62     -0.17
     -0.38      0.74      0.01
     -0.21      0.44      0.19
     -0.00     -0.04      0.19
      0.18     -0.52      0.13
      0.22     -0.64      0.01
      0.13     -0.34     -0.11
     -0.03      0.02     -0.23
     -0.17      0.26     -0.29
     -0.09      0.26     -0.29
      0.18      0.02     -0.11
      0.45     -0.16      0.01
      0.40     -0.22      0.19
     -0.02     -0.10      0.37
     -0.48      0.08      0.49
     -0.57      0.26      0.49
     -0.18      0.26      0.25
      0.34      0.08     -0.29
      0.54     -0.28     -0.71
      0.30     -0.58     -0.77
     -0.15     -0.58     -0.41
     -0.44     -0.28      0.07
     -0.42      0.08      0.43
     -0.18      0.38      0.49
      0.07      0.44      0.43
      0.19      0.32      0.13
      0.18      0.08     -0.11
      0.09     -0.04     -0.23
     -0.02     -0.04     -0.29
      0.03      0.02     -0.23
      0.15      0.02     -0.17
      0.21      0.02     -0.11
      0.10     -0.04     -0.05
     -0.06      0.02      0.01
     -0.17      0.14      0.07
     -0.20      0.20      0.19
     -0.15      0.26      0.31
     -0.08      0.32      0.31
      0.01      0.32      0.19
      0.09      0.26      0.01
      0.10     -0.04     -0.17
      0.01     -0.40     -0.29
     -0.09     -0.64     -0.29
     -0.11     -0.58     -0.17
      0.03     -0.28      0.01
      0.19      0.02      0.07
      0.24      0.26      0.07
      0.15      0.32      0.13
     -0.00      0.32      0.31
     -0.12      0.26      0.43
     -0.17      0.20      0.31
     -0.09      0.08      0.13
      0.04     -0.10     -0.11
      0.19     -0.16     -0.17
      0.25     -0.16     -0.05
      0.24     -0.04      0.19
      0.15      0.02      0.25
      0.01     -0.04      0.07
     -0.12     -0.16     -0.29
     -0.18     -0.28     -0.47
     -0.17     -0.28     -0.35
     -0.06     -0.16      0.07
     -0.06      0.14      0.49
     -0.18      0.44      0.61
     -0.27      0.56      0.37
     -0.18      0.56      0.01
      0.01      0.44     -0.23
      0.06      0.20     -0.29
      0.06     -0.10     -0.29
      0.07     -0.52     -0.23
      0.16     -0.82     -0.17
      0.22     -0.94     -0.05
      0.21     -0.64      0.07
      0.12     -0.10      0.19
     -0.03      0.44      0.31
     -0.20      0.80      0.25
     -0.27      0.74      0.13
     -0.15      0.44      0.13
      0.13      0.20      0.13
      0.39      0.02      0.13
      0.46     -0.04      0.07
      0.28     -0.16     -0.05
     -0.06     -0.34     -0.23
     -0.38     -0.52     -0.29
     -0.49     -0.58     -0.23
     -0.36     -0.40      0.01
     -0.08      0.02      0.19
      0.15      0.50      0.31
      0.18      0.86      0.19
      0.13      0.92     -0.05
      0.10      0.56     -0.17
      0.09      0.02     -0.05
      0.06     -0.52      0.07
      0.06     -0.88      0.01
      0.13     -0.94     -0.17
      0.24     -0.64     -0.29
      0.24     -0.16     -0.23
      0.06      0.44      0.07
     -0.23      0.86      0.55
     -0.48      0.98      0.67
     -0.54      0.62      0.37
     -0.38      0.08     -0.05
     -0.09     -0.34     -0.41
      0.21     -0.46     -0.41
      0.51     -0.28     -0.11
      0.64     -0.04      0.19
      0.54     -0.04      0.25
      0.10     -0.34      0.07
     -0.35     -0.58     -0.23
     -0.57     -0.52     -0.41
     -0.44     -0.04     -0.17
     -0.14      0.56      0.19
      0.12      1.04      0.61
      0.21      1.04      0.67
      0.21      0.62      0.37
      0.18     -0.10     -0.11
      0.10     -0.88     -0.65
     -0.06     -1.23     -0.89
     -0.20     -1.06     -0.65
     -0.23     -0.34      0.01
     -0.17      0.50      0.73
     -0.03      0.92      0.97
      0.12      0.86      0.61
      0.24      0.38     -0.05
      0.22     -0.04     -0.65
      0.04     -0.28     -0.83
     -0.14     -0.28     -0.47
     -0.23     -0.16      0.07
     -0.23     -0.04      0.49
     -0.26      0.02      0.55
     -0.24      0.08      0.25
     -0.12      0.20     -0.05
      0.06      0.26     -0.29
      0.25      0.32     -0.29
      0.31      0.14     -0.11
      0.16     -0.10      0.13
     -0.11     -0.34      0.25
     -0.30     -0.34      0.19
     -0.27     -0.10     -0.11
     -0.03      0.26     -0.23
      0.25      0.44     -0.17
      0.46      0.44      0.07
      0.49      0.20      0.31
      0.36     -0.10      0.37
      0.07     -0.40      0.13
     -0.17     -0.58     -0.11
     -0.20     -0.52     -0.29
      0.04     -0.22     -0.23
      0.33      0.14      0.01
      0.39      0.38      0.25
      0.07      0.38      0.31
     -0.36      0.32      0.19
     -0.57      0.08      0.01
     -0.45     -0.04     -0.05
     -0.15     -0.10     -0.11
      0.06     -0.04     -0.05
      0.10      0.08      0.01
      0.06      0.08      0.19
      0.03     -0.10      0.25
      0.04     -0.28      0.13
      0.06     -0.40     -0.17
      0.06     -0.34     -0.41
      0.06     -0.04     -0.35
      0.15      0.26     -0.11
      0.19      0.50      0.19
      0.12      0.38      0.31
     -0.14      0.14      0.19
     -0.42     -0.10      0.01
     -0.42     -0.22     -0.11
     -0.11     -0.10     -0.11
      0.28     -0.04     -0.11
      0.49     -0.04      0.01
      0.46     -0.04      0.13
      0.22      0.02      0.19
     -0.11      0.02      0.19
     -0.39      0.02      0.13
     -0.49      0.08      0.07
     -0.35      0.14     -0.05
     -0.03      0.14     -0.11
      0.25      0.14     -0.05
      0.34      0.08     -0.05
      0.22      0.08      0.07
      0.06      0.08      0.13
     -0.00      0.08      0.13
      0.04      0.02      0.07
      0.04     -0.10      0.01
     -0.11     -0.28      0.01
     -0.27     -0.46      0.07
     -0.27     -0.40      0.13
     -0.08     -0.16      0.19
      0.13      0.14      0.19
      0.22      0.44      0.13
      0.21      0.62     -0.05
      0.12      0.62     -0.17
     -0.05      0.38     -0.29
     -0.20      0.02     -0.23
     -0.26     -0.34      0.01
     -0.12     -0.46      0.37
      0.12     -0.40      0.55
      0.27     -0.34      0.43
      0.21     -0.22      0.01
     -0.00     -0.04     -0.41
     -0.14      0.26     -0.59
     -0.06      0.56     -0.41
      0.16      0.56     -0.11
      0.33      0.38      0.13
      0.24      0.02      0.19
     -0.11     -0.28      0.01
     -0.38     -0.52     -0.17
     -0.30     -0.40     -0.29
     -0.00     -0.16     -0.17
      0.30      0.14      0.07
      0.37      0.32      0.25
      0.18      0.32      0.37
     -0.17      0.02      0.37
     -0.44     -0.28      0.13
     -0.45     -0.34     -0.11
     -0.24     -0.22     -0.29
      0.04      0.02     -0.23
      0.25      0.32     -0.11
      0.33      0.44      0.07
      0.25      0.38      0.13
      0.09      0.14      0.07
     -0.05     -0.16      0.01
     -0.12     -0.28      0.01
     -0.14     -0.22      0.13
     -0.14     -0.10      0.19
     -0.14      0.02      0.13
     -0.14      0.02     -0.05
     -0.06      0.02     -0.23
      0.07      0.02     -0.35
      0.21      0.14     -0.29
      0.18      0.32     -0.11
      0.04      0.32      0.19
     -0.05      0.20      0.37
     -0.06     -0.04      0.43
     -0.09     -0.34      0.31
     -0.17     -0.46      0.01
     -0.18     -0.40     -0.29
     -0.06     -0.10     -0.41
      0.13      0.20     -0.17
      0.31      0.44      0.13
      0.37      0.44      0.37
      0.28      0.20      0.31
      0.04     -0.16      0.07
     -0.20     -0.58     -0.17
     -0.30     -0.64     -0.23
     -0.24     -0.34     -0.05
     -0.12      0.08      0.13
     -0.06      0.38      0.19
     -0.05      0.44      0.13
     -0.02      0.26     -0.05
      0.12      0.20     -0.11
      0.24      0.14     -0.11
      0.22      0.08     -0.05
     -0.00     -0.04      0.01
     -0.23     -0.16      0.07
     -0.27     -0.22      0.07
     -0.15     -0.16      0.07
     -0.00     -0.04      0.07
      0.13      0.08      0.13
      0.18      0.14      0.13
      0.19      0.26      0.13
      0.21      0.26      0.13
      0.19      0.20      0.01
      0.09      0.02     -0.05
     -0.08     -0.22     -0.11
     -0.26     -0.40     -0.11
     -0.35     -0.40     -0.11
     -0.29     -0.28     -0.05
     -0.05     -0.04      0.01
      0.24      0.20      0.07
      0.37      0.32      0.13
      0.22      0.26      0.19
     -0.03      0.08      0.13
     -0.15     -0.10      0.01
     -0.11     -0.28      0.01
     -0.08     -0.28      0.07
     -0.09     -0.16      0.13
     -0.09      0.02      0.19
     -0.02      0.26      0.13
      0.12      0.38     -0.05
      0.19      0.32     -0.29
      0.16      0.20     -0.29
      0.06      0.08     -0.11
     -0.06     -0.04      0.19
     -0.15     -0.16      0.31
     -0.23     -0.22      0.25
     -0.23     -0.28      0.01
     -0.14     -0.22     -0.17
      0.01     -0.10     -0.11
      0.15      0.08      0.07
      0.21      0.26      0.07
      0.22      0.32     -0.05
      0.22      0.20     -0.17
      0.19      0.02     -0.11
      0.07     -0.16      0.07
     -0.08     -0.22      0.25
     -0.21     -0.16      0.19
     -0.23     -0.10      0.01
     -0.14      0.02     -0.11
     -0.00      0.14     -0.11
      0.09      0.26     -0.05
      0.12      0.26      0.13
      0.04      0.20      0.19
     -0.05     -0.04      0.19
     -0.05     -0.22      0.07
      0.06     -0.28      0.01
      0.13     -0.16     -0.05
      0.13      0.02     -0.17
      0.09      0.20     -0.23
      0.01      0.26     -0.11
     -0.09      0.20      0.07
     -0.23      0.02      0.13
     -0.24     -0.10      0.01
     -0.15     -0.10     -0.11
      0.01     -0.10     -0.23
      0.16     -0.04     -0.11
      0.22     -0.04      0.13
      0.18      0.02      0.37
      0.04     -0.04      0.31
     -0.11     -0.10      0.13
     -0.15     -0.10     -0.23
     -0.03     -0.04     -0.35
      0.15      0.08     -0.23
      0.24      0.26      0.07
      0.12      0.32      0.31
     -0.12      0.08      0.31
     -0.24     -0.16      0.13
     -0.14     -0.40     -0.11
      0.06     -0.40     -0.23
      0.15     -0.10     -0.17
      0.06      0.26      0.01
     -0.05      0.50      0.25
     -0.05      0.50      0.31
      0.06      0.20      0.13
      0.10     -0.28     -0.17
      0.04     -0.52     -0.29
     -0.11     -0.52     -0.17
     -0.23     -0.22      0.07
     -0.21      0.14      0.25
     -0.02      0.32      0.19
      0.16      0.26      0.01
      0.16      0.14     -0.23
     -0.02     -0.04     -0.23
     -0.20     -0.04      0.01
     -0.20      0.02      0.25
     -0.05     -0.04      0.31
      0.09     -0.10      0.13
      0.13     -0.16     -0.11
      0.13     -0.22     -0.29
      0.09     -0.04     -0.29
     -0.03      0.14     -0.05
     -0.18      0.38      0.19
     -0.24      0.38      0.37
     -0.14      0.26      0.31
      0.07      0.02      0.13
      0.22     -0.22     -0.05
      0.21     -0.28     -0.17
      0.04     -0.16     -0.05
     -0.20      0.02      0.13
     -0.32      0.14      0.25
     -0.23      0.08      0.19
      0.09     -0.04     -0.05
      0.36     -0.22     -0.29
      0.36     -0.34     -0.41
      0.15     -0.16     -0.17
     -0.08      0.14      0.25
     -0.14      0.44      0.55
     -0.11      0.44      0.49
     -0.05      0.20      0.07
     -0.02     -0.16     -0.35
      0.03     -0.40     -0.53
      0.10     -0.34     -0.35
      0.12     -0.16      0.01
      0.04      0.02      0.31
     -0.06      0.14      0.43
     -0.08      0.20      0.31
      0.06      0.20      0.13
      0.22      0.14     -0.05
      0.25      0.14     -0.11
      0.10      0.14     -0.05
     -0.06      0.02      0.01
     -0.17     -0.10      0.07
     -0.18     -0.28      0.01
     -0.08     -0.34      0.01
      0.07     -0.16     -0.05
      0.15      0.14      0.01
      0.13      0.32      0.07
      0.03      0.32      0.13
     -0.08      0.14      0.07
     -0.12     -0.10     -0.05
     -0.08     -0.28     -0.17
     -0.00     -0.22     -0.17
      0.03     -0.10     -0.17
     -0.03      0.02     -0.11
     -0.14      0.08      0.01
     -0.18      0.08      0.13
     -0.12      0.02      0.31
     -0.00     -0.04      0.25
      0.10      0.02      0.07
      0.19      0.02     -0.11
      0.19      0.02     -0.23
      0.15      0.02     -0.23
      0.06      0.02     -0.05
     -0.02     -0.04      0.07
     -0.08     -0.10      0.13
     -0.09     -0.16      0.13
     -0.08     -0.04      0.13
      0.01      0.14      0.13
      0.09      0.32      0.13
      0.06      0.38      0.13
     -0.03      0.20      0.07
     -0.14     -0.10     -0.11
     -0.17     -0.40     -0.17
     -0.15     -0.40     -0.05
     -0.06     -0.16      0.07
     -0.00      0.14      0.19
     -0.02      0.32      0.25
     -0.02      0.32      0.19
      0.12      0.20      0.07
      0.33      0.02     -0.05
      0.39     -0.10     -0.17
      0.22     -0.22     -0.23
     -0.08     -0.28     -0.29
     -0.27     -0.28     -0.17
     -0.24     -0.16      0.07
     -0.02      0.02      0.31
      0.25      0.26      0.37
      0.34      0.38      0.31
      0.19      0.26      0.07
     -0.06      0.02     -0.17
     -0.23     -0.16     -0.23
     -0.21     -0.28     -0.17
     -0.05     -0.22      0.01
      0.15     -0.04      0.13
      0.21      0.14      0.13
      0.07      0.20      0.07
     -0.09      0.20     -0.05
     -0.18      0.08     -0.05
     -0.20     -0.10      0.07
     -0.18     -0.22      0.19
     -0.11     -0.16      0.19
      0.03     -0.04      0.13
      0.15      0.14     -0.05
      0.18      0.14     -0.23
      0.09      0.02     -0.35
      0.01     -0.10     -0.29
      0.01     -0.16     -0.11
      0.03     -0.10      0.07
     -0.03     -0.04      0.25
     -0.12      0.02      0.25
     -0.18      0.08      0.19
     -0.18      0.14      0.07
     -0.08      0.08     -0.05
      0.04      0.02     -0.17
      0.13     -0.04     -0.11
      0.12      0.02      0.01
      0.04      0.08      0.13
     -0.02      0.08      0.13
     -0.09      0.02      0.07
     -0.15     -0.10     -0.05
     -0.09     -0.16     -0.05
      0.09     -0.10     -0.05
      0.24      0.08     -0.05
      0.24      0.20     -0.05
      0.07      0.14     -0.05
     -0.14     -0.04     -0.11
     -0.18     -0.10      0.01
     -0.08     -0.10      0.13
      0.06     -0.10      0.19
      0.09     -0.10      0.07
      0.03     -0.04     -0.11
     -0.02      0.08     -0.23
     -0.00      0.20     -0.17
     -0.00      0.26      0.07
      0.01      0.26      0.31
      0.04      0.14      0.49
      0.09     -0.04      0.43
      0.10     -0.28      0.13
     -0.00     -0.34     -0.23
     -0.14     -0.22     -0.35
     -0.15      0.02     -0.29
     -0.03      0.26      0.01
      0.13      0.38      0.25
      0.22      0.26      0.25
      0.18      0.08      0.07
      0.07     -0.10     -0.11
     -0.03     -0.10     -0.23
     -0.06     -0.04     -0.05
     -0.00      0.02      0.13
      0.09      0.02      0.25
      0.15     -0.10      0.25
      0.04     -0.16      0.07
     -0.14     -0.10     -0.11
     -0.24      0.02     -0.17
     -0.17      0.26     -0.17
      0.03      0.26     -0.05
      0.15      0.20      0.07
      0.10     -0.04      0.07
     -0.05     -0.22      0.07
     -0.12     -0.28      0.07
     -0.06     -0.16      0.07
      0.12     -0.04      0.07
      0.31      0.02      0.01
      0.34      0.02     -0.05
      0.18      0.02     -0.05
     -0.11      0.02      0.07
     -0.32      0.14      0.25
     -0.29      0.20      0.31
     -0.09      0.08      0.07
      0.09     -0.10     -0.23
      0.15     -0.28     -0.41
      0.07     -0.22     -0.35
     -0.02     -0.04     -0.05
     -0.08      0.14      0.25
     -0.09      0.26      0.43
     -0.06      0.20      0.37
      0.01      0.08      0.07
      0.09     -0.10     -0.29
      0.12     -0.22     -0.41
      0.04     -0.22     -0.29
     -0.12     -0.10      0.07
     -0.26      0.02      0.37
     -0.27      0.20      0.43
     -0.09      0.26      0.25
      0.15      0.14     -0.05
      0.30     -0.04     -0.29
      0.22     -0.16     -0.23
     -0.00     -0.16     -0.05
     -0.14     -0.04      0.19
     -0.14      0.08      0.31
     -0.03      0.08      0.19
      0.07      0.02      0.01
      0.13     -0.10     -0.17
      0.15     -0.04     -0.23
      0.12      0.14     -0.11
      0.04      0.20      0.01
     -0.03      0.20      0.13
     -0.08      0.02      0.07
     -0.08     -0.22     -0.05
     -0.05     -0.34     -0.11
     -0.03     -0.22     -0.05
     -0.06     -0.04      0.07
     -0.11      0.20      0.25
     -0.09      0.26      0.37
     -0.03      0.26      0.19
      0.01      0.08      0.01
      0.04     -0.10     -0.17
      0.06     -0.10     -0.29
      0.03     -0.04     -0.29
     -0.02      0.02     -0.23
     -0.00      0.02     -0.11
      0.07      0.02      0.01
      0.15      0.02      0.19
      0.12     -0.04      0.19
      0.04     -0.10      0.13
     -0.06     -0.10      0.01
     -0.14     -0.04     -0.11
     -0.18     -0.04     -0.17
     -0.17      0.08     -0.11
     -0.03      0.14      0.01
      0.13      0.14      0.13
      0.21      0.08      0.19
      0.19     -0.04      0.25
      0.12     -0.10      0.25
      0.06     -0.10      0.13
      0.03     -0.10     -0.05
     -0.09     -0.10     -0.29
     -0.23     -0.10     -0.35
     -0.27     -0.04     -0.29
     -0.17      0.02     -0.11
      0.03      0.14      0.07
      0.15      0.26      0.19
      0.15      0.20      0.31
      0.09      0.14      0.25
      0.09     -0.04      0.07
      0.13     -0.22     -0.11
      0.13     -0.34     -0.17
      0.03     -0.34     -0.05
     -0.09     -0.22      0.19
     -0.17      0.08      0.37
     -0.12      0.26      0.31
     -0.05      0.32      0.07
      0.01      0.26     -0.17
      0.06      0.20     -0.29
      0.09      0.14     -0.23
      0.06      0.08      0.01
     -0.00     -0.04      0.19
     -0.05     -0.16      0.19
     -0.02     -0.28      0.07
      0.07     -0.28      0.01
      0.13     -0.16      0.01
      0.07      0.08      0.01
     -0.08      0.26      0.13
     -0.15      0.38      0.19
     -0.11      0.32      0.25
      0.03      0.14      0.19
      0.13      0.02      0.07
      0.15     -0.10     -0.05
      0.09     -0.10     -0.17
      0.04     -0.04     -0.11
      0.07     -0.04      0.01
      0.10     -0.04      0.07
      0.01     -0.16      0.13
     -0.11     -0.16      0.07
     -0.18     -0.04     -0.05
     -0.15      0.14     -0.11
     -0.03      0.20     -0.17
      0.09      0.20     -0.11
      0.15      0.20     -0.05
      0.06      0.14      0.07
     -0.09      0.02      0.13
     -0.17     -0.10      0.07
     -0.11     -0.22     -0.11
      0.01     -0.22     -0.17
      0.09     -0.10     -0.11
      0.15      0.08      0.07
      0.19      0.26      0.25
      0.13      0.32      0.31
     -0.08      0.14      0.19
     -0.27     -0.10     -0.05
     -0.30     -0.22     -0.23
     -0.09     -0.28     -0.17
      0.12     -0.10      0.01
      0.18      0.02      0.13
      0.09      0.08      0.25
      0.01      0.08      0.19
      0.06      0.02      0.13
      0.18     -0.04      0.01
      0.21     -0.10     -0.11
      0.09     -0.04     -0.17
     -0.14      0.02     -0.11
     -0.26      0.14      0.01
     -0.21      0.14      0.07
     -0.02      0.08      0.13
      0.13      0.02      0.07
      0.15     -0.04      0.07
      0.07      0.02      0.01
     -0.00      0.02     -0.05
      0.03     -0.10     -0.17
      0.09     -0.22     -0.23
      0.03     -0.34     -0.11
     -0.08     -0.28      0.01
     -0.15     -0.10      0.19
     -0.11      0.20      0.31
     -0.00      0.44      0.25
      0.07      0.38      0.07
      0.10      0.20     -0.11
      0.09      0.02     -0.17
      0.01     -0.10     -0.11
     -0.09     -0.10      0.01
     -0.15     -0.10      0.13
     -0.11     -0.04      0.13
     -0.03     -0.04      0.13
      0.04     -0.10      0.07
      0.04     -0.16      0.01
     -0.02     -0.16     -0.05
     -0.06     -0.04     -0.05
     -0.02      0.08      0.01
      0.09      0.20      0.07
      0.21      0.26      0.07
      0.19      0.20      0.01
      0.06      0.02     -0.05
     -0.09     -0.10     -0.17
     -0.21     -0.10     -0.11
     -0.23     -0.16     -0.05
     -0.18     -0.04      0.13
     -0.03      0.08      0.25
      0.12      0.20      0.25
      0.16      0.26      0.07
      0.15      0.14     -0.11
      0.15      0.02     -0.11
      0.16     -0.04     -0.05
      0.06     -0.16      0.07
     -0.17     -0.22      0.19
     -0.35     -0.22      0.19
     -0.36     -0.10      0.07
     -0.21      0.08      0.01
      0.03      0.32     -0.11
      0.24      0.38     -0.23
      0.33      0.32     -0.17
      0.25      0.14     -0.11
      0.12     -0.10      0.01
     -0.00     -0.28      0.07
     -0.08     -0.34      0.13
     -0.12     -0.28      0.13
     -0.08     -0.10      0.07
     -0.00      0.14      0.01
      0.04      0.32     -0.05
      0.09      0.38     -0.05
      0.10      0.26      0.01
      0.07      0.14      0.07
     -0.02     -0.04      0.13
     -0.11     -0.10      0.13
     -0.09     -0.22      0.01
     -0.00     -0.22     -0.11
      0.06     -0.10     -0.17
      0.06      0.02     -0.05
      0.03      0.20      0.13
      0.04      0.26      0.25
      0.03      0.20      0.19
     -0.06     -0.10     -0.05
     -0.14     -0.34     -0.29
     -0.12     -0.34     -0.29
     -0.00     -0.10     -0.11
      0.10      0.14      0.13
      0.09      0.26      0.31
      0.04      0.26      0.31
      0.01      0.14      0.13
      0.04     -0.04     -0.05
      0.07     -0.10     -0.11
      0.04     -0.10     -0.05
     -0.02     -0.04      0.07
     -0.03      0.02      0.13
     -0.03      0.02      0.13
     -0.02     -0.10      0.01
     -0.00     -0.16     -0.05
      0.01     -0.16     -0.11
      0.07      0.02     -0.11
      0.07      0.20      0.01
     -0.00      0.32      0.13
     -0.08      0.26      0.25
     -0.09      0.20      0.31
     -0.05      0.02      0.13
     -0.00     -0.22     -0.05
      0.03     -0.34     -0.29
      0.04     -0.22     -0.29
      0.06     -0.04     -0.11
      0.07      0.26      0.19
      0.06      0.32      0.31
     -0.03      0.14      0.31
     -0.12     -0.16      0.07
     -0.14     -0.40     -0.11
     -0.03     -0.34     -0.23
      0.06     -0.16     -0.17
      0.10      0.08     -0.05
      0.10      0.26      0.13
      0.10      0.32      0.25
      0.10      0.32      0.25
      0.06      0.14      0.07
     -0.02     -0.10     -0.05
     -0.06     -0.22     -0.17
     -0.09     -0.22     -0.11
     -0.05     -0.16      0.01
     -0.00     -0.04      0.07
     -0.02      0.08      0.01
     -0.05      0.14      0.01
     -0.05      0.14      0.01
     -0.03      0.20      0.07
     -0.00      0.14      0.07
     -0.02     -0.04      0.01
     -0.03     -0.10     -0.05
     -0.06     -0.16     -0.05
     -0.06     -0.04      0.01
     -0.05      0.02      0.07
      0.01      0.02      0.01
      0.06      0.08      0.01
      0.06      0.08      0.01
     -0.00      0.08      0.01
     -0.02      0.20      0.07
      0.04      0.20      0.07
      0.13      0.14      0.01
      0.15     -0.10     -0.05
      0.04     -0.28     -0.11
     -0.06     -0.34     -0.11
     -0.11     -0.22     -0.05
     -0.03     -0.04      0.01
      0.07      0.14      0.07
      0.12      0.20      0.01
      0.09      0.20     -0.05
      0.01      0.14     -0.11
     -0.06      0.02     -0.05
     -0.06     -0.04      0.07
     -0.02     -0.10      0.19
      0.03     -0.04      0.19
      0.04     -0.04      0.13
      0.04      0.02      0.01
      0.03     -0.04     -0.11
     -0.02     -0.10     -0.17
     -0.08     -0.04     -0.11
     -0.14      0.02     -0.05
     -0.17      0.14      0.07
     -0.14      0.20      0.19
     -0.09      0.20      0.13
     -0.05      0.14      0.07
     -0.05     -0.04      0.01
     -0.03     -0.28     -0.05
      0.06     -0.34     -0.05
      0.16     -0.34      0.01
      0.19     -0.10      0.07
      0.12      0.20      0.13
      0.03      0.44      0.07
     -0.02      0.44      0.01
      0.03      0.26     -0.11
      0.07     -0.10     -0.29
      0.06     -0.34     -0.29
     -0.02     -0.40     -0.17
     -0.08     -0.22      0.07
     -0.06      0.08      0.31
      0.03      0.32      0.37
      0.10      0.38      0.19
      0.13      0.32     -0.05
      0.10      0.14     -0.17
      0.03     -0.04     -0.11
     -0.03     -0.16      0.01
     -0.11     -0.28      0.13
     -0.15     -0.28      0.19
     -0.14     -0.16      0.13
     -0.05     -0.04      0.07
      0.07      0.08      0.01
      0.16      0.08     -0.11
      0.18      0.08     -0.11
      0.07      0.08     -0.05
     -0.09      0.02      0.07
     -0.15      0.02      0.13
     -0.05      0.08      0.13
      0.15      0.08      0.01
      0.25      0.02     -0.11
      0.15     -0.04     -0.17
     -0.11     -0.10     -0.05
     -0.32     -0.04      0.13
     -0.32      0.08      0.25
     -0.15      0.08      0.25
      0.10      0.08      0.13
      0.28      0.08     -0.11
      0.31      0.02     -0.17
      0.16      0.08     -0.11
     -0.09      0.08      0.07
     -0.29      0.02      0.19
     -0.30     -0.10      0.19
     -0.12     -0.10      0.07
      0.07     -0.10     -0.11
      0.18     -0.04     -0.29
      0.15     -0.04     -0.23
      0.06      0.02     -0.05
     -0.02      0.08      0.19
      0.01      0.02      0.25
      0.10      0.02      0.13
      0.15     -0.10     -0.05
      0.13     -0.16     -0.17
      0.10     -0.10     -0.11
      0.04      0.02      0.07
     -0.03      0.14      0.25
     -0.09      0.20      0.25
     -0.12      0.14      0.13
     -0.08      0.02     -0.05
     -0.00     -0.04     -0.23
      0.04     -0.10     -0.17
      0.06     -0.10      0.01
      0.01      0.02      0.13
     -0.03      0.08      0.19
     -0.06      0.08      0.13
     -0.06      0.02      0.07
     -0.05      0.02     -0.05
     -0.03      0.02     -0.11
     -0.05      0.02     -0.11
     -0.06      0.02     -0.05
     -0.03      0.02      0.07
      0.07      0.02      0.19
      0.15      0.08      0.19
      0.13      0.02      0.07
      0.07      0.02     -0.05
     -0.00     -0.04     -0.17
     -0.06     -0.04     -0.23
     -0.08     -0.04     -0.11
     -0.06      0.02      0.01
     -0.08      0.02      0.07
     -0.09      0.02      0.07
     -0.09     -0.04      0.01
     -0.03      0.02      0.01
      0.04      0.02      0.07
      0.06      0.08      0.19
      0.06      0.08      0.07
      0.09      0.02     -0.05
      0.10     -0.04     -0.17
      0.09     -0.04     -0.17
     -0.02      0.08     -0.05
     -0.14      0.14      0.13
     -0.18      0.14      0.19
     -0.14     -0.04      0.07
     -0.00     -0.22     -0.11
      0.10     -0.28     -0.17
      0.12     -0.16     -0.05
      0.03      0.08      0.13
     -0.05      0.26      0.19
     -0.06      0.32      0.07
      0.01      0.14     -0.17
      0.09     -0.04     -0.29
      0.10     -0.22     -0.29
      0.04     -0.22     -0.11
     -0.03     -0.10      0.19
     -0.09      0.02      0.43
     -0.09      0.14      0.43
     -0.05      0.08      0.19
     -0.02      0.02     -0.11
      0.06      0.02     -0.35
      0.10      0.08     -0.29
      0.09      0.20     -0.05
      0.01      0.20      0.13
     -0.06      0.08      0.19
     -0.09     -0.10      0.07
     -0.09     -0.28     -0.11
     -0.06     -0.34     -0.29
     -0.00     -0.22     -0.23
      0.04      0.02     -0.05
      0.04      0.26      0.19
     -0.03      0.38      0.37
     -0.08      0.26      0.31
     -0.06      0.08      0.13
      0.01     -0.10     -0.11
      0.10     -0.28     -0.23
      0.15     -0.34     -0.23
      0.15     -0.28     -0.11
      0.09     -0.10      0.07
      0.03      0.14      0.19
     -0.00      0.26      0.31
      0.01      0.26      0.25
      0.01      0.14      0.07
     -0.03      0.02     -0.11
     -0.06     -0.10     -0.17
     -0.09     -0.10     -0.17
     -0.08      0.02     -0.05
     -0.05      0.08      0.01
      0.01      0.08      0.07
      0.01      0.02      0.07
     -0.02     -0.04      0.01
     -0.06     -0.04      0.01
     -0.09     -0.04      0.01
     -0.06     -0.04      0.01
      0.03      0.02      0.01
      0.12      0.08      0.01
      0.16      0.14      0.07
      0.10      0.08      0.07
     -0.02      0.08      0.07
     -0.11     -0.04      0.07
     -0.12     -0.10      0.07
     -0.05     -0.10      0.01
      0.04      0.02      0.01
      0.09      0.14      0.01
      0.09      0.14      0.01
      0.06      0.08      0.07
      0.03     -0.04      0.07
      0.01     -0.10      0.07
     -0.00     -0.10      0.07
     -0.02     -0.04      0.01
     -0.00      0.02     -0.05
      0.04      0.08     -0.05
      0.09      0.08     -0.05
      0.06      0.02      0.01
     -0.03      0.02      0.07
     -0.11      0.02      0.13
     -0.12     -0.04      0.19
     -0.08     -0.04      0.13
      0.03     -0.04      0.01
      0.12      0.02     -0.17
      0.18      0.02     -0.17
      0.16      0.08     -0.05
      0.06      0.08      0.13
     -0.09      0.08      0.25
     -0.20     -0.04      0.13
     -0.21     -0.22     -0.05
     -0.14     -0.28     -0.23
     -0.02     -0.22     -0.23
      0.12     -0.04     -0.11
      0.19      0.20      0.13
      0.16      0.38      0.25
      0.09      0.38      0.25
      0.01      0.20      0.13
     -0.05     -0.04     -0.05
     -0.08     -0.28     -0.17
     -0.11     -0.40     -0.23
     -0.09     -0.34     -0.11
     -0.06     -0.16      0.01
     -0.02      0.08      0.07
     -0.00      0.26      0.07
      0.01      0.26      0.01
      0.01      0.20     -0.05
      0.03      0.14      0.07
      0.03      0.08      0.13
      0.03     -0.04      0.19
     -0.02     -0.10      0.07
     -0.11     -0.22     -0.05
     -0.18     -0.22     -0.17
     -0.20     -0.10     -0.17
     -0.12      0.08     -0.05
      0.01      0.26      0.01
      0.13      0.32      0.07
      0.18      0.20      0.01
      0.13      0.02      0.01
      0.03     -0.10      0.01
     -0.09     -0.16      0.01
     -0.15     -0.16      0.07
     -0.12     -0.10      0.01
     -0.05     -0.10      0.01
      0.04      0.02     -0.05
      0.09      0.08      0.01
      0.10      0.20      0.07
      0.09      0.32      0.19
      0.07      0.26      0.19
      0.04      0.02      0.13
     -0.02     -0.16     -0.05
     -0.06     -0.28     -0.23
     -0.12     -0.34     -0.29
     -0.12     -0.22     -0.17
     -0.08      0.02      0.01
     -0.02      0.20      0.25
      0.03      0.32      0.31
      0.07      0.26      0.19
      0.13      0.14     -0.05
      0.16     -0.04     -0.29
      0.12     -0.10     -0.29
      0.03     -0.16     -0.17
     -0.06     -0.04      0.01
     -0.09     -0.04      0.19
     -0.08     -0.04      0.19
     -0.03     -0.10      0.07
      0.01     -0.10     -0.05
     -0.00     -0.04     -0.05
     -0.05      0.14      0.01
     -0.06      0.20      0.07
     -0.00      0.14      0.13
      0.07      0.02      0.13
      0.09     -0.16      0.07
      0.06     -0.22     -0.05
     -0.00     -0.22     -0.05
     -0.05     -0.04      0.01
     -0.03      0.14      0.07
      0.03      0.26      0.13
      0.10      0.26      0.19
      0.13      0.20      0.13
      0.07      0.02      0.07
     -0.06     -0.10     -0.05
     -0.17     -0.16     -0.11
     -0.17     -0.22     -0.11
     -0.08     -0.10     -0.05
     -0.03     -0.04      0.01
     -0.02      0.08      0.07
     -0.00      0.14      0.01
      0.03      0.20      0.01
      0.09      0.14     -0.05
      0.09      0.08      0.01
     -0.00     -0.10      0.07
     -0.09     -0.22      0.07
     -0.11     -0.28      0.13
     -0.06     -0.16      0.13
     -0.00     -0.04      0.13
      0.01      0.14      0.13
      0.06      0.26      0.01
      0.13      0.26     -0.11
      0.19      0.20     -0.17
      0.19      0.02     -0.17
      0.07     -0.16     -0.05
     -0.09     -0.22      0.13
     -0.18     -0.22      0.25
     -0.17     -0.16      0.19
     -0.06      0.02      0.07
      0.07      0.08     -0.05
      0.15      0.14     -0.11
      0.13      0.14     -0.11
      0.04      0.08     -0.05
     -0.05      0.02      0.07
     -0.09      0.02      0.07
     -0.03      0.02      0.07
      0.04      0.02      0.07
      0.09      0.02      0.01
      0.07     -0.04     -0.05
      0.03     -0.04     -0.11
     -0.03     -0.04     -0.05
     -0.08      0.02      0.01
     -0.12      0.02      0.07
     -0.11      0.02      0.07
     -0.06      0.02      0.01
     -0.00      0.08     -0.05
      0.03      0.14     -0.05
     -0.00      0.14     -0.05
     -0.02      0.14      0.01
      0.01      0.02      0.01
      0.03     -0.10     -0.05
      0.01     -0.22     -0.11
     -0.00     -0.22     -0.11
      0.01     -0.16     -0.05
      0.01      0.02      0.07
     -0.03      0.14      0.19
     -0.05      0.20      0.13
     -0.00      0.14      0.07
      0.04      0.08     -0.05
      0.06     -0.04     -0.17
     -0.02     -0.10     -0.17
     -0.06     -0.04     -0.11
     -0.08      0.08      0.07
     -0.06      0.20      0.19
     -0.03      0.20      0.19
     -0.05      0.14      0.07
     -0.02     -0.04     -0.05
      0.03     -0.16     -0.11
      0.07     -0.22     -0.17
      0.10     -0.22     -0.05
      0.07     -0.10      0.07
     -0.00      0.02      0.07
     -0.11      0.14      0.07
     -0.14      0.20      0.01
     -0.08      0.14      0.01
      0.03      0.14      0.01
      0.10      0.02      0.07
      0.09     -0.04      0.07
      0.03     -0.10      0.07
     -0.05     -0.04      0.07
     -0.09      0.02      0.13
     -0.11      0.02      0.07
     -0.06      0.02      0.07
      0.01      0.02     -0.05
      0.03     -0.04     -0.05
     -0.00     -0.10      0.01
     -0.05     -0.04      0.07
     -0.02      0.02      0.13
      0.01      0.02      0.07
      0.01      0.08     -0.05
     -0.00      0.14     -0.05
     -0.03      0.14     -0.05
     -0.05      0.14      0.01
     -0.00      0.02      0.07
      0.06     -0.16     -0.05
      0.07     -0.28     -0.05
      0.06     -0.28     -0.11
      0.03     -0.10     -0.05
     -0.02      0.14      0.01
     -0.06      0.26      0.07
     -0.08      0.26      0.01
     -0.03      0.14      0.01
      0.07     -0.04     -0.05
      0.10     -0.16     -0.05
      0.03     -0.22      0.01
     -0.08     -0.16      0.01
     -0.09     -0.04      0.07
     -0.05      0.08      0.13
      0.03      0.14      0.13
      0.07      0.14      0.07
      0.06      0.08      0.01
      0.04     -0.04     -0.05
      0.01     -0.10     -0.05
     -0.03     -0.10     -0.05
     -0.06     -0.04      0.01
     -0.06      0.08      0.07
      0.03      0.14      0.13
      0.15      0.08      0.13
      0.19     -0.04      0.07
      0.10     -0.10      0.01
     -0.06     -0.16     -0.05
     -0.18     -0.10     -0.11
     -0.18     -0.04     -0.05
     -0.09      0.08      0.07
      0.03      0.14      0.13
      0.10      0.14      0.19
      0.12      0.08      0.13
      0.09     -0.04      0.01
      0.04     -0.16     -0.05
      0.01     -0.16     -0.11
     -0.02     -0.10     -0.05
     -0.09      0.02      0.01
     -0.15      0.08      0.07
     -0.12      0.14      0.07
      0.01      0.14      0.01
      0.16      0.08     -0.11
      0.18      0.02     -0.17
      0.09     -0.04     -0.11
     -0.03     -0.04      0.01
     -0.09      0.02      0.19
     -0.06      0.02      0.25
     -0.02     -0.04      0.13
      0.06     -0.10     -0.05
      0.07     -0.04     -0.11
      0.03      0.02     -0.11
     -0.06      0.14     -0.11
     -0.11      0.20      0.07
     -0.08      0.14      0.07
      0.01      0.02      0.07
      0.07     -0.10      0.01
      0.09     -0.16     -0.05
      0.03     -0.10      0.01
     -0.06      0.02      0.07
     -0.09      0.14      0.13
     -0.05      0.14      0.07
      0.06      0.08      0.01
      0.13     -0.04     -0.11
      0.15     -0.10     -0.17
      0.12     -0.04     -0.05
      0.04      0.02      0.13
     -0.03      0.08      0.25
     -0.08      0.14      0.19
     -0.08      0.02      0.01
     -0.03     -0.04     -0.11
     -0.00     -0.04     -0.23
     -0.02     -0.04     -0.17
     -0.06      0.02     -0.05
     -0.11      0.08      0.13
     -0.09      0.08      0.25
     -0.00      0.02      0.25
      0.09     -0.10      0.13
      0.09     -0.16     -0.05
      0.03     -0.16     -0.17
     -0.03     -0.04     -0.23
     -0.09      0.14     -0.17
     -0.12      0.32     -0.05
     -0.09      0.32      0.13
     -0.02      0.26      0.19
      0.06      0.02      0.19
      0.06     -0.22      0.07
      0.03     -0.40     -0.11
      0.03     -0.40     -0.23
      0.07     -0.22     -0.23
      0.07     -0.04     -0.05
      0.01      0.14      0.13
     -0.08      0.26      0.25
     -0.11      0.32      0.25
     -0.09      0.20      0.13
     -0.05      0.02     -0.05
     -0.03     -0.10     -0.11
     -0.02     -0.16     -0.11
      0.01     -0.16     -0.05
      0.03     -0.10      0.07
      0.03     -0.04      0.07
      0.03     -0.04      0.01
      0.04     -0.04      0.01
      0.06      0.02      0.07
      0.03      0.14      0.07
     -0.05      0.14      0.01
     -0.08      0.08     -0.05
     -0.00      0.02     -0.11
      0.07     -0.10     -0.05
      0.07     -0.10      0.01
      0.01     -0.10      0.13
     -0.06     -0.04      0.13
     -0.06      0.02      0.07
     -0.02      0.02      0.01
      0.07      0.02     -0.17
      0.12      0.08     -0.17
      0.09      0.08     -0.05
     -0.00      0.14      0.07
     -0.09      0.14      0.19
     -0.15      0.02      0.13
     -0.15     -0.16     -0.05
     -0.11     -0.22     -0.17
     -0.02     -0.16     -0.17
      0.07      0.02      0.01
      0.12      0.20      0.19
      0.12      0.32      0.25
      0.09      0.20      0.19
      0.01     -0.04      0.07
     -0.06     -0.16     -0.05
     -0.11     -0.22     -0.05
     -0.08     -0.10     -0.05
      0.01      0.02      0.07
      0.09      0.14      0.07
      0.07      0.20      0.07
      0.01      0.08      0.01
     -0.03      0.02      0.01
      0.01      0.02      0.07
      0.06     -0.04      0.13
      0.06     -0.10      0.07
     -0.00     -0.16      0.01
     -0.05     -0.16     -0.05
     -0.02     -0.04     -0.05
      0.03      0.02     -0.05
      0.06      0.14      0.01
      0.04      0.14      0.07
      0.01      0.14      0.07
      0.01      0.08      0.07
      0.01      0.02      0.01
     -0.00     -0.04     -0.05
     -0.02     -0.04     -0.05
      0.01     -0.04      0.01
      0.07      0.08      0.13
      0.09      0.08      0.13
      0.06      0.02      0.01
     -0.03     -0.16     -0.11
     -0.08     -0.22     -0.11
     -0.09     -0.16     -0.05
     -0.08      0.02      0.07
     -0.05      0.20      0.19
      0.03      0.26      0.13
      0.10      0.20      0.01
      0.12      0.08     -0.11
      0.04     -0.04     -0.17
     -0.06     -0.16     -0.17
     -0.11     -0.10     -0.05
     -0.08     -0.04      0.13
     -0.03      0.08      0.19
     -0.00      0.08      0.19
      0.03      0.08      0.13
      0.03      0.02     -0.05
     -0.00     -0.04     -0.11
     -0.08     -0.04     -0.11
     -0.08     -0.04     -0.05
     -0.00      0.02      0.01
      0.06      0.08      0.07
      0.03      0.08      0.01
     -0.05      0.08      0.01
     -0.09      0.08     -0.05
     -0.03      0.08     -0.05
      0.07      0.02     -0.05
      0.13      0.02      0.01
      0.09      0.02      0.07
     -0.00     -0.04      0.07
     -0.05     -0.04      0.07
     -0.00     -0.04      0.07
      0.10     -0.04      0.01
      0.15     -0.04     -0.05
      0.10      0.02     -0.11
     -0.02      0.08     -0.05
     -0.12      0.08      0.07
     -0.15      0.14      0.13
     -0.14      0.08      0.13
     -0.09      0.02      0.07
     -0.06     -0.04     -0.05
     -0.02     -0.10     -0.11
      0.01     -0.04     -0.05
      0.06      0.02      0.01
      0.06      0.02      0.07
      0.01      0.08      0.01
     -0.06      0.08     -0.05
     -0.08      0.02     -0.11
     -0.00      0.02     -0.05
      0.10     -0.04      0.01
      0.12     -0.04      0.07
      0.01     -0.04      0.13
     -0.12     -0.04      0.07
     -0.17      0.02      0.01
     -0.12      0.02     -0.11
     -0.05      0.08     -0.11
     -0.00      0.08     -0.05
     -0.00      0.08      0.01
     -0.02      0.08      0.13
     -0.00      0.02      0.07
      0.01      0.02      0.07
     -0.00     -0.10      0.01
     -0.05     -0.10      0.01
     -0.09     -0.04      0.01
     -0.09     -0.04      0.01
     -0.00      0.02     -0.05
      0.10      0.02     -0.05
      0.15      0.02      0.01
      0.10      0.02      0.07
      0.01      0.14      0.19
     -0.06      0.14      0.25
     -0.06      0.08      0.19
      0.01     -0.10      0.01
      0.07     -0.22     -0.11
      0.10     -0.22     -0.17
      0.04     -0.04     -0.11
     -0.05      0.14      0.07
     -0.11      0.26      0.19
     -0.08      0.26      0.19
     -0.02      0.08      0.07
      0.03     -0.10      0.01
      0.06     -0.16     -0.11
      0.09     -0.16     -0.11
      0.07     -0.10     -0.05
     -0.00     -0.04      0.01
     -0.09      0.02      0.07
     -0.15      0.08      0.13
     -0.12      0.14      0.13
     -0.03      0.14      0.07
      0.06      0.08      0.01
      0.12     -0.10     -0.17
      0.15     -0.16     -0.23
      0.12     -0.16     -0.11
      0.04     -0.04      0.01
     -0.03      0.08      0.13
     -0.08      0.20      0.19
     -0.09      0.20      0.13
     -0.06      0.08      0.01
     -0.03     -0.04     -0.11
     -0.00     -0.10     -0.17
     -0.02     -0.10     -0.11
     -0.03     -0.10      0.01
     -0.02      0.02      0.13
     -0.00      0.14      0.19
      0.03      0.20      0.13
      0.06      0.20      0.07
      0.04      0.14      0.01
      0.03     -0.04     -0.05
     -0.02     -0.16     -0.11
     -0.06     -0.28     -0.11
     -0.06     -0.22     -0.05
      0.01     -0.10      0.07
      0.09      0.14      0.07
      0.10      0.26      0.07
      0.04      0.26     -0.05
     -0.06      0.14     -0.17
     -0.08     -0.04     -0.17
     -0.02     -0.10     -0.11
      0.04     -0.10      0.13
      0.04     -0.10      0.25
     -0.00     -0.04      0.25
     -0.05      0.02      0.19
     -0.03      0.02     -0.05
     -0.00     -0.04     -0.17
      0.04      0.02     -0.23
      0.06      0.02     -0.11
      0.06      0.08      0.07
      0.04      0.08      0.19
      0.01      0.02      0.19
     -0.03     -0.10      0.07
     -0.08     -0.10      0.01
     -0.12     -0.04      0.01
     -0.11      0.02      0.01
     -0.06      0.08      0.07
     -0.00      0.08      0.01
      0.01      0.08      0.01
      0.03      0.08      0.01
      0.04      0.14      0.01
      0.06      0.14      0.01
      0.09      0.08     -0.05
      0.10      0.02     -0.11
      0.07     -0.10     -0.17
     -0.02     -0.16     -0.17
     -0.12     -0.16     -0.05
     -0.15     -0.04      0.01
     -0.11      0.14      0.13
     -0.03      0.20      0.13
      0.06      0.20      0.07
      0.09      0.14      0.01
      0.09      0.02     -0.05
      0.04     -0.04     -0.11
     -0.03     -0.10     -0.05
     -0.12     -0.16      0.01
     -0.15     -0.16      0.07
     -0.11     -0.04      0.07
     -0.00      0.14      0.01
      0.07      0.20     -0.05
      0.10      0.20     -0.05
      0.12      0.14     -0.05
      0.12      0.02      0.01
      0.06     -0.04      0.01
     -0.06     -0.10      0.01
     -0.17     -0.10     -0.05
     -0.18     -0.10     -0.11
     -0.14     -0.10     -0.11
     -0.02      0.02     -0.05
      0.10      0.08      0.07
      0.15      0.20      0.19
      0.07      0.14      0.19
     -0.05      0.02      0.07
     -0.11     -0.10      0.01
     -0.06     -0.10      0.01
      0.01     -0.04      0.01
      0.01      0.08      0.07
     -0.03      0.14      0.07
     -0.08      0.14      0.01
     -0.08      0.02      0.01
     -0.05     -0.04     -0.05
      0.01     -0.10     -0.11
      0.10     -0.04     -0.05
      0.18      0.08      0.01
      0.16      0.08      0.01
      0.09      0.02      0.07
      0.01     -0.04      0.07
     -0.05     -0.10      0.07
     -0.06     -0.10      0.07
     -0.03     -0.10     -0.05
     -0.03     -0.04     -0.05
     -0.03      0.08     -0.05
     -0.06      0.20      0.07
     -0.05      0.20      0.19
     -0.00      0.20      0.13
      0.04      0.02      0.07
      0.06     -0.16     -0.05
      0.06     -0.22     -0.17
      0.01     -0.22     -0.11
     -0.02     -0.04      0.01
     -0.02      0.08      0.13
     -0.00      0.20      0.19
      0.01      0.14      0.19
      0.03      0.02      0.07
      0.03     -0.04     -0.05
      0.01     -0.04     -0.11
      0.01     -0.04     -0.17
      0.03     -0.04     -0.05
      0.04     -0.04      0.01
      0.03     -0.04      0.13
     -0.06     -0.04      0.13
     -0.12     -0.04      0.13
     -0.11      0.08      0.01
     -0.03      0.08     -0.11
      0.04      0.08     -0.11
      0.06      0.02     -0.05
      0.06      0.02      0.07
      0.09      0.08      0.13
      0.12      0.02      0.07
      0.09     -0.04      0.01
      0.01     -0.16     -0.05
     -0.06     -0.16     -0.05
     -0.12     -0.10      0.07
     -0.11     -0.04      0.13
     -0.08      0.08      0.13
     -0.02      0.14      0.07
      0.01      0.14      0.01
      0.03      0.14     -0.05
      0.01      0.14     -0.05
     -0.00      0.02     -0.05
     -0.00     -0.10     -0.05
     -0.00     -0.16     -0.05
     -0.00     -0.16     -0.05
     -0.00     -0.10     -0.05
      0.01      0.02     -0.05
      0.04      0.14     -0.05
      0.06      0.20      0.01
      0.01      0.20      0.07
     -0.03      0.08      0.07
     -0.06     -0.04      0.07
     -0.05     -0.10      0.01
     -0.00     -0.22     -0.05
      0.04     -0.16     -0.05
      0.07     -0.04     -0.05
      0.07      0.08     -0.05
      0.04      0.14      0.01
     -0.00      0.08      0.07
     -0.03     -0.04      0.13
     -0.03     -0.10      0.13
     -0.00     -0.16      0.01
      0.03     -0.10     -0.05
      0.01      0.02     -0.11
     -0.00      0.14     -0.05
      0.01      0.26      0.07
      0.03      0.26      0.07
     -0.02      0.08      0.07
     -0.09     -0.10     -0.05
     -0.14     -0.22     -0.11
     -0.08     -0.22     -0.11
      0.06     -0.10     -0.05
      0.19      0.02      0.01
      0.22      0.14      0.01
      0.13      0.14      0.01
     -0.02      0.08     -0.05
     -0.15      0.02      0.01
     -0.20      0.02      0.01
     -0.15      0.02      0.07
     -0.06      0.02      0.13
     -0.00      0.08      0.13
      0.04      0.08      0.07
      0.04      0.08      0.01
      0.04      0.02     -0.05
      0.03     -0.04     -0.05
      0.01     -0.10     -0.05
      0.01     -0.10      0.01
      0.03     -0.10      0.07
      0.01      0.02      0.07
     -0.02      0.02      0.07
     -0.03      0.02      0.07
     -0.03      0.02      0.01
     -0.00      0.02     -0.05
      0.03      0.08     -0.11
      0.06      0.14     -0.05
      0.03      0.14     -0.05
     -0.03      0.08      0.01
     -0.11      0.02      0.07
     -0.11     -0.10      0.07
     -0.05     -0.10      0.01
      0.03     -0.10     -0.05
      0.07     -0.10     -0.05
      0.06      0.02      0.01
      0.01      0.14      0.07
     -0.03      0.14      0.13
     -0.02      0.14      0.13
      0.01      0.08      0.13
      0.03     -0.04      0.07
      0.01     -0.10      0.01
      0.03     -0.10      0.01
      0.06      0.02      0.01
      0.07      0.08      0.01
      0.04      0.14      0.01
     -0.03      0.02      0.01
     -0.09     -0.04     -0.05
     -0.08     -0.10     -0.05
     -0.03     -0.16      0.01
      0.01     -0.10      0.07
      0.04      0.02      0.13
      0.04      0.14      0.13
      0.01      0.14      0.07
     -0.00      0.14     -0.05
      0.01      0.02     -0.11
      0.03     -0.04     -0.11
      0.03     -0.10      0.01
     -0.00     -0.04      0.07
     -0.02      0.02      0.07
     -0.02      0.02      0.01
     -0.02      0.02     -0.05
     -0.00      0.02     -0.05
     -0.00      0.02      0.01
      0.04      0.14      0.07
      0.09      0.14      0.07
      0.07      0.08      0.01
      0.06     -0.04     -0.05
      0.03     -0.10     -0.11
      0.01     -0.16     -0.11
     -0.00     -0.16     -0.05
     -0.02     -0.04      0.07
     -0.05      0.02      0.13
     -0.06      0.08      0.13
     -0.08      0.14      0.13
     -0.06      0.14      0.07
     -0.05      0.02     -0.05
     -0.00     -0.04     -0.05
      0.03     -0.04      0.01
      0.03     -0.04      0.07
      0.03     -0.04      0.13
      0.03     -0.04      0.13
     -0.00     -0.04      0.07
     -0.02     -0.04      0.01
      0.01      0.02     -0.05
      0.04      0.08     -0.05
      0.07      0.08      0.01
      0.09      0.14      0.01
      0.07      0.08      0.01
      0.03      0.02      0.01
     -0.03     -0.04     -0.05
     -0.06     -0.10      0.01
     -0.02     -0.04      0.07
      0.04     -0.04      0.07
      0.06      0.02      0.01
      0.04      0.02     -0.05
      0.03      0.02     -0.05
     -0.00      0.02     -0.05
     -0.05      0.08      0.01
     -0.08      0.08      0.07
     -0.06      0.02      0.13
     -0.00      0.02      0.19
      0.01     -0.04      0.07
     -0.00     -0.10     -0.05
     -0.03     -0.10     -0.17
     -0.03     -0.04     -0.11
     -0.02      0.08     -0.05
     -0.05      0.14      0.13
     -0.06      0.08      0.19
     -0.06      0.02      0.13
     -0.00     -0.04      0.01
      0.07     -0.10     -0.17
      0.09     -0.10     -0.17
      0.06     -0.04     -0.11
     -0.00      0.02      0.01
     -0.05      0.14      0.13
     -0.08      0.14      0.13
     -0.03      0.14      0.07
      0.03      0.02     -0.05
      0.06     -0.04     -0.05
      0.03     -0.10      0.01
     -0.05     -0.04      0.01
     -0.08     -0.04      0.07
     -0.06      0.02      0.01
      0.01      0.02     -0.05
      0.07      0.02     -0.11
      0.09      0.02     -0.05
      0.09      0.08      0.01
      0.04      0.08      0.13
     -0.02      0.08      0.13
     -0.05     -0.04      0.13
     -0.05     -0.10      0.01
     -0.03     -0.10     -0.05
     -0.02     -0.04     -0.11
     -0.00      0.02     -0.05
     -0.02      0.14      0.07
     -0.02      0.14      0.19
      0.01      0.14      0.25
      0.04      0.08      0.19
      0.03      0.02      0.01
     -0.03     -0.04     -0.17
     -0.08     -0.10     -0.23
     -0.08     -0.10     -0.23
     -0.05     -0.10     -0.11
     -0.00      0.02      0.13
      0.03      0.02      0.25
      0.01      0.02      0.25
     -0.00      0.08      0.13
     -0.03      0.08      0.01
     -0.00      0.08     -0.05
      0.03      0.08     -0.05
      0.09      0.02      0.01
      0.10     -0.04      0.01
      0.06     -0.10      0.01
     -0.00     -0.16      0.01
     -0.03     -0.10      0.01
     -0.00      0.02      0.01
      0.01      0.08      0.01
      0.01      0.14      0.01
     -0.00      0.08     -0.05
     -0.02      0.02      0.01
     -0.00     -0.04      0.01
      0.03     -0.04      0.01
      0.03     -0.04      0.01
     -0.05     -0.04      0.01
     -0.11      0.02      0.01
     -0.12      0.02      0.01
     -0.03      0.02      0.07
      0.07      0.08      0.13
      0.12      0.08      0.07
      0.10      0.08      0.07
      0.04      0.08     -0.05
      0.01      0.02     -0.11
      0.03     -0.04     -0.11
      0.06     -0.10     -0.11
      0.06     -0.10      0.01
      0.01     -0.10      0.13
     -0.05     -0.04      0.19
     -0.05      0.02      0.19
     -0.00      0.08      0.07
      0.06      0.08     -0.05
      0.06      0.14     -0.11
     -0.00      0.08     -0.05
     -0.09      0.02      0.01
     -0.09      0.02      0.13
     -0.05     -0.10      0.13
      0.01     -0.16      0.07
      0.04     -0.10      0.01
      0.01     -0.04     -0.05
     -0.02      0.08     -0.05
     -0.02      0.20      0.01
     -0.02      0.20      0.07
     -0.00      0.14      0.07
      0.04      0.02      0.01
      0.09     -0.10     -0.05
      0.10     -0.16     -0.11
      0.04     -0.10     -0.11
     -0.05     -0.04      0.01
     -0.08      0.08      0.07
     -0.05      0.14      0.13
      0.03      0.14      0.13
      0.07      0.02      0.01
      0.09     -0.04     -0.05
      0.06     -0.04     -0.05
     -0.00     -0.04     -0.05
     -0.06     -0.04      0.01
     -0.08     -0.04      0.07
     -0.05     -0.04      0.07
      0.03      0.02      0.01
      0.03      0.02      0.01
     -0.00      0.02     -0.05
     -0.05      0.08      0.01
     -0.05      0.08      0.01
     -0.03      0.08      0.01
     -0.00      0.02      0.01
      0.04      0.02     -0.05
      0.06      0.02     -0.05
      0.04      0.02     -0.05
      0.01      0.02      0.01
     -0.00      0.02      0.07
     -0.02      0.02      0.07
     -0.00     -0.04      0.01
      0.04     -0.10     -0.05
      0.04     -0.04     -0.05
      0.03      0.02     -0.05
     -0.00      0.08      0.07
     -0.02      0.14      0.13
     -0.05      0.14      0.13
     -0.05      0.02      0.01
     -0.03     -0.04     -0.05
     -0.00     -0.16     -0.11
     -0.00     -0.16     -0.11
     -0.02     -0.04     -0.05
     -0.03      0.02      0.01
     -0.02      0.08      0.07
     -0.00      0.14      0.13
     -0.00      0.08      0.07
     -0.02      0.02      0.01
     -0.02      0.02      0.01
     -0.00     -0.04      0.07
      0.03     -0.04      0.07
      0.04     -0.04      0.07
     -0.00     -0.04      0.01
     -0.05     -0.04     -0.05
     -0.09      0.02     -0.05
     -0.08      0.02     -0.05
     -0.02      0.08      0.01
      0.04      0.02      0.01
      0.06     -0.04      0.07
      0.04     -0.04      0.01
     -0.00     -0.04     -0.05
     -0.05     -0.04     -0.05
     -0.05      0.02     -0.05
     -0.00      0.02     -0.05
      0.04      0.02      0.01
      0.07      0.02      0.07
      0.06      0.08      0.13
      0.03      0.02      0.07
     -0.02     -0.04     -0.05
     -0.03     -0.04     -0.11
     -0.03     -0.04     -0.11
     -0.02      0.08     -0.05
     -0.00      0.14      0.07
     -0.02      0.20      0.13
      0.01      0.14      0.13
      0.04      0.02      0.13
      0.06     -0.04      0.01
      0.04     -0.10     -0.05
      0.01     -0.10     -0.05
     -0.02     -0.04      0.01
     -0.05     -0.04      0.07
     -0.08     -0.04      0.13
     -0.08      0.02      0.13
     -0.00      0.02      0.13
      0.10      0.08      0.07
      0.15      0.14      0.01
      0.13      0.14     -0.11
      0.04      0.02     -0.11
     -0.03     -0.04     -0.05
     -0.08     -0.04      0.01
     -0.06     -0.10      0.07
     -0.05     -0.10      0.13
     -0.00     -0.10      0.07
      0.03     -0.04      0.01
      0.04      0.02     -0.05
      0.03      0.14      0.01
      0.01      0.20      0.01
      0.01      0.20      0.07
      0.04      0.08      0.07
      0.04     -0.10      0.07
     -0.00     -0.16      0.07
     -0.03     -0.16      0.01
     -0.05     -0.10      0.01
     -0.02      0.02      0.01
      0.03      0.08      0.01
      0.06      0.14      0.01
      0.10      0.14      0.07
      0.10      0.08      0.07
      0.06      0.02      0.07
     -0.03     -0.10      0.07
     -0.08     -0.16      0.01
     -0.08     -0.16     -0.05
     -0.03     -0.10     -0.05
      0.01      0.02     -0.05
      0.04      0.14      0.01
      0.06      0.20      0.13
      0.04      0.14      0.19
      0.03      0.08      0.13
     -0.00     -0.04      0.01
     -0.03     -0.16     -0.11
     -0.05     -0.16     -0.17
     -0.02     -0.10     -0.17
      0.03      0.02     -0.05
      0.07      0.08      0.07
      0.09      0.08      0.13
      0.04      0.02      0.19
     -0.02      0.02      0.07
     -0.05     -0.04     -0.05
     -0.03     -0.10     -0.11
     -0.00     -0.04     -0.05
      0.01      0.02     -0.05
     -0.00      0.08      0.01
     -0.02      0.08      0.07
     -0.03      0.02      0.01
     -0.02     -0.04      0.01
     -0.00     -0.04      0.01
     -0.02     -0.04      0.01
     -0.06      0.02      0.07
     -0.08      0.08      0.07
     -0.03      0.14      0.07
      0.03      0.08      0.07
      0.07      0.02      0.01
      0.07     -0.04     -0.05
      0.01     -0.04     -0.11
     -0.06     -0.04     -0.11
     -0.08     -0.04     -0.05
     -0.02      0.02     -0.05
      0.03      0.02      0.01
      0.01      0.08      0.07
     -0.03      0.02      0.07
     -0.05      0.02      0.07
      0.01     -0.04      0.07
      0.06     -0.04      0.01
      0.07     -0.04     -0.11
      0.03      0.02     -0.11
     -0.02      0.08     -0.05
     -0.06      0.14      0.01
     -0.05      0.08      0.07
     -0.03     -0.04      0.13
     -0.02     -0.10      0.13
     -0.00     -0.10      0.07
     -0.02     -0.10      0.07
     -0.02     -0.04     -0.05
      0.01      0.08     -0.05
      0.06      0.14     -0.05
      0.09      0.20      0.01
      0.07      0.14      0.07
     -0.00      0.02      0.07
     -0.06     -0.10      0.07
     -0.09     -0.16      0.01
     -0.06     -0.16      0.01
     -0.00     -0.10      0.01
      0.04     -0.04      0.01
      0.09      0.08      0.01
      0.09      0.14      0.07
      0.06      0.08      0.07
      0.01      0.02      0.07
     -0.00     -0.04      0.01
     -0.02     -0.04     -0.05
     -0.06     -0.10     -0.05
     -0.09     -0.04     -0.05
     -0.08      0.02      0.01
     -0.02      0.08      0.07
      0.04      0.08      0.07
      0.06      0.08      0.07
      0.03      0.08      0.01
     -0.03      0.02     -0.05
     -0.08      0.02      0.01
     -0.08     -0.04      0.01
     -0.03     -0.04      0.01
      0.04     -0.10      0.07
      0.09     -0.04      0.07
      0.09     -0.04      0.07
      0.04      0.02      0.07
     -0.02      0.02      0.01
     -0.05      0.08      0.01
     -0.02      0.02     -0.05
      0.04      0.02      0.01
      0.09     -0.04      0.07
      0.10     -0.04      0.07
      0.07     -0.04      0.07
      0.03     -0.04      0.07
     -0.03     -0.04      0.01
     -0.06      0.02     -0.05
     -0.05      0.02      0.01
     -0.00      0.02      0.01
      0.03      0.02      0.01
      0.01      0.02      0.01
     -0.00      0.02      0.07
     -0.00      0.08      0.07
      0.03      0.08      0.07
      0.06      0.08      0.01
      0.07     -0.04     -0.05
      0.04     -0.16     -0.11
     -0.02     -0.16     -0.11
     -0.08     -0.10     -0.05
     -0.09      0.02      0.07
     -0.08      0.14      0.19
     -0.00      0.20      0.19
      0.07      0.14      0.13
      0.12      0.02     -0.05
      0.10     -0.10     -0.17
      0.01     -0.10     -0.17
     -0.06     -0.04     -0.05
     -0.09      0.02      0.07
     -0.06      0.08      0.13
     -0.00      0.08      0.13
      0.01      0.02      0.01
      0.04      0.02     -0.05
      0.04      0.02     -0.05
      0.03      0.02      0.01
      0.01      0.02      0.07
     -0.02     -0.04      0.07
     -0.03     -0.04      0.07
     -0.03     -0.10      0.01
      0.01     -0.04      0.01
      0.07      0.08     -0.05
      0.07      0.14     -0.05
      0.04      0.14      0.01
     -0.00      0.02      0.01
     -0.06     -0.04      0.01
     -0.09     -0.10      0.01
     -0.09     -0.10      0.01
     -0.02      0.02      0.07
      0.06      0.08      0.07
      0.12      0.08      0.01
      0.10      0.08     -0.05
      0.03     -0.04     -0.11
     -0.06     -0.10     -0.11
     -0.08     -0.10      0.01
     -0.05     -0.04      0.19
      0.01      0.08      0.25
      0.06      0.14      0.19
      0.07      0.08      0.07
      0.04      0.08     -0.05
      0.03      0.02     -0.17
     -0.00     -0.04     -0.11
     -0.02     -0.04      0.01
     -0.02     -0.04      0.07
     -0.00     -0.04      0.01
      0.01     -0.04      0.01
      0.03     -0.04      0.01
      0.01     -0.04      0.07
     -0.00      0.02      0.07
     -0.05      0.08      0.07
     -0.06      0.08      0.01
     -0.05      0.08     -0.05
      0.01      0.08     -0.05
      0.06      0.02      0.01
      0.03     -0.04      0.01
     -0.03     -0.10      0.01
     -0.08     -0.10      0.01
     -0.08     -0.10      0.01
     -0.03     -0.04      0.01
      0.01      0.02     -0.05
      0.06      0.08     -0.05
      0.07      0.14      0.01
      0.06      0.14      0.07
      0.03      0.02      0.07
     -0.02     -0.04      0.07
     -0.03     -0.10      0.01
     -0.03     -0.16     -0.05
     -0.03     -0.10     -0.11
     -0.02     -0.04     -0.05
     -0.02      0.08      0.01
     -0.02      0.14      0.07
     -0.00      0.14      0.19
      0.04      0.08      0.13
      0.06      0.02      0.07
      0.06     -0.04     -0.05
      0.03     -0.10     -0.11
     -0.00     -0.10     -0.11
     -0.03     -0.04     -0.05
     -0.00      0.02      0.07
      0.04      0.08      0.13
      0.07      0.08      0.13
      0.06      0.02      0.07
      0.01      0.02      0.01
     -0.03      0.02      0.01
     -0.03     -0.04      0.01
     -0.02     -0.04     -0.05
      0.03     -0.04     -0.05
      0.06     -0.04     -0.05
      0.07     -0.04      0.01
      0.06      0.02      0.01
      0.04      0.02      0.07
     -0.02      0.02      0.07
     -0.06      0.08      0.07
     -0.06      0.08      0.07
     -0.02      0.08      0.07
      0.06      0.08      0.07
      0.10      0.02      0.07
      0.09     -0.04     -0.05
      0.04     -0.10     -0.05
      0.01     -0.16     -0.11
      0.01     -0.10     -0.05
      0.03     -0.04      0.01
      0.04      0.02      0.07
      0.03      0.14      0.13
     -0.02      0.14      0.13
     -0.05      0.08      0.13
     -0.05      0.08      0.07
     -0.02     -0.04     -0.05
     -0.00     -0.04     -0.05
      0.01     -0.04     -0.05
      0.01     -0.04     -0.05
     -0.00      0.02      0.07
     -0.00      0.02      0.07
     -0.00      0.02      0.07
     -0.03      0.02      0.01
     -0.05      0.02      0.01
     -0.03      0.02      0.01
     -0.02      0.02      0.07
      0.03      0.02      0.07
      0.07     -0.04      0.01
      0.07     -0.04     -0.05
      0.06     -0.04     -0.05
      0.01     -0.04     -0.05
     -0.05     -0.04      0.01
     -0.08      0.02      0.01
     -0.06      0.08      0.07
     -0.00      0.08      0.07
      0.07      0.08      0.01
      0.10      0.02     -0.05
      0.07      0.02     -0.05
      0.01      0.02     -0.05
     -0.06      0.02      0.01
     -0.05     -0.04      0.07
     -0.00     -0.04      0.07
      0.06     -0.10      0.01
      0.06     -0.10     -0.05
      0.01     -0.04     -0.05
     -0.02      0.08     -0.05
     -0.02      0.14      0.01
      0.01      0.20      0.07
      0.04      0.20      0.01
      0.01      0.08      0.01
     -0.00     -0.04      0.01
     -0.02     -0.10     -0.05
      0.01     -0.16      0.01
      0.03     -0.16      0.01
      0.04     -0.10      0.07
      0.03     -0.04      0.01
     -0.00      0.02      0.07
     -0.00      0.14      0.01
      0.01      0.14      0.01
      0.03      0.14      0.01
      0.04      0.08      0.01
      0.01      0.02     -0.05
     -0.00     -0.10     -0.05
     -0.02     -0.16     -0.05
     -0.02     -0.16     -0.05
     -0.00     -0.10      0.01
     -0.03      0.02      0.07
     -0.05      0.14      0.13
     -0.03      0.14      0.13
      0.03      0.08      0.07
      0.09     -0.04     -0.05
      0.09     -0.10     -0.11
      0.04     -0.16     -0.11
     -0.02     -0.04     -0.05
     -0.05      0.02      0.07
     -0.02      0.14      0.07
      0.03      0.08      0.07
      0.06      0.02      0.01
      0.06     -0.04     -0.05
      0.01     -0.04     -0.05
     -0.05      0.02      0.01
     -0.06      0.02      0.07
     -0.03      0.08      0.07
      0.01      0.02      0.01
      0.04     -0.04     -0.05
      0.04     -0.04     -0.11
      0.01     -0.04     -0.05
     -0.00      0.02      0.07
     -0.00      0.08      0.07
      0.01      0.02      0.07
     -0.00     -0.04      0.01
     -0.02     -0.10     -0.05
     -0.00     -0.04     -0.05
      0.03      0.02      0.01
      0.04      0.02      0.07
      0.01      0.08      0.13
     -0.00      0.08      0.07
     -0.00      0.08      0.07
      0.03      0.02      0.01
      0.04     -0.04      0.01
      0.01     -0.04      0.01
     -0.02      0.02      0.01
     -0.05      0.02      0.07
     -0.03      0.08      0.07
      0.01      0.08      0.07
      0.03      0.02      0.01
      0.01     -0.04     -0.05
     -0.00     -0.04     -0.05
     -0.00      0.02     -0.05
     -0.02      0.02      0.01
     -0.00      0.08      0.07
      0.03      0.08      0.07
      0.06      0.02      0.01
      0.09     -0.04      0.01
      0.09     -0.04     -0.05
      0.07     -0.04     -0.05
      0.06     -0.04      0.01
      0.01      0.02      0.07
     -0.02      0.02      0.07
     -0.03      0.02      0.07
     -0.05      0.02      0.07
     -0.02      0.08      0.07
      0.01      0.14      0.01
      0.03      0.08      0.01
      0.04      0.02     -0.05
      0.03     -0.04     -0.05
     -0.00     -0.10      0.01
     -0.05     -0.10      0.07
     -0.08     -0.04      0.07
     -0.09      0.02      0.07
     -0.05      0.02      0.01
      0.01      0.02     -0.05
      0.04      0.02     -0.11
      0.03     -0.04     -0.05
     -0.02      0.02     -0.05
     -0.02      0.08      0.01
      0.01      0.08      0.07
      0.04      0.08      0.07
      0.03      0.02      0.01
     -0.00      0.02      0.01
     -0.03     -0.04      0.01
     -0.05     -0.04      0.01
     -0.02      0.02      0.07
      0.01      0.02      0.07
      0.06      0.02      0.01
      0.09      0.02     -0.05
      0.10      0.02     -0.05
      0.07      0.02     -0.05
     -0.00     -0.04      0.01
     -0.05     -0.04      0.01
     -0.06     -0.04      0.07
     -0.00     -0.04      0.07
      0.04     -0.04      0.01
      0.06     -0.04     -0.05
      0.03     -0.04     -0.05
     -0.03      0.02      0.01
     -0.05      0.08      0.07
     -0.02      0.08      0.07
      0.03      0.08      0.01
      0.03      0.02     -0.05
     -0.00     -0.04     -0.05
     -0.03     -0.04      0.01
     -0.02      0.02      0.07
     -0.00      0.02      0.07
      0.01      0.02      0.01
      0.03      0.02     -0.05
      0.03      0.02     -0.11
      0.04      0.02     -0.11
      0.03      0.02     -0.05
     -0.02      0.02      0.01
     -0.05     -0.04      0.07
     -0.02     -0.04      0.13
      0.01     -0.04      0.07
      0.03      0.02      0.07
      0.03      0.02      0.01
      0.01      0.02      0.01
     -0.00      0.02      0.01
     -0.02     -0.04      0.01
     -0.02     -0.04     -0.05
     -0.00     -0.04     -0.05
      0.01      0.02     -0.05
     -0.00      0.08      0.01
     -0.03      0.14      0.01
     -0.03      0.14      0.07
     -0.00      0.02      0.07
      0.01     -0.04      0.01
      0.03     -0.16      0.01
      0.01     -0.10      0.01
     -0.03     -0.04      0.01
     -0.08      0.08      0.07
     -0.09      0.14      0.07
     -0.05      0.14      0.07
      0.03      0.02      0.01
      0.07     -0.04     -0.05
      0.09     -0.10     -0.05
      0.07     -0.04      0.01
      0.04      0.02      0.07
     -0.00      0.08      0.07
     -0.03      0.02      0.01
     -0.03     -0.04      0.01
     -0.00     -0.04      0.01
      0.01      0.02      0.01
      0.03      0.02      0.01
      0.01      0.08      0.01
      0.01      0.08      0.07
      0.01      0.08      0.07
      0.01      0.02      0.01
     -0.00      0.02      0.01
     -0.00      0.02      0.01
      0.01      0.02      0.01
      0.03      0.02      0.01
      0.06      0.02      0.01
      0.07      0.02      0.01
      0.06      0.02      0.01
      0.01     -0.04      0.01
     -0.03     -0.04      0.01
     -0.03     -0.10      0.01
     -0.00     -0.10      0.01
      0.04     -0.04      0.01
      0.06      0.02      0.07
      0.06      0.08      0.07
      0.03      0.14      0.07
     -0.03      0.08      0.07
     -0.06      0.02      0.01
     -0.06      0.02      0.01
     -0.05     -0.04      0.01
     -0.00     -0.04      0.01
      0.04      0.02      0.01
      0.03      0.02     -0.05
      0.03      0.02     -0.05
      0.03      0.08     -0.05
      0.03      0.08      0.01
      0.01      0.02      0.01
     -0.00     -0.04      0.01
     -0.02     -0.04      0.01
     -0.03     -0.04      0.01
     -0.05      0.02      0.01
     -0.03      0.02      0.01
     -0.02      0.02      0.01
     -0.02      0.02      0.01
      0.01      0.02      0.01
      0.03      0.02      0.01
      0.04      0.02      0.01
      0.06      0.02      0.01
      0.04      0.02      0.01
      0.03      0.02     -0.05
     -0.00      0.02     -0.05
     -0.03     -0.04     -0.05
     -0.03     -0.04      0.01
     -0.03     -0.04      0.07
     -0.00      0.02      0.07
      0.04      0.02      0.07
      0.06      0.02      0.01
      0.04      0.02      0.01
      0.01      0.02     -0.05
     -0.00      0.02      0.01
      0.03     -0.04      0.01
      0.04     -0.04      0.01
      0.01     -0.04      0.01
     -0.03     -0.04      0.01
     -0.08      0.02      0.01
     -0.06      0.08      0.01
     -0.02      0.08      0.01
      0.03      0.08      0.01
      0.04      0.08      0.01
      0.04      0.02     -0.05
     -0.00     -0.04     -0.05
     -0.03     -0.04      0.01
     -0.05     -0.04      0.01
     -0.02     -0.04      0.01
      0.01      0.02      0.01
      0.04      0.02     -0.05
      0.01      0.02     -0.05
     -0.03      0.02     -0.05
     -0.05      0.02      0.01
     -0.05      0.02      0.01
     -0.02      0.02      0.07
      0.03      0.08      0.07
      0.06      0.08      0.01
      0.06      0.02      0.01
      0.06      0.02      0.01
      0.03     -0.04      0.01
      0.01     -0.10      0.01
     -0.00     -0.10      0.01
     -0.03     -0.10      0.01
     -0.06     -0.04      0.01
     -0.06      0.02     -0.05
     -0.05      0.08     -0.05
      0.01      0.14     -0.05
      0.06      0.14      0.01
      0.06      0.08      0.01
     -0.00      0.02      0.07
     -0.06     -0.10      0.01
     -0.05     -0.10     -0.05
     -0.00     -0.10     -0.05
      0.04     -0.10     -0.05
      0.04      0.02      0.01
      0.03      0.08      0.07
      0.01      0.14      0.13
     -0.02      0.14      0.13
     -0.05      0.02      0.07
     -0.05     -0.04     -0.05
     -0.00     -0.10     -0.11
      0.03     -0.04     -0.11
      0.04      0.02     -0.05
      0.01      0.08      0.07
     -0.00      0.14      0.13
     -0.05      0.08      0.07
     -0.06     -0.04      0.01
     -0.08     -0.04      0.01
     -0.06     -0.04      0.01
     -0.05      0.02      0.01
     -0.02      0.02      0.07
     -0.00      0.02      0.07
      0.03      0.02      0.07
      0.06      0.02      0.01
      0.07     -0.04      0.01
      0.06     -0.04     -0.05
      0.03      0.02      0.01
     -0.00      0.02      0.01
      0.01      0.08      0.01
      0.03      0.08      0.07
      0.04      0.08      0.07
      0.04      0.02      0.01
      0.01     -0.04      0.01
     -0.00     -0.10      0.01
     -0.02     -0.04      0.01
     -0.03     -0.04      0.01
     -0.03      0.08      0.01
     -0.02      0.08      0.01
     -0.00      0.08      0.01
      0.03      0.02      0.01
      0.04     -0.04      0.01
      0.04     -0.04      0.07
      0.04     -0.04      0.01
      0.04      0.02      0.01
      0.06      0.02      0.01
      0.06      0.02      0.01
      0.03     -0.04      0.01
     -0.00      0.02      0.01
     -0.05      0.02      0.07
     -0.06      0.02      0.07
     -0.03      0.02      0.07
      0.01      0.08      0.07
      0.04      0.08      0.01
      0.01      0.02     -0.05
     -0.00      0.02     -0.05
     -0.00     -0.04     -0.05
     -0.00     -0.04      0.01
      0.01     -0.04      0.07
      0.01     -0.04      0.07
      0.01     -0.04      0.07
      0.04     -0.04      0.01
      0.03      0.02      0.01
     -0.00      0.02     -0.05
     -0.03      0.02      0.01
     -0.06      0.02      0.01
     -0.03      0.02      0.01
      0.03      0.02      0.01
      0.06     -0.04     -0.05
      0.04     -0.04     -0.05
     -0.00     -0.04     -0.05
     -0.03     -0.04      0.01
     -0.02     -0.04      0.07
      0.01      0.02      0.07
      0.04      0.02      0.01
      0.03     -0.04      0.01
     -0.02     -0.04     -0.05
     -0.02     -0.04     -0.05
     -0.02      0.02     -0.05
      0.01      0.02     -0.05
      0.03      0.02     -0.05
      0.04      0.08      0.01
      0.04      0.02      0.01
      0.01      0.02      0.07
     -0.02      0.02      0.01
     -0.05     -0.04     -0.05
     -0.05     -0.04     -0.05
     -0.03     -0.04      0.01
     -0.00      0.02      0.07
      0.06      0.08      0.13
      0.10      0.14      0.07
      0.09      0.08      0.01
      0.04     -0.04     -0.05
     -0.00     -0.10     -0.11
     -0.05     -0.16     -0.11
     -0.03     -0.10      0.01
     -0.02      0.02      0.07
     -0.02      0.08      0.07
     -0.00      0.08      0.01
     -0.00      0.08      0.01
      0.03      0.08      0.01
      0.04      0.02      0.01
      0.01      0.02      0.01
     -0.02     -0.04      0.01
     -0.03     -0.04      0.01
     -0.03      0.02      0.01
     -0.00      0.02     -0.05
      0.01      0.02     -0.05
     -0.02      0.02      0.01
     -0.03      0.02      0.01
     -0.05      0.08      0.07
     -0.02      0.02      0.07
     -0.00      0.02      0.01
     -0.00     -0.04     -0.05
     -0.02     -0.10     -0.05
     -0.02     -0.04      0.01
      0.01     -0.04      0.07
      0.03      0.02      0.07
      0.03      0.08      0.07
      0.01      0.08      0.01
     -0.00      0.02      0.01
      0.01      0.02      0.01
      0.03      0.02      0.07
      0.03      0.02      0.07
     -0.00     -0.04      0.01
     -0.02     -0.10      0.01
     -0.02     -0.10     -0.05
     -0.02     -0.04     -0.05
      0.01      0.08      0.01
      0.03      0.14      0.01
      0.06      0.14      0.01
      0.07      0.08     -0.05
      0.07     -0.04     -0.05
      0.03     -0.10      0.01
     -0.00     -0.10      0.07
     -0.03     -0.10      0.07
     -0.03     -0.04      0.13
     -0.02      0.02      0.07
      0.03      0.02      0.01
      0.06      0.08     -0.05
      0.06      0.08     -0.05
      0.01      0.08      0.01
     -0.02      0.08      0.07
     -0.03      0.02      0.13
     -0.02      0.02      0.13
     -0.00     -0.04      0.01
     -0.00     -0.10     -0.05
      0.03     -0.04     -0.05
      0.04     -0.04     -0.05
      0.06      0.02      0.01
      0.06      0.08      0.07
      0.03      0.08      0.07
     -0.02      0.02      0.07
     -0.03      0.02      0.01
     -0.02      0.02      0.01
      0.01      0.02     -0.05
      0.03      0.02     -0.05
      0.03     -0.04      0.01
      0.01     -0.04      0.07
     -0.00      0.02      0.07
     -0.00      0.02      0.13
     -0.02      0.02      0.07
     -0.02     -0.04      0.01
     -0.03     -0.04     -0.05
     -0.02      0.02     -0.05
      0.03      0.08      0.01
      0.04      0.08      0.07
      0.04      0.08      0.07
      0.03      0.02      0.07
      0.03     -0.04      0.01
      0.01     -0.10     -0.05
     -0.02     -0.10     -0.05
     -0.03     -0.10     -0.05
     -0.06     -0.04      0.01
     -0.05      0.08      0.07
     -0.00      0.14      0.13
      0.04      0.14      0.07
      0.07      0.14      0.01
      0.06      0.02     -0.05
      0.01     -0.04     -0.05
     -0.02     -0.10     -0.05
     -0.02     -0.10     -0.05
     -0.00     -0.10      0.01
      0.01     -0.04      0.01
      0.01      0.02      0.01
     -0.02      0.08      0.01
     -0.03      0.14      0.01
     -0.02      0.14      0.01
     -0.00      0.08      0.01
      0.04      0.02      0.01
      0.06      0.02      0.01
      0.04     -0.04      0.01
      0.01     -0.04      0.01
     -0.03     -0.04      0.01
     -0.05     -0.04      0.01
     -0.03     -0.04      0.07
     -0.00      0.02      0.07
      0.03      0.02      0.07
      0.04      0.08      0.01
      0.03      0.14      0.01
     -0.02      0.08      0.01
     -0.03      0.02      0.01
      0.01     -0.04      0.01
      0.06     -0.10      0.01
      0.07     -0.10      0.01
      0.04     -0.10     -0.05
     -0.00     -0.04     -0.05
     -0.02      0.08     -0.05
     -0.00      0.14      0.07
      0.01      0.14      0.07
      0.01      0.08      0.07
     -0.00      0.02      0.07
     -0.03     -0.10      0.01
     -0.05     -0.10     -0.05
     -0.03     -0.04     -0.05
     -0.02      0.02     -0.05
      0.01      0.08      0.07
      0.03      0.14      0.07
      0.04      0.14      0.13
      0.04      0.02      0.07
     -0.00     -0.04      0.01
     -0.02     -0.10      0.01
     -0.03     -0.04      0.01
     -0.03     -0.04      0.01
     -0.00      0.08      0.07
      0.01      0.08      0.07
      0.01      0.08      0.07
     -0.00      0.08      0.01
     -0.00      0.02      0.01
      0.01      0.02      0.01
      0.04      0.02      0.01
      0.06     -0.04      0.01
      0.03     -0.04      0.01
     -0.03     -0.04      0.01
     -0.08     -0.04      0.01
     -0.03     -0.04      0.01
      0.01      0.02     -0.05
      0.06      0.08     -0.05
      0.07      0.08      0.01
      0.06      0.08      0.07
      0.04      0.08      0.13
      0.04      0.02      0.07
      0.01     -0.04      0.07
     -0.02     -0.10      0.01
     -0.05     -0.10     -0.05
     -0.05     -0.04     -0.05
     -0.02      0.02      0.01
      0.01      0.14      0.07
      0.03      0.14      0.07
      0.03      0.08      0.07
      0.03      0.02      0.01
      0.01     -0.04     -0.05
     -0.02     -0.10      0.01
     -0.03     -0.10      0.01
     -0.05     -0.10      0.07
     -0.05     -0.04      0.07
     -0.03      0.02      0.01
      0.01      0.02      0.01
      0.06      0.08      0.01
      0.06      0.14      0.01
      0.06      0.08      0.01
      0.03      0.08      0.07
     -0.00     -0.04      0.13
     -0.02     -0.10      0.07
     -0.00     -0.16      0.01
      0.01     -0.16     -0.05
      0.03     -0.04     -0.05
      0.06      0.08      0.01
      0.04      0.14      0.01
      0.03      0.14      0.13
     -0.00      0.14      0.07
     -0.00      0.02      0.07
     -0.00     -0.10      0.01
     -0.00     -0.10      0.01
     -0.03     -0.10     -0.05
     -0.03      0.02      0.01
     -0.00      0.02      0.01
      0.03      0.08      0.01
      0.04      0.08      0.01
      0.03      0.02      0.01
      0.01      0.02      0.01
     -0.00      0.02      0.01
     -0.00      0.02      0.01
     -0.00      0.02      0.01
     -0.00      0.02      0.07
     -0.02      0.02      0.01
     -0.00     -0.04      0.01
      0.03     -0.04      0.01
      0.04     -0.04      0.01
      0.06      0.02      0.01
      0.03      0.02      0.07
     -0.00      0.02      0.07
     -0.03      0.08      0.07
     -0.06      0.02      0.07
     -0.06      0.02      0.01
     -0.02      0.02     -0.05
      0.03      0.02     -0.05
      0.07      0.02     -0.05
      0.07      0.02      0.01
      0.04     -0.04      0.01
      0.01     -0.04      0.01
     -0.02     -0.04      0.01
     -0.05     -0.04      0.01
     -0.05      0.02      0.01
     -0.05      0.08      0.01
     -0.00      0.08      0.07
      0.04      0.08      0.07
      0.06      0.02      0.07
      0.06     -0.04      0.01
      0.01     -0.04     -0.05
     -0.03     -0.04     -0.05
     -0.06     -0.04     -0.05
     -0.06      0.02      0.01
     -0.03      0.02      0.07
      0.01      0.02      0.07
      0.03     -0.04      0.01
      0.03     -0.04      0.01
     -0.00     -0.04      0.01
     -0.03      0.02      0.01
     -0.05      0.02      0.07
     -0.05      0.08      0.01
     -0.02      0.08      0.01
      0.03      0.02      0.01
      0.03      0.02      0.01
      0.01     -0.04      0.01
     -0.03     -0.04      0.07
     -0.03      0.02      0.07
      0.01      0.02      0.07
      0.04      0.02      0.01
      0.04     -0.04     -0.05
     -0.00     -0.04     -0.05
     -0.02      0.02     -0.05
     -0.03      0.02      0.01
     -0.03      0.02      0.07
     -0.00      0.02      0.07
      0.01     -0.04      0.01
      0.01     -0.04     -0.05
     -0.00     -0.04     -0.05
     -0.00      0.02      0.01
     -0.00      0.02      0.01
     -0.00      0.02      0.07
     -0.00      0.02      0.07
     -0.00      0.02      0.01
      0.03     -0.04     -0.05
      0.03     -0.04     -0.05
      0.04      0.02     -0.05
      0.03      0.02      0.01
     -0.02      0.08      0.07
     -0.05      0.08      0.19
     -0.06      0.02      0.19
     -0.03     -0.04      0.07
      0.04     -0.04      0.01
      0.09     -0.04     -0.11
      0.09      0.02     -0.11
      0.03      0.08     -0.05
     -0.03      0.08      0.01
     -0.05      0.02      0.07
     -0.03     -0.04      0.07
     -0.00     -0.10      0.07
      0.06     -0.04      0.01
      0.07      0.02      0.01
      0.06      0.08      0.01
     -0.02      0.14      0.01
     -0.06      0.08      0.01
     -0.06      0.02      0.07
     -0.03     -0.04      0.07
      0.01     -0.04      0.07
      0.04     -0.10      0.01
      0.04     -0.04      0.01
      0.04     -0.04      0.01
      0.03      0.02      0.01
      0.01      0.02      0.01
     -0.00      0.02      0.07
     -0.02      0.02      0.01
     -0.03      0.02      0.01
     -0.02      0.02      0.01
      0.01      0.02      0.01
      0.04      0.02      0.01
      0.07      0.02      0.01
      0.06     -0.04      0.01
      0.03     -0.04      0.01
     -0.02     -0.04      0.01
     -0.03     -0.04      0.01
     -0.02     -0.04      0.01
     -0.00     -0.04      0.01
     -0.00      0.02      0.01
     -0.00      0.08      0.01
      0.01      0.08      0.07
      0.03      0.08      0.07
      0.04      0.02      0.01
      0.04     -0.04      0.01
      0.01     -0.04     -0.05
     -0.02     -0.10     -0.05
     -0.02     -0.04      0.01
     -0.00      0.02      0.01
      0.01      0.02      0.07
     -0.00      0.02      0.07
     -0.02      0.02      0.01
     -0.05      0.02      0.01
     -0.05      0.02      0.01
     -0.02      0.02      0.01
     -0.00      0.08      0.01
      0.03      0.08      0.01
      0.04      0.02      0.07
      0.04      0.02      0.01
      0.01     -0.04     -0.05
     -0.02     -0.10      0.01
     -0.00     -0.04      0.01
     -0.02      0.02      0.01
     -0.00      0.08      0.01
     -0.00      0.08      0.01
      0.03      0.08      0.01
      0.04      0.02      0.01
      0.04     -0.04      0.01
      0.03     -0.04      0.01
     -0.00     -0.04      0.01
     -0.03     -0.04      0.01
     -0.03      0.02      0.01
     -0.02      0.02      0.01
      0.01      0.02     -0.05
      0.01      0.02     -0.05
      0.03      0.02      0.01
      0.01      0.02      0.07
     -0.02      0.02      0.13
     -0.03      0.02      0.07
     -0.02      0.02      0.01
     -0.00      0.02     -0.05
      0.03      0.02     -0.11
      0.03      0.02     -0.05
      0.01      0.02     -0.05
     -0.00      0.02      0.07
     -0.00      0.02      0.07
      0.03     -0.04      0.07
      0.03     -0.04      0.01
      0.03     -0.04     -0.05
     -0.02      0.02     -0.05
     -0.02      0.08      0.01
     -0.00      0.08      0.01
      0.01      0.08      0.07
      0.03      0.02      0.07
     -0.00     -0.04      0.07
     -0.02     -0.04      0.01
     -0.02     -0.04      0.01
     -0.02     -0.10      0.01
     -0.02     -0.04      0.01
     -0.03      0.02      0.01
     -0.03      0.02      0.07
     -0.02      0.08      0.07
      0.01      0.08      0.07
      0.04      0.02      0.01
      0.06      0.02     -0.05
      0.06     -0.04     -0.05
      0.03     -0.04      0.01
     -0.00     -0.04      0.01
     -0.02      0.02      0.07
     -0.02      0.02      0.01
     -0.02      0.02      0.01
     -0.03     -0.04      0.01
     -0.03      0.02      0.01
     -0.00      0.02      0.07
      0.03      0.08      0.07
      0.03      0.08      0.07
      0.03      0.02      0.01
      0.03      0.02      0.01
      0.03     -0.04     -0.05
      0.01     -0.04     -0.05
     -0.00     -0.04      0.01
     -0.00     -0.04      0.01
      0.01     -0.04      0.07
     -0.00      0.02      0.07
     -0.00      0.02      0.07
     -0.00      0.08      0.07
      0.03      0.08      0.07
      0.04      0.08      0.01
      0.04      0.02      0.01
     -0.00      0.02      0.01
     -0.02     -0.04      0.01
     -0.03     -0.04      0.01
     -0.03     -0.04      0.01
     -0.00      0.02      0.01
      0.03      0.02      0.01
      0.06      0.08      0.01
      0.06      0.14      0.07
      0.03      0.14      0.07
      0.01      0.08      0.07
     -0.00     -0.04      0.07
     -0.00     -0.10      0.01
     -0.00     -0.10     -0.05
     -0.00     -0.10     -0.05
     -0.00     -0.04      0.01
     -0.02      0.02      0.07
     -0.02      0.08      0.13
     -0.00      0.08      0.07
      0.01      0.08      0.07
     -0.00      0.02     -0.05
     -0.02     -0.04     -0.11
     -0.03     -0.10     -0.05
     -0.02     -0.10      0.01
      0.01     -0.04      0.07
      0.04      0.02      0.13
      0.04      0.02      0.07
      0.04      0.08      0.01
      0.03      0.02     -0.05
      0.01      0.02     -0.05
     -0.02      0.02     -0.05
     -0.03      0.02      0.01
     -0.02      0.02      0.07
     -0.00      0.02      0.07
      0.01      0.02      0.01
     -0.00      0.02      0.01
     -0.00     -0.04     -0.05
     -0.00     -0.04      0.01
     -0.00      0.02      0.01
      0.01      0.02      0.01
     -0.00      0.02      0.01
     -0.00      0.02      0.01
      0.01      0.08      0.07
      0.03      0.08      0.01
      0.04      0.08      0.01
      0.04      0.08      0.01
      0.01      0.02     -0.05
     -0.02     -0.04     -0.05
     -0.03      0.02     -0.05
     -0.02      0.02      0.01
     -0.02      0.02      0.01
     -0.00      0.02      0.01
      0.01      0.02      0.01
     -0.00     -0.04      0.01
     -0.02     -0.04      0.01
     -0.03      0.02      0.01
     -0.03      0.02      0.01
     -0.00      0.08      0.01
      0.03      0.02      0.01
      0.03      0.02      0.01
     -0.02      0.02      0.01
     -0.05      0.02      0.01
     -0.05      0.02      0.01
     -0.00      0.02      0.01
      0.04     -0.04      0.01
      0.04     -0.04     -0.05
      0.03     -0.04     -0.05
     -0.00     -0.04      0.01
     -0.00      0.02      0.01
     -0.00      0.08      0.07
     -0.02      0.08      0.07
     -0.03      0.08      0.07
     -0.03      0.02      0.01
     -0.03     -0.04     -0.05
     -0.00     -0.04     -0.05
     -0.00     -0.04      0.01
     -0.00     -0.04      0.07
     -0.00      0.02      0.07
      0.01      0.08      0.01
      0.04      0.08      0.01
      0.04      0.02     -0.05
      0.03      0.02      0.01
     -0.00      0.02      0.07
     -0.03     -0.04      0.07
     -0.05     -0.04      0.07
     -0.03     -0.04      0.07
     -0.02     -0.04      0.01
     -0.00      0.02      0.01
     -0.00      0.02      0.01
     -0.00      0.08      0.01
     -0.00      0.08      0.01
     -0.00      0.02      0.01
      0.01      0.02      0.01
      0.04     -0.04     -0.05
      0.06     -0.04     -0.05
      0.04     -0.04     -0.05
      0.03     -0.04      0.01
     -0.00      0.02      0.07
     -0.02      0.02      0.07
     -0.02      0.02      0.07
     -0.00      0.02      0.01
     -0.00      0.02     -0.05
     -0.00      0.02      0.01
     -0.00      0.08      0.01
      0.03      0.08      0.13
      0.07      0.08      0.13
      0.07     -0.04      0.13
      0.06     -0.04      0.01
      0.03     -0.10     -0.05
     -0.00     -0.04     -0.05
     -0.05      0.02      0.01
     -0.05      0.08      0.07
     -0.02      0.14      0.13
      0.01      0.08      0.13
      0.03      0.02      0.07
      0.03     -0.04      0.01
      0.01     -0.04     -0.05
      0.01     -0.04     -0.05
      0.01     -0.04      0.01
      0.03      0.02      0.01
      0.03      0.02      0.07
      0.04      0.02      0.07
      0.01      0.02      0.07
     -0.00      0.02      0.07
     -0.02      0.02      0.01
     -0.02      0.02     -0.05
     -0.00      0.02      0.01
     -0.00      0.02      0.01
      0.01      0.02      0.07
     -0.00      0.02      0.07
     -0.02      0.02      0.07
     -0.03      0.02      0.01
      0.01      0.02      0.01
      0.04      0.02      0.01
      0.06      0.02      0.01
      0.03      0.02      0.01
     -0.02      0.02      0.01
     -0.03      0.02      0.01
     -0.02      0.02      0.01
     -0.00      0.02      0.01
      0.01     -0.04      0.07
      0.03     -0.04      0.01
      0.01      0.02      0.01
      0.01      0.02      0.01
      0.03      0.02      0.01
      0.06      0.02      0.01
      0.04     -0.04      0.01
      0.01     -0.04      0.01
     -0.02      0.02      0.01
     -0.05      0.02      0.01
     -0.03      0.02      0.01
     -0.02      0.02      0.01
     -0.02      0.02      0.01
     -0.02      0.02     -0.05
     -0.03      0.02     -0.05
     -0.02      0.02      0.01
      0.01      0.02      0.01
      0.01      0.02      0.01
      0.01      0.02      0.01
     -0.00      0.02     -0.05
     -0.02     -0.04     -0.05
     -0.03     -0.04     -0.05
     -0.03      0.02      0.01
     -0.00      0.02      0.01
      0.04      0.08      0.07
      0.06      0.14      0.07
      0.06      0.08      0.07
      0.03      0.02      0.01
     -0.00     -0.04     -0.05
     -0.03     -0.10     -0.05
     -0.02     -0.04     -0.05
     -0.00     -0.04      0.01
      0.01      0.02      0.07
      0.01      0.08      0.07
      0.01      0.08      0.07
     -0.00      0.02      0.01
     -0.00     -0.04      0.01
     -0.02     -0.04      0.01
     -0.02     -0.04      0.01
     -0.00     -0.04      0.07
      0.03      0.02      0.07
      0.03      0.02      0.01
      0.01      0.02      0.01
     -0.00      0.02     -0.05
     -0.02      0.02      0.01
     -0.03      0.02      0.01
     -0.02      0.02      0.07
     -0.02      0.02      0.07
     -0.02      0.02      0.07
      0.01      0.02      0.01
      0.01     -0.04      0.01
     -0.00      0.02      0.01
     -0.02      0.02      0.01
     -0.02      0.02      0.01
     -0.00      0.02      0.01
     -0.00      0.02      0.01
     -0.00      0.02      0.01
     -0.00      0.02      0.01
     -0.00     -0.04      0.01
     -0.00     -0.04      0.01
     -0.00     -0.04     -0.05
      0.01     -0.04     -0.05
      0.03     -0.04      0.01
      0.04      0.02      0.07
      0.06      0.02      0.13
      0.04      0.08      0.13
      0.03      0.08      0.07
     -0.00      0.02     -0.05
     -0.00     -0.04     -0.11
      0.01     -0.04     -0.11
      0.01     -0.04      0.01
     -0.00      0.02      0.13
     -0.00      0.08      0.13
     -0.00      0.02      0.07
      0.03      0.02      0.01
      0.04     -0.04     -0.05
      0.04     -0.04     -0.05
      0.03      0.02     -0.05
      0.01      0.02      0.01
     -0.00      0.02      0.07
     -0.00      0.02      0.07
     -0.00     -0.04      0.07
     -0.00     -0.04      0.01
     -0.00      0.02      0.01
      0.01      0.02      0.01
      0.01      0.02      0.01
      0.01      0.02      0.07
     -0.02      0.02      0.07
     -0.02     -0.04      0.07
     -0.03     -0.04      0.01
     -0.00     -0.04      0.01
      0.03     -0.04      0.01
      0.06      0.02      0.01
      0.06      0.08      0.01
      0.03      0.08      0.07
     -0.02      0.02      0.07
     -0.03     -0.04      0.01
     -0.02     -0.04      0.01
     -0.00     -0.04      0.01
      0.01     -0.04      0.01
      0.01      0.02      0.01
      0.03      0.08      0.07
      0.04      0.08      0.07
      0.04      0.02      0.01
      0.03     -0.04      0.01
     -0.00     -0.04      0.01
     -0.02     -0.04      0.01
     -0.03      0.02      0.01
     -0.02      0.02      0.01
     -0.02      0.08      0.07
      0.01      0.08      0.07
      0.03      0.08      0.07
      0.04      0.08      0.07
      0.03      0.02     -0.05
     -0.00     -0.04     -0.05
     -0.00     -0.04     -0.11
     -0.00     -0.04     -0.05
     -0.00      0.02      0.01
     -0.00      0.02      0.01
     -0.00      0.02      0.01
     -0.00      0.02      0.01
     -0.02      0.02      0.01
     -0.00      0.02      0.01
      0.01      0.02      0.01
      0.01      0.02      0.01
      0.03     -0.04      0.01
      0.03      0.02      0.01
      0.03      0.02      0.01
      0.01      0.02      0.01
      0.01      0.02      0.01
      0.01      0.02      0.01
     -0.00     -0.04      0.01
     -0.00     -0.04      0.01
     -0.02      0.02      0.01
     -0.02      0.02      0.01
     -0.02      0.08      0.07
     -0.00      0.08      0.07
     -0.00      0.02      0.01
     -0.02     -0.04     -0.05
     -0.02     -0.10     -0.05
     -0.02     -0.10     -0.05
     -0.02     -0.04      0.01
     -0.00     -0.04      0.01
     -0.00      0.02      0.07
      0.01      0.08      0.07
      0.01      0.08      0.01
      0.03      0.02      0.01
      0.01      0.02     -0.05
     -0.00      0.02     -0.05
     -0.02      0.02      0.01
     -0.02      0.02      0.07
     -0.00      0.02      0.07
      0.01     -0.04      0.01
      0.01     -0.04      0.01
      0.01     -0.04      0.01
     -0.00      0.02     -0.05
      0.01      0.02      0.01
     -0.00      0.02      0.01
     -0.02      0.02      0.07
     -0.05     -0.04      0.01
     -0.03     -0.04      0.01
     -0.03     -0.04      0.01
     -0.00     -0.04      0.01
     -0.00      0.02      0.07
      0.01      0.08      0.01
      0.01      0.08      0.07
      0.01      0.08      0.01
     -0.00      0.02      0.01
     -0.00     -0.04      0.01
     -0.00     -0.04      0.01
      0.03     -0.04      0.01
      0.04     -0.04      0.01
      0.01      0.02      0.01
     -0.02      0.02      0.01
     -0.02      0.02      0.01
     -0.00      0.02      0.01
      0.01      0.02      0.07
      0.03      0.02      0.07
      0.03      0.02      0.07
      0.01     -0.04      0.01
     -0.00     -0.04      0.01
     -0.02     -0.04      0.01
     -0.02      0.02      0.01
     -0.02      0.08      0.07
     -0.00      0.08      0.07
      0.01      0.08      0.07
      0.04      0.08      0.01
      0.03      0.02      0.01
      0.01     -0.04      0.01
     -0.00     -0.04      0.01
     -0.00     -0.04      0.01
      0.01      0.02      0.01
      0.01      0.02      0.07
      0.01      0.02      0.01
      0.03      0.02      0.01
      0.01      0.02      0.01
     -0.00      0.02      0.01
     -0.00      0.02      0.01
      0.01     -0.04      0.01
      0.01     -0.04      0.07
      0.01     -0.04      0.07
     -0.00     -0.04      0.07
     -0.00      0.08      0.07
      0.03      0.14      0.07
      0.04      0.14      0.01
      0.03      0.02      0.01
     -0.00     -0.04      0.01
     -0.05     -0.04      0.01
     -0.05     -0.10      0.01
     -0.02     -0.10      0.07
     -0.00      0.02      0.01
      0.03      0.08      0.01
      0.04      0.08      0.01
      0.03      0.14     -0.05
     -0.00      0.08     -0.05
     -0.03      0.02      0.01
     -0.03     -0.04      0.01
     -0.02     -0.04      0.01
      0.01     -0.04      0.01
      0.04     -0.04      0.01
      0.06      0.02     -0.05
      0.06      0.02     -0.05
      0.04      0.08     -0.05
     -0.00      0.08      0.01
     -0.02      0.08      0.01
     -0.03      0.02      0.07
     -0.03     -0.04      0.01
     -0.02     -0.10      0.01
     -0.00     -0.10      0.01
     -0.00     -0.04      0.01
     -0.00      0.08      0.01
     -0.00      0.08      0.01
     -0.02      0.08      0.01
     -0.00      0.08      0.01
      0.01      0.02      0.01
      0.01      0.02      0.01
     -0.00     -0.04      0.01
     -0.00     -0.04      0.01
     -0.02     -0.04     -0.05
     -0.00     -0.04     -0.05
     -0.02      0.02     -0.05
     -0.02      0.02      0.01
     -0.02      0.14      0.07
      0.01      0.14      0.07
      0.04      0.08      0.07
      0.06      0.02      0.01
      0.04     -0.04     -0.05
      0.01     -0.04     -0.05
     -0.02     -0.04      0.01
     -0.03     -0.04      0.01
     -0.03     -0.04      0.07
     -0.03      0.02      0.01
     -0.00      0.02      0.01
      0.01      0.02     -0.05
      0.03      0.02      0.01
      0.03      0.08      0.01
      0.03      0.08      0.07
     -0.02     -0.04      0.07
     -0.05     -0.04      0.01
     -0.05     -0.10     -0.05
     -0.03     -0.10     -0.05
      0.01      0.02      0.01
      0.03      0.08      0.07
      0.03      0.08      0.07
      0.01      0.08      0.07
     -0.00      0.02      0.01
     -0.02     -0.04     -0.05
     -0.02     -0.04     -0.05
     -0.02     -0.04     -0.05
     -0.02     -0.04      0.01
     -0.02      0.02      0.01
     -0.00      0.08      0.07
      0.01      0.08      0.01
      0.04      0.08      0.01
      0.04      0.02      0.01
      0.03      0.02      0.01
     -0.00      0.02      0.01
     -0.03     -0.04      0.01
     -0.03     -0.04      0.01
     -0.03     -0.04      0.01
     -0.02     -0.04      0.01
     -0.00      0.02      0.07
      0.03      0.08      0.07
      0.03      0.08      0.01
      0.01      0.08      0.01
     -0.00     -0.04      0.01
     -0.00     -0.04      0.01
     -0.00     -0.04      0.01
     -0.00     -0.04      0.01
     -0.00     -0.04      0.01
      0.01      0.02      0.01
      0.03      0.08      0.01
      0.06      0.08      0.01
      0.06      0.08      0.01
      0.03      0.02      0.01
     -0.00     -0.04      0.01
     -0.02     -0.10      0.01
     -0.03     -0.04      0.01
     -0.03      0.02      0.07
     -0.02      0.08      0.07
     -0.02      0.08      0.07
     -0.02      0.08      0.07
     -0.00      0.02      0.01
      0.03     -0.04     -0.05
      0.03     -0.04      0.01
      0.03     -0.04      0.01
      0.01     -0.04      0.07
     -0.00      0.02      0.07
     -0.02      0.02      0.07
     -0.02      0.02      0.07
     -0.00      0.02      0.01
     -0.00      0.02     -0.05
      0.03     -0.04     -0.05
      0.01     -0.04      0.01
     -0.00      0.02      0.07
     -0.02      0.08      0.07
     -0.02      0.02      0.07
      0.01      0.02      0.07
      0.03      0.02      0.01
      0.01     -0.04     -0.05
     -0.02     -0.04     -0.05
     -0.02     -0.04      0.01
     -0.02     -0.04      0.01
     -0.02      0.02      0.07
      0.01      0.08      0.07
      0.03      0.08      0.07
      0.03      0.02      0.01
      0.03      0.02     -0.05
     -0.00     -0.04     -0.05
     -0.02     -0.04      0.01
     -0.02     -0.04      0.01
      0.01      0.02      0.07
      0.03      0.02      0.01
      0.04      0.02      0.01
      0.03      0.02      0.01
      0.01      0.02      0.01
     -0.02      0.02      0.01
     -0.03      0.02      0.01
     -0.03      0.02      0.01
     -0.00      0.02     -0.05
      0.03      0.02     -0.05
      0.03     -0.04     -0.05
      0.03     -0.04      0.01
      0.01      0.02      0.01
     -0.02      0.02      0.01
     -0.02      0.02      0.01
     -0.03      0.02     -0.05
     -0.02      0.02     -0.05
     -0.02      0.02     -0.05
     -0.02      0.02      0.01
      0.01      0.08      0.01
      0.03      0.02      0.07
      0.03     -0.04      0.01
     -0.00     -0.04      0.01
     -0.03     -0.04     -0.05
     -0.03     -0.04     -0.05
     -0.02      0.02     -0.05
      0.01      0.02      0.01
      0.03      0.08      0.01
      0.01      0.08      0.01
     -0.00      0.02      0.07
     -0.00      0.02      0.01
      0.03     -0.04      0.01
      0.03     -0.04      0.01
      0.03     -0.04     -0.05
      0.01     -0.04     -0.05
      0.01      0.02      0.01
     -0.00      0.02      0.01
     -0.00      0.08      0.01
     -0.02      0.02      0.07
     -0.02      0.02      0.01
     -0.00     -0.04      0.01
     -0.00     -0.04     -0.05
      0.01     -0.04      0.01
     -0.00      0.02      0.01
     -0.00      0.02      0.01
     -0.02      0.08      0.07
     -0.02      0.08      0.07
     -0.02      0.08      0.01
     -0.00      0.02      0.01
      0.01      0.02     -0.05
      0.03     -0.04      0.01
      0.01     -0.04      0.01
     -0.02     -0.04      0.07
     -0.03      0.02      0.07
     -0.05      0.02      0.07
     -0.02      0.02      0.01
      0.03      0.02      0.01
      0.06      0.02      0.01
      0.06      0.02     -0.05
      0.04      0.08      0.01
      0.03      0.02      0.01
      0.01     -0.04      0.01
     -0.00     -0.04      0.01
     -0.03     -0.04      0.01
     -0.02     -0.04      0.01
     -0.00      0.02      0.01
      0.01      0.08      0.01
      0.03      0.08      0.01
      0.04      0.08      0.07
      0.04      0.02      0.07
      0.03     -0.04      0.01
     -0.02     -0.10      0.01
     -0.02     -0.10      0.01
     -0.00     -0.04      0.01
      0.01      0.02      0.01
      0.04      0.02      0.07
      0.03      0.08      0.07
      0.03      0.08      0.07
      0.03      0.02      0.01
      0.03      0.02      0.01
      0.01     -0.04     -0.05
      0.01     -0.04      0.01
      0.03      0.02      0.01
      0.03      0.02      0.01
      0.03      0.02      0.07
      0.01      0.02      0.07
     -0.00     -0.04      0.01
     -0.02     -0.04      0.01
     -0.02     -0.04      0.01
      0.01      0.02      0.01
      0.04      0.02      0.01
      0.06      0.08      0.01
      0.01      0.08      0.07
     -0.02      0.02      0.01
     -0.03     -0.04      0.01
     -0.03     -0.10     -0.05
     -0.00     -0.10     -0.05
     -0.00     -0.04     -0.05
     -0.03      0.02      0.01
     -0.03      0.08      0.07
     -0.00      0.14      0.07
      0.04      0.08      0.07
      0.07      0.02      0.07
      0.06     -0.04      0.01
      0.03     -0.04      0.01
     -0.02     -0.04      0.01
     -0.05     -0.04      0.01
     -0.03      0.02      0.01
     -0.00      0.02      0.01
      0.04      0.02      0.01
      0.04      0.02      0.01
      0.03      0.02      0.01
      0.01      0.02     -0.05
     -0.00      0.02     -0.05
     -0.00     -0.04      0.01
     -0.02     -0.04      0.01
     -0.03     -0.04      0.07
     -0.03     -0.04      0.07
     -0.02      0.02      0.01
     -0.00      0.02      0.01
      0.04      0.02     -0.05
      0.06      0.08      0.01
      0.06      0.02      0.01
      0.03      0.02      0.01
     -0.00     -0.04      0.01
     -0.02     -0.10      0.01
     -0.02     -0.10     -0.05
     -0.02     -0.04     -0.05
     -0.02      0.02      0.01
     -0.00      0.08      0.01
     -0.00      0.08      0.07
     -0.00      0.08      0.07
      0.01      0.02      0.01
      0.01     -0.04     -0.05
      0.01     -0.04     -0.05
      0.01     -0.04     -0.05
     -0.00      0.02      0.01
     -0.02      0.02      0.07
     -0.02      0.02      0.13
     -0.00     -0.04      0.07
      0.03      0.02      0.01
      0.03     -0.04     -0.05
      0.01      0.02     -0.05
      0.01      0.08      0.01
     -0.00      0.08      0.07
      0.01      0.08      0.07
     -0.02      0.02      0.07
     -0.05     -0.04      0.01
     -0.05     -0.04      0.01
     -0.03     -0.04     -0.05
     -0.00     -0.04      0.01
     -0.00      0.02      0.01
      0.01      0.02      0.07
      0.01      0.08      0.07
      0.03      0.02      0.01
      0.03     -0.04      0.01
      0.04     -0.04      0.01
      0.01     -0.04      0.01
     -0.00     -0.04      0.07
     -0.02     -0.04      0.07
     -0.02      0.02      0.07
     -0.02      0.02      0.07
      0.03      0.02      0.01
      0.04      0.02      0.01
      0.04      0.08      0.01
      0.03      0.08      0.01
     -0.00      0.02      0.01
     -0.02     -0.04      0.01
     -0.02     -0.04      0.01
     -0.02     -0.04      0.07
     -0.02      0.02      0.07
     -0.00      0.02      0.07
     -0.00      0.02      0.07
      0.01      0.02      0.01
      0.01      0.02     -0.05
      0.03      0.02     -0.05
      0.03      0.02     -0.05
      0.01     -0.04      0.01
     -0.00      0.02      0.07
     -0.00      0.02      0.07
      0.03      0.02      0.07
      0.04     -0.04      0.01
      0.04      0.02      0.01
     -0.00      0.02      0.01
     -0.02      0.02      0.01
     -0.03      0.02      0.07
     -0.00      0.02      0.07
      0.01      0.02      0.01
      0.01     -0.04      0.01
     -0.02     -0.04      0.01
     -0.02      0.02      0.01
     -0.00      0.02      0.07
      0.03      0.02      0.07
      0.04     -0.04      0.07
      0.03     -0.04      0.01
     -0.00     -0.04      0.01
     -0.02     -0.04      0.01
     -0.03      0.02      0.01
     -0.02      0.02      0.01
      0.01      0.02      0.07
      0.04      0.02      0.07
      0.06      0.02      0.01
      0.03      0.02     -0.05
      0.01     -0.04      0.01
     -0.02     -0.04      0.01
     -0.02      0.02      0.07
     -0.00      0.02      0.07
     -0.00      0.02      0.07
      0.01      0.02      0.01
     -0.00      0.02      0.01
     -0.00      0.02      0.07
     -0.02     -0.04      0.07
     -0.00     -0.04      0.01
     -0.00     -0.04      0.01
      0.01      0.02      0.01
      0.03      0.02      0.01
      0.04      0.02      0.01
      0.04      0.02      0.01
      0.03      0.02      0.01
     -0.00      0.02      0.01
     -0.03      0.02      0.01
     -0.03     -0.04      0.01
     -0.02     -0.04      0.01
     -0.00     -0.04     -0.05
      0.01     -0.04      0.01
      0.01      0.02      0.01
      0.03      0.02      0.07
      0.03      0.02      0.07
     -0.00      0.02      0.01
     -0.02     -0.04      0.01
     -0.03     -0.04      0.01
     -0.02      0.02     -0.05
     -0.00      0.02      0.01
      0.03      0.08      0.01
      0.04      0.08      0.01
      0.03      0.02      0.01
     -0.00      0.02      0.01
     -0.00     -0.04      0.01
     -0.00     -0.04      0.01
     -0.00     -0.04      0.01
      0.01      0.02      0.01
      0.03      0.02      0.01
      0.03      0.02      0.01
      0.01      0.02      0.01
      0.01      0.02      0.01
     -0.02     -0.04      0.01
     -0.02     -0.04      0.01
     -0.02     -0.04      0.01
     -0.00      0.02      0.01
     -0.00      0.02      0.01
      0.03      0.08      0.01
      0.03      0.08      0.01
      0.03      0.02      0.01
      0.01     -0.04      0.01
     -0.02     -0.04      0.01
     -0.05     -0.04      0.01
     -0.03     -0.04      0.01
     -0.02     -0.04      0.07
     -0.00      0.02      0.07
      0.03      0.02      0.01
      0.04      0.02      0.01
      0.04      0.08      0.01
      0.01      0.02      0.01
     -0.02      0.02      0.07
     -0.03      0.02      0.07
     -0.03     -0.04      0.01
     -0.02     -0.04      0.01
     -0.02     -0.04     -0.11
     -0.00     -0.10     -0.11
      0.03     -0.04     -0.05
      0.04      0.02      0.01
      0.04      0.08      0.13
      0.01      0.08      0.13
     -0.02      0.02      0.07
     -0.02     -0.04      0.01
     -0.00     -0.10     -0.05
      0.01     -0.04     -0.05
      0.03     -0.04      0.01
      0.04      0.02      0.01
      0.03      0.02      0.07
     -0.00      0.02      0.07
     -0.02      0.02      0.07
     -0.02      0.02      0.01
     -0.00      0.02     -0.05
      0.01      0.02      0.01
     -0.00      0.02      0.01
     -0.02     -0.04      0.07
     -0.02     -0.04      0.01
     -0.00      0.02      0.07
      0.03      0.02      0.01
      0.04     -0.04      0.01
      0.04     -0.04     -0.05
      0.03     -0.04     -0.05
      0.01      0.02      0.01
      0.01      0.02      0.01
     -0.00      0.02      0.07
     -0.02      0.02      0.07
     -0.02      0.02      0.01
      0.01     -0.04      0.01
      0.01     -0.04      0.01
      0.01     -0.04      0.01
     -0.00      0.02      0.07
     -0.00      0.02      0.07
      0.01      0.02      0.07
      0.04      0.02      0.07
      0.06      0.02      0.01
      0.06     -0.04     -0.05
      0.04     -0.04     -0.05
      0.01      0.02      0.01
     -0.00      0.02      0.01
     -0.02      0.02      0.01
     -0.00      0.02      0.07
      0.01      0.02      0.07
      0.01      0.02      0.07
      0.01     -0.04      0.01
     -0.00      0.02      0.01
     -0.02      0.02      0.01
     -0.02      0.02      0.01
     -0.00      0.02      0.01
      0.01      0.02      0.01
      0.03     -0.04      0.01
      0.03     -0.04      0.01
      0.03     -0.04      0.01
      0.03      0.02      0.01
      0.01      0.02      0.07
      0.01      0.02      0.07
     -0.00      0.02      0.07
     -0.00      0.02      0.01
     -0.00      0.02      0.01
     -0.00      0.02      0.01
     -0.00      0.02      0.01
     -0.00      0.02      0.01
     -0.00      0.02      0.07
      0.01      0.02      0.07
     -0.00      0.02      0.01
     -0.00     -0.04      0.01
     -0.00     -0.04      0.01
      0.01      0.02     -0.05
      0.01      0.02      0.01
      0.01      0.02      0.01
      0.01      0.02      0.07
      0.01      0.02      0.01
      0.01      0.02      0.01
     -0.00     -0.04     -0.05
     -0.00     -0.04     -0.05
     -0.00     -0.04     -0.05
     -0.00      0.02      0.01
      0.01      0.08      0.07
      0.03      0.02      0.07
      0.01      0.02      0.07
      0.01     -0.04      0.01
      0.01     -0.04     -0.05
      0.01     -0.04     -0.05
      0.01      0.02      0.01
     -0.00      0.02      0.07
     -0.02      0.02      0.07
     -0.02      0.02      0.07
     -0.02     -0.04      0.01
     -0.02      0.02      0.01
     -0.00      0.02     -0.05
     -0.02      0.02      0.01
     -0.02      0.02      0.01
     -0.02      0.02      0.01
     -0.00      0.02      0.01
      0.01     -0.04      0.01
      0.01     -0.04      0.01
     -0.00     -0.04      0.01
     -0.02     -0.04      0.01
     -0.02     -0.04      0.01
     -0.00      0.02      0.01
     -0.00     -0.04      0.01
      0.01      0.02      0.01
      0.01      0.02      0.01
      0.01      0.08      0.07
      0.01      0.02      0.01
      0.01      0.02      0.01
      0.01      0.02      0.01
      0.01     -0.04      0.01
     -0.02     -0.04      0.01
     -0.02     -0.04      0.01
     -0.03     -0.04      0.01
     -0.02      0.02      0.01
      0.01      0.02      0.01
      0.03      0.08      0.01
      0.04      0.02      0.01
      0.03      0.02      0.01
      0.01      0.02      0.01
     -0.00     -0.04      0.01
     -0.02     -0.04      0.01
     -0.02     -0.04      0.07
     -0.02     -0.04      0.01
     -0.00      0.02      0.01
      0.01      0.08      0.01
      0.03      0.08      0.01
      0.03      0.08      0.01
      0.03      0.02      0.01
      0.01      0.02      0.07
     -0.00      0.02      0.07
     -0.00     -0.04      0.01
     -0.00     -0.04      0.01
     -0.00     -0.04      0.01
      0.03      0.02      0.01
      0.06      0.02      0.01
      0.07      0.02      0.01
      0.06      0.02      0.01
      0.03      0.02      0.01
     -0.00      0.02      0.01
     -0.02      0.02      0.01
     -0.00     -0.04      0.01
      0.03      0.02      0.07
      0.03      0.02      0.01
      0.04      0.02      0.07
      0.04      0.02      0.07
      0.03      0.02      0.01
      0.03     -0.04      0.01
      0.01     -0.04      0.01
     -0.00      0.02      0.01
     -0.00      0.02      0.07
      0.01      0.02      0.07
      0.01      0.08      0.07
      0.03      0.02      0.01
      0.03     -0.04      0.01
      0.01     -0.04      0.01
     -0.00     -0.04      0.01
     -0.00      0.02      0.07
      0.01      0.02      0.07
      0.03      0.02      0.01
      0.01      0.02      0.01
     -0.00      0.02      0.01
     -0.02     -0.04     -0.05
     -0.02     -0.04     -0.05
     -0.02     -0.04      0.01
     -0.00     -0.04      0.01
     -0.00      0.02      0.01
     -0.00      0.02      0.01
     -0.00      0.02      0.01
      0.01      0.02      0.01
      0.04      0.02      0.01
      0.04      0.02      0.01
      0.03      0.02      0.01
      0.01      0.02      0.01
     -0.00      0.02      0.01
     -0.00      0.02      0.01
      0.01      0.02      0.01
      0.01      0.02      0.01
      0.03      0.02      0.01
      0.01      0.02      0.01
     -0.00      0.02      0.01
     -0.00      0.02      0.01
     -0.00      0.02      0.01
     -0.00     -0.04      0.01
     -0.00     -0.04      0.01
     -0.00     -0.04      0.01
     -0.00      0.02      0.01
     -0.00      0.02      0.07
     -0.00      0.02      0.01
     -0.02      0.02      0.01
     -0.02      0.02      0.01
     -0.02     -0.04     -0.05
     -0.00     -0.04     -0.05
      0.01     -0.04      0.01
      0.03     -0.04      0.01
      0.01      0.02      0.07
     -0.00      0.02      0.01
     -0.02      0.02      0.01
     -0.00      0.02      0.01
     -0.00      0.02      0.01
     -0.00      0.02      0.01
     -0.00      0.02      0.01
     -0.02      0.02      0.01
     -0.02      0.02      0.01
     -0.02      0.02      0.01
     -0.02      0.02     -0.05
     -0.00     -0.04      0.01
      0.01     -0.04     -0.05
      0.03     -0.04      0.01
      0.01     -0.04      0.01
     -0.00     -0.04      0.01
     -0.00     -0.04      0.01
      0.01      0.02      0.01
      0.01      0.02      0.01
      0.01      0.08      0.01
     -0.00      0.08      0.01
     -0.00      0.08      0.01
      0.01      0.02      0.01
     -0.00     -0.04      0.07
     -0.00     -0.04      0.01
     -0.00     -0.04      0.01
     -0.00     -0.04      0.01
     -0.00      0.02     -0.05
     -0.00      0.02      0.01
     -0.00      0.02      0.01
      0.03      0.02      0.01
      0.03      0.02      0.07
      0.03      0.02      0.07
      0.01      0.02      0.07
     -0.00      0.02      0.01
     -0.00      0.02      0.01
     -0.02     -0.04      0.01
     -0.02     -0.04      0.01
     -0.00     -0.04      0.01
      0.03      0.02      0.01
      0.03      0.02      0.07
      0.01      0.02      0.07
      0.01      0.02      0.07
     -0.00      0.02      0.01
      0.01      0.02     -0.05
      0.01     -0.04     -0.05
      0.01     -0.04      0.01
     -0.00     -0.04      0.01
      0.01      0.02      0.07
      0.01      0.02      0.07
      0.01      0.02      0.07
      0.03      0.02      0.01
      0.03      0.02      0.01
      0.03      0.02     -0.05
      0.01      0.02      0.01
     -0.02      0.02      0.01
     -0.02      0.02      0.01
     -0.02      0.02      0.01
     -0.00      0.02      0.01
      0.01      0.02      0.01
      0.03      0.02      0.01
      0.03      0.02      0.01
      0.03      0.02      0.01
     -0.00      0.02      0.07
     -0.00      0.02      0.01
      0.01     -0.04      0.01
      0.03      0.02      0.01
      0.03      0.02      0.01
      0.01      0.08      0.01
     -0.02      0.08      0.01
     -0.03      0.02      0.01
     -0.02      0.02      0.01
     -0.00     -0.04      0.01
      0.01     -0.04      0.01
      0.01     -0.04      0.01
     -0.00     -0.04      0.01
     -0.03      0.02      0.01
     -0.02      0.02      0.01
      0.01      0.08      0.01
      0.03      0.08      0.07
      0.03      0.08      0.07
      0.01      0.02      0.01
     -0.00     -0.04      0.01
     -0.00     -0.10     -0.05
      0.01     -0.04     -0.05
     -0.00     -0.04      0.01
      0.01      0.02      0.01
      0.01      0.08      0.01
      0.03      0.08      0.01
      0.01      0.08     -0.05
     -0.00      0.02     -0.05
     -0.02      0.02     -0.05
     -0.02     -0.04      0.01
     -0.00     -0.04      0.01
      0.01     -0.04      0.07
      0.01     -0.04      0.01
     -0.00     -0.04     -0.05
     -0.02     -0.04     -0.05
     -0.02      0.02     -0.05
     -0.00      0.02      0.01
      0.01      0.08      0.07
      0.01      0.08      0.07
      0.01      0.02      0.07
      0.03      0.02      0.01
      0.03     -0.04     -0.05
      0.03     -0.04     -0.05
      0.03     -0.04     -0.05
     -0.02     -0.04      0.01
     -0.03      0.02      0.01
     -0.05      0.02      0.07
     -0.03      0.02      0.07
     -0.00      0.02      0.01
      0.03      0.02      0.01
      0.04     -0.04      0.01
      0.01      0.02      0.01
     -0.00      0.02      0.01
     -0.02      0.02      0.01
     -0.02      0.02      0.01
     -0.02     -0.04      0.01
     -0.02     -0.04      0.01
     -0.02     -0.04      0.01
     -0.00      0.02      0.01
      0.01      0.02      0.01
      0.03      0.02      0.01
      0.03      0.02      0.01
      0.03     -0.04      0.01
      0.01      0.02      0.01
     -0.02      0.02      0.01
     -0.00     -0.04      0.01
      0.01     -0.04      0.01
      0.01     -0.04     -0.05
     -0.00     -0.04     -0.05
     -0.02     -0.04      0.01
     -0.03      0.02      0.01
     -0.02      0.08      0.07
     -0.00      0.08      0.07
      0.03      0.08      0.07
      0.03      0.02      0.01
     -0.00      0.02      0.01
     -0.02     -0.04      0.01
     -0.02     -0.04      0.01
     -0.00     -0.04      0.01
      0.01     -0.04      0.01
      0.03      0.02      0.07
      0.03      0.02      0.07
      0.01      0.02      0.01
     -0.02      0.02      0.01
     -0.02      0.02      0.01
     -0.00     -0.04     -0.05
      0.03     -0.04     -0.05
      0.03     -0.04     -0.05
      0.03     -0.04      0.01
     -0.00      0.02      0.01
     -0.00      0.08      0.07
     -0.00      0.02      0.07
      0.01      0.02      0.01
      0.01      0.02      0.01
      0.03     -0.04      0.07
      0.03     -0.04      0.01
      0.01     -0.04      0.01
     -0.00     -0.04      0.01
     -0.00      0.02      0.01
      0.01      0.02      0.01
      0.01      0.02      0.01
      0.01      0.02      0.01
     -0.00      0.02      0.07
     -0.00      0.02      0.07
     -0.00      0.02      0.07
     -0.00      0.02      0.07
     -0.00      0.02      0.01
      0.01      0.02     -0.05
      0.03      0.02     -0.05
      0.03     -0.04     -0.05
     -0.00      0.02      0.01
     -0.00      0.02      0.07
     -0.02      0.02      0.07
     -0.00      0.02      0.07
     -0.00      0.02      0.01
      0.01     -0.04     -0.05
      0.03     -0.04     -0.05
      0.03      0.02     -0.05
      0.01     -0.04      0.01
     -0.00      0.02      0.01
     -0.00     -0.04      0.07
     -0.00     -0.04      0.07
     -0.00     -0.04      0.01
     -0.00      0.02      0.01
     -0.00      0.02      0.01
     -0.02      0.02      0.01
     -0.02      0.02      0.01
     -0.02     -0.04      0.01
     -0.00      0.02      0.07
      0.01      0.02      0.01
      0.01      0.02      0.01
      0.01      0.02     -0.05
      0.01      0.02     -0.05
      0.01      0.02      0.01
      0.01      0.02      0.01
      0.01     -0.04      0.01
      0.01     -0.04      0.01
      0.01     -0.04      0.01
     -0.00     -0.04      0.01
      0.01      0.02      0.01
      0.03      0.02      0.01
      0.03      0.02      0.01
      0.01     -0.04      0.01
     -0.02     -0.04      0.01
     -0.02      0.02      0.01
     -0.02      0.02      0.01
     -0.00      0.02      0.01
     -0.00      0.02      0.01
      0.01      0.02      0.01
      0.03      0.02      0.01
      0.03     -0.04      0.01
      0.01      0.02      0.01
     -0.02     -0.04      0.01
     -0.03      0.02     -0.05
     -0.02      0.02      0.01
     -0.00      0.02      0.01
      0.01      0.02      0.01
      0.03      0.02      0.01
      0.03     -0.04      0.01
     -0.00      0.02      0.01
     -0.03     -0.04      0.01
     -0.03      0.02      0.01
     -0.03      0.02      0.01
     -0.02      0.02      0.01
     -0.00      0.02      0.01
     -0.00      0.02      0.01
     -0.02     -0.04      0.01
     -0.02     -0.04     -0.05
     -0.00      0.02      0.01
     -0.00      0.02      0.01
     -0.00      0.02      0.07
     -0.00      0.02      0.07
     -0.00      0.02      0.07
      0.01      0.02      0.01
      0.01      0.02      0.01
      0.01     -0.04      0.01
      0.01      0.02      0.01
     -0.00      0.02      0.07
     -0.00      0.02      0.01
     -0.02      0.02      0.01
     -0.02      0.02      0.01
     -0.03      0.02      0.01
     -0.02     -0.04      0.01
      0.01      0.02      0.01
      0.03      0.02      0.01
      0.01      0.02      0.01
     -0.00      0.02      0.01
     -0.02      0.02     -0.05
     -0.02      0.02     -0.05
      0.01      0.02      0.01
     -0.00      0.02      0.01
     -0.00      0.02      0.01
     -0.00      0.02      0.01
      0.01      0.02      0.07
      0.06      0.02      0.01
      0.06      0.02      0.01
      0.04      0.02      0.01
      0.01      0.02      0.01
     -0.03      0.02      0.01
     -0.03      0.02      0.01
     -0.00      0.02      0.01
      0.03      0.02      0.07
      0.04      0.08      0.07
      0.03      0.08      0.07
     -0.00      0.02      0.07
     -0.05      0.02      0.07
     -0.05     -0.04      0.01
     -0.03     -0.04      0.01
     -0.00     -0.04     -0.05
      0.04      0.02      0.01
      0.04      0.02      0.01
      0.03      0.08      0.07
     -0.00      0.08      0.07
     -0.00      0.02      0.07
      0.01     -0.04      0.01
      0.03     -0.04      0.01
      0.03     -0.10      0.01
      0.01     -0.04     -0.05
     -0.00      0.02      0.01
     -0.02      0.02      0.07
     -0.02      0.02      0.07
      0.01      0.02      0.07
      0.03      0.02      0.01
      0.06      0.02      0.01
      0.03      0.02      0.01
      0.01      0.02      0.01
     -0.00      0.02      0.01
     -0.00      0.02      0.07
     -0.00     -0.04      0.07
     -0.02     -0.10      0.01
     -0.02     -0.10      0.01
     -0.02     -0.04     -0.05
     -0.00     -0.04      0.01
      0.01      0.02      0.01
      0.03      0.08      0.07
      0.04      0.08      0.07
      0.03      0.02      0.07
     -0.00      0.02      0.01
     -0.03     -0.04      0.01
     -0.03     -0.04     -0.05
     -0.00     -0.04      0.01
     -0.00      0.02      0.01
      0.01      0.02      0.01
     -0.00      0.02      0.07
     -0.00      0.02      0.01
      0.01      0.02      0.01
      0.03      0.02      0.01
      0.01     -0.04      0.01
      0.01     -0.04      0.01
      0.01     -0.04      0.01
     -0.00     -0.04      0.01
     -0.02      0.02      0.07
     -0.02      0.02      0.07
     -0.00      0.02      0.01
     -0.00      0.02      0.01
      0.01      0.02      0.01
      0.03      0.02      0.01
      0.01      0.02      0.01
     -0.00     -0.04      0.01
     -0.02     -0.04      0.01
     -0.02     -0.10      0.01
     -0.00     -0.04      0.01
      0.01     -0.04     -0.05
     -0.00      0.02     -0.05
     -0.00      0.02      0.01
     -0.02      0.08      0.01
     -0.00      0.08      0.07
      0.01      0.08      0.07
      0.03      0.02      0.01
      0.01     -0.04      0.01
     -0.00     -0.04      0.01
     -0.02     -0.04      0.01
     -0.05     -0.04      0.01
     -0.05     -0.04      0.01
     -0.05      0.02      0.01
     -0.02      0.08      0.01
      0.04      0.08      0.01
      0.06      0.08      0.07
      0.04      0.02      0.07
      0.01     -0.04      0.01
     -0.03     -0.04      0.01
     -0.05     -0.04      0.07
     -0.05     -0.04      0.07
     -0.03     -0.04      0.07
     -0.02      0.02      0.01
      0.01      0.02      0.01
      0.03      0.02     -0.05
      0.03      0.02      0.01
      0.03      0.02      0.01
      0.01      0.02      0.07
     -0.00     -0.04      0.07
     -0.00      0.02      0.07
     -0.00     -0.04      0.01
     -0.00      0.02      0.01
     -0.00      0.02      0.01
     -0.00      0.02      0.01
     -0.00      0.02      0.07
     -0.00      0.02      0.07
     -0.00      0.02      0.07
     -0.00      0.02      0.01
     -0.02      0.02      0.01
     -0.02      0.02      0.01
     -0.02     -0.04      0.01
     -0.02     -0.04      0.01
     -0.03     -0.04      0.01
     -0.03     -0.04      0.01
     -0.00     -0.04      0.07
      0.01      0.02      0.07
      0.01      0.02      0.01
     -0.00      0.08      0.01
     -0.00      0.02     -0.05
     -0.00      0.02      0.01
      0.01      0.02      0.01
      0.01      0.02      0.07
     -0.00      0.02      0.07
     -0.00      0.02      0.01
     -0.00      0.02      0.01
      0.01      0.02      0.01
      0.03     -0.04     -0.05
      0.04     -0.04      0.01
      0.03     -0.04      0.01
     -0.00     -0.04      0.01
     -0.02      0.02      0.07
     -0.02      0.08      0.07
     -0.00      0.08      0.01
      0.01      0.08      0.01
      0.03      0.02      0.01
      0.03      0.02      0.01
      0.01      0.02      0.01
     -0.02     -0.04      0.01
     -0.03     -0.04      0.01
     -0.03     -0.04      0.07
     -0.02      0.02      0.07
     -0.00      0.02      0.07
      0.03      0.02      0.01
      0.03      0.08      0.01
      0.01      0.02      0.01
     -0.00      0.02      0.01
     -0.02      0.02      0.01
     -0.02     -0.04      0.01
     -0.00     -0.04      0.01
      0.03     -0.04      0.01
      0.03     -0.04      0.01
      0.03      0.02      0.01
      0.01      0.02      0.01
     -0.02      0.02      0.01
     -0.02      0.02      0.01
     -0.00     -0.04      0.01
      0.01     -0.04      0.01
      0.01      0.02      0.01
      0.01      0.02      0.01
      0.01      0.02      0.07
      0.01      0.02      0.01
     -0.00      0.02      0.01
     -0.00     -0.04      0.01
      0.01     -0.04      0.01
      0.01     -0.04      0.01
      0.01     -0.04      0.01
     -0.02      0.02      0.01
     -0.02      0.08      0.01
     -0.02      0.08      0.01
     -0.00      0.02      0.01
      0.01      0.02      0.01
      0.01     -0.04      0.01
     -0.00     -0.04      0.01
     -0.03     -0.04      0.01
     -0.03      0.02      0.01
     -0.02      0.02      0.01
      0.01      0.02      0.01
      0.03      0.02      0.01
      0.03      0.02      0.01
     -0.00      0.02      0.01
     -0.02     -0.04      0.01
     -0.02     -0.04      0.01
     -0.00     -0.04      0.01
      0.01     -0.04      0.01
      0.01     -0.04      0.01
     -0.00      0.02      0.01
     -0.00      0.02      0.07
     -0.00      0.02      0.07
      0.01      0.02      0.01
      0.01      0.02     -0.05
      0.01     -0.04      0.01
      0.01     -0.04     -0.05
     -0.02      0.02      0.01
     -0.03      0.02      0.01
     -0.03      0.02      0.01
     -0.02      0.02      0.07
      0.01      0.02      0.01
      0.01      0.02      0.01
     -0.00      0.02      0.01
     -0.03      0.02      0.01
     -0.02      0.02      0.01
     -0.02     -0.04      0.01
     -0.00      0.02      0.01
     -0.00      0.02      0.01
     -0.00      0.02      0.01
     -0.00      0.02      0.01
     -0.00      0.02      0.01
     -0.00      0.02      0.01
      0.01      0.02      0.01
      0.01      0.02      0.01
      0.03      0.02      0.01
      0.01      0.02      0.01
      0.01     -0.04      0.01
     -0.02     -0.04      0.01
     -0.02     -0.04      0.01
     -0.02     -0.04      0.01
     -0.00      0.02      0.07
     -0.00      0.02      0.07
      0.01      0.02      0.07
      0.03      0.02      0.01
      0.03      0.02     -0.05
      0.01      0.02     -0.05
     -0.00      0.02      0.01
     -0.00      0.02      0.01
     -0.00      0.02      0.07
      0.03      0.02      0.07
      0.04      0.02      0.07
      0.03      0.02      0.07
     -0.00     -0.04      0.01
     -0.02     -0.04      0.01
     -0.00     -0.04      0.01
     -0.00     -0.04      0.01
      0.01      0.02      0.07
     -0.00      0.08      0.07
      0.01      0.08      0.07
      0.01      0.02      0.01
      0.01      0.02     -0.05
      0.03     -0.04      0.01
      0.03     -0.10      0.01
     -0.00     -0.04      0.01
     -0.03     -0.04      0.07
     -0.03      0.02      0.07
     -0.02      0.02      0.01
      0.03      0.08      0.01
      0.04      0.08      0.01
      0.04      0.08      0.01
      0.01      0.02      0.07
     -0.00      0.02      0.01
     -0.00     -0.04      0.01
      0.01     -0.04      0.01
      0.03     -0.04      0.01
      0.03     -0.04      0.01
      0.03      0.02      0.01
      0.03      0.08      0.01
      0.03      0.08      0.01
      0.01      0.02      0.01
     -0.00      0.02      0.01
     -0.00     -0.04      0.01
      0.01     -0.04      0.01
      0.01     -0.04      0.01
      0.01     -0.04      0.01
     -0.00      0.02      0.01
     -0.02      0.02      0.07
     -0.00      0.02      0.07
      0.01      0.02      0.01
      0.01      0.02      0.01
      0.01      0.02      0.01
     -0.00      0.02      0.01
     -0.00      0.02      0.01
      0.01      0.02      0.01
      0.03      0.02      0.01
      0.01     -0.04      0.01
     -0.00     -0.04     -0.05
     -0.00     -0.04      0.01
     -0.02      0.02      0.01
     -0.02      0.02      0.01
     -0.02      0.02      0.07
     -0.02      0.08      0.07
     -0.02      0.02      0.01
     -0.02      0.02      0.01
      0.01      0.02      0.01
      0.03     -0.04      0.01
      0.03     -0.04      0.01
      0.01     -0.04      0.01
     -0.00     -0.04     -0.05
     -0.03     -0.04      0.01
     -0.02      0.02      0.01
     -0.00      0.02      0.01
      0.03      0.02      0.01
      0.01      0.02      0.07
     -0.00      0.02      0.01
     -0.00      0.02      0.01
     -0.02      0.02      0.01
     -0.02      0.02      0.01
     -0.02      0.02      0.01
      0.01      0.02      0.01
      0.01     -0.04      0.01
      0.01     -0.04     -0.05
      0.01      0.02     -0.05
     -0.00      0.02      0.01
     -0.00      0.02      0.01
     -0.00      0.02      0.01
     -0.02      0.02      0.01
     -0.02     -0.04      0.01
     -0.02     -0.04      0.01
     -0.00     -0.04      0.01
     -0.00     -0.04      0.01
     -0.00      0.02      0.01
      0.01      0.02      0.01
      0.01      0.02      0.07
     -0.00      0.02      0.01
     -0.02      0.02      0.01
     -0.02      0.02      0.01
     -0.02      0.02      0.01
     -0.00      0.02      0.01
      0.01      0.02      0.01
      0.01     -0.04      0.01
     -0.00     -0.04      0.01
     -0.00      0.02      0.01
     -0.02      0.02      0.01
     -0.02      0.02      0.01
     -0.00      0.02      0.01
      0.01      0.02      0.01
      0.01      0.02      0.01
      0.01      0.02      0.01
     -0.00      0.02      0.01
     -0.02     -0.04      0.01
     -0.02     -0.04      0.01
     -0.02     -0.04      0.01
      0.01      0.02      0.01
      0.03      0.02      0.01
      0.01      0.02      0.01
      0.01      0.02      0.01
     -0.00      0.02      0.07
     -0.02      0.02      0.01
     -0.00      0.02     -0.05
      0.01      0.02     -0.05
      0.01      0.02      0.01
      0.01      0.02      0.07
      0.01      0.02      0.07
     -0.00     -0.04      0.07
      0.01     -0.04      0.07
     -0.00     -0.04      0.07
      0.01     -0.04      0.01
      0.03      0.02      0.01
      0.01      0.02      0.01
     -0.00      0.02      0.01
     -0.00      0.02      0.01
      0.01      0.02      0.07
      0.01      0.02      0.01
      0.01     -0.04      0.01
     -0.00     -0.04      0.01
      0.01     -0.04      0.01
      0.01     -0.04      0.01
      0.01      0.02     -0.05
      0.01      0.02      0.01
     -0.00      0.02      0.01
     -0.00      0.02      0.01
     -0.02      0.02      0.01
     -0.02      0.02      0.01
     -0.00     -0.04      0.07
     -0.00     -0.04      0.01
     -0.02      0.02      0.07
     -0.00      0.02      0.01
      0.01      0.02      0.01
      0.01      0.02      0.01
      0.01      0.02      0.01
      0.01      0.02      0.01
      0.01     -0.04      0.01
      0.01     -0.04      0.01
      0.01     -0.04      0.01
      0.01      0.02      0.01
     -0.00      0.02      0.01
     -0.00      0.08      0.01
      0.01      0.08      0.01
      0.03      0.02      0.01
      0.03      0.02      0.01
     -0.00      0.02      0.01
     -0.02     -0.04      0.07
     -0.03     -0.04      0.07
     -0.03     -0.04      0.01
     -0.02     -0.04      0.01
     -0.00     -0.04     -0.05
      0.03      0.02     -0.05
      0.03      0.02      0.01
      0.01      0.02      0.01
     -0.00      0.02      0.07
     -0.02      0.02      0.07
     -0.02      0.02      0.01
     -0.02     -0.04      0.01
     -0.02     -0.04      0.01
     -0.00     -0.04     -0.05
     -0.00     -0.04     -0.05
     -0.00     -0.04      0.01
      0.01     -0.04      0.01
      0.03      0.02      0.07
      0.01      0.02      0.07
     -0.00      0.02      0.07
     -0.03      0.02      0.01
     -0.02      0.02      0.01
     -0.00     -0.04     -0.05
      0.01     -0.04     -0.05
      0.03      0.02     -0.05
      0.03      0.02      0.01
      0.01      0.02      0.07
     -0.02      0.02      0.07
     -0.02      0.02      0.01
     -0.02     -0.04      0.01
     -0.00     -0.04     -0.05
      0.01     -0.04     -0.05
     -0.00      0.02      0.01
     -0.00      0.02      0.01
     -0.02      0.08      0.01
     -0.02      0.08      0.07
     -0.00      0.02      0.01
      0.01     -0.04      0.01
      0.01     -0.04      0.01
     -0.00     -0.04      0.01
     -0.03     -0.04      0.01
     -0.05      0.02      0.01
     -0.05      0.02      0.07
     -0.00      0.02      0.07
      0.03      0.02      0.07
      0.03      0.02      0.01
      0.01      0.02     -0.05
     -0.00      0.02      0.01
     -0.00      0.02      0.01
     -0.00      0.02      0.07
     -0.00      0.02      0.07
     -0.00     -0.04      0.01
     -0.00     -0.04     -0.05
     -0.02     -0.04      0.01
     -0.00     -0.04     -0.05
      0.01      0.02      0.01
      0.03      0.02      0.01
      0.03      0.02      0.07
      0.01      0.02      0.07
      0.01      0.02      0.07
     -0.00     -0.04      0.01
      0.01     -0.04      0.01
      0.01     -0.04      0.01
      0.01     -0.04      0.01
      0.03      0.02      0.01
      0.03      0.08      0.01
      0.01      0.08      0.07
     -0.00      0.08      0.07
     -0.02      0.02      0.01
     -0.02      0.02      0.01
     -0.02     -0.04      0.01
     -0.02     -0.04      0.01
      0.01     -0.04      0.01
      0.01     -0.04      0.01
      0.01     -0.04      0.01
      0.01      0.02      0.01
      0.01      0.08      0.01
     -0.00      0.08      0.01
      0.01      0.02      0.01
      0.03      0.02      0.07
      0.03     -0.04      0.07
      0.03     -0.04      0.07
      0.03     -0.04      0.01
      0.01     -0.04      0.01
      0.01     -0.04      0.01
     -0.00      0.02      0.01
      0.01      0.02      0.01
      0.03      0.08      0.07
      0.03      0.08      0.07
      0.01      0.02      0.07
     -0.00      0.02      0.01
     -0.00      0.02      0.01
     -0.00     -0.04      0.01
      0.01     -0.04      0.01
      0.03     -0.04      0.07
      0.01      0.02      0.07
     -0.00      0.02      0.07
     -0.00     -0.04      0.01
      0.01      0.02     -0.05
      0.03      0.02     -0.05
      0.01      0.02      0.01
     -0.00      0.08      0.07
     -0.02      0.02      0.07
     -0.03     -0.04      0.01
     -0.03     -0.04      0.01
     -0.00     -0.04     -0.05
      0.01      0.02      0.01
      0.04      0.02      0.01
      0.03      0.08      0.07
      0.03      0.08      0.01
      0.01      0.02      0.01
     -0.00      0.02      0.01
     -0.00     -0.04      0.01
      0.01     -0.10      0.01
     -0.00     -0.04      0.01
     -0.00      0.02      0.01
     -0.00      0.08      0.01
     -0.02      0.08      0.07
     -0.00      0.02      0.01
     -0.00      0.02      0.01
      0.01      0.02      0.01
      0.03     -0.04      0.01
      0.04     -0.04     -0.05
      0.03     -0.04     -0.05
     -0.00     -0.04     -0.05
     -0.03     -0.04      0.01
     -0.03      0.02      0.01
     -0.02      0.02      0.01
     -0.00      0.02      0.07
      0.01      0.02      0.07
      0.03      0.02      0.01
      0.03      0.02      0.01
      0.03      0.02      0.01
     -0.00     -0.04      0.01
     -0.02     -0.04      0.01
     -0.03     -0.04      0.01
     -0.03      0.02      0.01
     -0.03     -0.04      0.01
     -0.02      0.02      0.01
     -0.00      0.02      0.01
      0.03      0.08      0.01
      0.03      0.02      0.01
      0.03      0.02      0.01
     -0.00     -0.04      0.01
     -0.00     -0.04      0.01
     -0.00     -0.04      0.01
     -0.02     -0.04      0.01
     -0.02     -0.04      0.07
     -0.02      0.02      0.01
     -0.00      0.02      0.01
     -0.00      0.02      0.01
      0.01      0.02      0.01
     -0.00      0.02      0.01
      0.01      0.02      0.01
      0.01      0.02      0.01
      0.01      0.02      0.01
      0.01     -0.04      0.01
      0.01      0.02      0.01
      0.01      0.02      0.07
      0.01     -0.04      0.07
     -0.00     -0.04      0.01
     -0.00      0.02      0.01
     -0.00      0.02      0.01
      0.01      0.02      0.01
      0.03      0.08      0.01
      0.03      0.08      0.01
      0.01      0.02      0.07
     -0.02      0.02      0.07
     -0.02     -0.04      0.07
     -0.00     -0.10      0.01
      0.01     -0.10      0.01
      0.01     -0.04      0.01
      0.01      0.02      0.01
      0.01      0.02      0.01
      0.01      0.08      0.07
     -0.00      0.02      0.07
     -0.00      0.02      0.01
     -0.00      0.02      0.01
      0.01      0.02      0.01
      0.01      0.02      0.01
      0.01      0.02      0.07
     -0.00      0.02      0.07
     -0.00      0.02      0.07
     -0.00     -0.04      0.07
      0.01     -0.04      0.01
      0.01      0.02      0.01
      0.03      0.02      0.01
      0.01      0.02      0.01
      0.01      0.02      0.01
     -0.02      0.02      0.01
     -0.02      0.02      0.07
      0.01      0.02      0.07
      0.03      0.02      0.07
      0.04      0.02      0.01
      0.04      0.02      0.01
     -0.00      0.02      0.01
     -0.02      0.02      0.01
     -0.02      0.02      0.01
     -0.00      0.02      0.01
      0.03     -0.04      0.01
      0.03      0.02      0.01
      0.03      0.02      0.07
     -0.00      0.02      0.01
     -0.02      0.02      0.01
     -0.00      0.02      0.01
      0.01      0.02      0.01
      0.03      0.02      0.01
      0.03      0.02      0.01
     -0.00      0.02      0.01
     -0.02      0.02      0.01
     -0.02     -0.04      0.01
     -0.00      0.02      0.01
      0.01      0.02      0.01
      0.04      0.02      0.01
      0.04      0.02      0.01
      0.03      0.02      0.01
     -0.00      0.02      0.01
     -0.02     -0.04      0.01
     -0.02     -0.04      0.01
     -0.00     -0.04      0.01
      0.01      0.02      0.01
      0.01      0.02      0.01
      0.01      0.02      0.01
      0.01      0.02      0.01
     -0.00      0.02      0.01
     -0.00      0.02      0.01
      0.01      0.02      0.01
      0.01      0.02      0.01
      0.01      0.02      0.01
     -0.00      0.02      0.01
     -0.00      0.02      0.01
     -0.00      0.02      0.01
      0.01      0.02      0.01
      0.01      0.02      0.01
      0.01      0.02      0.01
     -0.00      0.02      0.01
     -0.02     -0.04      0.01
     -0.02     -0.04      0.01
     -0.02     -0.04     -0.05
     -0.00     -0.04      0.01
      0.01      0.02      0.01
      0.03      0.02      0.01
      0.03      0.02      0.01
      0.01      0.02      0.01
     -0.00      0.02      0.01
     -0.00      0.02      0.01
      0.01      0.02      0.01
     -0.00     -0.04      0.01
     -0.00     -0.04      0.01
     -0.00     -0.04      0.01
     -0.02     -0.04     -0.05
     -0.00      0.02      0.01
      0.01      0.02      0.01
     -0.00      0.02      0.01
     -0.00      0.08      0.01
      0.01      0.02      0.01
      0.01     -0.04      0.01
      0.01     -0.04      0.01
      0.01     -0.04      0.01
     -0.00     -0.04      0.01
     -0.02     -0.04      0.01
     -0.02      0.02      0.01
     -0.00      0.02      0.01
     -0.00      0.08      0.01
      0.01      0.02      0.01
     -0.00      0.02      0.01
     -0.00      0.02      0.01
     -0.02     -0.04      0.01
     -0.02     -0.04      0.01
     -0.00     -0.04      0.01
     -0.00     -0.04      0.01
     -0.00     -0.04      0.01
      0.01      0.02      0.01
      0.03      0.02      0.01
      0.03      0.02      0.07
      0.03      0.02      0.01
      0.01      0.02      0.01
      0.01     -0.04      0.01
      0.01     -0.04     -0.05
      0.01     -0.04      0.01
     -0.00      0.02      0.01
      0.01      0.02      0.07
     -0.00      0.02      0.07
     -0.00      0.02      0.01
      0.01      0.02      0.01
      0.03     -0.04      0.01
      0.03     -0.04      0.01
      0.03     -0.04      0.01
      0.01      0.02      0.01
      0.01      0.02      0.01
      0.01      0.02      0.07
      0.01      0.02      0.01
      0.01      0.02      0.01
      0.01      0.02      0.01
     -0.02      0.02      0.01
     -0.02      0.02      0.01
     -0.00      0.02      0.01
      0.01      0.02      0.01
      0.03      0.02      0.01
      0.01      0.02      0.01
      0.01      0.02      0.07
      0.01      0.02      0.01
      0.01     -0.04      0.01
      0.01     -0.04      0.01
      0.01     -0.04      0.01
     -0.00     -0.04      0.01
     -0.02      0.02      0.01
     -0.02      0.02      0.01
     -0.00      0.02      0.01
      0.03      0.02      0.07
      0.04      0.02      0.01
      0.04      0.02      0.01
      0.01     -0.04      0.01
     -0.02     -0.04      0.01
     -0.02      0.02      0.01
     -0.02     -0.04      0.01
     -0.00      0.02      0.01
      0.03      0.02      0.01
      0.04      0.02      0.01
      0.04      0.02      0.01
      0.03      0.02      0.01
      0.01      0.02      0.01
     -0.00      0.02      0.07
     -0.00      0.02      0.07
     -0.00      0.02      0.07
     -0.00     -0.04      0.01
      0.01     -0.04      0.01
      0.01     -0.04      0.01
     -0.00     -0.04      0.01
     -0.00      0.02      0.01
     -0.00      0.02      0.01
      0.01      0.02      0.01
      0.01      0.02      0.01
      0.01      0.02      0.01
      0.01      0.02      0.01
      0.01      0.02      0.01
      0.01      0.02      0.01
      0.01     -0.04      0.01
     -0.00     -0.04      0.01
     -0.00     -0.04      0.01
      0.01      0.02      0.01
      0.03      0.02      0.01
      0.01      0.02      0.01
     -0.00      0.02      0.01
     -0.00      0.02      0.01
     -0.02     -0.04     -0.05
     -0.02      0.02      0.01
     -0.00      0.02      0.01
     -0.00      0.02      0.01
     -0.00      0.02      0.01
     -0.00     -0.04      0.01
     -0.00      0.02      0.01
     -0.00      0.02      0.01
     -0.00      0.02      0.01
     -0.00      0.02      0.01
     -0.02      0.02      0.07
     -0.02      0.02      0.01
     -0.00      0.02      0.01
     -0.00      0.02      0.01
      0.01     -0.04     -0.05
      0.01      0.02      0.01
     -0.00      0.02      0.01
      0.01      0.02      0.01
     -0.00      0.02      0.01
     -0.00      0.02      0.01
     -0.00      0.02      0.01
      0.01      0.02      0.01
      0.01      0.02      0.01
      0.01      0.02      0.01
      0.01      0.02      0.01
     -0.00      0.02      0.01
     -0.00     -0.04      0.01
     -0.00      0.02     -0.05
     -0.02      0.02      0.01
     -0.00      0.02      0.01
     -0.00      0.02      0.01
     -0.00      0.02      0.01
     -0.00      0.02      0.07
     -0.00      0.02      0.01
      0.01      0.02      0.07
      0.01      0.02      0.01
      0.01      0.02      0.01
     -0.00      0.02      0.01
     -0.02      0.02      0.01
     -0.02     -0.04      0.01
     -0.02     -0.04      0.01
     -0.00      0.02      0.07
     -0.00      0.02      0.07
      0.01      0.02      0.01
      0.04      0.02      0.01
      0.04      0.02      0.01
      0.03      0.02      0.01
      0.01      0.02      0.01
     -0.00      0.02      0.01
      0.01      0.02      0.01
      0.03      0.02      0.01
      0.04      0.02      0.01
      0.04      0.02      0.01
      0.01      0.02      0.07
     -0.00      0.02      0.07
     -0.00      0.02      0.07
     -0.00      0.02      0.07
      0.01      0.02      0.01
     -0.00      0.02      0.01
     -0.00      0.02      0.01
      0.01      0.02      0.01
      0.04      0.02      0.01
      0.04      0.02      0.07
      0.01      0.02      0.01
     -0.00      0.02      0.01
     -0.02      0.02      0.01
     -0.00      0.02      0.01
      0.01      0.02      0.01
      0.03      0.02      0.01
      0.03      0.02      0.01
      0.03      0.02      0.01
      0.01      0.02      0.01
     -0.00      0.02      0.01
     -0.02      0.02      0.01
     -0.02      0.02      0.01
     -0.00      0.02      0.01
     -0.00      0.02      0.01
      0.01      0.02      0.01
      0.03      0.02      0.01
      0.03      0.02      0.01
      0.01      0.02      0.01
      0.01      0.02      0.01
     -0.00     -0.04      0.01
     -0.00     -0.04      0.01
      0.01     -0.04      0.01
     -0.00     -0.04     -0.05
     -0.00      0.02     -0.05
     -0.00      0.02      0.01
      0.01      0.02      0.01
      0.03      0.02      0.01
      0.03      0.02      0.01
     -0.00      0.02      0.01
     -0.00      0.02      0.01
     -0.02      0.02      0.01
     -0.00      0.02      0.07
     -0.00      0.02      0.01
     -0.00      0.02      0.01
     -0.00      0.02     -0.05
      0.01     -0.04      0.01
     -0.00     -0.04      0.01
     -0.00     -0.04      0.01
     -0.00     -0.04      0.01
      0.01      0.02      0.01
      0.03      0.02      0.01
      0.01      0.02      0.01
     -0.00      0.02      0.01
     -0.02      0.02      0.01
     -0.02      0.02      0.01
     -0.02     -0.04      0.01
     -0.00     -0.04      0.01
      0.01      0.02      0.01
      0.01      0.02     -0.05
     -0.00      0.02     -0.05
     -0.02      0.02      0.01
     -0.00      0.02      0.01
     -0.00      0.02      0.01
      0.01      0.02      0.07
      0.03      0.02      0.01
      0.01     -0.04      0.01
      0.01     -0.04      0.01
      0.01     -0.04      0.01
      0.01     -0.04      0.01
     -0.00      0.02      0.01
     -0.00      0.02      0.01
     -0.02      0.02      0.07
     -0.02      0.02      0.07
     -0.00      0.02      0.07
      0.01      0.02      0.01
      0.01      0.02      0.01
     -0.00      0.02      0.01
     -0.02      0.02      0.01
     -0.02      0.02      0.01
     -0.02      0.02      0.01
     -0.02      0.02      0.01
     -0.00     -0.04      0.01
      0.01     -0.04      0.01
      0.01     -0.04      0.01
      0.01      0.02      0.01
     -0.00      0.02      0.07
     -0.02      0.02      0.07
     -0.03      0.02      0.01
     -0.02     -0.04      0.01
     -0.00     -0.04      0.01
      0.01      0.02     -0.05
      0.01      0.02      0.01
      0.01      0.08      0.01
      0.01      0.08      0.01
      0.01      0.02      0.01
      0.01     -0.04      0.01
      0.01     -0.04      0.01
      0.01     -0.04      0.01
     -0.00     -0.04      0.01
     -0.02      0.02      0.07
     -0.02      0.02      0.01
     -0.00      0.08      0.07
      0.01      0.02      0.07
      0.04      0.02      0.01
      0.03      0.02      0.01
      0.01      0.02      0.01
      0.01      0.02      0.01
      0.01      0.02      0.01
      0.01      0.02      0.01
     -0.00     -0.04      0.07
     -0.00      0.02      0.01
     -0.02      0.02      0.01
     -0.02      0.02      0.01
     -0.00      0.02      0.01
      0.01      0.02      0.01
      0.03      0.02      0.01
      0.03      0.02      0.01
      0.01      0.02      0.07
     -0.00      0.02      0.01
     -0.00      0.02      0.07
     -0.00      0.02      0.07
      0.03      0.02      0.07
      0.03      0.02      0.01
      0.03      0.02      0.01
      0.03      0.02      0.01
      0.03     -0.04     -0.05
     -0.00     -0.04      0.01
     -0.02      0.02      0.01
     -0.03     -0.04      0.07
     -0.02      0.02      0.01
      0.01      0.02      0.01
      0.04      0.02      0.01
      0.04      0.02      0.01
      0.01      0.02      0.01
     -0.02      0.02      0.01
     -0.03     -0.04      0.01
     -0.02      0.02      0.01
     -0.02      0.02      0.01
      0.01      0.02      0.01
      0.01      0.02      0.01
      0.03      0.02      0.01
      0.01      0.02      0.01
     -0.00      0.02      0.01
     -0.00      0.02      0.01
     -0.00     -0.04      0.01
     -0.00     -0.04      0.01
      0.01      0.02      0.01
     -0.00      0.02      0.01
     -0.02      0.02      0.01
     -0.02      0.02      0.01
     -0.02      0.02      0.01
     -0.02      0.02      0.01
     -0.00     -0.04      0.01
     -0.00      0.02      0.01
     -0.02      0.02      0.01
     -0.03      0.02      0.01
     -0.03      0.02      0.01
     -0.00      0.02      0.01
      0.03      0.02      0.01
      0.01      0.02      0.01
      0.01      0.02      0.01
     -0.00      0.02      0.01
     -0.00      0.02      0.01
      0.01      0.02      0.01
      0.01      0.02      0.01
      0.01      0.02      0.01
      0.01      0.02     -0.05
      0.01      0.02      0.01
      0.01      0.02      0.01
     -0.00      0.02      0.01
      0.01      0.02      0.01
     -0.00      0.02      0.01
     -0.02      0.02      0.07
     -0.02      0.02      0.07
     -0.02      0.02      0.01
     -0.02      0.02      0.01
     -0.02     -0.04      0.01
     -0.00     -0.04     -0.05
     -0.02      0.02     -0.05
     -0.02      0.02     -0.05
     -0.02      0.02      0.01
     -0.00      0.02      0.01
      0.01      0.02      0.01
      0.01      0.02      0.01
      0.03      0.02      0.01
      0.01      0.02      0.01
     -0.00      0.02      0.01
     -0.03     -0.04      0.01
     -0.03     -0.04      0.01
     -0.02     -0.04      0.01
     -0.00      0.02      0.01
      0.01      0.02      0.01
      0.01      0.02      0.01
      0.01      0.02      0.01
     -0.00      0.02      0.01
     -0.00      0.02      0.01
     -0.00      0.02      0.01
     -0.00     -0.04      0.01
     -0.00      0.02      0.01
     -0.00      0.02      0.01
     -0.00     -0.04      0.01
     -0.00      0.02      0.01
     -0.00      0.02      0.01
      0.01      0.02      0.01
      0.01      0.02      0.01
     -0.00      0.02      0.01
     -0.00      0.08      0.01
     -0.00      0.02      0.01
      0.01      0.02      0.01
      0.01      0.02      0.01
     -0.00     -0.04      0.01
     -0.00     -0.04      0.01
     -0.02     -0.04      0.01
      0.01      0.02      0.01
      0.01      0.02      0.07
      0.03      0.02      0.01
      0.03      0.08      0.01
      0.01      0.02      0.01
      0.01      0.02      0.01
      0.01      0.02      0.01
     -0.00      0.02      0.01
     -0.02      0.02      0.07
     -0.02     -0.04      0.07
     -0.00      0.02      0.01
     -0.00     -0.04      0.01
      0.03     -0.04      0.01
      0.03      0.02      0.01
      0.03      0.02      0.01
      0.01      0.02      0.01
      0.03      0.02      0.07
      0.01      0.02      0.07
      0.01      0.02      0.07
      0.01      0.02      0.01
      0.01     -0.04      0.01
      0.01      0.02      0.01
     -0.00      0.02      0.01
     -0.00      0.02      0.01
      0.01      0.02      0.01
      0.03      0.02      0.07
      0.03      0.02      0.07
      0.03      0.02      0.01
     -0.00     -0.04      0.01
     -0.00     -0.04      0.01
     -0.00      0.02      0.01
     -0.00      0.02      0.01
     -0.00      0.02      0.01
     -0.00      0.02      0.01
     -0.02      0.02      0.01
     -0.02      0.02      0.01
     -0.00      0.02      0.01
     -0.00     -0.04      0.01
     -0.00     -0.04      0.01
      0.01      0.02      0.01
      0.01      0.02      0.01
      0.01      0.02      0.01
      0.01      0.02      0.01
      0.01      0.02      0.01
      0.01      0.02      0.01
      0.01      0.02      0.01
      0.01      0.02      0.01
      0.01      0.02      0.01
      0.01      0.02      0.01
      0.01      0.02      0.01
      0.01      0.02      0.01
     -0.00      0.02      0.01
     -0.02      0.02      0.01
     -0.02     -0.04      0.01
     -0.02     -0.04      0.01
     -0.02     -0.04      0.01
     -0.02      0.02      0.01
     -0.02      0.02      0.01
     -0.02      0.08      0.01
     -0.00      0.02      0.01
      0.01     -0.04      0.01
      0.03      0.02      0.01
      0.03     -0.04      0.01
      0.01     -0.04      0.01
     -0.00      0.02      0.01
     -0.00      0.02      0.01
      0.01      0.02      0.01
      0.01      0.02      0.01
      0.01      0.02      0.01
     -0.00      0.02      0.01
     -0.02      0.02     -0.05
     -0.02      0.02      0.01
     -0.02      0.02      0.01
