********************************************************************************
              CENTRO DE INSTRUMENTACION Y REGISTRO SISMICO  A.C.

    Anaxagoras 814, Col. Narvarte, Benito Juarez, C.P. 03020 Mexico, D.F.
           Tels. 5687 45 42/ 5687 45  82             Fax. 5669 25 12
********************************************************************************
ARCHIVO ESTANDAR DE ACELERACION:
VERSION DEL FORMATO                    : 2.0
NOMBRE DEL ARCHIVO                     : CA5920110505132407
FECHA Y HORA DE CREACION               : 27/ABR/20, 15:54
REF. CATALOGO ACELEROGRAMAS, SMIS 1996 : REGISTRO No.     /PAG.


================================================================================
DATOS DE LA ESTACION:
NOMBRE DE LA ESTACION                  : CANDELARIA
CLAVE DE LA ESTACION                   : CA59
LOCALIZACION DE LA ESTACION            : Del. Venustiano Carranza, Col.         
                                       : El Parque, Av. Congreso de la Unión    
                                       : Entre calles Sidar  y Cecilio Robelo.  
                                       :                                        
                                       : 
COORDENADAS DE LA ESTACION             : 19.4258 LAT. N
                                       : 99.1183 LONG. W
ALTITUD (msnm)                         : 2233
TIPO DE SUELO                          : Terreno blando, material compresible
                                       : (arcillas)                
                                       : 
INSTITUCION RESPONSABLE                : CIRES
                                       : 

================================================================================
DATOS DEL ACELEROGRAFO:
MODELO DEL ACELEROGRAFO                : RADESD
NUMERO DE SERIE DEL ACELEROGRAFO       : 181
NUMERO DE CANALES                      : 3
ORIENTACION C1-C6 (rumbo;orientacion)  : /S00E/+V/N90W
ORIENTACION C7-C12 (rumbo;orientacion) : 
VEL. DE MUESTREO, C1-C6 (muestras/s)   : /100/100/100
VEL. DE MUESTREO, C7-C12 (muestras/s)  : 
ESC. COMPLETA DE SENSORES, C1-C6, (g)  : /0.5/0.5/0.5
ESC. COMPLETA DE SENSORES, C7-C12, (g) : 
FREC. NAT. DE SENSORES, C1-C6, (Hz)    : /51.94/51.34/51.6
FREC. NAT. DE SENSORES, C7-C12, (Hz)   : 
AMORTIGUAMIENTO DE SENSORES, C1-C6     : /0.5912/0.5572/0.584
AMORTIGUAMIENTO DE SENSORES, C7-C12    : 
INTERVALO DE MUESTREO, C1-C6, (s)      : /0.01/0.01/0.01
INTERVALO DE MUESTREO, C7-C12, (s)     : 
UMBRAL DE DISPARO, C1-C6, (Gal)        : /0.72/1.92/0.72
UMBRAL DE DISPARO, C7-C12, (Gal)       :
MEMORIA DE PREEVENTO (s)               : 56.0
TIEMPO DE POSEVENTO (s)                : 64.0


================================================================================
DATOS DEL SISMO:
FECHA DEL SISMO (GMT)                  : 05/MAY/11
HORA EPICENTRO (GMT)                   : 13:24:07.0
MAGNITUD(ES)                           : /Mc=5.5
COORDENADAS DEL EPICENTRO              : 16.61 LAT. N
                                       : 98.91 LONG. W
PROFUNDIDAD FOCAL (km)                 : 12
FUENTE DE LOS DATOS EPICENTRALES       : SSN
                                       : INSTITUTO DE GEOFISICA, UNAM

================================================================================
DATOS DE ESTE REGISTRO:
HORA DE LA PRIMERA MUESTRA (GMT)       : 13:25:20.00
EXACTITUD DEL TIEMPO (s)               : 0.01
DURACION DEL REGISTRO (s), C1-C6       : /225.5/225.5/225.5
DURACION DEL REGISTRO (s), C7-C12      : 
NUM. TOTAL DE MUESTRAS, C1-C6          : /22550/22550/22550
NUM. TOTAL DE MUESTRAS, C7-C12         : 
ACEL. MAX. (Gal), C1-C6                : /2.81418/1.56631/4.32017
ACEL. MAX., C1-C6, EN LA MUESTRA       : /6817/7511/6596
ACEL. MAX. (Gal), C7-C12               : 
ACEL. MAX., C7-C12, EN LA MUESTRA      : 
UNIDADES DE LOS DATOS                  : Gal (cm/s/s)
FACTOR DE DECIMACION                   : 1
FORMATO DATOS (FORTRAN,10 campos/dato) : 3F10.5


================================================================================
CALIDAD DEL ACELEROGRAMA:
REGISTRO DIGITAL COMPLETO CON TIEMPO ABSOLUTO CORRECTO.


================================================================================
COMENTARIOS:














================================================================================
DATOS DE ACELERACION:
---------+---------+---------+---------+---------+---------+---------+---------+
   CANAL-1   CANAL-2   CANAL-3   CANAL-4   CANAL-5   CANAL-6   CANAL-7   CANAL-8
      S00E        +V      N90W
---------+---------+---------+---------+---------+---------+---------+---------+
  -0.18056   0.10963  -0.01061
  -0.18056  -0.12979  -0.01061
  -0.18056  -0.12979  -0.01061
   0.05886  -0.12979  -0.01061
   0.05886  -0.12979  -0.01061
   0.05886  -0.12979  -0.01061
   0.05886  -0.12979  -0.25003
   0.05886  -0.12979  -0.25003
   0.05886  -0.12979  -0.01061
   0.05886  -0.12979  -0.01061
   0.05886  -0.12979  -0.01061
   0.05886  -0.12979  -0.01061
   0.05886   0.10963   0.22881
   0.05886   0.10963  -0.01061
   0.05886   0.10963   0.22881
   0.05886   0.10963  -0.01061
   0.05886   0.10963  -0.01061
   0.05886   0.10963  -0.01061
   0.05886   0.10963  -0.01061
   0.05886   0.10963  -0.01061
   0.05886   0.10963  -0.25003
   0.05886   0.10963  -0.01061
   0.05886   0.10963  -0.01061
   0.05886   0.10963   0.22881
   0.05886  -0.12979  -0.01061
   0.05886   0.10963  -0.01061
  -0.18056   0.10963  -0.01061
  -0.18056   0.10963   0.22881
  -0.18056   0.10963  -0.01061
   0.05886   0.34905  -0.25003
  -0.18056   0.10963   0.22881
   0.05886   0.10963  -0.01061
   0.05886   0.10963  -0.01061
   0.05886  -0.12979  -0.01061
   0.05886  -0.12979  -0.01061
  -0.18056  -0.12979   0.22881
   0.05886  -0.12979  -0.01061
   0.05886  -0.12979  -0.01061
  -0.18056  -0.12979  -0.01061
  -0.18056  -0.12979  -0.01061
   0.05886  -0.36921  -0.01061
   0.05886  -0.12979  -0.01061
   0.05886  -0.12979  -0.01061
  -0.18056  -0.12979  -0.01061
   0.05886  -0.12979  -0.01061
  -0.18056  -0.12979  -0.01061
   0.05886   0.10963   0.22881
   0.05886  -0.12979  -0.01061
   0.05886  -0.12979  -0.01061
   0.05886  -0.12979  -0.01061
   0.05886  -0.12979  -0.01061
   0.05886   0.10963  -0.01061
   0.05886   0.10963  -0.01061
   0.05886   0.10963  -0.01061
   0.05886  -0.12979  -0.01061
   0.05886   0.10963  -0.01061
   0.29828   0.10963  -0.01061
   0.05886  -0.12979  -0.01061
   0.05886   0.10963  -0.01061
   0.05886   0.10963   0.22881
   0.05886   0.10963  -0.01061
   0.05886  -0.12979  -0.01061
   0.05886   0.10963  -0.01061
   0.05886   0.10963  -0.25003
   0.05886   0.10963  -0.01061
   0.05886   0.10963  -0.01061
   0.05886   0.10963  -0.01061
   0.05886  -0.12979  -0.01061
   0.05886   0.10963  -0.01061
   0.05886   0.10963  -0.01061
   0.05886   0.10963  -0.01061
   0.05886   0.34905  -0.01061
   0.05886   0.10963  -0.01061
   0.05886   0.34905  -0.01061
   0.05886   0.10963  -0.01061
   0.05886   0.10963  -0.01061
   0.05886   0.10963   0.22881
   0.05886   0.10963  -0.01061
   0.05886   0.10963  -0.01061
  -0.18056   0.10963   0.22881
   0.05886   0.10963  -0.01061
   0.05886  -0.12979  -0.01061
   0.05886   0.10963  -0.01061
   0.05886   0.10963  -0.25003
   0.05886   0.10963  -0.01061
   0.05886   0.10963  -0.25003
   0.05886   0.10963  -0.01061
   0.05886   0.10963  -0.25003
   0.05886  -0.12979  -0.01061
   0.05886  -0.12979  -0.01061
   0.05886  -0.12979  -0.01061
   0.05886  -0.12979  -0.25003
   0.05886  -0.12979  -0.01061
   0.05886  -0.12979  -0.01061
   0.05886  -0.12979  -0.01061
   0.05886  -0.12979  -0.01061
   0.05886  -0.12979  -0.01061
   0.05886  -0.12979  -0.01061
   0.05886  -0.12979  -0.01061
   0.05886  -0.12979   0.22881
   0.05886  -0.12979  -0.01061
   0.05886  -0.12979  -0.01061
   0.05886   0.10963  -0.01061
  -0.18056  -0.12979  -0.01061
  -0.18056   0.10963  -0.01061
   0.05886   0.10963  -0.01061
   0.05886   0.10963  -0.01061
   0.05886   0.10963  -0.01061
   0.05886  -0.12979  -0.01061
   0.05886   0.10963  -0.01061
   0.05886  -0.12979  -0.01061
   0.05886  -0.12979  -0.01061
  -0.18056   0.10963  -0.01061
   0.05886  -0.12979  -0.01061
   0.05886  -0.12979  -0.01061
   0.05886  -0.12979  -0.01061
   0.05886   0.10963  -0.01061
   0.05886  -0.12979  -0.01061
   0.05886   0.10963  -0.25003
   0.05886  -0.12979  -0.01061
   0.05886  -0.12979  -0.01061
   0.05886  -0.12979  -0.01061
   0.05886  -0.12979  -0.01061
   0.05886   0.10963   0.22881
  -0.18056  -0.12979  -0.01061
   0.05886   0.10963  -0.01061
   0.05886   0.10963  -0.01061
   0.05886   0.10963  -0.01061
   0.05886   0.10963   0.22881
  -0.18056   0.10963  -0.01061
   0.05886   0.10963  -0.01061
   0.05886   0.10963  -0.01061
  -0.18056   0.10963   0.22881
   0.05886   0.10963  -0.01061
   0.05886   0.10963   0.22881
   0.05886   0.10963  -0.01061
   0.05886   0.34905  -0.01061
   0.05886   0.10963  -0.01061
   0.05886   0.10963  -0.01061
   0.05886   0.10963  -0.01061
   0.05886   0.10963  -0.01061
   0.05886   0.10963   0.22881
   0.05886   0.10963  -0.25003
   0.05886   0.10963  -0.01061
   0.05886   0.34905  -0.01061
   0.05886   0.10963  -0.01061
   0.05886   0.10963  -0.01061
  -0.18056   0.10963  -0.01061
   0.05886  -0.12979  -0.01061
   0.05886  -0.12979  -0.25003
   0.05886   0.10963  -0.01061
  -0.18056   0.10963  -0.01061
  -0.18056  -0.12979  -0.01061
   0.05886   0.10963  -0.01061
   0.05886  -0.12979  -0.01061
   0.05886   0.10963  -0.01061
   0.05886   0.10963  -0.01061
   0.05886  -0.12979  -0.01061
   0.05886  -0.12979  -0.01061
   0.05886  -0.12979  -0.01061
   0.05886  -0.12979  -0.25003
   0.05886  -0.12979  -0.01061
   0.05886  -0.12979  -0.01061
   0.05886  -0.12979  -0.01061
  -0.18056  -0.12979  -0.01061
   0.05886  -0.12979  -0.01061
   0.05886  -0.12979  -0.01061
   0.05886  -0.12979  -0.01061
   0.05886   0.10963  -0.01061
   0.05886   0.10963  -0.01061
  -0.18056  -0.12979  -0.01061
   0.05886  -0.12979  -0.01061
   0.05886  -0.12979  -0.01061
   0.05886   0.10963  -0.25003
   0.05886  -0.12979  -0.01061
   0.05886   0.10963  -0.01061
  -0.18056  -0.12979  -0.01061
  -0.18056   0.10963  -0.01061
   0.05886  -0.12979  -0.01061
   0.05886   0.10963  -0.01061
  -0.18056   0.10963  -0.01061
  -0.18056   0.10963  -0.01061
  -0.18056   0.10963  -0.01061
  -0.18056  -0.12979  -0.01061
  -0.18056   0.10963  -0.01061
  -0.18056   0.10963  -0.01061
   0.05886   0.10963  -0.01061
   0.05886   0.10963  -0.01061
  -0.18056   0.10963  -0.01061
  -0.18056  -0.12979  -0.01061
   0.05886  -0.12979  -0.01061
   0.05886  -0.12979  -0.25003
   0.05886   0.10963  -0.01061
   0.05886  -0.12979  -0.01061
   0.05886   0.10963  -0.01061
   0.05886  -0.12979  -0.01061
  -0.18056  -0.12979  -0.01061
   0.05886  -0.12979  -0.01061
   0.05886   0.10963  -0.01061
  -0.18056  -0.12979  -0.01061
   0.05886   0.10963  -0.01061
   0.05886   0.10963  -0.01061
   0.05886   0.10963  -0.01061
   0.05886   0.10963  -0.01061
   0.05886  -0.12979  -0.01061
   0.05886   0.10963  -0.01061
   0.05886   0.10963  -0.25003
   0.05886   0.10963  -0.01061
   0.05886   0.10963   0.22881
   0.05886   0.10963   0.22881
   0.05886   0.10963  -0.01061
   0.05886   0.10963  -0.01061
   0.05886   0.10963  -0.01061
   0.05886   0.10963  -0.01061
   0.05886   0.10963  -0.01061
   0.05886   0.10963  -0.25003
   0.05886   0.10963  -0.01061
   0.05886   0.10963  -0.01061
   0.05886  -0.12979  -0.01061
   0.05886   0.10963   0.22881
   0.05886  -0.12979  -0.01061
  -0.18056   0.10963  -0.01061
  -0.18056  -0.12979  -0.01061
   0.05886  -0.12979  -0.01061
  -0.18056  -0.36921  -0.01061
   0.05886  -0.12979  -0.01061
   0.05886  -0.12979  -0.25003
  -0.18056  -0.12979  -0.01061
  -0.18056  -0.12979  -0.01061
   0.05886  -0.12979  -0.01061
   0.05886  -0.12979  -0.01061
  -0.18056  -0.12979  -0.01061
  -0.18056  -0.12979  -0.01061
   0.05886  -0.12979  -0.01061
   0.05886  -0.12979  -0.01061
   0.05886  -0.12979  -0.25003
   0.05886   0.10963  -0.25003
   0.05886   0.10963  -0.01061
   0.05886   0.10963  -0.01061
   0.05886   0.10963  -0.01061
   0.05886  -0.12979  -0.01061
   0.05886   0.10963  -0.01061
   0.05886   0.10963  -0.01061
   0.05886   0.10963  -0.01061
   0.05886   0.10963  -0.01061
   0.05886   0.10963  -0.01061
   0.05886   0.10963  -0.01061
   0.05886   0.10963  -0.01061
  -0.18056   0.10963  -0.01061
   0.05886  -0.12979  -0.01061
   0.05886   0.10963  -0.01061
   0.05886   0.10963   0.22881
   0.05886  -0.12979  -0.01061
   0.05886  -0.12979   0.22881
  -0.18056  -0.12979  -0.01061
   0.05886  -0.12979  -0.01061
  -0.18056  -0.12979   0.22881
   0.05886  -0.12979  -0.01061
   0.05886  -0.12979   0.22881
   0.05886  -0.12979  -0.01061
   0.05886  -0.12979  -0.01061
   0.05886  -0.12979  -0.01061
   0.05886   0.10963  -0.01061
   0.05886   0.10963  -0.01061
  -0.18056   0.10963  -0.01061
  -0.18056   0.10963  -0.01061
   0.05886  -0.12979  -0.01061
  -0.18056  -0.12979  -0.01061
   0.05886  -0.12979  -0.01061
  -0.18056   0.10963  -0.01061
   0.05886   0.10963  -0.01061
   0.05886   0.10963  -0.01061
  -0.18056   0.10963  -0.01061
   0.05886   0.10963  -0.01061
   0.05886   0.10963  -0.01061
   0.05886   0.10963  -0.01061
   0.05886   0.10963  -0.01061
   0.05886   0.10963  -0.01061
   0.05886   0.10963  -0.01061
  -0.18056  -0.12979  -0.01061
   0.05886   0.10963  -0.25003
  -0.18056  -0.12979  -0.01061
   0.05886  -0.12979  -0.01061
   0.05886   0.10963  -0.01061
   0.05886  -0.12979  -0.25003
  -0.18056   0.10963  -0.01061
   0.05886   0.10963  -0.01061
   0.05886   0.10963  -0.01061
   0.05886   0.10963  -0.01061
  -0.18056   0.10963  -0.01061
   0.05886   0.10963  -0.01061
   0.05886   0.10963  -0.01061
   0.05886   0.10963  -0.01061
   0.05886   0.10963  -0.01061
   0.05886   0.10963  -0.01061
   0.05886   0.10963  -0.01061
   0.05886  -0.12979  -0.01061
   0.05886   0.10963  -0.01061
  -0.18056   0.10963  -0.01061
   0.05886   0.10963  -0.01061
   0.05886   0.10963   0.22881
   0.05886  -0.12979   0.22881
   0.05886   0.10963  -0.01061
  -0.18056  -0.12979  -0.01061
   0.05886   0.10963  -0.01061
   0.05886   0.10963  -0.01061
   0.05886  -0.12979  -0.01061
   0.05886  -0.12979  -0.01061
   0.05886  -0.12979  -0.01061
   0.05886  -0.12979  -0.01061
   0.05886  -0.12979  -0.01061
   0.05886  -0.36921  -0.01061
   0.05886  -0.12979  -0.01061
  -0.18056  -0.12979  -0.01061
   0.05886  -0.12979  -0.25003
   0.05886   0.10963  -0.01061
   0.05886   0.10963  -0.01061
   0.05886  -0.12979  -0.01061
   0.05886  -0.12979  -0.01061
   0.05886   0.10963  -0.01061
   0.05886  -0.12979  -0.01061
   0.05886  -0.12979  -0.01061
   0.05886   0.10963   0.22881
   0.05886   0.10963   0.22881
   0.05886   0.10963  -0.01061
   0.05886   0.10963  -0.01061
   0.05886   0.10963   0.22881
  -0.18056   0.10963   0.22881
   0.05886   0.10963  -0.01061
   0.05886   0.10963  -0.01061
   0.05886   0.10963  -0.01061
   0.05886   0.10963  -0.01061
  -0.18056   0.10963  -0.01061
   0.05886   0.10963  -0.01061
  -0.18056   0.10963  -0.01061
   0.05886  -0.12979  -0.01061
   0.05886   0.10963  -0.01061
  -0.18056  -0.12979  -0.25003
   0.05886  -0.12979  -0.01061
   0.05886   0.10963  -0.01061
   0.05886  -0.12979  -0.01061
   0.05886   0.10963   0.22881
   0.05886  -0.12979  -0.01061
   0.05886  -0.12979   0.22881
   0.29828  -0.12979   0.22881
   0.05886  -0.12979  -0.01061
   0.05886  -0.12979  -0.01061
   0.05886  -0.12979  -0.01061
   0.05886   0.10963  -0.01061
   0.05886  -0.12979  -0.01061
   0.05886  -0.12979  -0.01061
   0.05886  -0.12979   0.22881
   0.05886   0.10963  -0.01061
   0.05886   0.10963   0.22881
   0.05886   0.10963  -0.01061
   0.05886   0.10963  -0.25003
  -0.18056   0.10963  -0.01061
   0.05886   0.10963  -0.01061
   0.05886   0.10963  -0.01061
   0.05886   0.10963  -0.01061
  -0.18056   0.10963  -0.01061
   0.05886   0.10963   0.22881
   0.05886   0.10963   0.22881
  -0.18056   0.10963  -0.01061
  -0.18056  -0.12979  -0.01061
   0.05886   0.10963  -0.01061
  -0.18056   0.10963  -0.01061
   0.05886   0.10963  -0.01061
   0.05886   0.10963  -0.01061
  -0.18056   0.10963  -0.01061
   0.05886   0.10963  -0.01061
   0.05886  -0.12979  -0.01061
   0.05886  -0.12979  -0.01061
  -0.18056  -0.12979   0.22881
   0.05886  -0.12979  -0.01061
   0.05886  -0.12979  -0.01061
   0.05886  -0.12979  -0.01061
   0.05886   0.10963   0.22881
   0.05886   0.10963  -0.25003
   0.05886  -0.12979  -0.01061
   0.05886  -0.12979   0.22881
   0.05886  -0.12979  -0.01061
   0.05886  -0.12979  -0.01061
   0.05886   0.10963  -0.01061
   0.05886  -0.12979  -0.25003
   0.05886  -0.12979  -0.01061
   0.05886  -0.12979  -0.01061
   0.05886  -0.12979  -0.01061
   0.05886   0.10963  -0.25003
   0.05886   0.10963  -0.01061
   0.05886  -0.12979  -0.01061
   0.05886  -0.12979  -0.01061
   0.05886  -0.12979  -0.01061
   0.05886   0.10963   0.22881
   0.05886   0.10963  -0.01061
   0.05886  -0.12979  -0.01061
  -0.18056  -0.12979  -0.01061
  -0.18056  -0.12979   0.22881
   0.05886  -0.12979  -0.01061
   0.05886  -0.12979  -0.01061
   0.05886  -0.12979  -0.01061
   0.05886   0.10963  -0.01061
   0.05886   0.10963  -0.01061
   0.05886   0.10963  -0.01061
   0.05886   0.10963  -0.01061
   0.05886   0.10963  -0.01061
   0.05886   0.10963  -0.01061
   0.05886   0.10963  -0.01061
  -0.18056   0.10963  -0.01061
   0.05886  -0.12979  -0.01061
   0.05886   0.10963  -0.01061
   0.05886   0.10963  -0.01061
   0.05886   0.10963  -0.01061
   0.05886   0.10963  -0.01061
  -0.18056   0.10963   0.22881
   0.05886   0.10963  -0.01061
   0.05886   0.10963  -0.25003
   0.05886   0.10963  -0.25003
   0.05886   0.10963  -0.01061
   0.05886  -0.12979  -0.25003
   0.05886  -0.12979  -0.25003
   0.05886   0.10963  -0.01061
   0.05886  -0.12979  -0.01061
  -0.18056  -0.12979   0.22881
   0.05886  -0.12979  -0.01061
   0.05886   0.10963  -0.01061
   0.05886  -0.12979  -0.01061
   0.05886   0.10963  -0.01061
   0.05886  -0.12979  -0.01061
   0.05886   0.10963  -0.01061
   0.05886   0.10963  -0.25003
   0.05886  -0.12979  -0.01061
   0.05886   0.10963  -0.25003
   0.05886   0.10963  -0.01061
   0.05886  -0.12979  -0.01061
   0.05886   0.10963  -0.01061
   0.05886   0.10963  -0.01061
   0.05886   0.10963  -0.01061
   0.05886   0.10963  -0.01061
   0.05886   0.10963   0.22881
   0.05886   0.10963  -0.01061
   0.05886   0.10963   0.22881
  -0.18056   0.10963  -0.01061
  -0.18056   0.10963  -0.25003
   0.05886   0.10963  -0.01061
  -0.18056  -0.12979  -0.01061
  -0.18056  -0.12979  -0.01061
   0.05886  -0.12979  -0.25003
   0.05886   0.10963  -0.25003
  -0.18056   0.10963  -0.01061
  -0.18056   0.10963  -0.01061
   0.05886  -0.12979  -0.01061
   0.05886   0.10963  -0.25003
   0.05886   0.10963  -0.01061
   0.05886   0.10963  -0.01061
   0.05886   0.10963  -0.01061
   0.05886  -0.12979  -0.01061
  -0.18056   0.10963  -0.01061
   0.05886   0.10963  -0.25003
  -0.18056   0.10963  -0.01061
   0.05886  -0.12979  -0.01061
   0.05886   0.10963  -0.01061
   0.05886   0.10963  -0.01061
   0.05886   0.10963  -0.01061
   0.05886   0.10963  -0.01061
   0.05886   0.10963  -0.01061
   0.05886   0.10963  -0.01061
   0.05886   0.10963   0.22881
   0.05886   0.10963  -0.25003
   0.05886  -0.12979  -0.01061
   0.05886  -0.12979  -0.01061
   0.05886  -0.12979  -0.01061
   0.05886  -0.12979  -0.01061
   0.05886  -0.12979  -0.01061
   0.05886  -0.12979  -0.01061
   0.05886  -0.12979  -0.01061
   0.05886   0.10963  -0.01061
   0.05886  -0.12979  -0.01061
   0.05886  -0.12979   0.22881
   0.05886  -0.12979   0.22881
  -0.18056  -0.12979   0.22881
   0.05886  -0.12979  -0.01061
   0.05886  -0.12979   0.22881
   0.05886  -0.12979   0.22881
   0.05886   0.10963  -0.01061
   0.05886  -0.12979  -0.01061
   0.05886  -0.12979  -0.01061
  -0.18056  -0.12979  -0.01061
   0.05886   0.10963   0.22881
   0.05886  -0.12979  -0.01061
   0.05886   0.10963  -0.01061
   0.05886  -0.12979  -0.01061
   0.05886   0.10963  -0.01061
   0.05886   0.10963  -0.01061
   0.05886   0.10963  -0.01061
   0.05886   0.10963  -0.01061
   0.05886   0.10963  -0.01061
   0.05886   0.34905  -0.01061
   0.05886   0.10963  -0.01061
   0.05886   0.10963  -0.01061
   0.05886   0.10963  -0.01061
   0.05886   0.10963  -0.01061
  -0.18056   0.10963  -0.01061
   0.05886   0.10963  -0.01061
  -0.18056  -0.12979  -0.01061
   0.05886   0.10963  -0.25003
   0.05886  -0.12979  -0.01061
  -0.18056  -0.12979  -0.01061
   0.05886  -0.12979  -0.01061
  -0.18056   0.10963  -0.01061
  -0.18056  -0.12979  -0.01061
  -0.18056  -0.12979  -0.01061
   0.05886  -0.12979  -0.01061
   0.05886  -0.12979  -0.01061
  -0.18056  -0.12979  -0.01061
   0.05886  -0.12979  -0.01061
  -0.18056  -0.12979  -0.01061
   0.05886  -0.12979  -0.01061
   0.05886  -0.12979  -0.01061
   0.05886  -0.12979  -0.01061
   0.05886  -0.12979  -0.01061
   0.05886  -0.12979  -0.01061
   0.05886  -0.12979  -0.01061
   0.05886  -0.12979  -0.01061
   0.05886  -0.12979  -0.01061
   0.05886  -0.12979  -0.01061
   0.05886  -0.12979  -0.01061
   0.05886  -0.12979  -0.01061
   0.05886   0.10963   0.22881
   0.05886  -0.12979   0.22881
   0.05886   0.10963   0.22881
   0.05886   0.10963  -0.01061
  -0.18056   0.10963  -0.01061
   0.05886   0.34905  -0.25003
   0.05886   0.34905  -0.01061
   0.05886   0.34905  -0.01061
   0.05886   0.34905   0.22881
   0.05886   0.34905  -0.01061
   0.05886   0.34905  -0.01061
   0.05886   0.34905  -0.01061
  -0.18056   0.34905  -0.01061
   0.05886   0.34905  -0.01061
  -0.18056   0.10963  -0.01061
  -0.18056   0.10963  -0.01061
  -0.18056   0.10963  -0.01061
  -0.18056   0.10963  -0.01061
  -0.18056   0.10963  -0.01061
  -0.18056  -0.12979  -0.01061
   0.05886   0.10963  -0.25003
   0.05886  -0.12979  -0.01061
   0.05886  -0.12979  -0.01061
   0.05886  -0.12979  -0.01061
   0.05886  -0.12979  -0.01061
  -0.18056  -0.36921  -0.01061
  -0.18056  -0.12979  -0.01061
   0.05886  -0.36921  -0.01061
   0.05886  -0.12979  -0.01061
  -0.18056  -0.12979   0.22881
   0.05886  -0.36921  -0.01061
   0.05886  -0.36921   0.22881
  -0.18056  -0.12979  -0.01061
   0.05886  -0.12979  -0.01061
   0.05886  -0.12979  -0.01061
  -0.18056  -0.12979  -0.01061
   0.05886  -0.12979  -0.01061
   0.05886  -0.12979  -0.01061
   0.05886  -0.12979  -0.01061
  -0.18056  -0.12979   0.22881
   0.05886  -0.12979  -0.01061
   0.05886  -0.12979  -0.01061
   0.05886   0.10963  -0.01061
  -0.18056   0.10963  -0.01061
   0.05886  -0.12979  -0.01061
   0.05886  -0.12979  -0.01061
   0.05886  -0.12979  -0.01061
   0.05886  -0.12979  -0.01061
   0.05886  -0.12979  -0.01061
   0.05886  -0.12979  -0.01061
   0.05886  -0.12979  -0.01061
   0.05886   0.10963  -0.01061
  -0.18056   0.10963  -0.01061
   0.05886   0.10963  -0.01061
  -0.18056   0.10963  -0.01061
  -0.18056   0.34905  -0.01061
   0.05886   0.34905  -0.01061
   0.05886   0.34905  -0.25003
   0.05886   0.34905  -0.01061
   0.05886   0.34905  -0.25003
   0.05886   0.10963  -0.01061
   0.05886   0.10963  -0.25003
   0.05886   0.10963  -0.01061
   0.05886   0.10963  -0.01061
  -0.18056   0.34905  -0.01061
   0.05886   0.34905  -0.01061
   0.05886   0.10963  -0.25003
  -0.18056   0.10963  -0.01061
   0.05886   0.10963  -0.01061
   0.05886   0.10963  -0.01061
   0.05886   0.10963  -0.01061
   0.05886   0.10963  -0.01061
   0.05886  -0.12979  -0.01061
  -0.18056  -0.12979  -0.01061
   0.05886  -0.12979  -0.01061
   0.05886  -0.36921  -0.01061
   0.05886  -0.12979   0.22881
   0.05886  -0.12979  -0.01061
  -0.18056  -0.12979  -0.01061
  -0.18056  -0.12979  -0.01061
   0.05886  -0.12979   0.22881
  -0.18056  -0.12979  -0.01061
   0.05886  -0.12979  -0.01061
   0.05886  -0.12979  -0.01061
   0.05886  -0.36921  -0.01061
  -0.18056  -0.12979  -0.01061
   0.05886  -0.12979   0.22881
   0.05886  -0.12979  -0.01061
  -0.18056  -0.12979   0.22881
  -0.18056  -0.12979   0.22881
   0.05886  -0.12979  -0.01061
   0.05886  -0.12979  -0.01061
   0.05886   0.10963  -0.01061
   0.05886   0.10963  -0.01061
   0.05886   0.10963  -0.01061
   0.05886   0.34905  -0.01061
   0.05886   0.10963  -0.01061
   0.05886   0.10963  -0.01061
   0.05886   0.10963  -0.01061
   0.05886  -0.12979  -0.01061
  -0.18056  -0.12979  -0.01061
  -0.18056  -0.12979  -0.01061
   0.05886  -0.12979  -0.01061
   0.05886   0.10963   0.22881
   0.05886   0.10963  -0.01061
   0.05886   0.10963   0.22881
  -0.18056   0.34905  -0.01061
   0.05886   0.58847  -0.01061
   0.05886   0.34905  -0.01061
   0.05886   0.34905  -0.25003
   0.05886   0.34905  -0.01061
   0.05886   0.10963  -0.25003
   0.05886   0.10963  -0.25003
   0.05886  -0.12979  -0.01061
   0.05886  -0.12979  -0.25003
   0.05886  -0.12979  -0.01061
  -0.18056  -0.12979  -0.01061
   0.05886  -0.12979  -0.25003
   0.05886  -0.12979  -0.01061
   0.05886  -0.12979  -0.01061
   0.05886   0.10963  -0.01061
   0.05886  -0.12979  -0.01061
   0.05886  -0.12979  -0.01061
   0.05886  -0.12979  -0.01061
   0.05886  -0.12979  -0.01061
   0.05886  -0.12979  -0.01061
   0.05886  -0.12979  -0.25003
   0.05886  -0.36921  -0.01061
  -0.18056  -0.36921  -0.01061
   0.05886  -0.36921  -0.01061
  -0.18056  -0.36921  -0.25003
  -0.18056  -0.12979  -0.01061
  -0.18056  -0.12979  -0.01061
  -0.18056  -0.12979  -0.01061
  -0.18056  -0.12979  -0.01061
   0.05886   0.10963  -0.01061
   0.05886   0.10963  -0.01061
   0.05886   0.10963  -0.01061
   0.05886   0.10963  -0.01061
   0.05886   0.10963  -0.01061
   0.05886   0.34905   0.22881
   0.05886   0.10963  -0.01061
   0.05886   0.10963  -0.01061
   0.05886   0.10963  -0.01061
   0.05886   0.10963   0.22881
   0.05886   0.10963  -0.25003
   0.05886   0.10963  -0.01061
   0.05886   0.10963  -0.01061
   0.05886   0.10963  -0.01061
   0.05886   0.10963  -0.01061
   0.05886   0.10963  -0.01061
   0.05886   0.10963  -0.01061
   0.05886   0.10963  -0.01061
   0.05886   0.10963  -0.01061
   0.05886   0.10963   0.22881
  -0.18056  -0.12979   0.22881
   0.05886  -0.12979   0.22881
   0.05886  -0.12979  -0.01061
  -0.18056   0.10963  -0.01061
   0.05886   0.10963  -0.01061
   0.05886  -0.12979  -0.01061
   0.05886   0.10963  -0.01061
   0.05886   0.10963  -0.01061
   0.05886  -0.12979  -0.01061
   0.05886  -0.12979  -0.01061
  -0.18056  -0.12979  -0.01061
   0.05886  -0.12979  -0.01061
   0.05886  -0.12979  -0.25003
  -0.18056  -0.12979  -0.01061
   0.05886  -0.12979  -0.01061
   0.05886   0.10963  -0.01061
  -0.18056   0.10963  -0.25003
  -0.18056   0.10963  -0.01061
   0.05886   0.10963  -0.25003
   0.05886   0.10963  -0.01061
   0.05886   0.10963  -0.01061
  -0.18056  -0.12979  -0.01061
   0.05886  -0.12979  -0.01061
  -0.18056  -0.12979  -0.01061
   0.05886  -0.12979  -0.01061
  -0.18056   0.10963  -0.01061
  -0.18056  -0.12979   0.22881
  -0.18056   0.10963  -0.01061
  -0.18056   0.10963  -0.01061
   0.05886   0.10963  -0.01061
  -0.18056   0.34905   0.22881
  -0.18056   0.10963  -0.01061
  -0.18056   0.10963   0.22881
   0.05886   0.34905   0.22881
   0.05886   0.10963  -0.01061
   0.05886  -0.12979  -0.01061
   0.05886   0.10963  -0.01061
   0.05886   0.10963  -0.01061
   0.05886   0.10963  -0.01061
   0.05886   0.10963  -0.01061
   0.05886   0.10963  -0.01061
   0.05886   0.10963  -0.01061
   0.05886   0.10963  -0.01061
   0.05886  -0.12979  -0.01061
   0.05886  -0.12979  -0.01061
   0.05886  -0.12979  -0.01061
   0.05886  -0.12979  -0.01061
   0.29828  -0.12979  -0.01061
   0.05886  -0.12979  -0.01061
   0.05886  -0.12979  -0.01061
   0.05886  -0.12979  -0.01061
   0.05886   0.10963  -0.01061
   0.05886  -0.12979  -0.01061
   0.05886  -0.12979  -0.01061
   0.05886  -0.12979  -0.01061
   0.05886  -0.12979  -0.01061
  -0.18056   0.10963  -0.01061
  -0.18056  -0.12979  -0.01061
  -0.18056  -0.12979  -0.01061
   0.05886  -0.12979  -0.01061
  -0.18056  -0.12979  -0.01061
  -0.18056  -0.12979  -0.01061
   0.05886   0.10963  -0.01061
   0.05886  -0.12979   0.22881
   0.05886  -0.12979  -0.01061
   0.05886   0.10963  -0.01061
   0.05886  -0.12979  -0.01061
   0.05886   0.10963  -0.01061
   0.05886   0.10963  -0.01061
   0.05886   0.10963  -0.01061
  -0.18056   0.10963  -0.01061
  -0.18056   0.10963  -0.01061
  -0.18056  -0.12979  -0.01061
  -0.18056  -0.12979  -0.01061
   0.05886   0.10963   0.22881
  -0.18056  -0.12979   0.22881
   0.05886  -0.12979  -0.01061
  -0.18056  -0.12979  -0.01061
  -0.18056  -0.12979  -0.01061
  -0.18056  -0.12979  -0.01061
  -0.18056   0.10963  -0.01061
  -0.18056  -0.12979  -0.01061
  -0.18056   0.10963  -0.01061
   0.05886   0.10963  -0.01061
   0.05886   0.10963  -0.01061
   0.05886   0.34905  -0.01061
   0.05886   0.10963  -0.01061
   0.05886   0.10963  -0.01061
   0.05886   0.10963  -0.01061
   0.05886   0.10963  -0.01061
   0.05886   0.10963  -0.01061
   0.05886  -0.12979  -0.01061
   0.05886  -0.12979  -0.01061
   0.05886  -0.12979  -0.01061
   0.05886  -0.12979  -0.25003
   0.05886  -0.12979  -0.01061
   0.05886  -0.12979  -0.01061
   0.05886  -0.12979  -0.01061
   0.05886  -0.12979  -0.01061
   0.05886  -0.12979  -0.01061
   0.05886   0.10963  -0.25003
   0.05886  -0.12979  -0.01061
   0.05886   0.10963  -0.01061
   0.05886  -0.12979  -0.01061
   0.05886   0.10963   0.22881
   0.05886  -0.12979  -0.01061
   0.05886   0.10963  -0.01061
   0.05886   0.10963  -0.01061
   0.05886  -0.12979  -0.01061
   0.05886  -0.12979  -0.01061
   0.05886   0.10963  -0.01061
   0.05886   0.10963  -0.01061
   0.05886   0.10963  -0.01061
   0.05886   0.10963  -0.01061
  -0.18056   0.10963  -0.01061
   0.05886   0.10963  -0.01061
   0.05886   0.10963  -0.01061
   0.05886   0.10963  -0.01061
   0.05886   0.10963  -0.25003
   0.05886   0.10963  -0.01061
   0.05886  -0.12979  -0.01061
   0.05886   0.10963  -0.25003
   0.05886  -0.12979  -0.25003
   0.05886  -0.12979  -0.01061
  -0.18056  -0.12979  -0.01061
  -0.18056  -0.12979  -0.01061
  -0.18056  -0.12979  -0.01061
  -0.18056  -0.12979  -0.01061
  -0.18056  -0.12979  -0.01061
   0.05886   0.10963  -0.01061
  -0.18056   0.10963   0.22881
   0.05886  -0.12979  -0.01061
  -0.18056  -0.12979  -0.01061
  -0.18056  -0.12979  -0.01061
   0.05886   0.10963  -0.01061
   0.05886   0.10963   0.22881
   0.05886   0.10963   0.22881
   0.05886   0.10963   0.22881
   0.05886   0.10963  -0.01061
   0.05886   0.10963  -0.01061
   0.05886   0.10963  -0.01061
   0.05886   0.34905  -0.01061
   0.05886   0.10963  -0.01061
   0.05886   0.10963  -0.01061
   0.05886  -0.12979  -0.01061
   0.05886   0.10963  -0.01061
   0.05886   0.10963   0.22881
   0.05886  -0.12979  -0.01061
  -0.18056   0.10963  -0.01061
   0.05886   0.10963  -0.01061
   0.05886   0.10963  -0.01061
   0.05886  -0.12979  -0.01061
   0.05886  -0.12979  -0.01061
   0.05886  -0.12979  -0.01061
   0.05886  -0.12979  -0.25003
   0.05886  -0.12979  -0.01061
  -0.18056   0.10963  -0.01061
   0.05886   0.10963  -0.01061
   0.05886   0.10963  -0.01061
   0.05886   0.10963  -0.01061
   0.05886   0.10963  -0.01061
   0.05886   0.10963  -0.01061
   0.05886   0.10963  -0.01061
   0.05886   0.10963  -0.01061
   0.05886   0.10963  -0.01061
  -0.18056   0.10963  -0.01061
   0.05886   0.10963  -0.01061
   0.05886   0.10963  -0.01061
   0.05886  -0.12979  -0.01061
  -0.18056  -0.12979  -0.01061
  -0.18056  -0.12979  -0.01061
  -0.18056  -0.12979  -0.01061
  -0.18056  -0.12979  -0.01061
  -0.18056  -0.12979  -0.01061
  -0.18056  -0.36921  -0.01061
   0.05886  -0.12979   0.22881
   0.05886  -0.12979  -0.01061
   0.05886  -0.12979  -0.01061
   0.05886  -0.12979  -0.01061
   0.05886  -0.12979  -0.01061
   0.05886  -0.12979  -0.01061
   0.05886  -0.12979  -0.01061
   0.05886  -0.12979  -0.01061
   0.05886  -0.12979  -0.01061
   0.05886  -0.12979  -0.01061
   0.05886  -0.12979   0.22881
   0.05886   0.10963  -0.01061
   0.05886  -0.12979  -0.01061
   0.05886   0.10963  -0.01061
   0.05886   0.10963  -0.01061
   0.05886   0.10963  -0.01061
   0.05886   0.10963  -0.01061
   0.05886   0.10963  -0.01061
   0.05886   0.10963  -0.01061
  -0.18056   0.10963  -0.25003
   0.05886   0.10963  -0.01061
   0.05886   0.10963  -0.01061
   0.05886  -0.12979  -0.25003
   0.05886  -0.12979  -0.01061
   0.05886   0.34905  -0.01061
   0.05886   0.10963  -0.01061
   0.05886   0.10963  -0.01061
   0.05886   0.10963  -0.01061
   0.05886   0.10963  -0.01061
   0.05886  -0.12979  -0.01061
   0.05886  -0.12979  -0.01061
   0.05886  -0.12979  -0.01061
   0.05886   0.10963  -0.01061
   0.05886  -0.12979  -0.01061
   0.05886   0.10963  -0.01061
   0.05886   0.10963  -0.01061
   0.05886   0.10963  -0.01061
   0.05886   0.10963  -0.01061
  -0.18056   0.10963  -0.01061
   0.05886   0.10963  -0.01061
   0.05886   0.10963  -0.01061
   0.05886   0.10963  -0.01061
  -0.18056  -0.12979  -0.01061
   0.05886   0.10963  -0.01061
   0.05886   0.10963  -0.01061
   0.05886   0.10963  -0.01061
   0.05886   0.10963  -0.01061
   0.05886   0.10963  -0.01061
  -0.18056  -0.12979  -0.01061
  -0.18056   0.10963  -0.01061
   0.05886   0.10963  -0.01061
   0.05886  -0.12979  -0.01061
   0.05886  -0.12979  -0.01061
  -0.18056  -0.12979  -0.01061
   0.05886  -0.12979  -0.01061
   0.05886  -0.12979  -0.01061
  -0.18056  -0.12979  -0.01061
   0.05886  -0.12979  -0.01061
   0.05886  -0.12979   0.22881
   0.05886  -0.12979  -0.01061
   0.05886  -0.12979  -0.01061
   0.05886  -0.12979  -0.01061
  -0.18056  -0.12979  -0.01061
  -0.18056  -0.12979  -0.01061
   0.05886  -0.12979   0.22881
  -0.18056  -0.12979   0.22881
  -0.18056  -0.12979  -0.01061
   0.05886  -0.12979  -0.01061
  -0.18056  -0.12979  -0.01061
   0.05886  -0.12979  -0.01061
   0.05886  -0.12979  -0.01061
   0.05886   0.10963  -0.01061
   0.05886   0.10963  -0.01061
   0.05886   0.10963   0.22881
   0.05886   0.10963  -0.01061
   0.05886   0.10963  -0.01061
   0.05886   0.10963  -0.01061
   0.05886   0.10963  -0.01061
   0.05886   0.10963  -0.01061
   0.05886   0.34905  -0.01061
   0.05886   0.34905  -0.01061
   0.05886   0.34905  -0.01061
   0.05886   0.34905  -0.01061
   0.05886   0.34905  -0.25003
   0.05886   0.34905  -0.01061
   0.05886   0.34905  -0.01061
   0.05886   0.34905  -0.01061
   0.05886   0.34905  -0.01061
   0.05886   0.10963  -0.01061
   0.05886   0.10963  -0.01061
   0.05886  -0.12979  -0.01061
   0.05886  -0.12979  -0.01061
   0.05886  -0.12979  -0.01061
   0.05886  -0.12979  -0.01061
   0.05886  -0.12979  -0.01061
   0.05886  -0.12979  -0.01061
   0.05886  -0.36921  -0.01061
   0.05886  -0.12979  -0.01061
   0.05886  -0.36921   0.22881
   0.05886  -0.12979  -0.01061
   0.05886  -0.36921  -0.01061
   0.05886  -0.12979  -0.01061
   0.05886  -0.12979  -0.01061
   0.05886  -0.36921  -0.01061
  -0.18056  -0.36921  -0.01061
   0.05886  -0.12979  -0.01061
   0.05886  -0.12979   0.22881
  -0.18056  -0.12979  -0.01061
  -0.18056  -0.12979  -0.01061
  -0.18056  -0.12979  -0.01061
   0.05886  -0.12979  -0.01061
   0.05886  -0.12979  -0.01061
   0.05886  -0.12979  -0.01061
   0.05886  -0.12979  -0.01061
   0.05886   0.10963  -0.01061
   0.05886   0.10963  -0.25003
  -0.18056   0.10963  -0.01061
   0.05886   0.10963  -0.01061
   0.05886   0.34905  -0.01061
   0.05886   0.34905  -0.01061
  -0.18056   0.10963  -0.01061
   0.05886   0.10963  -0.01061
   0.05886   0.10963  -0.01061
  -0.18056   0.10963  -0.01061
   0.05886   0.10963  -0.01061
   0.05886   0.10963  -0.01061
   0.05886   0.10963  -0.01061
  -0.18056   0.10963  -0.01061
   0.05886   0.10963  -0.01061
  -0.18056   0.10963  -0.01061
  -0.18056   0.10963  -0.01061
   0.05886  -0.12979  -0.01061
  -0.18056  -0.12979  -0.01061
  -0.18056  -0.12979  -0.01061
   0.05886  -0.12979  -0.01061
  -0.18056  -0.12979   0.22881
  -0.18056  -0.12979   0.22881
  -0.18056  -0.12979   0.22881
  -0.18056  -0.12979   0.22881
  -0.18056  -0.12979  -0.01061
   0.05886   0.10963  -0.01061
   0.05886   0.10963  -0.01061
   0.05886   0.10963  -0.01061
  -0.18056   0.10963  -0.01061
   0.05886   0.10963  -0.01061
   0.05886  -0.12979  -0.01061
   0.05886  -0.12979  -0.01061
   0.05886  -0.12979  -0.01061
   0.05886  -0.12979  -0.01061
   0.05886  -0.12979  -0.01061
   0.05886   0.10963  -0.01061
   0.05886   0.10963  -0.01061
   0.05886   0.10963  -0.01061
   0.05886   0.34905  -0.01061
   0.05886   0.10963  -0.01061
   0.05886   0.10963  -0.01061
   0.05886   0.10963  -0.01061
   0.05886   0.10963  -0.01061
   0.05886   0.10963  -0.01061
   0.05886   0.10963  -0.01061
  -0.18056   0.10963  -0.01061
   0.05886   0.10963  -0.01061
  -0.18056   0.10963  -0.01061
   0.05886   0.10963  -0.01061
   0.05886   0.10963  -0.01061
   0.05886   0.10963  -0.25003
   0.05886  -0.12979  -0.01061
  -0.18056  -0.12979  -0.01061
   0.05886  -0.12979  -0.01061
   0.05886  -0.12979  -0.01061
   0.05886  -0.36921  -0.01061
   0.05886  -0.36921  -0.01061
   0.05886  -0.36921  -0.01061
   0.05886  -0.12979  -0.01061
   0.05886  -0.36921  -0.01061
  -0.18056  -0.12979  -0.01061
   0.05886  -0.12979  -0.01061
   0.05886  -0.12979  -0.01061
   0.05886  -0.12979  -0.01061
   0.05886  -0.12979  -0.01061
   0.05886  -0.12979  -0.01061
   0.05886   0.10963   0.22881
  -0.18056  -0.12979   0.22881
   0.05886  -0.12979   0.22881
   0.05886  -0.12979   0.22881
   0.05886  -0.12979  -0.01061
   0.05886  -0.12979  -0.01061
   0.05886  -0.12979  -0.25003
   0.05886   0.10963  -0.01061
   0.05886  -0.12979  -0.01061
   0.05886   0.10963   0.22881
   0.05886   0.10963   0.22881
   0.05886   0.10963  -0.01061
   0.05886   0.34905  -0.01061
   0.05886   0.34905  -0.01061
   0.05886   0.10963  -0.01061
   0.05886   0.34905  -0.01061
   0.05886   0.10963  -0.01061
   0.05886   0.10963  -0.01061
   0.05886   0.34905  -0.01061
   0.05886   0.10963  -0.01061
   0.05886   0.10963  -0.01061
   0.05886   0.34905  -0.01061
   0.05886   0.10963  -0.01061
   0.05886   0.34905  -0.01061
   0.05886   0.34905  -0.01061
  -0.18056   0.10963  -0.01061
   0.05886   0.10963  -0.01061
   0.05886   0.10963  -0.01061
   0.05886   0.10963  -0.01061
  -0.18056   0.10963  -0.01061
   0.05886  -0.12979  -0.01061
   0.05886  -0.12979  -0.01061
   0.05886  -0.12979  -0.01061
   0.05886  -0.36921  -0.01061
   0.05886  -0.12979  -0.01061
   0.05886  -0.12979  -0.01061
   0.05886  -0.12979  -0.01061
   0.05886  -0.12979  -0.01061
   0.05886  -0.12979  -0.01061
   0.05886  -0.36921  -0.01061
   0.05886  -0.12979  -0.01061
   0.05886  -0.12979  -0.01061
   0.05886  -0.36921  -0.01061
   0.05886  -0.36921  -0.01061
   0.05886  -0.36921   0.22881
   0.05886  -0.12979  -0.01061
   0.05886  -0.12979  -0.01061
   0.05886  -0.12979  -0.01061
  -0.18056  -0.12979  -0.01061
   0.05886  -0.12979  -0.01061
   0.05886  -0.12979  -0.01061
   0.05886  -0.12979   0.22881
   0.05886   0.10963   0.22881
   0.05886   0.10963  -0.01061
   0.05886   0.10963  -0.01061
   0.05886   0.10963  -0.01061
   0.05886   0.34905  -0.01061
   0.05886   0.34905  -0.01061
   0.05886   0.34905  -0.01061
   0.05886   0.34905  -0.01061
  -0.18056   0.34905  -0.01061
   0.05886   0.34905  -0.01061
   0.05886   0.34905  -0.01061
   0.05886   0.34905  -0.01061
  -0.18056   0.34905  -0.01061
  -0.18056   0.10963  -0.01061
   0.05886   0.34905  -0.01061
  -0.18056   0.10963  -0.01061
   0.05886   0.10963  -0.01061
   0.05886   0.10963  -0.01061
   0.05886   0.10963  -0.25003
   0.05886   0.10963  -0.01061
   0.05886  -0.12979  -0.01061
  -0.18056  -0.12979  -0.01061
   0.05886  -0.12979  -0.01061
   0.05886  -0.36921  -0.01061
   0.05886  -0.36921  -0.01061
   0.05886  -0.12979  -0.01061
   0.05886  -0.36921  -0.01061
  -0.18056  -0.36921  -0.01061
   0.05886  -0.36921  -0.01061
   0.05886  -0.36921  -0.01061
   0.05886  -0.36921  -0.01061
   0.05886  -0.36921  -0.01061
   0.05886  -0.12979   0.22881
   0.05886  -0.12979   0.22881
   0.05886  -0.12979  -0.01061
   0.05886  -0.12979   0.22881
   0.05886  -0.12979   0.22881
   0.05886  -0.12979  -0.01061
   0.05886   0.10963  -0.01061
  -0.18056  -0.12979  -0.01061
   0.05886   0.10963  -0.01061
   0.05886   0.10963  -0.01061
   0.05886   0.34905  -0.01061
  -0.18056   0.34905  -0.01061
  -0.18056   0.10963  -0.01061
   0.05886   0.10963  -0.01061
  -0.18056   0.34905  -0.01061
   0.05886   0.34905   0.22881
   0.05886   0.34905  -0.01061
   0.05886   0.34905  -0.01061
   0.05886   0.34905  -0.01061
   0.05886   0.10963  -0.01061
  -0.18056   0.10963  -0.01061
  -0.18056   0.10963  -0.01061
   0.05886   0.10963  -0.01061
   0.05886   0.10963  -0.01061
   0.05886   0.10963  -0.01061
   0.05886   0.10963  -0.01061
   0.05886  -0.12979  -0.01061
   0.05886  -0.36921   0.22881
   0.05886  -0.12979  -0.01061
   0.05886  -0.12979  -0.01061
   0.05886  -0.12979   0.22881
  -0.18056  -0.12979  -0.01061
   0.05886  -0.12979  -0.01061
   0.05886  -0.12979  -0.01061
   0.05886  -0.12979   0.22881
   0.05886  -0.12979  -0.01061
   0.05886  -0.12979  -0.01061
   0.05886  -0.12979   0.22881
   0.05886  -0.12979  -0.01061
   0.05886  -0.12979  -0.01061
   0.05886  -0.12979  -0.01061
   0.05886   0.10963  -0.25003
   0.05886   0.10963  -0.01061
   0.05886   0.10963  -0.01061
   0.05886   0.10963   0.22881
   0.05886  -0.12979  -0.01061
   0.05886   0.34905  -0.01061
   0.05886   0.10963  -0.01061
   0.05886   0.34905  -0.01061
   0.05886   0.10963  -0.01061
   0.05886   0.10963  -0.01061
   0.05886   0.10963  -0.01061
   0.05886  -0.12979  -0.01061
  -0.18056  -0.12979  -0.01061
   0.05886  -0.12979  -0.01061
   0.05886  -0.12979  -0.01061
   0.05886   0.10963  -0.01061
  -0.18056  -0.12979   0.22881
   0.05886  -0.12979   0.22881
   0.05886  -0.12979   0.22881
   0.05886  -0.12979  -0.01061
   0.05886  -0.12979  -0.01061
   0.05886  -0.12979  -0.01061
   0.05886  -0.12979  -0.01061
   0.05886  -0.12979   0.22881
   0.05886  -0.12979  -0.01061
  -0.18056  -0.12979  -0.01061
   0.05886  -0.12979  -0.01061
  -0.18056  -0.12979  -0.01061
  -0.18056  -0.12979  -0.01061
   0.05886  -0.12979  -0.01061
   0.05886  -0.12979  -0.01061
   0.05886  -0.12979   0.22881
   0.05886  -0.12979  -0.01061
   0.05886   0.10963  -0.01061
  -0.18056   0.10963   0.22881
  -0.18056   0.10963  -0.01061
   0.05886   0.34905  -0.01061
  -0.18056   0.10963  -0.01061
   0.05886   0.10963  -0.01061
   0.05886   0.10963   0.22881
   0.05886   0.10963  -0.01061
   0.05886   0.10963  -0.01061
   0.05886  -0.12979  -0.01061
  -0.18056   0.10963  -0.01061
   0.05886   0.10963  -0.01061
   0.05886   0.10963  -0.01061
   0.05886   0.10963  -0.01061
   0.05886   0.10963  -0.25003
   0.05886   0.10963  -0.25003
   0.05886  -0.12979  -0.01061
  -0.18056  -0.12979  -0.01061
   0.05886  -0.12979  -0.01061
  -0.18056  -0.12979  -0.01061
   0.05886  -0.12979  -0.25003
  -0.18056  -0.12979  -0.01061
   0.05886  -0.12979  -0.01061
   0.05886  -0.12979  -0.01061
   0.05886  -0.12979  -0.01061
  -0.18056  -0.12979  -0.01061
   0.05886  -0.12979  -0.01061
   0.05886  -0.12979  -0.01061
   0.05886  -0.12979  -0.01061
   0.05886  -0.12979  -0.01061
   0.05886  -0.12979  -0.25003
   0.05886   0.10963  -0.01061
   0.05886   0.10963   0.22881
  -0.18056  -0.12979  -0.01061
   0.05886   0.10963  -0.01061
   0.05886   0.10963  -0.01061
   0.05886   0.10963   0.22881
   0.05886   0.10963   0.22881
   0.05886   0.10963  -0.01061
   0.05886   0.10963  -0.25003
   0.05886   0.10963  -0.01061
   0.05886   0.10963   0.22881
   0.05886  -0.12979  -0.01061
   0.05886   0.10963  -0.01061
   0.05886   0.10963   0.22881
   0.05886   0.10963  -0.01061
   0.05886   0.10963  -0.01061
   0.05886   0.10963  -0.01061
   0.05886   0.10963  -0.01061
   0.05886  -0.12979  -0.01061
   0.05886   0.10963  -0.01061
   0.05886   0.10963  -0.01061
   0.05886   0.10963  -0.01061
   0.05886  -0.12979  -0.25003
   0.05886  -0.12979  -0.25003
   0.05886  -0.12979  -0.01061
  -0.18056   0.10963  -0.01061
  -0.18056   0.10963  -0.01061
   0.05886  -0.12979  -0.01061
   0.05886  -0.12979  -0.01061
  -0.18056  -0.12979  -0.01061
   0.05886  -0.12979  -0.01061
  -0.18056  -0.36921  -0.01061
   0.05886  -0.36921  -0.01061
   0.05886  -0.12979   0.22881
  -0.18056  -0.12979  -0.01061
  -0.18056  -0.12979  -0.01061
  -0.18056  -0.12979   0.22881
  -0.18056  -0.12979  -0.01061
  -0.18056  -0.12979   0.22881
   0.05886  -0.12979  -0.01061
   0.05886  -0.12979  -0.01061
   0.05886  -0.12979  -0.01061
   0.05886  -0.12979  -0.01061
   0.05886  -0.12979  -0.01061
   0.05886   0.10963  -0.01061
   0.05886   0.10963  -0.01061
   0.05886   0.34905  -0.01061
   0.29828   0.10963  -0.25003
   0.05886   0.10963  -0.01061
   0.05886   0.10963  -0.01061
   0.29828   0.10963  -0.01061
   0.05886   0.10963   0.22881
   0.05886   0.10963  -0.01061
   0.05886   0.34905  -0.01061
   0.05886   0.34905  -0.01061
  -0.18056   0.34905  -0.01061
   0.05886   0.10963  -0.01061
   0.05886   0.10963  -0.01061
   0.05886   0.10963  -0.25003
   0.05886   0.10963  -0.01061
  -0.18056   0.10963  -0.01061
   0.05886   0.10963  -0.01061
   0.05886   0.10963  -0.01061
   0.05886   0.10963  -0.01061
  -0.18056  -0.12979  -0.01061
  -0.18056  -0.12979  -0.25003
   0.05886  -0.12979  -0.01061
   0.05886  -0.12979  -0.01061
   0.05886  -0.12979  -0.01061
  -0.18056  -0.12979  -0.01061
   0.05886  -0.12979  -0.01061
  -0.18056  -0.12979   0.22881
  -0.18056  -0.12979  -0.01061
   0.05886  -0.12979   0.22881
  -0.18056  -0.12979  -0.01061
  -0.18056  -0.12979  -0.01061
  -0.18056  -0.12979  -0.01061
  -0.18056  -0.12979   0.22881
  -0.18056  -0.12979  -0.01061
   0.05886  -0.12979   0.22881
  -0.18056  -0.12979   0.22881
   0.05886  -0.12979  -0.01061
   0.05886   0.10963  -0.01061
   0.05886   0.10963  -0.01061
   0.05886   0.10963  -0.01061
   0.05886   0.10963  -0.01061
   0.05886  -0.12979  -0.01061
   0.05886   0.10963  -0.01061
   0.05886   0.10963  -0.01061
   0.05886   0.10963  -0.01061
   0.05886   0.10963   0.22881
   0.05886   0.10963  -0.01061
   0.29828   0.34905  -0.01061
   0.05886   0.10963  -0.01061
   0.29828   0.10963  -0.01061
   0.29828   0.10963  -0.01061
   0.05886   0.10963  -0.25003
   0.05886   0.10963  -0.01061
   0.05886  -0.12979  -0.01061
   0.05886   0.10963  -0.01061
   0.05886   0.10963  -0.01061
   0.05886  -0.12979  -0.01061
   0.05886  -0.12979  -0.01061
   0.05886   0.10963  -0.25003
   0.05886  -0.12979  -0.01061
  -0.18056  -0.12979  -0.01061
   0.05886  -0.12979  -0.01061
  -0.18056  -0.12979  -0.01061
  -0.18056  -0.12979  -0.01061
  -0.18056  -0.12979  -0.25003
  -0.18056  -0.12979  -0.01061
  -0.18056  -0.12979  -0.01061
  -0.18056  -0.12979  -0.01061
  -0.18056  -0.36921  -0.01061
  -0.18056  -0.12979  -0.01061
   0.05886  -0.12979  -0.01061
  -0.18056  -0.12979  -0.01061
  -0.18056  -0.12979  -0.01061
   0.05886   0.10963  -0.01061
  -0.18056  -0.12979  -0.01061
  -0.18056   0.10963  -0.01061
   0.05886   0.10963  -0.01061
   0.05886  -0.12979  -0.01061
  -0.18056   0.10963  -0.01061
   0.05886   0.34905  -0.01061
   0.05886   0.10963  -0.01061
   0.05886   0.34905  -0.01061
   0.05886   0.10963  -0.01061
   0.05886   0.10963  -0.01061
   0.05886   0.10963  -0.01061
   0.05886   0.10963   0.22881
   0.05886   0.10963  -0.01061
   0.05886   0.10963  -0.01061
   0.05886   0.10963  -0.01061
   0.05886   0.10963  -0.01061
  -0.18056   0.10963   0.22881
   0.05886  -0.12979  -0.01061
   0.05886   0.10963  -0.01061
   0.05886   0.10963  -0.01061
   0.05886  -0.12979  -0.01061
   0.05886  -0.12979   0.22881
   0.05886  -0.12979  -0.01061
   0.05886  -0.12979  -0.01061
  -0.18056  -0.12979  -0.01061
   0.05886  -0.12979  -0.01061
   0.05886  -0.12979   0.22881
   0.05886  -0.12979  -0.01061
  -0.18056  -0.12979  -0.01061
   0.05886  -0.12979   0.22881
   0.05886  -0.12979  -0.01061
  -0.18056  -0.12979  -0.01061
   0.05886   0.10963  -0.01061
  -0.18056  -0.12979  -0.01061
   0.05886   0.10963   0.22881
   0.05886  -0.12979  -0.01061
   0.05886   0.10963  -0.01061
  -0.18056   0.10963  -0.01061
   0.05886   0.10963  -0.01061
   0.05886   0.34905  -0.25003
  -0.18056   0.10963  -0.01061
   0.05886   0.10963  -0.01061
   0.05886   0.10963  -0.01061
   0.05886   0.10963  -0.01061
   0.05886   0.10963  -0.01061
   0.05886   0.34905  -0.01061
   0.05886   0.34905  -0.01061
   0.05886   0.10963  -0.25003
   0.05886   0.10963  -0.01061
   0.05886   0.10963  -0.01061
   0.05886   0.10963  -0.25003
   0.05886   0.10963  -0.01061
   0.05886   0.10963  -0.01061
   0.05886   0.10963  -0.01061
   0.05886  -0.12979  -0.01061
  -0.18056   0.10963  -0.01061
  -0.18056   0.10963   0.22881
   0.05886  -0.12979  -0.01061
   0.05886  -0.12979  -0.01061
   0.05886   0.10963  -0.01061
   0.05886  -0.12979  -0.01061
   0.05886  -0.12979  -0.01061
   0.05886  -0.36921  -0.01061
   0.05886  -0.12979  -0.01061
   0.05886  -0.12979  -0.01061
   0.05886  -0.36921  -0.01061
   0.05886  -0.12979  -0.01061
   0.05886  -0.12979  -0.01061
   0.05886  -0.12979  -0.01061
   0.05886  -0.12979   0.22881
   0.05886  -0.12979  -0.01061
   0.05886  -0.12979   0.22881
   0.05886  -0.12979  -0.01061
   0.05886   0.10963  -0.01061
  -0.18056  -0.12979  -0.01061
   0.05886  -0.12979  -0.01061
   0.05886  -0.12979  -0.01061
   0.05886  -0.12979  -0.01061
  -0.18056  -0.12979  -0.01061
  -0.18056   0.10963  -0.01061
   0.05886  -0.12979  -0.01061
   0.29828   0.10963  -0.01061
   0.05886  -0.12979  -0.01061
   0.05886  -0.12979  -0.01061
   0.05886   0.10963  -0.01061
   0.05886   0.10963  -0.01061
   0.05886   0.10963  -0.01061
   0.05886   0.10963  -0.25003
   0.05886   0.34905  -0.01061
   0.05886   0.10963  -0.01061
   0.05886   0.10963  -0.01061
   0.05886   0.10963  -0.01061
   0.05886   0.10963  -0.01061
   0.05886   0.10963  -0.01061
   0.05886  -0.12979  -0.01061
  -0.18056   0.10963   0.22881
   0.05886   0.10963  -0.01061
   0.05886   0.10963   0.22881
   0.05886   0.10963  -0.01061
   0.05886   0.10963  -0.01061
   0.05886   0.10963  -0.01061
   0.05886   0.10963  -0.01061
   0.05886   0.10963  -0.01061
   0.05886   0.10963  -0.01061
   0.05886  -0.12979  -0.01061
   0.05886  -0.12979  -0.01061
   0.05886  -0.12979  -0.01061
   0.05886   0.10963  -0.01061
   0.05886   0.10963  -0.01061
   0.05886   0.10963  -0.01061
   0.05886  -0.12979  -0.01061
   0.05886  -0.12979  -0.01061
   0.05886   0.10963  -0.01061
   0.05886  -0.12979  -0.01061
   0.05886  -0.12979  -0.01061
   0.05886  -0.12979  -0.01061
   0.05886   0.10963  -0.01061
   0.05886  -0.12979  -0.01061
   0.05886   0.10963  -0.01061
  -0.18056  -0.12979  -0.01061
   0.05886   0.10963  -0.01061
   0.05886   0.10963  -0.01061
   0.05886  -0.12979  -0.25003
   0.05886  -0.12979  -0.01061
  -0.18056  -0.12979  -0.01061
   0.05886  -0.12979  -0.01061
   0.05886  -0.12979  -0.01061
   0.05886  -0.12979  -0.01061
  -0.18056   0.10963  -0.01061
   0.05886  -0.12979  -0.01061
   0.05886   0.10963  -0.01061
   0.05886  -0.12979  -0.01061
  -0.18056   0.10963  -0.01061
  -0.18056   0.10963  -0.01061
   0.05886   0.10963  -0.01061
  -0.18056  -0.12979  -0.01061
   0.05886   0.10963   0.22881
   0.05886   0.10963  -0.01061
  -0.18056   0.10963  -0.01061
   0.05886  -0.12979  -0.01061
   0.05886   0.10963   0.22881
   0.05886   0.10963  -0.01061
   0.05886   0.10963  -0.01061
   0.05886  -0.12979  -0.01061
   0.05886   0.10963  -0.01061
   0.05886   0.10963   0.22881
   0.05886   0.10963  -0.01061
   0.05886   0.10963  -0.01061
   0.05886   0.10963  -0.01061
   0.05886   0.10963  -0.01061
   0.05886   0.10963  -0.01061
  -0.18056   0.10963  -0.01061
   0.05886   0.10963  -0.25003
   0.05886   0.10963  -0.01061
   0.05886   0.10963  -0.01061
   0.05886   0.10963  -0.25003
   0.05886   0.10963  -0.01061
   0.05886   0.10963  -0.01061
   0.05886   0.10963  -0.01061
   0.05886   0.10963  -0.01061
  -0.18056  -0.12979  -0.01061
   0.05886  -0.12979  -0.01061
   0.05886  -0.12979  -0.01061
  -0.18056  -0.36921  -0.01061
  -0.18056  -0.12979  -0.01061
  -0.18056  -0.12979  -0.01061
  -0.18056  -0.12979  -0.01061
  -0.18056  -0.12979  -0.01061
   0.05886   0.10963  -0.01061
  -0.18056  -0.12979  -0.25003
   0.05886  -0.12979  -0.01061
   0.05886  -0.12979  -0.01061
  -0.18056  -0.12979   0.22881
  -0.18056  -0.12979  -0.01061
  -0.18056  -0.12979  -0.01061
   0.05886   0.10963  -0.01061
   0.05886   0.10963  -0.25003
   0.05886   0.10963  -0.01061
   0.05886   0.10963  -0.25003
  -0.18056   0.10963  -0.01061
   0.05886   0.10963  -0.01061
   0.05886  -0.12979  -0.01061
   0.05886   0.10963  -0.01061
   0.05886   0.10963  -0.01061
   0.05886   0.10963   0.22881
   0.05886   0.10963  -0.01061
   0.05886   0.10963  -0.01061
   0.05886   0.10963  -0.01061
   0.05886   0.10963  -0.01061
   0.05886   0.10963  -0.01061
   0.05886   0.10963  -0.01061
   0.05886  -0.12979  -0.01061
   0.05886  -0.12979  -0.25003
   0.05886  -0.12979  -0.01061
   0.05886  -0.12979  -0.01061
   0.05886  -0.12979  -0.01061
   0.05886  -0.12979  -0.01061
   0.05886  -0.12979  -0.01061
   0.05886  -0.12979  -0.01061
   0.05886  -0.12979  -0.01061
  -0.18056  -0.12979  -0.01061
   0.05886  -0.12979  -0.01061
   0.05886  -0.36921  -0.01061
   0.05886  -0.12979  -0.01061
   0.05886  -0.12979  -0.01061
   0.05886  -0.12979  -0.01061
   0.05886  -0.12979  -0.01061
   0.05886  -0.12979  -0.01061
  -0.18056   0.10963  -0.01061
   0.05886   0.10963  -0.25003
   0.05886  -0.12979  -0.01061
   0.05886   0.10963  -0.01061
   0.05886   0.10963   0.22881
   0.05886   0.10963  -0.01061
   0.05886   0.10963  -0.01061
   0.05886   0.10963  -0.25003
  -0.18056   0.10963  -0.01061
   0.05886   0.10963  -0.01061
   0.05886   0.10963  -0.01061
   0.05886   0.10963  -0.01061
   0.05886   0.10963  -0.01061
   0.05886   0.10963  -0.01061
   0.05886   0.10963  -0.01061
   0.05886   0.10963  -0.01061
   0.05886   0.10963  -0.01061
   0.05886   0.10963  -0.01061
   0.05886   0.10963  -0.01061
   0.05886  -0.12979   0.22881
   0.05886  -0.12979   0.22881
   0.05886  -0.12979  -0.01061
  -0.18056  -0.12979   0.22881
   0.05886  -0.12979  -0.01061
   0.05886  -0.12979  -0.01061
   0.05886  -0.36921  -0.01061
   0.05886  -0.12979  -0.01061
   0.05886  -0.12979  -0.01061
   0.05886  -0.12979  -0.01061
   0.05886  -0.12979  -0.01061
   0.05886  -0.12979   0.22881
   0.05886   0.10963  -0.01061
   0.05886   0.10963  -0.01061
   0.05886   0.10963  -0.01061
   0.05886   0.10963  -0.01061
   0.05886   0.10963  -0.25003
   0.05886   0.10963  -0.01061
  -0.18056   0.10963  -0.01061
  -0.18056   0.34905   0.22881
  -0.18056   0.34905  -0.01061
  -0.18056   0.10963  -0.01061
   0.05886   0.34905  -0.01061
  -0.18056   0.34905  -0.01061
   0.05886   0.34905  -0.25003
   0.05886   0.10963  -0.01061
  -0.18056   0.10963  -0.01061
  -0.18056   0.10963  -0.25003
   0.05886   0.10963  -0.01061
   0.05886   0.10963  -0.01061
   0.05886  -0.12979  -0.01061
   0.05886   0.10963  -0.01061
   0.05886  -0.12979  -0.01061
  -0.18056  -0.12979  -0.25003
  -0.18056  -0.12979  -0.01061
  -0.18056  -0.36921  -0.01061
   0.05886  -0.36921  -0.01061
   0.05886  -0.12979  -0.01061
   0.05886  -0.12979  -0.01061
   0.05886  -0.36921  -0.01061
   0.05886  -0.36921  -0.01061
   0.05886  -0.36921  -0.01061
   0.05886  -0.36921   0.22881
   0.05886  -0.36921  -0.01061
   0.05886  -0.36921  -0.01061
   0.05886  -0.12979  -0.01061
   0.05886  -0.36921  -0.01061
   0.05886  -0.12979  -0.01061
   0.05886  -0.12979   0.22881
   0.05886  -0.12979   0.22881
   0.05886  -0.12979  -0.01061
   0.05886   0.10963  -0.01061
   0.05886  -0.12979   0.22881
   0.05886   0.10963  -0.01061
  -0.18056   0.10963  -0.01061
   0.05886   0.10963  -0.01061
  -0.18056   0.34905  -0.01061
   0.05886   0.34905  -0.01061
   0.05886   0.34905  -0.01061
   0.05886   0.34905  -0.01061
   0.05886   0.34905   0.22881
  -0.18056   0.34905  -0.01061
   0.05886   0.58847  -0.01061
  -0.18056   0.34905  -0.01061
  -0.18056   0.58847  -0.01061
  -0.18056   0.34905  -0.01061
   0.05886   0.34905  -0.01061
   0.05886   0.34905  -0.01061
   0.05886   0.10963  -0.01061
   0.05886   0.10963  -0.01061
   0.05886   0.10963  -0.01061
   0.05886  -0.12979  -0.01061
   0.05886  -0.12979  -0.01061
   0.05886   0.10963  -0.01061
   0.05886  -0.12979  -0.25003
   0.05886  -0.12979  -0.01061
   0.05886  -0.12979  -0.25003
   0.05886  -0.36921  -0.01061
   0.05886  -0.36921  -0.01061
   0.05886  -0.36921  -0.01061
   0.05886  -0.36921  -0.01061
   0.05886  -0.36921  -0.25003
   0.05886  -0.36921  -0.01061
   0.05886  -0.36921  -0.01061
   0.05886  -0.36921  -0.01061
   0.05886  -0.36921  -0.01061
   0.05886  -0.36921  -0.01061
   0.05886  -0.12979  -0.01061
   0.05886  -0.12979   0.22881
   0.05886  -0.12979   0.22881
   0.05886   0.10963  -0.01061
   0.05886   0.10963   0.22881
   0.05886   0.10963  -0.01061
   0.05886   0.10963  -0.01061
   0.05886   0.10963  -0.01061
   0.05886   0.10963  -0.01061
  -0.18056   0.10963  -0.01061
   0.05886   0.10963  -0.01061
  -0.18056   0.10963   0.22881
  -0.18056   0.34905   0.22881
  -0.18056   0.10963  -0.01061
   0.05886   0.34905   0.22881
   0.05886   0.34905  -0.25003
  -0.18056   0.34905  -0.01061
   0.05886   0.34905   0.22881
  -0.18056   0.10963  -0.01061
   0.05886   0.10963  -0.01061
   0.05886   0.10963  -0.01061
  -0.18056   0.10963   0.22881
   0.05886   0.10963  -0.01061
   0.05886   0.10963  -0.01061
   0.05886  -0.12979  -0.01061
   0.05886  -0.12979  -0.25003
   0.05886  -0.12979  -0.01061
   0.05886  -0.12979  -0.01061
   0.05886  -0.12979  -0.01061
   0.05886  -0.36921   0.22881
   0.05886  -0.36921  -0.01061
  -0.18056  -0.12979  -0.01061
   0.05886  -0.12979  -0.01061
   0.05886  -0.12979  -0.01061
   0.05886  -0.12979   0.22881
   0.05886  -0.12979  -0.25003
   0.05886  -0.12979  -0.01061
   0.05886  -0.12979  -0.01061
   0.05886  -0.12979  -0.01061
   0.05886  -0.12979  -0.01061
   0.05886  -0.12979  -0.25003
   0.05886  -0.12979   0.22881
   0.05886  -0.12979  -0.01061
   0.05886  -0.12979  -0.01061
   0.05886  -0.12979  -0.01061
   0.05886  -0.12979  -0.01061
   0.05886   0.10963   0.22881
   0.05886  -0.12979  -0.01061
   0.05886   0.10963  -0.01061
   0.05886   0.10963   0.22881
   0.05886   0.10963  -0.01061
  -0.18056   0.10963  -0.01061
   0.05886   0.10963  -0.01061
   0.05886   0.10963  -0.01061
   0.05886   0.10963  -0.01061
   0.05886   0.10963  -0.25003
  -0.18056   0.10963  -0.01061
   0.05886   0.10963  -0.01061
   0.05886   0.10963  -0.01061
   0.05886   0.10963  -0.01061
   0.05886   0.10963  -0.01061
  -0.18056   0.34905  -0.01061
  -0.18056   0.10963   0.22881
   0.05886   0.10963  -0.25003
  -0.18056   0.10963  -0.01061
   0.05886   0.10963  -0.01061
   0.05886   0.10963  -0.25003
   0.05886   0.10963  -0.01061
   0.05886  -0.12979  -0.01061
  -0.18056  -0.12979  -0.01061
   0.05886  -0.12979  -0.01061
   0.05886  -0.12979  -0.01061
   0.05886  -0.12979  -0.01061
   0.05886  -0.36921  -0.01061
   0.05886  -0.36921  -0.01061
   0.05886  -0.36921  -0.01061
   0.05886  -0.36921  -0.01061
  -0.18056  -0.36921   0.22881
   0.05886  -0.36921  -0.01061
   0.05886  -0.36921   0.22881
   0.05886  -0.36921  -0.01061
   0.05886  -0.12979   0.22881
   0.05886  -0.12979  -0.01061
   0.05886  -0.12979  -0.01061
   0.05886  -0.12979  -0.01061
   0.05886  -0.12979  -0.01061
  -0.18056   0.10963  -0.01061
   0.05886  -0.12979  -0.01061
   0.05886  -0.12979  -0.01061
   0.05886   0.10963  -0.01061
  -0.18056   0.10963  -0.01061
  -0.18056   0.10963  -0.01061
   0.05886   0.10963  -0.01061
   0.05886   0.10963  -0.01061
   0.05886   0.34905  -0.01061
  -0.18056   0.10963  -0.01061
  -0.18056   0.34905  -0.01061
   0.05886   0.34905   0.22881
   0.05886   0.34905  -0.01061
  -0.18056   0.10963  -0.01061
  -0.18056   0.10963  -0.01061
   0.05886   0.10963  -0.01061
   0.05886   0.34905  -0.01061
   0.05886   0.34905  -0.01061
   0.05886   0.10963  -0.01061
  -0.18056   0.10963  -0.01061
   0.05886   0.10963  -0.01061
   0.05886   0.10963  -0.01061
   0.05886   0.10963  -0.01061
   0.05886  -0.12979  -0.01061
   0.05886   0.10963   0.22881
   0.05886   0.10963  -0.01061
   0.05886   0.10963  -0.01061
   0.05886   0.10963  -0.01061
   0.05886   0.10963  -0.01061
   0.05886   0.10963  -0.01061
   0.05886   0.10963   0.22881
   0.05886   0.10963  -0.01061
   0.05886   0.10963  -0.01061
   0.05886   0.10963  -0.01061
  -0.18056   0.10963  -0.01061
   0.05886   0.10963  -0.01061
   0.29828   0.10963  -0.01061
   0.05886  -0.12979  -0.01061
   0.05886  -0.12979  -0.01061
   0.05886  -0.12979  -0.01061
   0.05886  -0.12979  -0.25003
   0.05886  -0.12979  -0.01061
   0.05886  -0.12979  -0.01061
   0.05886  -0.36921  -0.01061
   0.05886  -0.12979  -0.01061
   0.05886  -0.12979  -0.25003
   0.05886  -0.36921  -0.01061
   0.05886  -0.36921  -0.01061
   0.05886  -0.36921  -0.01061
   0.05886  -0.36921  -0.01061
   0.05886  -0.36921  -0.01061
   0.05886  -0.12979  -0.01061
   0.05886  -0.12979  -0.01061
   0.05886  -0.12979  -0.01061
   0.05886  -0.12979  -0.01061
  -0.18056   0.10963   0.22881
   0.05886   0.10963  -0.01061
   0.05886   0.10963  -0.01061
   0.05886   0.10963   0.22881
   0.05886   0.10963  -0.01061
   0.05886   0.10963  -0.01061
   0.05886   0.10963  -0.01061
   0.05886   0.10963   0.22881
   0.05886   0.34905  -0.01061
  -0.18056   0.34905  -0.01061
   0.05886   0.34905  -0.01061
   0.05886   0.34905  -0.01061
   0.05886   0.34905   0.22881
  -0.18056   0.34905   0.22881
  -0.18056   0.34905  -0.01061
   0.05886   0.34905   0.22881
   0.05886   0.10963  -0.01061
  -0.18056   0.10963  -0.01061
   0.05886   0.10963  -0.01061
  -0.18056   0.10963  -0.01061
   0.05886  -0.12979  -0.01061
  -0.18056   0.10963  -0.01061
   0.05886  -0.12979  -0.01061
   0.05886  -0.12979   0.22881
   0.05886  -0.12979  -0.01061
   0.05886  -0.12979  -0.01061
   0.05886  -0.12979   0.22881
   0.05886  -0.12979  -0.01061
   0.05886  -0.36921  -0.01061
   0.05886  -0.12979  -0.01061
   0.05886  -0.36921  -0.01061
   0.05886  -0.36921  -0.01061
   0.05886  -0.36921  -0.01061
   0.05886  -0.12979  -0.01061
   0.05886  -0.36921  -0.01061
   0.05886  -0.36921  -0.01061
   0.05886  -0.12979  -0.01061
   0.05886  -0.12979   0.22881
   0.05886  -0.12979  -0.01061
   0.05886  -0.12979  -0.01061
   0.05886  -0.12979  -0.01061
   0.05886  -0.12979  -0.01061
  -0.18056   0.10963   0.22881
   0.05886  -0.12979  -0.01061
   0.05886  -0.12979  -0.01061
   0.05886  -0.12979   0.22881
   0.05886  -0.12979  -0.25003
   0.05886   0.10963  -0.01061
   0.05886  -0.12979  -0.01061
   0.05886  -0.12979  -0.01061
  -0.18056  -0.12979   0.22881
   0.05886  -0.12979  -0.01061
   0.05886  -0.12979  -0.01061
  -0.18056   0.10963   0.22881
   0.05886   0.10963   0.22881
  -0.18056   0.10963  -0.01061
   0.05886   0.10963  -0.01061
  -0.18056   0.10963  -0.01061
   0.05886   0.10963  -0.01061
  -0.18056   0.10963   0.22881
  -0.18056   0.34905  -0.01061
  -0.18056   0.34905   0.22881
  -0.18056   0.34905  -0.01061
  -0.18056   0.34905  -0.01061
   0.05886   0.34905  -0.01061
   0.05886   0.34905   0.22881
  -0.18056   0.34905  -0.01061
   0.05886   0.34905  -0.01061
   0.05886   0.34905  -0.01061
   0.05886   0.10963  -0.01061
   0.05886   0.34905  -0.01061
   0.05886   0.10963  -0.01061
   0.05886   0.10963  -0.01061
   0.05886   0.10963  -0.01061
   0.05886   0.10963  -0.01061
   0.05886   0.10963  -0.25003
   0.05886   0.10963  -0.01061
   0.05886  -0.12979  -0.01061
   0.05886  -0.12979  -0.01061
   0.05886  -0.12979  -0.01061
   0.05886  -0.12979  -0.01061
   0.05886  -0.12979  -0.01061
   0.05886  -0.12979  -0.25003
   0.05886  -0.36921  -0.25003
   0.05886  -0.36921  -0.01061
   0.05886  -0.36921  -0.25003
   0.05886  -0.36921  -0.01061
   0.05886  -0.36921  -0.01061
   0.05886  -0.36921  -0.01061
   0.05886  -0.36921  -0.01061
   0.05886  -0.36921  -0.01061
  -0.18056  -0.36921  -0.01061
  -0.18056  -0.36921  -0.01061
  -0.18056  -0.36921  -0.01061
   0.05886  -0.36921  -0.01061
  -0.18056  -0.12979  -0.01061
   0.05886  -0.12979  -0.01061
   0.05886  -0.12979  -0.01061
   0.05886  -0.36921  -0.01061
  -0.18056  -0.12979  -0.01061
  -0.18056  -0.12979  -0.01061
  -0.18056  -0.12979   0.22881
   0.05886   0.10963   0.22881
  -0.18056   0.10963  -0.01061
   0.05886   0.10963  -0.01061
  -0.18056   0.10963   0.22881
   0.05886   0.34905  -0.01061
  -0.18056   0.34905  -0.01061
   0.05886   0.34905  -0.01061
  -0.18056   0.34905   0.22881
  -0.18056   0.10963  -0.01061
   0.05886   0.34905  -0.01061
   0.05886   0.34905  -0.01061
   0.05886   0.34905   0.22881
   0.05886   0.10963  -0.01061
   0.05886   0.34905  -0.01061
   0.05886   0.34905  -0.01061
   0.05886   0.10963  -0.01061
   0.05886   0.10963  -0.01061
   0.05886   0.10963  -0.01061
  -0.18056   0.10963  -0.25003
   0.05886  -0.12979  -0.01061
   0.05886   0.10963  -0.01061
   0.05886  -0.12979  -0.01061
   0.05886  -0.12979  -0.25003
   0.05886  -0.36921  -0.25003
   0.05886  -0.36921  -0.01061
  -0.18056  -0.12979  -0.01061
   0.05886  -0.12979  -0.25003
   0.05886  -0.12979  -0.01061
   0.05886  -0.12979  -0.01061
  -0.18056  -0.12979  -0.25003
   0.05886  -0.36921  -0.01061
   0.05886  -0.36921  -0.01061
   0.05886  -0.36921  -0.25003
   0.05886  -0.36921  -0.25003
   0.05886  -0.36921  -0.01061
   0.05886  -0.36921  -0.01061
  -0.18056  -0.36921  -0.01061
   0.05886  -0.60863  -0.01061
   0.05886  -0.36921   0.22881
   0.05886  -0.36921  -0.01061
  -0.18056  -0.12979   0.22881
  -0.18056   0.10963  -0.01061
  -0.18056  -0.12979   0.22881
  -0.18056   0.10963   0.22881
  -0.18056   0.10963  -0.01061
  -0.18056   0.10963  -0.01061
  -0.18056   0.34905  -0.01061
   0.05886   0.10963  -0.01061
   0.05886   0.34905  -0.01061
   0.05886   0.58847  -0.01061
   0.05886   0.34905  -0.01061
   0.05886   0.34905  -0.01061
   0.05886   0.58847  -0.01061
  -0.18056   0.34905  -0.01061
   0.05886   0.58847  -0.01061
   0.05886   0.34905  -0.01061
   0.05886   0.58847  -0.01061
   0.05886   0.58847  -0.01061
   0.05886   0.58847  -0.01061
   0.05886   0.34905  -0.01061
   0.05886   0.58847  -0.01061
   0.05886   0.34905  -0.01061
   0.05886   0.34905  -0.25003
   0.05886   0.10963  -0.25003
   0.05886   0.10963  -0.01061
   0.05886   0.10963  -0.01061
   0.05886   0.10963  -0.25003
   0.05886  -0.12979  -0.01061
   0.05886  -0.12979  -0.01061
   0.05886  -0.60863  -0.01061
   0.05886  -0.36921  -0.01061
   0.05886  -0.36921  -0.25003
   0.05886  -0.36921  -0.01061
   0.05886  -0.36921  -0.01061
   0.05886  -0.36921  -0.01061
   0.05886  -0.36921  -0.25003
   0.05886  -0.60863  -0.01061
   0.05886  -0.36921  -0.01061
   0.05886  -0.60863  -0.01061
   0.05886  -0.60863  -0.01061
   0.05886  -0.60863  -0.01061
   0.05886  -0.60863  -0.01061
  -0.18056  -0.36921   0.22881
  -0.18056  -0.36921   0.46823
  -0.18056  -0.36921  -0.01061
  -0.18056  -0.12979  -0.01061
  -0.18056  -0.12979   0.22881
  -0.18056  -0.12979   0.22881
  -0.18056  -0.12979  -0.01061
  -0.18056   0.10963   0.22881
  -0.18056   0.10963   0.22881
   0.05886   0.34905  -0.01061
  -0.18056   0.34905   0.22881
  -0.18056   0.34905  -0.01061
  -0.18056   0.34905  -0.01061
   0.05886   0.34905  -0.01061
  -0.18056   0.58847  -0.01061
   0.05886   0.58847   0.22881
   0.05886   0.58847  -0.01061
   0.05886   0.82789  -0.01061
   0.05886   0.82789   0.22881
   0.05886   0.58847  -0.01061
   0.05886   0.58847  -0.01061
   0.05886   0.58847  -0.01061
   0.05886   0.34905  -0.01061
   0.05886   0.34905  -0.01061
   0.05886   0.34905  -0.25003
   0.05886   0.10963  -0.25003
   0.29828   0.10963  -0.25003
   0.05886   0.10963  -0.01061
   0.05886   0.10963  -0.25003
   0.05886  -0.12979  -0.25003
   0.05886  -0.12979  -0.25003
   0.05886  -0.12979  -0.01061
   0.05886  -0.36921  -0.01061
   0.29828  -0.36921  -0.01061
   0.05886  -0.36921  -0.01061
   0.05886  -0.60863  -0.01061
   0.05886  -0.60863  -0.01061
  -0.18056  -0.60863  -0.01061
   0.05886  -0.60863  -0.01061
   0.05886  -0.60863  -0.01061
   0.05886  -0.60863  -0.01061
  -0.18056  -0.60863   0.22881
  -0.18056  -0.60863  -0.01061
   0.05886  -0.60863   0.22881
  -0.18056  -0.60863  -0.01061
   0.05886  -0.36921   0.22881
  -0.18056  -0.36921   0.22881
  -0.18056  -0.12979  -0.01061
  -0.18056  -0.12979  -0.01061
  -0.18056  -0.12979  -0.01061
  -0.18056   0.10963  -0.01061
  -0.18056   0.10963   0.22881
  -0.18056   0.10963  -0.01061
  -0.18056   0.34905   0.22881
  -0.18056   0.34905   0.22881
   0.05886   0.34905  -0.01061
   0.05886   0.34905  -0.01061
  -0.18056   0.58847   0.22881
   0.05886   0.34905  -0.01061
   0.05886   0.58847  -0.01061
   0.05886   0.34905  -0.01061
   0.05886   0.34905  -0.01061
  -0.18056   0.58847  -0.01061
   0.05886   0.58847  -0.01061
   0.05886   0.34905  -0.01061
   0.05886   0.58847  -0.25003
   0.05886   0.34905  -0.25003
   0.05886   0.34905  -0.01061
   0.05886   0.34905  -0.01061
   0.05886   0.10963  -0.01061
   0.05886   0.34905  -0.01061
   0.05886   0.10963  -0.01061
   0.05886   0.10963  -0.25003
   0.05886   0.10963  -0.01061
   0.05886  -0.12979  -0.01061
   0.05886   0.10963  -0.01061
   0.05886  -0.12979  -0.01061
   0.05886  -0.12979  -0.01061
   0.05886  -0.12979  -0.01061
   0.05886  -0.12979  -0.01061
   0.05886  -0.36921  -0.01061
   0.05886  -0.36921  -0.01061
   0.05886  -0.12979  -0.01061
  -0.18056  -0.36921  -0.25003
   0.05886  -0.12979  -0.01061
   0.05886  -0.12979  -0.01061
   0.05886  -0.36921  -0.01061
   0.05886  -0.36921  -0.01061
  -0.18056  -0.12979  -0.01061
  -0.18056  -0.12979  -0.01061
   0.05886  -0.36921  -0.25003
   0.05886  -0.12979  -0.01061
  -0.18056  -0.12979  -0.01061
  -0.18056  -0.12979  -0.01061
   0.05886  -0.12979  -0.01061
   0.05886  -0.12979  -0.01061
   0.05886  -0.12979  -0.01061
   0.05886   0.10963  -0.01061
   0.05886  -0.12979  -0.01061
   0.05886  -0.12979  -0.01061
   0.05886   0.10963  -0.01061
  -0.18056   0.10963  -0.01061
   0.05886   0.10963   0.22881
   0.05886   0.10963  -0.01061
   0.05886   0.34905   0.22881
   0.05886   0.34905  -0.01061
   0.05886   0.34905  -0.01061
  -0.18056   0.34905  -0.01061
   0.05886   0.34905  -0.01061
   0.05886   0.34905   0.22881
   0.05886   0.34905  -0.01061
   0.05886   0.34905   0.22881
   0.05886   0.10963  -0.01061
   0.05886   0.34905  -0.01061
   0.05886   0.10963  -0.01061
   0.05886   0.10963  -0.01061
   0.05886   0.10963  -0.01061
   0.05886   0.10963  -0.01061
   0.05886   0.10963  -0.25003
   0.05886   0.10963  -0.01061
   0.05886  -0.12979  -0.01061
   0.05886  -0.12979  -0.01061
  -0.18056  -0.12979  -0.01061
  -0.18056  -0.12979  -0.01061
   0.05886  -0.12979  -0.01061
   0.05886  -0.12979  -0.01061
   0.05886  -0.12979  -0.01061
   0.05886  -0.36921  -0.01061
   0.05886  -0.12979  -0.01061
   0.05886  -0.12979  -0.01061
  -0.18056  -0.12979  -0.01061
   0.05886  -0.36921  -0.01061
   0.05886  -0.36921  -0.25003
  -0.18056  -0.12979  -0.01061
  -0.18056  -0.12979  -0.01061
   0.05886  -0.12979  -0.01061
   0.05886  -0.12979  -0.01061
   0.05886  -0.12979  -0.01061
   0.05886   0.10963  -0.01061
   0.05886   0.10963  -0.01061
   0.05886  -0.12979  -0.01061
   0.05886   0.10963  -0.01061
   0.05886  -0.12979  -0.01061
   0.05886  -0.12979   0.22881
   0.05886   0.10963   0.22881
   0.05886   0.10963   0.22881
   0.05886   0.10963  -0.01061
   0.05886   0.34905  -0.01061
   0.05886   0.10963  -0.01061
   0.05886   0.34905  -0.01061
   0.05886   0.34905  -0.01061
   0.05886   0.34905  -0.25003
   0.05886   0.34905  -0.01061
   0.05886   0.34905  -0.01061
   0.05886   0.34905  -0.01061
   0.05886   0.34905   0.22881
   0.05886   0.10963  -0.01061
   0.05886   0.34905  -0.25003
   0.05886   0.34905  -0.25003
   0.05886   0.34905  -0.01061
   0.05886   0.10963   0.22881
   0.05886   0.34905  -0.01061
   0.05886   0.10963  -0.01061
   0.05886   0.10963  -0.25003
   0.05886   0.10963  -0.25003
   0.05886   0.10963  -0.01061
   0.05886  -0.12979  -0.01061
   0.05886  -0.12979  -0.01061
   0.29828  -0.12979  -0.01061
   0.05886  -0.12979  -0.01061
   0.05886  -0.36921  -0.25003
   0.05886  -0.36921  -0.25003
   0.05886  -0.36921  -0.25003
   0.05886  -0.36921  -0.01061
   0.05886  -0.36921  -0.01061
  -0.18056  -0.36921  -0.01061
   0.05886  -0.36921  -0.01061
  -0.18056  -0.36921  -0.01061
   0.05886  -0.12979  -0.01061
  -0.18056  -0.12979  -0.01061
   0.05886  -0.12979   0.22881
   0.05886  -0.12979  -0.01061
   0.05886   0.10963   0.22881
   0.05886  -0.12979   0.22881
   0.05886  -0.12979  -0.01061
  -0.18056  -0.12979   0.22881
   0.05886  -0.12979  -0.01061
  -0.18056   0.10963  -0.01061
  -0.18056  -0.12979  -0.01061
   0.05886   0.10963  -0.01061
  -0.18056   0.10963  -0.01061
   0.05886   0.34905  -0.01061
   0.05886   0.10963  -0.01061
   0.05886   0.34905  -0.01061
   0.05886   0.34905  -0.01061
   0.05886   0.34905  -0.01061
   0.05886   0.34905  -0.01061
   0.29828   0.10963  -0.01061
   0.05886   0.10963  -0.01061
   0.05886   0.34905  -0.01061
   0.05886   0.10963  -0.01061
   0.05886   0.10963  -0.01061
   0.05886   0.10963  -0.01061
   0.05886   0.10963  -0.25003
   0.05886  -0.12979  -0.01061
   0.05886   0.10963  -0.01061
   0.05886  -0.12979  -0.01061
  -0.18056  -0.12979  -0.01061
   0.05886  -0.12979  -0.25003
   0.05886  -0.12979  -0.01061
  -0.18056  -0.12979  -0.01061
  -0.18056  -0.12979  -0.01061
   0.05886  -0.12979   0.22881
  -0.18056  -0.12979  -0.01061
   0.05886  -0.36921  -0.01061
   0.05886  -0.36921  -0.01061
   0.05886  -0.36921  -0.01061
   0.05886  -0.36921  -0.01061
  -0.18056  -0.36921  -0.01061
   0.05886  -0.36921  -0.01061
   0.05886  -0.36921  -0.01061
  -0.18056  -0.36921  -0.01061
   0.05886  -0.36921  -0.01061
  -0.18056  -0.12979  -0.01061
  -0.18056  -0.12979   0.22881
   0.05886   0.10963   0.22881
   0.05886   0.10963  -0.01061
   0.05886   0.10963   0.22881
  -0.18056   0.10963   0.22881
   0.05886   0.34905  -0.01061
   0.05886   0.34905  -0.01061
   0.05886   0.34905   0.22881
  -0.18056   0.34905   0.22881
   0.05886   0.58847  -0.01061
   0.05886   0.58847  -0.01061
   0.05886   0.58847  -0.01061
   0.05886   0.58847  -0.01061
   0.05886   0.58847  -0.01061
   0.05886   0.58847  -0.01061
   0.05886   0.34905  -0.01061
   0.05886   0.34905  -0.01061
   0.05886   0.34905   0.22881
   0.05886   0.58847  -0.01061
   0.05886   0.34905  -0.01061
   0.05886   0.10963  -0.01061
   0.29828   0.10963  -0.01061
   0.05886   0.10963  -0.25003
   0.05886   0.10963  -0.01061
   0.05886  -0.12979  -0.01061
   0.05886  -0.12979  -0.01061
   0.05886  -0.12979  -0.01061
   0.05886  -0.12979  -0.01061
   0.05886  -0.36921  -0.01061
   0.05886  -0.36921  -0.01061
   0.05886  -0.36921  -0.01061
  -0.18056  -0.36921  -0.25003
   0.05886  -0.36921  -0.25003
   0.05886  -0.60863  -0.25003
  -0.18056  -0.36921  -0.01061
   0.05886  -0.36921  -0.01061
  -0.18056  -0.60863  -0.01061
  -0.18056  -0.60863  -0.01061
  -0.18056  -0.60863  -0.01061
  -0.18056  -0.60863  -0.01061
  -0.18056  -0.36921   0.22881
  -0.18056  -0.36921  -0.01061
  -0.18056  -0.36921  -0.01061
  -0.18056  -0.12979  -0.01061
  -0.18056   0.10963  -0.01061
   0.05886  -0.12979  -0.01061
  -0.18056  -0.12979   0.22881
   0.05886  -0.12979  -0.01061
   0.05886   0.10963  -0.01061
   0.05886   0.10963  -0.01061
   0.05886   0.10963  -0.01061
   0.05886   0.10963  -0.01061
   0.05886   0.10963  -0.01061
   0.05886   0.34905  -0.01061
   0.05886   0.34905   0.22881
   0.05886   0.34905   0.22881
   0.05886   0.34905   0.22881
   0.05886   0.58847  -0.01061
   0.05886   0.34905   0.22881
   0.05886   0.34905  -0.01061
   0.05886   0.34905  -0.25003
   0.05886   0.34905  -0.01061
   0.05886   0.34905  -0.01061
   0.05886   0.34905  -0.25003
   0.05886   0.10963  -0.01061
   0.05886   0.10963  -0.01061
  -0.18056   0.10963  -0.01061
   0.05886   0.10963  -0.01061
   0.05886   0.10963  -0.01061
   0.05886   0.10963  -0.01061
   0.05886  -0.12979  -0.01061
   0.05886  -0.12979  -0.25003
   0.05886  -0.12979  -0.01061
   0.05886  -0.12979  -0.25003
   0.05886  -0.12979   0.22881
   0.05886  -0.12979  -0.01061
  -0.18056  -0.12979  -0.01061
   0.05886  -0.12979  -0.01061
  -0.18056  -0.12979  -0.01061
   0.05886  -0.36921  -0.01061
   0.05886  -0.36921  -0.01061
   0.05886  -0.36921  -0.01061
   0.05886  -0.36921  -0.01061
  -0.18056  -0.36921  -0.01061
  -0.18056  -0.36921  -0.01061
   0.05886  -0.12979  -0.01061
   0.05886  -0.12979  -0.01061
   0.05886   0.10963   0.22881
   0.05886   0.10963  -0.01061
   0.05886   0.10963  -0.01061
   0.05886   0.10963  -0.01061
   0.05886   0.10963  -0.01061
  -0.18056   0.10963  -0.01061
   0.05886   0.10963  -0.01061
   0.05886   0.10963  -0.01061
  -0.18056   0.10963  -0.01061
   0.05886   0.10963   0.22881
   0.05886   0.10963  -0.01061
   0.05886   0.10963  -0.01061
   0.05886   0.34905  -0.01061
   0.05886   0.34905  -0.01061
   0.05886   0.34905  -0.01061
   0.05886   0.34905   0.22881
   0.05886   0.34905  -0.01061
   0.05886   0.10963  -0.01061
   0.05886   0.10963  -0.01061
   0.05886   0.10963  -0.01061
   0.05886   0.10963  -0.01061
   0.05886   0.10963  -0.01061
   0.05886   0.10963  -0.01061
  -0.18056  -0.12979  -0.01061
   0.05886  -0.12979  -0.01061
  -0.18056   0.10963  -0.01061
  -0.18056  -0.12979   0.22881
  -0.18056  -0.12979  -0.01061
   0.05886   0.10963  -0.01061
   0.05886   0.10963  -0.01061
   0.05886   0.10963  -0.25003
   0.05886  -0.12979  -0.01061
   0.05886  -0.12979  -0.01061
   0.05886  -0.12979  -0.01061
   0.05886  -0.12979  -0.01061
   0.05886  -0.12979  -0.01061
  -0.18056  -0.12979  -0.01061
   0.05886  -0.12979  -0.01061
   0.05886  -0.12979  -0.01061
  -0.18056  -0.36921  -0.01061
   0.05886  -0.36921  -0.01061
   0.05886  -0.12979  -0.01061
   0.05886  -0.12979  -0.01061
  -0.18056  -0.12979   0.22881
   0.05886  -0.36921  -0.01061
   0.05886  -0.36921  -0.01061
   0.05886  -0.36921  -0.01061
  -0.18056  -0.12979  -0.01061
  -0.18056  -0.12979   0.22881
  -0.18056  -0.12979  -0.01061
  -0.18056  -0.12979  -0.01061
   0.05886  -0.12979   0.22881
  -0.18056   0.10963   0.22881
   0.05886   0.10963   0.22881
   0.05886   0.10963  -0.01061
   0.05886   0.10963  -0.01061
  -0.18056   0.10963  -0.01061
   0.05886   0.10963  -0.01061
  -0.18056   0.34905  -0.01061
   0.05886   0.34905  -0.01061
   0.05886   0.34905  -0.01061
   0.05886   0.10963  -0.01061
   0.05886   0.34905  -0.01061
   0.05886   0.34905  -0.01061
   0.05886   0.10963  -0.01061
   0.05886   0.10963   0.22881
   0.05886   0.10963  -0.01061
   0.05886   0.10963  -0.01061
   0.05886   0.10963  -0.01061
   0.05886   0.10963   0.22881
   0.05886   0.10963  -0.01061
  -0.18056   0.10963  -0.01061
   0.05886  -0.12979  -0.01061
   0.05886  -0.12979  -0.25003
   0.05886  -0.12979  -0.01061
   0.05886  -0.12979  -0.01061
  -0.18056  -0.12979   0.22881
  -0.18056  -0.12979  -0.01061
  -0.18056  -0.12979  -0.01061
   0.05886  -0.12979  -0.01061
  -0.18056  -0.12979  -0.01061
   0.05886  -0.12979  -0.01061
  -0.18056  -0.12979  -0.01061
  -0.18056  -0.12979   0.22881
  -0.18056  -0.12979  -0.01061
   0.05886  -0.12979  -0.01061
   0.05886  -0.12979   0.22881
   0.05886   0.10963  -0.01061
   0.05886   0.10963  -0.01061
   0.05886  -0.12979  -0.01061
  -0.18056   0.10963  -0.01061
   0.05886   0.10963  -0.01061
   0.05886   0.10963  -0.25003
   0.05886   0.10963  -0.01061
   0.05886   0.10963   0.22881
   0.05886   0.10963  -0.01061
   0.05886   0.34905  -0.01061
   0.05886   0.34905  -0.01061
   0.05886   0.34905  -0.01061
   0.05886   0.34905  -0.01061
   0.05886   0.10963  -0.25003
   0.05886   0.10963  -0.01061
   0.05886  -0.12979  -0.01061
   0.05886   0.10963  -0.01061
   0.05886   0.10963  -0.01061
   0.05886  -0.12979  -0.01061
   0.05886   0.10963  -0.01061
  -0.18056  -0.12979  -0.01061
  -0.18056   0.10963  -0.01061
   0.05886  -0.12979   0.22881
   0.05886   0.10963  -0.25003
   0.05886  -0.12979  -0.01061
  -0.18056   0.10963  -0.01061
   0.05886  -0.12979  -0.25003
   0.05886  -0.12979  -0.01061
  -0.18056  -0.12979  -0.01061
   0.05886  -0.12979  -0.01061
   0.05886  -0.12979  -0.01061
   0.05886  -0.36921  -0.01061
   0.05886  -0.12979  -0.01061
  -0.18056  -0.12979  -0.01061
   0.05886  -0.12979  -0.01061
   0.05886  -0.12979  -0.01061
   0.05886  -0.12979  -0.01061
   0.05886  -0.12979  -0.01061
   0.05886  -0.12979  -0.01061
   0.05886   0.10963  -0.01061
   0.05886  -0.12979  -0.01061
   0.05886  -0.12979  -0.25003
  -0.18056  -0.12979  -0.01061
  -0.18056   0.10963  -0.25003
   0.05886   0.10963  -0.01061
   0.05886   0.10963   0.22881
   0.05886   0.10963  -0.01061
   0.05886  -0.12979  -0.01061
  -0.18056  -0.12979   0.22881
   0.05886   0.10963  -0.25003
   0.05886   0.10963  -0.01061
   0.05886   0.10963  -0.01061
   0.05886   0.10963  -0.01061
  -0.18056   0.10963  -0.01061
   0.05886   0.10963  -0.01061
   0.05886  -0.12979  -0.01061
   0.05886  -0.12979  -0.01061
   0.05886   0.10963  -0.01061
   0.05886   0.10963  -0.01061
   0.05886   0.10963  -0.01061
   0.05886   0.10963  -0.01061
   0.05886   0.10963  -0.01061
   0.05886   0.10963  -0.01061
   0.05886   0.10963  -0.01061
   0.05886  -0.12979  -0.25003
   0.05886   0.10963  -0.01061
   0.05886   0.10963  -0.01061
   0.05886   0.10963  -0.01061
   0.05886  -0.12979  -0.01061
   0.05886  -0.12979  -0.01061
   0.05886  -0.12979  -0.01061
   0.05886   0.10963   0.22881
   0.05886  -0.12979   0.22881
   0.05886  -0.12979  -0.01061
   0.05886   0.10963   0.22881
   0.05886   0.10963  -0.01061
  -0.18056   0.10963  -0.01061
   0.05886   0.10963  -0.01061
   0.05886   0.10963  -0.01061
   0.05886  -0.12979  -0.01061
   0.05886  -0.12979  -0.01061
   0.05886  -0.12979  -0.01061
   0.05886  -0.12979  -0.01061
   0.05886  -0.12979   0.22881
   0.05886  -0.12979  -0.25003
   0.05886  -0.12979  -0.01061
   0.05886   0.10963  -0.01061
  -0.18056   0.10963  -0.01061
  -0.18056  -0.12979  -0.01061
   0.05886  -0.12979  -0.01061
   0.05886  -0.12979  -0.01061
  -0.18056  -0.12979  -0.01061
   0.05886  -0.12979  -0.01061
   0.05886  -0.12979  -0.01061
   0.05886  -0.36921  -0.25003
   0.05886  -0.12979  -0.01061
  -0.18056  -0.12979  -0.01061
   0.05886  -0.12979  -0.01061
   0.05886  -0.12979  -0.25003
   0.05886  -0.12979  -0.01061
  -0.18056  -0.36921  -0.01061
   0.05886  -0.12979  -0.25003
   0.05886  -0.12979  -0.01061
   0.05886   0.10963  -0.01061
  -0.18056   0.10963  -0.01061
   0.05886   0.10963  -0.01061
   0.05886   0.10963  -0.01061
   0.05886   0.10963  -0.01061
   0.05886   0.10963   0.22881
   0.05886   0.10963  -0.01061
  -0.18056   0.10963  -0.01061
   0.05886   0.34905   0.22881
   0.05886   0.34905  -0.01061
   0.05886   0.34905  -0.01061
   0.05886   0.34905  -0.01061
   0.05886   0.10963  -0.01061
   0.05886   0.34905  -0.01061
   0.05886   0.10963   0.22881
   0.05886   0.34905   0.22881
   0.05886   0.34905   0.22881
   0.05886   0.34905   0.22881
   0.05886   0.34905  -0.01061
   0.05886   0.10963  -0.01061
   0.05886   0.10963  -0.01061
   0.05886   0.10963  -0.25003
   0.05886   0.10963  -0.01061
   0.05886  -0.12979  -0.01061
   0.05886   0.10963  -0.01061
   0.05886   0.10963   0.22881
   0.05886  -0.12979  -0.01061
   0.05886  -0.12979  -0.01061
   0.05886   0.10963  -0.01061
   0.05886  -0.12979  -0.01061
  -0.18056  -0.12979  -0.25003
  -0.18056  -0.12979  -0.01061
   0.05886  -0.12979  -0.01061
   0.05886  -0.12979  -0.01061
   0.05886  -0.12979  -0.25003
   0.05886  -0.12979  -0.01061
   0.05886  -0.12979  -0.01061
  -0.18056  -0.12979  -0.01061
   0.05886  -0.12979  -0.01061
   0.05886  -0.12979  -0.01061
  -0.18056  -0.12979  -0.01061
   0.05886  -0.12979  -0.01061
   0.05886  -0.12979  -0.01061
  -0.18056  -0.12979  -0.01061
   0.05886  -0.12979  -0.01061
   0.05886  -0.12979  -0.01061
   0.05886   0.10963  -0.01061
   0.05886  -0.12979  -0.01061
  -0.18056   0.10963  -0.01061
   0.05886   0.10963  -0.01061
   0.05886   0.10963  -0.01061
  -0.18056   0.10963  -0.01061
   0.05886   0.34905  -0.01061
   0.05886   0.10963  -0.01061
   0.05886   0.10963  -0.01061
   0.05886   0.10963  -0.01061
   0.05886   0.10963  -0.01061
   0.05886  -0.12979  -0.01061
   0.05886   0.10963  -0.01061
   0.05886   0.10963  -0.01061
   0.05886   0.10963  -0.01061
   0.05886   0.10963  -0.01061
   0.05886   0.10963   0.22881
   0.05886   0.10963  -0.01061
   0.05886   0.10963  -0.01061
  -0.18056   0.10963   0.22881
   0.05886  -0.12979  -0.01061
  -0.18056  -0.12979  -0.01061
   0.05886   0.10963  -0.01061
   0.05886  -0.12979  -0.01061
   0.05886  -0.12979   0.22881
   0.05886  -0.12979  -0.01061
   0.05886  -0.12979  -0.01061
   0.05886  -0.12979  -0.01061
   0.05886   0.10963  -0.01061
  -0.18056   0.10963  -0.01061
   0.05886   0.10963  -0.01061
   0.05886  -0.12979  -0.01061
   0.05886   0.10963   0.22881
  -0.18056   0.10963  -0.01061
  -0.18056   0.10963  -0.01061
   0.05886  -0.12979  -0.01061
   0.05886   0.10963  -0.01061
   0.05886  -0.12979  -0.01061
  -0.18056   0.10963  -0.01061
  -0.18056   0.10963  -0.01061
   0.05886   0.10963  -0.01061
   0.05886   0.10963  -0.01061
  -0.18056  -0.12979  -0.01061
   0.05886  -0.12979  -0.01061
   0.05886  -0.12979  -0.01061
  -0.18056  -0.12979  -0.01061
   0.05886  -0.12979  -0.01061
  -0.18056  -0.12979  -0.01061
  -0.18056  -0.12979  -0.01061
   0.05886  -0.12979  -0.01061
   0.05886  -0.12979  -0.01061
   0.05886  -0.12979  -0.01061
   0.05886  -0.12979  -0.01061
   0.05886  -0.12979   0.22881
   0.05886  -0.12979  -0.01061
   0.05886   0.10963  -0.01061
   0.05886  -0.12979  -0.01061
   0.05886  -0.12979  -0.01061
   0.05886   0.10963  -0.01061
   0.05886  -0.12979  -0.01061
   0.05886   0.10963  -0.01061
   0.05886   0.10963  -0.01061
   0.05886   0.10963  -0.01061
   0.05886   0.10963  -0.01061
   0.05886   0.10963  -0.01061
   0.05886   0.10963  -0.01061
   0.05886   0.10963  -0.01061
   0.05886   0.10963  -0.25003
   0.05886   0.10963  -0.01061
  -0.18056   0.10963  -0.01061
   0.05886   0.10963  -0.01061
   0.05886   0.10963  -0.01061
  -0.18056  -0.12979  -0.01061
   0.05886   0.10963  -0.01061
   0.05886   0.10963  -0.01061
   0.05886   0.10963  -0.01061
   0.05886   0.10963  -0.01061
  -0.18056   0.10963  -0.01061
   0.05886  -0.12979  -0.01061
  -0.18056   0.10963  -0.01061
   0.05886   0.10963  -0.01061
   0.05886   0.10963  -0.01061
   0.05886   0.10963  -0.01061
   0.05886  -0.12979  -0.01061
   0.05886  -0.12979  -0.01061
   0.05886  -0.12979  -0.01061
   0.05886   0.10963   0.22881
   0.05886  -0.12979   0.22881
   0.05886  -0.12979  -0.01061
   0.05886  -0.12979  -0.01061
  -0.18056  -0.12979  -0.01061
  -0.18056  -0.12979   0.22881
  -0.18056  -0.12979  -0.01061
   0.05886  -0.12979  -0.01061
   0.05886  -0.12979  -0.01061
   0.05886  -0.12979  -0.01061
   0.05886  -0.12979  -0.01061
   0.05886  -0.12979  -0.01061
  -0.18056  -0.12979  -0.01061
   0.05886  -0.12979  -0.01061
   0.05886   0.10963  -0.01061
   0.05886  -0.12979  -0.01061
   0.05886  -0.12979  -0.01061
   0.05886   0.10963  -0.01061
   0.05886   0.10963  -0.01061
   0.05886   0.10963  -0.01061
   0.05886  -0.12979  -0.01061
   0.05886   0.10963  -0.01061
   0.05886   0.10963  -0.01061
   0.05886   0.10963  -0.01061
   0.05886   0.10963  -0.01061
   0.05886  -0.12979  -0.25003
   0.05886   0.10963  -0.01061
   0.05886   0.10963  -0.01061
   0.05886   0.10963  -0.01061
   0.05886   0.10963  -0.01061
   0.05886   0.10963   0.22881
   0.05886   0.10963   0.22881
   0.05886   0.10963  -0.01061
  -0.18056   0.10963   0.22881
   0.05886   0.10963  -0.01061
   0.05886   0.10963  -0.01061
   0.05886  -0.12979  -0.01061
  -0.18056  -0.12979  -0.01061
   0.05886  -0.12979  -0.01061
   0.05886  -0.12979  -0.01061
  -0.18056  -0.12979  -0.01061
  -0.18056  -0.12979   0.22881
   0.05886  -0.12979   0.22881
   0.05886  -0.12979  -0.01061
   0.05886   0.10963  -0.01061
   0.05886  -0.12979   0.22881
   0.05886   0.10963   0.22881
   0.05886   0.10963  -0.01061
   0.05886  -0.12979  -0.01061
   0.05886  -0.12979  -0.01061
   0.05886   0.10963  -0.01061
   0.05886   0.10963  -0.01061
  -0.18056   0.10963   0.22881
   0.05886   0.10963  -0.01061
   0.05886   0.10963   0.22881
   0.05886   0.10963  -0.01061
   0.05886   0.10963  -0.01061
   0.05886   0.10963  -0.01061
   0.05886   0.10963  -0.01061
   0.05886   0.10963  -0.01061
   0.05886   0.10963  -0.01061
   0.05886   0.10963  -0.01061
   0.05886  -0.12979  -0.01061
   0.05886  -0.12979  -0.01061
   0.05886   0.10963  -0.01061
   0.05886   0.10963  -0.01061
   0.05886  -0.12979  -0.01061
   0.05886   0.10963   0.22881
   0.05886  -0.12979  -0.01061
   0.05886   0.10963  -0.01061
   0.05886  -0.12979  -0.01061
   0.05886  -0.12979  -0.01061
   0.05886  -0.12979  -0.01061
   0.05886  -0.12979  -0.01061
   0.05886   0.10963  -0.01061
   0.05886  -0.12979  -0.25003
   0.05886  -0.12979  -0.25003
   0.05886  -0.12979  -0.01061
   0.05886  -0.12979  -0.01061
   0.05886  -0.12979  -0.01061
  -0.18056   0.10963  -0.01061
   0.05886  -0.12979  -0.01061
   0.05886   0.10963  -0.01061
   0.05886  -0.12979  -0.01061
   0.05886  -0.12979  -0.01061
   0.05886  -0.12979  -0.01061
   0.05886  -0.12979  -0.01061
   0.05886   0.10963  -0.01061
   0.05886  -0.12979  -0.01061
   0.05886   0.10963  -0.01061
   0.05886   0.10963  -0.01061
   0.05886   0.10963  -0.01061
   0.05886  -0.12979  -0.01061
   0.05886   0.10963  -0.01061
   0.05886   0.10963  -0.01061
   0.05886   0.10963   0.22881
   0.05886   0.10963   0.22881
   0.05886   0.10963  -0.01061
   0.05886   0.10963  -0.01061
   0.05886   0.10963  -0.01061
   0.05886  -0.12979  -0.01061
   0.05886  -0.12979  -0.01061
   0.05886  -0.12979  -0.01061
   0.05886  -0.12979  -0.01061
   0.05886   0.10963  -0.01061
   0.05886   0.10963  -0.25003
   0.05886  -0.12979  -0.01061
   0.05886  -0.12979  -0.01061
  -0.18056  -0.12979  -0.01061
  -0.18056  -0.12979  -0.01061
   0.05886  -0.12979  -0.01061
   0.05886  -0.12979  -0.01061
   0.05886  -0.12979  -0.01061
   0.05886  -0.12979  -0.01061
   0.05886  -0.12979  -0.01061
   0.05886  -0.12979  -0.01061
   0.05886  -0.12979  -0.01061
   0.05886  -0.12979  -0.01061
   0.05886  -0.12979  -0.01061
   0.05886   0.10963  -0.01061
   0.05886   0.10963  -0.01061
   0.05886   0.10963  -0.01061
  -0.18056   0.10963  -0.01061
  -0.18056   0.10963   0.22881
   0.05886   0.10963  -0.01061
  -0.18056   0.10963  -0.01061
   0.05886   0.10963  -0.01061
   0.05886  -0.12979  -0.01061
   0.05886   0.10963  -0.01061
  -0.18056  -0.12979  -0.01061
   0.05886  -0.12979  -0.01061
   0.05886   0.10963  -0.01061
  -0.18056  -0.12979  -0.01061
   0.05886  -0.12979  -0.01061
   0.05886  -0.12979  -0.01061
   0.05886   0.10963  -0.01061
   0.05886   0.10963  -0.01061
   0.05886   0.10963  -0.01061
   0.05886  -0.12979  -0.01061
   0.05886   0.10963   0.22881
   0.05886   0.10963  -0.01061
   0.05886   0.10963   0.22881
   0.05886   0.34905  -0.01061
   0.05886   0.10963   0.22881
   0.05886   0.10963  -0.01061
   0.05886   0.10963  -0.01061
   0.05886   0.10963  -0.01061
   0.05886   0.10963  -0.01061
   0.05886   0.10963  -0.01061
   0.05886   0.10963  -0.01061
   0.05886  -0.12979  -0.01061
  -0.18056  -0.12979  -0.01061
   0.05886   0.10963  -0.01061
   0.05886  -0.12979   0.22881
   0.05886  -0.12979  -0.01061
   0.05886   0.10963  -0.01061
   0.05886  -0.12979  -0.01061
   0.05886  -0.12979  -0.01061
   0.05886   0.10963  -0.01061
  -0.18056  -0.12979  -0.01061
   0.05886   0.10963  -0.01061
   0.05886   0.10963  -0.01061
  -0.18056  -0.12979  -0.01061
  -0.18056  -0.12979  -0.01061
  -0.18056  -0.12979   0.22881
   0.05886  -0.12979  -0.01061
   0.05886  -0.12979   0.22881
  -0.18056  -0.12979  -0.01061
   0.05886  -0.12979  -0.25003
   0.05886  -0.12979  -0.25003
   0.05886  -0.12979  -0.01061
   0.05886  -0.12979  -0.01061
  -0.18056  -0.12979  -0.01061
   0.05886  -0.12979  -0.25003
   0.05886  -0.12979  -0.01061
   0.05886  -0.12979  -0.01061
   0.05886  -0.12979  -0.01061
   0.05886  -0.12979  -0.01061
  -0.18056   0.10963  -0.01061
   0.05886   0.10963  -0.01061
   0.05886   0.10963  -0.01061
   0.05886   0.10963  -0.01061
   0.05886   0.10963  -0.01061
   0.05886   0.10963  -0.01061
   0.05886   0.10963  -0.01061
   0.05886   0.10963  -0.01061
   0.05886  -0.12979  -0.01061
  -0.18056   0.10963   0.22881
   0.05886  -0.12979  -0.01061
   0.05886  -0.12979  -0.01061
  -0.18056   0.10963  -0.01061
   0.05886   0.10963  -0.01061
  -0.18056  -0.12979  -0.01061
   0.05886  -0.12979  -0.01061
   0.05886   0.10963  -0.01061
  -0.18056   0.10963   0.22881
   0.05886  -0.12979  -0.01061
  -0.18056   0.10963  -0.01061
   0.05886   0.10963   0.22881
  -0.18056   0.10963   0.22881
   0.05886  -0.12979  -0.01061
  -0.18056   0.10963  -0.01061
   0.05886   0.10963  -0.01061
   0.05886   0.10963  -0.01061
   0.05886   0.10963  -0.01061
  -0.18056   0.10963  -0.01061
   0.05886   0.10963  -0.01061
  -0.18056   0.10963  -0.01061
  -0.18056  -0.12979  -0.01061
   0.05886   0.10963  -0.25003
   0.05886   0.10963  -0.01061
   0.05886   0.10963  -0.25003
   0.05886   0.10963  -0.01061
   0.05886   0.10963  -0.01061
   0.05886   0.10963  -0.01061
   0.05886   0.10963  -0.01061
   0.05886   0.10963  -0.01061
   0.05886   0.10963  -0.01061
   0.05886   0.10963  -0.01061
  -0.18056   0.10963  -0.01061
   0.05886   0.10963  -0.01061
   0.05886   0.10963   0.22881
   0.05886  -0.12979  -0.01061
   0.05886  -0.12979  -0.01061
   0.05886  -0.12979   0.22881
   0.05886  -0.12979  -0.01061
   0.05886  -0.12979  -0.01061
   0.05886  -0.12979  -0.01061
   0.05886  -0.12979  -0.01061
   0.05886  -0.12979  -0.01061
   0.05886  -0.12979  -0.01061
   0.05886   0.10963   0.22881
  -0.18056  -0.12979  -0.01061
   0.05886  -0.12979  -0.01061
  -0.18056  -0.12979  -0.01061
  -0.18056  -0.12979  -0.01061
   0.05886  -0.12979  -0.01061
   0.05886   0.10963  -0.01061
  -0.18056  -0.12979  -0.01061
   0.05886  -0.12979  -0.01061
  -0.18056  -0.12979  -0.01061
  -0.18056   0.10963  -0.01061
   0.05886   0.10963  -0.01061
   0.05886   0.10963  -0.01061
  -0.18056   0.10963  -0.01061
   0.05886   0.10963  -0.01061
   0.05886   0.34905  -0.01061
  -0.18056   0.10963  -0.01061
   0.05886   0.10963  -0.01061
  -0.18056  -0.12979  -0.01061
   0.05886   0.10963  -0.01061
   0.05886   0.10963  -0.01061
   0.05886   0.10963  -0.01061
  -0.18056   0.10963   0.22881
   0.05886   0.10963  -0.01061
   0.05886   0.10963  -0.01061
   0.05886   0.10963  -0.01061
   0.05886  -0.12979  -0.01061
   0.05886   0.10963  -0.01061
   0.05886   0.10963  -0.25003
   0.05886  -0.12979  -0.25003
   0.05886  -0.12979  -0.01061
   0.05886   0.10963  -0.01061
   0.05886  -0.12979  -0.01061
   0.05886  -0.12979   0.22881
   0.05886   0.10963  -0.01061
   0.05886   0.10963   0.22881
   0.05886   0.10963  -0.01061
   0.05886   0.10963  -0.01061
   0.05886   0.10963  -0.01061
   0.05886   0.10963   0.22881
   0.05886   0.10963  -0.01061
   0.05886   0.10963  -0.01061
   0.05886   0.10963  -0.01061
   0.05886   0.10963  -0.01061
   0.05886   0.10963  -0.01061
   0.05886  -0.12979  -0.01061
   0.05886  -0.12979  -0.25003
  -0.18056  -0.12979   0.22881
   0.05886  -0.12979  -0.01061
   0.05886  -0.12979  -0.01061
   0.05886  -0.12979  -0.01061
   0.05886   0.10963  -0.01061
   0.05886   0.10963  -0.01061
  -0.18056   0.10963  -0.01061
  -0.18056   0.10963   0.22881
   0.05886   0.10963  -0.01061
   0.05886   0.10963  -0.01061
   0.05886   0.10963  -0.01061
  -0.18056  -0.12979  -0.01061
   0.05886   0.10963  -0.01061
   0.05886   0.10963  -0.01061
   0.05886  -0.12979   0.22881
   0.05886  -0.12979  -0.01061
   0.05886  -0.12979  -0.01061
   0.05886   0.10963  -0.01061
  -0.18056  -0.12979  -0.01061
   0.05886   0.10963  -0.01061
   0.05886   0.10963  -0.01061
   0.05886  -0.12979  -0.01061
   0.05886  -0.12979  -0.01061
  -0.18056   0.10963   0.22881
   0.05886   0.10963  -0.01061
   0.05886  -0.12979  -0.01061
   0.05886   0.10963  -0.01061
   0.05886   0.10963  -0.01061
   0.05886   0.10963  -0.01061
  -0.18056   0.10963  -0.01061
   0.05886  -0.12979  -0.01061
  -0.18056   0.34905  -0.01061
   0.05886  -0.12979  -0.01061
   0.05886  -0.12979  -0.01061
   0.05886  -0.12979  -0.01061
   0.05886  -0.12979   0.22881
   0.05886   0.10963  -0.01061
   0.05886  -0.12979  -0.01061
   0.05886  -0.12979  -0.01061
   0.05886  -0.12979  -0.01061
   0.05886  -0.12979  -0.01061
  -0.18056  -0.12979  -0.01061
  -0.18056  -0.12979  -0.01061
   0.05886  -0.12979  -0.01061
   0.05886  -0.12979  -0.01061
  -0.18056  -0.12979  -0.01061
   0.05886   0.10963  -0.01061
   0.05886  -0.12979  -0.01061
   0.05886  -0.12979  -0.25003
   0.05886  -0.12979  -0.01061
  -0.18056  -0.12979  -0.01061
   0.05886  -0.12979  -0.25003
   0.05886   0.10963  -0.01061
   0.05886   0.10963  -0.01061
   0.05886  -0.12979  -0.25003
   0.05886   0.10963  -0.01061
  -0.18056  -0.12979   0.22881
   0.05886   0.10963   0.22881
  -0.18056   0.10963  -0.01061
   0.05886   0.10963  -0.01061
   0.05886   0.10963  -0.01061
   0.05886   0.10963  -0.01061
   0.05886   0.10963  -0.01061
   0.05886   0.10963  -0.01061
   0.05886   0.10963  -0.01061
  -0.18056   0.10963  -0.01061
   0.05886  -0.12979  -0.01061
   0.05886   0.10963  -0.01061
   0.05886  -0.12979  -0.01061
   0.05886   0.10963   0.22881
   0.05886   0.10963   0.22881
   0.05886  -0.12979  -0.01061
  -0.18056  -0.12979  -0.01061
   0.05886  -0.12979  -0.01061
   0.05886  -0.12979  -0.01061
   0.05886  -0.12979  -0.01061
   0.05886   0.10963  -0.01061
   0.05886   0.10963  -0.01061
  -0.18056   0.10963  -0.25003
   0.05886   0.10963  -0.01061
   0.05886   0.10963  -0.25003
   0.05886   0.10963  -0.01061
   0.05886  -0.12979  -0.01061
   0.05886  -0.12979  -0.01061
   0.05886   0.10963  -0.01061
   0.05886   0.10963  -0.01061
   0.05886   0.10963   0.22881
   0.05886  -0.12979  -0.01061
  -0.18056  -0.12979   0.22881
  -0.18056  -0.12979  -0.01061
  -0.18056  -0.12979  -0.01061
   0.05886  -0.12979  -0.01061
   0.05886   0.10963  -0.01061
   0.05886  -0.12979  -0.01061
   0.05886  -0.12979   0.22881
   0.05886   0.10963  -0.01061
   0.05886  -0.12979  -0.01061
   0.05886  -0.12979  -0.01061
   0.05886   0.10963  -0.01061
   0.05886   0.10963   0.22881
   0.05886   0.10963  -0.01061
  -0.18056   0.10963  -0.01061
   0.05886   0.10963  -0.01061
   0.05886   0.10963  -0.01061
   0.05886  -0.12979  -0.01061
   0.05886   0.10963  -0.01061
   0.05886  -0.12979  -0.01061
   0.05886  -0.12979  -0.01061
   0.05886   0.10963  -0.01061
   0.05886  -0.12979  -0.01061
   0.05886   0.10963  -0.01061
   0.05886  -0.12979  -0.01061
   0.05886   0.10963  -0.01061
   0.05886   0.10963  -0.01061
   0.05886  -0.12979  -0.01061
   0.05886   0.10963  -0.01061
   0.05886   0.10963  -0.01061
   0.05886  -0.12979  -0.01061
   0.05886   0.10963  -0.25003
   0.05886   0.10963  -0.25003
   0.05886  -0.12979  -0.01061
   0.05886   0.10963  -0.01061
   0.05886  -0.12979  -0.01061
   0.05886   0.10963  -0.01061
  -0.18056   0.10963  -0.01061
   0.05886  -0.12979  -0.01061
  -0.18056  -0.12979   0.22881
  -0.18056  -0.12979  -0.01061
   0.05886   0.10963  -0.01061
  -0.18056   0.10963  -0.01061
   0.05886   0.10963  -0.01061
   0.05886   0.10963  -0.01061
   0.05886   0.10963  -0.01061
   0.05886  -0.12979  -0.01061
  -0.18056   0.10963  -0.01061
   0.05886   0.10963  -0.01061
   0.05886   0.10963  -0.01061
   0.05886  -0.12979  -0.01061
   0.05886  -0.12979  -0.01061
  -0.18056  -0.12979   0.22881
   0.05886  -0.12979  -0.01061
   0.05886   0.10963  -0.01061
   0.05886  -0.12979  -0.01061
   0.05886  -0.12979  -0.01061
   0.05886  -0.12979  -0.01061
   0.05886   0.10963  -0.01061
   0.05886  -0.12979  -0.01061
   0.05886   0.10963  -0.01061
   0.05886  -0.12979  -0.01061
  -0.18056  -0.12979  -0.01061
   0.05886   0.10963  -0.01061
   0.05886   0.10963  -0.01061
   0.05886   0.10963  -0.01061
  -0.18056   0.10963  -0.01061
   0.05886   0.10963  -0.01061
   0.05886   0.10963  -0.01061
   0.05886   0.10963  -0.01061
   0.05886   0.10963  -0.25003
   0.05886   0.10963  -0.01061
   0.05886  -0.12979  -0.01061
   0.05886  -0.12979  -0.01061
   0.05886   0.10963  -0.01061
   0.05886  -0.12979  -0.01061
   0.05886  -0.12979  -0.25003
   0.05886  -0.12979  -0.01061
   0.05886  -0.12979  -0.01061
   0.05886  -0.12979  -0.01061
   0.05886  -0.12979  -0.01061
   0.05886   0.10963  -0.01061
   0.05886  -0.12979  -0.01061
   0.05886  -0.12979  -0.01061
   0.05886  -0.12979  -0.01061
   0.05886  -0.12979  -0.01061
  -0.18056   0.10963   0.22881
   0.05886  -0.12979  -0.01061
   0.05886  -0.12979   0.22881
  -0.18056   0.10963   0.22881
   0.05886  -0.12979  -0.01061
   0.05886  -0.12979  -0.01061
  -0.18056  -0.12979   0.22881
  -0.18056  -0.12979  -0.01061
  -0.18056  -0.12979  -0.01061
   0.05886   0.10963  -0.01061
  -0.18056   0.10963  -0.01061
   0.05886   0.10963  -0.01061
  -0.18056   0.10963  -0.01061
   0.05886   0.10963  -0.01061
   0.05886   0.34905  -0.01061
   0.05886   0.10963  -0.01061
  -0.18056   0.10963  -0.01061
   0.05886   0.10963  -0.01061
  -0.18056   0.10963  -0.01061
   0.05886   0.10963  -0.01061
   0.05886   0.10963  -0.01061
   0.05886   0.10963  -0.25003
   0.05886   0.10963  -0.01061
   0.05886   0.10963  -0.01061
  -0.18056   0.10963  -0.01061
   0.05886   0.10963  -0.01061
   0.05886   0.10963  -0.01061
   0.05886   0.10963  -0.01061
   0.05886  -0.12979  -0.01061
   0.05886   0.10963   0.22881
   0.05886   0.10963  -0.01061
   0.05886  -0.12979  -0.01061
   0.29828   0.10963  -0.01061
   0.05886   0.10963  -0.01061
   0.29828   0.10963  -0.01061
   0.05886  -0.12979  -0.01061
   0.05886  -0.12979  -0.01061
   0.05886  -0.12979  -0.25003
   0.05886  -0.12979  -0.01061
   0.05886  -0.12979  -0.01061
   0.05886  -0.12979  -0.01061
  -0.18056  -0.12979   0.22881
   0.05886  -0.12979  -0.01061
   0.05886   0.10963  -0.01061
   0.05886  -0.12979  -0.01061
  -0.18056  -0.12979  -0.01061
  -0.18056  -0.12979  -0.01061
   0.05886  -0.12979  -0.01061
   0.05886  -0.12979  -0.01061
   0.05886  -0.12979  -0.01061
   0.05886  -0.12979  -0.01061
   0.05886  -0.12979  -0.01061
   0.05886  -0.12979  -0.01061
   0.05886  -0.12979  -0.01061
  -0.18056  -0.12979  -0.01061
   0.05886  -0.12979  -0.01061
   0.05886   0.10963   0.22881
   0.05886  -0.12979  -0.01061
   0.05886   0.10963  -0.01061
   0.05886   0.10963  -0.01061
  -0.18056   0.10963  -0.01061
   0.05886  -0.12979  -0.01061
   0.05886  -0.12979  -0.01061
   0.05886   0.10963  -0.01061
   0.05886   0.10963   0.22881
   0.05886   0.10963   0.22881
   0.05886   0.10963  -0.01061
   0.05886   0.10963  -0.25003
  -0.18056   0.34905  -0.25003
  -0.18056  -0.12979  -0.01061
  -0.18056  -0.12979  -0.01061
   0.05886   0.10963  -0.01061
  -0.18056  -0.12979  -0.01061
   0.05886   0.10963  -0.01061
   0.05886   0.10963  -0.01061
   0.05886  -0.12979  -0.01061
   0.05886   0.10963  -0.01061
   0.05886  -0.12979  -0.01061
   0.05886  -0.12979   0.22881
   0.05886  -0.12979  -0.01061
   0.05886   0.10963  -0.01061
   0.05886   0.10963  -0.01061
   0.05886   0.10963  -0.01061
   0.05886   0.10963  -0.01061
   0.05886   0.10963  -0.01061
   0.05886   0.10963  -0.25003
   0.05886  -0.12979  -0.01061
   0.05886   0.10963  -0.01061
   0.05886   0.10963  -0.01061
   0.05886  -0.12979  -0.01061
   0.05886   0.10963  -0.01061
   0.05886   0.10963  -0.01061
  -0.18056   0.10963   0.22881
   0.05886   0.10963  -0.01061
   0.05886  -0.12979  -0.25003
   0.05886  -0.36921  -0.01061
   0.05886  -0.12979  -0.01061
  -0.18056   0.10963  -0.01061
   0.05886  -0.12979   0.22881
   0.05886  -0.12979  -0.01061
   0.05886  -0.12979  -0.01061
   0.05886   0.10963  -0.01061
   0.05886  -0.12979  -0.01061
   0.05886  -0.12979   0.22881
   0.05886  -0.12979  -0.01061
   0.05886   0.10963  -0.01061
  -0.18056  -0.12979  -0.01061
   0.05886  -0.12979  -0.01061
  -0.18056   0.10963  -0.01061
   0.05886  -0.12979  -0.01061
   0.05886  -0.12979  -0.01061
   0.05886  -0.12979  -0.01061
   0.05886   0.10963  -0.25003
   0.05886   0.10963  -0.01061
  -0.18056   0.10963  -0.01061
  -0.18056   0.10963  -0.01061
   0.05886   0.10963  -0.01061
   0.05886   0.10963  -0.01061
   0.05886  -0.12979  -0.01061
   0.05886   0.10963  -0.01061
   0.05886   0.10963  -0.01061
   0.05886   0.10963  -0.01061
   0.05886   0.10963  -0.25003
   0.05886   0.10963  -0.01061
   0.05886   0.34905  -0.01061
   0.05886   0.10963  -0.01061
   0.05886   0.10963  -0.01061
   0.05886   0.10963  -0.01061
   0.05886  -0.12979   0.22881
  -0.18056   0.10963  -0.01061
   0.05886  -0.12979  -0.25003
   0.05886  -0.12979  -0.25003
   0.05886  -0.12979  -0.01061
   0.05886  -0.12979  -0.01061
   0.05886  -0.12979  -0.01061
   0.05886  -0.12979  -0.01061
  -0.18056  -0.12979   0.22881
   0.05886  -0.12979  -0.01061
   0.05886   0.10963   0.22881
   0.05886  -0.12979  -0.01061
   0.05886  -0.12979   0.22881
   0.05886  -0.12979  -0.01061
   0.05886  -0.36921  -0.01061
   0.05886  -0.12979  -0.01061
   0.05886  -0.12979  -0.01061
   0.05886  -0.12979  -0.01061
  -0.18056  -0.12979  -0.01061
  -0.18056   0.10963   0.22881
  -0.18056   0.10963  -0.01061
   0.05886   0.10963  -0.01061
  -0.18056  -0.12979  -0.01061
   0.05886   0.10963  -0.01061
   0.05886   0.10963  -0.01061
   0.05886   0.10963  -0.01061
   0.05886   0.10963   0.22881
   0.05886   0.10963  -0.01061
   0.05886   0.10963   0.22881
  -0.18056   0.34905  -0.01061
   0.05886   0.10963  -0.01061
   0.05886   0.10963  -0.25003
  -0.18056   0.10963  -0.01061
   0.05886   0.10963  -0.25003
   0.05886  -0.12979  -0.01061
   0.05886   0.10963  -0.01061
   0.05886  -0.12979  -0.01061
   0.05886  -0.12979  -0.01061
   0.05886  -0.12979  -0.01061
   0.05886  -0.12979  -0.01061
   0.05886  -0.12979  -0.01061
   0.05886  -0.12979   0.22881
   0.05886  -0.12979   0.22881
   0.05886  -0.12979  -0.01061
   0.05886   0.10963  -0.01061
   0.05886  -0.12979  -0.01061
   0.05886  -0.12979  -0.01061
   0.05886   0.10963  -0.01061
   0.05886   0.10963  -0.01061
   0.05886   0.10963   0.22881
   0.05886   0.10963  -0.01061
  -0.18056   0.10963  -0.01061
   0.05886   0.10963  -0.01061
  -0.18056  -0.12979  -0.01061
  -0.18056  -0.12979  -0.01061
  -0.18056  -0.12979  -0.01061
  -0.18056  -0.12979  -0.01061
  -0.18056  -0.12979  -0.01061
   0.05886  -0.12979  -0.01061
   0.05886  -0.12979  -0.01061
  -0.18056   0.10963  -0.01061
  -0.18056  -0.12979  -0.01061
  -0.18056   0.10963  -0.01061
  -0.18056   0.10963  -0.01061
  -0.18056   0.10963  -0.01061
  -0.18056   0.10963  -0.01061
   0.05886  -0.12979  -0.01061
   0.05886   0.10963  -0.01061
   0.05886  -0.12979  -0.01061
   0.05886  -0.12979  -0.01061
   0.05886  -0.12979  -0.01061
  -0.18056   0.10963  -0.01061
   0.05886   0.10963  -0.01061
   0.05886   0.10963  -0.01061
   0.05886   0.10963   0.22881
   0.05886   0.10963  -0.01061
   0.05886   0.10963  -0.01061
   0.05886   0.10963  -0.01061
   0.05886   0.10963  -0.01061
  -0.18056   0.10963   0.22881
   0.05886   0.10963  -0.01061
   0.05886  -0.12979  -0.01061
  -0.18056   0.10963  -0.01061
   0.05886  -0.12979  -0.01061
  -0.18056  -0.12979  -0.01061
   0.05886   0.10963   0.22881
   0.05886   0.10963   0.22881
   0.05886   0.10963  -0.01061
   0.05886   0.10963  -0.01061
   0.05886   0.10963  -0.01061
   0.05886  -0.12979  -0.01061
   0.05886  -0.12979  -0.01061
  -0.18056  -0.12979   0.22881
   0.05886  -0.12979  -0.01061
   0.05886   0.10963  -0.01061
   0.05886   0.10963  -0.01061
   0.05886   0.10963  -0.01061
  -0.18056   0.10963  -0.01061
   0.05886   0.34905  -0.01061
  -0.18056   0.10963  -0.01061
  -0.18056   0.10963  -0.01061
  -0.18056  -0.12979  -0.01061
   0.05886   0.10963  -0.01061
  -0.18056  -0.12979  -0.01061
  -0.18056   0.10963  -0.01061
   0.05886   0.10963  -0.01061
   0.05886  -0.36921  -0.01061
   0.05886  -0.12979  -0.01061
   0.05886  -0.12979  -0.25003
   0.05886  -0.12979  -0.01061
   0.05886   0.10963  -0.25003
   0.05886  -0.12979  -0.01061
  -0.18056  -0.12979  -0.01061
   0.05886  -0.12979  -0.01061
   0.05886  -0.12979  -0.01061
   0.05886  -0.12979  -0.01061
   0.05886  -0.12979  -0.01061
   0.05886  -0.12979  -0.01061
  -0.18056  -0.12979  -0.01061
  -0.18056  -0.12979   0.22881
  -0.18056  -0.12979  -0.01061
   0.05886  -0.12979  -0.01061
  -0.18056  -0.12979   0.22881
   0.05886  -0.12979   0.22881
   0.05886   0.10963  -0.01061
   0.05886   0.10963  -0.01061
  -0.18056   0.10963  -0.01061
   0.05886   0.10963  -0.01061
  -0.18056   0.10963  -0.01061
  -0.18056   0.10963  -0.01061
  -0.18056   0.10963  -0.01061
   0.05886  -0.12979  -0.25003
   0.05886  -0.12979  -0.01061
   0.05886   0.10963  -0.01061
   0.05886   0.34905  -0.01061
  -0.18056   0.10963  -0.01061
  -0.18056   0.10963  -0.01061
   0.05886   0.10963  -0.01061
   0.05886   0.10963  -0.01061
   0.05886   0.10963  -0.25003
   0.05886   0.10963  -0.25003
  -0.18056   0.10963  -0.01061
   0.05886   0.10963  -0.01061
   0.05886   0.10963  -0.01061
   0.05886   0.10963  -0.01061
   0.05886  -0.12979  -0.01061
   0.05886  -0.12979  -0.01061
  -0.18056   0.10963  -0.01061
   0.05886  -0.12979  -0.25003
   0.05886  -0.12979  -0.01061
  -0.18056  -0.12979  -0.01061
  -0.18056  -0.12979  -0.01061
   0.05886  -0.12979  -0.01061
   0.05886   0.10963  -0.01061
   0.05886   0.10963  -0.01061
   0.05886   0.10963  -0.01061
   0.05886  -0.12979  -0.01061
   0.05886   0.10963  -0.01061
   0.05886  -0.12979  -0.01061
   0.05886   0.10963  -0.01061
   0.05886  -0.12979  -0.01061
   0.05886  -0.12979  -0.01061
   0.05886  -0.12979  -0.01061
   0.05886  -0.12979  -0.01061
   0.05886  -0.12979  -0.01061
   0.05886  -0.12979  -0.01061
   0.05886   0.10963  -0.01061
   0.05886  -0.12979  -0.01061
   0.05886   0.10963  -0.01061
  -0.18056   0.10963  -0.01061
   0.05886   0.10963  -0.01061
   0.05886   0.10963   0.22881
  -0.18056  -0.12979  -0.01061
   0.05886   0.10963  -0.01061
   0.05886   0.10963  -0.01061
  -0.18056   0.10963  -0.01061
   0.05886   0.10963  -0.01061
  -0.18056   0.10963  -0.01061
   0.05886   0.10963  -0.25003
   0.05886   0.10963  -0.01061
  -0.18056   0.10963  -0.01061
   0.05886   0.10963  -0.01061
   0.05886  -0.12979  -0.01061
   0.05886   0.10963  -0.01061
   0.05886   0.10963  -0.01061
   0.05886   0.10963  -0.01061
  -0.18056   0.10963  -0.01061
   0.05886   0.10963  -0.01061
  -0.18056   0.10963   0.22881
   0.05886  -0.12979  -0.01061
   0.05886  -0.12979  -0.01061
   0.05886   0.10963  -0.01061
   0.05886  -0.12979  -0.01061
   0.05886  -0.12979  -0.01061
   0.05886   0.10963   0.22881
   0.05886   0.10963  -0.01061
   0.05886   0.10963  -0.01061
   0.05886  -0.12979  -0.01061
   0.05886  -0.12979  -0.01061
   0.05886  -0.12979  -0.01061
   0.05886   0.10963  -0.01061
   0.05886  -0.12979  -0.01061
   0.05886  -0.12979  -0.01061
   0.05886  -0.12979  -0.25003
   0.05886   0.10963  -0.01061
   0.05886   0.10963  -0.01061
   0.05886  -0.12979  -0.01061
   0.05886  -0.12979  -0.01061
   0.05886   0.10963   0.22881
   0.05886   0.10963  -0.01061
   0.05886   0.10963  -0.01061
   0.05886   0.10963  -0.01061
   0.05886   0.10963  -0.01061
   0.05886   0.10963  -0.01061
   0.05886   0.10963  -0.01061
   0.05886   0.10963   0.22881
   0.05886   0.10963  -0.25003
   0.05886  -0.12979  -0.01061
   0.05886  -0.12979  -0.01061
  -0.18056  -0.12979  -0.01061
   0.05886   0.10963  -0.01061
   0.05886   0.10963  -0.01061
   0.05886   0.10963  -0.01061
   0.05886  -0.12979  -0.01061
   0.05886  -0.12979  -0.25003
   0.05886  -0.12979  -0.01061
   0.05886   0.10963   0.22881
  -0.18056   0.10963   0.22881
   0.05886   0.10963   0.22881
   0.05886  -0.12979  -0.01061
   0.05886   0.10963  -0.01061
  -0.18056  -0.12979  -0.01061
   0.05886  -0.12979  -0.01061
  -0.18056  -0.12979  -0.01061
   0.05886   0.10963  -0.01061
   0.05886  -0.12979  -0.01061
   0.05886  -0.12979  -0.01061
   0.05886  -0.12979  -0.01061
   0.05886  -0.12979   0.22881
   0.05886  -0.12979  -0.01061
   0.05886   0.10963  -0.01061
   0.05886  -0.12979  -0.01061
   0.05886   0.10963   0.22881
   0.05886   0.10963   0.22881
   0.05886   0.10963  -0.01061
   0.05886   0.10963  -0.01061
   0.05886   0.10963   0.22881
   0.05886   0.10963  -0.01061
   0.05886   0.10963  -0.01061
   0.05886   0.10963  -0.01061
   0.05886   0.10963  -0.01061
   0.05886   0.10963  -0.01061
   0.05886   0.10963   0.22881
   0.05886   0.10963  -0.01061
   0.05886   0.34905  -0.01061
   0.05886  -0.12979  -0.01061
   0.05886   0.10963  -0.25003
   0.05886  -0.12979  -0.01061
   0.05886  -0.12979  -0.01061
   0.05886  -0.12979  -0.01061
   0.05886   0.10963   0.22881
   0.05886   0.10963   0.22881
   0.05886   0.10963  -0.01061
   0.05886   0.10963  -0.01061
   0.05886   0.10963  -0.01061
   0.05886   0.10963  -0.01061
   0.05886  -0.12979  -0.01061
  -0.18056  -0.12979  -0.01061
   0.05886  -0.36921  -0.01061
   0.05886  -0.12979  -0.01061
   0.05886  -0.12979  -0.01061
   0.05886  -0.12979  -0.01061
   0.05886  -0.12979  -0.25003
   0.05886   0.10963  -0.01061
   0.05886  -0.12979  -0.01061
   0.05886   0.10963  -0.01061
   0.05886  -0.12979  -0.01061
   0.05886   0.10963  -0.01061
   0.05886   0.10963  -0.01061
   0.05886   0.10963  -0.01061
   0.05886   0.10963  -0.01061
   0.05886   0.10963  -0.01061
   0.05886   0.10963  -0.01061
   0.05886   0.10963  -0.01061
   0.05886   0.10963   0.22881
   0.05886   0.10963   0.22881
  -0.18056   0.10963  -0.01061
   0.05886   0.10963  -0.01061
   0.05886   0.10963  -0.01061
   0.05886   0.10963  -0.01061
   0.05886  -0.12979  -0.01061
   0.05886   0.10963  -0.01061
   0.05886  -0.12979  -0.25003
   0.05886   0.10963  -0.01061
   0.05886  -0.12979  -0.01061
   0.05886  -0.12979  -0.01061
   0.05886   0.10963  -0.01061
   0.05886   0.10963   0.22881
  -0.18056   0.10963  -0.01061
   0.05886   0.10963  -0.01061
   0.05886   0.10963  -0.01061
   0.05886   0.10963  -0.01061
   0.05886  -0.12979  -0.01061
   0.05886   0.10963  -0.01061
   0.05886   0.10963  -0.01061
   0.05886  -0.12979  -0.01061
   0.05886  -0.12979  -0.01061
  -0.18056   0.10963  -0.01061
  -0.18056  -0.12979  -0.01061
  -0.18056  -0.12979  -0.01061
  -0.18056  -0.12979  -0.25003
   0.05886   0.10963  -0.01061
   0.05886  -0.12979  -0.01061
   0.05886  -0.12979  -0.01061
   0.05886   0.10963  -0.01061
   0.05886   0.10963  -0.01061
   0.05886  -0.12979  -0.01061
   0.05886  -0.12979   0.22881
  -0.18056  -0.36921  -0.01061
  -0.18056  -0.12979   0.22881
   0.05886  -0.12979  -0.01061
   0.05886  -0.12979   0.22881
   0.05886  -0.12979  -0.01061
   0.05886  -0.12979  -0.25003
   0.05886   0.10963  -0.01061
   0.05886   0.10963  -0.01061
  -0.18056   0.10963  -0.01061
   0.05886   0.10963  -0.01061
   0.05886   0.10963  -0.01061
   0.05886   0.10963  -0.01061
   0.05886   0.34905   0.22881
   0.05886  -0.12979  -0.01061
   0.05886  -0.12979  -0.01061
   0.05886  -0.12979  -0.01061
   0.05886  -0.12979  -0.01061
   0.05886  -0.12979  -0.01061
   0.05886   0.10963  -0.01061
   0.05886   0.10963  -0.01061
   0.05886   0.10963  -0.01061
   0.05886   0.10963  -0.01061
  -0.18056   0.10963   0.22881
   0.05886   0.10963   0.22881
   0.05886   0.10963  -0.01061
   0.05886   0.10963  -0.01061
   0.05886   0.10963  -0.01061
   0.05886   0.10963  -0.01061
  -0.18056   0.10963  -0.01061
   0.05886  -0.12979  -0.01061
   0.05886  -0.12979  -0.01061
   0.05886  -0.12979  -0.01061
   0.05886  -0.12979  -0.25003
   0.05886  -0.12979  -0.01061
   0.05886   0.10963  -0.01061
   0.05886   0.10963   0.22881
  -0.18056   0.10963  -0.01061
   0.05886   0.10963  -0.01061
   0.05886   0.10963  -0.01061
   0.05886   0.10963  -0.01061
   0.05886   0.10963  -0.01061
   0.05886   0.10963  -0.25003
  -0.18056   0.10963  -0.01061
  -0.18056   0.10963  -0.01061
   0.05886   0.10963  -0.01061
  -0.18056   0.10963  -0.01061
   0.05886   0.10963  -0.01061
   0.05886  -0.12979  -0.01061
  -0.18056   0.10963  -0.01061
  -0.18056   0.10963  -0.25003
   0.05886   0.10963  -0.01061
   0.05886   0.10963  -0.01061
   0.05886   0.10963  -0.01061
  -0.18056   0.10963  -0.01061
   0.05886   0.10963  -0.01061
   0.05886   0.10963  -0.01061
   0.05886   0.10963  -0.01061
   0.05886   0.10963  -0.01061
  -0.18056   0.10963  -0.01061
   0.05886   0.10963  -0.01061
  -0.18056   0.10963  -0.01061
   0.05886   0.10963  -0.01061
   0.05886   0.10963  -0.01061
  -0.18056   0.10963   0.22881
  -0.18056   0.10963  -0.01061
   0.05886   0.10963  -0.01061
   0.05886  -0.12979   0.22881
   0.05886   0.10963  -0.01061
   0.05886   0.10963  -0.01061
  -0.18056   0.10963  -0.01061
  -0.18056   0.10963   0.22881
   0.05886   0.10963  -0.01061
   0.05886   0.10963   0.22881
  -0.18056  -0.12979  -0.01061
  -0.18056   0.10963  -0.01061
   0.05886   0.10963  -0.01061
   0.05886   0.10963  -0.01061
  -0.18056  -0.12979   0.22881
   0.05886  -0.12979  -0.01061
   0.05886  -0.36921  -0.01061
   0.05886  -0.12979   0.22881
   0.05886  -0.12979  -0.01061
   0.05886  -0.12979   0.22881
   0.05886  -0.12979  -0.01061
   0.05886   0.10963  -0.01061
  -0.18056   0.10963  -0.01061
   0.05886   0.10963  -0.01061
   0.05886  -0.12979  -0.25003
   0.05886  -0.36921  -0.01061
   0.05886  -0.12979  -0.01061
   0.05886   0.10963  -0.01061
   0.29828  -0.12979  -0.01061
   0.05886   0.10963  -0.01061
   0.05886  -0.12979   0.22881
   0.05886  -0.12979  -0.01061
   0.05886  -0.12979  -0.01061
   0.05886  -0.12979  -0.01061
   0.05886   0.10963  -0.01061
   0.05886   0.10963  -0.01061
   0.05886   0.10963  -0.25003
   0.05886   0.10963  -0.01061
   0.05886   0.10963  -0.01061
   0.05886   0.10963  -0.01061
   0.05886   0.10963  -0.01061
   0.05886   0.10963  -0.01061
   0.05886   0.10963  -0.01061
   0.05886   0.10963  -0.01061
   0.05886   0.34905  -0.01061
   0.05886   0.58847  -0.25003
   0.05886   0.34905  -0.25003
   0.05886   0.10963  -0.25003
  -0.18056   0.10963  -0.25003
  -0.18056   0.10963  -0.01061
  -0.18056   0.10963   0.22881
  -0.18056   0.10963  -0.01061
   0.05886   0.10963   0.22881
   0.05886   0.10963  -0.01061
  -0.18056  -0.12979   0.22881
   0.05886   0.10963  -0.01061
   0.05886   0.10963  -0.01061
   0.29828   0.10963  -0.01061
   0.05886   0.10963   0.22881
   0.05886   0.34905  -0.01061
   0.05886   0.10963  -0.01061
   0.05886   0.10963  -0.01061
   0.05886  -0.12979   0.22881
   0.05886  -0.36921  -0.01061
   0.05886  -0.36921   0.22881
  -0.18056  -0.36921  -0.01061
   0.05886  -0.60863  -0.01061
   0.05886  -0.60863  -0.01061
   0.05886  -0.60863   0.22881
   0.05886  -0.60863  -0.01061
   0.05886  -0.36921  -0.01061
   0.05886  -0.12979  -0.01061
   0.05886  -0.12979   0.22881
   0.05886  -0.12979  -0.01061
   0.05886  -0.12979  -0.01061
   0.05886  -0.12979  -0.01061
   0.05886  -0.12979  -0.01061
   0.05886  -0.12979  -0.01061
  -0.18056  -0.12979   0.22881
   0.05886  -0.12979  -0.01061
   0.05886  -0.12979  -0.01061
   0.05886   0.10963  -0.01061
  -0.18056   0.10963   0.22881
   0.05886  -0.12979  -0.01061
   0.05886   0.10963  -0.01061
   0.05886   0.10963  -0.01061
   0.05886   0.10963  -0.01061
   0.29828   0.10963   0.22881
   0.05886   0.10963  -0.01061
   0.29828   0.10963  -0.01061
   0.29828   0.10963  -0.01061
   0.05886   0.10963  -0.01061
   0.05886   0.10963  -0.01061
   0.05886   0.10963  -0.01061
   0.05886   0.34905  -0.25003
   0.05886   0.34905  -0.01061
   0.05886   0.58847  -0.25003
   0.05886   0.58847  -0.25003
   0.05886   0.34905  -0.01061
   0.05886   0.10963  -0.01061
   0.29828   0.10963  -0.01061
   0.05886  -0.12979  -0.01061
   0.05886  -0.12979  -0.25003
   0.05886  -0.12979  -0.01061
   0.05886   0.10963  -0.01061
   0.05886   0.10963  -0.01061
   0.05886   0.10963  -0.01061
   0.05886   0.10963  -0.01061
   0.05886  -0.12979  -0.01061
   0.05886  -0.12979  -0.01061
   0.05886   0.10963  -0.25003
   0.05886  -0.12979  -0.01061
   0.05886  -0.12979  -0.01061
   0.05886  -0.12979  -0.25003
   0.05886  -0.12979  -0.25003
   0.05886  -0.12979  -0.25003
   0.05886   0.10963  -0.01061
   0.05886  -0.12979  -0.01061
   0.05886   0.10963  -0.25003
   0.05886   0.10963  -0.25003
   0.05886   0.10963  -0.01061
   0.29828  -0.12979  -0.25003
   0.05886   0.10963  -0.25003
   0.05886   0.10963  -0.01061
  -0.18056   0.10963  -0.01061
   0.05886   0.10963  -0.01061
   0.05886   0.10963  -0.01061
  -0.18056  -0.12979   0.22881
   0.05886  -0.12979  -0.01061
  -0.18056  -0.12979  -0.01061
  -0.18056  -0.12979  -0.01061
   0.05886  -0.12979  -0.01061
  -0.18056  -0.36921  -0.01061
  -0.18056  -0.12979  -0.25003
  -0.18056  -0.12979   0.22881
  -0.18056  -0.12979  -0.01061
  -0.18056  -0.36921  -0.01061
  -0.18056  -0.36921  -0.01061
  -0.41998  -0.12979  -0.01061
  -0.41998  -0.36921   0.22881
  -0.18056  -0.12979   0.22881
  -0.18056  -0.12979   0.22881
  -0.18056   0.10963  -0.01061
  -0.18056  -0.12979   0.22881
  -0.18056  -0.12979  -0.01061
  -0.18056  -0.12979  -0.01061
  -0.18056  -0.12979  -0.01061
  -0.18056  -0.12979  -0.01061
  -0.18056  -0.12979  -0.01061
  -0.18056  -0.12979  -0.01061
  -0.18056   0.10963  -0.01061
  -0.18056  -0.12979  -0.01061
   0.05886   0.10963  -0.01061
  -0.18056   0.10963  -0.01061
  -0.18056   0.34905  -0.01061
  -0.18056   0.34905  -0.01061
  -0.41998   0.34905  -0.01061
  -0.18056   0.10963  -0.01061
  -0.18056   0.34905  -0.01061
  -0.18056   0.34905  -0.01061
  -0.18056   0.10963  -0.01061
  -0.18056   0.10963  -0.01061
  -0.18056  -0.12979   0.22881
  -0.18056   0.10963   0.22881
  -0.18056  -0.12979   0.22881
  -0.18056   0.10963   0.22881
  -0.18056   0.10963   0.22881
  -0.18056   0.10963   0.22881
  -0.18056   0.10963   0.22881
  -0.18056   0.10963  -0.01061
   0.05886   0.10963   0.22881
   0.05886   0.10963  -0.01061
   0.05886   0.10963   0.22881
  -0.18056  -0.12979   0.22881
   0.05886  -0.12979   0.22881
  -0.18056  -0.12979  -0.01061
   0.05886  -0.36921  -0.01061
   0.05886  -0.12979  -0.01061
   0.05886  -0.12979  -0.01061
   0.05886  -0.36921  -0.01061
   0.05886  -0.36921  -0.01061
   0.05886  -0.12979  -0.25003
   0.05886  -0.12979  -0.25003
   0.05886   0.10963  -0.25003
   0.05886   0.10963  -0.25003
   0.05886   0.10963  -0.48945
   0.05886   0.34905  -0.25003
   0.29828   0.10963  -0.25003
   0.05886   0.10963  -0.25003
   0.05886   0.10963  -0.25003
   0.29828  -0.12979  -0.25003
   0.29828  -0.12979  -0.25003
   0.29828  -0.12979  -0.25003
   0.29828  -0.12979  -0.25003
   0.29828  -0.12979  -0.25003
   0.29828  -0.12979  -0.25003
   0.05886  -0.12979  -0.25003
   0.05886  -0.12979  -0.01061
   0.29828   0.10963  -0.25003
   0.29828   0.10963  -0.01061
   0.05886   0.10963  -0.01061
   0.05886   0.34905  -0.01061
   0.05886   0.10963  -0.01061
   0.05886   0.10963  -0.01061
   0.05886  -0.12979  -0.01061
   0.05886  -0.12979  -0.25003
   0.05886   0.10963  -0.25003
   0.05886   0.10963  -0.01061
  -0.18056   0.10963  -0.01061
  -0.18056   0.10963  -0.01061
  -0.18056   0.10963   0.22881
  -0.18056   0.10963  -0.01061
   0.05886   0.10963  -0.01061
   0.05886   0.10963   0.22881
  -0.18056   0.10963   0.22881
  -0.18056  -0.12979  -0.01061
  -0.18056  -0.12979  -0.25003
  -0.18056  -0.12979  -0.01061
  -0.41998   0.10963  -0.01061
  -0.18056  -0.12979  -0.25003
  -0.18056  -0.12979  -0.01061
  -0.18056  -0.12979  -0.25003
  -0.18056  -0.12979  -0.01061
  -0.18056   0.10963  -0.25003
  -0.18056   0.10963  -0.01061
  -0.18056   0.10963  -0.01061
  -0.18056   0.10963  -0.01061
  -0.18056   0.10963  -0.01061
  -0.18056   0.10963  -0.01061
  -0.18056   0.34905   0.22881
  -0.18056   0.34905  -0.01061
  -0.18056   0.10963   0.22881
  -0.18056   0.10963   0.22881
  -0.18056  -0.12979  -0.01061
  -0.18056  -0.12979  -0.25003
  -0.18056  -0.36921   0.22881
  -0.18056  -0.36921  -0.01061
   0.05886  -0.36921  -0.01061
  -0.18056  -0.12979   0.22881
   0.05886  -0.12979  -0.01061
  -0.18056  -0.36921  -0.01061
   0.05886  -0.36921  -0.01061
  -0.18056  -0.12979   0.22881
   0.05886  -0.12979  -0.01061
   0.05886  -0.36921  -0.01061
  -0.18056  -0.36921   0.22881
   0.05886  -0.36921  -0.01061
   0.05886  -0.12979  -0.25003
   0.05886  -0.12979  -0.25003
   0.29828  -0.12979  -0.01061
   0.05886  -0.12979  -0.25003
   0.05886  -0.36921  -0.01061
   0.05886  -0.36921  -0.01061
   0.05886  -0.12979  -0.01061
   0.05886  -0.12979   0.22881
   0.29828  -0.12979  -0.01061
   0.05886   0.10963  -0.01061
   0.05886   0.10963  -0.01061
   0.05886   0.10963  -0.01061
   0.05886   0.10963  -0.01061
   0.05886   0.10963   0.22881
   0.05886   0.10963   0.22881
   0.05886   0.10963   0.46823
  -0.18056   0.10963   0.22881
   0.05886   0.34905   0.22881
   0.05886   0.34905   0.22881
   0.05886   0.34905   0.22881
   0.05886   0.10963   0.22881
  -0.18056   0.10963   0.46823
   0.05886  -0.12979   0.22881
   0.05886  -0.12979   0.22881
   0.05886  -0.12979   0.22881
  -0.18056  -0.12979   0.46823
   0.05886  -0.12979   0.22881
   0.05886   0.10963   0.22881
   0.05886   0.10963  -0.01061
   0.05886   0.10963   0.22881
   0.05886   0.10963  -0.01061
   0.05886   0.10963  -0.01061
   0.05886  -0.12979  -0.25003
   0.05886   0.10963  -0.01061
   0.05886   0.10963  -0.01061
   0.05886  -0.12979  -0.25003
   0.05886  -0.12979  -0.25003
   0.05886  -0.36921  -0.25003
   0.05886   0.10963  -0.01061
   0.05886   0.10963  -0.25003
   0.05886   0.10963  -0.25003
   0.29828   0.10963  -0.25003
   0.29828   0.10963  -0.01061
   0.29828   0.10963  -0.01061
   0.29828   0.10963  -0.01061
   0.29828  -0.12979  -0.01061
   0.29828  -0.12979  -0.01061
   0.29828  -0.12979  -0.01061
   0.29828  -0.12979  -0.01061
   0.53770   0.10963  -0.01061
   0.53770  -0.12979  -0.01061
   0.53770  -0.12979  -0.01061
   0.53770  -0.12979  -0.01061
   0.53770  -0.12979  -0.01061
   0.29828  -0.12979  -0.01061
   0.53770  -0.12979  -0.01061
   0.53770  -0.12979  -0.01061
   0.53770  -0.12979  -0.01061
   0.53770  -0.12979  -0.01061
   0.29828  -0.12979  -0.25003
   0.29828  -0.12979  -0.01061
   0.29828  -0.12979  -0.25003
   0.29828  -0.12979  -0.01061
   0.29828  -0.12979  -0.01061
   0.05886  -0.12979  -0.01061
   0.05886  -0.12979  -0.01061
   0.05886   0.10963  -0.01061
   0.05886   0.10963  -0.01061
   0.05886  -0.12979  -0.01061
   0.05886   0.10963  -0.01061
  -0.18056  -0.12979  -0.01061
  -0.18056  -0.12979  -0.01061
  -0.18056  -0.12979   0.22881
  -0.18056  -0.12979   0.22881
  -0.41998  -0.12979   0.22881
  -0.18056   0.10963  -0.01061
  -0.41998   0.10963   0.22881
  -0.41998   0.10963   0.22881
  -0.18056   0.10963  -0.01061
  -0.18056  -0.12979   0.22881
  -0.18056  -0.12979  -0.01061
  -0.41998  -0.12979   0.22881
  -0.41998   0.10963  -0.01061
  -0.41998   0.10963  -0.01061
  -0.18056   0.10963  -0.01061
  -0.18056   0.34905  -0.01061
  -0.41998   0.34905   0.22881
  -0.41998   0.10963   0.22881
  -0.41998   0.10963  -0.01061
  -0.18056   0.10963   0.22881
  -0.18056   0.10963  -0.01061
  -0.18056   0.10963  -0.01061
   0.05886  -0.12979  -0.25003
  -0.18056  -0.12979  -0.25003
  -0.18056   0.10963  -0.01061
  -0.18056  -0.12979  -0.01061
  -0.18056  -0.12979  -0.01061
  -0.18056  -0.12979  -0.01061
   0.05886  -0.12979  -0.25003
   0.05886  -0.12979  -0.01061
  -0.18056  -0.12979  -0.25003
   0.05886  -0.12979  -0.01061
   0.05886  -0.12979  -0.25003
   0.05886  -0.12979  -0.01061
   0.05886  -0.12979  -0.01061
   0.29828   0.10963  -0.01061
   0.29828   0.10963  -0.01061
   0.29828   0.10963  -0.01061
   0.29828   0.10963  -0.01061
   0.53770  -0.12979  -0.25003
   0.29828  -0.12979  -0.25003
   0.53770  -0.36921  -0.25003
   0.53770  -0.12979  -0.01061
   0.53770  -0.12979  -0.25003
   0.29828  -0.12979  -0.25003
   0.29828  -0.12979  -0.01061
   0.29828   0.10963  -0.01061
   0.29828   0.10963  -0.01061
   0.29828   0.10963  -0.01061
   0.29828  -0.12979  -0.01061
   0.29828  -0.12979  -0.01061
   0.29828  -0.12979  -0.25003
   0.29828  -0.12979  -0.25003
   0.05886   0.10963  -0.01061
   0.05886   0.10963  -0.01061
   0.05886   0.10963  -0.25003
   0.05886   0.10963  -0.01061
  -0.18056   0.10963  -0.01061
  -0.18056   0.34905  -0.01061
  -0.18056   0.34905  -0.01061
  -0.18056   0.10963  -0.01061
  -0.18056   0.10963  -0.01061
  -0.18056   0.10963  -0.25003
  -0.18056   0.10963  -0.01061
  -0.18056  -0.12979  -0.01061
  -0.18056   0.10963  -0.01061
   0.05886   0.10963  -0.01061
   0.05886   0.10963  -0.01061
   0.05886   0.10963  -0.01061
   0.05886   0.10963  -0.01061
   0.05886   0.10963  -0.01061
   0.05886   0.10963  -0.01061
   0.05886   0.10963  -0.01061
   0.05886  -0.12979  -0.01061
   0.05886  -0.12979   0.22881
  -0.18056  -0.12979   0.22881
  -0.18056  -0.36921   0.22881
  -0.18056  -0.36921  -0.01061
  -0.18056  -0.36921  -0.01061
   0.05886  -0.36921  -0.01061
   0.05886  -0.12979   0.22881
   0.05886  -0.12979  -0.01061
   0.05886  -0.12979  -0.01061
   0.05886  -0.12979   0.22881
  -0.18056  -0.36921   0.22881
   0.05886  -0.36921  -0.01061
   0.05886  -0.12979   0.22881
   0.05886  -0.12979  -0.01061
   0.05886   0.10963  -0.01061
  -0.18056   0.10963  -0.01061
   0.05886   0.10963  -0.25003
  -0.18056   0.10963  -0.01061
   0.05886   0.10963  -0.01061
   0.05886   0.10963  -0.25003
   0.05886   0.10963  -0.01061
   0.05886   0.10963  -0.01061
   0.05886   0.10963  -0.01061
   0.05886   0.10963  -0.01061
   0.05886   0.10963  -0.01061
   0.05886   0.34905  -0.01061
  -0.18056   0.34905  -0.01061
  -0.18056   0.10963  -0.01061
   0.05886   0.34905  -0.25003
   0.05886   0.10963  -0.01061
  -0.18056  -0.12979  -0.25003
  -0.18056  -0.12979  -0.01061
  -0.41998   0.10963  -0.01061
  -0.41998  -0.12979  -0.01061
  -0.18056   0.10963  -0.01061
  -0.41998   0.10963   0.22881
  -0.18056  -0.12979  -0.01061
  -0.41998  -0.12979  -0.01061
  -0.41998  -0.12979  -0.01061
  -0.41998  -0.12979  -0.01061
  -0.41998  -0.12979   0.22881
  -0.41998   0.10963  -0.01061
  -0.41998  -0.12979  -0.01061
  -0.41998  -0.12979  -0.01061
  -0.41998  -0.12979  -0.01061
  -0.41998  -0.12979   0.22881
  -0.41998  -0.12979   0.22881
  -0.41998  -0.12979   0.22881
  -0.41998  -0.12979   0.22881
  -0.41998  -0.12979   0.22881
  -0.41998  -0.12979  -0.01061
  -0.41998  -0.12979   0.22881
  -0.18056  -0.12979  -0.01061
  -0.18056  -0.12979  -0.01061
  -0.18056   0.10963   0.22881
  -0.18056   0.10963   0.22881
  -0.18056  -0.12979  -0.01061
   0.05886  -0.12979  -0.01061
   0.05886   0.10963  -0.01061
   0.05886  -0.12979  -0.01061
   0.05886   0.10963  -0.01061
   0.05886   0.10963  -0.01061
   0.05886   0.10963  -0.01061
   0.05886   0.10963  -0.01061
   0.05886  -0.12979  -0.25003
   0.05886  -0.12979  -0.01061
   0.05886  -0.12979  -0.01061
   0.05886   0.10963  -0.01061
   0.29828   0.10963  -0.01061
   0.29828   0.10963   0.22881
   0.05886   0.10963  -0.01061
   0.05886   0.10963  -0.01061
   0.05886   0.10963   0.22881
   0.05886   0.34905  -0.01061
  -0.18056   0.34905  -0.01061
   0.05886   0.10963  -0.25003
   0.05886   0.10963  -0.01061
   0.05886   0.34905  -0.01061
   0.05886   0.34905  -0.01061
   0.05886   0.34905  -0.01061
   0.05886   0.10963  -0.01061
   0.05886   0.10963  -0.01061
   0.05886   0.10963  -0.25003
   0.05886   0.10963  -0.01061
   0.05886   0.10963  -0.25003
   0.05886  -0.12979  -0.01061
   0.05886   0.10963  -0.01061
   0.05886  -0.12979  -0.01061
   0.05886  -0.12979  -0.01061
   0.05886  -0.12979  -0.25003
   0.05886   0.10963  -0.01061
   0.29828  -0.12979  -0.01061
   0.05886  -0.12979  -0.25003
   0.29828  -0.12979  -0.01061
   0.05886  -0.12979  -0.25003
   0.05886  -0.12979  -0.01061
   0.05886   0.10963  -0.25003
   0.05886  -0.12979  -0.01061
  -0.18056  -0.12979  -0.01061
   0.05886   0.10963  -0.25003
   0.05886  -0.12979  -0.25003
  -0.18056  -0.12979  -0.01061
  -0.18056  -0.12979  -0.01061
   0.05886  -0.12979  -0.01061
   0.05886  -0.12979  -0.01061
   0.05886  -0.12979  -0.01061
   0.05886  -0.12979  -0.01061
   0.05886  -0.12979  -0.01061
   0.05886  -0.12979  -0.01061
   0.05886  -0.36921  -0.01061
   0.05886  -0.12979  -0.01061
   0.05886   0.10963  -0.25003
   0.29828   0.10963  -0.25003
   0.29828   0.10963  -0.25003
   0.29828   0.10963  -0.25003
   0.29828   0.10963  -0.25003
   0.29828  -0.12979  -0.01061
   0.29828  -0.12979  -0.01061
   0.05886  -0.12979  -0.01061
   0.05886   0.10963  -0.01061
   0.29828   0.10963  -0.01061
   0.29828  -0.12979  -0.01061
   0.29828   0.10963  -0.01061
   0.29828  -0.12979  -0.25003
   0.05886  -0.12979  -0.01061
   0.05886  -0.12979  -0.01061
   0.29828  -0.12979  -0.01061
   0.05886  -0.12979   0.22881
  -0.18056  -0.12979   0.22881
   0.05886   0.10963  -0.01061
   0.05886   0.34905  -0.01061
   0.05886   0.10963   0.22881
  -0.18056   0.10963   0.22881
  -0.18056  -0.12979   0.22881
   0.05886  -0.12979   0.22881
   0.05886  -0.12979   0.22881
  -0.18056  -0.12979  -0.01061
   0.05886  -0.12979  -0.01061
   0.05886  -0.12979  -0.01061
  -0.18056  -0.12979  -0.01061
   0.05886   0.10963  -0.01061
   0.05886  -0.12979   0.22881
  -0.18056  -0.12979   0.22881
  -0.18056  -0.12979  -0.01061
  -0.18056   0.10963   0.22881
  -0.18056   0.34905   0.22881
  -0.18056   0.10963   0.22881
  -0.18056   0.10963   0.22881
  -0.18056   0.34905   0.22881
  -0.18056   0.10963  -0.01061
  -0.18056  -0.12979  -0.01061
  -0.41998  -0.36921  -0.01061
  -0.41998  -0.36921  -0.01061
  -0.41998  -0.12979  -0.01061
  -0.18056  -0.36921  -0.01061
  -0.41998  -0.12979  -0.01061
  -0.18056   0.10963  -0.01061
  -0.18056  -0.12979   0.22881
  -0.18056  -0.12979  -0.01061
  -0.18056  -0.36921   0.22881
  -0.41998  -0.12979   0.22881
  -0.18056  -0.12979  -0.01061
  -0.18056  -0.12979   0.22881
   0.05886   0.10963   0.22881
   0.05886   0.10963   0.22881
   0.05886  -0.12979  -0.01061
   0.05886  -0.12979  -0.01061
   0.05886  -0.12979  -0.01061
   0.05886  -0.12979   0.22881
   0.05886  -0.12979  -0.01061
   0.05886   0.10963  -0.01061
   0.29828   0.10963  -0.01061
   0.05886   0.10963  -0.01061
   0.05886   0.10963  -0.25003
   0.29828   0.10963  -0.25003
   0.05886   0.34905  -0.01061
   0.05886   0.34905  -0.25003
   0.29828   0.34905  -0.25003
   0.05886   0.34905  -0.25003
   0.05886   0.10963  -0.01061
   0.29828   0.10963  -0.25003
   0.29828   0.10963  -0.01061
   0.29828   0.10963  -0.01061
   0.29828   0.10963  -0.01061
   0.29828   0.10963  -0.01061
   0.29828   0.34905   0.22881
   0.29828   0.10963  -0.01061
   0.29828   0.34905  -0.01061
   0.29828   0.34905   0.22881
   0.53770   0.34905  -0.01061
   0.29828   0.58847   0.22881
   0.29828   0.34905   0.22881
   0.53770   0.34905  -0.01061
   0.29828   0.34905  -0.01061
   0.29828   0.10963   0.22881
   0.29828   0.10963  -0.01061
   0.29828   0.10963   0.22881
   0.29828  -0.12979   0.22881
   0.29828  -0.12979   0.22881
   0.29828  -0.12979  -0.01061
   0.29828  -0.12979  -0.01061
   0.29828   0.10963  -0.01061
   0.29828   0.10963  -0.01061
   0.29828   0.10963  -0.01061
   0.05886   0.10963  -0.01061
   0.05886   0.10963  -0.01061
   0.05886   0.10963  -0.25003
   0.05886  -0.12979  -0.01061
   0.05886  -0.12979  -0.01061
   0.05886  -0.12979  -0.01061
   0.05886  -0.36921  -0.01061
  -0.18056  -0.12979   0.22881
  -0.18056  -0.36921  -0.01061
   0.05886  -0.12979  -0.01061
  -0.18056  -0.12979  -0.01061
  -0.18056  -0.12979  -0.01061
  -0.18056  -0.12979   0.22881
  -0.18056  -0.12979  -0.01061
  -0.18056  -0.12979  -0.01061
  -0.18056  -0.36921   0.22881
  -0.18056  -0.36921  -0.01061
  -0.18056  -0.36921  -0.01061
  -0.18056  -0.60863  -0.01061
  -0.18056  -0.60863  -0.01061
  -0.41998  -0.60863  -0.01061
  -0.18056  -0.60863   0.22881
  -0.18056  -0.36921  -0.01061
  -0.18056  -0.36921  -0.01061
   0.05886  -0.36921  -0.01061
  -0.18056  -0.36921   0.22881
   0.05886  -0.36921  -0.01061
  -0.18056  -0.12979  -0.01061
   0.05886   0.10963   0.22881
  -0.18056   0.34905   0.22881
   0.05886   0.10963   0.22881
   0.05886   0.10963  -0.01061
   0.05886  -0.12979  -0.01061
   0.05886  -0.12979  -0.01061
   0.05886  -0.36921  -0.01061
  -0.18056  -0.12979  -0.01061
  -0.18056   0.10963  -0.01061
   0.05886   0.34905  -0.01061
  -0.18056   0.10963  -0.25003
   0.05886   0.10963  -0.01061
  -0.18056   0.34905  -0.25003
   0.05886   0.34905  -0.25003
   0.05886   0.34905  -0.01061
  -0.18056   0.34905  -0.01061
   0.05886   0.10963  -0.01061
   0.05886   0.34905  -0.01061
   0.05886   0.10963  -0.01061
   0.05886   0.10963  -0.01061
   0.05886   0.10963  -0.01061
   0.05886   0.10963  -0.01061
  -0.18056   0.10963  -0.01061
  -0.18056   0.10963   0.22881
  -0.18056   0.10963  -0.01061
  -0.18056   0.10963  -0.01061
  -0.18056   0.34905  -0.01061
   0.05886   0.34905  -0.01061
   0.05886   0.34905  -0.01061
  -0.18056   0.10963  -0.01061
  -0.18056   0.10963  -0.01061
  -0.18056   0.10963  -0.01061
  -0.18056   0.10963  -0.25003
  -0.18056  -0.12979  -0.01061
  -0.18056  -0.12979  -0.25003
  -0.18056  -0.12979  -0.01061
  -0.18056  -0.12979  -0.01061
  -0.18056  -0.12979  -0.01061
  -0.41998  -0.12979  -0.01061
  -0.41998  -0.12979  -0.25003
  -0.41998  -0.12979  -0.25003
  -0.41998  -0.12979  -0.25003
  -0.18056  -0.12979  -0.25003
  -0.41998   0.10963  -0.25003
  -0.41998   0.10963  -0.25003
   0.05886  -0.12979  -0.25003
  -0.18056   0.10963  -0.25003
  -0.18056  -0.12979  -0.25003
  -0.18056   0.10963  -0.25003
  -0.18056  -0.12979  -0.25003
  -0.18056   0.10963  -0.25003
  -0.18056   0.10963  -0.25003
  -0.18056   0.10963  -0.25003
  -0.18056   0.10963  -0.25003
   0.05886   0.10963  -0.01061
   0.05886  -0.12979  -0.01061
   0.29828   0.10963  -0.01061
   0.29828  -0.12979   0.22881
   0.29828  -0.12979   0.22881
   0.05886  -0.12979   0.22881
   0.29828  -0.12979  -0.01061
   0.29828  -0.12979  -0.01061
   0.29828  -0.12979   0.22881
   0.29828  -0.12979   0.22881
   0.05886   0.10963   0.46823
   0.29828   0.10963   0.22881
   0.29828   0.10963   0.22881
   0.05886   0.10963   0.22881
   0.05886   0.34905  -0.01061
   0.29828   0.10963   0.22881
   0.29828   0.10963   0.22881
   0.05886   0.10963   0.22881
   0.05886   0.10963   0.22881
   0.05886   0.10963   0.22881
   0.05886  -0.12979   0.22881
   0.05886  -0.12979   0.22881
   0.05886  -0.12979   0.22881
  -0.18056  -0.12979  -0.01061
   0.05886  -0.12979  -0.01061
   0.05886  -0.12979  -0.01061
   0.05886   0.10963  -0.25003
  -0.18056   0.10963  -0.25003
  -0.18056   0.10963  -0.25003
  -0.18056   0.10963  -0.25003
  -0.18056   0.10963  -0.25003
  -0.18056  -0.36921  -0.01061
  -0.18056  -0.12979  -0.01061
  -0.18056  -0.36921  -0.01061
  -0.18056  -0.36921  -0.01061
  -0.18056  -0.36921  -0.01061
  -0.18056  -0.36921  -0.01061
  -0.18056  -0.36921  -0.01061
  -0.18056  -0.12979   0.22881
  -0.18056  -0.36921  -0.01061
   0.05886  -0.36921  -0.01061
   0.05886  -0.12979  -0.01061
   0.05886  -0.12979  -0.01061
   0.05886  -0.12979   0.22881
  -0.18056  -0.12979   0.22881
   0.05886  -0.12979  -0.01061
   0.05886  -0.12979  -0.01061
  -0.18056  -0.12979   0.22881
   0.05886  -0.36921  -0.01061
   0.05886  -0.12979   0.22881
   0.05886   0.10963  -0.01061
   0.05886   0.10963  -0.01061
   0.05886   0.34905  -0.01061
   0.29828   0.34905  -0.25003
   0.05886   0.34905  -0.01061
   0.29828   0.10963  -0.01061
   0.29828   0.34905  -0.25003
   0.29828   0.10963  -0.01061
   0.29828   0.10963  -0.01061
   0.29828   0.10963  -0.01061
   0.29828   0.10963  -0.25003
   0.05886   0.10963  -0.01061
   0.29828   0.10963  -0.01061
   0.05886   0.34905  -0.25003
   0.05886   0.10963  -0.01061
   0.05886   0.10963  -0.01061
   0.05886   0.10963  -0.01061
   0.05886  -0.12979  -0.01061
  -0.18056  -0.12979  -0.01061
   0.05886  -0.36921  -0.01061
   0.05886  -0.36921  -0.25003
   0.05886  -0.12979  -0.25003
  -0.18056  -0.12979  -0.25003
   0.05886  -0.12979  -0.25003
   0.05886  -0.12979  -0.01061
   0.05886  -0.12979  -0.01061
   0.05886  -0.12979  -0.01061
   0.05886  -0.12979  -0.25003
   0.05886  -0.12979  -0.01061
   0.05886  -0.12979  -0.01061
   0.05886  -0.12979  -0.01061
   0.05886  -0.12979  -0.25003
   0.05886   0.10963  -0.25003
   0.05886   0.10963  -0.25003
   0.29828   0.10963  -0.25003
   0.05886  -0.12979  -0.01061
   0.05886  -0.12979  -0.48945
   0.05886   0.10963  -0.01061
   0.05886   0.10963  -0.25003
   0.05886   0.34905  -0.25003
  -0.18056   0.34905  -0.01061
  -0.18056   0.34905  -0.25003
  -0.18056   0.34905  -0.25003
  -0.41998   0.34905  -0.25003
  -0.41998   0.34905  -0.01061
  -0.41998   0.10963  -0.25003
  -0.41998   0.10963  -0.25003
  -0.41998   0.34905  -0.01061
  -0.41998   0.10963  -0.01061
  -0.41998   0.10963  -0.01061
  -0.41998   0.10963  -0.01061
  -0.41998   0.10963  -0.01061
  -0.18056   0.10963  -0.01061
  -0.18056  -0.12979  -0.01061
  -0.18056   0.10963  -0.01061
  -0.18056  -0.12979  -0.01061
  -0.18056   0.10963   0.22881
  -0.18056  -0.12979  -0.01061
  -0.18056  -0.12979  -0.01061
  -0.18056   0.10963  -0.01061
  -0.18056  -0.12979  -0.01061
  -0.18056   0.10963   0.22881
  -0.18056   0.10963  -0.01061
   0.05886   0.10963  -0.01061
   0.05886   0.10963  -0.01061
   0.05886   0.10963  -0.01061
   0.05886   0.10963  -0.01061
   0.05886   0.10963   0.22881
   0.05886   0.10963  -0.01061
   0.05886   0.10963   0.22881
   0.05886  -0.12979  -0.01061
   0.05886   0.10963   0.22881
   0.05886   0.10963   0.22881
  -0.18056   0.10963   0.22881
  -0.18056   0.10963   0.22881
  -0.18056   0.10963   0.22881
  -0.18056   0.10963   0.22881
  -0.18056   0.10963   0.22881
  -0.18056   0.10963   0.46823
   0.05886  -0.12979   0.22881
   0.05886  -0.12979   0.22881
   0.05886  -0.12979   0.22881
   0.05886  -0.12979   0.22881
   0.05886  -0.36921  -0.01061
   0.05886  -0.36921   0.22881
   0.05886  -0.36921   0.22881
   0.05886  -0.36921  -0.01061
   0.05886  -0.36921  -0.01061
   0.29828  -0.12979  -0.01061
   0.05886  -0.36921  -0.01061
   0.05886  -0.12979   0.22881
   0.29828  -0.12979  -0.01061
   0.29828  -0.12979  -0.01061
   0.29828  -0.12979  -0.01061
   0.29828  -0.12979  -0.01061
   0.29828  -0.12979  -0.01061
   0.29828  -0.12979  -0.01061
   0.05886  -0.12979  -0.25003
   0.05886  -0.12979  -0.01061
   0.05886  -0.12979  -0.01061
   0.05886  -0.12979  -0.01061
   0.05886  -0.12979  -0.01061
   0.05886  -0.12979   0.22881
   0.05886  -0.12979  -0.01061
   0.29828  -0.12979  -0.01061
   0.05886  -0.12979  -0.01061
   0.05886  -0.12979  -0.01061
   0.05886   0.10963  -0.01061
   0.05886   0.10963  -0.01061
   0.05886   0.10963  -0.01061
   0.05886   0.10963  -0.01061
   0.05886   0.10963  -0.01061
   0.29828   0.10963  -0.01061
   0.29828   0.10963  -0.01061
   0.29828  -0.12979   0.22881
   0.29828   0.10963  -0.01061
   0.29828  -0.12979   0.22881
   0.29828   0.10963   0.22881
   0.53770   0.10963  -0.01061
   0.53770   0.10963  -0.01061
   0.53770   0.10963  -0.01061
   0.29828   0.10963   0.22881
   0.29828   0.10963   0.22881
   0.05886   0.34905   0.22881
   0.05886   0.58847   0.22881
   0.05886   0.58847   0.22881
   0.05886   0.34905  -0.01061
   0.05886   0.34905  -0.01061
   0.05886   0.34905   0.22881
   0.05886   0.10963  -0.01061
   0.05886   0.10963   0.22881
  -0.18056   0.10963   0.22881
   0.05886   0.10963   0.22881
  -0.18056   0.10963   0.22881
  -0.18056   0.10963   0.22881
  -0.18056   0.10963  -0.01061
  -0.18056   0.10963  -0.01061
  -0.18056   0.10963  -0.01061
  -0.18056   0.10963  -0.01061
  -0.18056   0.10963  -0.01061
  -0.18056   0.10963  -0.25003
  -0.18056   0.10963  -0.01061
  -0.41998   0.10963  -0.01061
  -0.41998  -0.12979  -0.01061
  -0.41998  -0.12979  -0.25003
  -0.41998  -0.12979  -0.25003
  -0.41998  -0.36921  -0.25003
  -0.18056  -0.36921  -0.01061
  -0.41998  -0.36921  -0.01061
  -0.41998  -0.12979  -0.01061
  -0.41998  -0.12979   0.22881
  -0.18056  -0.12979  -0.01061
  -0.18056  -0.12979   0.22881
  -0.18056  -0.12979   0.22881
  -0.18056   0.10963   0.22881
  -0.18056  -0.12979   0.22881
  -0.18056   0.10963   0.22881
  -0.18056  -0.12979   0.22881
  -0.18056   0.10963   0.22881
  -0.18056  -0.12979   0.22881
   0.05886   0.10963  -0.01061
  -0.18056  -0.12979   0.22881
  -0.18056  -0.12979   0.22881
   0.05886  -0.12979  -0.01061
   0.05886  -0.12979  -0.01061
   0.05886   0.10963  -0.01061
   0.05886  -0.12979  -0.01061
  -0.18056  -0.12979   0.22881
   0.05886  -0.12979  -0.01061
   0.05886   0.10963  -0.01061
   0.05886   0.10963  -0.01061
   0.05886   0.10963  -0.25003
   0.05886   0.10963  -0.01061
   0.05886   0.10963  -0.01061
   0.05886   0.10963  -0.01061
   0.29828   0.10963  -0.01061
   0.29828   0.10963  -0.01061
   0.29828   0.10963  -0.01061
   0.29828   0.10963  -0.01061
   0.29828   0.10963  -0.01061
   0.29828   0.10963  -0.25003
   0.05886   0.10963  -0.25003
   0.29828   0.10963  -0.01061
   0.05886  -0.12979  -0.25003
   0.29828   0.10963  -0.25003
   0.05886   0.10963  -0.25003
   0.05886  -0.12979  -0.25003
   0.05886  -0.12979  -0.25003
   0.05886  -0.12979  -0.01061
   0.05886  -0.12979  -0.25003
   0.29828  -0.12979  -0.25003
   0.05886   0.10963  -0.25003
   0.05886   0.10963  -0.25003
   0.05886   0.34905  -0.25003
   0.05886   0.10963  -0.25003
   0.05886   0.10963  -0.25003
   0.05886  -0.12979  -0.25003
   0.05886   0.10963  -0.25003
   0.05886   0.10963  -0.25003
   0.05886  -0.12979  -0.25003
   0.05886   0.10963  -0.25003
  -0.18056  -0.12979  -0.25003
  -0.18056  -0.12979  -0.25003
  -0.18056   0.10963  -0.25003
  -0.18056   0.10963  -0.25003
  -0.18056   0.10963  -0.25003
   0.05886   0.10963  -0.25003
   0.05886   0.10963  -0.01061
   0.05886   0.10963  -0.25003
   0.05886   0.10963  -0.01061
   0.05886   0.10963  -0.25003
   0.05886   0.10963  -0.01061
   0.29828   0.10963  -0.01061
   0.05886   0.10963  -0.01061
   0.29828  -0.12979  -0.25003
   0.29828  -0.12979  -0.25003
   0.29828  -0.12979  -0.25003
   0.29828   0.10963  -0.01061
   0.29828   0.10963  -0.01061
   0.29828   0.10963  -0.25003
   0.05886   0.10963  -0.25003
   0.05886   0.10963  -0.01061
   0.05886   0.10963  -0.01061
   0.05886  -0.12979  -0.01061
   0.05886  -0.12979  -0.01061
   0.05886  -0.12979  -0.01061
   0.05886  -0.12979  -0.01061
   0.05886  -0.12979  -0.01061
   0.05886  -0.12979  -0.01061
   0.05886  -0.36921  -0.01061
   0.05886  -0.12979   0.22881
   0.05886  -0.36921   0.22881
   0.05886  -0.12979   0.22881
   0.05886  -0.12979   0.46823
   0.05886  -0.12979   0.22881
   0.05886  -0.12979   0.22881
   0.05886  -0.12979   0.22881
   0.05886  -0.12979   0.22881
  -0.18056  -0.12979   0.46823
   0.05886  -0.12979   0.22881
   0.05886  -0.12979   0.22881
   0.05886  -0.36921   0.22881
  -0.18056  -0.12979   0.22881
   0.05886   0.10963   0.22881
  -0.18056  -0.12979   0.22881
  -0.18056  -0.12979   0.22881
  -0.18056   0.10963   0.22881
  -0.18056   0.34905  -0.01061
  -0.18056   0.10963  -0.01061
  -0.41998   0.34905   0.22881
  -0.18056   0.34905   0.22881
  -0.18056   0.10963  -0.01061
  -0.18056   0.34905  -0.01061
  -0.18056   0.10963  -0.01061
  -0.18056   0.10963  -0.01061
  -0.18056  -0.12979  -0.01061
  -0.18056  -0.12979  -0.01061
  -0.18056  -0.12979  -0.01061
   0.05886  -0.12979  -0.01061
  -0.18056  -0.12979  -0.01061
   0.05886  -0.12979  -0.01061
  -0.18056  -0.12979  -0.01061
   0.05886   0.10963  -0.25003
   0.05886   0.10963  -0.25003
   0.05886  -0.12979  -0.01061
   0.05886  -0.12979  -0.25003
   0.05886  -0.12979  -0.25003
  -0.18056   0.10963  -0.25003
  -0.18056   0.10963  -0.25003
  -0.18056   0.10963  -0.01061
   0.05886   0.10963  -0.25003
  -0.18056   0.10963  -0.25003
  -0.18056   0.34905  -0.25003
   0.05886   0.10963  -0.25003
   0.05886   0.10963  -0.25003
   0.05886   0.10963  -0.48945
   0.05886   0.10963  -0.25003
   0.05886   0.10963  -0.25003
   0.05886   0.10963  -0.25003
   0.05886   0.10963  -0.25003
   0.29828   0.10963  -0.25003
   0.29828   0.10963  -0.25003
   0.29828   0.10963  -0.25003
   0.05886   0.10963  -0.01061
   0.05886   0.10963  -0.01061
   0.05886   0.10963  -0.01061
   0.05886  -0.12979  -0.01061
   0.05886   0.10963  -0.01061
   0.05886  -0.12979  -0.01061
   0.05886  -0.12979  -0.01061
   0.05886  -0.12979   0.22881
   0.05886  -0.12979   0.22881
   0.05886  -0.12979   0.22881
   0.05886   0.10963   0.22881
   0.05886   0.10963  -0.01061
   0.05886   0.10963   0.22881
   0.05886   0.10963  -0.01061
   0.05886  -0.12979   0.22881
   0.05886   0.10963   0.22881
  -0.18056  -0.12979   0.22881
   0.05886  -0.12979  -0.01061
  -0.18056   0.10963  -0.01061
  -0.18056  -0.12979   0.22881
   0.05886  -0.12979   0.22881
   0.05886  -0.12979   0.22881
  -0.18056  -0.12979  -0.01061
  -0.18056  -0.12979  -0.01061
  -0.18056  -0.36921  -0.25003
  -0.18056  -0.12979  -0.25003
   0.05886  -0.36921  -0.25003
  -0.18056  -0.36921  -0.25003
   0.05886  -0.36921  -0.25003
   0.05886  -0.36921  -0.25003
   0.05886  -0.12979  -0.48945
   0.05886  -0.12979  -0.25003
   0.05886  -0.12979  -0.01061
   0.05886  -0.12979  -0.25003
   0.05886  -0.12979  -0.25003
  -0.18056  -0.12979  -0.25003
   0.05886  -0.12979  -0.25003
  -0.18056  -0.12979  -0.01061
   0.05886  -0.12979  -0.25003
  -0.18056  -0.12979  -0.01061
  -0.18056  -0.12979  -0.01061
  -0.18056  -0.12979  -0.01061
   0.05886  -0.12979  -0.01061
   0.05886  -0.12979  -0.01061
   0.05886  -0.12979  -0.01061
   0.05886  -0.12979   0.22881
   0.05886   0.10963   0.22881
   0.05886   0.10963  -0.01061
   0.05886   0.10963   0.22881
   0.05886   0.34905   0.22881
   0.05886   0.34905   0.22881
   0.05886   0.34905   0.22881
   0.29828   0.10963   0.22881
   0.29828   0.10963   0.22881
   0.05886   0.10963   0.46823
   0.29828   0.10963   0.46823
   0.29828   0.34905   0.46823
   0.29828   0.10963   0.22881
   0.29828   0.10963   0.22881
   0.29828   0.34905   0.22881
   0.29828   0.10963   0.22881
   0.29828   0.10963   0.22881
   0.05886   0.10963   0.22881
   0.29828   0.10963   0.22881
   0.05886   0.10963   0.22881
   0.05886  -0.12979   0.46823
  -0.18056  -0.12979   0.22881
   0.05886   0.10963   0.22881
  -0.18056   0.10963   0.22881
  -0.18056   0.10963   0.46823
  -0.18056   0.10963   0.22881
  -0.18056   0.10963   0.22881
  -0.18056   0.10963   0.22881
  -0.18056   0.10963  -0.01061
  -0.18056   0.10963   0.22881
  -0.18056   0.10963   0.22881
  -0.18056   0.10963   0.22881
  -0.18056   0.10963  -0.01061
  -0.41998  -0.12979   0.22881
  -0.41998  -0.12979   0.22881
  -0.18056   0.10963   0.22881
  -0.18056  -0.12979  -0.01061
  -0.18056  -0.12979  -0.01061
   0.05886  -0.12979  -0.25003
  -0.18056  -0.12979  -0.25003
  -0.18056  -0.12979  -0.01061
  -0.18056   0.10963  -0.01061
   0.05886   0.10963  -0.01061
   0.05886   0.10963  -0.25003
   0.05886  -0.12979  -0.25003
   0.05886   0.34905  -0.25003
   0.05886   0.34905  -0.25003
   0.05886   0.10963  -0.01061
   0.05886   0.10963  -0.01061
  -0.18056   0.10963  -0.01061
   0.05886  -0.12979  -0.01061
   0.05886   0.10963  -0.25003
   0.05886   0.10963  -0.25003
  -0.18056   0.10963  -0.01061
   0.05886   0.10963  -0.01061
   0.05886   0.10963  -0.25003
   0.05886   0.10963  -0.25003
   0.05886   0.10963  -0.25003
   0.05886   0.34905  -0.25003
  -0.18056   0.10963  -0.25003
  -0.18056   0.10963  -0.25003
  -0.18056  -0.12979  -0.25003
  -0.18056   0.10963  -0.25003
  -0.18056   0.10963  -0.25003
  -0.18056   0.10963  -0.01061
  -0.18056   0.10963  -0.25003
  -0.18056  -0.12979  -0.01061
  -0.18056   0.10963  -0.01061
  -0.18056   0.10963   0.22881
  -0.18056   0.10963  -0.01061
  -0.18056   0.10963   0.22881
  -0.18056   0.10963   0.22881
  -0.18056  -0.12979  -0.01061
  -0.18056  -0.12979  -0.01061
  -0.18056  -0.12979   0.22881
  -0.18056  -0.12979  -0.01061
  -0.18056  -0.36921   0.22881
  -0.18056  -0.36921   0.22881
  -0.18056  -0.12979   0.22881
  -0.18056  -0.12979  -0.01061
   0.05886  -0.12979   0.22881
   0.05886  -0.12979   0.22881
   0.05886  -0.12979  -0.01061
   0.05886  -0.12979  -0.01061
   0.05886  -0.12979   0.22881
  -0.18056  -0.12979   0.22881
   0.05886  -0.12979  -0.01061
   0.05886  -0.36921   0.22881
   0.05886  -0.36921   0.22881
  -0.18056  -0.36921   0.22881
   0.05886  -0.12979  -0.01061
   0.05886  -0.36921  -0.01061
   0.05886  -0.12979   0.22881
   0.05886  -0.12979   0.22881
  -0.18056   0.10963   0.22881
   0.05886   0.34905   0.22881
   0.05886   0.10963   0.22881
  -0.18056   0.34905   0.46823
   0.05886   0.34905   0.22881
   0.05886   0.10963   0.22881
   0.05886   0.34905   0.22881
   0.05886   0.34905   0.46823
   0.05886   0.10963   0.46823
   0.05886   0.10963   0.22881
  -0.18056   0.10963   0.22881
  -0.18056   0.10963  -0.01061
  -0.18056  -0.12979   0.22881
   0.05886  -0.12979  -0.01061
   0.05886   0.10963  -0.01061
   0.05886   0.10963  -0.25003
   0.05886  -0.12979  -0.25003
   0.05886  -0.12979  -0.25003
   0.29828  -0.12979  -0.25003
   0.29828  -0.36921  -0.25003
   0.29828  -0.12979  -0.25003
   0.29828  -0.12979  -0.25003
   0.29828  -0.12979  -0.48945
   0.29828  -0.12979  -0.72887
   0.29828  -0.12979  -0.48945
   0.29828  -0.12979  -0.48945
   0.29828  -0.12979  -0.48945
   0.29828   0.10963  -0.48945
   0.29828   0.10963  -0.48945
   0.05886   0.10963  -0.48945
   0.05886   0.10963  -0.25003
   0.05886   0.10963  -0.25003
   0.05886   0.34905  -0.25003
   0.05886   0.34905  -0.01061
   0.05886   0.34905  -0.25003
   0.05886   0.34905  -0.01061
   0.05886   0.10963  -0.01061
   0.05886   0.10963  -0.01061
   0.05886   0.10963  -0.01061
  -0.18056   0.10963   0.22881
  -0.18056   0.10963  -0.01061
   0.05886   0.10963  -0.01061
   0.05886   0.10963  -0.01061
   0.05886   0.10963  -0.01061
  -0.18056   0.10963  -0.01061
  -0.18056  -0.12979  -0.25003
   0.05886  -0.12979  -0.01061
  -0.18056  -0.12979  -0.01061
   0.05886  -0.36921  -0.01061
  -0.18056  -0.12979  -0.01061
   0.05886  -0.12979  -0.25003
   0.05886  -0.12979  -0.25003
   0.05886  -0.12979  -0.01061
   0.29828  -0.12979  -0.25003
   0.05886  -0.12979  -0.25003
   0.29828  -0.12979  -0.25003
   0.05886  -0.12979  -0.25003
   0.05886  -0.12979  -0.25003
   0.05886  -0.12979  -0.25003
   0.05886  -0.12979  -0.25003
   0.05886   0.10963  -0.01061
   0.05886   0.10963  -0.01061
   0.05886  -0.12979  -0.01061
   0.05886   0.10963  -0.01061
   0.05886  -0.12979  -0.01061
   0.05886  -0.12979  -0.01061
   0.05886  -0.12979   0.22881
   0.05886  -0.12979  -0.01061
  -0.18056  -0.12979  -0.01061
   0.05886  -0.12979  -0.25003
   0.05886  -0.12979  -0.01061
   0.05886  -0.12979  -0.01061
  -0.18056  -0.12979  -0.01061
   0.05886  -0.12979  -0.01061
  -0.18056  -0.12979  -0.01061
   0.05886   0.10963  -0.01061
  -0.18056   0.10963  -0.25003
  -0.18056   0.10963  -0.25003
  -0.18056   0.10963  -0.01061
  -0.18056   0.10963  -0.25003
   0.05886   0.10963  -0.25003
  -0.18056  -0.12979  -0.01061
   0.05886   0.10963  -0.01061
  -0.18056  -0.12979  -0.01061
   0.05886   0.10963  -0.25003
   0.05886   0.10963  -0.01061
  -0.18056  -0.12979  -0.01061
  -0.18056  -0.12979  -0.25003
  -0.18056   0.10963  -0.25003
   0.05886   0.10963  -0.25003
   0.05886   0.10963  -0.25003
   0.05886   0.34905  -0.01061
   0.05886   0.10963  -0.01061
   0.05886   0.10963  -0.25003
   0.29828   0.10963  -0.01061
   0.05886   0.10963  -0.01061
   0.05886   0.10963   0.22881
   0.05886  -0.12979  -0.01061
   0.05886  -0.12979  -0.01061
   0.05886   0.10963   0.22881
   0.05886  -0.12979   0.22881
   0.05886  -0.12979   0.22881
   0.05886  -0.12979  -0.01061
   0.29828  -0.12979  -0.01061
   0.05886   0.10963   0.22881
   0.29828   0.10963   0.22881
   0.29828   0.10963  -0.01061
   0.05886   0.10963  -0.01061
   0.05886   0.10963   0.22881
   0.05886  -0.12979   0.22881
   0.05886   0.10963  -0.01061
   0.05886   0.10963  -0.01061
   0.05886   0.10963   0.22881
   0.05886   0.10963   0.22881
   0.05886   0.34905   0.22881
  -0.18056   0.10963  -0.01061
   0.05886   0.10963  -0.01061
   0.05886   0.10963  -0.01061
   0.05886  -0.12979  -0.01061
   0.05886  -0.12979  -0.01061
   0.05886  -0.12979  -0.01061
   0.05886  -0.12979  -0.01061
   0.05886  -0.12979  -0.01061
  -0.18056  -0.12979  -0.01061
  -0.18056   0.10963   0.22881
   0.05886  -0.12979  -0.01061
   0.05886  -0.12979  -0.01061
  -0.18056  -0.12979  -0.01061
  -0.18056   0.10963  -0.01061
   0.05886   0.10963   0.22881
  -0.18056   0.10963   0.22881
  -0.18056   0.10963   0.46823
   0.05886  -0.12979  -0.01061
   0.05886   0.10963   0.22881
   0.05886   0.10963   0.22881
   0.05886  -0.12979  -0.01061
   0.05886  -0.12979   0.22881
  -0.18056  -0.12979   0.46823
  -0.18056  -0.36921   0.22881
  -0.18056  -0.12979   0.22881
  -0.18056  -0.12979   0.22881
   0.05886  -0.12979   0.22881
  -0.41998   0.10963   0.22881
  -0.18056   0.10963   0.22881
  -0.18056   0.10963   0.22881
  -0.18056   0.10963   0.22881
   0.05886   0.10963   0.22881
  -0.18056   0.10963  -0.01061
  -0.18056   0.10963  -0.01061
  -0.18056   0.10963  -0.01061
  -0.18056   0.10963  -0.01061
  -0.18056   0.10963  -0.01061
  -0.18056   0.10963  -0.01061
  -0.18056   0.10963  -0.01061
  -0.18056  -0.12979  -0.01061
  -0.18056  -0.12979  -0.25003
   0.05886  -0.12979  -0.01061
   0.05886  -0.12979  -0.25003
  -0.18056  -0.12979  -0.01061
   0.05886  -0.12979  -0.01061
  -0.18056   0.10963   0.22881
   0.05886   0.10963  -0.01061
   0.05886   0.10963  -0.01061
   0.05886   0.10963  -0.01061
   0.05886   0.10963  -0.25003
   0.05886   0.34905  -0.01061
   0.05886   0.34905  -0.01061
   0.05886   0.34905  -0.01061
   0.05886   0.34905  -0.01061
   0.05886   0.34905  -0.01061
   0.05886   0.10963  -0.25003
   0.05886   0.34905  -0.25003
   0.05886   0.10963  -0.01061
   0.05886   0.34905  -0.01061
   0.05886   0.10963  -0.01061
   0.05886   0.10963  -0.01061
   0.05886   0.10963  -0.01061
   0.05886  -0.12979  -0.01061
   0.05886   0.10963  -0.01061
   0.05886  -0.12979  -0.01061
   0.05886  -0.12979  -0.25003
   0.05886  -0.12979  -0.01061
   0.05886  -0.12979  -0.01061
   0.05886  -0.36921  -0.01061
   0.05886  -0.36921  -0.01061
   0.05886  -0.36921  -0.01061
  -0.18056  -0.36921  -0.01061
  -0.18056  -0.12979  -0.01061
  -0.18056  -0.12979  -0.01061
   0.05886  -0.12979  -0.01061
   0.05886  -0.12979   0.22881
   0.05886  -0.12979  -0.01061
   0.05886  -0.12979  -0.01061
   0.05886  -0.36921  -0.01061
   0.05886  -0.12979  -0.01061
   0.05886  -0.12979  -0.01061
   0.05886  -0.12979  -0.01061
   0.29828  -0.12979   0.22881
   0.05886   0.10963   0.22881
   0.05886   0.10963  -0.01061
   0.29828   0.10963   0.22881
   0.05886   0.10963  -0.01061
   0.05886   0.10963  -0.01061
   0.05886   0.10963  -0.01061
   0.05886   0.34905   0.22881
   0.05886   0.34905  -0.25003
   0.05886   0.34905  -0.01061
   0.05886   0.34905  -0.01061
   0.05886   0.10963   0.22881
   0.05886   0.10963  -0.01061
  -0.18056   0.10963   0.22881
   0.05886   0.10963  -0.01061
   0.05886  -0.12979  -0.01061
   0.05886  -0.12979  -0.01061
   0.05886  -0.12979  -0.01061
   0.05886  -0.12979  -0.01061
   0.05886  -0.12979  -0.01061
   0.05886  -0.12979  -0.01061
   0.05886  -0.12979   0.22881
  -0.18056  -0.12979   0.22881
   0.05886  -0.12979  -0.01061
  -0.18056   0.10963  -0.01061
   0.05886  -0.12979  -0.01061
  -0.18056  -0.12979  -0.01061
   0.05886  -0.12979  -0.01061
  -0.18056  -0.12979   0.22881
  -0.18056  -0.36921  -0.01061
  -0.18056  -0.12979  -0.01061
  -0.18056  -0.12979  -0.01061
  -0.18056  -0.36921  -0.01061
  -0.41998  -0.12979  -0.01061
  -0.18056  -0.12979  -0.01061
  -0.18056  -0.12979   0.22881
  -0.18056  -0.12979  -0.01061
  -0.18056  -0.12979  -0.01061
  -0.18056  -0.12979  -0.01061
  -0.18056  -0.12979   0.22881
   0.05886  -0.12979  -0.01061
   0.05886  -0.12979  -0.01061
   0.05886  -0.12979  -0.01061
   0.05886  -0.12979  -0.01061
   0.05886   0.10963  -0.25003
   0.05886   0.10963  -0.25003
   0.05886  -0.12979  -0.01061
   0.05886  -0.12979  -0.01061
   0.05886   0.10963  -0.01061
   0.05886   0.10963  -0.01061
   0.05886   0.10963   0.22881
   0.05886  -0.12979  -0.01061
   0.05886   0.10963  -0.01061
   0.29828   0.10963  -0.01061
   0.05886   0.10963   0.22881
   0.29828   0.10963  -0.01061
   0.29828   0.34905   0.22881
   0.05886   0.34905  -0.01061
   0.29828   0.34905   0.22881
   0.05886   0.34905   0.22881
   0.29828   0.34905   0.22881
   0.05886   0.10963   0.22881
   0.29828   0.34905   0.22881
   0.05886   0.34905   0.22881
   0.29828   0.34905   0.22881
   0.05886   0.34905   0.22881
   0.05886   0.34905   0.22881
   0.05886   0.34905   0.22881
   0.05886   0.34905   0.22881
   0.05886   0.34905   0.22881
   0.05886   0.34905  -0.01061
   0.05886   0.10963  -0.01061
   0.29828   0.10963  -0.01061
   0.05886   0.34905  -0.01061
   0.05886   0.10963  -0.01061
   0.29828   0.10963  -0.01061
   0.05886  -0.12979  -0.01061
   0.05886  -0.12979  -0.25003
   0.05886  -0.12979  -0.01061
   0.05886  -0.12979  -0.25003
   0.05886  -0.12979  -0.25003
   0.05886  -0.12979  -0.25003
  -0.18056  -0.12979  -0.25003
   0.05886  -0.12979  -0.25003
  -0.18056  -0.12979  -0.01061
  -0.18056  -0.36921  -0.25003
  -0.18056  -0.12979  -0.25003
  -0.18056  -0.36921  -0.25003
  -0.41998  -0.36921  -0.25003
  -0.18056  -0.36921  -0.25003
  -0.18056  -0.36921  -0.25003
  -0.18056  -0.36921  -0.25003
  -0.18056  -0.36921  -0.25003
  -0.18056  -0.60863  -0.25003
  -0.18056  -0.36921  -0.25003
   0.05886  -0.36921  -0.25003
  -0.18056  -0.36921  -0.25003
  -0.18056  -0.36921  -0.25003
  -0.18056  -0.36921  -0.25003
   0.05886  -0.12979  -0.25003
  -0.18056  -0.12979  -0.25003
   0.05886  -0.12979  -0.25003
   0.05886  -0.12979  -0.25003
   0.05886  -0.12979  -0.25003
  -0.18056   0.10963  -0.01061
   0.05886   0.10963  -0.25003
   0.05886   0.34905  -0.25003
   0.05886   0.10963  -0.25003
   0.05886   0.10963  -0.25003
   0.05886   0.10963  -0.25003
   0.05886   0.10963  -0.01061
   0.05886   0.10963  -0.01061
   0.05886   0.10963  -0.01061
  -0.18056   0.10963  -0.01061
   0.05886   0.34905  -0.01061
   0.05886   0.34905  -0.01061
  -0.18056   0.34905   0.22881
   0.05886   0.34905  -0.01061
   0.05886   0.58847  -0.01061
  -0.18056   0.10963  -0.01061
   0.05886   0.10963  -0.01061
   0.05886   0.10963  -0.01061
   0.05886   0.10963  -0.01061
   0.05886   0.10963  -0.01061
   0.05886   0.34905  -0.01061
   0.05886   0.34905  -0.01061
   0.05886   0.10963  -0.01061
   0.05886   0.34905  -0.01061
   0.05886   0.10963  -0.01061
   0.05886   0.10963  -0.25003
   0.05886   0.34905  -0.25003
   0.29828   0.34905  -0.25003
   0.05886   0.10963  -0.25003
   0.05886   0.10963  -0.25003
   0.29828   0.10963  -0.01061
   0.05886   0.34905  -0.01061
   0.05886   0.10963  -0.25003
   0.05886   0.10963  -0.01061
   0.05886  -0.12979  -0.25003
   0.05886  -0.12979  -0.25003
   0.05886  -0.36921  -0.25003
   0.05886  -0.36921  -0.25003
   0.05886  -0.36921  -0.25003
   0.05886  -0.36921  -0.25003
  -0.18056  -0.12979  -0.25003
   0.05886  -0.36921  -0.25003
   0.05886  -0.12979  -0.01061
   0.05886  -0.36921  -0.01061
   0.05886  -0.12979  -0.25003
   0.05886   0.10963  -0.25003
   0.05886   0.10963  -0.25003
   0.05886   0.10963  -0.25003
   0.05886  -0.12979  -0.01061
   0.05886   0.10963  -0.25003
   0.05886  -0.12979  -0.01061
   0.05886  -0.12979  -0.01061
   0.05886  -0.12979  -0.25003
   0.05886  -0.12979  -0.01061
   0.05886  -0.12979   0.22881
   0.05886   0.10963  -0.01061
   0.05886  -0.12979  -0.01061
   0.05886   0.10963   0.22881
   0.05886   0.10963  -0.01061
   0.05886   0.10963  -0.01061
   0.05886   0.10963  -0.01061
   0.29828  -0.12979   0.22881
   0.05886   0.10963  -0.01061
   0.29828   0.10963   0.22881
   0.05886   0.10963   0.22881
   0.05886   0.10963   0.22881
   0.05886   0.10963   0.22881
   0.05886   0.10963   0.22881
   0.05886   0.10963   0.46823
  -0.18056   0.10963   0.22881
   0.05886  -0.12979   0.22881
  -0.18056  -0.12979   0.22881
  -0.18056  -0.12979   0.46823
   0.05886   0.10963   0.46823
   0.05886  -0.12979   0.46823
   0.05886   0.10963   0.46823
   0.05886   0.10963   0.70765
   0.05886   0.10963   0.46823
   0.29828  -0.12979   0.70765
   0.05886  -0.12979   0.70765
   0.29828   0.10963   0.46823
   0.05886   0.10963   0.46823
   0.29828   0.10963   0.22881
   0.05886   0.10963   0.46823
   0.29828   0.10963   0.46823
   0.29828   0.34905   0.46823
   0.05886   0.34905   0.46823
   0.29828   0.10963   0.46823
   0.05886   0.10963   0.22881
   0.05886   0.10963   0.22881
   0.05886  -0.12979  -0.01061
   0.05886  -0.12979  -0.01061
  -0.18056   0.10963  -0.25003
  -0.18056   0.10963  -0.01061
  -0.18056   0.10963  -0.25003
  -0.18056  -0.12979  -0.25003
  -0.18056  -0.12979  -0.25003
  -0.18056  -0.12979  -0.25003
  -0.18056  -0.12979  -0.25003
  -0.18056  -0.12979  -0.25003
  -0.18056  -0.12979  -0.48945
  -0.18056  -0.36921  -0.48945
  -0.18056  -0.36921  -0.25003
  -0.18056  -0.36921  -0.48945
  -0.18056  -0.12979  -0.48945
  -0.41998  -0.36921  -0.48945
   0.05886  -0.12979  -0.48945
   0.05886  -0.12979  -0.25003
  -0.18056  -0.12979  -0.48945
   0.05886   0.10963  -0.48945
   0.05886   0.10963  -0.25003
   0.05886  -0.12979  -0.48945
   0.05886  -0.12979  -0.25003
  -0.18056  -0.12979  -0.25003
   0.05886  -0.12979  -0.25003
   0.05886  -0.36921  -0.25003
   0.05886  -0.12979  -0.25003
   0.05886  -0.12979  -0.01061
   0.05886   0.10963  -0.25003
   0.05886   0.10963  -0.25003
  -0.18056   0.34905  -0.01061
   0.05886   0.34905  -0.01061
   0.05886   0.34905  -0.01061
   0.05886   0.34905  -0.01061
   0.05886   0.34905  -0.01061
  -0.18056   0.34905   0.22881
   0.05886   0.34905  -0.01061
  -0.18056   0.10963   0.22881
   0.05886   0.10963  -0.01061
   0.05886   0.10963   0.22881
   0.05886   0.10963   0.22881
   0.05886   0.10963   0.22881
   0.05886   0.10963   0.22881
   0.05886   0.10963   0.22881
   0.05886   0.10963   0.22881
  -0.18056  -0.12979   0.22881
  -0.18056  -0.12979   0.22881
   0.29828   0.10963   0.22881
   0.05886   0.10963   0.22881
   0.05886   0.10963   0.22881
   0.05886   0.10963   0.46823
   0.05886   0.10963   0.46823
   0.05886   0.10963   0.46823
   0.05886  -0.12979   0.22881
   0.05886  -0.12979   0.22881
   0.05886  -0.36921   0.46823
   0.05886  -0.36921   0.22881
   0.05886  -0.36921   0.22881
   0.05886  -0.12979   0.22881
   0.05886  -0.12979   0.22881
   0.05886   0.10963   0.22881
   0.05886   0.10963  -0.01061
   0.05886   0.10963  -0.01061
   0.05886   0.10963  -0.01061
   0.05886  -0.12979  -0.01061
   0.05886  -0.12979  -0.25003
   0.05886  -0.12979  -0.25003
  -0.18056  -0.12979  -0.25003
   0.05886  -0.12979  -0.25003
  -0.18056   0.10963  -0.25003
  -0.18056   0.10963  -0.25003
  -0.18056   0.34905  -0.25003
  -0.18056   0.34905  -0.25003
   0.05886   0.10963  -0.25003
  -0.18056   0.34905  -0.25003
  -0.18056   0.10963  -0.25003
  -0.18056   0.34905  -0.25003
  -0.18056   0.10963  -0.25003
  -0.18056   0.10963  -0.48945
  -0.18056   0.10963  -0.48945
  -0.18056   0.10963  -0.25003
  -0.18056   0.10963  -0.48945
  -0.18056   0.10963  -0.48945
  -0.18056   0.10963  -0.48945
  -0.18056   0.10963  -0.25003
   0.05886   0.10963  -0.25003
  -0.18056   0.10963  -0.25003
  -0.18056   0.10963  -0.25003
   0.05886   0.10963  -0.25003
   0.05886   0.10963  -0.01061
   0.05886  -0.12979  -0.25003
   0.05886  -0.12979  -0.25003
   0.05886  -0.12979  -0.25003
   0.05886  -0.12979  -0.25003
   0.05886  -0.12979  -0.01061
   0.05886  -0.12979  -0.01061
   0.05886  -0.12979  -0.01061
   0.05886  -0.12979  -0.01061
   0.05886  -0.12979  -0.01061
   0.05886  -0.12979   0.22881
   0.29828  -0.12979   0.22881
   0.05886  -0.12979  -0.01061
   0.05886  -0.12979  -0.01061
   0.05886  -0.12979  -0.01061
  -0.18056  -0.12979   0.22881
   0.05886  -0.36921  -0.01061
  -0.18056  -0.12979  -0.01061
   0.05886  -0.36921  -0.01061
   0.05886  -0.12979  -0.01061
   0.05886  -0.12979  -0.01061
   0.05886   0.10963  -0.01061
  -0.18056   0.10963  -0.01061
   0.05886  -0.12979  -0.01061
   0.05886   0.34905  -0.01061
   0.05886   0.10963  -0.01061
   0.05886   0.34905  -0.01061
   0.05886   0.10963  -0.01061
   0.05886   0.34905  -0.01061
   0.05886   0.34905  -0.01061
   0.05886   0.10963  -0.01061
   0.29828   0.10963  -0.01061
   0.05886  -0.12979  -0.01061
   0.05886   0.10963  -0.01061
   0.05886  -0.12979  -0.01061
   0.29828  -0.12979  -0.01061
   0.05886   0.10963  -0.01061
   0.29828   0.10963  -0.01061
   0.05886   0.10963  -0.01061
   0.05886   0.10963  -0.01061
   0.05886  -0.12979  -0.01061
   0.05886  -0.12979  -0.01061
   0.05886  -0.12979   0.22881
   0.05886   0.10963  -0.01061
   0.05886  -0.12979  -0.01061
   0.05886  -0.12979   0.22881
   0.05886  -0.12979   0.22881
  -0.18056  -0.12979  -0.01061
  -0.18056  -0.12979   0.22881
   0.05886  -0.12979   0.22881
   0.05886  -0.12979   0.46823
  -0.18056  -0.12979   0.46823
  -0.18056   0.10963   0.22881
  -0.18056   0.10963   0.22881
  -0.18056   0.10963  -0.01061
  -0.18056   0.10963   0.22881
  -0.18056   0.10963   0.22881
  -0.18056   0.10963   0.22881
   0.05886   0.10963  -0.01061
   0.05886   0.10963  -0.01061
  -0.18056   0.10963  -0.01061
  -0.18056  -0.12979  -0.01061
  -0.18056  -0.12979   0.22881
  -0.18056  -0.12979  -0.01061
  -0.18056  -0.12979  -0.01061
  -0.18056  -0.12979  -0.01061
  -0.18056  -0.12979  -0.25003
  -0.18056  -0.12979  -0.01061
  -0.41998  -0.12979   0.22881
  -0.18056  -0.12979   0.22881
  -0.18056  -0.12979  -0.01061
  -0.18056  -0.12979  -0.01061
  -0.18056  -0.12979  -0.01061
  -0.41998  -0.12979   0.22881
  -0.41998   0.10963   0.22881
  -0.18056   0.10963   0.22881
  -0.41998   0.10963   0.22881
  -0.41998   0.10963   0.22881
  -0.18056   0.10963   0.22881
   0.05886   0.10963   0.22881
  -0.18056   0.10963   0.22881
  -0.18056   0.10963   0.22881
  -0.18056   0.10963   0.46823
   0.05886   0.10963   0.22881
   0.05886  -0.12979   0.22881
   0.05886  -0.12979   0.22881
   0.05886  -0.12979   0.22881
   0.29828   0.10963   0.22881
   0.05886   0.10963   0.22881
   0.29828  -0.12979   0.22881
   0.05886  -0.12979  -0.01061
   0.29828  -0.12979  -0.01061
   0.05886  -0.12979  -0.01061
   0.29828  -0.12979  -0.01061
   0.05886  -0.12979  -0.25003
   0.05886   0.10963  -0.25003
   0.29828   0.10963  -0.25003
   0.05886   0.34905  -0.01061
   0.05886   0.10963  -0.48945
  -0.18056   0.10963  -0.25003
  -0.18056   0.10963  -0.25003
   0.05886   0.10963  -0.25003
   0.05886   0.10963  -0.25003
   0.05886   0.10963  -0.25003
   0.05886  -0.12979  -0.48945
  -0.41998   0.10963  -0.25003
  -0.18056  -0.12979  -0.25003
  -0.18056   0.34905  -0.25003
  -0.18056   0.10963  -0.25003
  -0.18056   0.10963  -0.01061
  -0.18056   0.10963  -0.01061
   0.05886   0.10963  -0.01061
   0.05886  -0.12979  -0.01061
  -0.18056  -0.12979  -0.01061
   0.05886  -0.12979  -0.01061
   0.05886  -0.12979   0.22881
   0.05886  -0.12979  -0.01061
   0.29828   0.10963   0.22881
   0.05886  -0.12979   0.22881
   0.05886   0.10963   0.22881
   0.29828  -0.12979   0.22881
   0.29828   0.10963   0.22881
   0.29828   0.10963  -0.01061
   0.05886   0.10963   0.22881
   0.29828   0.10963  -0.01061
   0.29828   0.10963  -0.01061
   0.29828   0.10963  -0.25003
   0.29828   0.10963  -0.01061
   0.29828  -0.12979  -0.01061
   0.29828  -0.12979  -0.01061
   0.29828  -0.12979  -0.01061
   0.29828  -0.12979  -0.01061
   0.29828  -0.12979  -0.01061
   0.29828  -0.36921  -0.01061
   0.29828  -0.12979  -0.25003
   0.29828  -0.36921  -0.01061
   0.29828  -0.36921  -0.01061
   0.29828  -0.36921  -0.25003
   0.05886  -0.36921  -0.25003
   0.05886  -0.12979  -0.01061
   0.05886  -0.12979  -0.25003
   0.05886   0.10963  -0.01061
   0.05886   0.10963  -0.01061
   0.05886  -0.12979  -0.01061
  -0.18056   0.10963  -0.01061
  -0.18056  -0.12979  -0.01061
  -0.18056   0.10963   0.22881
  -0.18056  -0.12979   0.22881
  -0.18056   0.10963  -0.01061
  -0.18056  -0.12979  -0.01061
  -0.18056   0.10963  -0.01061
  -0.18056   0.10963  -0.01061
  -0.18056   0.10963  -0.01061
  -0.41998   0.10963  -0.01061
  -0.18056   0.34905  -0.01061
  -0.18056   0.34905  -0.01061
  -0.18056   0.10963  -0.01061
  -0.41998   0.34905  -0.25003
  -0.41998   0.34905  -0.01061
  -0.41998   0.34905  -0.01061
  -0.41998   0.10963  -0.01061
  -0.41998   0.10963  -0.01061
  -0.18056  -0.12979  -0.01061
  -0.18056  -0.12979  -0.01061
  -0.18056  -0.12979  -0.01061
  -0.18056  -0.12979  -0.01061
  -0.18056   0.10963  -0.01061
  -0.18056   0.10963  -0.01061
  -0.41998   0.10963   0.22881
  -0.41998   0.10963  -0.01061
  -0.18056   0.10963   0.22881
  -0.18056   0.10963  -0.01061
  -0.18056   0.10963  -0.01061
  -0.18056   0.10963   0.22881
  -0.18056   0.10963   0.22881
  -0.41998  -0.12979   0.22881
  -0.18056  -0.12979   0.22881
  -0.18056  -0.12979   0.22881
  -0.18056  -0.12979   0.22881
   0.05886  -0.36921   0.46823
   0.05886  -0.36921   0.22881
   0.05886  -0.12979   0.22881
   0.05886  -0.12979   0.22881
   0.29828  -0.12979   0.22881
   0.05886  -0.12979   0.46823
   0.29828  -0.36921   0.22881
   0.29828  -0.36921  -0.01061
   0.29828  -0.12979  -0.01061
   0.29828  -0.36921  -0.01061
   0.29828  -0.36921   0.22881
   0.29828  -0.36921  -0.01061
   0.29828  -0.36921  -0.01061
   0.29828  -0.36921  -0.25003
   0.29828  -0.12979  -0.25003
   0.29828  -0.12979  -0.25003
   0.29828   0.10963  -0.01061
   0.29828  -0.12979  -0.25003
   0.29828   0.10963  -0.25003
   0.29828  -0.12979  -0.25003
   0.05886  -0.12979  -0.48945
   0.05886   0.10963  -0.25003
   0.05886   0.10963  -0.25003
   0.05886   0.34905  -0.01061
   0.05886   0.34905  -0.25003
   0.05886   0.10963  -0.25003
   0.05886   0.34905  -0.25003
   0.05886   0.34905  -0.01061
   0.05886   0.10963  -0.25003
   0.05886   0.10963  -0.25003
  -0.18056   0.10963  -0.25003
   0.05886   0.10963  -0.25003
  -0.18056   0.10963  -0.25003
  -0.18056   0.10963  -0.25003
  -0.18056   0.10963  -0.25003
  -0.18056   0.10963  -0.01061
   0.05886   0.10963  -0.25003
  -0.18056   0.10963  -0.01061
  -0.18056   0.10963  -0.01061
   0.05886   0.10963  -0.01061
  -0.18056  -0.12979  -0.01061
  -0.18056   0.10963  -0.25003
   0.05886   0.10963  -0.01061
   0.05886   0.10963  -0.01061
   0.05886   0.10963  -0.01061
   0.05886   0.10963  -0.01061
  -0.18056   0.10963  -0.01061
   0.05886   0.10963  -0.01061
   0.05886  -0.12979  -0.01061
   0.05886   0.34905  -0.25003
   0.05886   0.10963  -0.01061
  -0.18056   0.10963  -0.01061
   0.05886   0.10963  -0.25003
   0.05886   0.10963  -0.25003
  -0.18056   0.10963  -0.01061
   0.05886  -0.12979  -0.01061
   0.05886  -0.12979  -0.01061
  -0.18056   0.10963  -0.25003
  -0.18056  -0.12979  -0.01061
   0.05886  -0.12979  -0.25003
  -0.18056   0.10963  -0.48945
  -0.18056   0.10963  -0.25003
  -0.18056  -0.12979  -0.25003
  -0.18056  -0.12979  -0.25003
  -0.41998  -0.12979  -0.25003
  -0.18056  -0.12979  -0.25003
  -0.41998   0.10963  -0.25003
  -0.18056   0.10963  -0.01061
  -0.18056  -0.12979  -0.25003
  -0.18056   0.10963  -0.01061
  -0.18056  -0.12979  -0.01061
  -0.18056  -0.12979  -0.25003
  -0.18056  -0.12979  -0.01061
  -0.18056  -0.12979  -0.01061
  -0.41998  -0.12979  -0.01061
  -0.41998  -0.12979  -0.01061
  -0.41998  -0.36921  -0.01061
  -0.18056  -0.12979  -0.01061
  -0.41998  -0.12979   0.22881
  -0.18056  -0.12979   0.22881
   0.05886  -0.36921   0.22881
   0.05886  -0.12979   0.22881
   0.05886  -0.12979   0.22881
   0.05886  -0.12979   0.22881
   0.05886  -0.12979   0.22881
   0.05886  -0.12979   0.22881
   0.05886  -0.12979   0.22881
   0.05886   0.10963   0.22881
   0.05886  -0.12979   0.22881
   0.05886  -0.12979   0.22881
   0.05886  -0.12979   0.22881
   0.29828   0.10963   0.22881
   0.29828   0.10963   0.22881
   0.05886   0.10963   0.22881
   0.29828   0.10963  -0.01061
   0.29828   0.10963  -0.01061
   0.05886   0.10963   0.22881
   0.05886   0.10963  -0.01061
   0.29828   0.10963  -0.01061
   0.29828   0.10963  -0.01061
   0.05886   0.10963  -0.25003
   0.29828   0.10963  -0.01061
   0.29828   0.10963  -0.25003
   0.29828   0.10963  -0.25003
   0.29828   0.34905  -0.25003
   0.29828   0.10963  -0.25003
   0.29828   0.10963  -0.25003
   0.29828   0.10963  -0.25003
   0.29828   0.10963  -0.25003
   0.29828  -0.12979  -0.25003
   0.29828   0.10963  -0.25003
   0.29828   0.10963  -0.48945
   0.05886   0.10963  -0.25003
   0.29828   0.10963  -0.48945
   0.29828   0.10963  -0.48945
   0.29828  -0.12979  -0.25003
   0.29828  -0.12979  -0.25003
   0.29828  -0.36921  -0.25003
   0.29828  -0.12979  -0.25003
   0.29828  -0.12979  -0.25003
   0.29828   0.10963  -0.25003
   0.05886   0.10963  -0.25003
   0.29828  -0.12979  -0.01061
   0.05886   0.10963   0.22881
   0.05886   0.10963  -0.01061
   0.05886   0.10963  -0.01061
   0.05886  -0.12979  -0.01061
   0.05886   0.10963   0.22881
   0.05886  -0.12979  -0.01061
  -0.18056  -0.12979   0.22881
  -0.18056  -0.12979   0.22881
   0.05886  -0.12979  -0.01061
   0.05886  -0.12979  -0.01061
   0.05886  -0.36921   0.22881
  -0.18056  -0.12979   0.22881
  -0.18056  -0.12979  -0.01061
  -0.18056   0.10963  -0.01061
  -0.18056  -0.12979   0.22881
  -0.41998   0.10963   0.22881
  -0.41998   0.10963   0.22881
  -0.41998   0.10963   0.22881
  -0.41998   0.10963   0.22881
  -0.41998   0.10963   0.22881
  -0.41998  -0.12979  -0.01061
  -0.18056   0.10963  -0.01061
  -0.41998   0.10963  -0.01061
  -0.41998  -0.12979   0.22881
  -0.41998   0.10963   0.22881
  -0.41998   0.10963   0.22881
  -0.41998   0.10963  -0.01061
  -0.65940   0.34905   0.22881
  -0.41998   0.34905   0.22881
  -0.41998   0.34905   0.22881
  -0.18056   0.10963   0.22881
  -0.41998   0.34905   0.22881
  -0.41998   0.10963  -0.01061
  -0.18056   0.10963   0.22881
  -0.41998   0.10963   0.22881
  -0.18056   0.10963   0.22881
  -0.18056   0.10963  -0.01061
  -0.18056   0.10963   0.22881
  -0.18056   0.10963   0.22881
  -0.18056  -0.12979   0.22881
  -0.18056   0.10963  -0.01061
  -0.18056   0.10963   0.22881
  -0.18056   0.10963   0.22881
  -0.18056   0.10963   0.22881
  -0.18056   0.10963   0.22881
  -0.18056   0.10963  -0.01061
  -0.18056   0.10963  -0.01061
  -0.18056   0.10963   0.22881
  -0.18056   0.10963   0.22881
  -0.18056   0.10963   0.22881
   0.05886   0.10963   0.22881
   0.05886   0.10963   0.46823
   0.05886  -0.12979   0.22881
   0.05886  -0.12979   0.22881
   0.05886  -0.36921   0.22881
   0.05886  -0.36921   0.22881
   0.29828  -0.12979   0.22881
   0.29828  -0.36921   0.22881
   0.53770  -0.36921   0.46823
   0.29828  -0.36921   0.46823
   0.29828  -0.12979   0.22881
   0.53770  -0.12979   0.22881
   0.29828  -0.12979   0.22881
   0.53770  -0.12979   0.22881
   0.53770  -0.12979   0.22881
   0.53770  -0.12979   0.22881
   0.53770  -0.12979   0.22881
   0.77712  -0.12979  -0.01061
   0.77712   0.10963  -0.01061
   0.77712   0.10963  -0.01061
   0.77712   0.10963   0.22881
   0.77712   0.10963  -0.01061
   0.77712   0.10963  -0.01061
   0.77712   0.10963  -0.01061
   0.77712   0.34905  -0.01061
   0.77712   0.34905  -0.01061
   0.53770   0.34905  -0.01061
   0.77712   0.34905  -0.25003
   0.53770   0.34905  -0.25003
   0.77712   0.34905  -0.25003
   0.53770   0.34905  -0.25003
   0.53770   0.10963  -0.01061
   0.53770   0.10963  -0.01061
   0.53770   0.10963  -0.01061
   0.53770   0.10963  -0.01061
   0.53770   0.10963  -0.01061
   0.53770   0.10963  -0.01061
   0.29828   0.10963  -0.01061
   0.53770   0.10963  -0.25003
   0.29828   0.10963  -0.01061
   0.29828  -0.12979  -0.01061
   0.29828   0.10963  -0.01061
   0.29828   0.10963   0.22881
   0.05886   0.10963   0.22881
   0.05886  -0.12979   0.22881
   0.05886  -0.12979   0.22881
   0.05886  -0.12979  -0.01061
   0.05886  -0.36921  -0.01061
  -0.18056  -0.12979  -0.01061
   0.05886  -0.36921   0.22881
  -0.18056  -0.12979   0.22881
  -0.18056  -0.12979  -0.01061
  -0.41998  -0.12979  -0.01061
  -0.41998  -0.36921  -0.25003
  -0.41998  -0.12979  -0.25003
  -0.41998  -0.12979  -0.25003
  -0.41998  -0.12979  -0.25003
  -0.65940  -0.12979  -0.25003
  -0.41998  -0.12979  -0.25003
  -0.41998  -0.12979  -0.25003
  -0.65940  -0.12979  -0.25003
  -0.65940  -0.36921  -0.25003
  -0.41998  -0.12979  -0.25003
  -0.65940  -0.36921  -0.25003
  -0.41998  -0.12979  -0.25003
  -0.41998  -0.12979  -0.25003
  -0.41998  -0.12979  -0.25003
  -0.65940   0.10963  -0.25003
  -0.41998   0.10963  -0.01061
  -0.41998   0.10963  -0.25003
  -0.65940   0.10963  -0.25003
  -0.41998   0.10963  -0.01061
  -0.41998   0.10963  -0.01061
  -0.65940   0.10963  -0.25003
  -0.41998   0.10963  -0.01061
  -0.41998   0.10963   0.22881
  -0.41998   0.10963  -0.01061
  -0.41998   0.10963  -0.01061
  -0.41998   0.10963  -0.01061
  -0.41998   0.34905  -0.01061
  -0.41998   0.34905  -0.01061
  -0.41998   0.34905  -0.01061
  -0.41998   0.34905  -0.01061
  -0.41998   0.10963  -0.01061
  -0.41998   0.10963   0.22881
  -0.41998   0.10963   0.22881
  -0.41998   0.10963  -0.01061
  -0.41998   0.10963  -0.25003
  -0.41998   0.10963  -0.01061
  -0.18056   0.10963  -0.25003
  -0.41998   0.10963  -0.25003
  -0.18056   0.10963  -0.25003
  -0.41998   0.10963  -0.01061
  -0.18056   0.10963  -0.01061
  -0.18056   0.10963  -0.01061
  -0.18056   0.34905  -0.01061
   0.05886   0.34905  -0.01061
   0.05886   0.10963  -0.01061
  -0.18056   0.34905   0.22881
   0.05886   0.10963  -0.01061
   0.29828   0.10963  -0.01061
   0.29828   0.10963  -0.01061
   0.29828   0.10963  -0.01061
   0.29828  -0.12979  -0.01061
   0.29828   0.10963   0.22881
   0.29828  -0.12979  -0.01061
   0.53770  -0.12979   0.22881
   0.53770  -0.12979  -0.01061
   0.53770  -0.12979  -0.01061
   0.53770  -0.12979   0.22881
   0.29828  -0.12979  -0.01061
   0.29828  -0.12979   0.22881
   0.29828  -0.36921   0.22881
   0.29828  -0.12979   0.22881
   0.29828  -0.12979   0.22881
   0.29828  -0.12979   0.22881
   0.29828  -0.12979   0.22881
   0.29828  -0.12979   0.22881
   0.29828  -0.12979   0.22881
   0.29828  -0.12979  -0.01061
   0.29828  -0.12979   0.22881
   0.53770   0.10963   0.22881
   0.29828  -0.12979  -0.01061
   0.29828  -0.12979  -0.01061
   0.29828  -0.12979  -0.25003
   0.29828   0.10963  -0.01061
   0.29828  -0.12979  -0.01061
   0.29828  -0.12979  -0.01061
   0.29828   0.10963  -0.25003
   0.29828   0.10963  -0.01061
   0.29828   0.10963  -0.01061
   0.29828  -0.12979  -0.25003
   0.53770  -0.12979  -0.01061
   0.29828  -0.12979  -0.01061
   0.53770  -0.12979  -0.25003
   0.29828  -0.12979  -0.25003
   0.29828  -0.12979  -0.01061
   0.29828  -0.36921  -0.25003
   0.29828  -0.12979  -0.25003
   0.29828  -0.12979  -0.01061
   0.05886  -0.12979  -0.01061
   0.05886  -0.12979  -0.25003
   0.05886  -0.36921  -0.25003
  -0.18056  -0.12979  -0.01061
  -0.18056  -0.12979  -0.25003
  -0.18056  -0.12979  -0.25003
  -0.41998  -0.12979  -0.25003
  -0.18056  -0.12979  -0.25003
  -0.41998  -0.12979  -0.25003
  -0.41998  -0.12979  -0.25003
  -0.65940  -0.12979  -0.25003
  -0.65940  -0.12979  -0.25003
  -0.89882   0.10963  -0.25003
  -0.89882   0.10963  -0.25003
  -0.65940   0.10963  -0.25003
  -0.89882   0.10963  -0.25003
  -0.89882   0.10963  -0.25003
  -0.89882   0.34905  -0.25003
  -1.13824   0.34905  -0.25003
  -0.89882   0.10963  -0.25003
  -0.89882   0.10963  -0.25003
  -0.89882   0.34905  -0.25003
  -0.89882   0.58847  -0.25003
  -0.89882   0.34905  -0.01061
  -0.89882   0.34905  -0.25003
  -0.89882   0.34905  -0.25003
  -0.65940   0.34905  -0.01061
  -0.65940   0.34905  -0.01061
  -0.65940   0.34905  -0.01061
  -0.65940   0.10963  -0.01061
  -0.65940   0.10963  -0.01061
  -0.65940   0.10963  -0.01061
  -0.41998   0.10963   0.22881
  -0.65940   0.10963  -0.01061
  -0.65940  -0.12979  -0.01061
  -0.41998   0.10963  -0.01061
  -0.41998  -0.12979  -0.01061
  -0.41998  -0.12979  -0.01061
  -0.41998  -0.12979  -0.01061
  -0.41998  -0.12979  -0.01061
  -0.41998  -0.12979  -0.01061
  -0.41998  -0.12979  -0.01061
  -0.41998  -0.12979  -0.01061
  -0.18056  -0.12979  -0.01061
  -0.41998  -0.12979  -0.25003
  -0.18056  -0.12979  -0.25003
  -0.18056  -0.12979  -0.25003
  -0.18056  -0.12979  -0.25003
  -0.18056  -0.12979  -0.25003
   0.05886  -0.12979  -0.25003
   0.05886  -0.12979  -0.25003
   0.05886  -0.36921  -0.25003
   0.05886  -0.12979  -0.25003
   0.29828  -0.12979  -0.25003
   0.29828  -0.12979  -0.25003
   0.29828  -0.36921  -0.01061
   0.29828  -0.36921  -0.25003
   0.53770  -0.12979  -0.01061
   0.29828  -0.12979  -0.01061
   0.53770  -0.12979  -0.01061
   0.53770  -0.12979  -0.01061
   0.53770  -0.12979  -0.01061
   0.53770  -0.12979  -0.01061
   0.53770   0.10963   0.22881
   0.53770   0.10963  -0.01061
   0.53770   0.10963  -0.01061
   0.53770   0.10963   0.22881
   0.53770   0.10963   0.22881
   0.53770   0.10963   0.22881
   0.77712   0.10963   0.22881
   0.77712  -0.12979   0.22881
   0.77712   0.10963   0.22881
   0.77712   0.10963   0.22881
   0.53770   0.10963   0.22881
   0.53770   0.10963  -0.01061
   0.53770   0.10963   0.22881
   0.53770   0.10963  -0.01061
   0.53770   0.10963   0.22881
   0.53770   0.10963  -0.01061
   0.53770  -0.12979   0.22881
   0.53770  -0.12979   0.22881
   0.29828  -0.12979  -0.01061
   0.53770  -0.12979   0.22881
   0.53770  -0.36921  -0.25003
   0.29828  -0.36921  -0.01061
   0.29828  -0.12979  -0.01061
   0.29828  -0.12979  -0.01061
   0.29828  -0.12979  -0.01061
   0.53770   0.10963  -0.01061
   0.29828   0.10963  -0.01061
   0.29828   0.10963  -0.01061
   0.53770   0.10963  -0.01061
   0.53770  -0.12979  -0.01061
   0.53770  -0.12979  -0.01061
   0.53770   0.10963  -0.01061
   0.53770  -0.12979  -0.01061
   0.53770  -0.12979  -0.01061
   0.53770  -0.12979  -0.01061
   0.53770  -0.12979   0.22881
   0.53770  -0.12979   0.22881
   0.77712  -0.36921  -0.01061
   0.53770  -0.12979  -0.01061
   0.53770   0.10963   0.22881
   0.53770  -0.12979  -0.01061
   0.29828   0.10963  -0.01061
   0.29828   0.10963  -0.01061
   0.29828   0.10963  -0.01061
   0.29828   0.10963  -0.01061
   0.05886   0.10963  -0.01061
   0.05886   0.10963  -0.01061
   0.05886   0.10963   0.22881
   0.05886   0.10963   0.22881
  -0.18056   0.10963  -0.01061
  -0.18056   0.10963  -0.01061
  -0.18056   0.10963  -0.01061
  -0.18056   0.10963  -0.01061
  -0.41998  -0.12979  -0.01061
  -0.41998  -0.12979  -0.01061
  -0.41998  -0.12979   0.22881
  -0.41998  -0.12979   0.22881
  -0.65940  -0.12979   0.22881
  -0.65940  -0.12979  -0.01061
  -0.65940  -0.12979  -0.01061
  -0.65940  -0.12979  -0.01061
  -0.65940  -0.12979   0.22881
  -0.41998  -0.12979   0.22881
  -0.65940  -0.12979   0.22881
  -0.41998   0.10963   0.22881
  -0.41998  -0.12979   0.22881
  -0.41998   0.10963   0.22881
  -0.65940   0.34905   0.22881
  -0.65940   0.10963   0.22881
  -0.41998   0.10963   0.22881
  -0.41998   0.10963   0.22881
  -0.41998   0.10963  -0.01061
  -0.65940   0.10963   0.22881
  -0.41998   0.10963  -0.01061
  -0.41998   0.10963  -0.01061
  -0.41998   0.34905   0.22881
  -0.41998   0.10963   0.22881
  -0.41998   0.10963   0.22881
  -0.41998   0.34905   0.22881
  -0.41998   0.34905  -0.01061
  -0.41998   0.10963   0.22881
  -0.18056   0.10963   0.22881
  -0.41998  -0.12979   0.22881
  -0.18056  -0.12979  -0.01061
  -0.18056  -0.12979   0.22881
  -0.18056   0.10963  -0.01061
  -0.18056  -0.12979  -0.01061
  -0.18056   0.10963  -0.01061
  -0.18056   0.10963  -0.01061
   0.05886   0.10963   0.22881
   0.05886   0.10963  -0.01061
   0.05886   0.34905  -0.01061
   0.05886   0.10963  -0.01061
   0.05886   0.10963  -0.01061
   0.05886   0.10963   0.22881
   0.29828   0.34905  -0.01061
   0.29828   0.34905   0.22881
   0.29828   0.34905   0.22881
   0.29828   0.10963   0.22881
   0.53770   0.10963  -0.01061
   0.53770  -0.12979  -0.01061
   0.53770  -0.12979  -0.01061
   0.53770  -0.12979  -0.01061
   0.53770  -0.12979  -0.01061
   0.53770   0.10963   0.22881
   0.77712   0.10963  -0.01061
   0.77712   0.10963  -0.01061
   0.77712  -0.12979  -0.01061
   0.77712  -0.12979  -0.01061
   0.77712   0.10963  -0.01061
   0.77712  -0.12979  -0.25003
   0.77712  -0.12979  -0.01061
   0.77712  -0.12979  -0.25003
   0.77712  -0.12979  -0.25003
   0.77712  -0.12979  -0.01061
   0.77712  -0.12979  -0.25003
   0.77712  -0.12979  -0.25003
   0.77712  -0.12979  -0.25003
   0.53770  -0.12979  -0.25003
   0.53770  -0.12979  -0.25003
   0.53770  -0.12979  -0.25003
   0.53770  -0.12979  -0.25003
   0.29828  -0.36921  -0.25003
   0.29828  -0.12979  -0.25003
   0.05886  -0.36921  -0.25003
   0.05886  -0.36921  -0.25003
   0.05886  -0.36921  -0.25003
  -0.18056  -0.36921  -0.25003
  -0.18056  -0.36921  -0.25003
  -0.18056  -0.36921  -0.01061
  -0.18056  -0.36921  -0.25003
  -0.41998  -0.36921  -0.25003
  -0.41998  -0.12979  -0.01061
  -0.41998  -0.12979  -0.01061
  -0.41998  -0.12979  -0.01061
  -0.65940  -0.12979  -0.01061
  -0.41998  -0.12979  -0.01061
  -0.41998  -0.12979  -0.01061
  -0.41998   0.10963  -0.01061
  -0.41998   0.10963  -0.01061
  -0.41998  -0.12979  -0.01061
  -0.41998   0.34905  -0.01061
  -0.18056   0.34905  -0.01061
  -0.18056   0.10963  -0.01061
  -0.18056   0.10963  -0.01061
  -0.18056   0.34905  -0.01061
  -0.18056   0.34905  -0.01061
   0.05886   0.34905  -0.01061
  -0.18056   0.10963  -0.01061
   0.05886   0.10963  -0.25003
   0.05886   0.10963  -0.25003
   0.05886   0.10963  -0.25003
   0.05886   0.10963  -0.25003
   0.05886   0.10963  -0.25003
   0.05886   0.10963  -0.25003
   0.05886   0.10963  -0.48945
   0.05886  -0.12979  -0.48945
   0.05886  -0.12979  -0.48945
   0.05886  -0.12979  -0.48945
   0.05886  -0.12979  -0.48945
   0.05886  -0.12979  -0.48945
  -0.18056  -0.12979  -0.48945
   0.05886  -0.12979  -0.48945
   0.05886  -0.12979  -0.48945
  -0.18056  -0.12979  -0.48945
  -0.18056  -0.12979  -0.48945
  -0.18056   0.10963  -0.48945
  -0.18056   0.10963  -0.48945
  -0.18056   0.34905  -0.25003
  -0.18056   0.34905  -0.25003
  -0.41998   0.34905  -0.25003
  -0.41998   0.34905  -0.25003
  -0.41998   0.10963  -0.01061
  -0.65940   0.10963  -0.01061
  -0.41998   0.10963  -0.01061
  -0.41998   0.10963  -0.01061
  -0.41998   0.10963   0.22881
  -0.41998  -0.12979   0.22881
  -0.41998  -0.12979   0.46823
  -0.41998   0.10963   0.46823
  -0.41998  -0.12979   0.46823
  -0.41998   0.10963   0.70765
  -0.65940   0.10963   0.46823
  -0.41998  -0.12979   0.46823
  -0.65940   0.10963   0.46823
  -0.41998  -0.12979   0.70765
  -0.65940   0.10963   0.70765
  -0.41998   0.10963   0.70765
  -0.65940   0.10963   0.70765
  -0.65940   0.10963   0.70765
  -0.65940   0.34905   0.70765
  -0.65940   0.10963   0.70765
  -0.65940   0.10963   0.70765
  -0.41998   0.10963   0.70765
  -0.41998   0.10963   0.70765
  -0.41998   0.10963   0.70765
  -0.41998  -0.12979   0.70765
  -0.41998  -0.12979   0.46823
  -0.18056  -0.12979   0.46823
  -0.18056  -0.12979   0.46823
  -0.18056  -0.12979   0.46823
   0.05886   0.10963   0.22881
   0.05886   0.10963   0.22881
   0.05886   0.10963   0.46823
   0.29828   0.10963   0.22881
   0.29828   0.10963   0.22881
   0.29828   0.10963  -0.01061
   0.29828   0.10963   0.22881
   0.53770  -0.12979   0.22881
   0.53770  -0.12979  -0.01061
   0.53770   0.10963  -0.01061
   0.53770   0.10963  -0.01061
   0.77712  -0.12979  -0.01061
   0.77712   0.10963  -0.01061
   0.77712  -0.12979  -0.01061
   0.77712  -0.12979  -0.25003
   0.77712  -0.12979  -0.01061
   0.53770  -0.12979  -0.01061
   0.77712  -0.12979  -0.01061
   0.53770  -0.12979  -0.01061
   0.53770  -0.36921  -0.25003
   0.53770  -0.36921  -0.01061
   0.53770  -0.36921  -0.01061
   0.53770  -0.36921  -0.01061
   0.29828  -0.12979  -0.01061
   0.29828  -0.12979  -0.01061
   0.29828  -0.12979  -0.01061
   0.05886  -0.12979  -0.25003
   0.05886  -0.12979  -0.01061
   0.05886   0.10963  -0.01061
  -0.18056   0.10963  -0.01061
  -0.18056   0.10963  -0.01061
  -0.18056   0.10963  -0.01061
  -0.18056   0.34905  -0.01061
  -0.18056   0.10963  -0.01061
  -0.18056   0.10963  -0.01061
  -0.18056  -0.12979  -0.01061
  -0.18056   0.10963  -0.01061
  -0.18056   0.10963  -0.01061
  -0.18056   0.34905  -0.25003
  -0.18056   0.34905  -0.25003
  -0.18056   0.34905  -0.25003
  -0.18056   0.34905  -0.48945
  -0.41998   0.10963  -0.48945
  -0.18056   0.10963  -0.48945
  -0.41998  -0.12979  -0.48945
  -0.18056  -0.12979  -0.72887
  -0.18056  -0.12979  -0.72887
  -0.41998   0.10963  -0.72887
  -0.41998   0.10963  -0.72887
  -0.18056   0.10963  -0.72887
  -0.18056   0.10963  -0.72887
  -0.18056   0.10963  -0.48945
  -0.18056   0.10963  -0.72887
   0.05886   0.10963  -0.48945
   0.05886   0.10963  -0.48945
   0.05886   0.10963  -0.25003
   0.05886  -0.12979  -0.48945
   0.05886  -0.12979  -0.25003
   0.05886  -0.12979  -0.25003
   0.05886  -0.12979  -0.01061
  -0.18056  -0.12979  -0.01061
  -0.18056  -0.12979   0.22881
  -0.18056  -0.12979  -0.01061
  -0.18056  -0.12979   0.22881
  -0.18056  -0.12979   0.22881
  -0.18056  -0.12979   0.22881
  -0.18056  -0.12979   0.22881
  -0.18056  -0.12979  -0.01061
  -0.18056   0.10963   0.22881
  -0.18056   0.10963   0.22881
  -0.18056   0.10963   0.46823
  -0.18056   0.10963   0.46823
  -0.18056   0.10963   0.22881
  -0.41998  -0.12979   0.46823
  -0.18056  -0.12979   0.46823
  -0.41998   0.10963   0.46823
  -0.41998  -0.12979   0.22881
  -0.41998   0.10963   0.22881
  -0.41998   0.10963   0.22881
  -0.41998  -0.12979   0.22881
  -0.41998  -0.12979   0.22881
  -0.65940   0.10963   0.22881
  -0.65940   0.10963  -0.01061
  -0.41998  -0.12979  -0.01061
  -0.65940   0.10963  -0.01061
  -0.41998  -0.12979  -0.01061
  -0.65940   0.10963  -0.01061
  -0.41998   0.10963  -0.25003
  -0.41998   0.10963  -0.01061
  -0.41998   0.10963  -0.01061
  -0.41998   0.10963  -0.01061
  -0.41998   0.34905   0.22881
  -0.18056   0.10963   0.22881
  -0.18056   0.10963  -0.01061
   0.05886   0.10963  -0.01061
  -0.18056   0.10963  -0.01061
   0.05886   0.10963  -0.01061
   0.05886   0.10963  -0.01061
   0.29828  -0.12979  -0.01061
   0.29828  -0.12979  -0.01061
   0.29828  -0.12979  -0.01061
   0.53770  -0.12979  -0.01061
   0.53770  -0.12979   0.22881
   0.53770  -0.12979   0.22881
   0.53770  -0.12979   0.46823
   0.77712   0.10963   0.22881
   0.77712  -0.12979   0.46823
   0.77712   0.10963   0.46823
   0.77712   0.10963   0.46823
   0.77712   0.10963   0.46823
   0.77712   0.10963   0.46823
   0.77712   0.10963   0.46823
   0.77712   0.34905   0.46823
   0.53770   0.34905   0.22881
   0.53770   0.10963   0.46823
   0.53770   0.10963   0.46823
   0.53770   0.10963   0.46823
   0.29828   0.10963   0.22881
   0.29828   0.10963   0.22881
   0.29828   0.10963  -0.01061
   0.05886   0.10963   0.22881
   0.05886  -0.12979  -0.01061
   0.05886  -0.12979  -0.01061
  -0.18056  -0.12979  -0.01061
  -0.18056  -0.36921  -0.01061
  -0.18056  -0.12979  -0.01061
  -0.18056  -0.12979  -0.01061
  -0.18056  -0.36921  -0.25003
  -0.41998  -0.12979  -0.01061
  -0.18056  -0.12979  -0.01061
  -0.18056  -0.12979  -0.25003
  -0.18056   0.10963  -0.01061
  -0.18056   0.10963  -0.01061
  -0.18056   0.10963  -0.25003
  -0.18056   0.34905  -0.01061
   0.05886   0.34905  -0.25003
   0.05886   0.10963  -0.25003
   0.29828   0.34905  -0.25003
   0.29828   0.10963  -0.25003
   0.29828   0.10963  -0.25003
   0.53770  -0.12979  -0.25003
   0.77712  -0.12979  -0.25003
   0.77712  -0.12979  -0.25003
   0.77712  -0.12979  -0.25003
   1.01654  -0.12979  -0.48945
   1.01654  -0.36921  -0.48945
   1.01654  -0.12979  -0.25003
   1.25596  -0.12979  -0.25003
   1.01654  -0.12979  -0.48945
   1.01654  -0.12979  -0.48945
   1.01654  -0.12979  -0.48945
   1.01654  -0.12979  -0.48945
   1.01654  -0.12979  -0.48945
   1.01654  -0.12979  -0.48945
   0.77712  -0.36921  -0.48945
   0.53770  -0.36921  -0.48945
   0.53770  -0.60863  -0.48945
   0.29828  -0.60863  -0.25003
   0.29828  -0.36921  -0.48945
   0.05886  -0.36921  -0.25003
   0.05886  -0.36921  -0.01061
  -0.18056  -0.12979  -0.01061
  -0.18056  -0.12979   0.22881
  -0.18056  -0.12979  -0.01061
  -0.41998  -0.12979   0.22881
  -0.41998  -0.12979   0.46823
  -0.41998  -0.12979   0.22881
  -0.41998  -0.12979   0.46823
  -0.41998  -0.12979   0.46823
  -0.41998  -0.12979   0.70765
  -0.65940   0.10963   0.70765
  -0.41998  -0.12979   0.46823
  -0.41998   0.34905   0.70765
  -0.41998   0.10963   0.70765
  -0.41998  -0.12979   0.70765
  -0.41998  -0.12979   0.46823
  -0.41998   0.10963   0.70765
  -0.65940   0.10963   0.46823
  -0.65940   0.10963   0.46823
  -0.41998  -0.12979   0.46823
  -0.41998   0.10963   0.22881
  -0.41998  -0.12979   0.22881
  -0.41998   0.10963   0.22881
  -0.41998   0.34905  -0.01061
  -0.41998   0.34905  -0.01061
  -0.41998   0.34905  -0.01061
  -0.18056   0.58847  -0.01061
  -0.18056   0.58847  -0.25003
  -0.18056   0.58847  -0.25003
  -0.18056   0.58847  -0.48945
  -0.18056   0.34905  -0.48945
   0.05886   0.34905  -0.48945
   0.05886   0.34905  -0.25003
   0.05886   0.10963  -0.25003
   0.05886   0.10963  -0.48945
   0.05886   0.34905  -0.25003
   0.29828   0.10963  -0.48945
   0.05886   0.10963  -0.25003
   0.29828   0.34905  -0.25003
   0.29828   0.34905  -0.25003
   0.29828   0.10963  -0.25003
   0.29828   0.10963  -0.01061
   0.29828   0.10963  -0.01061
   0.29828   0.10963  -0.01061
   0.29828   0.10963  -0.01061
   0.05886   0.10963   0.22881
   0.29828  -0.12979   0.22881
   0.29828  -0.12979   0.46823
   0.05886   0.10963   0.46823
   0.05886  -0.12979   0.46823
   0.05886  -0.12979   0.46823
   0.05886  -0.12979   0.70765
   0.05886  -0.12979   0.70765
   0.05886  -0.12979   0.70765
   0.05886  -0.12979   0.70765
   0.05886  -0.12979   0.70765
   0.29828  -0.12979   0.70765
   0.05886  -0.12979   0.70765
   0.05886  -0.36921   0.46823
   0.05886  -0.12979   0.46823
   0.05886  -0.12979   0.46823
   0.05886  -0.36921   0.46823
   0.05886  -0.12979   0.22881
   0.05886  -0.12979  -0.01061
  -0.18056  -0.12979  -0.25003
  -0.18056  -0.12979  -0.25003
  -0.18056  -0.12979  -0.48945
  -0.18056  -0.12979  -0.48945
  -0.18056   0.10963  -0.72887
   0.05886   0.34905  -0.96829
  -0.18056   0.10963  -0.96829
  -0.18056   0.10963  -1.20771
   0.05886   0.10963  -1.20771
  -0.18056   0.10963  -1.44713
   0.05886   0.10963  -1.20771
   0.05886   0.34905  -1.44713
  -0.18056   0.10963  -1.20771
  -0.18056   0.10963  -1.44713
   0.05886   0.34905  -1.20771
  -0.18056   0.34905  -1.20771
  -0.18056   0.10963  -1.20771
  -0.18056  -0.12979  -0.96829
  -0.18056  -0.12979  -0.72887
  -0.18056  -0.12979  -0.48945
  -0.41998  -0.12979  -0.72887
  -0.18056  -0.12979  -0.72887
  -0.18056  -0.12979  -0.72887
  -0.41998  -0.36921  -0.48945
  -0.18056  -0.36921  -0.25003
  -0.41998  -0.12979  -0.48945
  -0.41998  -0.12979  -0.48945
  -0.65940  -0.12979  -0.25003
  -0.65940  -0.36921  -0.25003
  -0.41998  -0.36921  -0.25003
  -0.65940  -0.36921  -0.01061
  -0.41998  -0.36921   0.22881
  -0.65940  -0.36921   0.22881
  -0.65940  -0.12979   0.22881
  -0.65940  -0.36921   0.46823
  -0.65940  -0.36921   0.46823
  -0.89882  -0.36921   0.46823
  -0.89882  -0.36921   0.70765
  -0.65940  -0.36921   0.46823
  -0.65940  -0.36921   0.70765
  -0.65940  -0.12979   0.94707
  -0.65940  -0.12979   0.70765
  -0.65940   0.10963   0.94707
  -0.65940   0.10963   0.94707
  -0.41998   0.10963   1.18649
  -0.41998   0.34905   1.18649
  -0.18056   0.10963   0.94707
  -0.18056   0.34905   1.18649
   0.05886   0.10963   1.18649
   0.05886   0.10963   1.18649
   0.05886   0.10963   1.18649
   0.29828   0.10963   1.18649
   0.29828   0.10963   1.18649
   0.29828   0.10963   1.42591
   0.29828   0.34905   1.42591
   0.29828   0.34905   1.18649
   0.29828   0.34905   1.18649
   0.29828   0.34905   0.94707
   0.29828   0.34905   0.94707
   0.05886   0.34905   0.94707
   0.29828   0.34905   0.94707
   0.29828   0.34905   0.94707
   0.29828   0.58847   0.94707
   0.05886   0.34905   0.70765
   0.29828   0.34905   0.94707
   0.29828   0.34905   0.70765
   0.29828   0.34905   0.70765
   0.29828   0.34905   0.46823
   0.29828   0.34905   0.46823
   0.29828   0.34905   0.22881
   0.29828   0.34905   0.22881
   0.29828   0.34905   0.22881
   0.29828   0.10963   0.22881
   0.29828   0.10963  -0.01061
   0.53770   0.10963  -0.01061
   0.53770   0.10963  -0.01061
   0.53770   0.10963  -0.01061
   0.53770   0.10963  -0.01061
   0.53770   0.10963  -0.25003
   0.53770  -0.12979  -0.25003
   0.53770   0.10963  -0.25003
   0.53770   0.10963  -0.25003
   0.53770   0.10963  -0.48945
   0.53770  -0.12979  -0.48945
   0.53770  -0.12979  -0.25003
   0.29828  -0.12979  -0.25003
   0.29828  -0.12979  -0.48945
   0.29828  -0.12979  -0.01061
   0.05886  -0.12979  -0.25003
   0.05886  -0.12979  -0.25003
   0.29828  -0.12979  -0.25003
   0.29828  -0.12979  -0.25003
   0.05886  -0.12979  -0.48945
   0.05886   0.10963  -0.48945
   0.05886  -0.12979  -0.48945
   0.05886  -0.12979  -0.25003
   0.05886  -0.36921  -0.48945
   0.05886  -0.36921  -0.48945
   0.05886  -0.60863  -0.48945
   0.05886  -0.36921  -0.48945
   0.29828  -0.36921  -0.48945
   0.05886  -0.36921  -0.72887
   0.29828  -0.60863  -0.72887
   0.29828  -0.60863  -0.72887
   0.29828  -0.60863  -0.96829
   0.29828  -0.36921  -0.72887
   0.05886  -0.12979  -0.72887
   0.29828   0.10963  -0.96829
   0.29828   0.10963  -0.96829
   0.29828   0.10963  -0.72887
   0.29828   0.10963  -0.72887
   0.29828   0.10963  -0.96829
   0.29828  -0.12979  -0.96829
   0.29828   0.10963  -1.20771
   0.29828  -0.12979  -1.20771
   0.29828   0.10963  -1.20771
   0.05886   0.10963  -1.20771
   0.05886   0.10963  -1.20771
   0.29828   0.10963  -0.96829
   0.29828   0.10963  -0.96829
   0.29828   0.10963  -0.96829
   0.05886   0.10963  -0.72887
   0.05886   0.10963  -0.72887
   0.05886   0.10963  -0.48945
   0.05886   0.10963  -0.48945
  -0.18056  -0.12979  -0.25003
  -0.18056  -0.12979  -0.25003
  -0.18056  -0.12979  -0.01061
  -0.18056  -0.12979   0.22881
  -0.18056  -0.12979   0.22881
  -0.18056  -0.12979   0.22881
  -0.18056  -0.12979   0.22881
  -0.18056  -0.12979   0.22881
  -0.18056  -0.12979   0.46823
  -0.18056  -0.12979   0.22881
  -0.18056  -0.12979   0.46823
   0.05886   0.10963   0.22881
   0.05886   0.10963   0.46823
   0.29828   0.10963   0.46823
   0.29828   0.10963   0.46823
   0.53770   0.10963   0.46823
   0.53770   0.10963   0.46823
   0.77712   0.34905   0.46823
   0.77712   0.34905   0.22881
   0.77712   0.34905   0.46823
   1.01654   0.10963   0.46823
   1.01654   0.10963   0.22881
   1.01654   0.10963   0.22881
   1.25596   0.10963   0.22881
   1.25596   0.10963  -0.01061
   1.01654   0.10963  -0.01061
   1.01654   0.34905  -0.01061
   1.01654   0.34905  -0.25003
   0.77712   0.34905  -0.25003
   0.53770   0.34905  -0.25003
   0.53770   0.34905  -0.25003
   0.29828   0.34905  -0.25003
   0.05886   0.34905  -0.25003
   0.05886   0.34905  -0.25003
  -0.18056   0.34905  -0.25003
  -0.41998   0.34905  -0.48945
  -0.41998   0.34905  -0.48945
  -0.65940   0.10963  -0.48945
  -0.65940   0.10963  -0.25003
  -0.89882   0.10963  -0.25003
  -0.89882   0.10963  -0.25003
  -0.89882   0.10963  -0.25003
  -1.13824  -0.12979  -0.48945
  -1.37766  -0.12979  -0.25003
  -1.13824   0.10963  -0.25003
  -1.37766   0.10963  -0.25003
  -1.13824   0.10963  -0.25003
  -1.13824   0.10963  -0.25003
  -1.13824   0.10963  -0.01061
  -0.89882   0.34905  -0.01061
  -0.89882   0.34905   0.22881
  -0.89882   0.34905   0.22881
  -0.89882   0.58847   0.22881
  -0.89882   0.34905   0.22881
  -0.65940   0.34905   0.22881
  -0.41998   0.34905   0.22881
  -0.65940   0.34905   0.46823
  -0.41998   0.10963   0.22881
  -0.41998   0.10963   0.22881
  -0.41998   0.10963   0.22881
  -0.41998  -0.12979   0.22881
  -0.41998   0.10963   0.22881
  -0.65940  -0.12979   0.46823
  -0.41998   0.10963   0.22881
  -0.41998   0.10963   0.22881
  -0.18056  -0.12979   0.22881
  -0.18056  -0.12979  -0.01061
  -0.18056  -0.12979  -0.01061
  -0.18056  -0.12979  -0.01061
  -0.18056  -0.12979  -0.01061
  -0.18056  -0.36921  -0.25003
  -0.18056  -0.36921  -0.25003
   0.05886  -0.36921  -0.48945
   0.05886  -0.36921  -0.48945
   0.05886  -0.36921  -0.48945
   0.29828  -0.36921  -0.48945
   0.29828  -0.12979  -0.48945
   0.29828  -0.12979  -0.25003
   0.53770  -0.12979  -0.48945
   0.77712  -0.12979  -0.48945
   0.77712  -0.12979  -0.48945
   0.77712  -0.12979  -0.72887
   0.77712  -0.12979  -0.48945
   1.01654  -0.12979  -0.72887
   0.77712  -0.12979  -0.48945
   1.01654  -0.12979  -0.72887
   1.01654  -0.12979  -0.96829
   0.77712   0.10963  -0.96829
   0.77712   0.10963  -0.96829
   0.53770   0.10963  -1.20771
   0.53770   0.10963  -0.96829
   0.29828   0.10963  -0.96829
   0.29828  -0.12979  -1.20771
   0.05886  -0.12979  -1.20771
   0.05886  -0.12979  -1.20771
  -0.18056  -0.12979  -1.20771
  -0.18056  -0.12979  -1.20771
  -0.41998  -0.12979  -0.96829
  -0.41998   0.10963  -0.96829
  -0.65940   0.10963  -0.96829
  -0.89882   0.10963  -0.72887
  -0.89882  -0.12979  -0.72887
  -0.89882  -0.12979  -0.72887
  -1.13824   0.10963  -0.48945
  -1.13824  -0.12979  -0.25003
  -1.13824  -0.12979  -0.01061
  -1.13824  -0.12979  -0.01061
  -1.37766  -0.36921   0.22881
  -1.13824  -0.12979   0.46823
  -1.13824  -0.12979   0.46823
  -1.13824  -0.12979   0.46823
  -0.89882  -0.12979   0.70765
  -0.89882  -0.12979   0.94707
  -0.65940   0.10963   0.94707
  -0.89882   0.10963   0.70765
  -0.65940   0.34905   1.18649
  -0.65940   0.34905   1.18649
  -0.41998   0.10963   0.94707
  -0.41998   0.10963   1.18649
  -0.41998  -0.12979   1.18649
  -0.18056  -0.12979   1.18649
  -0.18056  -0.12979   1.18649
   0.05886  -0.36921   1.42591
   0.05886  -0.12979   1.42591
   0.29828  -0.12979   1.42591
   0.29828  -0.12979   1.66533
   0.53770  -0.12979   1.42591
   0.53770  -0.12979   1.66533
   0.77712  -0.36921   1.42591
   0.77712   0.10963   1.66533
   1.01654  -0.12979   1.66533
   0.77712  -0.12979   1.66533
   1.01654  -0.12979   1.66533
   1.01654  -0.36921   1.66533
   1.01654  -0.36921   1.66533
   1.01654  -0.36921   1.66533
   1.01654  -0.36921   1.66533
   0.77712  -0.36921   1.66533
   0.77712  -0.12979   1.66533
   0.77712  -0.12979   1.42591
   0.29828  -0.36921   1.42591
   0.29828  -0.12979   1.66533
   0.29828  -0.12979   1.66533
   0.05886  -0.12979   1.42591
  -0.18056  -0.12979   1.66533
  -0.18056   0.10963   1.42591
  -0.41998   0.10963   1.18649
  -0.41998  -0.12979   1.18649
  -0.65940   0.10963   1.18649
  -0.65940   0.10963   1.18649
  -0.65940   0.34905   1.18649
  -0.65940   0.34905   1.18649
  -0.89882   0.34905   1.18649
  -0.65940   0.34905   0.94707
  -0.65940   0.34905   0.70765
  -0.65940   0.10963   0.70765
  -0.65940   0.10963   0.70765
  -0.65940   0.34905   0.46823
  -0.41998   0.34905   0.46823
  -0.41998   0.58847   0.46823
  -0.18056   0.82789   0.46823
   0.05886   0.82789   0.22881
   0.29828   0.82789   0.22881
   0.29828   0.82789   0.22881
   0.29828   0.58847   0.22881
   0.29828   0.58847   0.22881
   0.29828   0.58847   0.22881
   0.29828   0.58847  -0.01061
   0.29828   0.58847  -0.01061
   0.29828   0.58847  -0.25003
   0.05886   0.58847  -0.25003
   0.05886   0.58847  -0.25003
   0.05886   0.34905  -0.25003
   0.05886   0.34905  -0.48945
   0.29828   0.34905  -0.72887
   0.29828   0.34905  -0.48945
   0.29828   0.10963  -0.72887
   0.05886   0.10963  -0.72887
   0.05886   0.10963  -0.96829
   0.29828  -0.12979  -0.96829
   0.29828  -0.12979  -1.20771
   0.29828  -0.12979  -1.20771
   0.29828  -0.12979  -1.20771
   0.53770  -0.12979  -1.44713
   0.53770  -0.12979  -1.68655
   0.29828  -0.36921  -1.68655
   0.29828   0.10963  -1.92597
   0.53770   0.10963  -1.92597
   0.53770  -0.12979  -2.16539
   0.53770  -0.12979  -2.16539
   0.77712  -0.12979  -1.92597
   0.53770  -0.12979  -1.92597
   0.77712  -0.12979  -1.92597
   0.77712  -0.12979  -1.68655
   0.53770  -0.36921  -1.92597
   0.53770  -0.60863  -1.68655
   0.53770  -0.84805  -1.44713
   0.29828  -0.84805  -1.20771
   0.05886  -0.84805  -1.20771
  -0.18056  -0.60863  -1.20771
  -0.18056  -0.60863  -0.96829
  -0.18056  -0.60863  -0.96829
  -0.18056  -0.60863  -0.96829
  -0.41998  -0.60863  -0.96829
  -0.41998  -0.36921  -0.72887
  -0.65940  -0.36921  -0.72887
  -0.65940  -0.36921  -0.48945
  -0.89882  -0.36921  -0.48945
  -0.89882  -0.60863  -0.48945
  -1.13824  -0.60863  -0.25003
  -1.13824  -0.36921  -0.01061
  -1.13824  -0.36921  -0.01061
  -1.13824  -0.36921   0.22881
  -1.13824  -0.36921   0.22881
  -1.13824  -0.36921   0.46823
  -1.13824  -0.36921   0.46823
  -1.13824  -0.60863   0.46823
  -0.89882  -0.36921   0.70765
  -0.89882  -0.36921   0.70765
  -0.65940  -0.12979   0.46823
  -0.65940  -0.12979   0.70765
  -0.41998   0.10963   0.94707
  -0.41998  -0.12979   0.94707
  -0.18056  -0.12979   1.18649
  -0.41998  -0.12979   1.42591
  -0.18056   0.10963   1.66533
   0.05886   0.34905   1.66533
   0.05886   0.58847   1.90475
   0.29828   0.58847   1.66533
   0.53770   0.34905   1.90475
   0.53770   0.34905   2.14417
   0.77712   0.34905   2.14417
   0.77712   0.34905   2.38359
   0.77712   0.10963   2.38359
   0.77712   0.10963   2.38359
   1.01654   0.10963   2.38359
   1.01654   0.10963   2.38359
   1.01654   0.10963   2.62302
   1.25596   0.10963   2.62302
   1.01654   0.34905   2.38359
   1.01654   0.34905   2.38359
   1.01654   0.34905   2.38359
   1.01654   0.34905   2.38359
   1.01654   0.34905   2.38359
   0.77712   0.34905   2.14417
   0.53770   0.10963   2.14417
   0.53770   0.10963   1.66533
   0.29828   0.34905   1.66533
   0.05886   0.34905   1.42591
  -0.18056   0.34905   1.42591
  -0.41998   0.34905   1.42591
  -0.41998   0.34905   0.94707
  -0.65940   0.34905   0.94707
  -0.65940   0.34905   0.70765
  -0.65940   0.34905   0.70765
  -0.65940   0.34905   0.46823
  -0.65940   0.34905   0.46823
  -0.65940   0.34905   0.22881
  -0.41998   0.34905  -0.01061
  -0.41998   0.34905  -0.25003
  -0.18056   0.10963  -0.25003
   0.05886  -0.12979  -0.25003
   0.05886  -0.36921  -0.48945
   0.29828  -0.12979  -0.72887
   0.29828  -0.12979  -0.72887
   0.53770   0.10963  -1.20771
   0.53770   0.10963  -1.20771
   0.53770   0.34905  -1.44713
   0.53770   0.34905  -1.44713
   0.77712   0.34905  -1.68655
   0.77712   0.34905  -1.68655
   0.77712   0.10963  -2.16539
   0.77712   0.34905  -2.40481
   0.77712   0.10963  -2.40481
   0.77712  -0.12979  -2.88365
   0.29828   0.10963  -2.88365
   0.53770  -0.12979  -3.36249
   0.29828   0.10963  -3.60191
   0.53770  -0.12979  -3.60191
   0.53770   0.10963  -4.08075
   0.53770   0.10963  -4.08075
   0.53770   0.10963  -4.08075
   0.53770  -0.12979  -4.32017
   0.53770  -0.12979  -4.08075
   0.53770  -0.36921  -4.08075
   0.53770  -0.60863  -4.32017
   0.77712  -0.60863  -3.84133
   0.77712  -0.84805  -3.84133
   1.01654  -0.84805  -3.60191
   1.01654  -0.60863  -3.60191
   1.01654  -0.60863  -3.12307
   1.25596  -0.60863  -3.12307
   1.01654  -0.84805  -2.88365
   1.01654  -0.60863  -2.40481
   0.77712  -0.60863  -2.40481
   0.77712  -0.60863  -2.16539
   0.53770  -0.60863  -1.92597
   0.53770  -0.36921  -1.92597
   0.29828  -0.12979  -1.68655
   0.05886  -0.12979  -1.68655
   0.05886  -0.12979  -1.44713
  -0.18056  -0.12979  -1.20771
  -0.18056   0.10963  -1.20771
  -0.65940   0.10963  -1.20771
  -0.65940   0.10963  -0.96829
  -0.65940   0.10963  -0.96829
  -0.89882   0.10963  -0.72887
  -1.13824   0.10963  -0.72887
  -1.13824   0.10963  -0.72887
  -1.13824  -0.12979  -0.48945
  -1.37766   0.10963  -0.25003
  -1.37766   0.10963  -0.25003
  -1.37766   0.10963   0.22881
  -1.61708  -0.12979  -0.01061
  -1.61708  -0.12979  -0.01061
  -1.61708  -0.12979   0.22881
  -1.37766  -0.36921   0.46823
  -1.61708  -0.12979   0.46823
  -1.37766  -0.12979   0.70765
  -1.37766  -0.12979   0.94707
  -0.89882  -0.12979   0.94707
  -0.89882  -0.12979   1.18649
  -0.89882  -0.36921   1.18649
  -0.89882  -0.12979   1.42591
  -0.89882  -0.12979   1.18649
  -0.89882  -0.12979   1.18649
  -0.89882  -0.12979   1.18649
  -0.89882  -0.12979   1.18649
  -0.89882  -0.12979   1.18649
  -0.89882  -0.12979   1.42591
  -0.89882  -0.12979   1.42591
  -0.89882   0.10963   1.42591
  -0.89882   0.10963   1.42591
  -1.13824   0.34905   1.42591
  -1.13824   0.34905   1.42591
  -1.37766   0.34905   1.66533
  -1.37766   0.34905   1.66533
  -1.37766   0.58847   1.66533
  -1.37766   0.58847   1.90475
  -1.37766   0.34905   1.66533
  -1.61708   0.34905   1.90475
  -1.61708   0.34905   1.66533
  -1.85650   0.34905   1.66533
  -1.85650   0.10963   1.66533
  -1.85650  -0.12979   1.66533
  -1.85650   0.10963   1.66533
  -1.61708   0.10963   1.66533
  -1.61708   0.10963   1.66533
  -1.37766   0.10963   1.66533
  -1.13824   0.10963   1.42591
  -0.89882  -0.12979   1.42591
  -0.89882  -0.12979   1.42591
  -0.65940  -0.12979   1.18649
  -0.41998   0.10963   1.18649
  -0.18056  -0.12979   0.94707
   0.05886  -0.12979   0.70765
   0.29828  -0.12979   0.46823
   0.53770  -0.12979   0.22881
   0.53770  -0.36921   0.46823
   1.01654  -0.12979  -0.01061
   1.01654  -0.12979  -0.01061
   1.25596   0.10963  -0.01061
   1.25596   0.10963  -0.25003
   1.49538   0.34905  -0.25003
   1.73480   0.58847  -0.25003
   1.73480   0.82789  -0.72887
   1.97422   0.82789  -0.72887
   2.45306   0.58847  -0.72887
   2.45306   0.82789  -0.96829
   2.45306   0.58847  -0.96829
   2.45306   0.58847  -0.96829
   2.45306   0.58847  -1.20771
   2.45306   0.58847  -0.96829
   2.45306   0.58847  -1.20771
   2.45306   0.34905  -1.44713
   2.45306   0.58847  -1.68655
   2.21364   0.34905  -1.68655
   2.21364   0.34905  -1.44713
   2.21364   0.10963  -1.68655
   1.97422   0.10963  -1.68655
   1.73480   0.10963  -1.68655
   1.49538   0.10963  -1.68655
   1.25596   0.10963  -1.44713
   1.25596   0.34905  -1.68655
   1.01654   0.10963  -1.44713
   0.77712   0.10963  -1.68655
   0.53770   0.10963  -1.44713
   0.29828   0.10963  -1.44713
   0.05886   0.10963  -1.44713
   0.05886   0.10963  -1.44713
  -0.18056  -0.12979  -1.20771
  -0.41998  -0.12979  -1.20771
  -0.65940  -0.12979  -1.20771
  -0.65940  -0.36921  -1.44713
  -0.89882  -0.12979  -1.20771
  -0.89882  -0.12979  -1.20771
  -0.89882  -0.12979  -1.20771
  -0.89882  -0.36921  -0.96829
  -1.13824  -0.36921  -0.48945
  -0.89882  -0.12979  -0.48945
  -0.89882  -0.36921  -0.25003
  -0.89882  -0.12979  -0.01061
  -0.65940  -0.36921   0.22881
  -0.89882  -0.36921   0.46823
  -0.89882  -0.36921   0.46823
  -0.89882  -0.36921   0.70765
  -1.13824  -0.36921   0.94707
  -1.13824  -0.36921   0.94707
  -1.37766  -0.36921   0.94707
  -1.37766  -0.36921   1.18649
  -1.13824  -0.36921   1.18649
  -1.13824  -0.60863   1.18649
  -1.37766  -0.60863   1.18649
  -0.89882  -0.60863   1.42591
  -0.89882  -0.36921   1.18649
  -0.89882  -0.36921   1.18649
  -0.65940  -0.36921   1.42591
  -0.41998  -0.36921   1.42591
  -0.41998  -0.36921   1.42591
  -0.18056  -0.36921   1.66533
  -0.18056  -0.60863   1.42591
  -0.41998  -0.36921   1.66533
  -0.18056  -0.36921   1.66533
  -0.18056  -0.36921   1.66533
   0.29828  -0.12979   1.66533
   0.53770  -0.12979   1.66533
   0.53770  -0.36921   1.66533
   0.77712  -0.12979   1.66533
   0.77712  -0.12979   1.66533
   1.01654  -0.12979   1.66533
   1.01654   0.10963   1.66533
   1.25596   0.10963   1.66533
   1.01654   0.34905   1.66533
   1.25596   0.34905   1.66533
   1.25596   0.34905   1.66533
   1.25596   0.10963   1.90475
   1.25596   0.10963   1.90475
   1.25596   0.34905   1.90475
   1.01654   0.34905   1.90475
   1.01654   0.34905   1.90475
   1.01654   0.34905   2.14417
   1.01654   0.10963   1.90475
   1.01654   0.10963   1.66533
   1.01654   0.10963   1.90475
   0.77712  -0.12979   1.66533
   0.77712   0.10963   1.90475
   0.77712   0.10963   1.66533
   0.77712   0.34905   1.42591
   0.53770   0.34905   1.66533
   0.53770   0.34905   1.66533
   0.29828   0.34905   1.66533
   0.29828   0.34905   1.42591
   0.05886   0.34905   1.18649
   0.29828   0.10963   1.18649
   0.29828   0.34905   0.94707
   0.05886  -0.12979   0.70765
   0.05886   0.10963   0.70765
   0.05886   0.10963   0.46823
   0.05886   0.10963   0.22881
  -0.18056   0.10963   0.22881
  -0.18056   0.10963   0.46823
  -0.18056   0.34905   0.46823
  -0.18056   0.34905   0.22881
  -0.18056   0.34905   0.22881
   0.05886   0.82789   0.22881
   0.29828   0.82789   0.22881
   0.29828   0.82789   0.22881
   0.29828   0.58847   0.46823
   0.53770   0.82789   0.46823
   0.53770   0.58847   0.46823
   0.53770   0.58847   0.46823
   0.53770   0.34905   0.46823
   0.77712   0.34905   0.46823
   0.77712   0.34905   0.22881
   0.77712   0.58847   0.22881
   1.01654   0.58847  -0.01061
   1.01654   0.34905  -0.01061
   1.25596   0.34905  -0.25003
   1.49538   0.10963  -0.25003
   1.25596   0.10963  -0.48945
   1.25596   0.10963  -0.48945
   1.25596   0.10963  -0.72887
   1.25596   0.10963  -0.96829
   1.25596   0.10963  -0.96829
   1.01654  -0.12979  -0.96829
   1.01654  -0.12979  -1.44713
   0.77712  -0.12979  -1.68655
   0.53770  -0.36921  -1.68655
   0.53770  -0.36921  -1.68655
   0.29828  -0.36921  -1.92597
   0.05886  -0.36921  -2.16539
  -0.18056  -0.36921  -1.92597
  -0.18056  -0.36921  -1.92597
  -0.41998  -0.36921  -1.92597
  -0.89882  -0.36921  -1.92597
  -1.13824  -0.60863  -1.68655
  -1.37766  -0.36921  -1.44713
  -1.61708  -0.36921  -1.20771
  -1.85650  -0.36921  -1.20771
  -2.09592  -0.60863  -0.96829
  -2.33534  -0.60863  -0.72887
  -2.57476  -0.84805  -0.72887
  -2.57476  -0.84805  -0.48945
  -2.81418  -0.60863  -0.25003
  -2.57476  -0.36921  -0.01061
  -2.57476  -0.36921   0.22881
  -2.57476  -0.12979   0.46823
  -2.57476  -0.12979   0.70765
  -2.57476  -0.12979   0.94707
  -2.33534  -0.12979   0.94707
  -2.33534  -0.12979   1.18649
  -2.33534   0.10963   1.42591
  -2.33534   0.10963   1.42591
  -2.33534   0.10963   1.66533
  -2.09592   0.10963   1.66533
  -2.09592   0.10963   1.42591
  -2.09592  -0.12979   1.66533
  -2.09592  -0.12979   1.42591
  -2.09592   0.10963   1.42591
  -2.09592   0.10963   1.42591
  -1.85650  -0.12979   0.94707
  -1.85650  -0.12979   0.94707
  -1.61708  -0.12979   0.94707
  -1.37766  -0.36921   0.46823
  -1.37766  -0.12979   0.70765
  -1.37766  -0.12979   0.70765
  -0.89882  -0.36921   0.46823
  -0.89882  -0.36921   0.22881
  -0.89882  -0.36921  -0.01061
  -0.65940  -0.36921  -0.01061
  -0.65940  -0.36921  -0.25003
  -0.41998  -0.36921  -0.48945
  -0.41998  -0.36921  -0.72887
  -0.41998  -0.36921  -0.96829
  -0.41998  -0.12979  -0.72887
   0.05886  -0.36921  -0.96829
   0.05886  -0.12979  -1.44713
   0.29828  -0.12979  -1.44713
   0.53770  -0.12979  -1.44713
   0.77712   0.10963  -1.68655
   1.01654   0.10963  -1.68655
   1.25596   0.10963  -1.68655
   1.49538   0.10963  -1.68655
   1.73480   0.10963  -1.68655
   1.97422   0.34905  -1.68655
   1.97422   0.58847  -1.68655
   2.21364   0.82789  -1.92597
   2.21364   0.58847  -1.68655
   2.21364   0.58847  -1.68655
   2.21364   0.58847  -1.68655
   2.21364   0.58847  -1.68655
   1.97422   0.58847  -1.68655
   1.97422   0.58847  -1.68655
   1.97422   0.58847  -1.44713
   1.97422   0.58847  -1.44713
   1.97422   0.34905  -1.44713
   1.97422   0.34905  -0.96829
   1.73480   0.10963  -0.96829
   1.73480   0.34905  -0.96829
   1.73480   0.10963  -0.48945
   1.73480   0.10963  -0.48945
   1.49538   0.10963  -0.25003
   1.49538   0.10963  -0.25003
   1.25596  -0.12979  -0.25003
   1.25596  -0.12979  -0.01061
   1.01654  -0.12979  -0.01061
   1.01654  -0.12979  -0.01061
   0.77712  -0.36921   0.22881
   0.77712  -0.12979   0.22881
   0.77712  -0.36921   0.22881
   0.53770  -0.36921   0.22881
   0.53770  -0.36921   0.46823
   0.29828  -0.36921   0.46823
   0.29828  -0.36921   0.70765
   0.29828  -0.12979   0.70765
   0.29828  -0.12979   0.70765
   0.29828  -0.12979   0.94707
   0.29828   0.10963   0.94707
   0.05886  -0.12979   0.94707
   0.05886  -0.12979   0.94707
   0.29828  -0.12979   1.18649
   0.05886  -0.36921   0.94707
   0.05886  -0.36921   0.70765
   0.05886  -0.36921   0.70765
   0.05886  -0.36921   0.70765
   0.05886  -0.60863   0.46823
   0.05886  -0.36921  -0.01061
   0.29828  -0.36921  -0.01061
   0.53770  -0.12979  -0.48945
   0.53770  -0.12979  -0.72887
   0.29828  -0.12979  -0.72887
   0.29828  -0.12979  -0.96829
   0.29828  -0.12979  -1.20771
   0.29828  -0.12979  -1.20771
   0.05886  -0.36921  -1.44713
   0.05886  -0.12979  -1.68655
  -0.18056  -0.36921  -1.68655
  -0.41998  -0.12979  -1.68655
  -0.65940  -0.12979  -1.68655
  -0.65940  -0.12979  -1.68655
  -0.89882  -0.12979  -1.68655
  -0.89882  -0.12979  -1.20771
  -1.13824  -0.12979  -0.96829
  -1.13824  -0.12979  -0.96829
  -1.13824  -0.12979  -0.72887
  -1.37766  -0.36921  -0.48945
  -1.61708  -0.12979  -0.25003
  -1.61708  -0.36921  -0.25003
  -1.61708  -0.12979   0.22881
  -1.61708  -0.12979   0.22881
  -1.85650   0.10963   0.70765
  -1.85650  -0.12979   0.70765
  -1.85650   0.10963   0.70765
  -1.85650   0.10963   0.94707
  -1.85650   0.10963   0.94707
  -1.85650   0.10963   0.94707
  -1.61708   0.10963   0.94707
  -1.37766   0.10963   0.94707
  -1.13824   0.10963   0.70765
  -1.13824   0.10963   0.22881
  -0.89882   0.10963   0.22881
  -0.89882   0.10963  -0.25003
  -0.89882   0.34905  -0.25003
  -0.65940   0.34905  -0.48945
  -0.41998   0.34905  -0.72887
  -0.18056   0.34905  -0.96829
  -0.41998   0.58847  -1.20771
  -0.41998   0.58847  -1.20771
  -0.41998   0.82789  -1.44713
  -0.65940   0.82789  -1.44713
  -0.89882   0.82789  -1.68655
  -0.65940   0.82789  -1.92597
  -0.89882   0.58847  -1.92597
  -0.89882   0.58847  -2.16539
  -0.89882   0.58847  -2.16539
  -0.89882   0.34905  -2.16539
  -0.65940   0.34905  -2.16539
  -0.65940   0.10963  -2.16539
  -0.65940   0.10963  -1.92597
  -0.41998   0.10963  -1.92597
  -0.18056   0.10963  -1.68655
   0.05886   0.10963  -1.68655
   0.05886  -0.12979  -1.68655
   0.05886  -0.12979  -1.44713
   0.29828   0.10963  -1.20771
   0.53770  -0.12979  -1.20771
   0.77712   0.10963  -0.96829
   1.01654   0.10963  -0.96829
   1.25596   0.10963  -0.72887
   1.49538   0.10963  -0.48945
   1.49538   0.10963  -0.25003
   1.73480   0.10963  -0.25003
   1.73480   0.10963  -0.01061
   1.97422  -0.12979   0.22881
   1.97422   0.10963   0.46823
   1.97422   0.10963   0.46823
   1.73480   0.10963   0.70765
   1.73480   0.10963   0.70765
   1.73480   0.34905   0.70765
   1.49538   0.10963   0.94707
   1.25596   0.10963   0.94707
   1.25596   0.10963   0.94707
   1.01654  -0.12979   0.94707
   0.77712  -0.12979   1.18649
   0.77712   0.10963   1.18649
   0.53770  -0.12979   1.42591
   0.53770   0.10963   1.18649
   0.53770  -0.12979   1.42591
   0.29828   0.10963   1.66533
   0.29828   0.10963   1.90475
   0.05886  -0.12979   1.90475
   0.05886  -0.12979   1.66533
  -0.18056  -0.36921   1.90475
   0.05886  -0.36921   1.90475
   0.05886  -0.36921   1.90475
  -0.18056  -0.60863   2.14417
   0.05886  -0.36921   1.90475
   0.05886  -0.36921   2.14417
   0.05886  -0.12979   2.14417
   0.05886  -0.12979   2.14417
   0.05886  -0.12979   1.90475
   0.29828  -0.36921   1.66533
   0.29828  -0.36921   1.66533
   0.53770  -0.12979   1.66533
   0.53770  -0.12979   1.42591
   0.77712  -0.12979   1.42591
   0.77712  -0.12979   1.18649
   1.01654  -0.12979   0.94707
   1.01654  -0.12979   0.94707
   1.25596   0.10963   0.70765
   1.25596   0.10963   0.46823
   1.01654   0.10963   0.22881
   1.01654   0.34905  -0.01061
   1.01654   0.34905  -0.01061
   1.01654   0.34905  -0.25003
   0.77712   0.34905  -0.48945
   0.77712   0.34905  -0.48945
   0.53770   0.34905  -0.72887
   0.53770   0.58847  -0.48945
   0.29828   0.58847  -0.48945
   0.05886   0.58847  -0.48945
   0.05886   0.58847  -0.25003
  -0.18056   0.58847  -0.25003
  -0.41998   0.58847  -0.01061
  -0.41998   0.58847  -0.01061
  -0.65940   0.58847   0.46823
  -0.89882   0.58847   0.46823
  -0.89882   0.58847   0.70765
  -1.13824   0.34905   0.46823
  -1.13824   0.10963   0.70765
  -1.13824   0.34905   0.70765
  -1.37766   0.10963   0.70765
  -1.13824  -0.12979   0.70765
  -1.13824  -0.12979   0.70765
  -1.13824  -0.12979   0.70765
  -1.13824  -0.36921   0.70765
  -0.89882  -0.36921   0.70765
  -0.65940  -0.36921   0.70765
  -0.65940  -0.36921   0.94707
  -0.65940  -0.36921   0.70765
  -0.65940  -0.36921   0.70765
  -0.41998  -0.36921   0.70765
  -0.65940  -0.36921   0.70765
  -0.41998  -0.36921   0.70765
  -0.41998  -0.36921   0.70765
  -0.41998  -0.36921   0.70765
  -0.41998  -0.12979   0.70765
  -0.41998  -0.36921   0.70765
  -0.65940  -0.36921   0.70765
  -0.65940  -0.36921   0.46823
  -0.41998  -0.36921   0.46823
  -0.41998  -0.36921   0.46823
  -0.65940  -0.36921   0.46823
  -0.65940  -0.12979   0.46823
  -0.65940  -0.12979   0.46823
  -0.65940  -0.36921   0.22881
  -0.65940  -0.12979   0.22881
  -0.65940  -0.12979   0.22881
  -0.65940  -0.12979   0.22881
  -0.65940  -0.12979   0.22881
  -0.41998  -0.12979   0.22881
  -0.65940  -0.12979   0.46823
  -0.18056   0.10963   0.22881
  -0.18056  -0.12979   0.22881
   0.05886   0.10963   0.22881
   0.29828  -0.12979   0.46823
   0.53770  -0.12979   0.46823
   0.53770  -0.12979   0.46823
   0.77712  -0.12979   0.22881
   0.77712  -0.12979   0.46823
   1.01654   0.10963   0.46823
   1.25596   0.10963   0.46823
   1.25596   0.34905   0.46823
   1.25596   0.10963   0.46823
   1.01654   0.10963   0.22881
   1.01654   0.10963   0.22881
   1.01654   0.10963   0.22881
   0.77712   0.10963   0.46823
   1.01654   0.10963   0.22881
   0.77712   0.10963   0.46823
   0.77712   0.34905   0.22881
   0.53770   0.34905   0.22881
   0.53770   0.34905   0.22881
   0.29828   0.34905   0.22881
   0.29828   0.10963   0.46823
   0.05886   0.10963   0.46823
   0.05886   0.10963   0.22881
   0.05886   0.10963   0.46823
  -0.18056   0.10963   0.46823
  -0.18056   0.10963   0.22881
  -0.18056   0.10963   0.22881
  -0.18056   0.10963   0.46823
  -0.18056   0.10963   0.46823
  -0.18056   0.10963   0.46823
  -0.18056  -0.12979   0.46823
  -0.18056  -0.12979   0.22881
   0.05886  -0.12979   0.22881
   0.05886  -0.12979   0.22881
   0.29828  -0.12979  -0.25003
   0.29828  -0.12979  -0.01061
   0.29828  -0.12979  -0.01061
   0.29828  -0.12979  -0.25003
   0.29828  -0.12979  -0.25003
   0.05886  -0.12979  -0.01061
   0.05886  -0.36921  -0.25003
   0.05886  -0.36921  -0.25003
   0.05886  -0.36921  -0.25003
  -0.18056  -0.36921  -0.01061
  -0.18056  -0.12979  -0.01061
  -0.18056  -0.12979  -0.01061
  -0.18056  -0.12979  -0.01061
   0.05886  -0.36921  -0.25003
   0.05886  -0.36921  -0.25003
   0.05886  -0.36921  -0.48945
  -0.18056  -0.36921  -0.72887
  -0.41998  -0.12979  -0.48945
  -0.18056  -0.12979  -0.96829
  -0.41998  -0.12979  -0.96829
  -0.41998  -0.12979  -1.20771
  -0.65940  -0.12979  -1.20771
  -0.65940   0.10963  -1.20771
  -0.89882   0.10963  -1.44713
  -0.65940   0.10963  -1.68655
  -0.65940   0.10963  -1.44713
  -0.89882   0.10963  -1.68655
  -0.65940   0.10963  -1.68655
  -0.65940  -0.12979  -1.44713
  -0.65940   0.10963  -1.68655
  -0.65940  -0.12979  -1.44713
  -0.65940  -0.12979  -1.44713
  -0.65940  -0.12979  -1.20771
  -0.65940  -0.12979  -0.96829
  -0.65940   0.10963  -0.96829
  -0.65940   0.10963  -0.96829
  -0.65940   0.10963  -0.72887
  -0.65940   0.10963  -0.48945
  -0.65940   0.10963  -0.48945
  -0.65940   0.10963  -0.25003
  -0.65940   0.10963  -0.48945
  -0.65940   0.10963  -0.25003
  -0.89882   0.10963  -0.25003
  -0.89882   0.10963  -0.25003
  -1.13824   0.10963  -0.25003
  -1.13824   0.10963  -0.25003
  -1.13824   0.10963  -0.48945
  -1.37766   0.10963  -0.25003
  -1.37766   0.10963  -0.48945
  -1.61708   0.10963  -0.25003
  -1.61708   0.10963  -0.25003
  -1.61708   0.34905  -0.25003
  -1.85650   0.10963  -0.48945
  -1.85650   0.34905  -0.48945
  -1.85650   0.34905  -0.48945
  -1.85650   0.34905  -0.48945
  -1.61708   0.34905  -0.48945
  -1.37766   0.34905  -0.48945
  -1.13824   0.34905  -0.25003
  -0.89882   0.34905  -0.25003
  -0.65940   0.34905  -0.01061
  -0.65940   0.34905  -0.01061
  -0.41998   0.34905   0.22881
  -0.41998   0.34905   0.46823
  -0.18056   0.10963   0.46823
   0.05886   0.10963   0.46823
   0.05886   0.10963   0.46823
   0.29828   0.10963   0.70765
   0.29828  -0.12979   0.46823
   0.53770  -0.12979   0.70765
   0.77712  -0.36921   0.70765
   0.77712  -0.36921   0.70765
   1.01654  -0.60863   0.70765
   1.01654  -0.60863   0.70765
   1.25596  -0.84805   0.46823
   1.25596  -1.08747   0.22881
   1.49538  -0.84805   0.22881
   1.49538  -0.84805   0.22881
   1.49538  -0.84805  -0.01061
   1.49538  -0.60863  -0.25003
   1.49538  -0.60863  -0.48945
   1.49538  -0.60863  -0.25003
   1.49538  -0.60863  -0.48945
   1.49538  -0.36921  -0.72887
   1.25596  -0.36921  -0.72887
   1.49538  -0.36921  -0.72887
   1.25596  -0.36921  -0.96829
   1.25596  -0.36921  -0.96829
   1.01654  -0.12979  -0.96829
   1.25596  -0.12979  -1.20771
   1.25596   0.10963  -1.20771
   1.25596   0.10963  -1.20771
   1.01654   0.34905  -1.20771
   1.25596   0.58847  -1.20771
   1.01654   0.58847  -1.44713
   1.01654   0.58847  -1.20771
   1.01654   0.82789  -1.44713
   1.01654   0.82789  -1.44713
   1.01654   0.82789  -1.44713
   1.01654   0.82789  -1.44713
   1.01654   0.82789  -1.44713
   0.77712   0.82789  -1.44713
   1.01654   0.82789  -1.44713
   1.01654   0.58847  -1.44713
   1.01654   0.58847  -1.44713
   0.77712   0.58847  -1.44713
   0.77712   0.58847  -1.44713
   1.01654   0.58847  -1.44713
   1.01654   0.58847  -1.20771
   0.77712   0.58847  -1.20771
   0.77712   0.34905  -0.96829
   1.01654   0.34905  -0.72887
   1.01654   0.34905  -0.72887
   0.77712   0.34905  -0.48945
   0.77712   0.10963  -0.48945
   0.77712   0.10963  -0.25003
   1.01654   0.10963  -0.01061
   0.77712  -0.12979   0.22881
   0.77712  -0.12979   0.22881
   0.77712  -0.36921   0.46823
   0.53770  -0.36921   0.70765
   0.53770  -0.36921   0.70765
   0.77712  -0.36921   0.70765
   0.53770  -0.60863   0.70765
   0.53770  -0.36921   0.70765
   0.53770  -0.60863   0.94707
   0.29828  -0.60863   0.94707
   0.29828  -0.60863   0.94707
   0.29828  -0.60863   0.70765
   0.05886  -0.60863   0.70765
   0.05886  -0.84805   0.94707
   0.05886  -0.84805   0.70765
  -0.18056  -0.84805   0.94707
  -0.18056  -0.60863   0.70765
  -0.18056  -0.60863   0.70765
  -0.41998  -0.84805   0.70765
  -0.41998  -0.60863   0.70765
  -0.41998  -0.60863   0.70765
  -0.65940  -0.60863   0.94707
  -0.89882  -0.36921   0.70765
  -0.89882  -0.36921   0.70765
  -0.89882  -0.36921   0.70765
  -1.13824  -0.36921   0.94707
  -1.13824  -0.36921   0.70765
  -1.37766  -0.36921   0.70765
  -1.37766  -0.12979   0.70765
  -1.61708  -0.12979   0.70765
  -1.61708   0.10963   0.70765
  -1.61708   0.10963   0.70765
  -1.85650   0.10963   0.70765
  -1.85650   0.34905   0.70765
  -1.85650   0.34905   0.70765
  -2.09592   0.58847   0.94707
  -1.85650   0.58847   0.94707
  -2.09592   0.58847   0.94707
  -1.85650   0.58847   0.70765
  -1.85650   0.82789   0.70765
  -1.61708   0.82789   0.70765
  -1.37766   0.82789   0.46823
  -1.37766   0.82789   0.46823
  -1.13824   0.82789   0.46823
  -0.89882   0.82789   0.22881
  -0.89882   0.82789   0.22881
  -0.89882   0.82789   0.22881
  -0.65940   0.82789   0.22881
  -0.41998   0.58847   0.22881
  -0.18056   0.82789   0.22881
  -0.18056   0.82789   0.22881
   0.05886   0.82789   0.22881
   0.29828   0.58847   0.22881
   0.29828   0.58847   0.22881
   0.53770   0.58847   0.46823
   0.53770   0.34905   0.46823
   0.53770   0.34905   0.22881
   0.77712   0.10963   0.46823
   1.01654   0.10963   0.46823
   1.01654   0.10963   0.46823
   1.01654   0.10963   0.70765
   1.25596   0.10963   0.46823
   1.25596  -0.12979   0.70765
   1.49538  -0.12979   0.70765
   1.49538  -0.12979   0.70765
   1.49538  -0.36921   0.70765
   1.49538  -0.36921   0.70765
   1.25596  -0.36921   0.46823
   1.25596  -0.36921   0.46823
   1.25596  -0.36921   0.46823
   1.01654  -0.36921   0.22881
   1.01654  -0.36921  -0.01061
   1.01654  -0.36921   0.22881
   0.77712  -0.12979   0.22881
   0.77712  -0.12979  -0.25003
   0.53770   0.10963  -0.25003
   0.53770   0.10963  -0.25003
   0.53770   0.10963  -0.25003
   0.29828   0.34905  -0.25003
   0.29828   0.34905  -0.48945
   0.05886   0.34905  -0.48945
   0.05886   0.34905  -0.72887
   0.05886   0.34905  -0.48945
  -0.18056   0.34905  -0.72887
  -0.18056   0.34905  -0.72887
  -0.41998   0.34905  -0.72887
  -0.41998   0.34905  -0.72887
  -0.65940   0.34905  -0.72887
  -0.89882   0.34905  -0.72887
  -0.89882   0.10963  -0.48945
  -0.89882   0.10963  -0.48945
  -1.13824   0.10963  -0.48945
  -0.89882   0.10963  -0.48945
  -0.89882   0.10963  -0.48945
  -0.89882  -0.12979  -0.25003
  -0.89882   0.10963  -0.25003
  -0.89882   0.10963  -0.01061
  -0.89882   0.10963  -0.01061
  -0.89882  -0.12979   0.22881
  -0.89882  -0.12979   0.46823
  -0.65940  -0.36921   0.46823
  -0.89882  -0.60863   0.46823
  -0.41998  -0.60863   0.46823
  -0.41998  -0.60863   0.70765
  -0.41998  -0.60863   0.70765
  -0.41998  -0.60863   0.70765
  -0.18056  -0.84805   0.70765
   0.05886  -1.08747   0.94707
   0.05886  -1.08747   0.94707
   0.29828  -1.08747   0.70765
   0.29828  -1.08747   0.70765
   0.53770  -1.08747   0.94707
   0.53770  -0.84805   0.94707
   0.53770  -0.84805   0.70765
   0.53770  -0.84805   0.94707
   0.53770  -1.08747   0.94707
   0.29828  -0.84805   0.94707
   0.29828  -0.84805   0.94707
   0.05886  -0.60863   1.18649
   0.05886  -0.60863   1.18649
   0.05886  -0.60863   1.18649
  -0.18056  -0.60863   1.18649
   0.05886  -0.60863   1.18649
  -0.18056  -0.36921   0.94707
  -0.18056  -0.36921   0.94707
  -0.18056  -0.36921   0.70765
  -0.18056  -0.36921   0.70765
  -0.41998  -0.12979   0.94707
  -0.18056  -0.36921   0.70765
  -0.41998  -0.12979   0.70765
  -0.41998  -0.12979   0.46823
  -0.41998  -0.12979   0.46823
  -0.41998   0.34905   0.22881
  -0.18056   0.34905   0.22881
  -0.18056   0.34905  -0.01061
  -0.18056   0.34905  -0.01061
  -0.18056   0.58847  -0.01061
   0.05886   0.58847  -0.25003
   0.05886   0.58847  -0.25003
   0.29828   0.82789  -0.25003
   0.29828   0.58847  -0.25003
   0.05886   0.82789  -0.48945
   0.29828   0.82789  -0.48945
   0.29828   0.82789  -0.48945
   0.29828   0.82789  -0.48945
   0.29828   0.58847  -0.48945
   0.29828   0.82789  -0.48945
   0.29828   0.58847  -0.72887
   0.29828   0.82789  -0.72887
   0.29828   0.58847  -0.96829
   0.29828   0.58847  -0.96829
   0.29828   0.58847  -0.72887
   0.29828   0.34905  -0.96829
   0.29828   0.58847  -1.20771
   0.29828   0.34905  -1.20771
   0.05886   0.34905  -1.20771
   0.29828   0.34905  -1.20771
   0.05886   0.10963  -1.20771
   0.05886   0.10963  -1.20771
   0.29828   0.10963  -1.44713
   0.29828   0.10963  -1.20771
   0.05886   0.10963  -1.20771
   0.05886  -0.12979  -0.96829
   0.05886  -0.12979  -1.20771
   0.05886  -0.12979  -1.20771
   0.05886  -0.12979  -0.96829
   0.05886  -0.12979  -0.96829
   0.05886   0.10963  -0.96829
   0.05886   0.10963  -0.96829
   0.05886   0.10963  -0.72887
   0.05886   0.10963  -0.48945
  -0.18056   0.10963  -0.72887
  -0.18056   0.10963  -0.72887
   0.05886   0.10963  -0.72887
   0.05886   0.10963  -0.72887
  -0.18056  -0.12979  -0.48945
   0.05886   0.10963  -0.72887
  -0.18056  -0.12979  -0.48945
  -0.18056  -0.12979  -0.48945
  -0.18056  -0.12979  -0.25003
   0.05886  -0.12979  -0.48945
   0.05886  -0.12979  -0.48945
   0.05886  -0.12979  -0.25003
   0.05886  -0.12979  -0.25003
   0.29828  -0.12979  -0.01061
   0.29828  -0.12979  -0.01061
   0.29828  -0.12979   0.22881
   0.29828  -0.12979   0.22881
   0.29828  -0.36921   0.22881
   0.53770  -0.36921  -0.01061
   0.29828  -0.36921   0.22881
   0.29828  -0.36921   0.22881
   0.29828  -0.36921   0.46823
   0.05886  -0.36921   0.70765
   0.05886  -0.60863   0.70765
  -0.18056  -0.60863   0.70765
  -0.18056  -0.60863   0.70765
  -0.41998  -0.84805   0.70765
  -0.41998  -0.60863   0.94707
  -0.65940  -0.60863   0.70765
  -0.65940  -0.84805   0.94707
  -0.65940  -0.84805   0.94707
  -0.65940  -0.84805   0.94707
  -0.89882  -0.84805   0.70765
  -0.89882  -0.60863   0.94707
  -0.89882  -0.60863   0.94707
  -0.89882  -0.60863   0.70765
  -1.13824  -0.60863   0.70765
  -1.13824  -0.36921   0.94707
  -1.13824  -0.36921   0.94707
  -1.13824  -0.12979   0.94707
  -1.13824  -0.12979   0.70765
  -1.13824  -0.12979   0.70765
  -1.13824   0.10963   0.94707
  -0.89882   0.10963   0.94707
  -0.89882   0.10963   0.70765
  -0.65940   0.10963   0.70765
  -0.65940   0.10963   0.70765
  -0.41998   0.34905   0.70765
  -0.41998   0.34905   0.70765
  -0.41998   0.34905   0.46823
  -0.18056   0.34905   0.46823
  -0.18056   0.58847   0.22881
  -0.18056   0.82789   0.22881
   0.05886   0.58847   0.22881
   0.29828   0.34905  -0.01061
   0.29828   0.34905  -0.01061
   0.05886   0.34905  -0.01061
   0.29828   0.34905  -0.25003
   0.29828   0.58847  -0.01061
   0.29828   0.58847  -0.25003
   0.29828   0.58847  -0.48945
   0.29828   0.58847  -0.72887
   0.29828   0.58847  -0.72887
   0.29828   0.82789  -0.72887
   0.29828   0.82789  -1.20771
   0.29828   0.82789  -0.96829
   0.29828   0.82789  -1.20771
   0.29828   0.82789  -1.20771
   0.29828   0.82789  -1.20771
   0.29828   0.82789  -1.44713
   0.29828   0.82789  -1.44713
   0.29828   0.58847  -1.68655
   0.53770   0.82789  -1.68655
   0.53770   0.82789  -1.68655
   0.53770   0.82789  -1.68655
   0.29828   0.82789  -1.92597
   0.53770   0.58847  -2.16539
   0.53770   0.58847  -2.16539
   0.53770   0.58847  -2.40481
   0.53770   0.34905  -2.40481
   0.29828   0.34905  -2.40481
   0.05886   0.34905  -2.16539
   0.05886   0.34905  -2.16539
   0.05886   0.34905  -2.40481
  -0.18056   0.10963  -2.16539
  -0.18056   0.34905  -1.92597
  -0.41998   0.10963  -1.92597
  -0.41998   0.10963  -1.68655
  -0.65940   0.10963  -1.44713
  -0.65940   0.10963  -1.44713
  -0.89882   0.10963  -0.96829
  -0.89882  -0.12979  -0.96829
  -0.89882  -0.12979  -0.72887
  -0.89882  -0.12979  -0.48945
  -0.89882  -0.12979  -0.48945
  -1.13824   0.10963  -0.01061
  -0.89882  -0.12979   0.22881
  -1.13824  -0.12979   0.46823
  -0.89882  -0.12979   0.46823
  -0.89882   0.10963   0.70765
  -0.89882   0.10963   0.94707
  -0.89882  -0.12979   0.94707
  -0.65940   0.10963   1.18649
  -0.65940   0.10963   1.42591
  -0.41998   0.34905   1.42591
  -0.41998   0.10963   1.66533
  -0.18056   0.10963   1.42591
   0.05886   0.10963   1.66533
   0.05886   0.34905   1.66533
   0.53770   0.34905   1.42591
   0.53770   0.34905   1.42591
   0.53770   0.34905   1.42591
   0.77712   0.34905   1.66533
   0.77712   0.10963   1.42591
   1.01654   0.10963   1.42591
   1.01654   0.10963   1.18649
   1.01654   0.10963   1.42591
   1.01654  -0.12979   1.18649
   0.77712  -0.12979   1.18649
   0.77712  -0.12979   0.94707
   0.77712  -0.36921   0.94707
   0.53770  -0.36921   0.94707
   0.53770  -0.60863   0.94707
   0.53770  -0.60863   1.18649
   0.29828  -0.84805   0.94707
   0.29828  -1.08747   1.18649
   0.29828  -1.08747   1.18649
   0.29828  -1.08747   1.18649
   0.29828  -1.32689   1.18649
   0.29828  -1.32689   1.18649
   0.29828  -1.32689   1.18649
   0.29828  -1.56631   1.18649
   0.29828  -1.56631   1.42591
   0.53770  -1.56631   1.18649
   0.53770  -1.56631   1.18649
   0.77712  -1.56631   1.18649
   0.77712  -1.32689   1.42591
   1.01654  -1.32689   1.18649
   1.25596  -1.32689   1.18649
   1.49538  -0.84805   0.94707
   1.49538  -0.84805   0.94707
   1.73480  -0.60863   0.70765
   1.73480  -0.60863   0.70765
   1.97422  -0.36921   0.46823
   1.97422  -0.12979   0.46823
   1.97422  -0.12979  -0.01061
   1.97422  -0.12979  -0.01061
   1.97422   0.10963  -0.25003
   1.73480   0.34905  -0.01061
   1.97422   0.34905  -0.25003
   1.97422   0.58847  -0.25003
   1.97422   0.34905  -0.48945
   1.97422   0.34905  -0.48945
   1.97422   0.58847  -0.25003
   1.97422   0.58847  -0.25003
   1.97422   0.58847  -0.25003
   1.73480   0.58847  -0.01061
   1.73480   0.58847  -0.25003
   1.73480   0.34905  -0.25003
   1.49538   0.58847  -0.01061
   1.49538   0.58847  -0.01061
   1.49538   0.58847   0.22881
   1.25596   0.58847   0.46823
   1.25596   0.58847   0.46823
   1.25596   0.34905   0.22881
   1.01654   0.34905   0.46823
   0.77712   0.34905   0.46823
   0.53770   0.10963   0.46823
   0.53770   0.10963   0.46823
   0.29828  -0.12979   0.46823
   0.29828   0.10963   0.46823
   0.05886  -0.12979   0.46823
   0.05886  -0.12979  -0.01061
  -0.18056  -0.12979   0.22881
  -0.18056  -0.12979   0.22881
  -0.41998  -0.12979   0.22881
  -0.41998  -0.12979   0.22881
  -0.41998  -0.12979   0.22881
  -0.65940  -0.12979   0.22881
  -0.89882  -0.12979   0.22881
  -0.89882  -0.12979   0.22881
  -0.89882  -0.12979   0.22881
  -1.13824  -0.12979   0.22881
  -1.13824   0.10963   0.46823
  -1.13824  -0.12979   0.22881
  -1.37766   0.10963   0.46823
  -1.37766   0.10963   0.46823
  -1.37766   0.34905   0.46823
  -1.37766   0.34905   0.70765
  -1.37766   0.34905   0.46823
  -1.61708   0.34905   0.46823
  -1.61708   0.58847   0.46823
  -1.61708   0.58847   0.46823
  -1.61708   0.58847   0.70765
  -1.61708   0.82789   0.70765
  -1.85650   0.82789   0.70765
  -1.85650   0.58847   0.70765
  -1.85650   0.58847   0.70765
  -1.85650   0.82789   0.70765
  -1.85650   0.82789   0.94707
  -1.85650   0.82789   0.94707
  -1.85650   0.58847   0.94707
  -1.85650   0.58847   0.70765
  -1.85650   0.58847   0.46823
  -1.85650   0.58847   0.46823
  -1.85650   0.58847   0.46823
  -1.61708   0.34905   0.22881
  -1.85650   0.34905   0.22881
  -1.85650   0.34905  -0.01061
  -1.61708   0.10963  -0.01061
  -1.61708   0.10963  -0.25003
  -1.37766   0.10963  -0.25003
  -1.37766  -0.12979  -0.25003
  -1.37766  -0.12979  -0.72887
  -1.13824  -0.12979  -0.96829
  -1.13824  -0.12979  -0.96829
  -0.65940  -0.12979  -1.20771
  -0.65940  -0.12979  -1.44713
  -0.65940  -0.60863  -1.44713
  -0.65940  -0.60863  -1.44713
  -0.65940  -0.60863  -1.68655
  -0.65940  -0.60863  -1.68655
  -0.65940  -0.60863  -1.92597
  -0.65940  -0.60863  -1.68655
  -0.41998  -0.84805  -1.68655
  -0.65940  -1.08747  -1.68655
  -0.65940  -0.84805  -1.68655
  -0.65940  -0.60863  -1.68655
  -0.65940  -0.84805  -1.68655
  -0.89882  -0.84805  -1.44713
  -0.65940  -0.84805  -1.20771
  -0.65940  -0.84805  -0.96829
  -0.41998  -0.84805  -0.96829
  -0.65940  -0.84805  -0.72887
  -0.41998  -0.84805  -0.72887
  -0.18056  -0.84805  -0.48945
  -0.18056  -0.84805  -0.48945
   0.05886  -0.84805  -0.48945
   0.29828  -0.60863  -0.48945
   0.53770  -0.60863  -0.25003
   0.77712  -0.60863  -0.25003
   1.01654  -0.36921  -0.25003
   1.01654  -0.36921  -0.01061
   1.49538  -0.12979  -0.01061
   1.73480  -0.36921  -0.01061
   1.73480  -0.12979   0.22881
   1.73480   0.10963  -0.01061
   1.97422   0.10963  -0.01061
   2.21364   0.10963  -0.01061
   2.21364   0.10963  -0.01061
   2.21364   0.34905  -0.25003
   2.21364   0.34905  -0.25003
   2.21364   0.34905  -0.25003
   2.21364   0.34905  -0.25003
   2.21364   0.34905  -0.25003
   1.97422   0.10963  -0.48945
   1.73480   0.34905  -0.25003
   1.73480   0.34905  -0.48945
   1.49538   0.34905  -0.25003
   1.01654   0.58847  -0.25003
   0.77712   0.34905  -0.25003
   0.53770   0.34905  -0.01061
   0.29828   0.34905  -0.01061
   0.05886   0.34905  -0.01061
  -0.18056   0.10963   0.22881
  -0.65940   0.10963   0.22881
  -0.89882   0.10963   0.22881
  -1.13824  -0.12979   0.22881
  -1.37766  -0.12979   0.22881
  -1.37766  -0.12979   0.22881
  -1.61708  -0.12979   0.22881
  -1.61708  -0.12979   0.22881
  -1.61708  -0.36921   0.22881
  -1.61708  -0.12979   0.22881
  -1.61708  -0.12979  -0.01061
  -1.61708  -0.12979  -0.01061
  -1.85650  -0.12979  -0.01061
  -1.61708  -0.12979  -0.25003
  -1.37766  -0.12979  -0.48945
  -1.37766   0.10963  -0.48945
  -1.37766   0.34905  -0.48945
  -1.13824   0.34905  -0.72887
  -1.13824   0.34905  -0.72887
  -1.13824   0.58847  -0.96829
  -0.89882   0.34905  -0.72887
  -0.89882   0.58847  -0.72887
  -0.89882   0.58847  -0.96829
  -0.89882   0.58847  -0.72887
  -0.65940   0.82789  -0.72887
  -0.89882   0.82789  -0.72887
  -0.89882   0.58847  -0.48945
  -0.89882   0.58847  -0.25003
  -0.89882   0.34905  -0.48945
  -0.89882   0.58847  -0.25003
  -0.89882   0.58847  -0.01061
  -0.89882   0.34905  -0.01061
  -0.89882   0.58847  -0.25003
  -0.89882   0.58847  -0.25003
  -0.89882   0.34905  -0.25003
  -0.89882   0.58847  -0.01061
  -0.89882   0.58847  -0.25003
  -0.89882   0.58847  -0.25003
  -0.89882   0.82789  -0.01061
  -0.89882   0.58847  -0.25003
  -0.89882   0.58847  -0.25003
  -0.89882   0.58847  -0.25003
  -0.89882   0.58847  -0.25003
  -0.89882   0.58847  -0.25003
  -0.89882   0.34905  -0.25003
  -0.65940   0.34905  -0.25003
  -0.65940   0.34905  -0.48945
  -0.65940   0.34905  -0.48945
  -0.41998   0.34905  -0.25003
  -0.65940   0.34905  -0.25003
  -0.41998   0.34905  -0.48945
  -0.41998   0.10963  -0.48945
  -0.18056  -0.12979  -0.48945
  -0.18056  -0.12979  -0.72887
  -0.18056  -0.36921  -0.48945
  -0.18056  -0.60863  -0.48945
  -0.18056  -0.60863  -0.48945
   0.05886  -0.60863  -0.48945
   0.29828  -0.84805  -0.48945
   0.29828  -0.84805  -0.48945
   0.29828  -0.84805  -0.25003
   0.53770  -0.84805  -0.25003
   0.53770  -0.84805  -0.48945
   0.53770  -0.60863  -0.25003
   0.53770  -0.60863  -0.01061
   0.77712  -0.84805  -0.25003
   0.77712  -0.84805  -0.01061
   0.77712  -0.84805  -0.01061
   0.77712  -0.84805  -0.01061
   0.77712  -0.84805  -0.01061
   0.77712  -0.60863  -0.01061
   0.53770  -0.60863  -0.01061
   0.53770  -0.60863   0.22881
   0.53770  -0.60863   0.22881
   0.77712  -0.60863  -0.01061
   0.77712  -0.60863  -0.01061
   0.77712  -0.60863  -0.01061
   1.01654  -0.36921  -0.01061
   1.01654  -0.36921  -0.01061
   1.25596  -0.36921  -0.25003
   1.25596  -0.12979  -0.25003
   1.49538  -0.36921  -0.25003
   1.49538  -0.36921  -0.25003
   1.49538  -0.36921  -0.48945
   1.73480  -0.36921  -0.25003
   1.73480  -0.36921  -0.25003
   1.73480  -0.36921  -0.25003
   1.97422  -0.12979  -0.01061
   1.97422  -0.12979  -0.01061
   1.73480  -0.12979  -0.01061
   1.73480  -0.12979  -0.01061
   1.73480  -0.12979  -0.01061
   1.49538  -0.12979   0.22881
   1.49538  -0.36921   0.46823
   1.49538  -0.36921   0.46823
   1.25596  -0.36921   0.46823
   1.25596  -0.12979   0.70765
   1.01654  -0.12979   0.70765
   1.01654  -0.36921   0.70765
   1.01654  -0.36921   0.94707
   0.53770  -0.12979   1.18649
   0.77712  -0.12979   0.94707
   0.53770  -0.12979   0.94707
   0.29828  -0.12979   1.18649
   0.29828  -0.12979   1.18649
   0.05886  -0.12979   1.18649
   0.29828  -0.12979   1.42591
   0.05886  -0.12979   1.42591
   0.05886  -0.12979   1.42591
   0.05886  -0.12979   1.42591
   0.05886   0.34905   1.42591
  -0.18056   0.34905   1.42591
   0.05886   0.34905   1.90475
  -0.18056   0.34905   1.90475
   0.05886   0.34905   1.90475
   0.05886   0.34905   1.90475
  -0.18056   0.58847   2.14417
   0.05886   0.58847   1.90475
   0.05886   0.58847   1.90475
   0.05886   0.34905   1.90475
   0.05886   0.34905   1.90475
   0.05886   0.58847   1.90475
   0.05886   0.34905   1.66533
   0.05886   0.58847   1.66533
  -0.18056   0.34905   1.66533
  -0.18056   0.58847   1.66533
  -0.18056   0.34905   1.42591
  -0.18056   0.58847   1.42591
  -0.41998   0.34905   1.18649
  -0.41998   0.34905   1.18649
  -0.41998   0.34905   0.94707
  -0.65940   0.34905   0.70765
  -0.65940   0.34905   0.46823
  -0.65940   0.34905   0.46823
  -0.65940   0.34905   0.22881
  -0.65940   0.34905   0.22881
  -0.65940   0.34905   0.22881
  -0.65940   0.34905  -0.01061
  -0.65940   0.58847  -0.01061
  -0.65940   0.58847  -0.25003
  -0.65940   0.58847  -0.25003
  -0.65940   0.58847  -0.01061
  -0.65940   0.58847  -0.25003
  -0.65940   0.82789  -0.25003
  -0.65940   0.82789  -0.48945
  -0.65940   0.82789  -0.48945
  -0.65940   0.82789  -0.25003
  -0.65940   0.58847  -0.25003
  -0.89882   0.58847  -0.25003
  -0.65940   0.58847  -0.25003
  -0.65940   0.58847  -0.25003
  -0.65940   0.58847  -0.25003
  -0.65940   0.34905  -0.01061
  -0.65940   0.58847  -0.01061
  -0.65940   0.34905   0.22881
  -0.41998   0.10963  -0.01061
  -0.41998   0.10963  -0.01061
  -0.41998  -0.12979   0.22881
  -0.41998  -0.12979  -0.01061
  -0.41998  -0.12979  -0.01061
  -0.41998  -0.12979  -0.01061
  -0.18056  -0.12979  -0.01061
  -0.18056  -0.36921  -0.01061
   0.05886  -0.36921  -0.01061
   0.05886  -0.36921  -0.25003
   0.05886  -0.36921  -0.25003
   0.29828  -0.36921  -0.25003
   0.53770  -0.60863  -0.48945
   0.77712  -0.36921  -0.25003
   0.77712  -0.60863  -0.25003
   0.77712  -0.60863  -0.25003
   1.25596  -0.60863  -0.48945
   1.01654  -0.60863  -0.01061
   1.25596  -0.60863  -0.01061
   1.25596  -0.60863  -0.25003
   1.49538  -0.60863  -0.01061
   1.25596  -0.60863  -0.01061
   1.49538  -0.60863  -0.01061
   1.49538  -0.84805  -0.01061
   1.49538  -0.60863   0.22881
   1.49538  -0.84805  -0.01061
   1.49538  -0.60863   0.22881
   1.49538  -0.60863   0.22881
   1.49538  -0.60863   0.22881
   1.49538  -0.84805   0.22881
   1.49538  -0.60863   0.22881
   1.25596  -0.60863   0.22881
   1.25596  -0.84805   0.22881
   1.25596  -0.60863  -0.01061
   1.01654  -0.60863   0.22881
   1.01654  -0.36921  -0.01061
   0.77712  -0.36921  -0.01061
   0.77712  -0.36921  -0.25003
   0.77712  -0.36921  -0.25003
   0.77712  -0.36921  -0.25003
   0.53770  -0.36921  -0.48945
   0.53770  -0.12979  -0.72887
   0.53770  -0.36921  -0.72887
   0.77712  -0.12979  -0.72887
   0.53770  -0.12979  -0.96829
   0.53770  -0.12979  -0.72887
   0.53770  -0.12979  -0.72887
   0.53770   0.10963  -0.72887
   0.53770  -0.12979  -0.72887
   0.29828  -0.12979  -0.72887
   0.29828  -0.12979  -0.72887
   0.29828  -0.12979  -0.48945
   0.29828   0.10963  -0.48945
   0.05886   0.10963  -0.48945
   0.05886   0.10963  -0.25003
  -0.18056  -0.12979  -0.25003
  -0.41998   0.10963  -0.25003
  -0.41998  -0.12979   0.22881
  -0.41998  -0.12979   0.22881
  -0.41998  -0.12979   0.22881
  -0.89882  -0.12979   0.46823
  -0.89882  -0.12979   0.70765
  -1.13824  -0.12979   0.70765
  -1.37766  -0.36921   0.70765
  -1.37766  -0.12979   0.70765
  -1.61708  -0.36921   0.70765
  -1.85650  -0.12979   0.70765
  -1.85650  -0.36921   0.94707
  -1.85650  -0.12979   0.94707
  -1.85650   0.10963   0.70765
  -2.09592  -0.12979   0.94707
  -2.09592  -0.12979   0.94707
  -2.09592  -0.12979   0.70765
  -1.85650  -0.12979   0.70765
  -1.85650  -0.12979   0.46823
  -1.61708  -0.12979   0.46823
  -1.61708  -0.12979   0.46823
  -1.61708   0.10963   0.46823
  -1.37766   0.10963   0.70765
  -1.37766   0.10963   0.70765
  -1.37766   0.10963   0.46823
  -1.13824   0.34905   0.46823
  -1.13824   0.34905   0.46823
  -1.13824   0.34905   0.46823
  -0.89882   0.58847   0.22881
  -0.89882   0.58847  -0.01061
  -0.89882   0.58847   0.22881
  -0.89882   0.58847   0.22881
  -0.65940   0.58847  -0.25003
  -0.65940   0.82789  -0.25003
  -0.65940   0.58847  -0.25003
  -0.65940   0.82789  -0.48945
  -0.41998   0.82789  -0.72887
  -0.41998   0.82789  -0.96829
  -0.41998   0.82789  -0.96829
  -0.41998   0.82789  -1.20771
  -0.41998   0.82789  -1.68655
  -0.18056   0.82789  -1.92597
  -0.18056   0.82789  -2.40481
  -0.18056   0.82789  -2.40481
  -0.18056   0.58847  -2.40481
  -0.18056   0.58847  -2.64423
  -0.18056   0.58847  -2.64423
  -0.18056   0.58847  -2.88365
  -0.18056   0.58847  -2.88365
  -0.18056   0.58847  -2.88365
  -0.18056   0.34905  -2.64423
  -0.18056   0.34905  -2.64423
  -0.41998   0.34905  -2.64423
  -0.18056   0.10963  -2.64423
  -0.41998   0.10963  -2.40481
  -0.65940   0.10963  -2.40481
  -0.41998   0.34905  -2.40481
  -0.41998   0.34905  -2.16539
  -0.41998   0.10963  -2.16539
  -0.41998   0.10963  -1.92597
  -0.41998   0.10963  -1.68655
  -0.41998   0.10963  -1.44713
  -0.41998  -0.12979  -1.44713
  -0.41998   0.10963  -1.20771
  -0.41998   0.10963  -0.96829
  -0.18056   0.10963  -0.96829
  -0.18056   0.10963  -0.72887
  -0.18056  -0.12979  -0.48945
  -0.18056   0.10963  -0.25003
  -0.18056   0.10963  -0.01061
  -0.18056  -0.12979   0.22881
  -0.18056  -0.12979   0.22881
   0.05886  -0.12979   0.22881
   0.05886  -0.12979   0.22881
   0.05886  -0.12979   0.22881
   0.05886  -0.12979   0.46823
   0.05886  -0.12979   0.46823
   0.05886  -0.12979   0.46823
   0.05886  -0.12979   0.70765
   0.05886  -0.12979   0.46823
   0.05886  -0.12979   0.46823
   0.05886  -0.12979   0.70765
  -0.18056  -0.36921   0.46823
  -0.18056  -0.36921   0.46823
  -0.18056  -0.36921   0.70765
  -0.18056  -0.36921   0.46823
  -0.18056  -0.36921   0.22881
  -0.18056  -0.36921   0.46823
  -0.18056  -0.60863   0.46823
  -0.18056  -0.60863   0.46823
  -0.18056  -0.60863   0.46823
  -0.18056  -0.60863   0.46823
  -0.18056  -0.84805   0.46823
   0.05886  -0.84805   0.46823
   0.05886  -0.84805   0.46823
   0.29828  -0.84805   0.46823
   0.29828  -0.84805   0.46823
   0.53770  -0.84805   0.46823
   0.53770  -0.84805   0.22881
   0.77712  -0.84805   0.46823
   1.01654  -0.84805   0.46823
   1.01654  -1.08747   0.46823
   1.01654  -0.84805   0.46823
   1.01654  -0.84805   0.46823
   1.25596  -0.84805   0.46823
   1.25596  -0.84805   0.46823
   1.25596  -0.84805   0.46823
   1.25596  -0.60863   0.46823
   1.25596  -0.60863   0.46823
   1.25596  -0.60863   0.46823
   1.25596  -0.36921   0.70765
   1.25596  -0.36921   0.46823
   1.25596  -0.36921   0.70765
   1.25596  -0.36921   0.70765
   1.25596  -0.12979   0.70765
   1.25596  -0.12979   0.70765
   1.01654   0.10963   0.70765
   1.25596   0.10963   0.70765
   1.01654   0.10963   0.70765
   1.01654   0.34905   0.70765
   1.01654   0.58847   0.70765
   1.01654   0.58847   0.70765
   0.77712   0.58847   0.70765
   0.77712   0.58847   0.70765
   0.77712   0.58847   0.70765
   0.77712   0.58847   0.70765
   0.77712   0.58847   0.46823
   0.77712   0.58847   0.70765
   0.53770   0.58847   0.22881
   0.77712   0.58847   0.46823
   0.77712   0.58847   0.22881
   0.77712   0.34905   0.22881
   0.77712   0.58847   0.22881
   1.01654   0.58847   0.22881
   1.01654   0.58847   0.22881
   0.77712   0.34905   0.22881
   1.01654   0.34905  -0.01061
   1.01654   0.34905  -0.01061
   1.01654   0.58847   0.22881
   1.01654   0.34905   0.22881
   1.01654   0.58847   0.22881
   0.77712   0.34905   0.22881
   1.01654   0.58847   0.22881
   1.01654   0.58847   0.22881
   1.01654   0.58847   0.22881
   0.77712   0.34905   0.46823
   0.77712   0.34905   0.46823
   0.77712   0.34905   0.22881
   0.77712   0.58847   0.22881
   0.53770   0.34905   0.22881
   0.53770   0.58847   0.22881
   0.53770   0.58847   0.22881
   0.29828   0.34905  -0.01061
   0.29828   0.58847   0.22881
   0.05886   0.34905  -0.01061
   0.05886   0.34905  -0.25003
   0.05886   0.34905  -0.01061
  -0.18056   0.34905  -0.01061
  -0.41998   0.10963  -0.01061
  -0.41998   0.10963  -0.01061
  -0.65940   0.10963  -0.01061
  -0.65940  -0.12979  -0.01061
  -0.65940  -0.12979  -0.01061
  -1.13824  -0.12979  -0.01061
  -0.89882  -0.36921  -0.01061
  -1.13824  -0.36921  -0.01061
  -1.37766  -0.36921  -0.01061
  -1.61708  -0.36921   0.22881
  -1.37766  -0.36921   0.22881
  -1.37766  -0.60863   0.22881
  -1.61708  -0.60863   0.22881
  -1.85650  -0.60863   0.22881
  -1.85650  -0.60863   0.46823
  -1.85650  -0.60863   0.70765
  -1.85650  -0.84805   0.70765
  -1.85650  -0.60863   0.70765
  -1.85650  -0.60863   0.70765
  -2.09592  -0.60863   0.94707
  -1.85650  -0.60863   0.70765
  -2.09592  -0.36921   0.70765
  -1.85650  -0.60863   0.70765
  -1.85650  -0.36921   0.70765
  -1.85650  -0.36921   0.70765
  -1.85650  -0.36921   0.70765
  -1.61708  -0.36921   0.70765
  -1.61708  -0.36921   0.70765
  -1.61708  -0.36921   0.46823
  -1.37766  -0.12979   0.46823
  -1.13824  -0.12979   0.46823
  -1.13824  -0.36921   0.46823
  -0.89882  -0.36921   0.22881
  -0.89882  -0.12979   0.22881
  -0.65940   0.10963   0.22881
  -0.65940   0.10963   0.22881
  -0.41998   0.10963   0.22881
  -0.18056   0.10963  -0.01061
  -0.18056   0.34905   0.22881
   0.05886   0.34905  -0.01061
   0.05886   0.34905  -0.01061
   0.29828   0.34905  -0.01061
   0.29828   0.34905  -0.25003
   0.53770   0.34905  -0.01061
   0.53770   0.34905  -0.01061
   0.53770   0.58847  -0.01061
   0.77712   0.58847  -0.01061
   0.77712   0.58847  -0.01061
   1.01654   0.58847  -0.01061
   1.01654   0.58847  -0.01061
   1.25596   0.58847   0.22881
   1.25596   0.58847  -0.01061
   1.25596   0.58847  -0.25003
   1.25596   0.58847  -0.25003
   1.49538   0.58847  -0.25003
   1.49538   0.58847  -0.25003
   1.73480   0.34905  -0.25003
   1.49538   0.10963  -0.48945
   1.49538   0.10963  -0.48945
   1.49538   0.34905  -0.25003
   1.49538   0.10963  -0.48945
   1.49538   0.10963  -0.72887
   1.49538  -0.12979  -0.48945
   1.49538  -0.12979  -0.48945
   1.49538  -0.12979  -0.72887
   1.25596  -0.36921  -0.72887
   1.25596  -0.12979  -0.72887
   1.01654  -0.36921  -0.72887
   1.01654  -0.36921  -0.96829
   0.77712  -0.60863  -0.96829
   0.53770  -0.60863  -0.72887
   0.29828  -0.36921  -0.96829
   0.29828  -0.60863  -0.96829
   0.05886  -0.60863  -0.72887
  -0.18056  -0.60863  -0.72887
  -0.18056  -0.60863  -0.72887
  -0.18056  -0.60863  -0.72887
  -0.18056  -0.60863  -0.72887
  -0.41998  -0.84805  -0.48945
  -0.41998  -0.60863  -0.48945
  -0.41998  -0.60863  -0.48945
  -0.65940  -0.60863  -0.48945
  -0.65940  -0.60863  -0.48945
  -0.65940  -0.60863  -0.25003
  -0.65940  -0.60863  -0.25003
  -0.65940  -0.60863  -0.25003
  -0.65940  -0.60863  -0.01061
  -0.65940  -0.60863  -0.01061
  -0.65940  -0.36921  -0.01061
  -0.65940  -0.36921   0.22881
  -0.65940  -0.36921  -0.01061
  -0.65940  -0.36921  -0.01061
  -0.65940  -0.12979  -0.01061
  -0.41998  -0.12979   0.22881
  -0.41998  -0.12979  -0.01061
  -0.41998  -0.12979   0.22881
  -0.41998   0.10963   0.22881
  -0.41998   0.10963   0.22881
  -0.41998  -0.12979   0.22881
  -0.65940   0.10963   0.46823
  -0.41998   0.34905   0.22881
  -0.41998   0.10963   0.46823
  -0.41998   0.34905   0.46823
  -0.41998   0.34905   0.46823
  -0.41998   0.34905   0.46823
  -0.65940   0.34905   0.94707
  -0.41998   0.34905   0.94707
  -0.41998   0.34905   0.94707
  -0.41998   0.34905   0.94707
  -0.65940   0.34905   1.18649
  -0.89882   0.34905   1.18649
  -0.65940   0.34905   1.18649
  -0.89882   0.34905   1.42591
  -0.89882   0.10963   1.18649
  -0.65940   0.34905   1.18649
  -0.89882   0.34905   1.18649
  -0.89882   0.58847   1.18649
  -0.89882   0.34905   0.94707
  -0.65940   0.34905   0.94707
  -0.65940   0.34905   0.94707
  -0.65940   0.34905   0.70765
  -0.41998   0.34905   0.70765
  -0.41998   0.34905   0.70765
  -0.41998   0.34905   0.46823
  -0.18056   0.58847   0.46823
  -0.18056   0.58847   0.22881
   0.05886   0.34905   0.22881
   0.29828   0.58847  -0.01061
   0.29828   0.58847  -0.01061
   0.53770   0.34905  -0.01061
   0.53770   0.34905  -0.25003
   0.77712   0.34905  -0.25003
   0.77712   0.34905  -0.25003
   1.01654   0.34905  -0.48945
   1.01654   0.34905  -0.48945
   1.25596   0.10963  -0.48945
   1.25596   0.10963  -0.72887
   1.49538   0.10963  -0.96829
   1.49538   0.10963  -0.96829
   1.73480   0.10963  -0.96829
   1.73480   0.10963  -0.96829
   1.73480   0.34905  -1.20771
   1.73480   0.34905  -1.20771
   1.97422   0.10963  -1.20771
   1.97422   0.10963  -1.44713
   1.97422   0.34905  -1.20771
   1.97422   0.10963  -1.44713
   1.73480   0.10963  -1.68655
   1.97422   0.10963  -1.68655
   1.73480   0.58847  -1.68655
   1.73480   0.34905  -1.68655
   1.73480   0.34905  -1.68655
   1.49538   0.34905  -1.68655
   1.49538   0.34905  -1.68655
   1.49538   0.58847  -1.92597
   1.49538   0.58847  -1.68655
   1.25596   0.58847  -1.68655
   1.25596   0.58847  -1.92597
   1.01654   0.34905  -1.92597
   1.01654   0.34905  -1.68655
   0.77712   0.10963  -1.92597
   0.53770   0.10963  -1.68655
   0.29828  -0.12979  -1.68655
   0.05886  -0.12979  -1.68655
  -0.18056  -0.36921  -1.68655
  -0.18056  -0.36921  -1.44713
  -0.18056  -0.36921  -1.44713
  -0.18056  -0.60863  -1.44713
  -0.41998  -0.60863  -1.44713
  -0.65940  -0.60863  -1.20771
  -0.65940  -0.60863  -0.96829
  -0.65940  -0.60863  -0.96829
  -0.89882  -0.84805  -0.96829
  -0.89882  -0.84805  -0.96829
  -1.13824  -0.84805  -0.72887
  -0.89882  -0.84805  -0.72887
  -0.89882  -0.84805  -0.48945
  -0.89882  -1.08747  -0.25003
  -0.89882  -1.08747  -0.25003
  -0.89882  -0.84805  -0.25003
  -0.89882  -0.84805  -0.25003
  -0.89882  -0.84805   0.22881
  -0.89882  -0.84805   0.22881
  -0.89882  -0.84805   0.46823
  -0.89882  -0.84805   0.46823
  -0.65940  -0.84805   0.46823
  -0.65940  -0.36921   0.94707
  -0.65940  -0.60863   0.94707
  -0.65940  -0.60863   0.94707
  -0.65940  -0.60863   0.94707
  -0.65940  -0.36921   1.18649
  -0.65940  -0.36921   1.18649
  -0.65940  -0.36921   1.42591
  -0.65940  -0.60863   1.42591
  -0.65940  -0.60863   1.42591
  -0.89882  -0.60863   1.42591
  -0.89882  -0.60863   1.66533
  -0.89882  -0.60863   1.42591
  -0.89882  -0.60863   1.66533
  -0.89882  -0.60863   1.66533
  -1.13824  -0.60863   1.66533
  -1.37766  -0.60863   1.66533
  -1.13824  -0.36921   1.90475
  -1.37766  -0.36921   1.90475
  -1.37766  -0.36921   1.90475
  -1.37766  -0.36921   1.90475
  -1.37766  -0.12979   1.90475
  -1.37766  -0.12979   1.90475
  -1.37766   0.10963   1.90475
  -1.37766  -0.12979   1.90475
  -1.37766  -0.12979   1.90475
  -1.37766   0.10963   2.14417
  -1.37766   0.34905   1.90475
  -1.37766   0.34905   1.90475
  -1.13824   0.58847   1.90475
  -0.89882   0.58847   1.90475
  -0.89882   0.58847   1.66533
  -0.89882   0.82789   1.66533
  -0.65940   0.82789   1.42591
  -0.65940   0.82789   1.42591
  -0.41998   1.06731   1.18649
  -0.41998   1.06731   1.18649
  -0.41998   1.30674   0.94707
  -0.18056   1.30674   0.94707
  -0.18056   1.54616   0.94707
   0.05886   1.30674   0.46823
   0.05886   1.30674   0.46823
   0.05886   1.54616   0.22881
   0.05886   1.54616  -0.01061
   0.05886   1.30674  -0.01061
   0.05886   1.54616  -0.25003
   0.05886   1.54616  -0.48945
   0.05886   1.30674  -0.48945
   0.05886   1.30674  -0.72887
   0.05886   1.06731  -0.96829
   0.05886   1.30674  -0.72887
   0.29828   1.06731  -0.72887
   0.29828   1.06731  -0.96829
   0.29828   1.06731  -0.96829
   0.29828   1.06731  -0.96829
   0.05886   0.82789  -1.20771
   0.29828   1.06731  -1.20771
   0.29828   1.06731  -0.96829
   0.29828   0.82789  -1.20771
   0.29828   0.58847  -1.20771
   0.29828   0.58847  -1.20771
   0.29828   0.58847  -1.20771
   0.29828   0.58847  -1.20771
   0.29828   0.58847  -1.20771
   0.29828   0.58847  -1.20771
   0.53770   0.34905  -0.96829
   0.53770   0.34905  -0.96829
   0.53770   0.10963  -0.72887
   0.77712  -0.12979  -0.72887
   0.77712   0.10963  -0.48945
   0.77712  -0.12979  -0.72887
   0.77712  -0.12979  -0.25003
   0.77712  -0.36921  -0.48945
   0.77712  -0.36921  -0.25003
   0.77712  -0.60863  -0.25003
   0.53770  -0.60863  -0.01061
   0.77712  -0.84805  -0.25003
   0.77712  -1.08747  -0.25003
   1.01654  -1.08747  -0.25003
   0.77712  -1.08747  -0.25003
   0.53770  -1.08747  -0.01061
   0.53770  -1.08747  -0.48945
   0.77712  -1.08747  -0.01061
   0.53770  -1.32689  -0.25003
   0.53770  -1.32689  -0.48945
   0.53770  -1.32689  -0.25003
   0.53770  -1.08747  -0.01061
   0.29828  -1.32689  -0.25003
   0.05886  -1.08747  -0.01061
   0.05886  -1.32689  -0.01061
  -0.18056  -1.32689  -0.25003
  -0.18056  -1.08747  -0.25003
  -0.41998  -1.08747  -0.01061
  -0.41998  -0.84805   0.22881
  -0.65940  -1.08747   0.22881
  -0.65940  -0.84805   0.46823
  -0.89882  -0.84805   0.46823
  -0.89882  -0.84805   0.70765
  -0.89882  -0.84805   0.70765
  -0.89882  -0.60863   0.70765
  -1.13824  -0.60863   0.94707
  -0.89882  -0.60863   0.94707
  -1.13824  -0.60863   1.18649
  -1.13824  -0.60863   1.18649
  -1.37766  -0.60863   1.42591
  -1.37766  -0.60863   1.18649
  -1.37766  -0.60863   1.42591
  -1.37766  -0.60863   1.42591
  -1.37766  -0.60863   1.42591
  -1.13824  -0.60863   1.42591
  -0.89882  -0.60863   1.66533
  -0.89882  -0.60863   1.42591
  -0.89882  -0.60863   1.42591
  -0.65940  -0.36921   1.18649
  -0.65940  -0.36921   1.18649
  -0.41998  -0.36921   0.94707
  -0.41998  -0.36921   0.94707
  -0.18056  -0.36921   0.70765
  -0.18056  -0.12979   0.70765
   0.05886  -0.12979   0.46823
   0.05886  -0.12979   0.22881
   0.05886   0.10963   0.46823
   0.05886  -0.12979   0.22881
   0.29828   0.10963  -0.01061
   0.53770   0.10963   0.22881
   0.29828   0.10963   0.22881
   0.53770   0.34905  -0.01061
   0.53770   0.34905  -0.01061
   0.77712   0.34905  -0.01061
   0.77712   0.34905  -0.01061
   0.77712   0.58847   0.22881
   0.77712   0.34905   0.22881
   1.01654   0.58847   0.22881
   1.01654   0.34905   0.22881
   1.01654   0.58847   0.46823
   1.25596   0.82789   0.46823
   1.25596   0.58847   0.46823
   1.25596   0.58847   0.46823
   1.49538   0.58847   0.46823
   1.49538   0.58847   0.46823
   1.49538   0.58847   0.46823
   1.49538   0.82789   0.22881
   1.49538   0.82789   0.22881
   1.49538   0.58847   0.22881
   1.73480   0.82789  -0.01061
   1.49538   0.82789  -0.01061
   1.49538   0.82789  -0.01061
   1.49538   1.06731  -0.01061
   1.49538   0.82789  -0.48945
   1.25596   0.82789  -0.25003
   1.49538   0.82789  -0.48945
   1.25596   0.82789  -0.72887
   1.25596   0.58847  -0.72887
   1.25596   0.58847  -0.96829
   1.01654   0.82789  -1.20771
   0.77712   0.58847  -0.96829
   0.53770   0.58847  -1.20771
   0.53770   0.34905  -1.20771
   0.29828   0.34905  -0.96829
   0.29828   0.34905  -1.20771
   0.05886   0.34905  -1.20771
  -0.18056   0.34905  -0.96829
  -0.18056   0.34905  -0.96829
  -0.41998   0.34905  -0.96829
  -0.41998   0.34905  -0.96829
  -0.65940   0.10963  -0.72887
  -0.89882   0.10963  -0.72887
  -0.89882   0.10963  -0.72887
  -1.13824   0.10963  -0.72887
  -1.37766   0.34905  -0.72887
  -1.37766   0.34905  -0.48945
  -1.61708   0.10963  -0.72887
  -1.61708   0.10963  -0.72887
  -1.61708   0.10963  -0.72887
  -1.61708   0.10963  -0.48945
  -1.61708   0.10963  -0.25003
  -1.61708   0.10963  -0.48945
  -1.37766   0.10963  -0.48945
  -1.37766   0.10963  -0.25003
  -1.37766  -0.12979  -0.01061
  -1.37766  -0.12979  -0.25003
  -1.13824  -0.12979  -0.25003
  -1.13824  -0.12979  -0.01061
  -0.89882  -0.36921  -0.01061
  -0.89882  -0.36921  -0.01061
  -0.89882  -0.36921   0.22881
  -0.65940  -0.36921  -0.01061
  -0.41998  -0.36921  -0.01061
  -0.41998  -0.36921   0.22881
  -0.41998  -0.36921   0.22881
  -0.18056  -0.36921   0.22881
  -0.18056  -0.36921   0.22881
   0.05886  -0.36921   0.22881
   0.05886  -0.60863   0.22881
   0.05886  -0.36921   0.22881
   0.05886  -0.36921   0.22881
   0.29828  -0.36921  -0.01061
   0.29828  -0.36921  -0.01061
   0.53770  -0.36921  -0.01061
   0.53770  -0.36921  -0.01061
   0.53770  -0.36921  -0.25003
   0.53770  -0.36921  -0.25003
   0.77712  -0.36921  -0.25003
   1.01654  -0.36921  -0.25003
   1.01654  -0.36921  -0.25003
   1.01654  -0.36921  -0.25003
   1.01654  -0.12979  -0.25003
   1.25596  -0.12979  -0.25003
   1.25596  -0.36921  -0.48945
   1.25596  -0.12979  -0.48945
   1.25596  -0.12979  -0.48945
   1.25596  -0.36921  -0.72887
   1.25596  -0.12979  -0.72887
   1.25596  -0.12979  -0.72887
   1.49538  -0.12979  -0.96829
   1.25596  -0.12979  -0.96829
   1.25596  -0.12979  -1.20771
   1.49538  -0.12979  -0.96829
   1.25596  -0.36921  -1.20771
   1.25596  -0.12979  -1.20771
   1.25596  -0.12979  -1.20771
   1.25596  -0.12979  -1.20771
   1.01654   0.10963  -1.20771
   1.01654  -0.12979  -1.44713
   1.01654  -0.12979  -1.20771
   0.77712  -0.12979  -1.20771
   0.77712  -0.12979  -1.44713
   0.53770  -0.12979  -1.20771
   0.53770  -0.12979  -1.20771
   0.53770  -0.12979  -1.20771
   0.53770  -0.36921  -0.96829
   0.53770  -0.12979  -0.96829
   0.29828  -0.36921  -0.72887
   0.29828  -0.36921  -0.72887
   0.29828  -0.36921  -0.96829
   0.29828  -0.36921  -0.72887
   0.29828  -0.36921  -0.72887
   0.29828  -0.60863  -0.48945
   0.29828  -0.36921  -0.25003
   0.05886  -0.36921  -0.25003
   0.29828  -0.36921  -0.25003
   0.05886  -0.36921  -0.25003
   0.05886  -0.36921  -0.25003
   0.05886  -0.36921  -0.25003
   0.05886  -0.12979  -0.01061
   0.05886  -0.12979   0.22881
  -0.18056  -0.36921   0.22881
  -0.18056  -0.36921  -0.01061
  -0.18056  -0.12979  -0.01061
  -0.18056  -0.36921  -0.01061
  -0.18056  -0.12979  -0.01061
  -0.18056  -0.12979   0.22881
  -0.18056  -0.12979   0.22881
  -0.18056   0.10963   0.22881
   0.05886   0.10963   0.22881
  -0.18056   0.10963  -0.01061
   0.05886   0.34905  -0.01061
  -0.18056   0.34905   0.22881
   0.05886   0.34905   0.22881
   0.05886   0.34905   0.22881
   0.05886   0.34905   0.22881
   0.05886   0.34905   0.46823
   0.05886   0.58847   0.46823
   0.05886   0.58847   0.22881
   0.05886   0.82789   0.46823
   0.05886   0.82789   0.46823
   0.05886   0.82789   0.46823
  -0.18056   0.58847   0.46823
  -0.41998   0.58847   0.46823
  -0.41998   0.58847   0.46823
  -0.41998   0.58847   0.70765
  -0.41998   0.82789   0.46823
  -0.41998   0.82789   0.70765
  -0.41998   0.82789   0.70765
  -0.65940   0.58847   0.70765
  -0.65940   0.58847   0.70765
  -0.65940   0.82789   0.46823
  -0.65940   0.58847   0.70765
  -0.89882   0.58847   0.46823
  -0.89882   0.58847   0.46823
  -1.13824   0.58847   0.46823
  -0.89882   0.34905   0.46823
  -1.13824   0.34905   0.46823
  -1.13824   0.34905   0.46823
  -1.13824   0.34905   0.46823
  -1.13824   0.34905   0.46823
  -1.13824   0.58847   0.46823
  -1.13824   0.34905   0.46823
  -1.13824   0.34905   0.46823
  -1.13824   0.10963   0.46823
  -1.13824   0.34905   0.46823
  -1.13824   0.34905   0.46823
  -1.13824   0.34905   0.46823
  -1.13824   0.34905   0.46823
  -1.13824   0.34905   0.70765
  -0.89882   0.34905   0.46823
  -0.89882   0.34905   0.46823
  -0.89882   0.34905   0.70765
  -0.89882   0.10963   0.70765
  -0.89882   0.10963   0.70765
  -0.89882   0.10963   0.70765
  -0.89882   0.10963   0.70765
  -0.65940   0.10963   0.70765
  -0.65940   0.10963   1.18649
  -0.89882   0.10963   0.94707
  -0.65940   0.10963   0.94707
  -0.65940  -0.12979   0.94707
  -0.65940  -0.12979   1.18649
  -0.65940  -0.12979   0.94707
  -0.41998  -0.12979   0.94707
  -0.41998  -0.12979   0.94707
  -0.41998  -0.12979   0.94707
  -0.41998  -0.12979   0.70765
  -0.41998  -0.12979   0.70765
  -0.41998  -0.36921   0.70765
  -0.41998  -0.36921   0.46823
  -0.41998  -0.12979   0.46823
  -0.41998  -0.12979   0.46823
  -0.41998  -0.36921   0.22881
  -0.41998  -0.36921  -0.01061
  -0.41998  -0.36921  -0.01061
  -0.41998  -0.60863  -0.25003
  -0.41998  -0.60863  -0.25003
  -0.41998  -0.36921  -0.25003
  -0.41998  -0.36921  -0.25003
  -0.41998  -0.36921  -0.48945
  -0.41998  -0.36921  -0.48945
  -0.41998  -0.36921  -0.48945
  -0.41998  -0.60863  -0.48945
  -0.41998  -0.60863  -0.48945
  -0.41998  -0.36921  -0.48945
  -0.41998  -0.60863  -0.48945
  -0.41998  -0.60863  -0.48945
  -0.41998  -0.36921  -0.25003
  -0.18056  -0.36921  -0.25003
  -0.18056  -0.60863  -0.25003
  -0.18056  -0.36921  -0.01061
  -0.18056  -0.36921  -0.01061
  -0.18056  -0.12979  -0.01061
  -0.18056  -0.12979  -0.01061
  -0.18056  -0.12979  -0.01061
  -0.18056  -0.12979   0.22881
  -0.18056  -0.12979   0.46823
   0.05886  -0.12979   0.22881
   0.05886  -0.12979   0.22881
   0.05886  -0.12979   0.46823
   0.05886  -0.12979   0.46823
   0.05886  -0.36921   0.70765
   0.29828  -0.12979   0.70765
   0.29828  -0.12979   0.70765
   0.29828   0.10963   0.70765
   0.29828  -0.12979   0.94707
   0.29828   0.10963   0.94707
   0.29828   0.10963   0.94707
   0.29828  -0.12979   1.18649
   0.29828   0.10963   1.18649
   0.29828   0.10963   1.42591
   0.29828   0.10963   1.18649
   0.53770   0.10963   1.18649
   0.53770   0.10963   1.18649
   0.29828   0.10963   1.42591
   0.53770   0.10963   1.42591
   0.53770   0.10963   1.42591
   0.53770   0.10963   1.42591
   0.53770  -0.12979   1.42591
   0.53770   0.10963   1.42591
   0.53770   0.34905   1.18649
   0.53770   0.10963   1.18649
   0.53770   0.10963   1.18649
   0.53770   0.10963   0.94707
   0.29828   0.10963   1.18649
   0.53770   0.10963   0.70765
   0.53770   0.34905   0.70765
   0.53770   0.10963   0.46823
   0.53770   0.10963   0.22881
   0.77712   0.34905  -0.01061
   0.77712   0.10963  -0.25003
   0.77712   0.10963  -0.25003
   0.77712   0.10963  -0.48945
   0.77712   0.10963  -0.72887
   1.01654   0.10963  -0.96829
   0.77712   0.10963  -0.96829
   0.77712   0.34905  -1.20771
   0.77712   0.10963  -1.44713
   1.01654   0.10963  -1.68655
   1.01654   0.10963  -1.68655
   0.77712  -0.12979  -1.68655
   1.01654   0.10963  -1.68655
   0.77712   0.10963  -1.92597
   0.77712   0.10963  -1.92597
   0.77712   0.10963  -1.92597
   1.01654   0.10963  -2.16539
   0.77712   0.10963  -1.92597
   1.01654   0.10963  -2.16539
   1.01654   0.34905  -2.16539
   1.01654   0.10963  -1.68655
   1.01654   0.10963  -1.68655
   1.01654   0.10963  -1.68655
   0.77712   0.10963  -1.68655
   0.77712   0.10963  -1.68655
   0.77712   0.10963  -1.44713
   0.53770  -0.12979  -1.68655
   0.53770   0.10963  -1.44713
   0.53770   0.10963  -1.44713
   0.53770  -0.12979  -1.20771
   0.29828   0.10963  -1.20771
   0.29828   0.10963  -1.20771
   0.05886   0.10963  -0.96829
   0.05886   0.10963  -0.96829
   0.05886   0.10963  -0.72887
   0.05886   0.10963  -0.96829
  -0.18056   0.10963  -0.72887
  -0.18056   0.10963  -0.72887
  -0.41998  -0.12979  -0.48945
  -0.41998  -0.12979  -0.48945
  -0.41998  -0.12979  -0.48945
  -0.41998  -0.12979  -0.25003
  -0.41998  -0.12979  -0.25003
  -0.65940   0.10963  -0.01061
  -0.41998  -0.12979  -0.01061
  -0.41998  -0.12979   0.22881
  -0.41998  -0.12979   0.22881
  -0.18056  -0.36921   0.22881
  -0.41998  -0.36921   0.46823
  -0.41998  -0.36921   0.46823
  -0.41998  -0.36921   0.46823
  -0.41998  -0.36921   0.70765
  -0.41998  -0.36921   0.70765
  -0.41998  -0.36921   0.70765
  -0.41998  -0.36921   0.70765
  -0.41998  -0.36921   0.70765
  -0.41998  -0.36921   0.70765
  -0.41998  -0.60863   0.70765
  -0.41998  -0.60863   0.70765
  -0.41998  -0.60863   0.70765
  -0.41998  -0.60863   0.70765
  -0.41998  -0.60863   0.70765
  -0.41998  -0.60863   0.70765
  -0.41998  -0.60863   0.46823
  -0.41998  -0.60863   0.70765
  -0.41998  -0.60863   0.46823
  -0.41998  -0.60863   0.46823
  -0.41998  -0.60863   0.70765
  -0.18056  -0.60863   0.46823
  -0.18056  -0.60863   0.46823
  -0.41998  -0.60863   0.46823
  -0.18056  -0.60863   0.70765
  -0.41998  -0.60863   0.70765
  -0.18056  -0.60863   0.70765
  -0.18056  -0.60863   0.46823
  -0.18056  -0.36921   0.46823
  -0.18056  -0.36921   0.70765
   0.05886  -0.36921   0.70765
   0.05886  -0.36921   0.70765
   0.05886  -0.36921   0.70765
   0.05886  -0.36921   0.70765
   0.29828  -0.12979   0.70765
   0.05886  -0.12979   0.70765
   0.05886  -0.12979   0.70765
   0.05886  -0.12979   0.46823
   0.05886  -0.36921   0.70765
   0.05886   0.10963   0.70765
   0.05886   0.10963   0.70765
   0.05886  -0.12979   0.70765
   0.29828   0.10963   0.70765
   0.29828   0.10963   0.46823
   0.29828   0.34905   0.46823
   0.29828   0.34905   0.46823
   0.29828   0.34905   0.46823
   0.29828   0.34905   0.22881
   0.29828   0.58847   0.46823
   0.53770   0.58847   0.22881
   0.53770   0.58847  -0.01061
   0.53770   0.82789  -0.01061
   0.77712   0.82789  -0.01061
   0.77712   0.82789  -0.01061
   0.77712   1.06731  -0.01061
   0.77712   1.06731  -0.25003
   0.77712   1.06731  -0.25003
   0.77712   1.06731  -0.01061
   0.77712   1.06731  -0.25003
   0.77712   1.30674  -0.25003
   0.77712   1.06731  -0.25003
   0.53770   1.06731  -0.25003
   0.53770   0.82789  -0.25003
   0.77712   0.82789  -0.25003
   0.29828   0.82789  -0.25003
   0.29828   0.82789  -0.48945
   0.29828   0.82789  -0.48945
   0.05886   0.82789  -0.48945
   0.05886   0.58847  -0.48945
   0.05886   0.58847  -0.72887
  -0.18056   0.34905  -0.72887
  -0.18056   0.34905  -0.72887
  -0.18056   0.58847  -0.72887
  -0.41998   0.34905  -0.96829
  -0.41998   0.58847  -0.96829
  -0.65940   0.58847  -0.96829
  -0.65940   0.34905  -1.20771
  -0.65940   0.34905  -0.96829
  -0.65940   0.34905  -0.96829
  -0.41998   0.34905  -1.20771
  -0.89882   0.34905  -1.20771
  -0.89882   0.10963  -1.20771
  -0.89882   0.10963  -1.20771
  -0.89882   0.10963  -1.20771
  -0.89882  -0.12979  -0.96829
  -0.89882  -0.12979  -0.96829
  -0.89882  -0.12979  -0.96829
  -0.89882  -0.12979  -0.72887
  -0.89882  -0.36921  -0.96829
  -0.89882  -0.12979  -0.72887
  -0.65940  -0.36921  -0.72887
  -0.65940  -0.36921  -0.72887
  -0.65940  -0.36921  -0.48945
  -0.89882  -0.36921  -0.48945
  -0.65940  -0.36921  -0.25003
  -0.65940  -0.36921  -0.25003
  -0.65940  -0.36921  -0.01061
  -0.65940  -0.36921  -0.25003
  -0.41998  -0.12979  -0.01061
  -0.65940  -0.36921  -0.01061
  -0.41998  -0.12979  -0.01061
  -0.18056  -0.12979  -0.01061
  -0.41998   0.10963   0.22881
  -0.41998  -0.12979   0.22881
  -0.41998   0.10963   0.46823
  -0.18056  -0.12979   0.46823
  -0.18056   0.10963   0.46823
  -0.18056   0.10963   0.46823
  -0.18056  -0.12979   0.46823
   0.05886  -0.12979   0.46823
   0.05886  -0.12979   0.46823
   0.05886  -0.12979   0.46823
   0.05886  -0.36921   0.46823
   0.05886  -0.36921   0.70765
   0.05886  -0.60863   0.46823
   0.29828  -0.60863   0.46823
   0.29828  -0.60863   0.46823
   0.29828  -0.60863   0.46823
   0.29828  -0.84805   0.46823
   0.29828  -0.84805   0.46823
   0.29828  -0.60863   0.46823
   0.29828  -0.84805   0.46823
   0.29828  -0.84805   0.46823
   0.29828  -0.60863   0.46823
   0.29828  -0.60863   0.46823
   0.29828  -0.84805   0.46823
   0.29828  -0.84805   0.46823
   0.05886  -0.84805   0.46823
   0.05886  -0.60863   0.46823
   0.05886  -0.60863   0.22881
  -0.18056  -0.84805   0.46823
  -0.18056  -0.84805   0.22881
  -0.18056  -0.60863   0.46823
  -0.18056  -0.84805   0.46823
  -0.18056  -0.60863   0.22881
  -0.18056  -0.60863   0.22881
  -0.18056  -0.36921   0.46823
  -0.41998  -0.36921   0.22881
  -0.18056  -0.36921   0.22881
  -0.18056  -0.36921   0.46823
  -0.18056  -0.12979   0.46823
  -0.18056  -0.12979   0.46823
  -0.18056  -0.36921   0.46823
  -0.18056  -0.12979   0.46823
  -0.18056  -0.12979   0.46823
  -0.18056   0.10963   0.46823
   0.05886   0.10963   0.70765
   0.05886   0.10963   0.70765
   0.29828   0.10963   0.70765
   0.29828   0.34905   0.70765
   0.29828   0.34905   0.70765
   0.29828   0.34905   0.70765
   0.53770   0.10963   0.46823
   0.29828   0.34905   0.70765
   0.53770   0.10963   0.46823
   0.53770   0.10963   0.46823
   0.77712   0.34905   0.22881
   0.77712   0.10963   0.46823
   0.77712   0.34905   0.22881
   0.77712   0.10963  -0.01061
   0.77712   0.10963  -0.01061
   0.77712   0.10963  -0.01061
   0.53770   0.10963  -0.01061
   0.53770   0.10963  -0.25003
   0.53770   0.10963  -0.25003
   0.53770   0.10963  -0.25003
   0.29828   0.34905  -0.25003
   0.29828   0.34905  -0.48945
   0.29828   0.58847  -0.25003
   0.29828   0.58847  -0.72887
   0.05886   0.58847  -0.48945
   0.05886   0.34905  -0.72887
   0.29828   0.58847  -0.96829
   0.05886   0.34905  -0.72887
   0.29828   0.34905  -0.72887
   0.05886   0.58847  -0.72887
   0.29828   0.58847  -0.72887
   0.53770   0.34905  -0.96829
   0.53770   0.58847  -0.72887
   0.53770   0.58847  -0.96829
   0.53770   0.58847  -0.72887
   0.53770   0.58847  -0.72887
   0.53770   0.82789  -0.72887
   0.53770   0.58847  -0.48945
   0.77712   0.82789  -0.48945
   0.53770   0.58847  -0.48945
   0.77712   0.58847  -0.48945
   0.77712   0.58847  -0.48945
   0.77712   0.58847  -0.48945
   0.77712   0.58847  -0.25003
   0.77712   0.58847  -0.25003
   0.53770   0.34905  -0.25003
   0.77712   0.58847  -0.25003
   0.53770   0.34905  -0.25003
   0.53770   0.34905  -0.25003
   0.53770   0.58847  -0.01061
   0.29828   0.58847  -0.01061
   0.29828   0.58847  -0.25003
   0.29828   0.58847  -0.01061
   0.29828   0.58847  -0.01061
   0.05886   0.58847  -0.25003
   0.05886   0.34905  -0.25003
   0.05886   0.34905  -0.25003
  -0.18056   0.34905  -0.25003
   0.05886   0.10963  -0.25003
  -0.18056   0.10963  -0.25003
  -0.41998   0.10963  -0.48945
  -0.41998  -0.12979  -0.48945
  -0.41998  -0.12979  -0.25003
  -0.65940  -0.12979  -0.25003
  -0.65940  -0.12979  -0.25003
  -0.65940  -0.36921  -0.25003
  -0.65940  -0.36921  -0.25003
  -0.89882  -0.60863  -0.01061
  -0.89882  -0.60863  -0.01061
  -0.89882  -0.84805   0.22881
  -0.89882  -0.84805  -0.01061
  -0.89882  -0.60863  -0.01061
  -1.13824  -0.60863   0.22881
  -0.89882  -0.60863   0.22881
  -0.89882  -0.84805   0.46823
  -1.13824  -0.84805   0.46823
  -1.13824  -0.84805   0.46823
  -1.13824  -0.84805   0.46823
  -0.89882  -0.84805   0.46823
  -0.89882  -0.84805   0.46823
  -1.13824  -0.84805   0.70765
  -1.13824  -0.84805   0.70765
  -1.13824  -0.84805   0.70765
  -1.13824  -0.84805   0.70765
  -1.13824  -0.60863   0.46823
  -1.13824  -0.60863   0.46823
  -1.13824  -0.60863   0.22881
  -1.61708  -0.60863   0.46823
  -1.37766  -0.60863   0.46823
  -1.61708  -0.60863   0.46823
  -1.61708  -0.36921   0.22881
  -1.61708  -0.36921  -0.01061
  -1.61708  -0.60863   0.22881
  -1.61708  -0.36921   0.22881
  -1.37766  -0.36921   0.22881
  -1.61708  -0.36921   0.22881
  -1.37766  -0.36921  -0.01061
  -1.37766  -0.36921   0.22881
  -1.37766  -0.36921  -0.01061
  -1.13824  -0.12979   0.22881
  -1.13824  -0.12979  -0.01061
  -0.89882  -0.12979  -0.01061
  -0.89882  -0.12979  -0.25003
  -0.89882   0.10963   0.22881
  -0.65940   0.10963  -0.01061
  -0.41998   0.10963  -0.25003
  -0.41998   0.10963  -0.01061
  -0.18056   0.10963  -0.01061
   0.05886   0.34905  -0.01061
   0.05886   0.34905  -0.25003
   0.05886   0.10963  -0.01061
   0.29828   0.34905  -0.01061
   0.29828   0.34905  -0.01061
   0.53770   0.10963   0.22881
   0.53770   0.34905  -0.01061
   0.77712   0.34905  -0.01061
   0.77712   0.34905  -0.01061
   0.77712   0.34905   0.22881
   1.01654   0.34905   0.22881
   1.01654   0.10963  -0.01061
   1.25596   0.34905  -0.01061
   1.25596   0.34905  -0.01061
   1.25596   0.34905  -0.01061
   1.25596   0.58847  -0.01061
   1.25596   0.34905  -0.01061
   1.25596   0.34905  -0.01061
   1.25596   0.34905   0.22881
   1.25596   0.34905  -0.01061
   1.25596   0.10963   0.22881
   1.25596   0.34905  -0.01061
   1.25596   0.10963   0.22881
   1.01654   0.10963   0.22881
   1.25596   0.10963   0.22881
   1.01654   0.10963  -0.01061
   1.01654   0.34905  -0.01061
   1.01654   0.10963  -0.01061
   1.01654   0.10963   0.22881
   1.01654   0.10963  -0.01061
   1.01654   0.34905   0.22881
   0.77712   0.10963  -0.01061
   0.77712   0.10963  -0.01061
   0.77712   0.34905  -0.01061
   0.77712   0.10963  -0.01061
   0.77712   0.10963  -0.01061
   0.53770   0.34905  -0.01061
   0.53770   0.10963  -0.25003
   0.53770   0.34905  -0.25003
   0.53770   0.34905  -0.25003
   0.53770   0.10963  -0.25003
   0.29828   0.34905  -0.25003
   0.29828   0.10963  -0.25003
   0.29828   0.34905  -0.48945
   0.29828   0.10963  -0.25003
   0.29828   0.10963  -0.25003
   0.05886   0.34905  -0.25003
   0.05886   0.10963  -0.25003
   0.05886   0.34905  -0.01061
   0.05886   0.10963  -0.01061
   0.05886   0.10963   0.22881
   0.05886   0.10963   0.22881
  -0.18056  -0.12979   0.22881
   0.05886  -0.12979   0.22881
  -0.18056   0.10963   0.22881
  -0.18056  -0.12979   0.22881
  -0.18056  -0.12979   0.22881
  -0.18056  -0.36921   0.22881
  -0.18056  -0.36921   0.22881
  -0.18056  -0.36921   0.22881
  -0.18056  -0.36921   0.22881
  -0.18056  -0.36921   0.22881
  -0.41998  -0.36921  -0.01061
  -0.41998  -0.36921  -0.01061
  -0.41998  -0.36921  -0.01061
  -0.65940  -0.36921  -0.01061
  -0.65940  -0.36921  -0.01061
  -0.41998  -0.12979  -0.01061
  -0.41998  -0.12979  -0.25003
  -0.65940  -0.12979  -0.25003
  -0.65940  -0.12979  -0.25003
  -0.89882  -0.12979  -0.25003
  -0.65940   0.10963  -0.48945
  -0.65940   0.10963  -0.25003
  -0.89882   0.10963  -0.25003
  -0.89882   0.10963  -0.25003
  -0.89882   0.10963  -0.48945
  -0.89882   0.10963  -0.48945
  -0.89882   0.34905  -0.25003
  -0.89882   0.34905  -0.25003
  -0.89882   0.34905  -0.25003
  -0.89882   0.34905  -0.25003
  -0.89882   0.10963  -0.25003
  -0.89882   0.34905  -0.25003
  -0.89882   0.10963  -0.25003
  -0.89882   0.34905  -0.01061
  -0.89882   0.10963  -0.01061
  -0.89882   0.10963   0.22881
  -0.89882   0.10963  -0.01061
  -0.65940   0.10963  -0.01061
  -0.65940  -0.12979   0.22881
  -0.65940  -0.12979  -0.01061
  -0.65940  -0.12979   0.22881
  -0.65940  -0.12979   0.22881
  -0.41998  -0.12979   0.46823
  -0.41998  -0.12979   0.46823
  -0.18056  -0.12979   0.46823
  -0.18056  -0.12979   0.46823
  -0.18056  -0.12979   0.46823
  -0.18056  -0.12979   0.70765
   0.05886  -0.12979   0.46823
   0.29828  -0.36921   0.46823
   0.29828  -0.12979   0.70765
   0.53770  -0.12979   0.70765
   0.53770  -0.12979   0.70765
   0.53770   0.10963   0.94707
   0.77712  -0.12979   0.70765
   0.77712  -0.12979   0.70765
   0.77712   0.10963   0.94707
   1.01654   0.10963   0.94707
   1.01654   0.10963   0.94707
   1.25596   0.10963   0.70765
   1.25596   0.10963   0.94707
   1.49538   0.10963   0.94707
   1.49538   0.10963   0.94707
   1.49538   0.10963   1.18649
   1.49538   0.10963   0.94707
   1.49538   0.10963   0.94707
   1.49538   0.10963   0.94707
   1.49538   0.10963   0.94707
   1.49538   0.34905   1.18649
   1.25596   0.34905   1.18649
   1.49538   0.10963   0.94707
   1.49538   0.10963   0.94707
   1.25596   0.10963   0.70765
   1.25596   0.10963   0.70765
   1.25596   0.10963   0.70765
   1.01654   0.10963   0.70765
   1.01654   0.10963   0.46823
   0.77712   0.10963   0.46823
   0.77712   0.10963   0.22881
   0.53770   0.10963   0.46823
   0.77712   0.10963   0.46823
   0.53770  -0.12979   0.22881
   0.53770   0.10963  -0.01061
   0.29828  -0.12979  -0.01061
   0.29828  -0.12979  -0.01061
   0.29828   0.10963  -0.01061
   0.05886   0.10963  -0.25003
   0.05886  -0.12979  -0.25003
   0.05886   0.10963  -0.25003
   0.05886   0.10963  -0.25003
  -0.18056  -0.12979  -0.48945
  -0.18056   0.10963  -0.48945
  -0.41998   0.10963  -0.72887
  -0.18056   0.10963  -0.72887
  -0.18056   0.10963  -0.72887
  -0.18056   0.10963  -0.72887
  -0.41998   0.10963  -0.72887
  -0.18056  -0.12979  -0.72887
  -0.18056  -0.12979  -0.72887
  -0.18056  -0.12979  -0.72887
  -0.18056  -0.12979  -0.72887
  -0.18056  -0.12979  -0.72887
   0.05886  -0.12979  -0.48945
   0.05886  -0.12979  -0.72887
   0.05886  -0.36921  -0.72887
   0.05886  -0.12979  -0.72887
   0.05886  -0.12979  -0.72887
   0.05886  -0.12979  -0.48945
   0.29828  -0.12979  -0.48945
   0.29828  -0.36921  -0.48945
   0.29828  -0.12979  -0.72887
   0.29828  -0.36921  -0.72887
   0.29828  -0.12979  -0.72887
   0.53770  -0.36921  -0.72887
   0.29828  -0.36921  -0.72887
   0.05886  -0.36921  -0.48945
   0.29828  -0.36921  -0.72887
   0.29828  -0.12979  -0.72887
   0.29828  -0.36921  -0.72887
   0.05886  -0.36921  -0.72887
   0.05886  -0.36921  -0.72887
   0.05886  -0.12979  -0.72887
   0.05886  -0.36921  -0.96829
   0.05886  -0.36921  -0.96829
   0.05886  -0.36921  -0.96829
   0.05886  -0.12979  -1.20771
   0.05886  -0.12979  -1.20771
   0.05886  -0.36921  -0.96829
  -0.18056  -0.12979  -0.96829
  -0.18056  -0.12979  -0.96829
   0.05886  -0.12979  -0.72887
  -0.18056  -0.12979  -0.96829
  -0.18056  -0.12979  -0.72887
  -0.18056  -0.12979  -0.72887
  -0.18056  -0.12979  -0.72887
  -0.18056  -0.12979  -0.72887
  -0.18056  -0.12979  -0.48945
  -0.41998  -0.12979  -0.25003
  -0.41998   0.10963  -0.48945
  -0.41998   0.10963  -0.25003
  -0.41998   0.10963  -0.25003
  -0.41998   0.10963  -0.25003
  -0.65940  -0.12979  -0.01061
  -0.65940   0.10963  -0.01061
  -0.65940  -0.12979  -0.01061
  -0.65940   0.10963  -0.01061
  -0.65940  -0.12979  -0.01061
  -0.89882  -0.12979  -0.01061
  -0.65940  -0.12979   0.22881
  -0.65940  -0.12979  -0.01061
  -0.65940  -0.12979   0.22881
  -0.65940   0.10963   0.22881
  -0.89882  -0.12979   0.22881
  -0.65940  -0.12979   0.46823
  -0.65940  -0.12979   0.22881
  -0.65940   0.10963   0.46823
  -0.65940   0.10963   0.22881
  -0.65940   0.10963   0.22881
  -0.65940   0.10963   0.22881
  -0.65940   0.10963  -0.01061
  -0.41998   0.10963   0.22881
  -0.41998   0.10963   0.22881
  -0.41998   0.10963   0.22881
  -0.41998  -0.12979   0.22881
  -0.41998   0.10963   0.22881
  -0.41998   0.10963   0.46823
  -0.18056   0.10963   0.46823
  -0.41998   0.10963   0.46823
  -0.41998  -0.12979   0.46823
  -0.18056  -0.12979   0.46823
  -0.18056   0.10963   0.46823
  -0.18056  -0.12979   0.46823
  -0.18056  -0.12979   0.46823
  -0.18056  -0.12979   0.46823
  -0.18056  -0.12979   0.46823
  -0.18056  -0.12979   0.46823
  -0.41998  -0.12979   0.46823
  -0.41998  -0.12979   0.46823
  -0.41998  -0.12979   0.22881
  -0.41998  -0.12979   0.22881
  -0.41998  -0.12979   0.22881
  -0.41998   0.10963   0.22881
  -0.41998   0.10963   0.22881
  -0.41998   0.10963   0.22881
  -0.41998   0.10963   0.22881
  -0.65940   0.34905   0.22881
  -0.65940   0.34905  -0.01061
  -0.65940   0.10963  -0.01061
  -0.65940   0.34905  -0.01061
  -0.65940   0.10963  -0.01061
  -0.65940   0.34905  -0.25003
  -0.65940   0.34905  -0.25003
  -0.65940   0.34905  -0.25003
  -0.65940   0.58847  -0.48945
  -0.65940   0.58847  -0.48945
  -0.65940   0.58847  -0.48945
  -0.65940   0.58847  -0.48945
  -0.65940   0.34905  -0.48945
  -0.65940   0.58847  -0.72887
  -0.65940   0.34905  -0.72887
  -0.65940   0.34905  -0.72887
  -0.65940   0.34905  -0.72887
  -0.65940   0.34905  -0.48945
  -0.65940   0.34905  -0.72887
  -0.65940   0.34905  -0.72887
  -0.65940   0.58847  -0.72887
  -0.41998   0.34905  -0.72887
  -0.41998   0.34905  -0.48945
  -0.18056   0.34905  -0.48945
  -0.18056   0.34905  -0.25003
  -0.18056   0.34905  -0.48945
   0.05886   0.10963  -0.25003
  -0.18056   0.10963  -0.48945
  -0.18056   0.10963  -0.25003
   0.05886   0.10963  -0.01061
   0.29828   0.34905  -0.25003
   0.29828   0.10963  -0.25003
   0.29828   0.10963  -0.01061
   0.29828   0.10963  -0.01061
   0.53770   0.10963  -0.01061
   0.53770   0.10963   0.22881
   0.77712   0.10963  -0.01061
   0.77712  -0.12979   0.22881
   1.01654   0.10963   0.22881
   1.01654  -0.12979   0.22881
   1.25596  -0.12979   0.22881
   1.25596  -0.12979   0.22881
   1.49538  -0.36921   0.22881
   1.49538  -0.12979   0.22881
   1.49538  -0.36921   0.46823
   1.73480  -0.36921   0.70765
   1.49538  -0.60863   0.46823
   1.49538  -0.36921   0.46823
   1.49538  -0.60863   0.70765
   1.49538  -0.60863   0.46823
   1.49538  -0.60863   0.46823
   1.49538  -0.84805   0.70765
   1.49538  -0.84805   0.46823
   1.49538  -0.84805   0.46823
   1.25596  -0.84805   0.70765
   1.25596  -1.08747   0.46823
   1.25596  -0.84805   0.46823
   1.01654  -0.84805   0.46823
   1.01654  -0.84805   0.22881
   0.77712  -0.84805   0.46823
   0.77712  -0.84805   0.46823
   0.77712  -0.84805   0.46823
   0.53770  -0.84805   0.46823
   0.53770  -0.84805   0.46823
   0.53770  -0.60863   0.46823
   0.29828  -0.60863   0.46823
   0.05886  -0.60863   0.46823
   0.05886  -0.60863   0.46823
  -0.18056  -0.36921   0.46823
  -0.18056  -0.36921   0.46823
  -0.18056  -0.36921   0.46823
  -0.41998  -0.36921   0.22881
  -0.41998  -0.12979   0.46823
  -0.41998   0.10963   0.46823
  -0.41998   0.10963   0.22881
  -0.65940   0.34905   0.46823
  -0.65940   0.10963   0.46823
  -0.65940   0.34905   0.46823
  -0.89882   0.34905   0.22881
  -0.89882   0.34905   0.22881
  -0.89882   0.34905   0.22881
  -0.89882   0.58847  -0.01061
  -0.89882   0.58847  -0.01061
  -1.13824   0.58847  -0.25003
  -1.13824   0.82789  -0.25003
  -1.13824   0.82789  -0.25003
  -1.13824   0.82789  -0.25003
  -0.89882   0.82789  -0.25003
  -0.89882   0.82789  -0.25003
  -0.89882   0.58847  -0.48945
  -0.65940   0.82789  -0.72887
  -0.65940   0.58847  -0.48945
  -0.65940   0.82789  -0.72887
  -0.65940   0.58847  -0.72887
  -0.41998   0.82789  -0.48945
  -0.65940   0.82789  -0.48945
  -0.41998   0.58847  -0.48945
  -0.18056   0.58847  -0.48945
  -0.18056   0.58847  -0.48945
  -0.18056   0.58847  -0.25003
   0.05886   0.34905  -0.48945
  -0.18056   0.58847  -0.25003
   0.05886   0.34905  -0.25003
   0.05886   0.34905  -0.01061
   0.05886   0.34905   0.22881
   0.05886   0.34905   0.22881
   0.29828   0.10963  -0.01061
   0.29828   0.34905   0.22881
   0.05886   0.34905   0.22881
   0.05886   0.10963   0.22881
   0.05886   0.10963   0.22881
   0.05886   0.10963   0.22881
  -0.18056   0.10963   0.46823
   0.05886   0.10963   0.22881
   0.05886  -0.12979   0.22881
   0.05886   0.10963   0.46823
  -0.18056  -0.12979   0.46823
  -0.18056  -0.12979   0.22881
   0.05886  -0.12979   0.46823
  -0.18056  -0.12979   0.46823
  -0.18056  -0.12979   0.22881
   0.05886  -0.12979   0.22881
   0.05886  -0.12979   0.46823
   0.05886  -0.36921   0.46823
   0.05886  -0.36921   0.22881
  -0.18056  -0.12979   0.46823
   0.05886  -0.12979   0.22881
   0.05886  -0.12979   0.46823
   0.05886  -0.12979   0.22881
   0.05886  -0.36921   0.22881
   0.05886  -0.36921   0.22881
   0.05886  -0.36921   0.22881
   0.29828  -0.36921   0.22881
   0.05886  -0.36921   0.22881
   0.05886  -0.36921   0.22881
   0.05886  -0.36921   0.46823
   0.29828  -0.36921   0.22881
   0.29828  -0.12979   0.46823
   0.05886  -0.12979   0.22881
   0.29828  -0.36921   0.22881
   0.05886  -0.36921   0.22881
   0.05886  -0.36921   0.46823
   0.05886  -0.12979   0.22881
   0.05886  -0.36921   0.22881
   0.05886  -0.36921   0.22881
   0.05886  -0.36921   0.46823
   0.05886  -0.12979   0.22881
   0.05886  -0.12979   0.22881
   0.05886  -0.36921   0.22881
   0.05886  -0.12979   0.22881
   0.05886  -0.12979   0.22881
   0.05886  -0.12979   0.22881
   0.05886  -0.12979   0.22881
   0.05886   0.10963   0.22881
   0.29828  -0.12979   0.22881
   0.05886   0.10963   0.22881
   0.29828  -0.12979   0.22881
   0.05886   0.10963  -0.01061
   0.05886   0.10963  -0.01061
   0.29828   0.10963  -0.01061
   0.29828   0.10963  -0.01061
   0.05886   0.34905  -0.01061
   0.29828   0.10963  -0.01061
   0.29828   0.10963  -0.01061
   0.29828   0.10963  -0.01061
   0.29828   0.10963  -0.25003
   0.05886   0.10963  -0.25003
   0.05886   0.10963  -0.25003
   0.29828   0.10963  -0.25003
   0.05886   0.10963  -0.48945
   0.05886   0.10963  -0.25003
   0.05886   0.10963  -0.48945
   0.05886  -0.12979  -0.25003
  -0.18056   0.10963  -0.25003
  -0.18056  -0.12979  -0.48945
  -0.18056  -0.12979  -0.25003
  -0.18056  -0.12979  -0.48945
  -0.18056  -0.36921  -0.25003
  -0.18056  -0.36921  -0.48945
  -0.18056  -0.12979  -0.48945
  -0.41998  -0.12979  -0.48945
  -0.18056  -0.12979  -0.72887
  -0.18056  -0.12979  -0.48945
  -0.18056  -0.12979  -0.72887
  -0.18056  -0.12979  -0.48945
  -0.18056  -0.12979  -0.72887
  -0.18056  -0.12979  -0.72887
  -0.41998  -0.12979  -0.48945
  -0.18056   0.10963  -0.72887
  -0.41998  -0.12979  -0.72887
  -0.18056  -0.12979  -0.72887
  -0.18056   0.10963  -0.72887
  -0.18056   0.10963  -0.72887
  -0.18056   0.10963  -0.72887
  -0.18056   0.10963  -0.48945
  -0.18056   0.10963  -0.48945
  -0.18056   0.10963  -0.72887
  -0.18056   0.34905  -0.48945
  -0.18056   0.34905  -0.48945
  -0.18056   0.10963  -0.48945
  -0.18056   0.34905  -0.48945
  -0.18056   0.34905  -0.25003
  -0.18056   0.34905  -0.25003
   0.05886   0.34905  -0.25003
   0.05886   0.34905  -0.01061
   0.05886   0.34905  -0.01061
   0.05886   0.10963  -0.01061
   0.29828   0.34905  -0.01061
   0.29828   0.34905   0.22881
   0.29828   0.10963   0.22881
   0.29828   0.10963   0.22881
   0.05886   0.34905   0.22881
   0.29828   0.34905   0.22881
   0.53770   0.34905   0.22881
   0.29828   0.34905   0.22881
   0.53770   0.10963   0.22881
   0.29828   0.10963   0.22881
   0.53770   0.10963   0.22881
   0.53770   0.10963   0.22881
   0.53770  -0.12979  -0.01061
   0.53770   0.10963  -0.01061
   0.53770   0.10963  -0.25003
   0.53770   0.10963  -0.01061
   0.29828   0.10963  -0.01061
   0.53770   0.10963  -0.01061
   0.53770  -0.12979  -0.01061
   0.29828  -0.12979  -0.01061
   0.29828   0.10963  -0.01061
   0.29828   0.10963  -0.01061
   0.29828   0.10963  -0.01061
   0.29828  -0.12979  -0.01061
   0.29828  -0.12979  -0.01061
   0.05886  -0.12979   0.22881
   0.05886  -0.12979  -0.01061
   0.29828  -0.12979   0.46823
   0.05886  -0.12979   0.46823
   0.29828  -0.12979   0.46823
   0.05886  -0.12979   0.46823
   0.05886  -0.12979   0.46823
   0.05886  -0.12979   0.46823
   0.05886  -0.12979   0.70765
   0.05886  -0.12979   0.70765
   0.05886  -0.12979   0.94707
   0.05886  -0.12979   0.70765
   0.05886  -0.12979   0.94707
   0.05886  -0.12979   0.70765
   0.05886  -0.36921   0.70765
   0.05886  -0.36921   0.70765
   0.05886  -0.12979   0.70765
   0.05886  -0.36921   0.46823
   0.05886  -0.36921   0.46823
   0.05886  -0.36921   0.46823
  -0.18056  -0.36921   0.46823
  -0.18056  -0.36921   0.46823
  -0.18056  -0.36921   0.46823
  -0.18056  -0.36921   0.46823
  -0.18056  -0.36921   0.46823
  -0.18056  -0.36921   0.46823
  -0.18056  -0.36921   0.22881
  -0.18056  -0.12979   0.22881
  -0.18056  -0.36921   0.22881
  -0.18056  -0.12979   0.22881
  -0.18056  -0.12979  -0.01061
  -0.18056  -0.12979   0.22881
  -0.18056  -0.12979  -0.01061
  -0.18056  -0.12979  -0.01061
  -0.18056  -0.12979   0.22881
  -0.18056   0.10963  -0.01061
  -0.18056  -0.12979  -0.01061
  -0.18056  -0.12979  -0.01061
  -0.18056   0.10963   0.22881
  -0.18056   0.10963   0.22881
  -0.18056   0.10963  -0.01061
  -0.18056  -0.12979  -0.01061
  -0.18056   0.10963  -0.01061
  -0.18056   0.10963  -0.01061
  -0.18056  -0.12979  -0.01061
   0.05886   0.10963  -0.01061
   0.05886   0.10963  -0.25003
  -0.18056  -0.12979  -0.01061
   0.05886   0.10963  -0.01061
   0.05886   0.10963  -0.01061
   0.05886  -0.12979  -0.01061
   0.05886   0.10963  -0.01061
   0.05886   0.10963  -0.01061
   0.05886   0.10963  -0.01061
   0.05886   0.10963  -0.01061
   0.05886  -0.12979  -0.01061
   0.05886   0.10963  -0.01061
   0.05886   0.10963   0.22881
   0.05886   0.10963  -0.01061
  -0.18056   0.10963  -0.01061
   0.05886   0.34905  -0.25003
  -0.18056   0.10963  -0.25003
  -0.18056   0.34905  -0.25003
   0.05886   0.10963  -0.48945
  -0.18056   0.10963  -0.25003
  -0.18056   0.10963  -0.25003
  -0.18056   0.10963  -0.48945
  -0.18056   0.34905  -0.48945
  -0.41998   0.34905  -0.48945
  -0.41998   0.34905  -0.48945
  -0.41998   0.34905  -0.48945
  -0.41998   0.34905  -0.48945
  -0.41998   0.34905  -0.25003
  -0.41998   0.34905  -0.25003
  -0.41998   0.10963  -0.25003
  -0.41998   0.10963  -0.48945
  -0.65940   0.10963  -0.48945
  -0.65940   0.10963  -0.48945
  -0.65940   0.34905  -0.25003
  -0.65940   0.10963  -0.25003
  -0.65940   0.10963  -0.25003
  -0.65940   0.10963  -0.25003
  -0.65940   0.34905  -0.25003
  -0.65940   0.10963  -0.25003
  -0.65940   0.10963  -0.01061
  -0.65940   0.10963  -0.25003
  -0.65940   0.10963  -0.25003
  -0.65940  -0.12979  -0.01061
  -0.65940   0.10963  -0.01061
  -0.65940   0.10963  -0.25003
  -0.65940  -0.12979  -0.25003
  -0.65940  -0.12979  -0.01061
  -0.41998   0.10963  -0.01061
  -0.65940  -0.12979  -0.25003
  -0.41998  -0.12979  -0.01061
  -0.65940  -0.12979  -0.01061
  -0.41998  -0.12979  -0.25003
  -0.41998  -0.12979  -0.01061
  -0.41998  -0.12979  -0.01061
  -0.18056  -0.12979   0.22881
  -0.18056   0.10963  -0.01061
  -0.18056  -0.12979  -0.01061
  -0.18056  -0.12979  -0.01061
  -0.18056   0.10963  -0.01061
   0.05886   0.10963  -0.01061
   0.29828   0.10963  -0.01061
   0.29828   0.10963  -0.01061
   0.29828   0.10963   0.22881
   0.53770  -0.12979  -0.01061
   0.53770   0.10963   0.22881
   0.53770  -0.12979  -0.01061
   0.53770  -0.12979  -0.01061
   0.77712  -0.12979  -0.01061
   0.77712  -0.12979   0.22881
   0.77712  -0.12979   0.22881
   1.01654  -0.12979  -0.01061
   0.77712  -0.12979   0.22881
   1.01654  -0.12979  -0.01061
   1.01654  -0.36921  -0.01061
   1.01654  -0.12979   0.22881
   1.01654  -0.36921  -0.01061
   1.01654  -0.36921  -0.01061
   1.01654  -0.36921  -0.25003
   1.01654  -0.36921  -0.48945
   1.01654  -0.36921  -0.25003
   1.01654  -0.36921  -0.25003
   1.01654  -0.36921  -0.48945
   1.01654  -0.36921  -0.48945
   1.01654  -0.36921  -0.48945
   1.01654  -0.36921  -0.48945
   1.01654  -0.60863  -0.72887
   1.01654  -0.60863  -0.48945
   1.01654  -0.60863  -0.72887
   0.77712  -0.36921  -0.48945
   0.77712  -0.36921  -0.72887
   1.01654  -0.36921  -0.48945
   0.77712  -0.36921  -0.72887
   0.77712  -0.12979  -0.48945
   0.77712  -0.12979  -0.72887
   0.77712  -0.12979  -0.72887
   0.53770   0.10963  -0.48945
   0.53770   0.10963  -0.48945
   0.53770   0.10963  -0.48945
   0.53770   0.10963  -0.48945
   0.29828   0.10963  -0.48945
   0.29828  -0.12979  -0.48945
   0.29828   0.10963  -0.48945
   0.29828   0.10963  -0.48945
   0.29828   0.34905  -0.48945
   0.05886   0.34905  -0.48945
   0.05886   0.34905  -0.48945
   0.05886   0.34905  -0.48945
  -0.18056   0.58847  -0.48945
   0.05886   0.58847  -0.48945
  -0.18056   0.34905  -0.48945
  -0.18056   0.34905  -0.25003
  -0.41998   0.34905  -0.48945
  -0.18056   0.34905  -0.48945
  -0.41998   0.10963  -0.48945
  -0.41998   0.10963  -0.48945
  -0.41998   0.34905  -0.48945
  -0.41998   0.34905  -0.48945
  -0.41998   0.34905  -0.48945
  -0.41998   0.10963  -0.48945
  -0.65940   0.10963  -0.48945
  -0.65940   0.10963  -0.48945
  -0.65940   0.10963  -0.48945
  -0.65940   0.10963  -0.48945
  -0.65940  -0.12979  -0.48945
  -0.65940   0.10963  -0.25003
  -0.65940  -0.12979  -0.25003
  -0.89882  -0.36921  -0.25003
  -0.89882  -0.36921  -0.48945
  -0.89882  -0.36921  -0.25003
  -0.89882  -0.36921  -0.25003
  -0.89882  -0.12979  -0.25003
  -0.89882  -0.36921  -0.25003
  -0.89882  -0.36921  -0.25003
  -1.13824  -0.12979  -0.01061
  -0.89882  -0.12979  -0.25003
  -0.89882  -0.36921  -0.01061
  -0.89882  -0.12979  -0.01061
  -0.89882  -0.36921  -0.01061
  -0.89882  -0.12979  -0.01061
  -0.89882  -0.12979  -0.01061
  -0.65940  -0.12979   0.22881
  -0.65940  -0.12979   0.22881
  -0.65940  -0.12979   0.22881
  -0.65940  -0.36921   0.22881
  -0.65940  -0.12979   0.22881
  -0.65940  -0.12979   0.22881
  -0.65940  -0.12979   0.46823
  -0.41998   0.10963   0.22881
  -0.41998   0.34905   0.46823
  -0.41998   0.34905   0.46823
  -0.41998   0.10963   0.22881
  -0.65940   0.10963   0.46823
  -0.41998   0.10963   0.46823
  -0.41998   0.10963   0.70765
  -0.41998   0.34905   0.70765
  -0.41998   0.34905   0.70765
  -0.41998   0.34905   0.94707
  -0.41998   0.34905   0.70765
  -0.41998   0.58847   0.70765
  -0.41998   0.34905   0.70765
  -0.41998   0.34905   0.70765
  -0.41998   0.34905   0.94707
  -0.18056   0.58847   0.94707
  -0.18056   0.58847   0.94707
  -0.18056   0.58847   1.18649
   0.05886   0.58847   1.18649
   0.05886   0.58847   1.18649
   0.05886   0.58847   1.18649
   0.05886   0.58847   1.18649
   0.05886   0.58847   1.18649
   0.05886   0.58847   1.18649
   0.29828   0.58847   1.18649
   0.29828   0.34905   1.18649
   0.29828   0.34905   1.18649
   0.29828   0.34905   1.18649
   0.53770   0.34905   1.18649
   0.53770   0.34905   1.18649
   0.29828   0.34905   1.18649
   0.53770   0.10963   1.18649
   0.53770   0.10963   1.18649
   0.53770   0.10963   0.94707
   0.53770   0.10963   0.94707
   0.53770   0.10963   0.70765
   0.53770   0.10963   0.70765
   0.53770  -0.12979   0.94707
   0.29828   0.10963   0.70765
   0.53770   0.10963   0.70765
   0.53770  -0.12979   0.70765
   0.53770  -0.12979   0.46823
   0.29828   0.10963   0.70765
   0.29828  -0.12979   0.70765
   0.29828   0.10963   0.46823
   0.29828  -0.12979   0.46823
   0.29828   0.10963   0.46823
   0.29828  -0.12979   0.22881
   0.29828  -0.12979   0.22881
   0.29828  -0.12979   0.46823
   0.29828  -0.12979   0.46823
   0.29828  -0.12979   0.22881
   0.29828  -0.12979   0.22881
   0.29828  -0.12979   0.22881
   0.29828  -0.12979   0.22881
   0.29828  -0.12979   0.46823
   0.29828  -0.12979   0.46823
   0.29828  -0.12979   0.22881
   0.29828  -0.12979   0.22881
   0.29828  -0.12979   0.22881
   0.29828  -0.12979   0.46823
   0.29828  -0.12979   0.46823
   0.29828  -0.12979   0.22881
   0.29828  -0.12979   0.22881
   0.53770  -0.12979   0.46823
   0.29828  -0.36921   0.22881
   0.29828  -0.36921   0.22881
   0.29828  -0.36921   0.22881
   0.29828  -0.36921   0.22881
   0.29828  -0.36921   0.22881
   0.05886  -0.36921   0.22881
   0.05886  -0.36921   0.22881
   0.05886  -0.36921   0.22881
  -0.18056  -0.36921  -0.01061
  -0.18056  -0.12979   0.22881
  -0.18056  -0.36921  -0.01061
  -0.41998  -0.36921  -0.01061
  -0.18056  -0.36921  -0.01061
  -0.41998  -0.36921  -0.01061
  -0.41998  -0.36921  -0.01061
  -0.41998  -0.36921  -0.01061
  -0.18056  -0.36921  -0.01061
  -0.41998  -0.36921  -0.01061
  -0.41998  -0.36921  -0.01061
  -0.41998  -0.36921  -0.25003
  -0.41998  -0.36921  -0.25003
  -0.41998  -0.36921  -0.25003
  -0.41998  -0.36921  -0.25003
  -0.41998  -0.36921  -0.25003
  -0.41998  -0.36921  -0.01061
  -0.41998  -0.12979  -0.25003
  -0.18056  -0.36921  -0.25003
  -0.18056  -0.36921  -0.25003
  -0.18056  -0.36921  -0.48945
  -0.18056  -0.36921  -0.48945
  -0.18056  -0.36921  -0.48945
   0.05886  -0.36921  -0.48945
   0.05886  -0.12979  -0.48945
   0.05886  -0.12979  -0.48945
   0.05886  -0.12979  -0.48945
   0.05886  -0.12979  -0.72887
   0.05886  -0.12979  -0.72887
   0.05886  -0.36921  -0.72887
   0.29828  -0.36921  -0.72887
   0.29828  -0.36921  -0.72887
   0.29828  -0.36921  -0.48945
   0.29828  -0.36921  -0.72887
   0.29828  -0.36921  -0.72887
   0.53770  -0.12979  -0.72887
   0.29828  -0.36921  -0.72887
   0.53770  -0.12979  -0.72887
   0.53770  -0.12979  -0.72887
   0.77712  -0.12979  -0.72887
   0.53770  -0.12979  -0.72887
   0.53770  -0.12979  -0.48945
   0.77712  -0.12979  -0.48945
   0.53770   0.10963  -0.48945
   0.77712  -0.12979  -0.48945
   0.53770  -0.12979  -0.48945
   0.77712   0.10963  -0.25003
   0.53770   0.10963  -0.48945
   0.77712   0.10963  -0.25003
   0.77712   0.10963  -0.48945
   0.53770   0.10963  -0.25003
   0.53770   0.10963  -0.25003
   0.53770   0.34905  -0.25003
   0.53770   0.34905  -0.01061
   0.53770   0.34905  -0.25003
   0.53770   0.34905  -0.01061
   0.53770   0.34905  -0.01061
   0.29828   0.34905   0.22881
   0.29828   0.34905  -0.01061
   0.29828   0.34905   0.22881
   0.29828   0.34905   0.22881
   0.05886   0.34905   0.46823
   0.05886   0.34905   0.22881
   0.05886   0.34905   0.22881
  -0.18056   0.34905   0.22881
  -0.18056   0.10963   0.46823
  -0.18056   0.10963   0.46823
  -0.41998   0.34905   0.46823
  -0.18056   0.10963   0.22881
  -0.18056   0.34905   0.46823
  -0.18056   0.34905   0.22881
  -0.18056   0.34905   0.22881
  -0.41998   0.34905   0.22881
  -0.41998   0.34905   0.22881
  -0.41998   0.10963   0.22881
  -0.41998   0.10963  -0.01061
  -0.41998   0.10963   0.22881
  -0.41998   0.34905   0.22881
  -0.41998   0.34905   0.22881
  -0.41998   0.10963   0.22881
  -0.41998   0.34905   0.22881
  -0.41998   0.34905  -0.01061
  -0.18056   0.34905   0.22881
  -0.18056   0.34905   0.22881
  -0.18056   0.34905  -0.01061
  -0.41998   0.10963  -0.01061
  -0.18056   0.10963  -0.01061
  -0.18056   0.10963  -0.25003
   0.05886   0.10963  -0.25003
  -0.18056   0.34905  -0.25003
  -0.18056   0.34905  -0.01061
  -0.18056   0.34905  -0.25003
  -0.18056   0.34905  -0.48945
   0.05886   0.34905  -0.25003
  -0.18056   0.34905  -0.25003
   0.05886   0.10963  -0.25003
   0.05886   0.10963  -0.25003
   0.05886   0.10963  -0.48945
  -0.18056   0.34905  -0.48945
   0.05886   0.10963  -0.48945
   0.05886   0.10963  -0.48945
  -0.18056   0.10963  -0.48945
   0.05886   0.10963  -0.48945
   0.05886   0.10963  -0.48945
  -0.18056  -0.12979  -0.48945
   0.05886  -0.12979  -0.72887
   0.05886  -0.12979  -0.96829
   0.05886  -0.12979  -0.96829
   0.05886  -0.12979  -0.96829
  -0.18056  -0.12979  -0.96829
   0.05886  -0.36921  -0.96829
  -0.18056  -0.12979  -0.96829
  -0.18056  -0.12979  -1.20771
  -0.18056  -0.12979  -1.20771
  -0.18056  -0.12979  -1.20771
  -0.18056  -0.12979  -1.44713
  -0.18056  -0.12979  -1.20771
  -0.41998  -0.36921  -1.20771
  -0.18056  -0.12979  -1.44713
  -0.18056  -0.12979  -1.20771
  -0.41998   0.10963  -1.20771
  -0.18056   0.10963  -1.44713
  -0.41998   0.10963  -1.20771
  -0.41998   0.34905  -1.20771
  -0.41998   0.10963  -0.96829
  -0.41998   0.10963  -0.96829
  -0.41998   0.10963  -0.96829
  -0.41998   0.34905  -0.96829
  -0.18056   0.34905  -0.72887
  -0.41998   0.34905  -0.72887
  -0.41998   0.34905  -0.72887
  -0.41998   0.10963  -0.72887
  -0.41998   0.34905  -0.48945
  -0.41998   0.10963  -0.48945
  -0.41998   0.10963  -0.48945
  -0.41998   0.10963  -0.48945
  -0.18056   0.10963  -0.25003
  -0.41998   0.10963  -0.25003
  -0.41998   0.10963  -0.25003
  -0.18056   0.10963  -0.01061
  -0.18056  -0.12979  -0.01061
  -0.18056  -0.12979   0.22881
  -0.18056  -0.36921  -0.01061
  -0.18056  -0.12979   0.22881
  -0.41998  -0.12979   0.46823
  -0.41998  -0.12979   0.46823
   0.05886  -0.36921   0.46823
  -0.41998  -0.12979   0.70765
  -0.18056  -0.36921   0.46823
  -0.18056  -0.36921   0.46823
  -0.18056  -0.36921   0.46823
  -0.18056  -0.60863   0.46823
  -0.18056  -0.60863   0.70765
  -0.41998  -0.60863   0.70765
  -0.41998  -0.60863   0.70765
  -0.18056  -0.36921   0.70765
  -0.41998  -0.36921   0.94707
  -0.41998  -0.36921   0.70765
  -0.41998  -0.36921   0.94707
  -0.41998  -0.36921   0.70765
  -0.18056  -0.36921   0.70765
  -0.18056  -0.60863   0.70765
  -0.41998  -0.36921   0.70765
  -0.41998  -0.60863   0.70765
  -0.41998  -0.36921   0.70765
  -0.41998  -0.60863   0.94707
  -0.41998  -0.60863   0.70765
  -0.41998  -0.60863   0.70765
  -0.18056  -0.60863   0.94707
  -0.41998  -0.60863   0.70765
  -0.41998  -0.36921   0.70765
  -0.41998  -0.12979   0.70765
  -0.41998  -0.12979   0.94707
  -0.18056  -0.12979   0.94707
  -0.18056  -0.12979   0.70765
  -0.18056  -0.12979   0.70765
  -0.18056  -0.12979   0.94707
  -0.18056   0.10963   0.70765
   0.05886   0.10963   0.94707
   0.05886   0.10963   0.70765
  -0.18056   0.34905   0.70765
   0.05886   0.34905   0.70765
  -0.18056   0.58847   0.94707
   0.05886   0.34905   0.70765
   0.05886   0.58847   0.70765
   0.05886   0.82789   0.94707
   0.05886   0.58847   0.70765
   0.05886   0.58847   0.70765
   0.05886   0.58847   0.70765
   0.29828   0.58847   0.94707
   0.29828   0.58847   0.70765
   0.29828   0.58847   0.94707
   0.29828   0.82789   0.70765
   0.29828   0.58847   0.94707
   0.53770   0.58847   0.70765
   0.29828   0.58847   0.70765
   0.53770   0.34905   0.70765
   0.53770   0.58847   0.70765
   0.53770   0.34905   0.70765
   0.53770   0.34905   0.70765
   0.77712   0.34905   0.70765
   0.77712   0.34905   0.70765
   1.01654   0.34905   0.46823
   0.77712   0.10963   0.46823
   0.77712   0.34905   0.46823
   1.01654   0.10963   0.46823
   0.77712   0.10963   0.46823
   1.01654   0.10963   0.22881
   0.77712   0.10963  -0.01061
   0.77712  -0.12979   0.22881
   0.77712  -0.12979   0.22881
   0.77712  -0.12979  -0.01061
   0.77712  -0.12979  -0.01061
   0.77712  -0.12979  -0.25003
   0.53770  -0.12979  -0.25003
   0.53770  -0.12979  -0.25003
   0.53770   0.10963  -0.25003
   0.53770  -0.12979  -0.48945
   0.53770   0.10963  -0.48945
   0.53770   0.10963  -0.48945
   0.53770   0.10963  -0.48945
   0.29828   0.10963  -0.72887
   0.29828   0.10963  -0.72887
   0.29828   0.10963  -0.72887
   0.29828   0.10963  -0.48945
   0.29828   0.10963  -0.72887
   0.29828  -0.12979  -0.72887
   0.05886  -0.12979  -0.72887
   0.29828   0.10963  -0.72887
   0.29828  -0.12979  -0.72887
   0.05886  -0.12979  -0.96829
   0.05886  -0.12979  -0.72887
   0.05886  -0.12979  -0.72887
   0.05886  -0.12979  -0.72887
   0.05886  -0.12979  -0.72887
   0.05886  -0.36921  -0.72887
   0.05886  -0.36921  -0.72887
  -0.18056  -0.36921  -0.72887
  -0.18056  -0.36921  -0.48945
  -0.18056  -0.36921  -0.48945
  -0.18056  -0.60863  -0.48945
  -0.18056  -0.36921  -0.48945
  -0.18056  -0.60863  -0.48945
  -0.41998  -0.36921  -0.25003
  -0.18056  -0.36921  -0.25003
  -0.41998  -0.36921  -0.01061
  -0.18056  -0.36921  -0.25003
  -0.41998  -0.36921  -0.01061
  -0.18056  -0.36921  -0.01061
  -0.18056  -0.36921  -0.25003
  -0.18056  -0.36921  -0.01061
  -0.41998  -0.36921   0.22881
  -0.18056  -0.60863  -0.01061
  -0.18056  -0.36921   0.22881
  -0.18056  -0.36921   0.22881
   0.05886  -0.36921   0.22881
  -0.18056  -0.36921   0.22881
   0.05886  -0.36921   0.22881
   0.05886  -0.12979   0.22881
   0.05886  -0.36921   0.22881
   0.05886  -0.36921   0.46823
  -0.18056  -0.36921   0.46823
   0.05886  -0.36921   0.46823
   0.05886  -0.36921   0.46823
   0.05886  -0.60863   0.22881
   0.05886  -0.36921   0.46823
   0.05886  -0.36921   0.46823
   0.05886  -0.36921   0.46823
   0.05886  -0.36921   0.22881
   0.05886  -0.36921  -0.01061
   0.05886  -0.12979   0.22881
   0.05886  -0.36921   0.22881
   0.05886  -0.36921  -0.01061
   0.05886  -0.36921  -0.01061
   0.05886  -0.36921  -0.01061
   0.05886  -0.36921  -0.01061
   0.05886  -0.12979  -0.01061
   0.05886  -0.12979  -0.25003
   0.05886  -0.12979  -0.01061
   0.05886  -0.12979  -0.25003
   0.05886   0.10963  -0.01061
   0.05886  -0.12979  -0.01061
  -0.18056  -0.12979  -0.25003
  -0.18056   0.10963  -0.01061
  -0.18056   0.10963  -0.01061
  -0.18056   0.10963  -0.25003
  -0.18056   0.10963  -0.01061
  -0.41998   0.10963  -0.01061
  -0.18056   0.10963  -0.01061
  -0.41998   0.10963  -0.01061
  -0.18056   0.34905  -0.01061
  -0.18056   0.34905  -0.01061
  -0.41998   0.34905   0.22881
  -0.41998   0.34905   0.46823
  -0.18056   0.34905   0.46823
  -0.41998   0.34905   0.46823
  -0.41998   0.34905   0.46823
  -0.41998   0.58847   0.46823
  -0.18056   0.58847   0.46823
  -0.18056   0.58847   0.46823
  -0.41998   0.58847   0.46823
  -0.41998   0.82789   0.70765
  -0.41998   0.82789   0.70765
  -0.41998   0.82789   0.70765
  -0.18056   0.82789   0.46823
  -0.41998   0.82789   0.70765
  -0.18056   0.82789   0.46823
  -0.41998   0.82789   0.70765
  -0.41998   0.82789   0.70765
  -0.18056   0.82789   0.46823
  -0.18056   0.82789   0.70765
  -0.18056   0.82789   0.46823
   0.05886   0.82789   0.46823
   0.05886   0.58847   0.22881
   0.05886   0.58847   0.46823
  -0.18056   0.58847   0.46823
   0.05886   0.58847   0.22881
   0.05886   0.58847   0.22881
   0.05886   0.58847  -0.01061
   0.29828   0.58847  -0.01061
   0.29828   0.34905  -0.01061
   0.29828   0.34905  -0.01061
   0.29828   0.34905  -0.25003
   0.53770   0.34905  -0.01061
   0.53770   0.10963  -0.25003
   0.53770   0.10963  -0.25003
   0.53770   0.10963  -0.48945
   0.53770   0.10963  -0.48945
   0.53770   0.10963  -0.48945
   0.53770  -0.12979  -0.72887
   0.53770  -0.12979  -0.48945
   0.29828  -0.36921  -0.48945
   0.53770  -0.36921  -0.72887
   0.29828  -0.36921  -0.48945
   0.29828  -0.36921  -0.48945
   0.29828  -0.36921  -0.72887
   0.29828  -0.36921  -0.72887
   0.29828  -0.60863  -0.72887
   0.29828  -0.36921  -0.96829
   0.29828  -0.36921  -0.72887
   0.29828  -0.60863  -0.72887
   0.29828  -0.60863  -0.72887
   0.29828  -0.36921  -0.48945
   0.29828  -0.36921  -0.48945
   0.29828  -0.60863  -0.48945
   0.29828  -0.36921  -0.72887
   0.05886  -0.36921  -0.72887
   0.05886  -0.36921  -0.72887
   0.05886  -0.12979  -0.72887
   0.05886  -0.36921  -0.48945
   0.05886  -0.12979  -0.48945
   0.05886  -0.12979  -0.48945
   0.05886  -0.12979  -0.72887
  -0.18056  -0.12979  -0.48945
   0.05886  -0.12979  -0.48945
  -0.18056  -0.12979  -0.25003
   0.05886  -0.36921  -0.48945
   0.05886  -0.12979  -0.25003
   0.05886  -0.12979  -0.25003
   0.05886  -0.12979  -0.48945
  -0.18056  -0.36921  -0.25003
   0.05886  -0.12979  -0.01061
  -0.18056  -0.12979  -0.01061
  -0.18056  -0.12979  -0.25003
   0.05886  -0.12979  -0.25003
   0.05886  -0.12979  -0.01061
   0.05886  -0.36921  -0.01061
   0.05886  -0.36921  -0.25003
   0.05886  -0.36921  -0.25003
   0.05886  -0.36921  -0.25003
   0.05886  -0.36921  -0.25003
   0.05886  -0.36921  -0.25003
  -0.18056  -0.36921  -0.25003
   0.05886  -0.36921  -0.48945
   0.05886  -0.12979  -0.25003
   0.05886  -0.12979  -0.25003
   0.05886  -0.36921  -0.48945
   0.05886  -0.12979  -0.48945
   0.05886  -0.12979  -0.48945
   0.05886  -0.12979  -0.48945
   0.05886   0.10963  -0.48945
   0.05886  -0.12979  -0.48945
   0.05886  -0.12979  -0.48945
   0.05886  -0.12979  -0.48945
   0.05886   0.10963  -0.48945
   0.05886   0.10963  -0.25003
  -0.18056   0.10963  -0.25003
   0.05886   0.10963  -0.48945
  -0.18056   0.10963  -0.25003
  -0.18056   0.34905  -0.25003
  -0.18056   0.10963  -0.01061
  -0.18056   0.10963   0.22881
  -0.18056   0.10963  -0.01061
  -0.18056   0.10963  -0.01061
  -0.18056   0.10963  -0.01061
  -0.41998   0.10963   0.22881
  -0.18056   0.10963   0.22881
  -0.41998   0.10963  -0.01061
  -0.41998   0.34905   0.22881
  -0.41998   0.34905   0.22881
  -0.41998   0.34905   0.22881
  -0.41998   0.10963  -0.01061
  -0.41998   0.34905   0.22881
  -0.41998   0.10963  -0.01061
  -0.65940   0.34905  -0.01061
  -0.65940   0.34905   0.22881
  -0.41998   0.34905  -0.01061
  -0.41998   0.34905   0.22881
  -0.65940   0.34905  -0.01061
  -0.65940   0.10963  -0.01061
  -0.65940   0.10963  -0.01061
  -0.65940   0.34905   0.22881
  -0.65940   0.34905  -0.01061
  -0.89882   0.34905   0.22881
  -0.89882   0.10963  -0.01061
  -0.65940   0.34905   0.22881
  -0.65940   0.34905  -0.01061
  -0.89882   0.34905   0.46823
  -0.89882   0.34905   0.22881
  -0.89882   0.34905   0.46823
  -0.89882   0.10963   0.46823
  -0.89882   0.10963   0.22881
  -0.89882   0.34905   0.46823
  -0.89882   0.34905   0.46823
  -0.89882   0.34905   0.46823
  -0.89882   0.10963   0.46823
  -0.89882   0.34905   0.46823
  -0.65940   0.34905   0.46823
  -0.89882   0.10963   0.46823
  -0.89882   0.10963   0.46823
  -0.89882   0.34905   0.46823
  -0.65940   0.10963   0.46823
  -0.65940   0.10963   0.70765
  -0.65940   0.10963   0.46823
  -0.41998   0.10963   0.46823
  -0.65940  -0.12979   0.46823
  -0.41998  -0.12979   0.46823
  -0.65940   0.10963   0.70765
  -0.41998   0.10963   0.46823
  -0.18056  -0.12979   0.70765
  -0.18056  -0.12979   0.46823
  -0.18056  -0.12979   0.46823
   0.05886  -0.12979   0.46823
  -0.18056   0.10963   0.46823
   0.05886  -0.12979   0.46823
   0.05886  -0.12979   0.46823
   0.05886  -0.12979   0.46823
   0.29828  -0.36921   0.46823
   0.29828  -0.36921   0.46823
   0.29828  -0.12979   0.46823
   0.53770  -0.12979   0.46823
   0.53770  -0.12979   0.22881
   0.77712  -0.12979   0.46823
   0.77712  -0.12979   0.46823
   0.77712  -0.12979   0.46823
   0.77712  -0.36921   0.46823
   1.01654  -0.12979   0.46823
   1.01654  -0.12979   0.46823
   1.01654  -0.12979   0.46823
   1.01654  -0.12979   0.46823
   1.25596  -0.12979   0.46823
   1.01654  -0.36921   0.46823
   1.25596  -0.12979   0.46823
   1.25596  -0.12979   0.46823
   1.25596  -0.12979   0.22881
   1.25596  -0.36921   0.22881
   1.01654  -0.36921   0.22881
   1.25596  -0.12979   0.46823
   1.01654  -0.36921   0.22881
   1.01654  -0.36921   0.22881
   1.01654  -0.36921   0.22881
   1.01654  -0.12979   0.22881
   1.01654  -0.12979   0.22881
   0.77712  -0.12979  -0.01061
   0.77712  -0.12979  -0.01061
   0.53770  -0.36921  -0.01061
   0.53770  -0.36921  -0.01061
   0.77712  -0.12979  -0.25003
   0.53770  -0.12979  -0.01061
   0.53770  -0.12979  -0.01061
   0.29828  -0.12979  -0.01061
   0.29828  -0.12979  -0.01061
   0.29828  -0.12979  -0.01061
   0.29828  -0.12979  -0.01061
   0.29828  -0.12979  -0.25003
   0.29828  -0.12979  -0.01061
   0.29828  -0.12979  -0.01061
   0.05886   0.10963  -0.01061
   0.29828   0.10963  -0.01061
   0.05886   0.10963  -0.01061
   0.29828   0.10963  -0.01061
   0.29828   0.10963  -0.01061
   0.05886   0.10963  -0.01061
   0.05886   0.10963   0.22881
   0.05886   0.10963  -0.01061
   0.05886   0.10963  -0.01061
   0.05886  -0.12979  -0.01061
   0.05886  -0.12979  -0.01061
   0.29828  -0.12979  -0.01061
   0.05886  -0.36921  -0.01061
   0.29828  -0.36921  -0.01061
   0.05886  -0.12979   0.22881
   0.29828  -0.12979  -0.01061
   0.29828  -0.36921  -0.01061
   0.05886  -0.36921  -0.01061
   0.29828  -0.36921  -0.01061
   0.29828  -0.36921  -0.01061
   0.29828  -0.36921  -0.01061
   0.29828  -0.36921  -0.01061
   0.05886  -0.36921  -0.25003
   0.05886  -0.36921  -0.25003
   0.05886  -0.36921  -0.25003
   0.05886  -0.12979  -0.01061
  -0.18056  -0.12979  -0.25003
  -0.18056  -0.36921  -0.25003
  -0.41998  -0.36921  -0.25003
  -0.41998  -0.36921  -0.25003
  -0.41998  -0.12979  -0.25003
  -0.65940  -0.36921  -0.48945
  -0.65940  -0.12979  -0.25003
  -0.65940  -0.12979  -0.25003
  -0.65940  -0.12979  -0.25003
  -0.65940  -0.12979  -0.48945
  -0.89882   0.10963  -0.25003
  -0.89882   0.10963  -0.48945
  -0.89882   0.10963  -0.48945
  -0.89882   0.34905  -0.48945
  -0.89882   0.10963  -0.48945
  -1.13824   0.10963  -0.48945
  -0.89882   0.10963  -0.72887
  -0.89882   0.34905  -0.72887
  -0.89882   0.34905  -0.72887
  -0.89882   0.34905  -0.72887
  -0.89882   0.34905  -0.72887
  -0.89882   0.34905  -0.72887
  -0.89882   0.34905  -0.96829
  -0.89882   0.34905  -0.72887
  -0.65940   0.34905  -0.96829
  -0.89882   0.58847  -0.96829
  -0.65940   0.34905  -0.96829
  -0.65940   0.34905  -0.72887
  -0.65940   0.34905  -0.72887
  -0.41998   0.34905  -0.72887
  -0.41998   0.34905  -0.96829
  -0.41998   0.10963  -0.48945
  -0.18056   0.10963  -0.72887
  -0.18056  -0.12979  -0.72887
   0.05886  -0.12979  -0.48945
   0.05886   0.10963  -0.48945
   0.05886   0.10963  -0.25003
   0.05886   0.10963  -0.48945
   0.29828   0.10963  -0.25003
   0.29828   0.10963  -0.01061
   0.53770   0.10963  -0.25003
   0.53770   0.10963  -0.25003
   0.53770   0.10963  -0.01061
   0.53770   0.10963  -0.01061
   0.77712   0.34905  -0.01061
   0.77712   0.10963   0.46823
   0.77712   0.10963   0.46823
   0.77712   0.10963   0.46823
   0.77712   0.10963   0.46823
   1.01654   0.10963   0.22881
   0.77712   0.10963   0.46823
   1.01654   0.34905   0.46823
   1.01654   0.34905   0.22881
   1.01654   0.34905   0.46823
   1.01654   0.34905   0.46823
   1.01654   0.34905   0.46823
   1.01654   0.34905   0.46823
   1.01654   0.34905   0.46823
   1.01654   0.34905   0.46823
   0.77712   0.58847   0.46823
   0.77712   0.34905   0.22881
   1.01654   0.34905   0.46823
   0.77712   0.34905   0.46823
   0.77712   0.34905   0.46823
   0.77712   0.10963   0.46823
   0.77712   0.34905   0.70765
   0.77712   0.34905   0.46823
   0.77712   0.10963   0.46823
   0.77712   0.10963   0.22881
   0.77712   0.34905   0.70765
   0.77712   0.34905   0.46823
   0.53770   0.10963   0.22881
   0.77712   0.34905   0.46823
   0.53770   0.10963   0.22881
   0.53770   0.10963   0.22881
   0.53770   0.10963   0.22881
   0.53770  -0.12979   0.22881
   0.53770  -0.12979   0.22881
   0.53770  -0.12979   0.22881
   0.29828  -0.12979   0.22881
   0.29828   0.10963   0.22881
   0.29828   0.10963   0.22881
   0.05886  -0.12979   0.22881
   0.05886  -0.12979  -0.01061
   0.05886  -0.12979  -0.01061
   0.05886  -0.36921  -0.01061
  -0.41998  -0.36921  -0.01061
  -0.18056  -0.36921  -0.01061
  -0.18056  -0.60863  -0.25003
  -0.41998  -0.60863  -0.25003
  -0.41998  -0.36921  -0.25003
  -0.41998  -0.36921  -0.01061
  -0.65940  -0.36921  -0.25003
  -0.65940  -0.36921  -0.25003
  -0.65940  -0.36921  -0.25003
  -0.89882  -0.36921  -0.25003
  -0.89882  -0.36921  -0.48945
  -1.13824  -0.36921  -0.25003
  -0.89882  -0.36921  -0.25003
  -0.89882  -0.36921  -0.48945
  -0.89882  -0.36921  -0.25003
  -1.13824  -0.36921  -0.48945
  -1.13824  -0.12979  -0.25003
  -1.13824  -0.36921  -0.48945
  -1.13824  -0.36921  -0.48945
  -1.13824  -0.36921  -0.48945
  -1.37766  -0.36921  -0.72887
  -1.37766  -0.36921  -0.48945
  -1.37766  -0.36921  -0.48945
  -1.37766  -0.36921  -0.48945
  -1.37766  -0.36921  -0.48945
  -1.37766  -0.36921  -0.25003
  -1.37766  -0.36921  -0.48945
  -1.37766  -0.36921  -0.48945
  -1.37766  -0.12979  -0.48945
  -1.37766  -0.12979  -0.25003
  -1.37766  -0.36921  -0.25003
  -1.37766  -0.12979  -0.25003
  -1.37766  -0.12979  -0.25003
  -1.37766  -0.12979  -0.25003
  -1.37766  -0.12979  -0.01061
  -1.37766   0.10963  -0.25003
  -1.37766  -0.12979  -0.25003
  -1.37766   0.10963  -0.01061
  -1.13824   0.10963  -0.01061
  -1.13824   0.10963  -0.01061
  -0.89882   0.10963  -0.01061
  -1.13824   0.10963  -0.01061
  -0.65940   0.10963  -0.01061
  -0.65940   0.10963  -0.01061
  -0.65940   0.10963  -0.25003
  -0.65940   0.10963   0.22881
  -0.18056  -0.12979  -0.01061
  -0.18056  -0.12979  -0.01061
   0.05886  -0.12979  -0.01061
   0.05886  -0.12979  -0.01061
   0.29828   0.10963  -0.01061
   0.53770  -0.12979  -0.01061
   0.53770   0.10963  -0.01061
   0.77712   0.10963   0.22881
   0.77712   0.10963  -0.01061
   1.01654  -0.12979  -0.01061
   1.01654  -0.12979   0.22881
   1.01654   0.10963   0.22881
   1.25596   0.10963   0.22881
   1.25596   0.10963   0.22881
   1.25596   0.34905   0.22881
   1.49538   0.34905   0.22881
   1.25596   0.34905   0.22881
   1.49538   0.10963   0.22881
   1.49538   0.34905   0.22881
   1.73480   0.34905   0.22881
   1.73480   0.34905   0.22881
   1.73480   0.34905   0.22881
   1.73480   0.34905  -0.01061
   1.73480   0.34905  -0.01061
   1.73480   0.34905   0.22881
   1.73480   0.34905  -0.01061
   1.97422   0.34905  -0.25003
   1.73480   0.34905  -0.01061
   1.97422   0.34905  -0.01061
   1.73480   0.34905  -0.01061
   1.97422   0.34905  -0.01061
   1.97422   0.34905  -0.01061
   1.97422   0.10963   0.22881
   1.73480   0.34905   0.22881
   1.73480   0.34905   0.22881
   1.73480   0.34905   0.22881
   1.49538   0.34905   0.46823
   1.49538   0.10963   0.46823
   1.73480   0.10963   0.46823
   1.49538   0.34905   0.46823
   1.25596   0.34905   0.46823
   1.25596   0.34905   0.46823
   1.25596   0.10963   0.22881
   1.01654   0.10963   0.46823
   1.01654   0.10963   0.46823
   1.01654   0.10963   0.22881
   0.53770  -0.12979   0.22881
   0.77712  -0.12979   0.46823
   0.53770  -0.12979   0.22881
   0.29828  -0.12979   0.46823
   0.05886  -0.36921   0.22881
   0.05886  -0.12979   0.22881
  -0.18056  -0.36921   0.22881
  -0.18056  -0.36921   0.22881
  -0.41998  -0.36921   0.22881
  -0.65940  -0.36921   0.22881
  -0.65940  -0.36921   0.22881
  -0.89882  -0.36921  -0.01061
  -0.89882  -0.36921  -0.01061
  -1.13824  -0.36921  -0.01061
  -0.89882  -0.36921  -0.01061
  -1.13824  -0.36921  -0.01061
  -1.13824  -0.36921  -0.25003
  -1.37766  -0.36921  -0.01061
  -1.13824  -0.36921  -0.25003
  -1.37766  -0.36921  -0.25003
  -1.61708  -0.36921  -0.25003
  -1.61708  -0.36921  -0.25003
  -1.61708  -0.36921  -0.25003
  -1.61708  -0.36921  -0.25003
  -1.61708  -0.12979  -0.25003
  -1.61708  -0.12979  -0.48945
  -1.61708   0.10963  -0.48945
  -1.61708  -0.12979  -0.25003
  -1.61708  -0.12979  -0.48945
  -1.61708  -0.12979  -0.48945
  -1.61708   0.10963  -0.48945
  -1.61708   0.10963  -0.48945
  -1.61708   0.10963  -0.25003
  -1.37766   0.10963  -0.25003
  -1.37766   0.10963  -0.25003
  -1.61708   0.10963  -0.25003
  -1.37766   0.10963  -0.25003
  -1.37766   0.10963  -0.25003
  -1.37766   0.34905  -0.25003
  -1.37766   0.34905  -0.25003
  -1.13824   0.34905  -0.25003
  -1.13824   0.34905  -0.01061
  -1.13824   0.34905  -0.25003
  -1.13824   0.34905  -0.01061
  -1.13824   0.34905  -0.01061
  -1.13824   0.34905  -0.01061
  -0.89882   0.34905  -0.01061
  -0.89882   0.34905  -0.01061
  -0.89882   0.10963   0.22881
  -0.89882   0.34905   0.22881
  -0.89882   0.10963   0.22881
  -0.65940   0.10963   0.46823
  -0.65940   0.10963   0.46823
  -0.65940   0.10963   0.46823
  -0.41998  -0.12979   0.46823
  -0.65940   0.10963   0.46823
  -0.18056  -0.12979   0.46823
  -0.41998  -0.12979   0.46823
  -0.18056  -0.12979   0.70765
  -0.18056   0.10963   0.46823
   0.05886  -0.12979   0.46823
   0.29828  -0.12979   0.22881
   0.05886  -0.12979   0.46823
   0.29828  -0.12979   0.70765
   0.53770  -0.12979   0.46823
   0.53770  -0.12979   0.70765
   0.53770  -0.12979   0.46823
   0.53770  -0.12979   0.46823
   0.53770  -0.12979   0.46823
   0.77712  -0.12979   0.22881
   0.53770  -0.12979   0.46823
   0.77712  -0.12979   0.22881
   0.77712  -0.12979   0.22881
   0.77712  -0.12979   0.46823
   0.77712  -0.12979   0.22881
   0.77712  -0.12979   0.22881
   1.01654  -0.12979   0.22881
   1.01654  -0.12979   0.22881
   0.77712  -0.12979   0.22881
   1.01654  -0.12979   0.22881
   1.01654  -0.12979   0.22881
   1.01654  -0.12979   0.22881
   0.77712  -0.12979   0.22881
   0.77712  -0.36921   0.22881
   0.77712  -0.12979   0.22881
   0.77712  -0.36921   0.22881
   0.77712  -0.12979   0.22881
   0.77712  -0.12979   0.22881
   0.77712  -0.12979   0.22881
   0.77712  -0.12979   0.22881
   0.77712  -0.12979   0.22881
   0.77712  -0.12979   0.22881
   0.53770  -0.12979   0.46823
   0.77712  -0.12979   0.22881
   0.77712  -0.12979  -0.01061
   0.77712  -0.12979   0.22881
   0.53770   0.10963   0.22881
   0.53770  -0.12979  -0.01061
   0.53770  -0.12979   0.22881
   0.53770   0.10963   0.46823
   0.53770  -0.12979   0.22881
   0.29828   0.10963   0.22881
   0.29828   0.10963   0.22881
   0.29828   0.10963   0.22881
   0.29828   0.10963   0.22881
   0.29828   0.10963   0.22881
   0.05886   0.10963   0.22881
   0.05886   0.10963   0.22881
   0.05886   0.10963   0.22881
   0.05886   0.34905   0.22881
  -0.18056   0.10963   0.22881
   0.05886   0.10963  -0.01061
   0.05886   0.34905  -0.01061
  -0.18056   0.34905  -0.01061
  -0.18056   0.34905  -0.01061
  -0.18056   0.34905  -0.01061
  -0.18056   0.34905  -0.01061
  -0.41998   0.34905   0.22881
  -0.41998   0.34905  -0.01061
  -0.41998   0.10963  -0.01061
  -0.41998   0.34905  -0.01061
  -0.41998   0.34905  -0.01061
  -0.41998   0.34905  -0.01061
  -0.41998   0.34905  -0.01061
  -0.41998   0.34905  -0.25003
  -0.41998   0.34905   0.22881
  -0.41998   0.10963  -0.25003
  -0.41998   0.34905  -0.01061
  -0.41998   0.34905  -0.01061
  -0.41998   0.10963  -0.01061
  -0.41998   0.10963  -0.25003
  -0.41998   0.34905  -0.01061
  -0.41998   0.10963  -0.25003
  -0.41998   0.34905  -0.25003
  -0.65940   0.10963  -0.01061
  -0.41998   0.10963  -0.25003
  -0.41998   0.10963  -0.25003
  -0.65940   0.10963  -0.01061
  -0.65940   0.34905  -0.25003
  -0.41998   0.10963  -0.25003
  -0.41998   0.34905  -0.25003
  -0.65940   0.10963  -0.25003
  -0.65940   0.10963  -0.25003
  -0.65940   0.10963  -0.48945
  -0.65940  -0.12979  -0.48945
  -0.65940  -0.12979  -0.25003
  -0.65940   0.10963  -0.25003
  -0.41998  -0.12979  -0.25003
  -0.41998  -0.12979  -0.25003
  -0.41998  -0.12979  -0.48945
  -0.41998  -0.12979  -0.48945
  -0.65940  -0.12979  -0.48945
  -0.65940  -0.36921  -0.48945
  -0.41998  -0.36921  -0.48945
  -0.41998  -0.36921  -0.25003
  -0.41998  -0.36921  -0.48945
  -0.41998  -0.36921  -0.48945
  -0.41998  -0.36921  -0.48945
  -0.41998  -0.36921  -0.48945
  -0.41998  -0.36921  -0.48945
  -0.41998  -0.12979  -0.48945
  -0.18056  -0.36921  -0.48945
  -0.18056  -0.36921  -0.48945
  -0.18056  -0.36921  -0.48945
  -0.18056  -0.36921  -0.48945
  -0.18056  -0.12979  -0.48945
  -0.18056  -0.12979  -0.25003
  -0.18056  -0.36921  -0.48945
   0.05886  -0.12979  -0.48945
   0.29828  -0.12979  -0.48945
   0.29828  -0.36921  -0.72887
   0.29828  -0.12979  -0.48945
   0.29828  -0.12979  -0.48945
   0.29828  -0.36921  -0.48945
   0.29828  -0.36921  -0.48945
   0.53770  -0.36921  -0.48945
   0.53770  -0.12979  -0.48945
   0.77712  -0.12979  -0.25003
   0.77712  -0.36921  -0.48945
   0.77712  -0.36921  -0.48945
   0.77712  -0.12979  -0.25003
   0.77712  -0.36921  -0.48945
   0.77712  -0.36921  -0.48945
   0.77712  -0.12979  -0.25003
   1.01654  -0.12979  -0.01061
   1.01654  -0.12979  -0.25003
   1.01654  -0.12979  -0.48945
   1.25596  -0.12979  -0.25003
   1.01654  -0.12979  -0.25003
   1.01654   0.10963  -0.25003
   1.01654   0.10963  -0.25003
   1.25596   0.10963  -0.25003
   1.25596   0.10963  -0.25003
   1.01654   0.10963  -0.25003
   1.01654   0.10963  -0.25003
   1.01654   0.10963  -0.01061
   1.01654   0.10963  -0.01061
   1.01654   0.34905  -0.01061
   1.01654   0.34905  -0.01061
   1.01654   0.10963  -0.01061
   0.77712   0.34905   0.22881
   0.77712   0.34905  -0.01061
   0.77712   0.34905  -0.01061
   0.53770   0.34905  -0.01061
   0.53770   0.34905   0.22881
   0.53770   0.34905  -0.01061
   0.53770   0.34905  -0.01061
   0.29828   0.34905  -0.01061
   0.29828   0.34905  -0.01061
   0.05886   0.34905  -0.01061
   0.05886   0.34905  -0.01061
   0.05886   0.34905  -0.01061
   0.05886   0.34905  -0.01061
   0.05886   0.34905  -0.01061
  -0.18056   0.34905  -0.25003
  -0.18056   0.10963  -0.01061
  -0.18056   0.34905  -0.01061
  -0.18056   0.10963  -0.25003
  -0.41998   0.10963  -0.25003
  -0.41998   0.10963  -0.25003
  -0.41998   0.10963  -0.48945
  -0.41998  -0.12979  -0.48945
  -0.41998  -0.12979  -0.48945
  -0.65940  -0.12979  -0.25003
  -0.41998   0.10963  -0.48945
  -0.65940   0.10963  -0.48945
  -0.65940  -0.12979  -0.48945
  -0.65940   0.10963  -0.25003
  -0.89882  -0.12979  -0.72887
  -0.89882   0.10963  -0.25003
  -0.65940  -0.12979  -0.48945
  -0.89882   0.10963  -0.25003
  -0.65940   0.10963  -0.72887
  -0.65940   0.10963  -0.48945
  -0.65940   0.10963  -0.48945
  -0.65940   0.10963  -0.48945
  -0.65940   0.10963  -0.25003
  -0.65940   0.10963  -0.25003
  -0.65940   0.10963  -0.25003
  -0.65940   0.10963  -0.48945
  -0.65940   0.34905  -0.25003
  -0.65940   0.10963  -0.25003
  -0.65940   0.10963  -0.25003
  -0.65940   0.10963  -0.25003
  -0.65940   0.10963  -0.01061
  -0.65940   0.10963  -0.25003
  -0.65940  -0.12979  -0.25003
  -0.65940  -0.12979  -0.25003
  -0.65940  -0.12979  -0.25003
  -0.65940   0.10963  -0.01061
  -0.41998  -0.12979  -0.01061
  -0.41998  -0.12979  -0.01061
  -0.65940  -0.12979  -0.01061
  -0.65940  -0.12979  -0.01061
  -0.65940  -0.12979  -0.01061
  -0.65940  -0.12979  -0.01061
  -0.65940  -0.12979  -0.01061
  -0.65940  -0.36921  -0.25003
  -0.65940  -0.36921  -0.01061
  -0.65940  -0.36921  -0.01061
  -0.65940  -0.12979   0.22881
  -0.65940  -0.36921  -0.01061
  -0.65940  -0.36921   0.22881
  -0.65940  -0.36921   0.22881
  -0.65940  -0.36921   0.22881
  -0.41998  -0.60863   0.22881
  -0.41998  -0.60863   0.22881
  -0.65940  -0.36921   0.22881
  -0.41998  -0.36921   0.22881
  -0.41998  -0.36921   0.22881
  -0.41998  -0.36921   0.22881
  -0.41998  -0.60863   0.22881
  -0.41998  -0.36921   0.22881
  -0.18056  -0.36921   0.46823
  -0.18056  -0.12979   0.46823
   0.05886  -0.12979   0.46823
   0.05886  -0.12979   0.46823
   0.05886   0.10963   0.46823
   0.05886  -0.12979   0.46823
   0.05886  -0.12979   0.46823
   0.05886  -0.12979   0.46823
   0.05886  -0.36921   0.46823
   0.29828  -0.36921   0.46823
   0.29828  -0.12979   0.46823
   0.53770  -0.36921   0.70765
   0.53770  -0.36921   0.46823
   0.53770  -0.36921   0.70765
   0.77712  -0.36921   0.70765
   0.77712  -0.36921   0.70765
   0.77712  -0.36921   0.70765
   1.01654  -0.12979   0.70765
   1.01654  -0.12979   0.70765
   1.01654  -0.12979   0.70765
   1.25596  -0.12979   0.70765
   1.01654   0.10963   0.94707
   1.25596   0.10963   0.94707
   1.25596   0.10963   0.70765
   1.49538   0.10963   0.70765
   1.25596   0.34905   0.46823
   1.25596   0.34905   0.70765
   1.49538   0.34905   0.46823
   1.25596   0.34905   0.70765
   1.49538   0.34905   0.46823
   1.49538   0.34905   0.46823
   1.49538   0.34905   0.46823
   1.49538   0.34905   0.46823
   1.25596   0.34905   0.46823
   1.49538   0.34905   0.22881
   1.49538   0.34905   0.22881
   1.25596   0.34905   0.46823
   1.49538   0.10963   0.46823
   1.49538   0.34905   0.22881
   1.49538   0.58847   0.22881
   1.25596   0.58847   0.46823
   1.25596   0.34905   0.22881
   1.25596   0.58847   0.22881
   1.01654   0.58847   0.22881
   1.01654   0.58847   0.22881
   1.01654   0.58847   0.22881
   0.77712   0.58847   0.22881
   0.77712   0.58847  -0.01061
   0.77712   0.58847  -0.01061
   0.53770   0.58847  -0.01061
   0.53770   0.34905  -0.01061
   0.29828   0.58847  -0.01061
   0.29828   0.34905  -0.01061
   0.05886   0.34905  -0.25003
   0.05886   0.34905  -0.01061
   0.05886   0.10963  -0.25003
  -0.18056   0.10963  -0.01061
  -0.18056   0.10963  -0.01061
  -0.18056   0.10963  -0.01061
  -0.18056   0.10963  -0.25003
  -0.18056   0.10963  -0.25003
  -0.18056  -0.12979  -0.01061
  -0.18056  -0.12979  -0.01061
  -0.18056  -0.12979  -0.25003
  -0.41998  -0.12979  -0.01061
  -0.41998   0.10963  -0.01061
  -0.41998   0.10963  -0.01061
  -0.41998   0.10963  -0.01061
  -0.41998   0.10963  -0.25003
  -0.41998   0.10963  -0.25003
  -0.41998   0.10963  -0.01061
  -0.41998   0.10963  -0.01061
  -0.65940   0.10963  -0.01061
  -0.65940  -0.12979  -0.25003
  -0.65940  -0.12979  -0.01061
  -0.65940  -0.12979  -0.25003
  -0.65940  -0.12979  -0.25003
  -0.65940  -0.12979  -0.25003
  -0.65940  -0.12979  -0.25003
  -0.65940  -0.12979  -0.25003
  -0.65940  -0.12979  -0.25003
  -0.65940  -0.12979  -0.25003
  -0.65940  -0.12979  -0.25003
  -0.65940  -0.12979  -0.48945
  -0.65940  -0.12979  -0.48945
  -0.65940  -0.12979  -0.25003
  -0.65940   0.10963  -0.25003
  -0.65940   0.10963  -0.25003
  -0.65940   0.10963  -0.25003
  -0.65940   0.10963  -0.48945
  -0.65940   0.34905  -0.25003
  -0.65940   0.10963  -0.25003
  -0.41998   0.10963  -0.25003
  -0.41998   0.10963  -0.25003
  -0.41998  -0.12979  -0.01061
  -0.41998  -0.12979  -0.01061
  -0.41998  -0.12979  -0.01061
  -0.41998  -0.12979   0.22881
  -0.41998  -0.12979   0.22881
  -0.41998  -0.12979  -0.01061
  -0.18056  -0.12979  -0.01061
  -0.18056  -0.36921   0.22881
  -0.18056  -0.12979   0.22881
  -0.18056  -0.36921   0.46823
  -0.18056  -0.12979   0.46823
  -0.41998  -0.12979   0.46823
  -0.18056   0.10963   0.70765
  -0.18056  -0.12979   0.46823
  -0.18056   0.10963   0.70765
  -0.18056   0.10963   0.46823
  -0.18056   0.10963   0.70765
  -0.18056  -0.12979   0.70765
  -0.18056  -0.12979   0.70765
  -0.18056  -0.36921   0.70765
   0.05886  -0.12979   0.70765
   0.05886  -0.36921   0.70765
   0.05886  -0.36921   0.70765
   0.05886  -0.36921   0.70765
   0.05886  -0.60863   0.46823
  -0.18056  -0.36921   0.70765
   0.05886  -0.60863   0.46823
   0.29828  -0.36921   0.70765
   0.29828  -0.60863   0.46823
   0.05886  -0.36921   0.46823
   0.29828  -0.36921   0.46823
   0.05886  -0.12979   0.46823
   0.29828  -0.12979   0.22881
   0.29828  -0.12979   0.46823
   0.05886  -0.12979   0.22881
   0.29828   0.10963   0.22881
   0.05886   0.10963   0.22881
   0.05886  -0.12979  -0.01061
   0.05886  -0.12979  -0.01061
   0.05886  -0.12979  -0.01061
  -0.18056   0.10963  -0.01061
  -0.18056  -0.12979  -0.25003
  -0.18056  -0.12979  -0.25003
  -0.18056  -0.12979  -0.25003
  -0.18056  -0.12979  -0.25003
  -0.18056  -0.12979  -0.25003
  -0.18056  -0.36921  -0.25003
  -0.18056  -0.12979  -0.25003
  -0.18056  -0.12979  -0.25003
  -0.18056  -0.12979  -0.48945
  -0.41998   0.10963  -0.48945
  -0.18056  -0.12979  -0.48945
  -0.41998  -0.12979  -0.25003
  -0.41998   0.10963  -0.25003
  -0.18056   0.10963  -0.25003
  -0.41998   0.10963  -0.48945
  -0.41998   0.34905  -0.48945
  -0.41998   0.34905  -0.48945
  -0.41998   0.34905  -0.48945
  -0.41998   0.34905  -0.48945
  -0.41998   0.34905  -0.48945
  -0.65940   0.34905  -0.48945
  -0.41998   0.34905  -0.48945
  -0.41998   0.34905  -0.25003
  -0.65940   0.10963  -0.48945
  -0.41998   0.10963  -0.25003
  -0.65940  -0.12979  -0.25003
  -0.65940   0.10963  -0.25003
  -0.65940   0.10963  -0.25003
  -0.65940   0.10963  -0.25003
  -0.65940   0.10963  -0.25003
  -0.65940   0.10963  -0.01061
  -0.65940   0.10963  -0.25003
  -0.65940   0.10963  -0.25003
  -0.65940  -0.12979  -0.25003
  -0.89882  -0.12979  -0.25003
  -0.89882  -0.12979  -0.25003
  -0.65940  -0.12979  -0.25003
  -0.89882  -0.12979  -0.01061
  -0.65940  -0.12979  -0.25003
  -0.65940  -0.12979  -0.01061
  -0.65940  -0.12979  -0.01061
  -0.89882  -0.12979  -0.01061
  -0.65940  -0.12979  -0.01061
  -0.65940  -0.12979  -0.25003
  -0.65940  -0.12979  -0.01061
  -0.65940  -0.12979  -0.01061
  -0.41998  -0.12979  -0.25003
  -0.41998  -0.12979  -0.01061
  -0.41998  -0.12979  -0.01061
  -0.41998  -0.36921  -0.01061
  -0.41998  -0.12979  -0.01061
  -0.18056  -0.12979  -0.01061
  -0.18056   0.10963  -0.01061
  -0.18056   0.10963  -0.25003
  -0.18056   0.10963  -0.25003
  -0.18056  -0.12979  -0.01061
  -0.18056  -0.12979  -0.01061
  -0.18056   0.10963  -0.01061
   0.05886  -0.12979  -0.01061
   0.05886  -0.12979  -0.01061
   0.05886  -0.12979  -0.25003
   0.05886  -0.12979  -0.25003
   0.05886  -0.12979  -0.25003
   0.05886  -0.12979  -0.01061
   0.05886  -0.12979  -0.01061
   0.29828   0.10963  -0.25003
   0.29828   0.10963  -0.25003
   0.53770   0.34905  -0.25003
   0.53770   0.34905  -0.25003
   0.53770   0.10963  -0.25003
   0.53770   0.34905  -0.48945
   0.53770   0.10963  -0.48945
   0.53770   0.10963  -0.48945
   0.53770   0.10963  -0.48945
   0.53770   0.34905  -0.25003
   0.53770   0.10963  -0.48945
   0.53770   0.34905  -0.48945
   0.29828   0.10963  -0.48945
   0.53770   0.34905  -0.48945
   0.29828   0.34905  -0.48945
   0.53770   0.34905  -0.48945
   0.29828   0.34905  -0.48945
   0.53770   0.10963  -0.48945
   0.53770   0.34905  -0.48945
   0.53770   0.10963  -0.48945
   0.53770   0.10963  -0.25003
   0.53770   0.34905  -0.25003
   0.29828   0.34905  -0.25003
   0.29828   0.34905  -0.25003
   0.29828   0.10963  -0.48945
   0.29828   0.34905  -0.25003
   0.29828   0.58847  -0.25003
   0.29828   0.58847  -0.25003
   0.05886   0.58847  -0.25003
   0.05886   0.58847  -0.25003
   0.05886   0.34905  -0.25003
   0.05886   0.58847  -0.25003
   0.05886   0.34905  -0.48945
  -0.18056   0.34905  -0.48945
  -0.18056   0.10963  -0.25003
  -0.18056   0.34905  -0.25003
  -0.18056   0.34905  -0.25003
  -0.18056   0.34905  -0.25003
  -0.41998   0.34905  -0.25003
  -0.18056   0.10963  -0.25003
  -0.41998   0.10963  -0.25003
  -0.41998   0.10963  -0.25003
  -0.41998  -0.12979  -0.25003
  -0.18056   0.10963  -0.25003
  -0.18056  -0.12979  -0.01061
  -0.18056   0.10963  -0.01061
  -0.18056   0.10963  -0.25003
  -0.41998   0.10963  -0.25003
  -0.18056   0.10963  -0.01061
  -0.18056   0.10963  -0.01061
  -0.18056   0.10963  -0.01061
  -0.18056  -0.12979  -0.25003
  -0.18056  -0.12979  -0.01061
  -0.18056  -0.12979  -0.01061
  -0.18056  -0.12979  -0.01061
   0.05886  -0.12979  -0.01061
   0.05886  -0.12979  -0.01061
   0.05886  -0.12979  -0.01061
   0.29828  -0.12979   0.22881
   0.29828  -0.12979  -0.01061
   0.29828  -0.12979  -0.01061
   0.53770  -0.36921   0.22881
   0.29828  -0.36921   0.22881
   0.29828  -0.36921   0.22881
   0.53770  -0.36921   0.22881
   0.77712  -0.60863   0.22881
   0.53770  -0.36921   0.22881
   0.77712  -0.60863   0.22881
   0.77712  -0.60863   0.22881
   0.77712  -0.60863   0.22881
   0.77712  -0.36921   0.22881
   0.77712  -0.36921   0.22881
   0.77712  -0.36921   0.46823
   0.77712  -0.36921   0.46823
   0.77712  -0.36921   0.46823
   0.53770  -0.36921   0.46823
   0.53770  -0.60863   0.22881
   0.77712  -0.60863   0.46823
   0.53770  -0.60863   0.70765
   0.53770  -0.60863   0.70765
   0.53770  -0.60863   0.70765
   0.77712  -0.60863   0.46823
   0.77712  -0.36921   0.46823
   0.77712  -0.36921   0.70765
   0.77712  -0.36921   0.70765
   0.77712  -0.36921   0.70765
   0.53770  -0.36921   0.70765
   0.53770  -0.36921   0.70765
   0.77712  -0.36921   0.70765
   0.53770  -0.36921   0.70765
   0.53770  -0.36921   0.70765
   0.53770  -0.12979   0.70765
   0.53770  -0.36921   0.46823
   0.53770  -0.12979   0.46823
   0.53770  -0.12979   0.46823
   0.53770  -0.12979   0.46823
   0.53770  -0.12979   0.46823
   0.53770  -0.12979   0.46823
   0.77712   0.10963   0.46823
   0.53770  -0.12979   0.22881
   0.53770  -0.12979   0.22881
   0.53770  -0.12979   0.22881
   0.53770  -0.12979   0.22881
   0.53770  -0.12979   0.22881
   0.53770  -0.12979   0.22881
   0.53770  -0.12979   0.22881
   0.53770   0.10963   0.22881
   0.53770   0.10963   0.22881
   0.53770   0.10963   0.22881
   0.53770   0.10963   0.22881
   0.53770   0.10963   0.22881
   0.77712   0.10963   0.22881
   0.77712  -0.12979   0.22881
   0.77712  -0.12979   0.22881
   0.53770   0.10963   0.22881
   0.53770   0.10963   0.22881
   0.53770   0.34905   0.22881
   0.53770   0.34905   0.22881
   0.53770   0.34905   0.22881
   0.29828   0.58847   0.22881
   0.53770   0.34905  -0.01061
   0.29828   0.58847   0.22881
   0.29828   0.58847   0.22881
   0.05886   0.58847   0.22881
   0.05886   0.58847   0.22881
   0.05886   0.58847  -0.01061
   0.05886   0.58847  -0.01061
   0.05886   0.34905  -0.01061
   0.05886   0.34905  -0.01061
   0.05886   0.34905  -0.01061
  -0.18056   0.34905  -0.01061
   0.05886   0.34905  -0.01061
  -0.18056   0.34905  -0.25003
  -0.18056   0.10963  -0.25003
  -0.18056   0.34905  -0.25003
  -0.18056   0.10963  -0.25003
  -0.18056   0.10963  -0.25003
  -0.18056   0.10963  -0.01061
  -0.41998   0.10963  -0.25003
  -0.41998   0.10963  -0.01061
  -0.65940   0.34905  -0.01061
  -0.41998   0.34905  -0.25003
  -0.41998   0.34905  -0.25003
  -0.65940   0.34905  -0.25003
  -0.65940   0.34905  -0.25003
  -0.65940   0.34905  -0.25003
  -0.65940   0.58847  -0.25003
  -0.65940   0.34905  -0.25003
  -0.65940   0.34905  -0.25003
  -0.65940   0.58847  -0.25003
  -0.89882   0.34905  -0.48945
  -0.65940   0.58847  -0.25003
  -0.65940   0.34905  -0.25003
  -0.65940   0.58847  -0.25003
  -0.65940   0.58847  -0.48945
  -0.41998   0.34905  -0.25003
  -0.65940   0.10963  -0.48945
  -0.65940   0.10963  -0.25003
  -0.65940   0.10963  -0.25003
  -0.65940   0.10963  -0.25003
  -0.41998   0.10963  -0.48945
  -0.41998   0.10963  -0.48945
  -0.18056  -0.12979  -0.48945
  -0.18056  -0.12979  -0.48945
  -0.18056  -0.12979  -0.25003
  -0.18056  -0.12979  -0.25003
  -0.18056  -0.12979  -0.25003
  -0.18056  -0.12979  -0.25003
  -0.18056   0.10963  -0.48945
  -0.41998   0.10963  -0.25003
  -0.18056   0.10963  -0.25003
  -0.18056   0.10963  -0.25003
  -0.18056   0.10963  -0.25003
  -0.18056   0.10963  -0.25003
   0.05886   0.10963  -0.01061
  -0.18056  -0.12979  -0.25003
  -0.18056  -0.12979  -0.25003
  -0.18056  -0.12979  -0.01061
  -0.18056  -0.36921  -0.01061
  -0.18056  -0.12979  -0.01061
   0.05886  -0.12979  -0.25003
  -0.18056  -0.12979  -0.25003
   0.05886  -0.36921  -0.01061
  -0.18056  -0.36921  -0.01061
  -0.18056  -0.36921   0.22881
  -0.18056  -0.36921   0.46823
   0.05886  -0.36921   0.46823
   0.05886  -0.36921   0.22881
   0.05886  -0.60863   0.22881
  -0.18056  -0.36921   0.46823
  -0.18056  -0.60863   0.46823
   0.05886  -0.60863   0.70765
   0.05886  -0.60863   0.70765
   0.05886  -0.60863   0.70765
  -0.18056  -0.60863   0.70765
   0.05886  -0.36921   0.70765
  -0.18056  -0.36921   0.70765
   0.05886  -0.12979   0.70765
  -0.18056  -0.36921   0.70765
  -0.18056  -0.36921   0.70765
  -0.18056  -0.36921   0.70765
  -0.41998  -0.60863   0.70765
  -0.18056  -0.36921   0.70765
  -0.41998  -0.36921   0.70765
  -0.41998  -0.36921   0.70765
  -0.41998  -0.36921   0.70765
  -0.41998  -0.12979   0.70765
  -0.41998  -0.36921   0.46823
  -0.41998  -0.36921   0.46823
  -0.65940  -0.36921   0.70765
  -0.89882  -0.36921   0.70765
  -0.65940  -0.36921   0.70765
  -0.89882  -0.36921   0.70765
  -0.65940  -0.36921   0.70765
  -0.65940  -0.12979   0.70765
  -0.89882  -0.12979   0.94707
  -0.65940  -0.12979   0.70765
  -0.65940  -0.12979   0.70765
  -0.89882  -0.12979   0.70765
  -0.65940   0.10963   0.46823
  -0.89882   0.10963   0.46823
  -0.65940   0.10963   0.46823
  -0.65940   0.10963   0.46823
  -0.65940   0.10963   0.46823
  -0.65940   0.10963   0.46823
  -0.65940   0.10963   0.22881
  -0.65940   0.10963   0.22881
  -0.65940   0.10963   0.22881
  -0.89882   0.10963   0.22881
  -0.65940   0.10963   0.22881
  -0.65940   0.10963   0.22881
  -0.65940   0.34905  -0.01061
  -0.65940   0.34905  -0.25003
  -0.65940   0.34905  -0.25003
  -0.89882   0.10963  -0.01061
  -0.65940   0.10963  -0.25003
  -0.65940   0.10963  -0.48945
  -0.65940   0.10963  -0.48945
  -0.65940   0.10963  -0.25003
  -0.65940   0.34905  -0.48945
  -0.65940   0.34905  -0.48945
  -0.41998   0.34905  -0.72887
  -0.41998   0.34905  -0.72887
  -0.41998   0.34905  -0.48945
  -0.41998   0.34905  -0.72887
  -0.41998   0.10963  -0.48945
  -0.18056   0.10963  -0.72887
  -0.18056   0.34905  -0.72887
  -0.18056   0.34905  -0.72887
  -0.18056   0.58847  -0.96829
  -0.18056   0.58847  -0.72887
  -0.18056   0.34905  -0.72887
  -0.18056   0.34905  -0.72887
  -0.18056   0.34905  -0.96829
   0.05886   0.10963  -0.96829
   0.05886   0.10963  -0.72887
   0.05886   0.34905  -0.96829
   0.05886   0.34905  -0.72887
   0.29828   0.34905  -0.96829
   0.29828   0.10963  -0.72887
   0.29828   0.34905  -0.96829
   0.29828   0.10963  -0.96829
   0.29828  -0.12979  -0.96829
   0.29828  -0.12979  -0.72887
   0.29828  -0.12979  -0.72887
   0.29828  -0.12979  -0.72887
   0.29828   0.10963  -0.72887
   0.53770   0.10963  -0.48945
   0.53770   0.10963  -0.72887
   0.29828   0.10963  -0.48945
   0.53770  -0.12979  -0.48945
   0.53770   0.10963  -0.48945
   0.53770  -0.12979  -0.48945
   0.53770  -0.12979  -0.48945
   0.29828   0.10963  -0.48945
   0.29828  -0.12979  -0.48945
   0.53770  -0.12979  -0.48945
   0.53770  -0.12979  -0.48945
   0.53770  -0.12979  -0.25003
   0.53770  -0.12979  -0.25003
   0.53770   0.10963  -0.25003
   0.53770   0.10963  -0.25003
   0.53770   0.10963  -0.01061
   0.53770   0.10963  -0.25003
   0.53770   0.10963  -0.25003
   0.29828  -0.12979  -0.25003
   0.53770  -0.12979  -0.25003
   0.53770  -0.12979  -0.01061
   0.53770  -0.12979  -0.01061
   0.29828  -0.12979  -0.01061
   0.29828  -0.12979   0.22881
   0.53770  -0.12979   0.22881
   0.53770  -0.12979   0.22881
   0.53770  -0.12979   0.22881
   0.53770   0.10963   0.22881
   0.53770  -0.12979   0.22881
   0.53770  -0.12979   0.22881
   0.53770  -0.12979   0.22881
   0.53770  -0.12979   0.22881
   0.29828  -0.12979   0.46823
   0.29828  -0.12979   0.46823
   0.53770  -0.12979   0.46823
   0.53770  -0.12979   0.46823
   0.53770  -0.12979   0.46823
   0.53770  -0.36921   0.46823
   0.29828  -0.36921   0.46823
   0.29828  -0.36921   0.46823
   0.53770  -0.36921   0.46823
   0.29828  -0.36921   0.46823
   0.29828  -0.12979   0.46823
   0.29828  -0.12979   0.46823
   0.29828  -0.12979   0.46823
   0.53770  -0.12979   0.46823
   0.29828  -0.36921   0.46823
   0.29828  -0.36921   0.46823
   0.29828  -0.36921   0.46823
   0.05886  -0.36921   0.46823
   0.29828  -0.36921   0.46823
   0.05886  -0.36921   0.46823
   0.29828  -0.12979   0.46823
   0.05886  -0.12979   0.46823
   0.05886  -0.12979   0.46823
   0.05886  -0.36921   0.22881
   0.05886  -0.12979  -0.01061
   0.05886  -0.12979   0.22881
   0.05886   0.10963   0.22881
   0.29828  -0.12979   0.22881
   0.05886  -0.12979  -0.01061
   0.05886  -0.12979  -0.01061
   0.05886   0.10963  -0.25003
   0.05886   0.10963  -0.01061
   0.05886   0.10963  -0.25003
   0.05886   0.10963  -0.25003
   0.05886   0.10963  -0.25003
   0.05886   0.10963  -0.25003
  -0.18056   0.10963  -0.48945
   0.05886   0.10963  -0.48945
   0.05886   0.10963  -0.48945
   0.05886  -0.12979  -0.48945
   0.05886  -0.12979  -0.48945
  -0.18056  -0.12979  -0.48945
  -0.18056   0.10963  -0.72887
  -0.18056   0.34905  -0.72887
   0.05886   0.10963  -0.48945
   0.05886   0.34905  -0.48945
   0.05886   0.34905  -0.72887
   0.05886   0.58847  -0.72887
   0.05886   0.34905  -0.72887
   0.05886   0.34905  -0.72887
   0.29828   0.34905  -0.72887
   0.29828   0.34905  -0.72887
   0.05886   0.34905  -0.72887
   0.05886   0.58847  -0.72887
   0.05886   0.34905  -0.72887
   0.29828   0.58847  -0.72887
   0.29828   0.34905  -0.48945
   0.29828   0.34905  -0.72887
   0.29828   0.34905  -0.72887
   0.29828   0.34905  -0.48945
   0.29828   0.34905  -0.48945
   0.29828   0.34905  -0.48945
   0.29828   0.34905  -0.25003
   0.29828   0.34905  -0.25003
   0.53770   0.34905  -0.25003
   0.53770   0.10963  -0.48945
   0.29828   0.34905  -0.25003
   0.53770   0.10963  -0.01061
   0.77712   0.10963  -0.01061
   0.53770   0.10963  -0.01061
   0.53770   0.10963  -0.01061
   0.53770   0.10963   0.22881
   0.53770   0.10963   0.22881
   0.53770  -0.12979   0.46823
   0.53770   0.10963   0.46823
   0.77712   0.10963   0.22881
   0.53770  -0.12979   0.46823
   0.53770  -0.12979   0.46823
   0.53770  -0.36921   0.46823
   0.53770  -0.60863   0.46823
   0.53770  -0.36921   0.70765
   0.53770  -0.36921   0.70765
   0.53770  -0.12979   0.70765
   0.77712  -0.36921   0.70765
   0.77712  -0.12979   0.94707
   0.53770  -0.12979   0.46823
   0.53770  -0.12979   0.70765
   0.53770  -0.12979   0.70765
   0.29828   0.10963   0.70765
   0.53770   0.10963   0.70765
   0.29828   0.10963   0.70765
   0.53770   0.10963   0.46823
   0.53770  -0.12979   0.46823
   0.29828  -0.12979   0.70765
   0.29828  -0.12979   0.70765
   0.29828  -0.12979   0.46823
   0.29828  -0.12979   0.46823
   0.29828  -0.12979   0.46823
   0.29828  -0.36921   0.46823
   0.29828  -0.60863   0.46823
   0.05886  -0.60863   0.22881
  -0.18056  -0.60863   0.22881
  -0.18056  -0.84805   0.22881
  -0.18056  -0.60863   0.46823
  -0.18056  -0.60863   0.22881
  -0.18056  -0.60863   0.22881
  -0.18056  -0.60863   0.46823
  -0.41998  -0.60863   0.46823
  -0.41998  -0.60863   0.22881
  -0.18056  -0.36921   0.22881
  -0.41998  -0.36921   0.22881
  -0.41998  -0.12979   0.22881
  -0.41998  -0.36921   0.22881
  -0.41998  -0.36921   0.22881
  -0.41998  -0.36921   0.22881
  -0.41998  -0.12979   0.22881
  -0.41998  -0.12979   0.22881
  -0.65940   0.10963   0.22881
  -0.41998   0.10963  -0.01061
  -0.65940   0.10963  -0.01061
  -0.65940   0.10963  -0.01061
  -0.65940   0.10963  -0.01061
  -0.65940   0.34905  -0.01061
  -0.65940   0.10963  -0.01061
  -0.65940   0.10963   0.22881
  -0.65940   0.10963  -0.01061
  -0.65940   0.10963  -0.01061
  -0.65940   0.10963  -0.01061
  -0.65940   0.34905  -0.01061
  -0.89882   0.58847  -0.01061
  -0.65940   0.58847  -0.01061
  -0.65940   0.58847  -0.25003
  -0.89882   0.58847  -0.25003
  -0.65940   0.58847  -0.25003
  -0.65940   0.58847  -0.01061
  -0.65940   0.34905  -0.25003
  -0.65940   0.34905  -0.25003
  -0.65940   0.34905  -0.25003
  -0.65940   0.58847  -0.25003
  -0.65940   0.58847  -0.01061
  -0.41998   0.58847  -0.25003
  -0.41998   0.82789  -0.01061
  -0.41998   0.82789  -0.01061
  -0.41998   0.82789  -0.25003
  -0.41998   0.82789  -0.25003
  -0.65940   0.82789  -0.25003
  -0.41998   0.58847  -0.48945
  -0.41998   0.34905  -0.25003
  -0.41998   0.34905  -0.25003
  -0.41998   0.34905  -0.25003
  -0.18056   0.34905  -0.25003
  -0.18056   0.34905  -0.48945
  -0.18056   0.34905  -0.25003
  -0.18056   0.34905  -0.48945
  -0.18056   0.34905  -0.48945
  -0.18056   0.34905  -0.25003
  -0.18056   0.34905  -0.48945
  -0.18056   0.10963  -0.48945
  -0.18056   0.10963  -0.48945
   0.05886   0.10963  -0.72887
   0.05886  -0.12979  -0.48945
   0.05886  -0.12979  -0.25003
  -0.18056  -0.36921  -0.48945
  -0.18056  -0.12979  -0.25003
  -0.18056  -0.36921  -0.48945
  -0.18056  -0.36921  -0.48945
   0.05886  -0.36921  -0.25003
   0.05886  -0.60863  -0.25003
   0.05886  -0.60863  -0.25003
   0.05886  -0.60863  -0.25003
   0.05886  -0.60863  -0.25003
   0.05886  -0.60863  -0.25003
  -0.18056  -0.60863  -0.25003
   0.05886  -0.36921  -0.01061
   0.05886  -0.36921  -0.25003
   0.05886  -0.36921  -0.25003
   0.05886  -0.36921  -0.01061
   0.05886  -0.12979  -0.25003
   0.05886  -0.12979  -0.01061
   0.29828  -0.12979  -0.01061
   0.29828  -0.12979  -0.01061
   0.29828  -0.12979  -0.01061
   0.29828  -0.12979   0.22881
   0.29828  -0.36921  -0.01061
   0.05886  -0.36921   0.22881
   0.05886  -0.36921   0.22881
   0.29828  -0.60863   0.22881
   0.29828  -0.36921   0.46823
   0.05886  -0.36921   0.46823
   0.05886  -0.36921   0.46823
   0.05886  -0.36921   0.46823
   0.29828  -0.36921   0.46823
   0.29828  -0.36921   0.70765
   0.05886  -0.36921   0.46823
   0.29828  -0.12979   0.46823
   0.05886  -0.36921   0.46823
   0.05886  -0.36921   0.70765
   0.05886  -0.12979   0.70765
   0.05886  -0.36921   0.46823
   0.05886  -0.12979   0.70765
   0.05886  -0.12979   0.70765
   0.05886  -0.12979   0.70765
   0.05886   0.10963   0.70765
   0.05886  -0.12979   0.46823
   0.05886   0.10963   0.46823
   0.05886  -0.12979   0.46823
  -0.18056  -0.12979   0.70765
  -0.18056  -0.12979   0.70765
  -0.18056  -0.12979   0.46823
  -0.18056   0.10963   0.46823
  -0.18056   0.10963   0.46823
  -0.18056  -0.12979   0.46823
  -0.18056  -0.12979   0.46823
  -0.18056  -0.12979   0.46823
  -0.41998  -0.12979   0.46823
  -0.18056  -0.12979   0.46823
  -0.18056   0.10963   0.46823
  -0.18056   0.10963   0.46823
  -0.18056   0.34905   0.46823
  -0.18056   0.10963   0.22881
  -0.18056   0.34905   0.22881
  -0.18056   0.10963   0.22881
  -0.18056   0.34905   0.46823
  -0.18056   0.10963   0.22881
  -0.18056   0.34905   0.46823
  -0.18056   0.34905   0.22881
  -0.18056   0.34905   0.22881
   0.05886   0.34905   0.22881
  -0.18056   0.34905  -0.01061
  -0.18056   0.34905  -0.01061
  -0.18056   0.10963  -0.01061
  -0.41998   0.34905  -0.01061
  -0.41998   0.34905  -0.25003
  -0.18056   0.10963  -0.01061
  -0.18056   0.10963  -0.01061
  -0.18056   0.10963  -0.25003
  -0.18056   0.10963  -0.25003
  -0.18056   0.10963  -0.01061
  -0.18056   0.10963  -0.25003
  -0.18056   0.34905  -0.25003
  -0.18056   0.10963  -0.25003
  -0.18056   0.34905  -0.25003
  -0.18056   0.34905  -0.25003
  -0.18056   0.34905  -0.01061
  -0.18056   0.34905  -0.01061
  -0.18056   0.34905  -0.25003
  -0.18056   0.34905  -0.25003
  -0.18056   0.10963  -0.48945
  -0.41998   0.34905  -0.48945
  -0.41998   0.34905  -0.25003
  -0.41998   0.34905  -0.25003
  -0.41998   0.10963  -0.25003
  -0.41998   0.34905  -0.25003
  -0.41998   0.10963  -0.25003
  -0.18056   0.10963  -0.48945
  -0.41998   0.10963  -0.48945
  -0.41998   0.10963  -0.48945
  -0.41998   0.10963  -0.25003
  -0.18056  -0.12979  -0.48945
  -0.41998   0.10963  -0.25003
  -0.18056   0.10963  -0.25003
  -0.41998   0.10963  -0.25003
  -0.41998   0.10963  -0.25003
  -0.41998  -0.12979  -0.25003
  -0.18056  -0.12979  -0.25003
  -0.41998  -0.12979  -0.25003
   0.05886  -0.12979  -0.25003
   0.05886  -0.12979  -0.25003
  -0.18056  -0.12979  -0.25003
   0.05886  -0.12979  -0.25003
   0.05886  -0.12979  -0.25003
   0.05886  -0.12979  -0.25003
   0.05886  -0.12979  -0.48945
   0.05886  -0.12979  -0.25003
   0.05886  -0.36921  -0.25003
   0.05886  -0.12979  -0.25003
   0.05886  -0.12979  -0.01061
   0.29828  -0.12979  -0.01061
   0.29828  -0.12979  -0.01061
   0.29828  -0.12979  -0.25003
   0.05886  -0.12979  -0.25003
   0.05886  -0.36921  -0.25003
   0.05886  -0.12979  -0.25003
   0.29828  -0.12979  -0.25003
   0.05886  -0.60863  -0.01061
   0.29828  -0.36921  -0.01061
   0.29828  -0.60863  -0.25003
   0.05886  -0.36921  -0.01061
   0.29828  -0.36921  -0.25003
   0.29828  -0.36921  -0.01061
   0.05886  -0.36921   0.22881
   0.29828  -0.36921  -0.01061
   0.29828  -0.36921  -0.01061
   0.29828  -0.36921  -0.25003
   0.29828  -0.36921  -0.25003
   0.29828  -0.60863  -0.01061
   0.29828  -0.60863  -0.01061
   0.29828  -0.60863  -0.01061
   0.29828  -0.60863  -0.01061
   0.29828  -0.60863  -0.01061
   0.05886  -0.60863  -0.01061
   0.29828  -0.36921  -0.01061
   0.29828  -0.36921  -0.01061
   0.29828  -0.12979   0.22881
   0.05886  -0.36921   0.22881
   0.29828  -0.36921   0.22881
   0.29828  -0.36921  -0.01061
   0.05886  -0.12979   0.22881
   0.05886  -0.12979   0.22881
   0.05886  -0.36921   0.22881
   0.05886  -0.12979   0.22881
   0.05886  -0.12979   0.22881
   0.05886  -0.12979   0.22881
   0.05886   0.10963   0.22881
   0.05886   0.10963  -0.01061
   0.29828   0.10963  -0.01061
   0.05886   0.10963  -0.01061
   0.29828   0.10963   0.22881
   0.05886   0.10963  -0.01061
   0.05886   0.10963  -0.01061
   0.05886  -0.12979  -0.01061
   0.05886   0.10963  -0.01061
   0.05886   0.10963  -0.01061
   0.05886   0.34905  -0.01061
   0.05886   0.34905  -0.01061
   0.05886   0.34905  -0.01061
   0.05886   0.58847  -0.25003
   0.05886   0.58847  -0.01061
   0.05886   0.58847  -0.01061
   0.05886   0.58847  -0.25003
   0.29828   0.58847  -0.25003
   0.53770   0.58847  -0.25003
   0.29828   0.58847  -0.01061
   0.29828   0.82789  -0.25003
   0.53770   0.82789  -0.01061
   0.53770   0.82789  -0.25003
   0.53770   0.82789  -0.48945
   0.53770   0.82789  -0.25003
   0.53770   0.58847  -0.25003
   0.53770   0.58847  -0.25003
   0.53770   0.58847  -0.25003
   0.53770   0.58847  -0.25003
   0.53770   0.58847  -0.25003
   0.53770   0.34905  -0.25003
   0.53770   0.34905  -0.48945
   0.53770   0.34905  -0.25003
   0.53770   0.34905  -0.25003
   0.53770   0.58847  -0.01061
   0.53770   0.58847  -0.25003
   0.53770   0.34905  -0.25003
   0.29828   0.34905  -0.25003
   0.29828   0.34905  -0.01061
   0.53770   0.34905  -0.01061
   0.53770   0.34905  -0.25003
   0.53770   0.10963  -0.01061
   0.53770   0.34905  -0.01061
   0.53770  -0.12979  -0.25003
   0.53770   0.10963  -0.25003
   0.29828   0.10963  -0.01061
   0.53770   0.10963  -0.01061
   0.53770  -0.12979  -0.01061
   0.29828  -0.12979  -0.01061
   0.29828  -0.12979  -0.25003
   0.29828  -0.12979  -0.25003
   0.29828  -0.36921  -0.25003
   0.29828  -0.36921  -0.25003
   0.29828  -0.12979  -0.01061
   0.29828  -0.12979  -0.01061
   0.29828  -0.36921  -0.25003
   0.29828  -0.12979  -0.01061
   0.05886  -0.36921  -0.01061
   0.05886  -0.36921  -0.01061
   0.29828  -0.36921  -0.25003
   0.29828  -0.60863  -0.01061
   0.05886  -0.60863   0.22881
   0.29828  -0.60863  -0.01061
   0.05886  -0.60863  -0.01061
   0.05886  -0.60863  -0.01061
   0.05886  -0.60863  -0.01061
  -0.18056  -0.60863  -0.01061
   0.05886  -0.60863  -0.01061
   0.05886  -0.84805   0.22881
   0.05886  -0.60863   0.22881
   0.05886  -0.60863   0.22881
   0.05886  -0.60863  -0.01061
   0.05886  -0.60863   0.22881
   0.05886  -0.84805   0.22881
   0.05886  -0.60863   0.22881
   0.05886  -0.84805  -0.01061
  -0.18056  -0.84805   0.22881
   0.05886  -0.84805  -0.01061
   0.05886  -0.84805   0.22881
   0.05886  -0.60863   0.22881
   0.05886  -0.60863  -0.01061
  -0.18056  -0.36921   0.22881
   0.29828  -0.36921   0.22881
   0.05886  -0.36921  -0.01061
   0.29828  -0.36921   0.22881
   0.29828  -0.36921  -0.25003
   0.05886  -0.36921  -0.01061
   0.05886  -0.36921  -0.01061
   0.29828  -0.36921  -0.01061
   0.29828  -0.12979  -0.01061
   0.29828  -0.36921  -0.25003
   0.29828  -0.12979  -0.01061
   0.29828  -0.12979  -0.01061
   0.29828  -0.12979  -0.01061
   0.29828  -0.12979  -0.01061
   0.29828  -0.12979  -0.01061
   0.29828  -0.12979  -0.01061
   0.29828  -0.12979  -0.01061
   0.29828   0.10963  -0.01061
   0.29828   0.10963  -0.01061
   0.29828   0.10963  -0.01061
   0.29828   0.10963  -0.01061
   0.05886   0.34905   0.22881
   0.05886   0.34905  -0.01061
   0.05886   0.34905   0.22881
   0.29828   0.34905   0.22881
   0.05886   0.34905   0.22881
   0.29828   0.58847  -0.01061
   0.05886   0.34905   0.22881
  -0.18056   0.58847   0.46823
   0.05886   0.58847   0.22881
   0.05886   0.58847   0.22881
   0.05886   0.58847   0.22881
  -0.18056   0.34905   0.22881
  -0.18056   0.58847   0.22881
  -0.18056   0.34905   0.22881
  -0.18056   0.58847   0.46823
  -0.18056   0.58847   0.22881
  -0.18056   0.58847   0.22881
  -0.18056   0.58847   0.22881
  -0.41998   0.58847   0.46823
  -0.41998   0.34905   0.22881
  -0.41998   0.58847   0.22881
  -0.65940   0.58847   0.22881
  -0.65940   0.82789   0.22881
  -0.65940   0.82789   0.46823
  -0.41998   0.82789   0.22881
  -0.41998   0.58847   0.46823
  -0.65940   0.58847   0.22881
  -0.41998   0.58847   0.22881
  -0.65940   0.58847   0.46823
  -0.65940   0.58847   0.22881
  -0.65940   0.82789   0.22881
  -0.65940   0.82789   0.46823
  -0.65940   0.58847   0.22881
  -0.65940   0.58847   0.22881
  -0.65940   0.58847   0.22881
  -0.65940   0.58847   0.22881
  -0.65940   0.58847   0.22881
  -0.65940   0.58847   0.22881
  -0.65940   0.58847   0.22881
  -0.65940   0.58847   0.22881
  -0.41998   0.34905   0.22881
  -0.65940   0.34905  -0.01061
  -0.65940   0.34905   0.22881
  -0.65940   0.10963   0.22881
  -0.65940  -0.12979   0.22881
  -0.65940  -0.12979   0.22881
  -0.65940  -0.12979  -0.01061
  -0.65940  -0.12979   0.22881
  -0.65940  -0.12979   0.22881
  -0.65940   0.10963  -0.01061
  -0.41998  -0.12979  -0.01061
  -0.41998  -0.36921  -0.25003
  -0.65940  -0.36921  -0.01061
  -0.65940  -0.36921  -0.01061
  -0.41998  -0.36921  -0.25003
  -0.41998  -0.60863  -0.25003
  -0.41998  -0.36921  -0.25003
  -0.41998  -0.60863  -0.25003
  -0.41998  -0.60863  -0.25003
  -0.18056  -0.60863  -0.25003
  -0.41998  -0.60863  -0.25003
  -0.41998  -0.36921  -0.01061
  -0.18056  -0.36921  -0.01061
  -0.18056  -0.60863  -0.01061
  -0.18056  -0.60863  -0.25003
  -0.18056  -0.60863  -0.01061
  -0.18056  -0.60863  -0.25003
   0.05886  -0.60863  -0.25003
  -0.41998  -0.60863  -0.01061
  -0.18056  -0.60863  -0.01061
  -0.18056  -0.60863  -0.25003
  -0.18056  -0.60863  -0.01061
   0.05886  -0.60863  -0.01061
  -0.18056  -0.36921  -0.01061
  -0.18056  -0.60863  -0.01061
  -0.18056  -0.36921  -0.25003
  -0.41998  -0.36921  -0.01061
  -0.18056  -0.60863  -0.25003
  -0.18056  -0.60863  -0.01061
  -0.18056  -0.60863  -0.25003
  -0.18056  -0.36921  -0.01061
  -0.18056  -0.60863  -0.01061
  -0.18056  -0.36921  -0.01061
  -0.18056  -0.36921  -0.25003
  -0.41998  -0.36921  -0.01061
  -0.41998  -0.36921  -0.01061
  -0.41998  -0.12979  -0.01061
  -0.41998  -0.12979   0.22881
  -0.18056  -0.12979  -0.01061
  -0.18056  -0.12979  -0.01061
  -0.18056  -0.36921   0.22881
  -0.18056  -0.12979   0.22881
  -0.18056  -0.12979   0.22881
  -0.41998  -0.12979  -0.01061
  -0.18056  -0.12979   0.22881
  -0.18056  -0.12979   0.22881
  -0.18056  -0.12979   0.22881
  -0.18056  -0.12979   0.22881
  -0.18056  -0.12979   0.22881
  -0.41998  -0.12979   0.22881
  -0.41998  -0.12979   0.22881
  -0.41998  -0.12979   0.22881
  -0.41998  -0.12979   0.46823
  -0.41998   0.10963   0.46823
  -0.41998  -0.12979   0.46823
  -0.18056   0.10963   0.46823
  -0.41998   0.10963   0.46823
  -0.18056   0.10963   0.46823
  -0.18056   0.10963   0.46823
  -0.18056   0.34905   0.46823
  -0.18056   0.34905   0.46823
  -0.18056   0.10963   0.22881
   0.05886   0.34905   0.22881
   0.05886   0.34905   0.22881
   0.05886   0.34905   0.22881
   0.05886   0.10963   0.22881
   0.05886   0.34905   0.22881
   0.05886   0.34905  -0.01061
   0.29828   0.34905   0.22881
   0.05886   0.34905   0.22881
   0.05886   0.34905   0.22881
   0.29828   0.34905  -0.01061
   0.29828   0.34905   0.22881
   0.29828   0.34905  -0.01061
   0.29828   0.34905  -0.01061
   0.29828   0.58847  -0.01061
   0.29828   0.34905  -0.01061
   0.29828   0.34905  -0.25003
   0.29828   0.34905  -0.25003
   0.29828   0.34905  -0.01061
   0.29828   0.34905  -0.25003
   0.29828   0.10963  -0.48945
   0.29828   0.34905  -0.25003
   0.29828   0.34905  -0.48945
   0.29828   0.34905  -0.48945
   0.05886   0.34905  -0.48945
   0.29828   0.58847  -0.48945
   0.05886   0.58847  -0.48945
   0.29828   0.34905  -0.48945
   0.05886   0.34905  -0.48945
   0.05886   0.34905  -0.48945
   0.05886   0.34905  -0.48945
   0.05886   0.34905  -0.48945
   0.05886   0.34905  -0.48945
  -0.18056   0.34905  -0.48945
  -0.18056   0.10963  -0.48945
  -0.18056   0.10963  -0.48945
  -0.18056  -0.12979  -0.48945
  -0.18056   0.10963  -0.25003
  -0.41998   0.10963  -0.25003
  -0.18056  -0.12979  -0.25003
  -0.18056  -0.12979  -0.25003
  -0.41998  -0.12979  -0.25003
  -0.18056  -0.12979  -0.48945
  -0.18056  -0.36921  -0.48945
  -0.18056  -0.36921  -0.25003
  -0.18056  -0.36921  -0.25003
  -0.18056  -0.36921  -0.01061
  -0.18056  -0.36921  -0.01061
  -0.18056  -0.36921  -0.01061
  -0.18056  -0.12979  -0.01061
   0.05886  -0.12979  -0.01061
   0.05886  -0.12979  -0.01061
   0.05886  -0.12979  -0.01061
   0.05886  -0.12979  -0.01061
   0.29828   0.10963  -0.25003
   0.05886  -0.12979  -0.25003
   0.29828  -0.12979  -0.25003
   0.29828  -0.36921  -0.25003
   0.53770  -0.36921  -0.25003
   0.53770  -0.12979  -0.01061
   0.29828  -0.12979  -0.25003
   0.53770  -0.12979  -0.48945
   0.53770  -0.12979  -0.25003
   0.53770  -0.36921  -0.25003
   0.53770  -0.36921  -0.25003
   0.77712  -0.12979  -0.25003
   0.53770  -0.12979  -0.25003
   0.53770  -0.36921  -0.25003
   0.53770  -0.36921  -0.25003
   0.29828  -0.36921  -0.25003
   0.53770  -0.36921  -0.01061
   0.53770  -0.36921  -0.25003
   0.53770  -0.60863  -0.25003
   0.77712  -0.36921  -0.01061
   0.77712  -0.60863  -0.25003
   0.53770  -0.36921  -0.25003
   0.53770  -0.36921  -0.25003
   0.53770  -0.36921  -0.01061
   0.53770  -0.36921  -0.01061
   0.53770  -0.36921  -0.01061
   0.53770  -0.12979  -0.01061
   0.53770  -0.12979  -0.01061
   0.29828  -0.12979  -0.25003
   0.53770  -0.12979  -0.25003
   0.29828  -0.12979  -0.25003
   0.29828   0.10963  -0.25003
   0.29828  -0.12979  -0.25003
   0.53770  -0.12979  -0.01061
   0.29828   0.10963  -0.01061
   0.29828   0.10963  -0.01061
   0.29828   0.10963  -0.01061
   0.29828   0.10963   0.22881
   0.29828   0.10963  -0.01061
   0.29828   0.10963   0.22881
   0.05886   0.10963   0.22881
   0.29828   0.10963   0.22881
   0.29828   0.10963   0.22881
   0.29828   0.10963   0.22881
   0.29828   0.10963   0.22881
   0.29828   0.10963   0.22881
   0.29828   0.34905   0.22881
   0.29828   0.10963   0.46823
   0.29828   0.10963   0.22881
   0.29828   0.10963   0.22881
   0.29828   0.10963   0.22881
   0.53770   0.10963   0.22881
   0.53770   0.10963   0.22881
   0.53770   0.10963   0.46823
   0.53770   0.34905   0.22881
   0.53770   0.10963   0.22881
   0.53770   0.34905   0.22881
   0.53770   0.34905   0.22881
   0.53770   0.34905   0.22881
   0.53770   0.34905   0.22881
   0.53770   0.34905   0.22881
   0.53770   0.10963  -0.01061
   0.53770   0.34905  -0.01061
   0.53770   0.34905   0.22881
   0.53770   0.34905  -0.01061
   0.53770   0.10963  -0.01061
   0.53770   0.34905  -0.01061
   0.29828   0.34905  -0.01061
   0.53770   0.10963  -0.01061
   0.29828   0.10963  -0.01061
   0.29828   0.10963  -0.25003
   0.29828   0.10963  -0.25003
   0.29828   0.10963  -0.25003
   0.29828   0.34905  -0.01061
   0.29828   0.10963  -0.25003
   0.29828   0.10963  -0.01061
   0.29828   0.10963  -0.25003
   0.05886   0.10963  -0.25003
   0.05886   0.10963  -0.25003
   0.05886  -0.12979  -0.25003
   0.05886   0.10963  -0.25003
   0.05886   0.10963  -0.25003
   0.05886  -0.12979  -0.48945
   0.29828  -0.12979  -0.01061
   0.05886   0.10963  -0.01061
   0.05886   0.10963  -0.25003
   0.05886   0.10963  -0.01061
   0.05886  -0.12979  -0.01061
   0.05886   0.10963  -0.01061
   0.05886   0.10963  -0.01061
   0.05886   0.10963  -0.01061
  -0.18056  -0.12979  -0.25003
   0.05886   0.10963  -0.01061
   0.05886   0.10963  -0.01061
  -0.18056  -0.12979  -0.01061
  -0.18056  -0.12979  -0.01061
  -0.18056   0.10963  -0.01061
  -0.18056  -0.12979  -0.01061
  -0.18056  -0.12979  -0.01061
  -0.18056  -0.12979  -0.25003
  -0.18056  -0.36921  -0.01061
  -0.18056  -0.12979  -0.01061
  -0.18056  -0.12979  -0.01061
  -0.18056  -0.12979  -0.01061
  -0.18056  -0.12979  -0.01061
  -0.41998  -0.12979  -0.01061
  -0.18056  -0.12979  -0.01061
  -0.18056  -0.12979  -0.01061
  -0.41998  -0.12979  -0.01061
  -0.18056  -0.12979  -0.01061
  -0.41998  -0.12979  -0.01061
  -0.18056  -0.12979  -0.01061
  -0.18056  -0.12979  -0.01061
  -0.41998  -0.12979  -0.01061
  -0.41998  -0.12979   0.22881
  -0.41998  -0.12979  -0.01061
  -0.41998  -0.12979   0.22881
  -0.41998  -0.12979  -0.01061
  -0.41998   0.10963   0.22881
  -0.41998   0.10963  -0.01061
  -0.41998   0.10963  -0.01061
  -0.41998   0.10963   0.22881
  -0.41998   0.10963  -0.01061
  -0.41998   0.10963  -0.01061
  -0.41998   0.10963  -0.01061
  -0.41998   0.10963  -0.01061
  -0.41998   0.10963  -0.01061
  -0.41998  -0.12979  -0.01061
  -0.41998   0.10963  -0.01061
  -0.41998   0.10963  -0.01061
  -0.41998   0.10963   0.22881
  -0.41998   0.10963   0.22881
  -0.41998   0.10963   0.22881
  -0.18056   0.10963  -0.01061
  -0.41998  -0.12979   0.22881
  -0.41998  -0.12979   0.22881
  -0.41998  -0.12979   0.22881
  -0.18056  -0.12979   0.22881
  -0.18056  -0.12979   0.22881
  -0.18056  -0.12979   0.22881
  -0.18056  -0.12979  -0.01061
  -0.18056  -0.12979   0.22881
  -0.41998  -0.12979   0.22881
  -0.18056  -0.12979   0.22881
  -0.18056  -0.12979   0.22881
  -0.18056  -0.12979   0.22881
  -0.18056  -0.12979   0.22881
  -0.18056   0.10963   0.46823
  -0.18056   0.10963   0.22881
  -0.18056   0.10963   0.22881
   0.05886  -0.12979   0.22881
  -0.18056  -0.12979   0.22881
  -0.18056   0.10963   0.46823
  -0.18056   0.10963   0.46823
   0.05886   0.10963   0.22881
  -0.18056  -0.12979   0.22881
  -0.18056  -0.12979   0.22881
  -0.18056  -0.12979   0.22881
  -0.18056  -0.12979   0.22881
  -0.18056  -0.12979   0.22881
  -0.18056  -0.12979   0.22881
  -0.41998  -0.12979   0.22881
  -0.18056  -0.36921  -0.01061
  -0.41998  -0.12979  -0.01061
  -0.41998  -0.12979   0.22881
  -0.41998  -0.12979  -0.01061
  -0.41998  -0.12979   0.22881
  -0.41998  -0.12979  -0.01061
  -0.18056  -0.12979  -0.01061
  -0.41998  -0.12979  -0.01061
  -0.65940  -0.12979   0.22881
  -0.41998  -0.12979  -0.01061
  -0.65940  -0.12979  -0.01061
  -0.65940  -0.12979  -0.01061
  -0.65940  -0.12979  -0.01061
  -0.41998   0.10963  -0.01061
  -0.65940   0.10963  -0.01061
  -0.41998   0.10963  -0.01061
  -0.65940   0.10963  -0.01061
  -0.65940   0.10963  -0.01061
  -0.65940   0.10963  -0.01061
  -0.41998   0.10963  -0.01061
  -0.65940   0.10963  -0.01061
  -0.41998   0.10963   0.22881
  -0.41998   0.10963  -0.01061
  -0.41998   0.10963  -0.01061
  -0.41998   0.10963  -0.01061
  -0.41998   0.10963  -0.25003
  -0.41998   0.10963  -0.01061
  -0.18056   0.10963  -0.01061
  -0.18056   0.10963  -0.01061
  -0.18056   0.10963  -0.01061
  -0.18056   0.10963  -0.01061
  -0.18056   0.10963  -0.25003
  -0.18056   0.10963  -0.25003
   0.05886   0.10963  -0.25003
   0.05886   0.10963  -0.25003
   0.05886   0.10963  -0.25003
   0.05886   0.34905  -0.25003
   0.05886   0.10963  -0.25003
   0.05886   0.10963  -0.25003
   0.05886   0.10963  -0.25003
   0.05886   0.10963  -0.25003
   0.05886   0.10963  -0.25003
   0.29828   0.10963  -0.25003
   0.05886   0.10963  -0.48945
  -0.18056   0.10963  -0.25003
   0.05886   0.10963  -0.48945
   0.05886   0.10963  -0.25003
   0.05886  -0.12979  -0.25003
   0.05886  -0.12979  -0.25003
   0.05886   0.10963  -0.25003
   0.05886   0.10963  -0.25003
   0.05886   0.10963  -0.25003
   0.05886  -0.12979  -0.25003
   0.05886   0.10963  -0.25003
   0.29828   0.34905  -0.25003
   0.05886   0.10963  -0.25003
   0.29828  -0.12979  -0.01061
   0.29828  -0.12979  -0.25003
   0.29828  -0.12979  -0.01061
   0.05886  -0.12979  -0.01061
   0.29828  -0.12979  -0.01061
   0.29828  -0.12979  -0.01061
   0.29828  -0.12979   0.22881
   0.29828  -0.12979  -0.01061
   0.29828  -0.36921   0.22881
   0.29828  -0.12979  -0.01061
   0.29828  -0.36921   0.22881
   0.29828  -0.12979   0.22881
   0.29828  -0.36921   0.22881
   0.29828  -0.36921   0.46823
   0.05886  -0.36921   0.46823
   0.29828  -0.36921   0.46823
   0.29828  -0.36921   0.22881
   0.29828  -0.12979   0.46823
   0.29828  -0.36921   0.22881
   0.29828  -0.36921   0.22881
   0.05886  -0.36921   0.22881
   0.29828  -0.36921   0.46823
   0.29828  -0.36921   0.46823
   0.29828  -0.36921   0.46823
   0.29828  -0.36921   0.22881
   0.05886  -0.12979   0.46823
   0.05886  -0.36921   0.46823
   0.05886  -0.36921   0.46823
   0.29828  -0.36921   0.46823
   0.05886  -0.36921   0.22881
   0.05886  -0.36921   0.22881
   0.05886  -0.12979   0.22881
   0.05886  -0.12979   0.22881
   0.05886  -0.12979   0.22881
   0.05886  -0.12979   0.46823
   0.05886  -0.12979   0.22881
   0.05886  -0.12979   0.22881
   0.05886  -0.12979   0.22881
   0.05886  -0.12979  -0.01061
   0.05886  -0.12979   0.22881
   0.05886  -0.12979  -0.01061
   0.05886  -0.12979  -0.01061
   0.05886  -0.12979  -0.01061
   0.05886  -0.12979  -0.01061
   0.05886  -0.12979  -0.01061
   0.05886   0.10963  -0.01061
   0.05886  -0.12979  -0.01061
   0.05886   0.10963  -0.25003
  -0.18056   0.10963  -0.01061
  -0.18056   0.10963  -0.25003
   0.05886   0.34905  -0.48945
   0.05886   0.34905  -0.25003
   0.05886   0.10963  -0.25003
   0.05886   0.34905  -0.48945
   0.05886   0.34905  -0.48945
   0.05886   0.34905  -0.25003
   0.05886   0.10963  -0.48945
   0.05886   0.34905  -0.48945
   0.05886   0.34905  -0.48945
   0.05886   0.34905  -0.72887
   0.05886   0.10963  -0.48945
   0.05886   0.34905  -0.48945
   0.05886   0.34905  -0.48945
   0.29828   0.34905  -0.48945
   0.29828   0.34905  -0.48945
   0.29828   0.34905  -0.48945
   0.29828   0.34905  -0.72887
   0.29828   0.34905  -0.48945
   0.29828   0.34905  -0.72887
   0.53770   0.34905  -0.72887
   0.53770   0.34905  -0.48945
   0.53770   0.34905  -0.48945
   0.29828   0.34905  -0.72887
   0.53770   0.34905  -0.72887
   0.53770   0.34905  -0.48945
   0.53770   0.34905  -0.72887
   0.53770   0.34905  -0.48945
   0.53770   0.34905  -0.48945
   0.53770   0.34905  -0.48945
   0.29828   0.34905  -0.72887
   0.29828   0.34905  -0.48945
   0.29828   0.34905  -0.72887
   0.29828   0.10963  -0.48945
   0.29828   0.10963  -0.48945
   0.29828   0.10963  -0.48945
   0.29828   0.34905  -0.48945
   0.29828   0.10963  -0.48945
   0.29828   0.10963  -0.48945
   0.29828   0.10963  -0.48945
   0.29828   0.10963  -0.48945
   0.29828   0.10963  -0.25003
   0.05886   0.10963  -0.25003
   0.29828   0.10963  -0.25003
   0.29828   0.10963  -0.25003
   0.53770   0.10963  -0.25003
   0.29828   0.34905  -0.25003
   0.29828   0.10963  -0.25003
   0.29828  -0.12979  -0.01061
   0.29828   0.10963  -0.01061
   0.29828  -0.12979  -0.25003
   0.29828   0.10963  -0.01061
   0.29828   0.10963  -0.01061
   0.29828  -0.12979   0.22881
   0.29828   0.10963   0.22881
   0.29828  -0.12979   0.22881
   0.29828   0.10963   0.22881
   0.29828  -0.12979  -0.01061
   0.29828  -0.12979   0.22881
   0.29828  -0.12979   0.22881
   0.29828  -0.12979   0.22881
   0.05886  -0.12979   0.22881
   0.29828  -0.36921   0.22881
   0.05886  -0.12979   0.46823
   0.29828  -0.12979   0.22881
   0.05886  -0.36921   0.46823
   0.05886  -0.12979   0.46823
   0.05886  -0.36921   0.46823
  -0.18056  -0.36921   0.46823
   0.05886  -0.36921   0.46823
   0.05886  -0.36921   0.46823
   0.05886  -0.36921   0.46823
  -0.18056  -0.36921   0.46823
  -0.18056  -0.12979   0.70765
  -0.18056  -0.36921   0.46823
  -0.18056  -0.12979   0.70765
  -0.18056  -0.12979   0.46823
  -0.18056  -0.12979   0.70765
  -0.41998  -0.36921   0.46823
  -0.41998  -0.36921   0.70765
  -0.41998  -0.12979   0.70765
  -0.41998  -0.12979   0.46823
  -0.65940  -0.12979   0.70765
  -0.41998  -0.12979   0.46823
  -0.65940  -0.12979   0.70765
  -0.65940  -0.12979   0.70765
  -0.65940  -0.12979   0.70765
  -0.65940  -0.12979   0.70765
  -0.65940  -0.12979   0.46823
  -0.65940  -0.12979   0.70765
  -0.65940  -0.12979   0.46823
  -0.65940  -0.12979   0.46823
  -0.65940  -0.12979   0.46823
  -0.65940  -0.12979   0.46823
  -0.65940  -0.12979   0.46823
  -0.65940  -0.12979   0.46823
  -0.65940  -0.12979   0.46823
  -0.41998   0.10963   0.46823
  -0.65940  -0.12979   0.22881
  -0.41998   0.10963   0.22881
  -0.41998  -0.12979   0.22881
  -0.65940  -0.12979   0.46823
  -0.41998   0.10963   0.22881
  -0.41998   0.10963   0.22881
  -0.41998   0.10963   0.22881
  -0.41998   0.10963   0.22881
  -0.41998   0.10963   0.22881
  -0.18056  -0.12979   0.22881
  -0.18056   0.10963  -0.01061
  -0.18056   0.10963   0.22881
  -0.18056   0.10963  -0.01061
  -0.18056   0.10963  -0.01061
  -0.18056   0.10963   0.22881
  -0.18056   0.10963  -0.01061
   0.05886   0.10963  -0.01061
  -0.18056   0.10963  -0.01061
   0.05886   0.10963  -0.01061
   0.05886   0.10963  -0.01061
  -0.18056   0.10963  -0.01061
   0.05886   0.34905  -0.25003
   0.05886   0.10963  -0.25003
   0.05886   0.10963  -0.25003
   0.29828   0.10963  -0.01061
   0.29828   0.10963  -0.25003
   0.05886   0.10963  -0.25003
   0.05886   0.10963  -0.25003
   0.29828   0.10963  -0.48945
   0.29828   0.34905  -0.48945
   0.29828   0.10963  -0.48945
   0.05886   0.10963  -0.25003
   0.05886   0.10963  -0.25003
   0.05886   0.10963  -0.48945
   0.29828  -0.12979  -0.48945
   0.53770   0.10963  -0.48945
   0.29828   0.10963  -0.25003
   0.05886   0.10963  -0.25003
   0.29828   0.10963  -0.48945
   0.29828   0.10963  -0.48945
   0.29828   0.10963  -0.48945
   0.29828   0.10963  -0.48945
   0.29828  -0.12979  -0.48945
   0.29828  -0.12979  -0.48945
   0.29828   0.10963  -0.48945
   0.05886   0.10963  -0.48945
   0.29828  -0.12979  -0.48945
   0.29828  -0.12979  -0.25003
   0.29828   0.10963  -0.25003
   0.05886  -0.12979  -0.25003
   0.05886   0.10963  -0.25003
   0.05886   0.10963  -0.25003
   0.29828   0.10963  -0.01061
   0.05886   0.10963  -0.01061
   0.05886   0.34905  -0.25003
   0.05886   0.10963  -0.25003
   0.05886   0.34905  -0.25003
   0.05886   0.34905  -0.01061
   0.05886   0.34905  -0.25003
  -0.18056   0.34905  -0.01061
   0.05886   0.34905  -0.01061
  -0.18056   0.34905  -0.01061
  -0.18056   0.34905  -0.01061
  -0.18056   0.10963  -0.01061
  -0.18056   0.10963   0.22881
  -0.41998   0.10963   0.22881
  -0.41998   0.10963   0.22881
  -0.41998   0.10963   0.22881
  -0.18056   0.10963   0.22881
  -0.18056  -0.12979   0.22881
  -0.18056  -0.12979   0.46823
  -0.18056  -0.12979   0.22881
  -0.18056  -0.12979   0.46823
  -0.41998  -0.36921   0.46823
  -0.18056  -0.12979   0.46823
  -0.18056  -0.12979   0.46823
  -0.18056  -0.12979   0.46823
  -0.18056  -0.12979   0.46823
  -0.18056  -0.12979   0.46823
  -0.18056  -0.12979   0.46823
  -0.18056  -0.36921   0.46823
  -0.18056  -0.36921   0.70765
  -0.18056  -0.36921   0.46823
  -0.18056  -0.36921   0.46823
  -0.18056  -0.36921   0.46823
  -0.18056  -0.36921   0.46823
  -0.18056  -0.36921   0.46823
  -0.18056  -0.36921   0.70765
  -0.18056  -0.36921   0.46823
  -0.18056  -0.36921   0.46823
  -0.18056  -0.60863   0.46823
  -0.18056  -0.36921   0.22881
  -0.18056  -0.36921   0.46823
  -0.18056  -0.60863   0.46823
  -0.18056  -0.60863   0.22881
  -0.18056  -0.36921   0.22881
  -0.18056  -0.36921  -0.01061
  -0.18056  -0.36921   0.22881
  -0.18056  -0.36921   0.22881
  -0.18056  -0.36921  -0.01061
  -0.18056  -0.36921  -0.01061
  -0.18056  -0.36921  -0.01061
  -0.18056  -0.36921  -0.25003
  -0.18056  -0.36921  -0.01061
  -0.18056  -0.60863  -0.25003
  -0.18056  -0.36921  -0.25003
  -0.18056  -0.36921  -0.25003
  -0.18056  -0.12979  -0.48945
  -0.18056  -0.12979  -0.48945
  -0.18056  -0.12979  -0.25003
  -0.18056  -0.12979  -0.48945
  -0.18056  -0.12979  -0.72887
  -0.18056  -0.12979  -0.48945
  -0.18056  -0.12979  -0.72887
  -0.18056  -0.12979  -0.48945
   0.05886  -0.12979  -0.48945
  -0.18056  -0.12979  -0.72887
  -0.18056  -0.12979  -0.72887
  -0.18056  -0.12979  -0.72887
  -0.18056   0.10963  -0.72887
   0.05886   0.10963  -0.72887
   0.05886   0.10963  -0.72887
   0.05886   0.10963  -0.72887
   0.29828   0.10963  -0.72887
   0.29828   0.10963  -0.96829
   0.29828   0.10963  -0.72887
   0.29828   0.10963  -0.72887
   0.53770   0.10963  -0.72887
   0.53770   0.10963  -0.48945
   0.53770   0.10963  -0.72887
   0.53770   0.10963  -0.48945
   0.29828   0.34905  -0.48945
   0.53770   0.10963  -0.48945
   0.53770   0.34905  -0.72887
   0.53770   0.10963  -0.48945
   0.53770   0.10963  -0.48945
   0.77712   0.34905  -0.48945
   0.53770   0.34905  -0.25003
   0.53770   0.34905  -0.25003
   0.77712   0.34905  -0.48945
   0.77712   0.34905  -0.25003
   0.77712   0.58847  -0.48945
   0.77712   0.34905  -0.25003
   0.77712   0.34905  -0.25003
   0.77712   0.34905  -0.25003
   0.77712   0.58847  -0.25003
   0.77712   0.58847  -0.25003
   0.77712   0.58847  -0.25003
   0.77712   0.34905  -0.25003
   0.53770   0.58847   0.22881
   0.77712   0.58847  -0.01061
   0.53770   0.34905  -0.01061
   0.53770   0.58847  -0.01061
   0.53770   0.58847  -0.01061
   0.53770   0.34905  -0.01061
   0.29828   0.34905   0.22881
   0.29828   0.58847   0.22881
   0.29828   0.34905   0.22881
   0.29828   0.58847   0.22881
   0.05886   0.34905   0.22881
   0.05886   0.34905  -0.01061
   0.05886   0.34905   0.22881
   0.05886   0.34905   0.22881
  -0.18056   0.10963   0.46823
  -0.18056   0.10963   0.22881
  -0.18056   0.10963   0.46823
  -0.18056   0.10963   0.46823
  -0.18056   0.10963   0.46823
  -0.18056   0.34905   0.22881
  -0.41998   0.34905   0.70765
  -0.41998   0.34905   0.70765
  -0.41998   0.34905   0.70765
  -0.41998   0.10963   0.70765
  -0.41998   0.10963   0.70765
  -0.65940   0.34905   0.70765
  -0.41998   0.10963   0.70765
  -0.41998   0.10963   0.70765
  -0.41998   0.10963   0.70765
  -0.41998   0.10963   0.94707
  -0.41998   0.10963   0.70765
  -0.41998  -0.12979   0.94707
  -0.41998   0.10963   0.70765
  -0.41998   0.34905   0.94707
  -0.41998  -0.12979   0.94707
  -0.41998   0.10963   0.94707
  -0.41998  -0.12979   0.70765
  -0.41998  -0.12979   0.94707
  -0.18056  -0.12979   0.70765
  -0.18056  -0.12979   0.46823
  -0.41998  -0.12979   0.70765
  -0.18056  -0.12979   0.70765
  -0.18056  -0.36921   0.70765
  -0.18056  -0.36921   0.70765
  -0.18056  -0.36921   0.46823
  -0.18056  -0.12979   0.70765
  -0.18056  -0.12979   0.46823
  -0.18056  -0.12979   0.70765
  -0.18056  -0.36921   0.46823
  -0.41998  -0.12979   0.46823
  -0.18056  -0.12979   0.22881
  -0.18056  -0.12979   0.22881
  -0.18056  -0.12979   0.22881
  -0.18056  -0.12979   0.22881
  -0.41998  -0.12979   0.22881
  -0.41998  -0.12979   0.22881
  -0.41998  -0.12979   0.22881
  -0.41998  -0.12979   0.22881
  -0.41998  -0.12979  -0.01061
  -0.65940  -0.36921  -0.01061
  -0.41998  -0.12979  -0.01061
  -0.41998  -0.12979  -0.01061
  -0.41998  -0.12979  -0.01061
  -0.65940  -0.12979  -0.01061
  -0.41998  -0.12979  -0.25003
  -0.65940  -0.12979  -0.25003
  -0.65940  -0.36921  -0.25003
  -0.41998  -0.36921  -0.25003
  -0.41998  -0.36921  -0.25003
  -0.41998  -0.36921  -0.48945
  -0.41998  -0.36921  -0.25003
  -0.41998  -0.36921  -0.25003
  -0.41998  -0.36921  -0.48945
  -0.18056  -0.36921  -0.48945
  -0.18056  -0.36921  -0.48945
  -0.18056  -0.36921  -0.48945
  -0.18056  -0.36921  -0.48945
   0.05886  -0.36921  -0.48945
  -0.18056  -0.36921  -0.48945
   0.05886  -0.36921  -0.48945
   0.05886  -0.12979  -0.48945
   0.05886  -0.12979  -0.48945
   0.05886  -0.12979  -0.48945
   0.05886  -0.12979  -0.48945
   0.29828  -0.36921  -0.48945
   0.29828  -0.12979  -0.48945
   0.29828  -0.12979  -0.48945
   0.29828  -0.12979  -0.48945
   0.29828  -0.12979  -0.48945
   0.29828  -0.12979  -0.48945
   0.29828  -0.12979  -0.48945
   0.29828  -0.12979  -0.48945
   0.29828   0.10963  -0.25003
   0.29828  -0.12979  -0.48945
   0.29828  -0.12979  -0.48945
   0.29828   0.10963  -0.48945
   0.29828  -0.12979  -0.25003
   0.29828   0.10963  -0.25003
   0.29828  -0.12979  -0.48945
   0.29828  -0.12979  -0.48945
   0.29828  -0.12979  -0.25003
   0.29828  -0.12979  -0.48945
   0.29828  -0.36921  -0.25003
   0.29828  -0.12979  -0.25003
   0.29828  -0.12979  -0.25003
   0.29828  -0.12979  -0.25003
   0.29828   0.10963  -0.25003
   0.53770   0.10963  -0.25003
   0.29828  -0.12979  -0.25003
   0.29828   0.10963  -0.01061
   0.53770   0.10963  -0.01061
   0.53770   0.10963  -0.25003
   0.29828   0.34905  -0.25003
   0.53770   0.34905  -0.25003
   0.29828   0.10963   0.22881
   0.53770   0.34905  -0.01061
   0.53770   0.10963  -0.01061
   0.53770   0.10963  -0.01061
   0.29828   0.34905  -0.01061
   0.53770   0.34905  -0.25003
   0.53770   0.34905  -0.01061
   0.53770   0.34905  -0.01061
   0.29828   0.34905  -0.01061
   0.29828   0.34905  -0.01061
   0.53770   0.34905   0.22881
   0.29828   0.34905   0.22881
   0.29828   0.10963  -0.01061
   0.29828   0.10963  -0.01061
   0.29828   0.10963  -0.01061
   0.29828   0.34905  -0.01061
   0.29828   0.34905   0.22881
   0.05886   0.34905   0.22881
   0.05886   0.34905   0.22881
   0.05886   0.34905   0.22881
   0.05886   0.34905   0.22881
   0.05886   0.34905   0.22881
   0.05886   0.34905   0.22881
   0.05886   0.34905  -0.01061
   0.05886   0.10963  -0.01061
   0.05886   0.34905  -0.01061
   0.05886   0.34905  -0.01061
   0.05886   0.34905   0.22881
   0.05886   0.34905   0.22881
   0.05886   0.34905   0.22881
   0.05886   0.10963  -0.01061
  -0.18056   0.10963   0.22881
   0.05886   0.10963  -0.01061
   0.05886   0.10963   0.22881
   0.05886   0.10963  -0.01061
   0.05886   0.34905   0.22881
   0.05886   0.34905  -0.01061
  -0.18056   0.10963   0.22881
   0.05886   0.10963  -0.01061
   0.05886   0.10963  -0.01061
   0.05886   0.10963  -0.01061
  -0.18056   0.10963  -0.01061
   0.05886   0.10963  -0.01061
  -0.18056   0.10963  -0.25003
   0.05886   0.10963  -0.01061
   0.05886   0.10963  -0.01061
   0.05886  -0.12979  -0.01061
   0.05886  -0.12979  -0.01061
   0.05886  -0.12979  -0.01061
  -0.18056  -0.12979   0.22881
   0.05886  -0.12979  -0.01061
  -0.18056  -0.12979  -0.01061
  -0.18056  -0.12979  -0.01061
   0.05886  -0.12979  -0.01061
   0.05886  -0.12979  -0.01061
   0.05886  -0.12979  -0.25003
   0.05886  -0.12979  -0.01061
   0.05886  -0.36921  -0.25003
   0.05886  -0.12979  -0.25003
   0.05886  -0.12979  -0.01061
   0.05886  -0.12979  -0.01061
   0.05886  -0.12979  -0.01061
   0.05886  -0.12979  -0.01061
   0.05886  -0.36921  -0.25003
   0.05886  -0.12979  -0.25003
   0.05886  -0.36921  -0.25003
   0.05886  -0.36921  -0.48945
   0.05886  -0.36921  -0.25003
   0.05886  -0.36921  -0.25003
   0.29828  -0.36921  -0.25003
   0.05886  -0.36921  -0.25003
   0.05886  -0.12979  -0.25003
   0.29828  -0.36921  -0.25003
   0.05886  -0.36921  -0.25003
   0.29828  -0.36921  -0.25003
   0.05886  -0.36921  -0.25003
   0.29828  -0.36921  -0.48945
   0.29828  -0.36921  -0.25003
   0.29828  -0.36921  -0.25003
   0.05886  -0.36921  -0.25003
   0.05886  -0.36921  -0.25003
   0.05886  -0.36921  -0.25003
   0.05886  -0.36921  -0.25003
   0.05886  -0.36921  -0.25003
   0.05886  -0.36921  -0.25003
   0.05886  -0.36921  -0.25003
   0.05886  -0.36921  -0.25003
   0.05886  -0.12979  -0.25003
   0.05886  -0.12979  -0.25003
   0.05886  -0.12979  -0.25003
   0.05886  -0.12979  -0.25003
   0.05886   0.10963  -0.25003
   0.05886  -0.12979  -0.25003
   0.05886   0.10963  -0.25003
   0.05886   0.10963  -0.01061
   0.05886   0.10963  -0.01061
   0.05886   0.10963  -0.01061
   0.05886   0.10963  -0.01061
   0.05886   0.10963  -0.01061
   0.05886   0.10963  -0.01061
   0.05886   0.10963  -0.01061
   0.05886   0.10963  -0.01061
   0.05886   0.10963  -0.01061
   0.05886   0.34905  -0.01061
   0.05886   0.10963  -0.01061
  -0.18056   0.34905   0.22881
   0.05886   0.34905   0.22881
  -0.18056   0.34905   0.22881
   0.05886   0.34905  -0.01061
  -0.18056   0.34905   0.22881
   0.05886   0.34905  -0.01061
  -0.18056   0.34905   0.22881
  -0.18056   0.34905   0.22881
  -0.18056   0.34905   0.22881
  -0.18056   0.34905   0.22881
   0.05886   0.34905   0.46823
   0.05886   0.34905   0.22881
   0.05886   0.34905   0.22881
  -0.18056   0.34905   0.22881
  -0.18056   0.34905   0.22881
  -0.18056   0.34905   0.22881
  -0.18056   0.34905   0.22881
  -0.18056   0.34905   0.22881
  -0.18056   0.34905   0.22881
  -0.18056   0.34905   0.22881
  -0.18056   0.34905   0.22881
  -0.41998   0.10963   0.22881
  -0.18056   0.10963   0.22881
  -0.18056   0.10963   0.22881
  -0.18056   0.10963   0.46823
  -0.18056   0.10963   0.22881
  -0.41998   0.10963   0.22881
  -0.41998   0.34905   0.22881
  -0.41998   0.34905   0.22881
  -0.41998   0.34905   0.22881
  -0.41998   0.10963   0.22881
  -0.18056   0.34905   0.22881
  -0.41998   0.10963   0.22881
  -0.41998   0.10963   0.22881
  -0.41998   0.10963   0.22881
  -0.41998   0.10963   0.22881
  -0.41998   0.10963   0.22881
  -0.41998  -0.12979   0.22881
  -0.41998   0.10963   0.22881
  -0.41998   0.10963   0.46823
  -0.41998  -0.12979   0.46823
  -0.41998   0.10963   0.22881
  -0.41998  -0.12979   0.22881
  -0.41998  -0.12979   0.22881
  -0.41998   0.10963   0.22881
  -0.41998   0.10963   0.22881
  -0.41998   0.10963   0.22881
  -0.41998  -0.12979   0.22881
  -0.41998  -0.12979  -0.01061
  -0.41998  -0.12979   0.22881
  -0.41998  -0.12979   0.22881
  -0.41998  -0.12979  -0.01061
  -0.41998  -0.12979  -0.01061
  -0.41998  -0.12979   0.22881
  -0.65940  -0.12979   0.22881
  -0.65940  -0.12979   0.22881
  -0.41998  -0.12979  -0.01061
  -0.41998  -0.12979   0.22881
  -0.41998  -0.36921   0.22881
  -0.41998  -0.12979  -0.01061
  -0.41998   0.10963   0.22881
  -0.41998   0.10963   0.22881
  -0.41998  -0.12979   0.22881
  -0.41998  -0.12979   0.46823
  -0.41998  -0.12979   0.22881
  -0.65940  -0.36921   0.22881
  -0.65940  -0.12979   0.22881
  -0.41998  -0.36921   0.22881
  -0.41998  -0.12979   0.22881
  -0.41998  -0.12979   0.22881
  -0.65940  -0.12979   0.22881
  -0.41998  -0.12979   0.46823
  -0.41998  -0.12979   0.22881
  -0.41998  -0.12979   0.22881
  -0.41998  -0.12979  -0.01061
  -0.41998  -0.36921   0.22881
  -0.41998  -0.12979  -0.01061
  -0.41998  -0.12979   0.22881
  -0.41998  -0.12979  -0.01061
  -0.41998  -0.12979   0.22881
  -0.41998  -0.12979  -0.01061
  -0.41998  -0.12979  -0.01061
  -0.41998  -0.36921  -0.25003
  -0.41998  -0.12979  -0.01061
  -0.18056  -0.12979  -0.01061
  -0.41998  -0.36921  -0.25003
  -0.41998  -0.12979   0.22881
  -0.41998  -0.36921  -0.01061
  -0.18056  -0.12979   0.22881
  -0.18056  -0.12979  -0.01061
  -0.18056  -0.12979  -0.01061
  -0.18056  -0.36921  -0.01061
  -0.18056  -0.36921  -0.01061
  -0.18056  -0.36921  -0.01061
  -0.41998  -0.12979  -0.01061
  -0.18056  -0.12979  -0.01061
  -0.18056  -0.12979  -0.01061
  -0.18056  -0.12979  -0.01061
  -0.18056  -0.36921  -0.01061
   0.05886  -0.12979  -0.01061
  -0.18056  -0.12979  -0.25003
   0.05886  -0.12979  -0.01061
  -0.18056  -0.12979  -0.01061
   0.05886   0.10963  -0.01061
   0.05886   0.10963  -0.25003
   0.05886   0.10963  -0.25003
   0.05886   0.34905  -0.01061
   0.05886   0.10963  -0.01061
   0.29828  -0.12979  -0.01061
   0.29828   0.10963  -0.01061
   0.29828   0.10963   0.22881
   0.29828   0.10963   0.22881
   0.29828   0.34905  -0.01061
   0.29828   0.10963   0.22881
   0.29828   0.10963   0.22881
   0.53770   0.34905  -0.01061
   0.53770   0.10963   0.22881
   0.53770   0.10963   0.46823
   0.53770   0.34905   0.46823
   0.53770   0.34905   0.46823
   0.53770   0.34905   0.46823
   0.53770   0.10963   0.46823
   0.77712   0.10963   0.46823
   0.53770   0.10963   0.46823
   0.77712   0.10963   0.70765
   0.53770   0.10963   0.46823
   0.77712   0.10963   0.70765
   0.77712   0.10963   0.46823
   0.77712   0.10963   0.46823
   0.77712   0.10963   0.46823
   0.77712   0.34905   0.46823
   1.01654   0.10963   0.46823
   1.01654   0.10963   0.46823
   1.01654   0.10963   0.46823
   1.01654   0.10963   0.46823
   1.01654   0.10963   0.46823
   1.01654   0.10963   0.46823
   1.01654   0.10963   0.46823
   1.01654   0.10963   0.46823
   1.01654   0.10963   0.46823
   1.01654   0.10963   0.46823
   0.77712  -0.12979   0.22881
   1.01654   0.10963   0.22881
   1.01654  -0.12979   0.22881
   1.01654  -0.12979   0.22881
   0.77712  -0.12979   0.22881
   0.77712   0.10963   0.22881
   0.77712  -0.12979   0.22881
   0.77712  -0.12979   0.22881
   0.77712  -0.12979  -0.01061
   0.53770  -0.12979   0.22881
   0.53770  -0.12979  -0.01061
   0.77712  -0.12979  -0.25003
   0.53770  -0.12979  -0.01061
   0.53770  -0.12979  -0.01061
   0.29828  -0.12979  -0.01061
   0.29828  -0.12979  -0.25003
   0.29828  -0.12979  -0.25003
   0.29828   0.10963  -0.25003
   0.29828   0.10963  -0.25003
   0.29828  -0.12979  -0.48945
   0.05886  -0.12979  -0.25003
   0.29828  -0.12979  -0.48945
   0.05886  -0.12979  -0.25003
   0.05886  -0.36921  -0.48945
   0.05886  -0.12979  -0.25003
  -0.18056  -0.12979  -0.72887
  -0.18056  -0.12979  -0.48945
  -0.18056  -0.12979  -0.48945
   0.05886  -0.12979  -0.48945
  -0.18056  -0.12979  -0.48945
  -0.18056  -0.12979  -0.48945
  -0.18056   0.10963  -0.48945
  -0.18056   0.10963  -0.48945
  -0.41998  -0.12979  -0.48945
  -0.18056   0.10963  -0.48945
  -0.41998   0.10963  -0.48945
  -0.41998   0.10963  -0.48945
  -0.41998   0.10963  -0.72887
  -0.41998   0.10963  -0.72887
  -0.41998  -0.12979  -0.48945
  -0.41998   0.10963  -0.48945
  -0.41998   0.10963  -0.72887
  -0.41998   0.10963  -0.48945
  -0.18056   0.10963  -0.72887
  -0.41998  -0.12979  -0.72887
  -0.18056  -0.12979  -0.72887
  -0.18056  -0.12979  -0.72887
  -0.18056  -0.12979  -0.72887
  -0.18056  -0.12979  -0.72887
  -0.18056  -0.12979  -0.72887
   0.05886  -0.12979  -0.96829
  -0.18056  -0.12979  -0.72887
   0.05886  -0.12979  -0.72887
  -0.18056  -0.12979  -0.72887
   0.05886  -0.12979  -0.72887
   0.05886  -0.36921  -0.72887
   0.05886  -0.36921  -0.72887
  -0.18056  -0.36921  -0.72887
   0.05886  -0.12979  -0.96829
   0.05886  -0.12979  -0.72887
   0.05886  -0.12979  -0.96829
   0.05886  -0.12979  -0.96829
   0.29828  -0.12979  -0.72887
   0.05886  -0.12979  -0.72887
   0.29828  -0.12979  -0.72887
   0.29828  -0.12979  -0.72887
   0.29828  -0.12979  -0.96829
   0.29828  -0.12979  -0.72887
   0.05886   0.10963  -0.72887
   0.29828   0.10963  -0.72887
   0.29828   0.10963  -0.72887
   0.29828   0.10963  -0.72887
   0.53770   0.10963  -0.72887
   0.53770   0.10963  -0.72887
   0.53770   0.10963  -0.72887
   0.53770   0.10963  -0.72887
   0.53770   0.10963  -0.48945
   0.53770   0.34905  -0.48945
   0.29828   0.34905  -0.48945
   0.53770   0.34905  -0.48945
   0.53770   0.34905  -0.48945
   0.53770   0.34905  -0.48945
   0.29828   0.34905  -0.48945
   0.53770   0.34905  -0.25003
   0.29828   0.10963  -0.25003
   0.29828   0.10963  -0.01061
   0.29828   0.10963  -0.01061
   0.29828   0.10963  -0.01061
   0.29828   0.10963  -0.01061
   0.29828   0.10963  -0.25003
   0.29828   0.10963  -0.01061
   0.29828   0.10963   0.22881
   0.05886   0.10963   0.22881
   0.29828   0.10963   0.22881
   0.05886   0.10963   0.22881
   0.05886   0.10963   0.46823
   0.05886   0.10963   0.22881
   0.05886   0.10963   0.22881
   0.05886   0.10963   0.22881
   0.05886   0.10963   0.22881
   0.05886   0.10963   0.22881
   0.05886   0.10963   0.22881
   0.05886   0.10963   0.22881
  -0.18056   0.10963   0.46823
   0.05886   0.10963   0.22881
  -0.18056   0.34905   0.46823
  -0.18056   0.10963   0.46823
  -0.18056   0.10963   0.22881
  -0.18056   0.10963   0.46823
  -0.18056   0.34905   0.46823
  -0.41998   0.10963   0.46823
  -0.41998   0.34905   0.46823
  -0.41998   0.34905   0.46823
  -0.41998   0.10963   0.46823
  -0.41998   0.34905   0.46823
  -0.41998   0.34905   0.46823
  -0.41998   0.34905   0.46823
  -0.41998   0.34905   0.46823
  -0.65940   0.34905   0.70765
  -0.41998   0.10963   0.70765
  -0.41998   0.10963   0.22881
  -0.41998   0.10963   0.70765
  -0.41998   0.10963   0.46823
  -0.41998   0.10963   0.46823
  -0.41998   0.10963   0.46823
  -0.41998  -0.12979   0.46823
  -0.65940  -0.12979   0.46823
  -0.41998  -0.12979   0.46823
  -0.41998  -0.12979   0.46823
  -0.41998   0.10963   0.22881
  -0.41998  -0.12979   0.46823
  -0.18056   0.10963   0.46823
  -0.18056  -0.12979   0.22881
  -0.41998  -0.36921   0.22881
  -0.41998  -0.12979   0.46823
  -0.41998  -0.12979   0.46823
  -0.41998  -0.12979   0.46823
  -0.65940  -0.36921   0.46823
  -0.41998  -0.12979   0.22881
  -0.41998  -0.12979   0.22881
  -0.41998  -0.36921   0.46823
  -0.41998  -0.36921   0.22881
  -0.41998  -0.36921   0.22881
  -0.41998  -0.36921   0.22881
  -0.41998  -0.12979   0.22881
  -0.65940  -0.12979   0.22881
  -0.41998  -0.36921   0.22881
  -0.18056  -0.36921   0.22881
  -0.41998  -0.36921   0.22881
  -0.41998  -0.12979   0.22881
  -0.41998  -0.12979   0.22881
  -0.41998  -0.12979   0.22881
  -0.41998  -0.12979   0.22881
  -0.41998  -0.12979   0.22881
  -0.18056  -0.36921   0.22881
  -0.41998   0.10963   0.22881
  -0.18056   0.10963   0.22881
  -0.18056   0.10963   0.22881
  -0.18056   0.10963   0.22881
  -0.18056   0.10963   0.22881
  -0.18056   0.10963   0.22881
  -0.18056   0.10963   0.46823
  -0.18056   0.10963   0.22881
  -0.18056   0.10963   0.46823
  -0.18056   0.10963   0.46823
  -0.18056   0.10963   0.22881
  -0.18056   0.10963   0.22881
  -0.18056   0.10963   0.22881
   0.05886   0.10963   0.22881
   0.05886   0.10963   0.46823
  -0.18056   0.10963   0.46823
  -0.18056   0.10963   0.46823
   0.05886   0.10963   0.22881
   0.05886   0.10963   0.46823
   0.05886   0.10963   0.46823
   0.05886  -0.12979   0.46823
   0.05886  -0.12979   0.46823
  -0.18056  -0.12979   0.46823
   0.05886  -0.12979   0.46823
   0.05886  -0.12979   0.46823
   0.05886  -0.12979   0.46823
   0.05886  -0.12979   0.46823
   0.05886  -0.12979   0.46823
   0.05886  -0.36921   0.22881
   0.05886  -0.12979   0.22881
   0.05886  -0.12979   0.22881
   0.05886  -0.12979   0.46823
   0.05886  -0.12979   0.46823
   0.05886   0.10963   0.46823
   0.05886  -0.12979   0.46823
  -0.18056  -0.12979   0.46823
   0.05886  -0.12979   0.22881
   0.05886   0.10963   0.46823
  -0.18056   0.10963   0.22881
   0.05886   0.10963   0.22881
   0.05886   0.10963   0.22881
   0.05886   0.10963   0.22881
   0.05886   0.10963   0.22881
  -0.18056   0.10963   0.46823
  -0.18056   0.10963   0.22881
   0.05886   0.10963   0.46823
  -0.18056  -0.12979   0.22881
  -0.18056  -0.12979   0.46823
  -0.18056  -0.12979   0.46823
  -0.18056  -0.12979   0.46823
  -0.41998  -0.12979   0.46823
  -0.41998  -0.12979   0.22881
  -0.18056  -0.12979   0.46823
  -0.18056  -0.12979   0.46823
  -0.18056  -0.12979   0.22881
  -0.18056  -0.12979   0.46823
  -0.41998  -0.12979   0.46823
  -0.41998  -0.12979   0.22881
  -0.41998  -0.12979   0.22881
  -0.41998  -0.12979   0.46823
  -0.41998  -0.12979   0.22881
  -0.41998  -0.12979   0.22881
  -0.18056  -0.12979   0.22881
  -0.18056  -0.12979   0.22881
  -0.18056   0.10963   0.22881
  -0.41998   0.10963   0.22881
  -0.41998   0.10963   0.22881
  -0.41998   0.10963   0.22881
  -0.18056   0.10963   0.22881
  -0.18056   0.10963   0.22881
  -0.18056   0.34905   0.22881
  -0.18056   0.34905  -0.01061
  -0.18056   0.10963  -0.01061
  -0.18056   0.10963  -0.01061
  -0.18056   0.10963  -0.01061
  -0.18056   0.10963  -0.01061
   0.05886   0.10963  -0.25003
  -0.18056   0.10963  -0.25003
   0.05886   0.10963  -0.48945
   0.05886   0.10963  -0.25003
   0.05886   0.34905  -0.48945
   0.05886   0.10963  -0.25003
   0.05886   0.34905  -0.48945
   0.05886   0.10963  -0.25003
   0.05886   0.34905  -0.48945
   0.05886   0.10963  -0.25003
   0.05886   0.34905  -0.48945
   0.05886   0.10963  -0.48945
   0.29828   0.10963  -0.48945
   0.29828   0.10963  -0.72887
   0.29828   0.10963  -0.48945
   0.29828   0.10963  -0.72887
   0.29828   0.10963  -0.72887
   0.29828  -0.12979  -0.72887
   0.29828  -0.12979  -0.72887
   0.29828  -0.12979  -0.72887
   0.29828  -0.36921  -0.72887
   0.29828  -0.36921  -0.72887
   0.29828  -0.60863  -0.72887
   0.29828  -0.36921  -0.72887
   0.29828  -0.36921  -0.96829
   0.29828  -0.36921  -0.72887
   0.29828  -0.12979  -0.96829
   0.29828  -0.12979  -0.96829
   0.29828  -0.12979  -0.72887
   0.29828   0.10963  -0.96829
   0.29828   0.10963  -0.72887
   0.29828   0.10963  -0.72887
   0.29828   0.10963  -0.72887
   0.29828   0.10963  -0.72887
   0.29828  -0.12979  -0.72887
   0.29828  -0.12979  -0.72887
   0.29828  -0.12979  -0.72887
   0.29828  -0.12979  -0.48945
   0.29828  -0.12979  -0.48945
   0.29828  -0.12979  -0.48945
   0.29828  -0.12979  -0.48945
   0.05886  -0.12979  -0.48945
   0.29828  -0.36921  -0.72887
   0.05886  -0.12979  -0.72887
   0.05886  -0.36921  -0.48945
   0.05886  -0.12979  -0.72887
   0.05886  -0.36921  -0.48945
   0.05886  -0.36921  -0.48945
   0.05886  -0.36921  -0.48945
   0.05886  -0.36921  -0.48945
   0.05886  -0.12979  -0.48945
   0.05886  -0.12979  -0.48945
   0.05886  -0.36921  -0.48945
   0.05886  -0.12979  -0.48945
  -0.18056  -0.12979  -0.48945
   0.05886  -0.12979  -0.48945
   0.05886  -0.12979  -0.48945
   0.05886  -0.12979  -0.25003
   0.05886  -0.36921  -0.48945
  -0.18056  -0.12979  -0.48945
   0.05886  -0.12979  -0.48945
   0.05886   0.10963  -0.25003
   0.05886   0.10963  -0.25003
  -0.18056   0.10963  -0.48945
   0.05886   0.10963  -0.25003
   0.05886   0.10963  -0.25003
  -0.18056   0.10963  -0.01061
   0.05886   0.10963  -0.01061
   0.05886   0.10963  -0.25003
   0.05886   0.10963  -0.25003
   0.05886   0.10963  -0.01061
   0.05886   0.10963  -0.25003
   0.05886   0.10963  -0.01061
  -0.18056   0.34905   0.22881
  -0.18056   0.34905  -0.01061
  -0.18056   0.34905  -0.01061
  -0.18056   0.34905  -0.01061
  -0.18056   0.34905  -0.01061
  -0.18056   0.34905   0.22881
  -0.18056   0.34905   0.22881
  -0.18056   0.34905   0.22881
  -0.18056   0.34905   0.22881
  -0.18056   0.34905   0.22881
   0.05886   0.34905   0.22881
   0.05886   0.58847   0.22881
   0.05886   0.34905   0.22881
   0.05886   0.58847   0.22881
   0.05886   0.34905   0.22881
   0.05886   0.34905   0.22881
  -0.18056   0.58847   0.46823
   0.05886   0.34905   0.22881
   0.05886   0.34905   0.46823
  -0.18056   0.34905   0.46823
   0.05886   0.34905   0.22881
   0.05886   0.10963   0.22881
   0.05886   0.34905   0.46823
   0.05886   0.10963   0.22881
   0.05886   0.10963   0.22881
   0.05886   0.34905   0.22881
   0.29828   0.34905   0.22881
   0.05886   0.34905   0.22881
   0.29828   0.34905   0.22881
   0.05886   0.34905   0.46823
   0.05886   0.34905   0.46823
   0.29828   0.34905   0.46823
   0.29828   0.34905   0.22881
   0.29828   0.34905   0.22881
   0.29828   0.34905   0.22881
   0.29828   0.34905   0.22881
   0.29828   0.34905   0.22881
   0.29828   0.10963   0.22881
   0.53770   0.10963   0.22881
   0.29828   0.10963   0.22881
   0.29828   0.10963   0.22881
   0.53770   0.10963   0.22881
   0.53770  -0.12979   0.22881
   0.29828  -0.12979   0.22881
   0.29828  -0.12979  -0.01061
   0.29828  -0.12979  -0.01061
   0.29828  -0.12979  -0.01061
   0.29828  -0.12979  -0.01061
   0.29828  -0.36921   0.22881
   0.29828  -0.36921   0.22881
   0.29828  -0.60863  -0.01061
   0.05886  -0.36921  -0.01061
   0.05886  -0.36921   0.22881
   0.05886  -0.36921  -0.01061
   0.29828  -0.36921  -0.01061
   0.29828  -0.12979  -0.01061
   0.05886  -0.36921  -0.01061
   0.05886  -0.36921   0.22881
   0.29828  -0.36921  -0.01061
   0.05886  -0.36921  -0.01061
   0.05886  -0.36921   0.22881
   0.05886  -0.36921  -0.01061
   0.05886  -0.36921   0.22881
   0.29828  -0.36921  -0.01061
   0.29828  -0.36921   0.22881
   0.05886  -0.36921   0.22881
   0.05886  -0.60863   0.22881
   0.29828  -0.60863   0.46823
   0.05886  -0.60863   0.22881
   0.05886  -0.60863   0.22881
   0.05886  -0.36921   0.22881
   0.05886  -0.60863   0.22881
   0.05886  -0.36921   0.46823
   0.29828  -0.36921   0.22881
   0.05886  -0.36921   0.46823
   0.05886  -0.60863   0.22881
   0.05886  -0.36921   0.22881
   0.05886  -0.36921   0.22881
   0.05886  -0.36921  -0.01061
   0.05886  -0.12979   0.22881
   0.05886  -0.12979   0.22881
   0.05886  -0.12979   0.22881
   0.05886  -0.12979   0.46823
   0.05886  -0.12979   0.22881
   0.05886  -0.12979   0.22881
   0.05886  -0.12979  -0.01061
   0.05886  -0.12979   0.22881
   0.05886   0.10963   0.22881
   0.05886  -0.12979   0.22881
   0.05886  -0.12979  -0.01061
   0.05886  -0.12979   0.22881
   0.05886  -0.12979  -0.01061
   0.05886   0.10963   0.22881
   0.05886   0.10963   0.22881
   0.05886   0.10963  -0.01061
   0.05886   0.10963   0.22881
   0.29828   0.10963   0.22881
   0.29828   0.10963  -0.01061
   0.29828   0.10963  -0.01061
   0.29828   0.10963  -0.01061
   0.05886   0.10963  -0.01061
   0.29828   0.10963  -0.01061
   0.29828   0.10963   0.22881
   0.05886   0.10963   0.22881
   0.29828   0.10963  -0.01061
   0.29828   0.10963   0.22881
   0.05886   0.10963  -0.01061
   0.05886   0.10963  -0.01061
   0.05886   0.10963  -0.01061
   0.05886   0.34905  -0.01061
   0.29828   0.34905  -0.01061
   0.29828   0.34905  -0.01061
   0.29828   0.34905  -0.01061
   0.29828   0.34905  -0.01061
   0.05886   0.10963  -0.01061
   0.29828   0.10963  -0.01061
   0.05886   0.34905  -0.01061
   0.05886   0.10963  -0.01061
   0.05886   0.10963  -0.01061
   0.05886   0.34905  -0.25003
   0.05886   0.34905  -0.25003
   0.05886   0.34905  -0.01061
   0.05886   0.10963  -0.25003
   0.05886   0.34905  -0.25003
   0.05886   0.34905  -0.25003
   0.05886   0.10963  -0.48945
  -0.18056   0.34905  -0.25003
   0.05886   0.10963  -0.25003
   0.05886   0.10963  -0.01061
  -0.18056   0.10963  -0.25003
  -0.18056   0.10963  -0.25003
  -0.18056   0.10963  -0.25003
  -0.18056   0.10963  -0.48945
  -0.18056   0.10963  -0.25003
  -0.18056  -0.12979  -0.25003
  -0.41998   0.10963  -0.25003
  -0.41998   0.10963  -0.01061
  -0.18056   0.10963  -0.25003
  -0.41998   0.10963  -0.01061
  -0.41998   0.10963  -0.01061
  -0.41998   0.10963  -0.25003
  -0.41998   0.10963  -0.01061
  -0.41998   0.10963  -0.25003
  -0.65940   0.10963  -0.01061
  -0.65940   0.10963  -0.01061
  -0.65940   0.10963  -0.01061
  -0.65940  -0.12979  -0.01061
  -0.65940  -0.12979  -0.01061
  -0.65940  -0.12979  -0.01061
  -0.65940  -0.12979   0.22881
  -0.65940  -0.36921  -0.01061
  -0.65940  -0.12979   0.22881
  -0.65940  -0.12979   0.22881
  -0.89882  -0.12979   0.22881
  -0.65940  -0.12979   0.22881
  -0.65940  -0.12979   0.22881
  -0.89882  -0.12979   0.46823
  -0.89882  -0.12979   0.22881
  -0.65940  -0.12979  -0.01061
  -0.65940  -0.36921   0.22881
  -0.65940  -0.36921   0.22881
  -0.89882  -0.36921   0.22881
  -0.89882  -0.36921   0.22881
  -0.65940  -0.12979   0.22881
  -0.41998  -0.12979   0.22881
  -0.65940  -0.36921   0.22881
  -0.65940  -0.36921   0.22881
  -0.65940  -0.36921   0.22881
  -0.65940  -0.36921   0.22881
  -0.65940  -0.12979   0.22881
  -0.65940  -0.12979   0.22881
  -0.41998  -0.36921   0.22881
  -0.41998  -0.36921   0.22881
  -0.41998  -0.36921   0.22881
  -0.41998  -0.12979   0.22881
  -0.41998  -0.12979   0.22881
  -0.41998   0.10963  -0.01061
  -0.18056   0.10963   0.22881
  -0.18056   0.10963   0.22881
  -0.18056  -0.12979   0.22881
  -0.18056  -0.12979  -0.01061
  -0.18056   0.10963   0.22881
  -0.18056   0.10963   0.22881
  -0.18056  -0.12979  -0.01061
  -0.18056   0.10963  -0.01061
  -0.18056   0.10963  -0.01061
  -0.18056   0.10963  -0.01061
  -0.18056  -0.12979  -0.01061
   0.05886   0.10963  -0.01061
   0.05886   0.10963  -0.01061
  -0.18056   0.10963   0.22881
  -0.18056   0.10963  -0.01061
   0.05886   0.10963  -0.01061
  -0.18056   0.34905   0.22881
   0.05886   0.10963  -0.01061
  -0.18056   0.10963  -0.01061
  -0.18056   0.34905   0.22881
   0.05886   0.34905  -0.01061
   0.05886   0.34905  -0.01061
  -0.18056   0.34905  -0.01061
   0.05886   0.10963  -0.01061
   0.05886   0.10963  -0.25003
   0.05886   0.10963  -0.01061
   0.05886   0.34905  -0.01061
   0.05886   0.34905  -0.01061
   0.05886   0.34905  -0.01061
   0.05886   0.10963  -0.01061
   0.05886   0.10963  -0.25003
   0.05886   0.10963  -0.01061
   0.29828   0.34905  -0.25003
   0.29828   0.10963  -0.25003
   0.05886   0.10963  -0.25003
   0.29828   0.10963  -0.25003
   0.05886   0.10963  -0.25003
   0.29828   0.10963  -0.25003
   0.29828  -0.12979  -0.25003
   0.29828   0.10963  -0.25003
   0.29828   0.10963  -0.25003
   0.29828   0.10963  -0.25003
   0.29828   0.10963  -0.25003
   0.05886   0.10963  -0.25003
   0.29828   0.34905  -0.25003
   0.29828   0.34905  -0.25003
   0.29828   0.10963  -0.25003
   0.29828   0.10963  -0.25003
   0.29828   0.10963  -0.25003
   0.29828   0.10963  -0.25003
   0.29828   0.10963  -0.25003
   0.05886   0.10963  -0.25003
   0.29828   0.10963  -0.25003
   0.29828   0.10963  -0.25003
   0.29828   0.10963  -0.48945
   0.29828  -0.12979  -0.48945
   0.29828  -0.12979  -0.48945
   0.29828   0.10963  -0.48945
   0.29828   0.10963  -0.25003
   0.29828   0.10963  -0.48945
   0.29828   0.10963  -0.25003
   0.05886   0.10963  -0.48945
   0.29828  -0.12979  -0.25003
   0.29828   0.10963  -0.25003
   0.29828   0.10963  -0.25003
   0.29828   0.10963  -0.25003
   0.29828  -0.12979  -0.25003
   0.29828   0.10963  -0.25003
   0.29828   0.10963  -0.25003
   0.29828   0.10963  -0.25003
   0.05886  -0.12979  -0.01061
   0.05886  -0.12979  -0.25003
   0.29828  -0.12979  -0.25003
   0.05886  -0.12979  -0.01061
   0.05886  -0.12979  -0.25003
   0.29828  -0.12979  -0.01061
   0.29828  -0.12979   0.22881
   0.29828  -0.36921  -0.01061
   0.05886  -0.36921  -0.01061
   0.29828  -0.12979  -0.01061
   0.29828  -0.12979  -0.01061
   0.05886  -0.12979   0.22881
   0.29828  -0.12979   0.22881
   0.29828  -0.12979  -0.01061
   0.29828  -0.12979   0.22881
   0.29828  -0.12979   0.22881
   0.29828  -0.12979   0.22881
   0.29828  -0.12979   0.22881
   0.29828  -0.12979   0.22881
   0.29828  -0.12979   0.46823
   0.29828  -0.36921   0.22881
   0.53770  -0.12979   0.22881
   0.53770  -0.12979   0.46823
   0.53770  -0.12979   0.46823
   0.53770  -0.12979   0.22881
   0.53770  -0.36921   0.46823
   0.53770  -0.12979   0.46823
   0.53770  -0.12979   0.46823
   0.53770  -0.12979   0.22881
   0.53770  -0.12979   0.22881
   0.53770  -0.12979   0.22881
   0.53770  -0.12979   0.22881
   0.29828  -0.12979   0.46823
   0.53770  -0.12979   0.22881
   0.29828  -0.12979   0.22881
   0.29828  -0.12979   0.22881
   0.53770  -0.12979   0.22881
   0.29828   0.10963   0.22881
   0.53770   0.10963   0.22881
   0.29828  -0.12979   0.22881
   0.29828   0.10963   0.22881
   0.29828  -0.12979  -0.01061
   0.29828   0.10963   0.22881
   0.29828   0.10963   0.22881
   0.29828   0.10963   0.22881
   0.29828   0.10963   0.22881
   0.29828  -0.12979  -0.01061
   0.29828  -0.12979  -0.01061
   0.29828  -0.12979  -0.01061
   0.05886  -0.12979   0.22881
   0.29828  -0.12979   0.22881
   0.05886  -0.12979  -0.01061
   0.05886  -0.12979  -0.01061
   0.05886  -0.12979   0.22881
   0.05886  -0.12979   0.22881
   0.05886  -0.12979  -0.01061
   0.05886  -0.12979   0.22881
   0.05886  -0.12979  -0.01061
   0.05886  -0.12979  -0.25003
  -0.18056  -0.12979  -0.25003
  -0.18056  -0.12979  -0.25003
   0.05886   0.10963  -0.01061
  -0.18056   0.10963  -0.25003
  -0.18056  -0.12979  -0.25003
  -0.18056   0.10963  -0.48945
  -0.18056   0.10963  -0.48945
  -0.18056   0.10963  -0.48945
  -0.18056   0.10963  -0.25003
  -0.18056   0.10963  -0.25003
  -0.18056   0.10963  -0.25003
  -0.18056   0.10963  -0.25003
  -0.18056   0.10963  -0.25003
  -0.18056   0.10963  -0.25003
  -0.41998   0.10963  -0.25003
  -0.41998   0.34905  -0.25003
  -0.41998   0.10963  -0.25003
  -0.41998   0.34905  -0.48945
  -0.41998   0.10963  -0.48945
  -0.41998   0.34905  -0.25003
  -0.41998   0.10963  -0.48945
  -0.41998   0.34905  -0.25003
  -0.41998   0.10963  -0.25003
  -0.41998   0.34905  -0.01061
  -0.41998   0.34905  -0.25003
  -0.41998   0.10963  -0.25003
  -0.65940   0.34905  -0.25003
  -0.41998  -0.12979  -0.25003
  -0.41998   0.10963  -0.25003
  -0.41998   0.34905  -0.01061
  -0.41998   0.10963  -0.01061
  -0.41998   0.10963  -0.25003
  -0.65940   0.10963   0.22881
  -0.41998   0.10963  -0.25003
  -0.41998   0.10963  -0.01061
  -0.41998   0.10963  -0.25003
  -0.41998   0.10963  -0.01061
  -0.41998   0.10963  -0.25003
  -0.41998   0.10963  -0.01061
  -0.41998   0.10963  -0.01061
  -0.41998   0.10963  -0.01061
  -0.41998   0.10963  -0.01061
  -0.41998   0.10963  -0.01061
  -0.41998   0.10963  -0.01061
  -0.41998   0.10963  -0.01061
  -0.41998   0.10963   0.22881
  -0.41998  -0.12979   0.22881
  -0.41998  -0.12979   0.22881
  -0.41998  -0.12979   0.22881
  -0.41998  -0.12979   0.22881
  -0.65940  -0.12979   0.22881
  -0.41998  -0.12979  -0.01061
  -0.41998  -0.36921   0.46823
  -0.41998  -0.36921   0.22881
  -0.18056  -0.60863   0.22881
  -0.18056  -0.36921   0.22881
  -0.41998  -0.60863   0.22881
  -0.18056  -0.60863   0.22881
  -0.18056  -0.36921   0.22881
  -0.18056  -0.60863   0.22881
  -0.18056  -0.36921   0.22881
  -0.18056  -0.36921   0.22881
  -0.18056  -0.60863   0.22881
   0.05886  -0.36921   0.46823
   0.05886  -0.60863   0.46823
   0.05886  -0.36921   0.46823
   0.05886  -0.60863   0.22881
   0.05886  -0.36921   0.22881
   0.05886  -0.36921   0.22881
   0.05886  -0.12979   0.46823
   0.05886  -0.12979   0.22881
   0.05886  -0.12979   0.22881
   0.53770  -0.12979   0.22881
   0.29828  -0.12979   0.22881
   0.29828  -0.12979   0.22881
   0.29828  -0.12979   0.22881
   0.29828  -0.12979   0.22881
   0.29828   0.10963   0.22881
   0.29828  -0.12979  -0.01061
   0.29828   0.10963  -0.01061
   0.29828   0.10963  -0.01061
   0.29828  -0.12979  -0.01061
   0.29828   0.10963   0.22881
   0.29828  -0.12979   0.22881
   0.29828   0.10963   0.22881
   0.29828   0.10963  -0.01061
   0.29828   0.10963  -0.01061
   0.29828   0.10963   0.22881
   0.29828   0.10963  -0.01061
   0.29828   0.10963  -0.01061
   0.29828   0.10963  -0.01061
   0.29828   0.10963  -0.01061
   0.29828   0.10963  -0.01061
   0.29828   0.10963  -0.25003
   0.29828   0.10963  -0.25003
   0.29828   0.34905  -0.25003
   0.29828   0.10963  -0.25003
   0.29828   0.10963  -0.25003
   0.29828   0.10963  -0.25003
   0.29828   0.10963  -0.25003
   0.05886   0.34905  -0.25003
   0.29828   0.34905  -0.25003
   0.29828   0.34905  -0.25003
   0.05886   0.34905  -0.48945
   0.29828   0.34905  -0.25003
   0.05886   0.34905  -0.25003
   0.05886   0.10963  -0.25003
   0.29828   0.34905  -0.25003
   0.05886   0.34905  -0.25003
   0.05886   0.34905  -0.01061
   0.29828   0.34905  -0.01061
   0.29828   0.34905  -0.25003
   0.05886   0.34905  -0.25003
   0.05886   0.34905   0.22881
   0.05886   0.34905  -0.01061
   0.05886   0.34905  -0.01061
   0.05886   0.34905  -0.01061
   0.05886   0.10963  -0.01061
  -0.18056   0.34905  -0.01061
   0.05886   0.10963  -0.01061
  -0.18056   0.10963   0.22881
  -0.18056   0.34905   0.22881
  -0.18056   0.10963  -0.01061
  -0.18056   0.10963   0.22881
   0.05886   0.10963   0.22881
  -0.18056   0.34905   0.22881
  -0.18056   0.10963  -0.01061
  -0.18056   0.34905  -0.01061
  -0.18056   0.34905   0.22881
   0.05886   0.34905   0.22881
  -0.18056   0.34905  -0.01061
  -0.18056   0.34905  -0.01061
  -0.18056   0.10963   0.22881
  -0.18056   0.34905   0.22881
  -0.18056   0.34905   0.22881
  -0.18056   0.10963   0.22881
  -0.18056   0.10963   0.22881
  -0.18056   0.10963  -0.01061
  -0.18056   0.10963  -0.01061
  -0.18056   0.10963  -0.01061
  -0.18056   0.10963   0.22881
  -0.41998  -0.12979  -0.01061
  -0.18056  -0.12979  -0.01061
  -0.18056  -0.12979  -0.01061
  -0.18056  -0.12979  -0.01061
  -0.18056  -0.12979   0.22881
  -0.41998  -0.12979  -0.01061
  -0.18056  -0.12979  -0.01061
  -0.18056  -0.36921  -0.01061
  -0.18056  -0.12979   0.22881
  -0.18056  -0.36921  -0.01061
  -0.18056  -0.12979   0.46823
  -0.18056  -0.36921   0.22881
  -0.18056  -0.36921   0.22881
  -0.18056  -0.36921   0.22881
  -0.18056  -0.36921   0.22881
  -0.18056  -0.60863   0.22881
  -0.18056  -0.36921  -0.01061
  -0.18056  -0.36921  -0.01061
  -0.18056  -0.36921  -0.01061
  -0.18056  -0.36921  -0.01061
  -0.18056  -0.36921  -0.01061
  -0.18056  -0.12979  -0.01061
  -0.18056  -0.36921  -0.01061
   0.05886  -0.36921  -0.01061
  -0.18056  -0.36921  -0.01061
  -0.18056  -0.36921   0.22881
   0.05886  -0.12979  -0.01061
   0.05886  -0.12979   0.22881
  -0.18056  -0.12979  -0.01061
  -0.18056  -0.12979   0.22881
  -0.18056  -0.12979   0.22881
   0.05886  -0.12979  -0.01061
   0.05886   0.10963  -0.01061
   0.05886  -0.12979  -0.01061
   0.05886   0.10963  -0.01061
   0.05886  -0.12979  -0.01061
   0.05886  -0.12979  -0.01061
   0.05886  -0.12979  -0.01061
   0.05886   0.10963   0.22881
   0.05886   0.10963  -0.01061
   0.05886   0.10963  -0.01061
   0.05886   0.10963   0.22881
   0.05886   0.10963   0.22881
   0.05886   0.10963   0.22881
   0.29828   0.10963   0.22881
   0.29828  -0.12979   0.22881
   0.29828  -0.12979  -0.01061
   0.29828  -0.12979   0.22881
   0.05886  -0.12979   0.22881
   0.05886  -0.12979  -0.01061
   0.29828  -0.12979  -0.01061
   0.05886  -0.12979   0.22881
   0.29828  -0.12979  -0.01061
   0.29828  -0.12979  -0.01061
   0.29828  -0.12979   0.22881
   0.05886   0.10963   0.22881
   0.29828  -0.12979   0.22881
   0.29828   0.10963   0.22881
   0.29828   0.10963  -0.01061
   0.05886   0.10963  -0.01061
   0.29828   0.10963  -0.01061
   0.29828   0.10963  -0.01061
   0.29828   0.10963  -0.01061
   0.05886   0.10963   0.22881
   0.05886   0.34905  -0.01061
   0.29828   0.10963  -0.01061
   0.05886   0.10963  -0.01061
   0.05886   0.34905  -0.01061
   0.05886   0.34905  -0.01061
   0.05886   0.34905  -0.01061
  -0.18056   0.10963   0.22881
   0.05886   0.10963  -0.01061
  -0.18056   0.34905  -0.01061
  -0.18056   0.10963  -0.01061
  -0.18056   0.10963  -0.01061
  -0.18056   0.10963  -0.01061
  -0.18056   0.10963  -0.01061
  -0.18056   0.10963   0.22881
  -0.18056   0.10963   0.22881
  -0.18056   0.10963  -0.01061
  -0.41998   0.10963   0.22881
  -0.18056   0.10963   0.22881
  -0.18056   0.10963  -0.25003
  -0.41998   0.10963  -0.01061
  -0.41998   0.10963   0.22881
  -0.18056   0.10963   0.22881
  -0.18056   0.10963  -0.01061
  -0.18056   0.10963  -0.01061
  -0.18056   0.10963   0.22881
  -0.18056   0.10963   0.22881
  -0.18056   0.10963  -0.01061
  -0.18056   0.10963   0.22881
  -0.18056   0.10963   0.22881
  -0.18056   0.10963   0.22881
  -0.41998   0.10963  -0.01061
  -0.18056   0.10963   0.22881
  -0.18056   0.10963  -0.01061
  -0.18056   0.10963  -0.01061
  -0.18056   0.10963  -0.01061
  -0.18056   0.10963  -0.01061
  -0.18056  -0.12979  -0.25003
  -0.18056  -0.12979  -0.01061
  -0.18056  -0.12979  -0.01061
  -0.18056  -0.12979  -0.01061
  -0.18056  -0.12979  -0.01061
  -0.18056   0.10963  -0.01061
   0.05886  -0.12979  -0.01061
  -0.18056   0.10963  -0.25003
  -0.18056  -0.12979  -0.01061
  -0.18056  -0.12979  -0.01061
  -0.18056  -0.12979  -0.01061
  -0.18056   0.10963  -0.25003
  -0.18056   0.10963  -0.01061
  -0.18056  -0.12979  -0.01061
  -0.18056  -0.12979  -0.25003
   0.05886  -0.12979  -0.25003
  -0.18056  -0.12979  -0.48945
  -0.18056  -0.12979  -0.25003
  -0.18056  -0.12979  -0.25003
  -0.18056  -0.12979  -0.25003
   0.05886  -0.36921  -0.25003
  -0.18056  -0.36921  -0.25003
  -0.18056  -0.12979  -0.25003
   0.05886  -0.12979  -0.25003
   0.05886  -0.12979  -0.25003
   0.05886  -0.12979  -0.48945
   0.05886  -0.36921  -0.25003
   0.05886  -0.36921  -0.25003
   0.05886  -0.12979  -0.48945
   0.05886  -0.36921  -0.48945
   0.05886  -0.12979  -0.25003
   0.05886  -0.12979  -0.25003
   0.05886   0.10963  -0.48945
   0.29828  -0.36921  -0.48945
   0.05886  -0.12979  -0.48945
   0.05886  -0.12979  -0.25003
   0.29828  -0.12979  -0.48945
   0.05886  -0.12979  -0.48945
   0.05886  -0.12979  -0.48945
   0.05886  -0.12979  -0.48945
   0.05886  -0.12979  -0.25003
   0.29828  -0.12979  -0.25003
   0.29828  -0.12979  -0.25003
   0.05886  -0.36921  -0.48945
   0.05886   0.10963  -0.48945
   0.29828   0.10963  -0.25003
   0.29828  -0.12979  -0.25003
   0.29828  -0.12979  -0.25003
   0.29828  -0.12979  -0.25003
   0.29828   0.10963  -0.25003
   0.29828   0.10963  -0.25003
   0.29828   0.10963  -0.25003
   0.29828   0.10963  -0.25003
   0.29828   0.10963  -0.25003
   0.29828   0.10963  -0.25003
   0.29828   0.10963  -0.01061
   0.29828   0.10963  -0.01061
   0.29828   0.10963  -0.01061
   0.29828   0.10963  -0.01061
   0.29828   0.10963  -0.01061
   0.29828   0.10963  -0.01061
   0.29828  -0.12979  -0.25003
   0.53770   0.10963  -0.01061
   0.29828   0.10963  -0.01061
   0.29828   0.10963  -0.01061
   0.29828   0.10963  -0.01061
   0.29828   0.10963  -0.01061
   0.29828   0.10963  -0.01061
   0.29828   0.10963  -0.01061
   0.29828   0.10963  -0.01061
   0.29828  -0.12979  -0.01061
   0.29828  -0.12979  -0.25003
   0.29828  -0.12979  -0.01061
   0.29828  -0.12979  -0.01061
   0.29828  -0.12979  -0.01061
   0.29828  -0.12979  -0.01061
   0.29828   0.10963  -0.01061
   0.05886  -0.12979   0.22881
   0.29828  -0.12979  -0.01061
   0.29828  -0.12979  -0.01061
   0.29828  -0.12979  -0.01061
   0.29828  -0.12979  -0.01061
   0.05886  -0.12979   0.22881
   0.29828  -0.12979  -0.01061
   0.29828  -0.12979  -0.01061
   0.29828  -0.12979  -0.01061
   0.29828  -0.12979  -0.01061
   0.29828  -0.12979  -0.25003
   0.29828  -0.12979  -0.01061
   0.29828  -0.12979  -0.01061
   0.29828  -0.12979   0.22881
   0.29828   0.10963  -0.01061
   0.29828  -0.12979  -0.01061
   0.29828  -0.12979  -0.01061
   0.05886  -0.12979   0.22881
   0.29828   0.10963  -0.01061
   0.29828   0.10963  -0.01061
   0.29828   0.10963  -0.01061
   0.05886   0.10963   0.22881
   0.05886   0.10963  -0.01061
   0.29828   0.10963  -0.01061
   0.29828   0.10963  -0.01061
   0.29828   0.10963  -0.01061
   0.29828   0.10963  -0.01061
   0.05886   0.10963  -0.01061
   0.05886   0.34905  -0.01061
   0.29828   0.34905  -0.01061
   0.29828   0.10963  -0.01061
   0.05886   0.34905   0.22881
   0.05886   0.34905  -0.01061
   0.05886   0.34905  -0.01061
   0.05886   0.10963  -0.01061
   0.29828   0.10963  -0.25003
   0.05886   0.34905  -0.01061
   0.29828   0.10963  -0.01061
   0.05886   0.34905  -0.01061
   0.05886   0.34905  -0.01061
   0.05886   0.34905  -0.01061
   0.05886   0.34905  -0.01061
   0.05886   0.10963  -0.01061
   0.05886   0.34905  -0.01061
   0.05886   0.34905  -0.01061
   0.05886   0.10963  -0.01061
   0.05886   0.34905  -0.25003
   0.05886   0.34905  -0.01061
   0.05886   0.34905  -0.01061
   0.05886   0.34905  -0.01061
   0.05886   0.34905  -0.01061
   0.05886   0.10963  -0.01061
   0.05886   0.34905  -0.01061
   0.05886   0.34905  -0.01061
  -0.18056   0.34905  -0.25003
  -0.18056   0.34905  -0.25003
  -0.18056   0.34905  -0.01061
  -0.18056   0.34905  -0.01061
  -0.18056   0.34905   0.22881
  -0.18056   0.10963  -0.01061
  -0.18056   0.10963   0.22881
   0.05886   0.10963  -0.01061
  -0.18056   0.10963   0.22881
   0.05886  -0.12979   0.22881
  -0.18056  -0.12979   0.22881
  -0.18056   0.10963   0.22881
  -0.41998   0.10963   0.22881
  -0.18056   0.10963   0.22881
  -0.18056  -0.12979   0.22881
  -0.18056   0.10963   0.22881
  -0.18056   0.10963   0.22881
  -0.18056  -0.12979   0.22881
  -0.18056  -0.12979   0.22881
  -0.18056  -0.36921   0.22881
  -0.18056  -0.36921   0.22881
  -0.18056  -0.36921   0.46823
  -0.18056  -0.12979   0.22881
  -0.41998  -0.12979   0.46823
  -0.18056  -0.12979   0.46823
  -0.18056  -0.12979   0.22881
  -0.18056  -0.12979   0.46823
  -0.18056  -0.12979   0.46823
  -0.18056  -0.12979   0.46823
  -0.18056   0.10963   0.46823
  -0.18056  -0.36921   0.46823
  -0.41998  -0.36921   0.22881
  -0.41998  -0.12979   0.22881
  -0.41998  -0.36921   0.22881
  -0.41998  -0.36921   0.46823
  -0.41998  -0.12979   0.46823
  -0.41998  -0.12979   0.46823
  -0.41998  -0.36921   0.46823
  -0.41998  -0.12979   0.46823
  -0.41998  -0.36921   0.46823
  -0.41998  -0.36921   0.22881
  -0.41998  -0.36921   0.46823
  -0.41998  -0.36921   0.46823
  -0.41998  -0.36921   0.22881
  -0.65940  -0.12979   0.22881
  -0.41998  -0.36921   0.22881
  -0.41998  -0.12979   0.22881
  -0.41998  -0.36921   0.22881
  -0.65940  -0.12979   0.46823
  -0.41998  -0.12979   0.22881
  -0.41998  -0.12979   0.46823
  -0.41998  -0.12979   0.46823
  -0.41998  -0.12979   0.22881
  -0.65940  -0.36921   0.22881
  -0.41998  -0.36921   0.22881
  -0.41998  -0.36921   0.22881
  -0.65940  -0.36921   0.22881
  -0.41998  -0.12979   0.22881
  -0.41998  -0.12979   0.22881
  -0.41998  -0.12979   0.22881
  -0.65940  -0.12979   0.46823
  -0.65940  -0.12979   0.22881
  -0.41998  -0.12979   0.22881
  -0.65940   0.10963   0.22881
  -0.41998   0.10963   0.22881
  -0.41998   0.10963   0.22881
  -0.65940   0.10963  -0.01061
  -0.41998   0.10963  -0.01061
  -0.41998   0.34905   0.22881
  -0.41998   0.10963   0.22881
  -0.41998   0.10963   0.22881
  -0.18056   0.34905   0.22881
  -0.41998   0.10963   0.22881
  -0.41998   0.10963   0.22881
  -0.41998   0.10963  -0.01061
  -0.18056   0.10963   0.22881
  -0.41998   0.34905   0.22881
  -0.41998   0.10963   0.22881
  -0.41998   0.10963  -0.01061
  -0.41998   0.10963  -0.01061
  -0.18056   0.34905  -0.01061
  -0.18056   0.34905  -0.01061
  -0.18056   0.10963  -0.01061
  -0.41998   0.34905  -0.01061
  -0.18056   0.34905  -0.01061
  -0.18056   0.10963  -0.01061
  -0.18056   0.34905   0.22881
  -0.18056   0.34905   0.22881
  -0.18056   0.10963  -0.01061
  -0.18056   0.34905  -0.01061
  -0.18056   0.10963  -0.01061
  -0.18056   0.10963  -0.01061
  -0.18056   0.10963  -0.01061
  -0.18056   0.10963  -0.01061
  -0.18056   0.10963   0.22881
   0.05886   0.10963  -0.01061
  -0.18056   0.10963  -0.01061
  -0.18056   0.10963  -0.01061
  -0.18056   0.10963  -0.01061
  -0.18056   0.34905   0.22881
  -0.18056   0.10963  -0.01061
   0.05886  -0.12979  -0.25003
   0.05886   0.10963  -0.01061
   0.05886  -0.12979  -0.01061
   0.05886   0.10963  -0.01061
  -0.18056   0.10963  -0.01061
   0.05886   0.10963  -0.01061
   0.05886   0.10963   0.22881
   0.05886   0.10963  -0.25003
   0.05886   0.10963  -0.01061
   0.05886   0.34905  -0.01061
   0.05886   0.10963  -0.25003
   0.05886   0.10963  -0.01061
   0.29828  -0.12979  -0.25003
   0.29828  -0.12979  -0.01061
   0.29828   0.10963  -0.01061
   0.29828  -0.12979  -0.01061
   0.29828   0.10963  -0.01061
   0.29828   0.10963  -0.25003
   0.53770   0.10963  -0.25003
   0.53770  -0.12979  -0.25003
   0.29828  -0.12979  -0.25003
   0.53770  -0.36921  -0.25003
   0.53770  -0.12979  -0.48945
   0.53770  -0.12979  -0.01061
   0.53770  -0.12979  -0.25003
   0.29828  -0.36921  -0.25003
   0.53770  -0.12979  -0.25003
   0.53770  -0.36921  -0.48945
   0.53770  -0.36921  -0.48945
   0.53770  -0.36921  -0.48945
   0.53770  -0.36921  -0.25003
   0.53770  -0.36921  -0.25003
   0.53770  -0.36921  -0.48945
   0.53770  -0.36921  -0.48945
   0.53770  -0.36921  -0.48945
   0.53770  -0.36921  -0.25003
   0.29828  -0.36921  -0.48945
   0.29828  -0.36921  -0.48945
   0.29828  -0.12979  -0.48945
   0.29828  -0.12979  -0.48945
   0.29828  -0.12979  -0.48945
   0.29828  -0.36921  -0.48945
   0.29828  -0.12979  -0.48945
   0.29828  -0.12979  -0.48945
   0.29828  -0.12979  -0.72887
   0.05886  -0.12979  -0.48945
   0.05886  -0.12979  -0.25003
   0.29828  -0.12979  -0.48945
   0.05886  -0.12979  -0.48945
   0.05886  -0.12979  -0.48945
   0.05886  -0.12979  -0.48945
   0.05886  -0.12979  -0.48945
   0.05886   0.10963  -0.48945
   0.05886  -0.12979  -0.48945
   0.05886  -0.12979  -0.48945
   0.05886  -0.12979  -0.25003
   0.05886  -0.12979  -0.48945
  -0.18056  -0.36921  -0.25003
  -0.18056  -0.12979  -0.48945
   0.05886  -0.12979  -0.25003
  -0.18056  -0.12979  -0.01061
  -0.18056   0.10963  -0.25003
  -0.18056   0.10963  -0.25003
  -0.18056  -0.12979  -0.25003
  -0.18056   0.10963  -0.01061
  -0.18056  -0.12979  -0.01061
  -0.18056   0.10963  -0.01061
   0.05886   0.10963  -0.25003
   0.05886  -0.12979  -0.25003
  -0.18056   0.10963  -0.25003
   0.05886   0.10963  -0.25003
  -0.18056   0.10963  -0.25003
   0.05886   0.10963  -0.25003
  -0.18056   0.10963  -0.25003
   0.05886   0.10963  -0.25003
   0.05886   0.10963  -0.25003
  -0.18056   0.10963  -0.25003
   0.05886   0.10963  -0.25003
   0.05886   0.10963  -0.25003
   0.05886   0.10963  -0.25003
   0.05886   0.10963  -0.25003
   0.05886   0.10963  -0.25003
   0.05886   0.10963  -0.01061
   0.05886   0.10963  -0.01061
   0.05886   0.34905  -0.25003
   0.29828   0.10963  -0.25003
   0.05886   0.10963  -0.25003
   0.05886   0.10963  -0.25003
   0.05886   0.10963  -0.25003
   0.29828   0.10963  -0.25003
   0.29828   0.10963  -0.48945
   0.29828  -0.12979  -0.25003
   0.29828   0.10963  -0.01061
   0.05886   0.10963  -0.25003
   0.29828   0.10963  -0.25003
   0.05886   0.10963  -0.25003
   0.05886   0.10963  -0.25003
   0.05886   0.10963  -0.25003
   0.05886   0.10963  -0.25003
   0.05886   0.10963  -0.25003
   0.29828   0.34905  -0.01061
   0.29828   0.34905  -0.01061
   0.29828   0.10963  -0.25003
   0.05886   0.10963  -0.01061
   0.29828   0.10963  -0.01061
   0.29828   0.34905  -0.01061
   0.29828   0.10963  -0.01061
   0.29828  -0.12979  -0.01061
   0.29828   0.10963  -0.01061
   0.29828   0.10963  -0.01061
   0.29828   0.10963  -0.01061
   0.29828   0.34905  -0.01061
   0.53770   0.34905  -0.01061
   0.29828   0.34905   0.22881
   0.53770   0.34905   0.22881
   0.29828   0.34905   0.22881
   0.53770   0.10963   0.22881
   0.53770   0.34905   0.22881
   0.53770   0.34905   0.22881
   0.29828   0.10963   0.22881
   0.53770   0.10963   0.22881
   0.53770   0.34905   0.22881
   0.53770   0.10963   0.22881
   0.29828   0.10963   0.22881
   0.29828   0.10963   0.22881
   0.53770   0.10963   0.22881
   0.29828   0.10963   0.22881
   0.29828   0.10963   0.22881
   0.29828  -0.12979   0.22881
   0.05886   0.10963   0.46823
   0.29828  -0.12979   0.46823
   0.29828  -0.12979   0.22881
   0.29828   0.10963   0.22881
   0.29828  -0.12979   0.46823
   0.29828   0.10963   0.46823
   0.29828  -0.12979   0.46823
   0.29828   0.10963   0.22881
   0.05886  -0.12979   0.22881
   0.05886   0.10963   0.46823
   0.05886  -0.12979   0.46823
   0.05886  -0.12979   0.22881
   0.29828   0.10963   0.22881
   0.05886  -0.12979   0.46823
   0.05886  -0.12979   0.22881
   0.05886  -0.12979   0.22881
   0.05886  -0.12979   0.22881
  -0.18056   0.10963   0.46823
   0.05886   0.10963   0.22881
   0.05886  -0.12979   0.22881
   0.05886  -0.12979   0.22881
   0.05886  -0.12979   0.46823
   0.05886  -0.12979   0.22881
  -0.18056  -0.12979   0.46823
   0.05886  -0.12979   0.22881
  -0.18056  -0.12979   0.46823
   0.05886  -0.12979   0.46823
  -0.18056  -0.36921   0.22881
   0.05886  -0.36921   0.22881
  -0.18056  -0.36921   0.22881
  -0.18056  -0.36921   0.46823
  -0.18056  -0.36921   0.22881
  -0.18056  -0.36921   0.46823
  -0.18056  -0.36921   0.22881
  -0.18056  -0.12979   0.22881
   0.05886  -0.12979   0.46823
   0.05886  -0.36921   0.22881
   0.05886  -0.12979   0.46823
   0.05886  -0.12979   0.22881
  -0.18056  -0.12979   0.22881
  -0.18056  -0.12979   0.22881
  -0.18056  -0.12979   0.22881
  -0.18056  -0.12979   0.22881
  -0.18056  -0.36921   0.22881
   0.05886  -0.12979   0.22881
  -0.18056  -0.12979   0.22881
  -0.18056  -0.12979   0.22881
  -0.18056  -0.12979   0.22881
  -0.18056  -0.12979  -0.01061
  -0.18056   0.10963  -0.01061
  -0.18056   0.10963   0.22881
  -0.18056  -0.12979  -0.01061
  -0.18056  -0.12979   0.22881
   0.05886  -0.12979  -0.01061
   0.05886  -0.12979  -0.01061
  -0.18056   0.10963   0.22881
  -0.18056   0.10963  -0.01061
  -0.18056  -0.12979  -0.01061
  -0.18056  -0.12979  -0.01061
  -0.18056   0.10963  -0.25003
   0.05886   0.10963  -0.01061
  -0.18056  -0.12979  -0.25003
  -0.18056  -0.12979  -0.01061
  -0.18056  -0.12979  -0.25003
  -0.18056  -0.12979  -0.25003
  -0.18056  -0.12979  -0.25003
  -0.18056   0.10963  -0.01061
  -0.18056  -0.12979  -0.25003
  -0.18056  -0.12979  -0.01061
  -0.18056  -0.12979  -0.01061
  -0.41998   0.10963  -0.01061
   0.05886  -0.12979  -0.01061
  -0.18056   0.10963  -0.25003
  -0.18056  -0.12979  -0.01061
  -0.18056   0.10963  -0.01061
  -0.18056   0.10963  -0.01061
  -0.18056   0.10963  -0.01061
  -0.18056   0.10963  -0.01061
  -0.18056   0.10963  -0.01061
  -0.18056   0.34905  -0.01061
   0.05886   0.10963  -0.01061
  -0.18056   0.10963  -0.01061
  -0.18056   0.10963  -0.01061
  -0.18056   0.10963   0.22881
  -0.18056   0.10963  -0.01061
  -0.18056   0.10963   0.22881
  -0.18056   0.10963   0.22881
  -0.18056   0.10963  -0.01061
  -0.18056   0.10963   0.22881
  -0.18056   0.10963   0.22881
  -0.18056   0.10963   0.22881
  -0.18056   0.10963  -0.01061
  -0.41998   0.10963   0.22881
  -0.41998   0.10963   0.46823
  -0.41998   0.10963   0.46823
  -0.41998   0.10963   0.22881
  -0.41998   0.10963   0.22881
  -0.41998   0.10963   0.22881
  -0.41998   0.10963   0.22881
  -0.41998   0.10963   0.22881
  -0.41998   0.10963   0.22881
  -0.41998   0.10963   0.22881
  -0.41998   0.10963   0.22881
  -0.41998  -0.12979   0.22881
  -0.41998  -0.12979   0.22881
  -0.41998  -0.12979   0.22881
  -0.65940  -0.12979   0.22881
  -0.41998  -0.12979   0.22881
  -0.41998   0.10963   0.22881
  -0.41998   0.10963   0.22881
  -0.65940   0.10963   0.22881
  -0.65940   0.10963   0.22881
  -0.41998   0.10963   0.22881
  -0.41998  -0.12979   0.22881
  -0.65940  -0.12979   0.22881
  -0.65940   0.10963   0.22881
  -0.65940  -0.12979   0.22881
  -0.65940  -0.12979  -0.01061
  -0.41998   0.10963   0.22881
  -0.41998  -0.12979   0.22881
  -0.65940   0.10963   0.22881
  -0.65940   0.10963   0.22881
  -0.41998   0.10963   0.22881
  -0.41998   0.10963   0.22881
  -0.41998   0.10963  -0.01061
  -0.41998   0.10963  -0.01061
  -0.41998   0.10963  -0.25003
  -0.41998   0.10963  -0.01061
  -0.41998   0.10963  -0.01061
  -0.41998   0.34905  -0.01061
  -0.41998   0.10963   0.22881
  -0.41998   0.10963  -0.01061
  -0.41998   0.10963  -0.25003
  -0.41998   0.10963  -0.25003
  -0.41998   0.10963  -0.25003
  -0.41998   0.10963  -0.01061
  -0.41998   0.10963  -0.25003
  -0.41998   0.10963  -0.25003
  -0.41998   0.10963  -0.25003
  -0.18056   0.10963  -0.25003
  -0.18056   0.10963  -0.01061
  -0.18056   0.10963  -0.25003
  -0.18056   0.10963  -0.01061
  -0.18056   0.10963  -0.25003
  -0.18056   0.10963  -0.25003
  -0.18056   0.10963  -0.01061
  -0.18056   0.10963  -0.01061
  -0.18056   0.10963  -0.01061
  -0.18056   0.10963  -0.01061
  -0.18056   0.10963  -0.25003
  -0.18056   0.10963  -0.25003
  -0.18056  -0.12979  -0.25003
  -0.18056  -0.12979  -0.01061
  -0.18056  -0.12979  -0.01061
  -0.18056  -0.12979  -0.01061
  -0.18056  -0.12979  -0.01061
   0.05886  -0.12979  -0.01061
   0.05886  -0.12979  -0.25003
  -0.18056  -0.12979  -0.01061
   0.05886  -0.12979  -0.01061
   0.05886  -0.12979  -0.01061
   0.05886  -0.36921  -0.01061
   0.05886  -0.12979  -0.01061
   0.05886  -0.12979  -0.01061
   0.05886  -0.12979   0.22881
   0.05886  -0.12979  -0.01061
   0.05886  -0.12979   0.22881
   0.05886  -0.12979  -0.01061
   0.05886  -0.12979  -0.01061
   0.05886  -0.12979  -0.01061
   0.05886   0.10963  -0.01061
   0.29828  -0.36921  -0.01061
   0.29828  -0.12979   0.22881
   0.29828  -0.12979  -0.25003
   0.29828  -0.12979  -0.01061
   0.05886  -0.12979  -0.01061
   0.29828  -0.12979  -0.01061
   0.29828   0.10963  -0.01061
   0.29828  -0.12979  -0.01061
   0.29828  -0.12979  -0.01061
   0.29828  -0.12979  -0.01061
   0.29828  -0.36921  -0.25003
   0.29828  -0.12979  -0.01061
   0.29828   0.10963  -0.01061
   0.29828  -0.12979  -0.25003
   0.29828  -0.12979  -0.01061
   0.29828  -0.12979  -0.25003
   0.29828  -0.12979  -0.01061
   0.29828   0.10963  -0.01061
   0.53770  -0.12979  -0.25003
   0.53770  -0.12979  -0.25003
   0.53770   0.10963  -0.25003
   0.53770   0.10963  -0.25003
   0.53770   0.10963  -0.25003
   0.53770  -0.12979  -0.01061
   0.53770   0.10963  -0.25003
   0.53770   0.10963  -0.25003
   0.53770   0.10963  -0.25003
   0.53770   0.10963  -0.25003
   0.77712  -0.12979  -0.48945
   0.77712   0.10963  -0.25003
   0.77712   0.10963  -0.25003
   0.53770   0.10963  -0.25003
   0.77712  -0.12979  -0.25003
   0.77712   0.10963  -0.01061
   0.77712   0.10963  -0.25003
   0.77712  -0.12979  -0.25003
   0.77712  -0.12979  -0.25003
   0.77712  -0.12979  -0.25003
   0.53770  -0.12979  -0.25003
   0.53770  -0.12979  -0.25003
   0.53770  -0.12979  -0.25003
   0.53770  -0.12979  -0.01061
   0.53770  -0.12979  -0.25003
   0.53770  -0.12979  -0.25003
   0.53770   0.10963  -0.25003
   0.29828  -0.12979  -0.25003
   0.53770   0.10963  -0.25003
   0.53770  -0.12979  -0.25003
   0.53770  -0.12979  -0.25003
   0.53770  -0.12979  -0.01061
   0.53770  -0.12979  -0.25003
   0.53770  -0.12979  -0.01061
   0.53770   0.10963  -0.25003
   0.29828   0.10963  -0.01061
   0.29828   0.10963  -0.01061
   0.53770   0.10963  -0.25003
   0.53770   0.10963  -0.48945
   0.53770   0.10963  -0.01061
   0.29828  -0.12979  -0.25003
   0.29828  -0.12979  -0.25003
   0.53770   0.10963  -0.25003
   0.29828  -0.12979  -0.01061
   0.29828   0.10963  -0.01061
   0.29828   0.10963  -0.25003
   0.53770   0.10963  -0.01061
   0.29828   0.10963  -0.25003
   0.29828   0.10963  -0.01061
   0.29828   0.10963  -0.25003
   0.29828   0.10963  -0.25003
   0.29828   0.10963  -0.25003
   0.05886   0.10963  -0.25003
   0.29828   0.10963  -0.25003
   0.29828   0.10963  -0.48945
   0.29828   0.10963  -0.25003
   0.29828   0.10963  -0.25003
   0.29828  -0.12979  -0.25003
   0.29828  -0.12979  -0.25003
   0.29828   0.10963  -0.25003
   0.29828  -0.12979  -0.01061
   0.29828   0.10963  -0.25003
   0.29828   0.10963  -0.25003
   0.29828   0.10963  -0.25003
   0.05886   0.10963  -0.25003
   0.05886   0.10963  -0.25003
   0.29828   0.10963  -0.25003
   0.05886   0.10963  -0.25003
   0.05886   0.34905  -0.01061
   0.05886   0.10963  -0.01061
   0.05886   0.10963  -0.01061
   0.05886   0.10963  -0.01061
   0.05886   0.10963  -0.01061
   0.05886   0.10963  -0.25003
   0.05886   0.10963  -0.25003
   0.05886   0.10963  -0.25003
   0.05886   0.10963  -0.25003
   0.05886  -0.12979  -0.01061
   0.05886   0.10963  -0.01061
   0.05886   0.10963  -0.25003
   0.05886   0.10963  -0.01061
   0.05886  -0.12979  -0.01061
   0.05886  -0.12979  -0.01061
   0.05886   0.10963  -0.01061
   0.05886  -0.12979  -0.01061
  -0.18056  -0.12979  -0.01061
   0.05886  -0.12979  -0.01061
   0.05886  -0.12979  -0.25003
   0.05886  -0.12979  -0.01061
  -0.18056  -0.12979  -0.01061
  -0.18056  -0.12979  -0.01061
  -0.18056  -0.12979  -0.01061
  -0.18056  -0.12979  -0.01061
  -0.18056  -0.12979  -0.01061
  -0.18056  -0.12979  -0.01061
  -0.18056   0.10963  -0.01061
  -0.18056   0.10963  -0.01061
  -0.18056   0.10963  -0.01061
   0.05886   0.10963  -0.01061
   0.05886   0.10963  -0.01061
   0.05886   0.10963   0.22881
   0.05886   0.10963  -0.01061
   0.05886   0.34905  -0.01061
   0.05886   0.10963  -0.01061
   0.05886   0.10963  -0.01061
   0.05886   0.10963  -0.01061
   0.05886   0.34905  -0.01061
   0.05886   0.34905  -0.01061
   0.05886   0.10963  -0.01061
   0.05886  -0.12979  -0.01061
  -0.18056   0.10963  -0.01061
  -0.18056   0.10963  -0.01061
  -0.18056   0.10963  -0.01061
  -0.18056   0.34905  -0.01061
  -0.18056   0.10963  -0.01061
   0.05886   0.10963  -0.01061
  -0.18056   0.34905  -0.01061
   0.05886   0.10963  -0.01061
  -0.18056   0.10963  -0.01061
  -0.18056   0.10963  -0.01061
  -0.18056   0.10963  -0.01061
  -0.18056  -0.12979  -0.01061
  -0.18056   0.10963  -0.01061
  -0.18056   0.10963  -0.01061
  -0.18056  -0.12979  -0.01061
  -0.18056   0.10963  -0.01061
  -0.41998  -0.12979  -0.01061
  -0.41998  -0.12979   0.22881
  -0.18056  -0.12979   0.22881
  -0.18056   0.10963   0.22881
  -0.18056   0.10963   0.22881
  -0.18056  -0.12979  -0.01061
  -0.18056  -0.36921   0.22881
  -0.41998  -0.12979   0.22881
  -0.18056  -0.12979   0.22881
  -0.18056  -0.12979   0.22881
  -0.41998   0.10963   0.46823
  -0.41998  -0.12979   0.22881
  -0.41998  -0.12979   0.22881
  -0.41998   0.10963   0.46823
  -0.41998   0.10963   0.22881
  -0.41998  -0.12979   0.22881
  -0.41998  -0.12979   0.22881
  -0.41998  -0.12979   0.46823
  -0.41998   0.10963   0.46823
  -0.41998   0.10963   0.22881
  -0.41998   0.10963   0.46823
  -0.65940   0.10963   0.22881
  -0.41998  -0.12979   0.46823
  -0.65940  -0.12979   0.46823
  -0.65940  -0.12979   0.22881
  -0.41998  -0.12979   0.46823
  -0.41998  -0.12979   0.46823
  -0.65940  -0.12979   0.46823
  -0.65940  -0.12979   0.46823
  -0.65940  -0.12979   0.46823
  -0.65940  -0.12979   0.46823
  -0.65940  -0.12979   0.46823
  -0.41998  -0.12979   0.46823
  -0.89882  -0.12979   0.46823
  -0.65940  -0.12979   0.46823
  -0.65940  -0.12979   0.46823
  -0.65940  -0.36921   0.22881
  -0.65940  -0.12979   0.70765
  -0.65940  -0.12979   0.22881
  -0.65940  -0.12979   0.46823
  -0.65940  -0.12979   0.46823
  -0.65940  -0.12979   0.46823
  -0.65940   0.10963   0.46823
  -0.41998  -0.12979   0.46823
  -0.65940  -0.12979   0.46823
  -0.41998   0.10963   0.46823
  -0.41998   0.10963   0.46823
  -0.65940   0.10963   0.46823
  -0.41998   0.10963   0.46823
  -0.41998  -0.12979   0.46823
  -0.41998   0.10963   0.22881
  -0.41998  -0.12979   0.46823
  -0.41998  -0.12979   0.46823
  -0.41998   0.10963   0.46823
  -0.41998   0.10963   0.46823
  -0.41998   0.10963   0.22881
  -0.41998   0.10963   0.22881
  -0.41998   0.10963   0.46823
  -0.18056  -0.12979   0.22881
  -0.41998  -0.12979   0.46823
  -0.18056   0.10963   0.46823
  -0.41998  -0.12979   0.22881
  -0.41998  -0.12979   0.22881
  -0.41998   0.10963   0.22881
  -0.41998   0.10963   0.22881
  -0.41998  -0.12979   0.22881
  -0.18056   0.10963   0.22881
  -0.41998   0.10963   0.22881
  -0.41998   0.10963   0.22881
  -0.41998   0.10963   0.22881
  -0.41998   0.10963   0.22881
  -0.41998  -0.12979   0.22881
  -0.41998   0.10963   0.22881
  -0.18056   0.10963  -0.01061
  -0.41998   0.10963   0.22881
  -0.18056   0.10963   0.22881
  -0.41998   0.10963   0.22881
  -0.41998   0.10963   0.22881
  -0.18056   0.10963  -0.01061
  -0.18056   0.10963  -0.01061
  -0.18056   0.10963   0.22881
  -0.41998   0.10963   0.22881
  -0.18056   0.10963  -0.01061
  -0.18056   0.10963  -0.01061
  -0.18056   0.10963  -0.01061
  -0.18056   0.10963  -0.01061
  -0.18056   0.10963  -0.01061
  -0.18056   0.10963  -0.25003
  -0.18056   0.10963  -0.01061
  -0.18056  -0.12979  -0.25003
  -0.18056  -0.12979  -0.01061
  -0.18056   0.10963  -0.01061
  -0.18056   0.10963  -0.25003
   0.05886  -0.12979  -0.01061
   0.05886  -0.12979  -0.01061
   0.05886  -0.12979  -0.25003
   0.05886  -0.12979  -0.25003
   0.05886  -0.12979  -0.25003
   0.05886  -0.12979  -0.25003
   0.05886  -0.12979  -0.25003
   0.05886  -0.12979  -0.25003
   0.29828  -0.36921  -0.48945
   0.29828  -0.12979  -0.01061
   0.05886  -0.12979  -0.25003
   0.29828  -0.12979  -0.25003
   0.29828  -0.12979  -0.25003
   0.29828  -0.12979  -0.25003
   0.29828  -0.12979  -0.25003
   0.29828  -0.12979  -0.48945
   0.29828  -0.12979  -0.25003
   0.29828   0.10963  -0.25003
   0.29828  -0.12979  -0.25003
   0.29828  -0.12979  -0.01061
   0.29828   0.10963  -0.25003
   0.29828  -0.12979  -0.25003
   0.29828   0.10963  -0.01061
   0.29828   0.10963  -0.25003
   0.29828   0.10963  -0.25003
   0.29828  -0.12979  -0.25003
   0.29828  -0.12979  -0.25003
   0.29828  -0.12979  -0.25003
   0.53770  -0.12979  -0.25003
   0.29828  -0.12979  -0.25003
   0.29828  -0.12979  -0.25003
   0.29828  -0.12979  -0.01061
   0.29828  -0.12979  -0.25003
   0.29828  -0.12979  -0.25003
   0.53770  -0.12979  -0.25003
   0.29828  -0.12979  -0.25003
   0.29828   0.10963  -0.25003
   0.29828  -0.12979  -0.25003
   0.53770  -0.12979  -0.25003
   0.29828  -0.12979  -0.48945
   0.29828  -0.12979  -0.25003
   0.53770  -0.12979  -0.25003
   0.53770  -0.12979  -0.48945
   0.53770  -0.36921  -0.25003
   0.53770  -0.12979  -0.48945
   0.29828  -0.12979  -0.25003
   0.29828  -0.12979  -0.25003
   0.53770  -0.12979  -0.25003
   0.53770  -0.12979  -0.25003
   0.53770  -0.12979  -0.25003
   0.53770  -0.12979  -0.25003
   0.53770   0.10963  -0.48945
   0.53770   0.10963  -0.48945
   0.53770  -0.12979  -0.48945
   0.53770  -0.12979  -0.25003
   0.53770   0.10963  -0.48945
   0.53770   0.10963  -0.25003
   0.53770  -0.12979  -0.48945
   0.53770   0.10963  -0.25003
   0.53770   0.10963  -0.25003
   0.53770   0.10963  -0.48945
   0.53770   0.10963  -0.48945
   0.53770   0.10963  -0.25003
   0.53770  -0.12979  -0.25003
   0.53770   0.10963  -0.25003
   0.53770   0.10963  -0.25003
   0.53770   0.10963  -0.25003
   0.53770   0.10963  -0.25003
   0.53770   0.10963  -0.25003
   0.53770  -0.12979  -0.48945
   0.53770   0.10963  -0.25003
   0.29828   0.10963  -0.25003
   0.29828   0.10963  -0.25003
   0.53770  -0.12979  -0.25003
   0.53770   0.10963  -0.48945
   0.53770  -0.12979  -0.25003
   0.53770   0.10963  -0.25003
   0.53770   0.10963  -0.25003
   0.53770   0.10963  -0.25003
   0.53770   0.10963  -0.48945
   0.53770   0.10963  -0.48945
   0.29828   0.10963  -0.25003
   0.29828   0.10963  -0.48945
   0.29828   0.10963  -0.25003
   0.29828   0.10963  -0.25003
   0.29828   0.10963  -0.25003
   0.29828   0.10963  -0.25003
   0.29828   0.10963  -0.25003
   0.29828   0.10963  -0.25003
   0.29828   0.10963  -0.25003
   0.29828   0.10963  -0.25003
   0.29828   0.10963  -0.25003
   0.05886   0.10963  -0.25003
   0.05886   0.10963  -0.25003
   0.05886   0.10963  -0.25003
   0.05886   0.10963  -0.25003
   0.05886   0.10963  -0.48945
   0.05886   0.10963  -0.25003
   0.05886   0.34905  -0.25003
   0.05886   0.10963  -0.25003
   0.05886   0.10963  -0.25003
   0.05886   0.10963  -0.25003
   0.05886   0.10963  -0.25003
   0.05886   0.10963  -0.25003
   0.05886   0.34905  -0.25003
   0.05886   0.34905  -0.25003
   0.05886   0.10963  -0.25003
   0.05886   0.10963  -0.25003
   0.05886   0.34905  -0.25003
   0.05886   0.10963  -0.25003
   0.05886  -0.12979  -0.25003
   0.29828   0.10963  -0.25003
   0.05886   0.10963  -0.25003
   0.05886   0.10963  -0.25003
   0.05886   0.34905  -0.25003
   0.05886   0.10963  -0.25003
   0.05886   0.10963  -0.25003
   0.05886   0.10963  -0.25003
   0.29828   0.10963  -0.25003
   0.05886   0.10963  -0.01061
   0.05886   0.10963  -0.01061
   0.05886   0.10963  -0.01061
   0.05886   0.10963  -0.01061
   0.05886  -0.12979  -0.01061
   0.05886  -0.12979  -0.01061
   0.05886   0.10963  -0.01061
   0.05886   0.10963  -0.01061
   0.05886  -0.12979  -0.01061
  -0.18056  -0.12979  -0.01061
   0.05886  -0.36921  -0.01061
   0.05886  -0.12979  -0.01061
   0.05886  -0.12979  -0.01061
   0.05886  -0.12979  -0.01061
   0.05886  -0.12979  -0.01061
   0.05886  -0.36921  -0.01061
   0.05886  -0.12979   0.22881
   0.05886  -0.12979  -0.01061
   0.05886  -0.12979  -0.01061
   0.05886  -0.12979  -0.01061
   0.05886  -0.12979  -0.01061
   0.05886  -0.12979  -0.01061
   0.05886  -0.12979  -0.01061
   0.05886  -0.12979  -0.01061
   0.05886  -0.12979  -0.01061
   0.05886  -0.12979  -0.01061
   0.05886  -0.12979  -0.01061
   0.05886  -0.12979  -0.01061
   0.05886  -0.12979   0.22881
  -0.18056  -0.12979  -0.01061
  -0.18056  -0.12979   0.22881
  -0.18056  -0.12979   0.22881
  -0.18056  -0.12979   0.22881
  -0.18056  -0.12979  -0.01061
  -0.18056  -0.12979   0.22881
  -0.18056  -0.12979   0.22881
  -0.18056  -0.12979   0.22881
  -0.18056  -0.12979   0.22881
   0.05886  -0.12979   0.22881
  -0.18056  -0.12979   0.22881
  -0.18056  -0.12979   0.22881
  -0.18056  -0.12979   0.22881
  -0.18056  -0.12979   0.46823
  -0.18056  -0.12979   0.46823
  -0.18056  -0.12979   0.22881
  -0.18056  -0.12979   0.22881
  -0.18056  -0.12979   0.46823
  -0.41998  -0.12979   0.46823
  -0.18056  -0.12979   0.46823
  -0.18056  -0.12979   0.46823
  -0.18056  -0.12979   0.46823
  -0.41998  -0.12979   0.46823
  -0.41998  -0.12979   0.46823
  -0.41998  -0.12979   0.46823
  -0.18056   0.10963   0.46823
  -0.41998  -0.12979   0.46823
  -0.41998   0.10963   0.70765
  -0.41998   0.10963   0.46823
  -0.41998   0.34905   0.46823
  -0.41998   0.10963   0.70765
  -0.41998   0.34905   0.46823
  -0.41998   0.10963   0.46823
  -0.41998   0.34905   0.46823
  -0.41998   0.34905   0.46823
  -0.41998   0.34905   0.46823
  -0.41998   0.10963   0.70765
  -0.41998   0.34905   0.46823
  -0.41998   0.34905   0.46823
  -0.41998   0.10963   0.70765
  -0.65940   0.10963   0.70765
  -0.41998   0.10963   0.46823
  -0.41998   0.10963   0.46823
  -0.41998   0.10963   0.70765
  -0.41998   0.10963   0.70765
  -0.41998   0.10963   0.46823
  -0.41998   0.10963   0.70765
  -0.41998   0.34905   0.70765
  -0.41998   0.10963   0.70765
  -0.41998   0.10963   0.46823
  -0.41998   0.10963   0.46823
  -0.65940   0.10963   0.70765
  -0.41998  -0.12979   0.46823
  -0.41998   0.10963   0.70765
  -0.41998   0.10963   0.46823
  -0.41998   0.10963   0.46823
  -0.41998  -0.12979   0.22881
  -0.41998   0.10963   0.22881
  -0.41998  -0.12979   0.22881
  -0.41998  -0.12979   0.22881
  -0.41998   0.10963   0.46823
  -0.41998  -0.12979   0.22881
  -0.41998   0.10963   0.46823
  -0.41998  -0.12979   0.22881
  -0.41998  -0.12979   0.22881
  -0.41998  -0.12979   0.22881
  -0.41998   0.10963   0.22881
  -0.41998   0.10963  -0.01061
  -0.41998   0.10963  -0.01061
  -0.41998  -0.12979  -0.01061
  -0.41998   0.10963  -0.01061
  -0.65940   0.10963  -0.01061
  -0.41998  -0.12979  -0.01061
  -0.41998   0.10963  -0.01061
  -0.65940   0.10963  -0.01061
  -0.41998   0.10963  -0.01061
  -0.41998   0.10963  -0.25003
  -0.41998   0.10963  -0.25003
  -0.65940   0.10963   0.22881
  -0.41998   0.10963  -0.01061
  -0.41998   0.10963  -0.01061
  -0.41998   0.10963  -0.01061
  -0.65940  -0.12979  -0.01061
  -0.41998   0.10963  -0.25003
  -0.41998  -0.12979  -0.01061
  -0.41998  -0.12979  -0.25003
  -0.41998  -0.12979  -0.25003
  -0.41998   0.10963  -0.25003
  -0.41998   0.10963  -0.01061
  -0.41998   0.10963  -0.01061
  -0.41998   0.10963  -0.01061
  -0.41998  -0.12979  -0.25003
  -0.41998   0.10963  -0.25003
  -0.41998   0.10963  -0.25003
  -0.18056  -0.12979  -0.25003
  -0.41998  -0.12979  -0.25003
  -0.18056  -0.12979  -0.25003
  -0.41998  -0.12979  -0.25003
  -0.18056  -0.12979  -0.25003
  -0.18056  -0.12979  -0.25003
  -0.18056  -0.12979  -0.25003
  -0.18056   0.10963  -0.01061
  -0.18056  -0.36921  -0.25003
  -0.18056  -0.12979  -0.25003
  -0.18056  -0.12979  -0.25003
  -0.18056  -0.12979  -0.01061
  -0.18056  -0.36921  -0.25003
  -0.18056  -0.36921  -0.01061
  -0.18056  -0.36921  -0.01061
  -0.18056  -0.36921  -0.01061
   0.05886  -0.36921  -0.01061
   0.05886  -0.36921  -0.01061
   0.05886  -0.36921  -0.01061
   0.05886  -0.36921  -0.01061
   0.05886  -0.12979  -0.01061
   0.05886  -0.12979  -0.01061
   0.05886  -0.36921  -0.01061
   0.05886  -0.36921  -0.01061
   0.29828  -0.36921  -0.25003
   0.05886  -0.36921  -0.01061
   0.29828  -0.36921  -0.01061
   0.29828  -0.12979  -0.01061
   0.29828  -0.36921   0.22881
   0.05886  -0.12979   0.22881
   0.29828  -0.12979  -0.01061
   0.29828  -0.12979   0.22881
   0.29828  -0.12979   0.22881
   0.29828  -0.12979  -0.01061
   0.29828  -0.12979  -0.01061
   0.29828  -0.12979   0.22881
   0.29828  -0.12979   0.22881
   0.29828   0.10963  -0.01061
   0.29828   0.10963   0.22881
   0.29828   0.10963  -0.01061
   0.29828   0.34905  -0.01061
   0.29828   0.34905  -0.01061
   0.29828   0.34905   0.22881
   0.29828   0.34905  -0.01061
   0.29828   0.34905  -0.01061
   0.29828   0.34905  -0.01061
   0.29828   0.34905  -0.01061
   0.29828   0.34905  -0.01061
   0.29828   0.34905  -0.25003
   0.29828   0.34905  -0.01061
   0.29828   0.34905  -0.01061
   0.29828   0.34905  -0.01061
   0.29828   0.34905  -0.25003
   0.29828   0.34905  -0.25003
   0.29828   0.34905  -0.25003
   0.29828   0.34905  -0.25003
   0.29828   0.34905  -0.25003
   0.29828   0.10963  -0.25003
   0.29828   0.10963  -0.25003
   0.05886   0.10963  -0.01061
   0.29828   0.10963  -0.25003
   0.29828   0.10963  -0.25003
   0.29828  -0.12979  -0.25003
   0.29828  -0.12979  -0.25003
   0.29828  -0.12979  -0.25003
   0.29828  -0.12979  -0.25003
   0.29828  -0.12979  -0.25003
   0.29828   0.10963  -0.48945
   0.29828   0.10963  -0.48945
   0.29828  -0.12979  -0.25003
   0.29828  -0.12979  -0.25003
   0.29828  -0.12979  -0.48945
   0.29828   0.10963  -0.25003
   0.29828  -0.12979  -0.25003
   0.29828  -0.12979  -0.25003
   0.29828  -0.12979  -0.25003
   0.29828   0.10963  -0.25003
   0.29828   0.10963  -0.25003
   0.29828   0.10963  -0.25003
   0.29828   0.10963  -0.48945
   0.29828   0.10963  -0.25003
   0.29828  -0.12979  -0.25003
   0.29828   0.10963  -0.25003
   0.29828  -0.12979  -0.25003
   0.05886   0.10963  -0.25003
   0.29828   0.10963  -0.25003
   0.29828  -0.12979  -0.25003
   0.29828  -0.12979  -0.48945
   0.29828   0.10963  -0.48945
   0.29828   0.10963  -0.48945
   0.29828  -0.12979  -0.25003
   0.29828  -0.12979  -0.48945
   0.29828   0.10963  -0.25003
   0.29828   0.10963  -0.48945
   0.05886   0.10963  -0.01061
   0.29828  -0.12979  -0.25003
   0.05886   0.10963  -0.25003
   0.29828  -0.12979  -0.25003
   0.05886   0.10963  -0.25003
   0.29828   0.10963  -0.25003
   0.29828   0.10963  -0.25003
   0.29828   0.10963  -0.25003
   0.29828   0.10963  -0.25003
   0.29828   0.10963  -0.01061
   0.29828   0.10963  -0.25003
   0.05886  -0.12979  -0.25003
   0.05886  -0.12979  -0.25003
   0.29828  -0.12979  -0.25003
   0.29828  -0.12979  -0.25003
   0.05886  -0.12979  -0.25003
   0.05886  -0.12979  -0.25003
   0.29828  -0.12979  -0.25003
   0.05886  -0.12979  -0.25003
   0.05886  -0.12979  -0.25003
   0.05886  -0.12979  -0.25003
   0.29828  -0.12979  -0.25003
   0.29828  -0.12979  -0.25003
   0.05886  -0.12979  -0.25003
   0.29828  -0.12979  -0.25003
   0.05886  -0.12979  -0.25003
   0.29828  -0.12979  -0.01061
   0.29828  -0.12979  -0.25003
   0.29828  -0.12979  -0.01061
   0.29828  -0.12979  -0.01061
   0.29828  -0.12979  -0.01061
   0.29828  -0.12979  -0.25003
   0.29828  -0.12979  -0.25003
   0.29828  -0.12979  -0.01061
   0.29828  -0.12979  -0.25003
   0.29828  -0.12979  -0.25003
   0.29828  -0.12979  -0.01061
   0.29828  -0.12979  -0.25003
   0.29828  -0.12979  -0.25003
   0.53770  -0.12979  -0.25003
   0.29828  -0.12979  -0.25003
   0.53770  -0.12979  -0.25003
   0.53770   0.10963  -0.25003
   0.53770   0.10963  -0.25003
   0.29828  -0.12979  -0.01061
   0.53770   0.10963  -0.25003
   0.53770   0.10963  -0.25003
   0.53770   0.10963  -0.25003
   0.53770   0.10963  -0.01061
   0.53770   0.10963  -0.01061
   0.53770   0.10963  -0.25003
   0.53770   0.34905  -0.25003
   0.53770   0.10963  -0.25003
   0.53770   0.10963  -0.01061
   0.53770   0.10963  -0.25003
   0.53770   0.10963  -0.01061
   0.53770   0.10963  -0.01061
   0.53770   0.10963  -0.25003
   0.53770   0.10963  -0.25003
   0.53770  -0.12979  -0.25003
   0.29828   0.10963  -0.01061
   0.29828   0.10963  -0.25003
   0.29828   0.10963  -0.25003
   0.29828   0.10963  -0.25003
   0.29828   0.10963  -0.01061
   0.29828   0.10963  -0.01061
   0.29828   0.10963  -0.25003
   0.29828  -0.12979  -0.25003
   0.29828  -0.12979  -0.25003
   0.29828  -0.12979  -0.01061
   0.29828   0.10963  -0.01061
   0.29828  -0.12979  -0.01061
   0.29828  -0.12979  -0.25003
   0.05886  -0.12979  -0.25003
   0.05886  -0.12979  -0.01061
   0.05886  -0.12979  -0.25003
   0.05886  -0.12979  -0.01061
   0.05886  -0.12979  -0.01061
  -0.18056  -0.12979  -0.01061
   0.05886  -0.12979  -0.01061
   0.05886  -0.12979  -0.01061
  -0.18056  -0.12979  -0.25003
  -0.18056  -0.12979  -0.01061
  -0.18056  -0.12979  -0.01061
  -0.18056   0.10963  -0.01061
  -0.18056  -0.12979  -0.01061
  -0.18056  -0.12979  -0.01061
  -0.41998  -0.12979   0.22881
  -0.41998  -0.12979   0.22881
  -0.41998  -0.12979   0.22881
  -0.18056  -0.12979   0.22881
  -0.18056  -0.12979   0.22881
  -0.41998  -0.12979   0.22881
  -0.41998  -0.12979   0.22881
  -0.41998   0.10963   0.22881
  -0.41998   0.10963   0.22881
  -0.65940  -0.12979   0.22881
  -0.41998   0.10963   0.46823
  -0.41998  -0.12979   0.46823
  -0.65940   0.10963   0.46823
  -0.65940   0.10963   0.46823
  -0.65940   0.10963   0.46823
  -0.65940  -0.12979   0.46823
  -0.65940   0.10963   0.46823
  -0.65940   0.10963   0.46823
  -0.65940   0.10963   0.46823
  -0.65940   0.10963   0.46823
  -0.65940   0.10963   0.70765
  -0.65940   0.10963   0.70765
  -0.89882   0.10963   0.46823
  -0.65940   0.10963   0.46823
  -0.89882   0.10963   0.46823
  -0.89882   0.10963   0.70765
  -0.65940   0.10963   0.46823
  -0.65940   0.10963   0.70765
  -0.89882   0.34905   0.46823
  -0.65940   0.34905   0.70765
  -0.89882   0.10963   0.46823
  -0.65940   0.10963   0.46823
  -0.65940   0.10963   0.70765
  -0.89882   0.10963   0.46823
  -0.65940   0.10963   0.46823
  -0.65940   0.10963   0.46823
  -0.89882   0.10963   0.46823
  -0.65940   0.10963   0.46823
  -0.89882   0.10963   0.46823
  -0.65940   0.10963   0.46823
  -0.65940   0.10963   0.46823
  -0.65940   0.10963   0.46823
  -0.65940   0.10963   0.46823
  -0.65940   0.10963   0.46823
  -0.65940   0.10963   0.46823
  -0.65940   0.10963   0.46823
  -0.41998  -0.12979   0.46823
  -0.41998  -0.12979   0.22881
  -0.41998   0.10963   0.46823
  -0.41998  -0.12979   0.22881
  -0.41998  -0.12979   0.46823
  -0.65940   0.10963   0.46823
  -0.41998  -0.12979   0.22881
  -0.41998   0.10963   0.22881
  -0.41998   0.10963   0.22881
  -0.41998  -0.12979  -0.01061
  -0.41998  -0.12979   0.22881
  -0.41998  -0.12979   0.22881
  -0.41998  -0.12979   0.22881
  -0.41998  -0.12979  -0.01061
  -0.41998  -0.12979  -0.01061
  -0.41998  -0.12979   0.22881
  -0.41998  -0.36921  -0.01061
  -0.41998  -0.12979   0.22881
  -0.41998  -0.12979  -0.01061
  -0.18056  -0.12979  -0.01061
  -0.18056  -0.12979   0.22881
  -0.18056  -0.12979  -0.25003
  -0.18056  -0.12979  -0.01061
  -0.18056  -0.12979  -0.01061
  -0.18056  -0.12979  -0.01061
  -0.18056  -0.12979  -0.01061
   0.05886  -0.12979  -0.01061
   0.05886  -0.12979  -0.25003
   0.05886  -0.12979  -0.25003
  -0.18056  -0.12979  -0.01061
  -0.18056   0.10963  -0.01061
   0.05886  -0.12979  -0.01061
  -0.18056  -0.12979  -0.01061
   0.05886  -0.12979  -0.01061
   0.05886   0.10963  -0.01061
   0.05886  -0.12979  -0.01061
   0.05886   0.10963  -0.01061
   0.05886   0.10963  -0.01061
   0.05886  -0.12979  -0.01061
  -0.18056  -0.12979  -0.25003
   0.05886   0.10963  -0.01061
   0.05886   0.10963  -0.25003
   0.05886   0.10963  -0.25003
   0.05886  -0.12979  -0.01061
   0.05886  -0.12979  -0.25003
   0.05886   0.10963  -0.25003
  -0.18056   0.10963  -0.01061
   0.05886  -0.12979  -0.01061
   0.05886  -0.36921  -0.01061
   0.05886  -0.12979  -0.01061
   0.05886  -0.12979  -0.01061
   0.05886   0.10963  -0.01061
   0.05886   0.10963  -0.01061
  -0.18056  -0.12979  -0.01061
   0.05886  -0.12979  -0.01061
   0.05886  -0.12979  -0.01061
   0.05886  -0.12979  -0.25003
   0.05886  -0.12979  -0.01061
   0.05886  -0.12979  -0.01061
   0.05886  -0.12979  -0.01061
   0.05886  -0.12979  -0.01061
   0.05886  -0.12979  -0.01061
   0.05886  -0.12979  -0.01061
   0.05886  -0.12979  -0.01061
   0.05886  -0.12979  -0.01061
   0.05886  -0.12979  -0.01061
   0.05886  -0.12979  -0.01061
   0.05886  -0.12979  -0.01061
   0.05886  -0.12979  -0.01061
   0.05886  -0.12979  -0.01061
   0.05886  -0.12979  -0.01061
   0.05886  -0.12979  -0.01061
   0.05886  -0.12979  -0.01061
   0.05886  -0.12979   0.22881
   0.05886  -0.12979  -0.01061
   0.05886  -0.12979  -0.01061
   0.05886  -0.12979  -0.01061
   0.05886   0.10963   0.22881
   0.05886  -0.12979  -0.01061
   0.05886   0.10963  -0.01061
   0.05886  -0.12979   0.22881
   0.05886   0.10963  -0.01061
   0.05886   0.10963   0.22881
   0.05886   0.10963  -0.01061
   0.05886   0.10963  -0.01061
   0.05886   0.34905  -0.01061
   0.05886   0.10963  -0.01061
   0.05886   0.10963  -0.01061
   0.05886   0.10963  -0.25003
   0.05886   0.10963  -0.01061
   0.05886   0.10963  -0.25003
   0.05886   0.10963  -0.01061
   0.05886   0.34905   0.22881
   0.05886   0.10963  -0.01061
   0.29828   0.10963  -0.01061
   0.29828   0.34905  -0.01061
   0.05886   0.10963  -0.01061
   0.29828   0.34905  -0.01061
   0.05886   0.10963  -0.01061
   0.05886   0.34905  -0.01061
   0.29828   0.10963  -0.01061
   0.05886   0.10963  -0.25003
   0.29828   0.10963  -0.01061
   0.05886   0.10963  -0.01061
   0.05886   0.34905  -0.01061
   0.05886   0.10963  -0.01061
   0.05886   0.10963  -0.01061
   0.05886   0.10963  -0.01061
   0.05886   0.10963  -0.01061
   0.05886   0.10963  -0.01061
   0.05886   0.10963  -0.25003
   0.05886   0.10963  -0.25003
   0.05886   0.10963  -0.01061
   0.05886   0.10963  -0.25003
   0.05886   0.10963  -0.01061
   0.05886   0.10963  -0.25003
   0.29828   0.10963  -0.01061
   0.05886   0.10963  -0.01061
   0.29828   0.10963  -0.01061
   0.29828  -0.12979  -0.25003
   0.29828  -0.12979  -0.25003
   0.29828  -0.12979  -0.01061
   0.05886  -0.12979  -0.25003
   0.29828  -0.12979  -0.25003
   0.29828  -0.12979  -0.25003
   0.29828   0.10963  -0.25003
   0.29828   0.10963  -0.01061
   0.29828   0.10963  -0.01061
   0.29828   0.10963  -0.01061
   0.29828   0.10963  -0.25003
   0.29828  -0.12979  -0.48945
   0.29828  -0.12979  -0.01061
   0.29828  -0.12979  -0.01061
   0.29828  -0.12979  -0.25003
   0.29828  -0.12979  -0.25003
   0.29828  -0.12979  -0.25003
   0.29828  -0.12979  -0.25003
   0.29828  -0.12979  -0.01061
   0.29828  -0.12979  -0.25003
   0.29828  -0.12979  -0.01061
   0.29828  -0.12979  -0.48945
   0.53770  -0.12979  -0.25003
   0.29828  -0.12979  -0.25003
   0.29828  -0.12979  -0.25003
   0.29828  -0.12979  -0.25003
   0.29828  -0.12979  -0.25003
   0.29828  -0.12979  -0.25003
   0.29828  -0.12979  -0.25003
   0.05886  -0.12979  -0.25003
   0.29828  -0.12979  -0.01061
   0.29828  -0.36921  -0.48945
   0.29828  -0.36921  -0.25003
   0.29828  -0.12979  -0.25003
   0.29828  -0.12979  -0.25003
   0.05886  -0.12979  -0.25003
   0.05886  -0.12979  -0.25003
   0.29828  -0.12979  -0.25003
   0.29828  -0.12979  -0.25003
   0.29828  -0.12979  -0.25003
   0.29828  -0.12979  -0.25003
   0.05886  -0.12979  -0.25003
   0.05886   0.10963  -0.25003
   0.05886   0.10963  -0.25003
   0.29828   0.10963  -0.25003
   0.29828   0.10963  -0.25003
   0.05886   0.10963  -0.25003
   0.05886   0.10963  -0.01061
   0.05886   0.10963  -0.25003
   0.29828  -0.12979  -0.25003
   0.29828   0.10963  -0.25003
   0.05886   0.10963  -0.25003
   0.05886  -0.12979  -0.25003
   0.05886   0.10963  -0.25003
   0.05886   0.10963  -0.25003
   0.05886  -0.12979  -0.01061
   0.05886   0.10963  -0.25003
   0.05886  -0.12979  -0.25003
   0.05886  -0.12979  -0.25003
   0.05886  -0.12979  -0.25003
   0.05886   0.10963  -0.25003
   0.05886   0.10963  -0.01061
   0.05886   0.10963  -0.25003
   0.05886   0.10963  -0.01061
   0.29828   0.10963  -0.25003
   0.29828  -0.12979  -0.25003
   0.05886  -0.12979  -0.01061
   0.05886   0.10963  -0.25003
   0.29828   0.10963  -0.25003
   0.05886   0.10963  -0.25003
   0.29828   0.10963  -0.25003
   0.29828   0.10963  -0.48945
   0.29828   0.10963  -0.25003
   0.29828  -0.12979  -0.25003
   0.05886   0.10963  -0.25003
   0.29828   0.10963  -0.25003
   0.29828   0.10963  -0.25003
   0.29828   0.10963  -0.25003
   0.29828   0.10963  -0.48945
   0.29828   0.10963  -0.25003
   0.29828   0.10963  -0.25003
   0.53770   0.10963  -0.25003
   0.29828   0.10963  -0.25003
   0.29828   0.10963  -0.25003
   0.29828   0.10963  -0.25003
   0.29828   0.10963  -0.25003
   0.29828   0.10963  -0.25003
   0.29828   0.10963  -0.01061
   0.29828   0.10963  -0.25003
   0.29828   0.10963  -0.01061
   0.29828   0.10963  -0.01061
   0.29828   0.10963  -0.25003
   0.29828   0.10963  -0.01061
   0.05886   0.10963  -0.01061
   0.29828   0.10963  -0.01061
   0.29828   0.10963  -0.01061
   0.29828  -0.12979  -0.25003
   0.29828   0.10963   0.22881
   0.29828  -0.12979  -0.25003
   0.29828   0.10963  -0.01061
   0.29828  -0.12979  -0.01061
   0.29828   0.10963  -0.01061
   0.29828   0.10963  -0.01061
   0.29828  -0.12979  -0.01061
   0.05886  -0.36921  -0.01061
   0.29828  -0.12979  -0.01061
   0.05886  -0.12979  -0.01061
   0.05886  -0.36921  -0.01061
   0.05886  -0.36921   0.22881
   0.05886  -0.36921   0.22881
   0.05886  -0.36921  -0.01061
   0.05886  -0.36921  -0.01061
   0.05886  -0.12979   0.22881
   0.29828  -0.12979  -0.01061
   0.29828  -0.12979  -0.01061
   0.05886  -0.12979   0.22881
   0.05886  -0.12979   0.22881
   0.05886  -0.12979  -0.01061
   0.05886  -0.36921  -0.01061
   0.05886  -0.12979   0.22881
   0.05886  -0.12979   0.22881
   0.05886  -0.12979   0.22881
   0.05886  -0.12979   0.22881
   0.05886  -0.12979   0.22881
   0.05886  -0.12979   0.22881
   0.05886  -0.12979   0.22881
   0.05886  -0.12979   0.22881
   0.05886   0.10963  -0.01061
   0.05886  -0.12979   0.22881
   0.05886   0.10963  -0.01061
   0.05886   0.10963  -0.01061
   0.05886  -0.12979  -0.01061
   0.05886  -0.12979  -0.01061
   0.05886  -0.12979   0.22881
   0.05886  -0.12979   0.22881
   0.05886  -0.12979   0.22881
   0.05886  -0.12979   0.22881
   0.05886   0.10963   0.22881
   0.05886   0.10963   0.22881
   0.05886   0.10963   0.22881
   0.05886   0.10963   0.22881
   0.05886   0.10963   0.22881
   0.05886   0.10963   0.22881
  -0.18056   0.10963   0.22881
   0.05886   0.10963   0.22881
   0.05886   0.10963   0.46823
  -0.18056   0.10963   0.46823
   0.05886   0.10963   0.46823
   0.05886   0.10963   0.22881
  -0.18056   0.10963   0.22881
  -0.18056   0.34905   0.46823
  -0.18056   0.10963   0.22881
  -0.18056   0.10963   0.22881
  -0.18056   0.10963   0.22881
  -0.18056   0.10963   0.22881
  -0.18056   0.10963   0.22881
  -0.18056   0.10963   0.22881
  -0.18056   0.10963   0.22881
  -0.41998   0.10963   0.22881
  -0.18056   0.10963   0.46823
  -0.41998   0.10963   0.22881
  -0.41998   0.10963   0.22881
  -0.41998   0.10963   0.22881
  -0.41998   0.10963   0.46823
  -0.41998   0.10963   0.46823
  -0.41998   0.10963   0.22881
  -0.65940   0.10963   0.46823
  -0.65940   0.10963   0.22881
  -0.41998   0.10963   0.22881
  -0.41998   0.10963   0.22881
  -0.65940   0.10963   0.46823
  -0.41998   0.10963   0.22881
  -0.41998   0.10963   0.46823
  -0.65940   0.10963   0.46823
  -0.89882   0.10963   0.46823
  -0.65940   0.10963   0.22881
  -0.41998   0.10963   0.22881
  -0.41998   0.10963   0.22881
  -0.65940   0.34905   0.46823
  -0.65940   0.10963   0.22881
  -0.65940   0.34905   0.22881
  -0.65940   0.34905   0.22881
  -0.41998   0.10963   0.22881
  -0.41998   0.10963   0.46823
  -0.65940   0.34905   0.22881
  -0.65940   0.34905   0.46823
  -0.65940   0.10963   0.22881
  -0.65940   0.34905   0.22881
  -0.65940   0.10963   0.46823
  -0.65940   0.34905   0.22881
  -0.41998   0.34905   0.22881
  -0.41998   0.10963   0.22881
  -0.41998   0.10963   0.22881
  -0.65940   0.10963   0.22881
  -0.41998   0.10963   0.22881
  -0.41998   0.10963   0.22881
  -0.41998   0.10963   0.22881
  -0.41998   0.10963   0.46823
  -0.41998   0.10963   0.22881
  -0.41998   0.10963   0.22881
  -0.41998  -0.12979   0.22881
  -0.41998   0.10963   0.22881
  -0.41998  -0.12979   0.22881
  -0.41998   0.10963   0.22881
  -0.41998  -0.12979   0.22881
  -0.18056  -0.12979   0.22881
  -0.41998  -0.12979   0.22881
  -0.41998  -0.12979   0.46823
  -0.41998  -0.12979   0.22881
  -0.41998  -0.12979   0.22881
  -0.18056  -0.12979   0.22881
  -0.41998  -0.36921   0.22881
  -0.41998  -0.36921   0.22881
  -0.18056  -0.36921   0.22881
  -0.41998  -0.36921   0.22881
  -0.18056  -0.12979   0.22881
  -0.18056  -0.36921  -0.01061
  -0.18056  -0.36921   0.22881
  -0.18056  -0.12979  -0.01061
  -0.18056  -0.36921  -0.01061
  -0.41998  -0.12979   0.22881
  -0.18056  -0.36921   0.22881
  -0.18056  -0.36921  -0.01061
  -0.41998  -0.36921   0.22881
  -0.18056  -0.36921  -0.01061
  -0.18056  -0.36921  -0.01061
  -0.18056  -0.36921  -0.01061
  -0.18056  -0.36921  -0.01061
  -0.18056  -0.36921  -0.01061
  -0.18056  -0.36921  -0.25003
  -0.18056  -0.12979  -0.01061
  -0.18056  -0.12979  -0.01061
  -0.18056  -0.12979  -0.01061
  -0.18056   0.10963  -0.25003
  -0.18056  -0.12979  -0.25003
  -0.18056  -0.12979  -0.01061
  -0.18056  -0.12979  -0.25003
  -0.18056  -0.12979  -0.25003
  -0.18056  -0.12979  -0.01061
  -0.41998  -0.12979  -0.25003
  -0.18056   0.10963  -0.01061
  -0.18056  -0.12979  -0.25003
  -0.18056  -0.12979  -0.01061
  -0.41998  -0.12979  -0.25003
  -0.18056  -0.12979  -0.25003
  -0.18056  -0.12979  -0.25003
  -0.18056  -0.12979  -0.25003
  -0.18056  -0.12979  -0.25003
  -0.18056  -0.12979  -0.25003
  -0.18056  -0.12979  -0.25003
  -0.18056  -0.12979  -0.25003
   0.05886  -0.12979  -0.25003
  -0.18056  -0.12979  -0.48945
  -0.18056   0.10963  -0.48945
  -0.41998  -0.12979  -0.25003
  -0.18056   0.10963  -0.25003
  -0.18056  -0.12979  -0.25003
  -0.41998  -0.12979  -0.25003
  -0.18056  -0.12979  -0.25003
  -0.18056   0.10963  -0.25003
  -0.18056   0.10963  -0.25003
  -0.18056   0.10963  -0.25003
  -0.18056  -0.12979  -0.48945
  -0.18056   0.10963  -0.25003
  -0.18056  -0.12979  -0.25003
  -0.18056  -0.12979  -0.25003
  -0.18056   0.10963  -0.48945
  -0.18056   0.10963  -0.48945
  -0.18056   0.10963  -0.48945
  -0.18056   0.10963  -0.48945
  -0.18056   0.10963  -0.48945
  -0.18056   0.10963  -0.25003
  -0.41998   0.10963  -0.25003
  -0.18056  -0.12979  -0.25003
  -0.18056   0.10963  -0.25003
  -0.18056   0.10963  -0.25003
  -0.18056   0.10963  -0.48945
  -0.18056   0.10963  -0.48945
  -0.18056   0.10963  -0.25003
  -0.18056   0.10963  -0.25003
  -0.18056   0.10963  -0.48945
   0.05886   0.10963  -0.48945
   0.05886   0.10963  -0.25003
   0.05886   0.10963  -0.48945
   0.05886   0.10963  -0.25003
   0.05886   0.34905  -0.48945
   0.05886   0.10963  -0.25003
   0.05886   0.10963  -0.25003
   0.05886   0.10963  -0.25003
   0.05886   0.10963  -0.25003
   0.05886   0.10963  -0.25003
   0.05886   0.34905  -0.01061
   0.05886   0.10963  -0.25003
   0.05886   0.10963  -0.01061
   0.29828   0.10963  -0.25003
   0.29828   0.10963  -0.25003
   0.29828   0.10963  -0.25003
   0.29828   0.10963  -0.25003
   0.29828   0.10963  -0.25003
   0.29828   0.10963  -0.25003
   0.53770   0.10963  -0.25003
   0.53770   0.10963  -0.01061
   0.53770   0.10963  -0.01061
   0.53770   0.10963  -0.25003
   0.53770   0.10963  -0.25003
   0.53770   0.10963  -0.01061
   0.53770   0.10963  -0.25003
   0.53770   0.10963  -0.25003
   0.53770   0.10963  -0.01061
   0.53770   0.10963  -0.01061
   0.53770   0.10963  -0.25003
   0.53770  -0.12979  -0.01061
   0.77712  -0.12979  -0.01061
   0.53770  -0.12979  -0.01061
   0.53770   0.10963  -0.25003
   0.77712  -0.12979  -0.01061
   0.77712  -0.12979  -0.01061
   0.77712  -0.12979  -0.01061
   0.77712   0.10963  -0.01061
   0.77712  -0.12979  -0.01061
   0.53770  -0.12979   0.22881
   0.77712  -0.12979  -0.01061
   0.77712  -0.12979  -0.01061
   0.77712  -0.12979  -0.25003
   0.77712  -0.12979  -0.25003
   0.77712  -0.12979  -0.01061
   0.77712  -0.12979  -0.01061
   0.77712  -0.12979  -0.01061
   1.01654  -0.12979  -0.01061
   0.77712  -0.12979  -0.01061
   0.77712  -0.36921  -0.01061
   0.77712  -0.36921  -0.01061
   1.01654  -0.12979  -0.25003
   1.01654  -0.36921  -0.25003
   0.77712  -0.12979  -0.25003
   0.77712  -0.12979  -0.01061
   0.77712  -0.12979  -0.01061
   0.77712  -0.12979  -0.01061
   0.77712  -0.12979  -0.25003
   1.01654  -0.36921  -0.25003
   0.77712  -0.12979  -0.25003
   0.77712  -0.12979  -0.25003
   0.77712  -0.12979  -0.25003
   0.77712  -0.12979  -0.01061
   0.77712  -0.12979  -0.01061
   0.77712  -0.12979  -0.25003
   0.53770  -0.12979  -0.01061
   0.77712  -0.12979  -0.25003
   0.77712  -0.12979  -0.25003
   0.77712  -0.36921  -0.25003
   0.53770  -0.36921  -0.01061
   0.77712  -0.36921  -0.01061
   0.53770  -0.12979  -0.01061
   0.77712  -0.12979  -0.01061
   0.53770  -0.12979  -0.01061
   0.77712  -0.12979  -0.01061
   0.53770  -0.12979  -0.01061
   0.53770  -0.12979  -0.01061
   0.53770  -0.12979  -0.25003
   0.53770  -0.12979  -0.01061
   0.53770  -0.12979  -0.01061
   0.53770  -0.12979  -0.01061
   0.29828  -0.12979  -0.01061
   0.53770  -0.12979  -0.01061
   0.29828  -0.12979  -0.01061
   0.53770  -0.12979  -0.01061
   0.53770  -0.12979  -0.01061
   0.29828  -0.12979  -0.01061
   0.29828   0.10963  -0.01061
   0.29828   0.10963  -0.01061
   0.53770  -0.12979  -0.01061
   0.29828   0.10963  -0.01061
   0.29828   0.10963  -0.01061
   0.29828   0.34905  -0.01061
   0.29828   0.10963  -0.01061
   0.05886   0.10963  -0.01061
   0.29828   0.10963   0.22881
   0.29828   0.10963  -0.01061
   0.05886   0.34905   0.22881
   0.05886   0.58847   0.22881
   0.05886   0.34905  -0.01061
   0.05886   0.34905  -0.01061
   0.05886   0.34905  -0.01061
   0.05886   0.34905   0.22881
   0.05886   0.58847   0.22881
   0.05886   0.34905  -0.01061
   0.05886   0.34905   0.22881
   0.05886   0.34905   0.22881
   0.05886   0.34905   0.22881
   0.05886   0.34905   0.22881
   0.05886   0.34905   0.22881
  -0.18056   0.34905   0.22881
   0.05886   0.34905   0.22881
   0.05886   0.34905   0.22881
   0.05886   0.34905   0.22881
  -0.18056   0.34905   0.22881
  -0.18056   0.10963   0.46823
  -0.18056   0.34905   0.22881
  -0.18056   0.34905   0.22881
  -0.18056   0.34905   0.46823
  -0.18056   0.10963   0.46823
  -0.41998   0.34905   0.22881
  -0.18056   0.34905   0.22881
  -0.18056   0.10963   0.22881
  -0.18056   0.34905   0.46823
  -0.18056   0.34905   0.46823
  -0.18056   0.10963   0.22881
  -0.41998   0.10963   0.22881
  -0.18056   0.10963   0.22881
  -0.41998   0.10963   0.22881
  -0.18056   0.10963   0.22881
  -0.41998   0.10963   0.22881
  -0.41998   0.10963   0.22881
  -0.18056   0.10963   0.22881
  -0.18056   0.10963   0.22881
  -0.41998   0.10963   0.22881
  -0.18056   0.10963  -0.01061
  -0.18056   0.10963   0.22881
  -0.18056  -0.12979  -0.01061
  -0.18056  -0.12979   0.22881
  -0.18056  -0.12979   0.22881
  -0.18056  -0.12979  -0.01061
  -0.18056  -0.12979   0.22881
  -0.18056  -0.12979   0.22881
  -0.18056  -0.12979   0.22881
  -0.41998  -0.12979   0.22881
  -0.18056  -0.12979   0.22881
  -0.18056  -0.12979   0.22881
  -0.18056  -0.12979   0.46823
  -0.18056  -0.12979   0.22881
  -0.18056  -0.12979   0.22881
  -0.18056  -0.12979   0.46823
  -0.41998  -0.36921   0.22881
  -0.18056  -0.12979   0.46823
  -0.18056  -0.12979   0.22881
  -0.41998  -0.12979   0.22881
  -0.41998  -0.12979   0.22881
  -0.41998  -0.12979   0.22881
  -0.41998  -0.12979   0.46823
  -0.41998  -0.12979   0.22881
  -0.41998  -0.12979   0.22881
  -0.41998  -0.36921   0.22881
  -0.18056  -0.36921   0.22881
  -0.41998  -0.12979  -0.01061
  -0.65940  -0.12979   0.22881
  -0.41998  -0.36921   0.22881
  -0.65940  -0.12979   0.22881
  -0.41998  -0.12979   0.22881
  -0.65940  -0.12979   0.22881
  -0.41998  -0.36921  -0.01061
  -0.41998  -0.12979  -0.01061
  -0.41998  -0.36921  -0.01061
  -0.41998  -0.12979   0.22881
  -0.65940  -0.12979  -0.01061
  -0.65940  -0.12979  -0.01061
  -0.65940  -0.12979  -0.01061
  -0.65940  -0.12979  -0.01061
  -0.65940  -0.12979  -0.01061
  -0.41998  -0.12979   0.22881
  -0.41998  -0.12979   0.22881
  -0.65940  -0.12979   0.22881
  -0.65940  -0.12979  -0.01061
  -0.65940  -0.12979  -0.01061
  -0.65940  -0.36921   0.22881
  -0.65940   0.10963  -0.01061
  -0.65940  -0.12979  -0.01061
  -0.65940  -0.12979  -0.01061
  -0.65940  -0.36921  -0.01061
  -0.65940   0.10963  -0.01061
  -0.65940   0.10963  -0.01061
  -0.65940  -0.12979  -0.01061
  -0.65940  -0.12979  -0.01061
  -0.65940  -0.12979  -0.01061
  -0.65940  -0.12979  -0.01061
  -0.65940   0.10963  -0.01061
  -0.65940   0.10963  -0.01061
  -0.65940   0.10963  -0.25003
  -0.65940   0.10963  -0.25003
  -0.65940   0.10963  -0.01061
  -0.41998   0.10963  -0.25003
  -0.65940   0.10963  -0.01061
  -0.65940   0.10963  -0.25003
  -0.65940   0.10963  -0.25003
  -0.65940   0.10963  -0.25003
  -0.41998   0.10963  -0.25003
  -0.65940   0.10963  -0.25003
  -0.65940   0.10963  -0.01061
  -0.65940   0.10963  -0.25003
  -0.65940   0.10963  -0.01061
  -0.65940   0.10963  -0.01061
  -0.65940   0.10963  -0.01061
  -0.41998   0.10963  -0.25003
  -0.41998   0.10963  -0.25003
  -0.65940   0.10963  -0.01061
  -0.41998   0.10963  -0.01061
  -0.41998   0.10963  -0.01061
  -0.41998   0.10963  -0.01061
  -0.41998   0.10963  -0.01061
  -0.41998   0.10963  -0.01061
  -0.41998   0.10963  -0.01061
  -0.41998   0.10963  -0.01061
  -0.41998   0.10963  -0.01061
  -0.41998   0.10963  -0.01061
  -0.41998   0.34905  -0.01061
  -0.41998   0.10963  -0.01061
  -0.41998  -0.12979  -0.01061
  -0.41998   0.10963  -0.01061
  -0.41998   0.10963  -0.01061
  -0.41998   0.34905  -0.01061
  -0.41998   0.34905  -0.01061
  -0.41998   0.10963  -0.01061
  -0.41998   0.10963  -0.01061
  -0.18056   0.34905  -0.01061
  -0.18056   0.10963  -0.01061
  -0.18056   0.10963  -0.01061
  -0.18056   0.10963   0.22881
  -0.18056   0.10963   0.22881
  -0.18056   0.10963   0.22881
  -0.18056   0.10963   0.22881
  -0.18056   0.10963   0.22881
   0.05886   0.10963  -0.01061
   0.05886   0.10963  -0.01061
   0.05886   0.10963  -0.01061
   0.05886   0.10963  -0.01061
   0.05886   0.10963  -0.01061
   0.05886   0.10963  -0.01061
   0.05886   0.10963  -0.01061
   0.05886   0.10963  -0.01061
   0.05886   0.10963  -0.01061
   0.05886   0.10963  -0.01061
   0.29828  -0.12979  -0.01061
   0.05886  -0.12979  -0.01061
   0.29828  -0.12979  -0.01061
   0.29828  -0.12979  -0.01061
   0.29828   0.10963  -0.01061
   0.29828   0.10963  -0.01061
   0.29828  -0.12979  -0.25003
   0.29828  -0.12979  -0.01061
   0.29828  -0.36921  -0.01061
   0.29828   0.10963  -0.01061
   0.29828  -0.12979  -0.01061
   0.29828  -0.36921  -0.01061
   0.53770  -0.12979  -0.01061
   0.29828  -0.12979  -0.01061
   0.53770  -0.12979  -0.01061
   0.53770  -0.12979  -0.25003
   0.29828  -0.12979  -0.01061
   0.53770  -0.36921  -0.01061
   0.53770  -0.12979  -0.01061
   0.53770  -0.12979  -0.01061
   0.29828  -0.12979  -0.01061
   0.53770  -0.36921  -0.01061
   0.53770  -0.12979  -0.01061
   0.53770  -0.12979  -0.25003
   0.29828  -0.36921  -0.25003
   0.53770  -0.12979  -0.01061
   0.53770  -0.12979  -0.01061
   0.53770  -0.36921  -0.01061
   0.53770  -0.12979  -0.25003
   0.53770  -0.12979  -0.01061
   0.53770  -0.12979  -0.25003
   0.53770  -0.12979  -0.01061
   0.53770  -0.12979  -0.25003
   0.53770  -0.12979  -0.01061
   0.53770  -0.12979  -0.01061
   0.53770  -0.12979  -0.01061
   0.53770   0.10963  -0.01061
   0.53770   0.10963  -0.01061
   0.53770   0.10963  -0.01061
   0.53770   0.34905  -0.25003
   0.53770   0.34905  -0.01061
   0.53770   0.10963  -0.25003
   0.53770   0.10963  -0.25003
   0.53770   0.10963  -0.25003
   0.53770   0.10963  -0.01061
   0.53770   0.10963  -0.01061
   0.53770   0.10963  -0.25003
   0.53770   0.10963  -0.01061
   0.53770   0.10963  -0.01061
   0.53770   0.10963  -0.25003
   0.53770   0.10963  -0.25003
   0.53770   0.10963  -0.25003
   0.53770   0.10963  -0.25003
   0.53770   0.34905  -0.01061
   0.53770   0.10963  -0.25003
   0.53770   0.10963  -0.25003
   0.53770   0.10963  -0.25003
   0.53770   0.10963  -0.25003
   0.53770   0.10963  -0.25003
   0.53770   0.10963  -0.01061
   0.53770   0.10963  -0.01061
   0.53770   0.10963  -0.25003
   0.53770   0.10963  -0.25003
   0.53770   0.10963  -0.01061
   0.53770   0.10963  -0.01061
   0.53770  -0.12979  -0.25003
   0.53770  -0.12979  -0.25003
   0.53770   0.10963  -0.01061
   0.53770   0.10963  -0.25003
   0.53770  -0.12979  -0.01061
   0.53770   0.10963  -0.01061
   0.53770   0.10963  -0.01061
   0.53770   0.10963  -0.25003
   0.53770   0.10963  -0.25003
   0.53770   0.10963  -0.25003
   0.53770   0.10963  -0.01061
   0.29828   0.10963  -0.01061
   0.29828  -0.12979  -0.25003
   0.29828  -0.12979  -0.01061
   0.29828   0.10963  -0.01061
   0.29828  -0.12979  -0.01061
   0.29828   0.10963  -0.25003
   0.29828   0.10963  -0.01061
   0.29828  -0.12979  -0.01061
   0.29828  -0.12979  -0.01061
   0.29828  -0.12979  -0.01061
   0.29828   0.10963  -0.25003
   0.53770   0.10963  -0.01061
   0.29828   0.10963  -0.01061
   0.29828  -0.12979  -0.01061
   0.29828   0.10963  -0.01061
   0.29828  -0.12979  -0.01061
   0.29828   0.10963  -0.01061
   0.05886   0.10963   0.22881
   0.29828   0.10963   0.22881
   0.29828   0.10963  -0.01061
   0.29828   0.10963  -0.01061
   0.29828   0.10963  -0.01061
   0.29828   0.10963   0.22881
   0.29828   0.10963  -0.01061
   0.05886  -0.12979  -0.01061
   0.05886  -0.12979  -0.01061
   0.05886  -0.12979   0.22881
   0.05886   0.10963  -0.01061
   0.05886   0.10963   0.22881
   0.29828   0.10963  -0.01061
   0.29828  -0.12979   0.22881
   0.05886   0.10963   0.22881
   0.05886   0.10963  -0.01061
   0.29828   0.10963   0.22881
   0.05886   0.10963  -0.01061
   0.05886   0.10963  -0.01061
   0.05886  -0.12979   0.22881
   0.05886  -0.12979  -0.01061
   0.05886  -0.12979   0.22881
   0.05886  -0.12979  -0.01061
   0.05886  -0.12979   0.22881
   0.29828  -0.12979  -0.01061
   0.29828  -0.12979   0.22881
   0.29828  -0.12979  -0.01061
   0.29828  -0.12979   0.22881
   0.05886  -0.12979  -0.01061
   0.05886  -0.12979   0.22881
   0.29828  -0.12979  -0.01061
   0.05886  -0.12979   0.22881
   0.05886  -0.12979  -0.01061
   0.05886  -0.12979  -0.01061
   0.05886  -0.36921  -0.01061
   0.05886  -0.36921   0.22881
   0.05886  -0.12979   0.22881
   0.05886  -0.12979   0.22881
   0.05886  -0.12979  -0.01061
   0.05886  -0.12979   0.22881
   0.05886  -0.36921   0.22881
   0.05886  -0.12979  -0.01061
   0.05886  -0.36921  -0.01061
   0.05886  -0.36921  -0.01061
   0.05886  -0.36921  -0.01061
   0.05886  -0.12979  -0.01061
   0.05886  -0.12979   0.22881
   0.05886  -0.12979  -0.01061
   0.05886  -0.12979  -0.01061
   0.05886  -0.36921  -0.01061
   0.05886  -0.12979  -0.01061
  -0.18056   0.10963  -0.01061
  -0.18056   0.10963  -0.01061
  -0.18056  -0.12979  -0.01061
   0.05886   0.10963  -0.01061
   0.05886  -0.12979  -0.01061
  -0.18056   0.10963  -0.01061
  -0.18056  -0.12979  -0.25003
  -0.18056  -0.12979  -0.01061
  -0.18056  -0.12979  -0.01061
  -0.18056  -0.12979  -0.01061
  -0.18056  -0.12979  -0.25003
  -0.18056  -0.12979  -0.01061
  -0.18056  -0.12979  -0.25003
  -0.18056   0.10963  -0.01061
  -0.18056   0.10963  -0.01061
  -0.41998  -0.12979  -0.01061
  -0.18056  -0.12979  -0.01061
  -0.18056  -0.12979  -0.01061
  -0.41998  -0.12979  -0.25003
  -0.41998   0.10963  -0.01061
  -0.41998   0.10963  -0.01061
  -0.41998   0.10963  -0.01061
  -0.18056   0.10963  -0.01061
  -0.41998   0.10963  -0.25003
  -0.41998  -0.12979  -0.01061
  -0.41998   0.10963  -0.01061
  -0.41998   0.10963  -0.01061
  -0.41998  -0.12979  -0.01061
  -0.41998   0.10963  -0.01061
  -0.41998   0.10963  -0.01061
  -0.41998  -0.12979  -0.01061
  -0.41998   0.10963  -0.01061
  -0.41998  -0.12979  -0.01061
  -0.41998   0.10963  -0.25003
  -0.65940   0.10963  -0.01061
  -0.65940   0.10963  -0.01061
  -0.65940   0.10963  -0.01061
  -0.65940   0.10963  -0.01061
  -0.65940   0.10963  -0.25003
  -0.65940   0.10963  -0.01061
  -0.65940   0.10963  -0.25003
  -0.65940   0.10963  -0.25003
  -0.65940  -0.12979  -0.25003
  -0.89882  -0.12979  -0.25003
  -0.65940   0.10963  -0.01061
  -0.65940   0.10963  -0.01061
  -0.65940   0.10963  -0.01061
  -0.89882   0.10963  -0.25003
  -0.65940   0.10963  -0.25003
  -0.89882   0.10963  -0.01061
  -0.89882   0.10963  -0.01061
  -0.65940   0.10963  -0.25003
  -0.65940   0.10963  -0.25003
  -0.65940   0.10963  -0.01061
  -0.65940   0.10963  -0.01061
  -0.65940  -0.12979  -0.01061
  -0.65940   0.10963  -0.25003
  -0.65940   0.10963  -0.25003
  -0.65940   0.10963  -0.25003
  -0.65940   0.10963  -0.01061
  -0.65940   0.10963   0.22881
  -0.65940   0.10963  -0.25003
  -0.65940   0.10963  -0.01061
  -0.65940   0.10963  -0.01061
  -0.41998   0.10963  -0.25003
  -0.65940  -0.12979  -0.01061
  -0.41998  -0.12979  -0.01061
  -0.41998  -0.12979  -0.25003
  -0.65940   0.10963  -0.01061
  -0.65940   0.10963  -0.01061
  -0.65940   0.10963  -0.01061
  -0.41998   0.10963  -0.01061
  -0.41998   0.10963  -0.01061
  -0.41998   0.10963  -0.01061
  -0.41998   0.10963  -0.01061
  -0.41998   0.10963  -0.01061
  -0.41998   0.10963  -0.01061
  -0.41998   0.10963  -0.01061
  -0.41998  -0.12979  -0.01061
  -0.41998   0.10963  -0.01061
  -0.41998   0.10963  -0.01061
  -0.41998  -0.12979  -0.01061
  -0.18056  -0.12979  -0.01061
  -0.41998   0.10963  -0.01061
  -0.18056  -0.12979  -0.01061
  -0.41998   0.10963  -0.01061
  -0.41998   0.10963  -0.01061
  -0.41998  -0.12979  -0.01061
  -0.18056  -0.12979  -0.01061
  -0.41998  -0.12979   0.22881
  -0.41998  -0.12979   0.22881
  -0.18056   0.10963  -0.01061
  -0.18056  -0.12979  -0.01061
  -0.18056   0.10963  -0.01061
  -0.18056  -0.12979  -0.01061
  -0.18056  -0.12979  -0.01061
  -0.18056  -0.36921  -0.01061
  -0.18056  -0.12979  -0.01061
  -0.18056  -0.12979   0.22881
  -0.18056  -0.12979  -0.01061
  -0.18056  -0.12979   0.22881
   0.05886  -0.12979  -0.01061
  -0.18056  -0.12979   0.22881
  -0.18056  -0.12979  -0.01061
  -0.18056   0.10963   0.22881
  -0.18056  -0.12979   0.22881
  -0.18056  -0.12979   0.22881
  -0.18056   0.10963   0.22881
  -0.18056   0.10963   0.22881
  -0.18056   0.10963   0.22881
  -0.18056  -0.12979   0.22881
  -0.18056  -0.12979   0.22881
   0.05886   0.10963   0.22881
  -0.18056   0.10963   0.22881
   0.05886   0.10963  -0.01061
   0.05886   0.10963   0.22881
   0.05886   0.10963   0.22881
  -0.18056   0.10963   0.22881
   0.05886   0.10963   0.22881
   0.05886   0.10963   0.22881
   0.05886   0.10963   0.22881
   0.05886   0.10963   0.22881
   0.05886   0.10963   0.22881
   0.05886  -0.12979   0.22881
   0.05886   0.10963   0.22881
   0.05886   0.10963   0.22881
  -0.18056   0.10963   0.22881
   0.05886   0.10963   0.46823
   0.05886   0.10963   0.22881
   0.05886   0.10963   0.22881
   0.05886   0.10963   0.22881
   0.05886   0.10963   0.22881
   0.29828   0.10963   0.22881
   0.05886   0.10963   0.46823
   0.29828   0.10963   0.22881
   0.29828   0.10963   0.46823
   0.05886   0.10963   0.22881
   0.29828   0.10963   0.22881
   0.05886  -0.12979   0.46823
   0.29828   0.10963   0.46823
   0.29828   0.10963   0.46823
   0.29828   0.10963   0.22881
   0.29828  -0.12979   0.22881
   0.29828   0.10963   0.22881
   0.05886   0.10963   0.46823
   0.29828  -0.12979   0.22881
   0.29828   0.10963   0.22881
   0.29828  -0.12979   0.22881
   0.29828  -0.12979   0.22881
   0.29828   0.10963   0.22881
   0.29828   0.10963   0.22881
   0.29828   0.10963   0.22881
   0.53770  -0.12979   0.22881
   0.29828   0.10963   0.22881
   0.29828   0.10963   0.22881
   0.29828   0.10963  -0.01061
   0.53770   0.10963   0.22881
   0.53770   0.10963  -0.01061
   0.53770   0.10963   0.22881
   0.53770   0.10963  -0.01061
   0.77712   0.10963   0.22881
   0.53770   0.10963  -0.01061
   0.53770   0.10963   0.22881
   0.53770   0.10963  -0.01061
   0.53770   0.10963  -0.01061
   0.53770  -0.12979  -0.01061
   0.53770   0.10963  -0.01061
   0.53770   0.10963  -0.01061
   0.53770   0.10963   0.22881
   0.53770   0.34905  -0.01061
   0.53770   0.10963  -0.01061
   0.53770   0.10963  -0.01061
   0.77712   0.10963   0.22881
   0.77712  -0.12979   0.22881
   0.77712   0.10963  -0.01061
   0.77712  -0.12979  -0.01061
   0.77712  -0.12979  -0.01061
   0.77712  -0.12979  -0.01061
   0.77712  -0.12979  -0.01061
   0.77712  -0.12979   0.22881
   0.77712  -0.12979   0.22881
   0.77712  -0.12979  -0.01061
   0.77712  -0.12979  -0.01061
   0.77712  -0.36921  -0.01061
   0.77712  -0.12979  -0.01061
   0.77712  -0.12979  -0.01061
   0.77712   0.10963  -0.01061
   0.77712  -0.12979  -0.01061
   0.77712  -0.12979  -0.01061
   0.77712  -0.36921   0.22881
   0.77712  -0.36921   0.22881
   0.77712  -0.12979   0.22881
   0.77712  -0.12979  -0.01061
   0.77712  -0.12979   0.22881
   0.77712  -0.36921  -0.01061
   0.77712  -0.36921  -0.01061
   0.77712  -0.12979  -0.01061
   0.77712  -0.12979  -0.01061
   0.53770  -0.12979  -0.01061
   0.77712  -0.12979  -0.01061
   0.77712  -0.12979  -0.01061
   0.77712  -0.36921  -0.01061
   0.77712  -0.12979  -0.01061
   0.77712  -0.12979  -0.01061
   0.53770  -0.12979  -0.01061
   0.77712  -0.12979  -0.01061
   0.53770  -0.12979  -0.01061
   0.53770  -0.36921  -0.01061
   0.53770  -0.36921  -0.01061
   0.53770  -0.36921  -0.01061
   0.53770  -0.36921  -0.01061
   0.53770  -0.36921  -0.01061
   0.53770  -0.36921  -0.01061
   0.53770  -0.12979  -0.01061
   0.29828  -0.36921  -0.01061
   0.29828  -0.12979  -0.25003
   0.29828  -0.12979  -0.01061
   0.29828  -0.12979  -0.25003
   0.29828  -0.12979  -0.01061
   0.05886  -0.12979  -0.01061
   0.29828  -0.12979  -0.25003
   0.05886  -0.12979  -0.01061
   0.05886  -0.12979  -0.01061
   0.29828  -0.12979  -0.01061
   0.29828  -0.12979  -0.25003
   0.29828  -0.12979  -0.25003
   0.05886  -0.12979  -0.01061
   0.05886  -0.12979  -0.01061
   0.05886  -0.12979  -0.25003
   0.05886  -0.12979  -0.01061
   0.05886   0.10963  -0.01061
   0.05886   0.10963  -0.25003
   0.05886   0.10963  -0.25003
   0.05886   0.10963  -0.25003
   0.05886   0.10963  -0.25003
   0.05886   0.10963  -0.01061
   0.05886   0.10963  -0.01061
   0.05886   0.10963  -0.01061
  -0.18056   0.10963  -0.01061
  -0.18056   0.10963  -0.01061
   0.05886  -0.12979  -0.01061
  -0.18056   0.10963  -0.01061
  -0.18056   0.10963  -0.01061
   0.05886   0.10963  -0.25003
  -0.18056   0.10963  -0.25003
  -0.18056   0.10963  -0.01061
   0.05886   0.10963  -0.25003
  -0.18056   0.10963  -0.25003
   0.05886   0.10963  -0.01061
   0.05886   0.10963  -0.25003
  -0.18056   0.10963  -0.25003
  -0.18056  -0.12979  -0.25003
  -0.18056  -0.12979  -0.25003
  -0.18056   0.10963  -0.25003
   0.05886   0.10963  -0.25003
  -0.18056   0.10963  -0.25003
  -0.18056   0.10963  -0.25003
  -0.18056   0.10963  -0.25003
   0.05886   0.10963  -0.48945
  -0.18056   0.10963  -0.48945
  -0.18056   0.10963  -0.48945
  -0.18056   0.34905  -0.48945
   0.05886   0.10963  -0.48945
   0.05886   0.10963  -0.48945
  -0.18056   0.10963  -0.25003
  -0.18056   0.10963  -0.25003
  -0.18056   0.34905  -0.48945
   0.05886   0.34905  -0.25003
  -0.18056   0.34905  -0.48945
   0.05886   0.34905  -0.48945
   0.05886   0.10963  -0.48945
   0.05886   0.10963  -0.48945
   0.05886   0.10963  -0.48945
  -0.18056   0.34905  -0.48945
  -0.18056   0.10963  -0.25003
  -0.18056   0.10963  -0.48945
  -0.18056   0.10963  -0.48945
  -0.18056   0.10963  -0.72887
  -0.18056   0.34905  -0.48945
  -0.18056   0.10963  -0.48945
  -0.18056   0.10963  -0.48945
  -0.18056   0.10963  -0.48945
  -0.18056   0.10963  -0.48945
  -0.18056   0.10963  -0.25003
  -0.18056   0.10963  -0.48945
  -0.41998   0.10963  -0.48945
  -0.18056   0.10963  -0.48945
  -0.18056   0.10963  -0.48945
  -0.18056  -0.12979  -0.48945
  -0.18056  -0.12979  -0.48945
  -0.18056  -0.12979  -0.48945
  -0.18056  -0.12979  -0.48945
  -0.41998  -0.12979  -0.48945
  -0.18056  -0.12979  -0.48945
  -0.18056  -0.12979  -0.48945
  -0.41998  -0.12979  -0.48945
  -0.41998  -0.12979  -0.25003
  -0.41998  -0.12979  -0.48945
  -0.41998  -0.12979  -0.25003
  -0.41998  -0.12979  -0.48945
  -0.41998  -0.12979  -0.25003
  -0.41998   0.10963  -0.25003
  -0.41998  -0.12979  -0.01061
  -0.18056  -0.12979  -0.25003
  -0.41998   0.10963  -0.25003
  -0.41998  -0.12979  -0.25003
  -0.41998   0.10963  -0.25003
  -0.41998   0.10963  -0.25003
  -0.41998  -0.12979  -0.01061
  -0.41998  -0.12979  -0.01061
  -0.65940  -0.12979  -0.01061
  -0.41998  -0.12979  -0.01061
  -0.41998   0.10963  -0.01061
  -0.41998  -0.12979  -0.01061
  -0.41998  -0.12979  -0.01061
  -0.41998  -0.12979  -0.01061
  -0.41998  -0.12979  -0.01061
  -0.41998  -0.12979   0.22881
  -0.41998  -0.12979   0.22881
  -0.41998  -0.12979  -0.01061
  -0.41998  -0.12979  -0.01061
  -0.41998  -0.12979   0.22881
  -0.41998  -0.12979   0.22881
  -0.41998  -0.12979  -0.01061
  -0.41998  -0.12979   0.22881
  -0.65940  -0.12979   0.22881
  -0.41998  -0.12979   0.22881
  -0.41998  -0.12979   0.22881
  -0.41998  -0.36921   0.22881
  -0.65940  -0.12979   0.46823
  -0.41998  -0.12979  -0.01061
  -0.65940  -0.12979   0.22881
  -0.65940   0.10963   0.46823
  -0.65940   0.10963   0.22881
  -0.65940   0.10963   0.22881
  -0.41998   0.10963   0.22881
  -0.65940  -0.12979   0.46823
  -0.65940   0.10963   0.22881
  -0.65940   0.10963   0.46823
  -0.65940   0.10963   0.46823
  -0.65940   0.10963   0.46823
  -0.65940   0.10963   0.46823
  -0.65940   0.10963   0.46823
  -0.65940  -0.12979   0.22881
  -0.89882   0.10963   0.46823
  -0.65940   0.10963   0.46823
  -0.65940   0.10963   0.46823
  -0.65940   0.10963   0.46823
  -0.65940   0.10963   0.46823
  -0.65940   0.10963   0.46823
  -0.65940  -0.12979   0.46823
  -0.65940   0.10963   0.46823
  -0.65940   0.10963   0.46823
  -0.65940   0.10963   0.46823
  -0.65940   0.10963   0.46823
  -0.65940   0.10963   0.46823
  -0.65940   0.10963   0.46823
  -0.65940   0.10963   0.46823
  -0.65940   0.10963   0.22881
  -0.65940   0.10963   0.46823
  -0.65940   0.10963   0.46823
  -0.65940   0.10963   0.46823
  -0.65940  -0.12979   0.46823
  -0.41998   0.10963   0.46823
  -0.41998   0.10963   0.22881
  -0.65940   0.10963   0.22881
  -0.41998   0.10963   0.22881
  -0.41998   0.34905   0.22881
  -0.41998   0.10963   0.22881
  -0.41998   0.10963   0.22881
  -0.41998   0.10963   0.46823
  -0.41998   0.34905   0.22881
  -0.41998   0.10963   0.22881
  -0.41998   0.10963   0.22881
  -0.41998   0.10963   0.22881
  -0.41998   0.10963   0.22881
  -0.41998   0.10963   0.22881
  -0.41998   0.10963   0.22881
  -0.18056   0.34905   0.22881
  -0.18056   0.10963   0.22881
  -0.18056   0.10963   0.22881
  -0.18056   0.10963   0.22881
  -0.18056   0.10963   0.22881
   0.05886   0.10963   0.22881
  -0.18056   0.10963   0.46823
  -0.18056   0.10963   0.22881
   0.05886  -0.12979   0.22881
   0.05886  -0.12979  -0.01061
   0.05886  -0.12979   0.22881
   0.05886  -0.12979   0.22881
   0.05886  -0.12979  -0.01061
   0.05886  -0.12979   0.22881
   0.05886  -0.36921   0.22881
   0.05886  -0.12979   0.22881
   0.05886  -0.36921   0.22881
   0.05886  -0.36921   0.22881
   0.05886  -0.36921   0.22881
   0.05886  -0.12979   0.22881
   0.29828  -0.36921   0.22881
   0.05886  -0.12979   0.22881
   0.05886  -0.36921  -0.01061
   0.05886  -0.12979   0.22881
   0.29828  -0.12979   0.22881
   0.29828  -0.12979   0.22881
   0.29828  -0.12979   0.22881
   0.29828  -0.12979   0.22881
   0.29828  -0.12979   0.22881
   0.29828  -0.12979   0.22881
   0.29828  -0.12979   0.22881
   0.29828  -0.12979   0.22881
   0.53770  -0.12979   0.22881
   0.29828  -0.12979   0.22881
   0.29828  -0.12979   0.22881
   0.29828  -0.12979   0.22881
   0.29828  -0.12979   0.22881
   0.29828  -0.12979  -0.01061
   0.29828  -0.12979   0.22881
   0.29828  -0.12979   0.22881
   0.29828  -0.12979   0.22881
   0.29828  -0.12979   0.22881
   0.29828  -0.12979   0.22881
   0.29828   0.10963   0.22881
   0.29828   0.10963   0.22881
   0.05886   0.10963   0.22881
   0.05886   0.10963  -0.01061
   0.29828  -0.12979  -0.01061
   0.29828  -0.12979   0.22881
   0.29828  -0.12979  -0.01061
   0.05886  -0.12979   0.22881
   0.29828  -0.12979   0.22881
   0.05886  -0.12979  -0.01061
   0.29828  -0.12979   0.22881
   0.29828  -0.12979   0.22881
   0.05886  -0.12979  -0.01061
   0.29828   0.10963  -0.01061
   0.05886   0.10963  -0.01061
   0.05886   0.10963  -0.01061
   0.05886   0.10963  -0.01061
   0.05886   0.10963  -0.01061
   0.05886  -0.12979  -0.01061
   0.05886  -0.12979  -0.01061
   0.05886  -0.12979   0.22881
   0.05886   0.10963  -0.25003
   0.05886   0.10963  -0.25003
   0.05886  -0.12979  -0.01061
   0.29828  -0.12979  -0.25003
   0.29828   0.10963  -0.25003
   0.05886  -0.12979  -0.01061
   0.05886  -0.12979  -0.01061
   0.29828  -0.12979  -0.01061
   0.29828  -0.12979  -0.25003
   0.29828  -0.12979  -0.25003
   0.29828  -0.12979  -0.25003
   0.53770  -0.12979  -0.25003
   0.53770  -0.12979  -0.25003
   0.29828  -0.12979  -0.25003
   0.53770  -0.12979  -0.25003
   0.29828  -0.12979  -0.25003
   0.29828  -0.12979  -0.25003
   0.53770   0.10963  -0.25003
   0.29828   0.10963  -0.25003
   0.53770   0.10963  -0.25003
   0.53770   0.10963  -0.25003
   0.53770   0.10963  -0.25003
   0.53770   0.10963  -0.25003
   0.53770   0.10963  -0.25003
   0.53770   0.10963  -0.48945
   0.53770   0.10963  -0.48945
   0.53770   0.10963  -0.48945
   0.53770   0.10963  -0.25003
   0.77712   0.10963  -0.48945
   0.53770   0.34905  -0.25003
   0.77712   0.10963  -0.25003
   0.77712   0.10963  -0.48945
   0.77712   0.10963  -0.48945
   0.77712   0.10963  -0.48945
   0.77712   0.10963  -0.25003
   0.77712   0.10963  -0.48945
   0.77712   0.10963  -0.48945
   0.77712   0.10963  -0.48945
   0.77712   0.10963  -0.25003
   0.77712   0.10963  -0.48945
   0.77712   0.10963  -0.25003
   0.77712   0.10963  -0.48945
   0.77712   0.10963  -0.48945
   0.77712  -0.12979  -0.25003
   0.77712  -0.12979  -0.48945
   0.77712   0.10963  -0.01061
   0.77712   0.10963  -0.25003
   0.77712   0.10963  -0.48945
   0.77712   0.10963  -0.25003
   0.77712  -0.36921  -0.25003
   0.77712  -0.12979  -0.25003
   0.77712  -0.12979  -0.25003
   0.77712  -0.12979  -0.48945
   0.77712  -0.12979  -0.25003
   0.77712  -0.12979  -0.25003
   0.77712  -0.12979  -0.25003
   0.77712   0.10963  -0.25003
   0.77712  -0.12979  -0.25003
   0.77712  -0.12979  -0.25003
   0.77712  -0.12979  -0.25003
   0.77712  -0.12979  -0.25003
   0.77712  -0.12979  -0.25003
   0.77712  -0.12979  -0.25003
   0.77712  -0.12979  -0.25003
   0.77712  -0.12979  -0.01061
   0.77712  -0.12979  -0.01061
   0.77712  -0.12979   0.22881
   0.77712  -0.12979  -0.25003
   0.53770  -0.12979  -0.01061
   0.77712   0.10963  -0.01061
   0.77712   0.10963  -0.01061
   0.77712  -0.12979  -0.01061
   0.53770   0.10963  -0.01061
   0.77712  -0.12979  -0.01061
   0.53770  -0.12979  -0.01061
   0.53770  -0.12979  -0.01061
   0.53770  -0.12979  -0.01061
   0.53770  -0.12979  -0.01061
   0.53770   0.10963  -0.01061
   0.53770  -0.12979  -0.01061
   0.53770   0.10963  -0.25003
   0.29828   0.10963  -0.01061
   0.29828  -0.12979  -0.25003
   0.53770   0.10963  -0.01061
   0.29828   0.10963  -0.01061
   0.29828  -0.12979  -0.01061
   0.29828   0.10963  -0.01061
   0.05886   0.10963  -0.25003
   0.29828   0.10963  -0.01061
   0.05886   0.10963  -0.01061
   0.29828   0.10963  -0.01061
   0.29828   0.10963  -0.25003
   0.05886   0.10963  -0.25003
   0.05886   0.34905  -0.25003
  -0.18056   0.10963  -0.25003
  -0.18056   0.10963  -0.25003
  -0.18056   0.10963  -0.01061
   0.05886   0.10963  -0.01061
  -0.18056   0.10963  -0.25003
  -0.18056  -0.12979  -0.25003
  -0.18056   0.10963  -0.25003
  -0.18056   0.10963  -0.25003
  -0.18056   0.34905  -0.25003
  -0.18056   0.10963  -0.25003
  -0.41998   0.10963  -0.25003
  -0.41998  -0.12979  -0.25003
  -0.41998  -0.12979  -0.25003
  -0.41998   0.10963  -0.01061
  -0.41998   0.10963  -0.25003
  -0.41998   0.10963  -0.25003
  -0.41998   0.10963  -0.01061
  -0.41998   0.10963  -0.01061
  -0.41998   0.10963  -0.01061
  -0.41998   0.10963  -0.01061
  -0.41998   0.10963  -0.01061
  -0.41998  -0.12979  -0.01061
  -0.41998   0.10963  -0.01061
  -0.41998   0.10963  -0.01061
  -0.41998  -0.12979  -0.01061
  -0.41998   0.10963  -0.01061
  -0.41998   0.10963  -0.01061
  -0.41998   0.10963  -0.01061
  -0.41998   0.10963  -0.01061
  -0.41998   0.10963   0.22881
  -0.41998   0.10963  -0.01061
  -0.65940   0.10963   0.22881
  -0.41998   0.10963   0.22881
  -0.65940   0.10963   0.22881
  -0.41998   0.10963   0.22881
  -0.41998   0.10963   0.22881
  -0.41998   0.34905   0.22881
  -0.41998   0.10963   0.46823
  -0.41998   0.10963   0.46823
  -0.41998   0.10963   0.22881
  -0.41998   0.10963   0.22881
  -0.41998   0.10963  -0.01061
  -0.65940   0.10963   0.22881
  -0.41998   0.10963   0.22881
  -0.41998   0.10963   0.22881
  -0.41998   0.10963   0.22881
  -0.65940   0.10963   0.46823
  -0.65940   0.10963   0.22881
  -0.65940   0.10963   0.22881
  -0.65940  -0.12979   0.22881
  -0.65940   0.10963   0.22881
  -0.65940   0.10963   0.22881
  -0.65940   0.10963   0.22881
  -0.65940   0.10963   0.22881
  -0.65940   0.10963   0.22881
  -0.41998   0.10963   0.22881
  -0.65940  -0.12979   0.22881
  -0.41998   0.10963   0.46823
  -0.65940  -0.12979   0.22881
  -0.65940   0.10963   0.46823
  -0.65940  -0.12979   0.22881
  -0.65940   0.10963   0.46823
  -0.65940  -0.12979   0.22881
  -0.65940   0.10963   0.22881
  -0.65940   0.10963   0.22881
  -0.65940  -0.12979   0.22881
  -0.65940   0.10963   0.22881
  -0.65940   0.10963   0.46823
  -0.65940  -0.12979   0.22881
  -0.65940  -0.12979   0.22881
  -0.65940  -0.12979   0.22881
  -0.65940   0.10963   0.22881
  -0.89882   0.10963   0.46823
  -0.89882  -0.12979   0.46823
  -0.65940   0.10963   0.22881
  -0.65940  -0.12979   0.22881
  -0.89882   0.10963   0.22881
  -0.65940   0.10963   0.22881
  -0.65940   0.10963   0.22881
  -0.65940  -0.12979   0.22881
  -0.65940  -0.12979   0.22881
  -0.65940   0.10963   0.22881
  -0.65940  -0.12979   0.22881
  -0.65940   0.10963   0.22881
  -0.65940   0.10963  -0.01061
  -0.65940   0.10963  -0.01061
  -0.65940   0.10963   0.22881
  -0.65940   0.10963   0.22881
  -0.65940   0.10963   0.22881
  -0.65940   0.10963   0.22881
  -0.65940   0.10963   0.22881
  -0.65940  -0.12979   0.22881
  -0.65940   0.10963  -0.01061
  -0.65940   0.10963   0.22881
  -0.65940   0.10963   0.22881
  -0.65940   0.10963  -0.01061
  -0.65940   0.10963   0.22881
  -0.65940   0.10963   0.22881
  -0.65940   0.10963   0.22881
  -0.65940   0.10963  -0.01061
  -0.65940   0.10963   0.22881
  -0.41998   0.10963   0.22881
  -0.41998   0.10963   0.22881
  -0.65940   0.10963   0.22881
  -0.65940  -0.12979  -0.01061
  -0.41998  -0.12979  -0.01061
  -0.65940  -0.12979  -0.01061
  -0.41998   0.10963   0.22881
  -0.41998  -0.12979  -0.01061
  -0.65940  -0.12979  -0.01061
  -0.41998  -0.12979  -0.01061
  -0.65940  -0.12979  -0.01061
  -0.41998  -0.12979  -0.01061
  -0.41998  -0.12979  -0.01061
  -0.41998  -0.12979  -0.01061
  -0.41998  -0.12979  -0.01061
  -0.41998  -0.12979  -0.01061
  -0.41998  -0.12979   0.22881
  -0.18056  -0.12979  -0.01061
  -0.41998  -0.12979   0.22881
  -0.41998   0.10963  -0.01061
  -0.41998  -0.12979  -0.01061
  -0.41998  -0.12979  -0.01061
  -0.18056  -0.12979  -0.01061
  -0.18056  -0.12979  -0.01061
  -0.18056  -0.12979  -0.01061
  -0.18056  -0.12979  -0.01061
  -0.18056  -0.12979  -0.01061
  -0.18056  -0.12979  -0.01061
  -0.18056  -0.12979  -0.01061
  -0.18056  -0.12979  -0.01061
  -0.18056  -0.12979  -0.01061
  -0.18056  -0.36921   0.22881
  -0.18056  -0.12979  -0.01061
  -0.18056   0.10963  -0.01061
   0.05886  -0.12979  -0.01061
  -0.18056  -0.12979  -0.01061
   0.05886  -0.12979   0.22881
   0.05886  -0.12979   0.22881
   0.05886  -0.12979  -0.01061
   0.05886   0.10963  -0.01061
   0.05886  -0.12979  -0.01061
   0.05886  -0.12979   0.22881
   0.05886  -0.12979  -0.01061
   0.05886  -0.12979   0.22881
   0.05886  -0.12979  -0.01061
   0.05886   0.10963  -0.01061
   0.05886  -0.12979  -0.01061
   0.05886   0.10963  -0.01061
   0.29828   0.10963  -0.01061
   0.29828  -0.12979  -0.25003
   0.29828   0.10963  -0.01061
   0.29828  -0.12979   0.22881
   0.29828   0.10963  -0.01061
   0.29828   0.10963  -0.01061
   0.29828   0.10963  -0.01061
   0.53770   0.10963  -0.01061
   0.53770   0.10963  -0.01061
   0.53770   0.10963  -0.25003
   0.29828   0.10963  -0.01061
   0.53770   0.10963  -0.25003
   0.53770  -0.12979  -0.01061
   0.53770   0.10963  -0.01061
   0.53770  -0.12979  -0.25003
   0.53770  -0.12979  -0.25003
   0.53770   0.10963  -0.25003
   0.53770  -0.12979  -0.25003
   0.53770   0.10963  -0.25003
   0.53770  -0.12979  -0.25003
   0.53770  -0.12979  -0.25003
   0.53770   0.10963  -0.01061
   0.53770  -0.12979  -0.25003
   0.53770  -0.12979  -0.25003
   0.77712   0.10963  -0.25003
   0.53770   0.10963  -0.25003
   0.53770  -0.12979  -0.25003
   0.77712  -0.12979  -0.25003
   0.77712  -0.12979  -0.48945
   0.53770  -0.12979  -0.48945
   0.53770   0.10963  -0.25003
   0.77712  -0.12979  -0.25003
   0.77712  -0.12979  -0.25003
   0.77712  -0.12979  -0.48945
   0.77712  -0.12979  -0.48945
   0.77712  -0.12979  -0.48945
   0.77712  -0.12979  -0.48945
   0.53770   0.10963  -0.25003
   0.53770   0.10963  -0.25003
   0.53770   0.10963  -0.25003
   0.77712   0.10963  -0.25003
   0.77712  -0.12979  -0.25003
   0.53770   0.10963  -0.25003
   0.77712   0.10963  -0.48945
   0.53770   0.10963  -0.48945
   0.53770  -0.12979  -0.25003
   0.77712  -0.12979  -0.25003
   0.53770  -0.12979  -0.25003
   0.53770   0.10963  -0.25003
   0.77712   0.10963  -0.48945
   0.53770  -0.12979  -0.25003
   0.53770   0.10963  -0.01061
   0.77712   0.10963  -0.25003
   0.77712   0.10963  -0.25003
   0.53770   0.34905  -0.25003
   0.77712   0.10963  -0.01061
   0.77712   0.10963  -0.01061
   0.53770   0.10963  -0.25003
   0.53770   0.10963  -0.25003
   0.53770   0.10963  -0.25003
   0.53770  -0.12979  -0.01061
   0.77712  -0.12979  -0.25003
   0.53770   0.10963  -0.25003
   0.53770   0.10963  -0.25003
   0.53770   0.10963  -0.25003
   0.53770   0.10963  -0.25003
   0.53770   0.10963  -0.01061
   0.53770   0.10963  -0.01061
   0.53770  -0.12979  -0.01061
   0.53770   0.10963  -0.01061
   0.53770   0.10963  -0.01061
   0.29828   0.10963  -0.01061
   0.29828   0.10963   0.22881
   0.53770   0.10963  -0.01061
   0.29828  -0.12979  -0.01061
   0.29828   0.10963  -0.01061
   0.53770   0.10963  -0.01061
   0.53770   0.10963  -0.01061
   0.53770   0.10963  -0.01061
   0.53770  -0.12979   0.22881
   0.29828   0.10963   0.22881
   0.53770   0.10963   0.22881
   0.53770   0.10963  -0.01061
   0.29828  -0.12979   0.22881
   0.53770   0.10963   0.22881
   0.29828   0.10963   0.22881
   0.53770  -0.12979   0.22881
   0.53770   0.10963   0.22881
   0.29828  -0.12979   0.22881
   0.29828  -0.12979   0.22881
   0.53770   0.10963   0.22881
   0.29828   0.10963   0.22881
   0.29828   0.10963   0.22881
   0.29828  -0.12979   0.22881
   0.29828  -0.12979  -0.01061
   0.29828  -0.12979  -0.01061
   0.29828  -0.12979  -0.01061
   0.29828   0.10963  -0.01061
   0.29828  -0.12979   0.22881
   0.29828  -0.12979   0.22881
   0.05886   0.10963   0.22881
   0.05886  -0.12979  -0.01061
   0.05886  -0.12979  -0.01061
   0.05886  -0.12979  -0.01061
   0.05886  -0.12979   0.22881
   0.05886  -0.12979   0.22881
   0.05886  -0.12979  -0.01061
   0.05886  -0.12979  -0.01061
   0.05886   0.10963  -0.01061
  -0.18056   0.10963  -0.01061
   0.05886  -0.12979  -0.01061
   0.05886  -0.12979  -0.01061
   0.05886  -0.12979  -0.01061
   0.05886  -0.12979  -0.01061
   0.05886  -0.12979  -0.01061
   0.05886  -0.12979  -0.01061
  -0.18056  -0.12979  -0.01061
  -0.18056   0.10963  -0.25003
  -0.18056  -0.12979  -0.01061
  -0.18056   0.10963  -0.01061
  -0.18056   0.10963  -0.25003
  -0.18056  -0.12979  -0.01061
  -0.18056  -0.12979  -0.25003
  -0.18056   0.10963  -0.25003
   0.05886   0.10963  -0.25003
  -0.18056   0.10963  -0.01061
  -0.18056   0.10963  -0.01061
  -0.18056   0.10963  -0.01061
  -0.18056   0.10963  -0.01061
  -0.18056   0.10963  -0.01061
  -0.18056  -0.12979  -0.25003
  -0.18056   0.10963  -0.25003
  -0.18056   0.10963  -0.01061
  -0.18056   0.10963  -0.01061
  -0.18056   0.10963  -0.25003
  -0.18056  -0.12979  -0.25003
  -0.18056   0.10963  -0.01061
  -0.18056   0.10963  -0.25003
  -0.18056   0.10963   0.22881
  -0.18056   0.10963  -0.01061
  -0.18056   0.10963  -0.25003
  -0.41998   0.10963  -0.01061
  -0.18056   0.10963  -0.25003
  -0.18056   0.10963  -0.01061
  -0.18056   0.10963  -0.25003
  -0.18056   0.10963  -0.25003
  -0.18056   0.10963  -0.01061
  -0.41998   0.10963  -0.01061
  -0.18056   0.10963  -0.01061
  -0.41998   0.10963  -0.01061
  -0.18056  -0.12979  -0.01061
  -0.18056  -0.12979  -0.25003
  -0.18056  -0.12979  -0.25003
  -0.41998  -0.12979  -0.01061
  -0.18056   0.10963  -0.25003
  -0.18056   0.10963  -0.01061
  -0.41998   0.10963  -0.01061
  -0.18056   0.10963  -0.25003
  -0.18056   0.10963  -0.01061
  -0.41998  -0.12979  -0.01061
  -0.41998  -0.12979  -0.01061
  -0.41998   0.10963  -0.01061
  -0.41998   0.10963  -0.25003
  -0.41998   0.10963  -0.01061
  -0.41998   0.10963  -0.01061
  -0.41998  -0.12979  -0.01061
  -0.41998   0.10963   0.22881
  -0.41998  -0.12979  -0.01061
  -0.41998   0.10963  -0.01061
  -0.41998   0.10963  -0.01061
  -0.41998  -0.12979  -0.01061
  -0.41998  -0.12979  -0.01061
  -0.41998   0.10963  -0.01061
  -0.41998   0.10963   0.22881
  -0.41998   0.10963   0.22881
  -0.41998   0.10963  -0.01061
  -0.41998   0.10963  -0.01061
  -0.41998  -0.12979   0.22881
  -0.41998  -0.12979   0.22881
  -0.41998  -0.12979   0.22881
  -0.41998  -0.12979  -0.01061
  -0.41998   0.10963  -0.01061
  -0.41998   0.34905  -0.01061
  -0.41998   0.10963  -0.01061
  -0.41998   0.10963  -0.01061
  -0.41998  -0.12979  -0.01061
  -0.41998  -0.12979  -0.01061
  -0.41998  -0.12979  -0.01061
  -0.41998  -0.12979  -0.01061
  -0.41998   0.10963  -0.01061
  -0.41998   0.10963  -0.01061
  -0.41998   0.10963   0.22881
  -0.18056   0.10963  -0.01061
  -0.41998   0.10963   0.22881
  -0.18056   0.34905  -0.01061
  -0.41998   0.10963  -0.01061
  -0.41998   0.10963  -0.01061
  -0.41998   0.10963  -0.01061
  -0.18056   0.10963  -0.01061
  -0.18056   0.10963  -0.01061
  -0.18056   0.10963   0.22881
  -0.18056   0.34905   0.22881
  -0.18056   0.10963   0.22881
  -0.18056   0.10963  -0.01061
  -0.18056   0.10963   0.22881
   0.05886   0.10963  -0.01061
  -0.18056   0.10963   0.22881
  -0.18056   0.10963   0.22881
  -0.18056   0.10963   0.22881
   0.05886   0.10963   0.22881
   0.05886   0.10963   0.22881
   0.05886  -0.12979   0.22881
   0.05886   0.10963   0.22881
   0.05886   0.10963   0.22881
   0.05886   0.10963   0.22881
   0.05886  -0.12979   0.22881
   0.05886   0.10963   0.22881
   0.05886   0.10963  -0.01061
   0.05886   0.10963   0.22881
   0.05886   0.10963   0.22881
  -0.18056  -0.12979  -0.01061
   0.05886   0.10963   0.22881
   0.05886   0.10963   0.22881
   0.05886   0.10963   0.22881
  -0.18056  -0.12979   0.22881
   0.05886   0.10963   0.22881
  -0.18056  -0.12979   0.22881
   0.05886  -0.12979   0.22881
  -0.18056  -0.12979   0.22881
  -0.18056  -0.12979   0.22881
  -0.18056  -0.12979   0.22881
  -0.18056  -0.12979   0.22881
  -0.18056  -0.12979   0.22881
  -0.18056  -0.12979   0.22881
  -0.18056  -0.12979   0.22881
  -0.18056  -0.12979  -0.01061
  -0.18056  -0.12979   0.22881
  -0.18056  -0.12979   0.22881
  -0.18056  -0.12979   0.22881
   0.05886  -0.12979   0.22881
  -0.18056  -0.12979   0.22881
  -0.18056  -0.12979   0.22881
   0.05886  -0.12979   0.22881
  -0.18056  -0.12979   0.22881
  -0.18056  -0.12979   0.22881
  -0.18056  -0.12979   0.22881
  -0.18056   0.10963   0.46823
  -0.18056  -0.12979   0.22881
   0.05886   0.10963   0.22881
  -0.18056  -0.12979   0.22881
  -0.18056   0.10963   0.46823
  -0.18056  -0.12979   0.22881
  -0.18056   0.10963   0.22881
   0.05886   0.10963   0.46823
  -0.18056  -0.12979   0.22881
  -0.18056  -0.12979   0.22881
  -0.18056   0.10963   0.22881
   0.05886   0.10963   0.22881
   0.05886  -0.12979   0.22881
   0.05886   0.10963   0.22881
   0.05886  -0.12979   0.22881
   0.05886   0.10963   0.46823
   0.05886   0.10963   0.22881
   0.05886   0.10963   0.22881
   0.05886   0.10963   0.22881
   0.05886  -0.12979   0.22881
   0.05886  -0.12979   0.22881
   0.05886  -0.12979   0.22881
   0.05886   0.10963   0.22881
   0.05886  -0.12979   0.22881
   0.05886  -0.12979   0.22881
  -0.18056  -0.12979   0.22881
  -0.18056  -0.12979   0.22881
  -0.18056  -0.12979   0.22881
   0.05886  -0.12979   0.22881
  -0.18056  -0.12979   0.22881
   0.05886  -0.36921   0.22881
   0.05886  -0.12979   0.22881
  -0.18056  -0.12979   0.22881
   0.05886  -0.12979   0.22881
   0.05886  -0.36921   0.22881
  -0.18056  -0.36921   0.22881
   0.05886  -0.36921   0.22881
   0.05886  -0.12979   0.22881
  -0.18056  -0.36921  -0.01061
   0.05886  -0.12979  -0.01061
  -0.18056  -0.12979   0.22881
  -0.18056  -0.12979   0.22881
   0.05886  -0.12979   0.22881
   0.05886  -0.12979  -0.01061
  -0.18056  -0.12979   0.22881
  -0.18056  -0.12979  -0.01061
   0.05886  -0.12979  -0.01061
   0.05886   0.10963  -0.01061
   0.05886   0.10963  -0.01061
   0.05886   0.10963  -0.01061
   0.05886   0.10963   0.22881
   0.05886   0.10963  -0.01061
   0.05886   0.10963  -0.01061
   0.05886   0.10963  -0.01061
   0.05886   0.34905  -0.01061
   0.05886   0.10963  -0.01061
   0.05886   0.10963  -0.01061
   0.29828   0.10963  -0.25003
   0.05886   0.10963  -0.01061
   0.05886   0.34905  -0.01061
   0.29828   0.34905  -0.25003
   0.05886   0.34905  -0.01061
   0.29828   0.10963  -0.25003
   0.29828   0.34905  -0.25003
   0.29828   0.10963  -0.25003
   0.29828   0.10963  -0.25003
   0.05886   0.34905  -0.25003
   0.29828   0.10963  -0.25003
   0.29828   0.10963  -0.25003
   0.29828   0.10963  -0.25003
   0.05886   0.10963  -0.25003
   0.29828   0.10963  -0.25003
   0.05886  -0.12979  -0.25003
   0.29828   0.10963  -0.48945
   0.29828   0.10963  -0.48945
   0.29828  -0.12979  -0.25003
   0.29828  -0.12979  -0.48945
   0.29828  -0.12979  -0.25003
   0.29828  -0.12979  -0.25003
   0.29828  -0.12979  -0.25003
   0.29828  -0.12979  -0.25003
   0.05886  -0.12979  -0.25003
   0.29828  -0.12979  -0.48945
   0.29828  -0.12979  -0.25003
   0.29828  -0.12979  -0.25003
   0.05886  -0.12979  -0.25003
   0.05886  -0.12979  -0.25003
   0.05886  -0.36921  -0.25003
   0.05886  -0.12979  -0.25003
   0.05886  -0.36921  -0.25003
   0.05886  -0.12979  -0.25003
   0.05886  -0.12979  -0.25003
   0.05886  -0.12979  -0.25003
   0.05886  -0.36921  -0.25003
   0.05886  -0.12979  -0.25003
   0.05886  -0.12979  -0.01061
   0.29828  -0.12979  -0.25003
   0.05886  -0.12979  -0.48945
   0.05886  -0.12979  -0.25003
   0.05886  -0.12979  -0.25003
   0.05886  -0.12979  -0.25003
   0.05886  -0.12979  -0.25003
   0.05886  -0.12979  -0.25003
   0.05886  -0.36921  -0.25003
   0.05886  -0.12979  -0.25003
   0.05886  -0.12979  -0.25003
   0.05886  -0.12979  -0.25003
   0.05886  -0.12979  -0.25003
   0.05886  -0.12979  -0.25003
   0.05886   0.10963  -0.48945
   0.05886  -0.12979  -0.25003
   0.29828  -0.12979  -0.48945
   0.05886  -0.12979  -0.25003
   0.05886   0.10963  -0.25003
   0.29828  -0.12979  -0.48945
   0.05886  -0.12979  -0.25003
   0.05886  -0.12979  -0.48945
   0.05886   0.10963  -0.48945
   0.05886   0.10963  -0.48945
   0.05886  -0.12979  -0.48945
   0.29828  -0.12979  -0.48945
   0.29828  -0.12979  -0.48945
   0.05886  -0.12979  -0.48945
   0.05886   0.10963  -0.48945
   0.29828   0.10963  -0.48945
   0.05886   0.10963  -0.48945
   0.05886   0.10963  -0.48945
   0.05886   0.10963  -0.48945
   0.05886   0.10963  -0.72887
   0.05886   0.10963  -0.48945
   0.05886   0.10963  -0.48945
   0.05886   0.10963  -0.25003
   0.29828   0.10963  -0.48945
   0.05886   0.10963  -0.25003
   0.29828   0.10963  -0.48945
   0.05886   0.10963  -0.25003
   0.05886   0.10963  -0.48945
   0.05886   0.10963  -0.48945
   0.05886  -0.12979  -0.48945
   0.05886   0.10963  -0.25003
   0.05886   0.10963  -0.25003
   0.05886   0.10963  -0.25003
   0.05886   0.10963  -0.48945
   0.05886   0.10963  -0.25003
   0.05886  -0.12979  -0.48945
   0.05886  -0.12979  -0.25003
   0.05886  -0.12979  -0.25003
   0.05886  -0.12979  -0.25003
   0.05886   0.10963  -0.25003
   0.05886   0.10963  -0.25003
   0.05886   0.10963  -0.25003
   0.05886   0.10963  -0.25003
   0.05886   0.10963  -0.25003
   0.05886  -0.12979  -0.25003
   0.05886   0.10963  -0.25003
   0.05886   0.10963  -0.25003
   0.05886   0.10963  -0.25003
   0.05886   0.10963  -0.25003
   0.05886   0.10963  -0.01061
   0.05886   0.10963  -0.25003
   0.05886   0.10963  -0.25003
   0.05886   0.10963  -0.01061
   0.05886   0.10963  -0.01061
   0.29828   0.10963  -0.25003
   0.05886   0.34905  -0.25003
   0.05886   0.10963  -0.25003
   0.29828   0.10963  -0.01061
   0.05886   0.10963  -0.01061
   0.05886   0.10963  -0.25003
   0.05886   0.34905  -0.01061
   0.05886   0.34905  -0.01061
   0.05886   0.34905  -0.01061
   0.05886   0.34905  -0.01061
   0.29828   0.34905  -0.01061
   0.05886   0.34905  -0.01061
   0.05886   0.58847  -0.01061
   0.29828   0.34905  -0.01061
   0.05886   0.10963  -0.01061
   0.05886   0.34905  -0.01061
   0.05886   0.10963   0.22881
   0.29828   0.34905   0.22881
   0.05886   0.10963   0.22881
   0.05886   0.10963   0.22881
   0.05886   0.10963   0.46823
   0.05886   0.10963   0.22881
   0.05886   0.10963   0.22881
   0.05886   0.10963   0.22881
   0.05886   0.10963   0.46823
   0.05886   0.10963   0.22881
   0.05886   0.10963   0.46823
   0.05886   0.10963   0.22881
   0.05886   0.10963   0.22881
   0.05886   0.10963   0.46823
   0.05886   0.10963   0.22881
   0.05886   0.10963   0.22881
   0.05886   0.10963   0.46823
   0.05886   0.10963   0.46823
   0.05886   0.10963   0.46823
   0.05886  -0.12979   0.46823
   0.05886  -0.12979   0.46823
   0.05886  -0.12979   0.46823
   0.05886   0.10963   0.22881
   0.05886   0.10963   0.46823
   0.05886   0.10963   0.46823
   0.05886   0.10963   0.46823
   0.05886   0.10963   0.22881
   0.05886  -0.12979   0.46823
   0.05886  -0.12979   0.46823
   0.05886  -0.12979   0.22881
   0.05886  -0.12979   0.46823
   0.05886   0.10963   0.70765
  -0.18056  -0.12979   0.46823
   0.05886   0.10963   0.46823
  -0.18056   0.10963   0.46823
   0.05886  -0.12979   0.46823
   0.05886  -0.12979   0.22881
   0.05886  -0.12979   0.46823
   0.05886  -0.12979   0.22881
   0.05886  -0.12979   0.46823
   0.05886  -0.12979   0.22881
   0.05886  -0.12979   0.22881
   0.05886  -0.12979   0.46823
   0.05886  -0.12979   0.22881
   0.05886  -0.12979   0.22881
   0.05886  -0.12979   0.46823
   0.05886  -0.12979   0.46823
  -0.18056  -0.12979   0.46823
   0.05886  -0.12979   0.46823
  -0.18056   0.10963   0.46823
  -0.18056  -0.12979   0.46823
  -0.18056  -0.12979   0.22881
   0.05886  -0.12979   0.46823
  -0.18056  -0.36921   0.22881
  -0.18056  -0.12979   0.22881
  -0.18056  -0.12979   0.46823
  -0.18056  -0.12979   0.22881
  -0.18056  -0.12979   0.22881
  -0.18056  -0.12979   0.22881
  -0.18056  -0.12979   0.22881
  -0.18056  -0.12979   0.22881
   0.05886  -0.12979   0.22881
   0.05886  -0.12979   0.22881
   0.05886  -0.12979   0.22881
  -0.18056  -0.12979   0.46823
  -0.18056  -0.12979   0.22881
  -0.18056  -0.12979   0.22881
  -0.41998  -0.12979   0.22881
  -0.18056  -0.12979   0.22881
  -0.18056   0.10963   0.22881
  -0.41998  -0.12979   0.22881
  -0.18056  -0.12979   0.22881
  -0.18056  -0.12979  -0.01061
  -0.18056  -0.12979   0.22881
  -0.41998  -0.12979   0.22881
  -0.18056  -0.12979   0.22881
  -0.18056  -0.12979   0.22881
  -0.18056  -0.12979  -0.01061
  -0.18056  -0.12979   0.22881
  -0.18056  -0.12979  -0.01061
  -0.18056   0.10963   0.22881
  -0.41998   0.10963   0.22881
  -0.18056   0.10963   0.46823
  -0.18056  -0.12979   0.22881
  -0.41998  -0.12979   0.22881
  -0.18056  -0.12979   0.22881
  -0.18056   0.10963   0.22881
  -0.18056  -0.12979   0.22881
  -0.18056   0.10963   0.22881
  -0.18056   0.10963   0.46823
  -0.18056   0.10963   0.22881
  -0.18056   0.10963   0.22881
  -0.18056   0.10963   0.22881
  -0.18056   0.10963   0.22881
  -0.18056   0.10963   0.46823
  -0.18056   0.10963   0.22881
  -0.18056   0.10963   0.22881
  -0.18056   0.10963   0.22881
  -0.18056   0.10963   0.46823
  -0.18056   0.10963   0.22881
  -0.18056   0.10963   0.22881
  -0.18056   0.10963   0.22881
  -0.18056   0.10963   0.22881
  -0.18056   0.10963   0.22881
  -0.18056   0.10963   0.22881
  -0.18056   0.10963   0.22881
  -0.18056   0.10963  -0.01061
  -0.18056   0.10963   0.22881
  -0.18056   0.10963   0.22881
  -0.18056   0.10963   0.22881
  -0.18056   0.10963  -0.01061
  -0.18056   0.10963  -0.01061
  -0.18056  -0.12979   0.22881
  -0.18056   0.10963   0.22881
  -0.18056   0.10963   0.22881
  -0.18056   0.10963  -0.01061
  -0.18056   0.10963  -0.01061
  -0.18056   0.10963   0.22881
  -0.18056  -0.12979  -0.01061
  -0.18056  -0.12979   0.22881
  -0.18056  -0.12979  -0.01061
  -0.18056  -0.12979   0.22881
  -0.18056  -0.12979  -0.01061
  -0.18056  -0.12979  -0.01061
  -0.18056   0.10963  -0.01061
  -0.18056   0.10963   0.22881
  -0.18056   0.10963  -0.01061
  -0.18056   0.34905  -0.01061
  -0.18056   0.10963  -0.01061
   0.05886   0.10963  -0.01061
  -0.18056   0.10963  -0.01061
  -0.18056  -0.12979  -0.01061
  -0.18056  -0.12979  -0.25003
  -0.18056  -0.12979  -0.01061
  -0.18056   0.10963  -0.25003
  -0.18056  -0.12979  -0.01061
  -0.18056   0.10963  -0.01061
  -0.18056  -0.12979  -0.01061
  -0.18056  -0.12979  -0.25003
  -0.18056  -0.12979  -0.01061
  -0.18056   0.10963  -0.01061
  -0.18056  -0.12979  -0.25003
  -0.18056   0.10963  -0.01061
  -0.18056  -0.12979  -0.01061
  -0.18056  -0.12979  -0.01061
  -0.18056  -0.12979  -0.01061
  -0.18056  -0.12979  -0.25003
  -0.18056  -0.12979  -0.01061
  -0.18056  -0.36921  -0.25003
  -0.18056  -0.12979  -0.25003
   0.05886  -0.12979  -0.01061
  -0.18056  -0.12979  -0.01061
   0.05886  -0.12979  -0.25003
   0.05886  -0.12979  -0.25003
  -0.18056  -0.36921  -0.25003
  -0.18056  -0.12979  -0.25003
  -0.18056  -0.36921  -0.25003
  -0.18056  -0.12979  -0.25003
   0.05886  -0.12979  -0.25003
  -0.18056  -0.12979  -0.25003
  -0.18056  -0.12979  -0.01061
  -0.18056  -0.12979  -0.25003
  -0.18056  -0.12979  -0.25003
  -0.18056  -0.12979  -0.25003
   0.05886  -0.12979  -0.25003
   0.05886  -0.12979  -0.25003
  -0.18056  -0.12979  -0.25003
   0.05886  -0.12979  -0.48945
   0.05886  -0.12979  -0.25003
  -0.18056  -0.36921  -0.25003
  -0.18056  -0.12979  -0.25003
   0.05886  -0.12979  -0.48945
   0.05886  -0.12979  -0.25003
   0.05886   0.10963  -0.25003
   0.05886  -0.12979  -0.25003
  -0.18056  -0.12979  -0.25003
   0.05886  -0.12979  -0.48945
   0.05886  -0.12979  -0.48945
   0.05886  -0.12979  -0.48945
   0.29828   0.10963  -0.25003
   0.05886  -0.12979  -0.25003
   0.05886   0.10963  -0.48945
   0.05886  -0.12979  -0.48945
   0.05886  -0.12979  -0.48945
   0.05886  -0.12979  -0.48945
   0.05886   0.10963  -0.25003
   0.05886  -0.12979  -0.25003
   0.05886   0.10963  -0.25003
   0.05886  -0.12979  -0.25003
   0.05886  -0.12979  -0.25003
   0.05886   0.10963  -0.25003
   0.05886  -0.12979  -0.25003
   0.29828   0.10963  -0.25003
   0.05886   0.10963  -0.01061
   0.05886  -0.12979  -0.25003
   0.05886   0.10963  -0.01061
   0.05886   0.10963  -0.01061
   0.05886   0.10963  -0.01061
  -0.18056   0.10963  -0.25003
   0.05886   0.10963  -0.01061
   0.05886  -0.12979  -0.01061
   0.05886   0.10963  -0.01061
   0.29828   0.10963  -0.01061
   0.05886   0.10963  -0.01061
   0.29828   0.10963  -0.25003
   0.29828   0.10963  -0.25003
   0.29828   0.10963  -0.25003
   0.05886  -0.12979  -0.01061
   0.29828  -0.12979  -0.01061
   0.05886   0.10963  -0.01061
   0.05886   0.10963  -0.01061
   0.05886   0.10963  -0.01061
   0.05886   0.10963  -0.01061
   0.29828   0.10963  -0.01061
   0.29828   0.10963  -0.01061
   0.05886   0.10963  -0.01061
   0.29828   0.10963  -0.01061
   0.29828   0.34905  -0.01061
   0.29828   0.34905  -0.01061
   0.29828   0.10963  -0.01061
   0.29828   0.10963  -0.01061
   0.29828   0.34905  -0.01061
   0.29828   0.34905  -0.01061
   0.29828   0.10963  -0.01061
   0.29828   0.10963  -0.01061
   0.29828   0.10963  -0.01061
   0.29828   0.34905  -0.01061
   0.05886   0.10963  -0.01061
   0.05886   0.10963  -0.01061
   0.29828   0.10963  -0.01061
   0.29828   0.34905  -0.01061
   0.29828   0.34905  -0.01061
   0.29828   0.10963  -0.01061
   0.29828   0.10963  -0.25003
   0.29828   0.10963  -0.01061
   0.29828   0.10963  -0.01061
   0.29828   0.10963  -0.01061
   0.29828   0.10963  -0.25003
   0.29828   0.10963  -0.25003
   0.29828   0.10963  -0.25003
   0.29828   0.10963  -0.25003
   0.29828  -0.12979  -0.25003
   0.29828   0.10963  -0.25003
   0.05886  -0.12979  -0.25003
   0.05886  -0.12979  -0.25003
   0.29828  -0.12979  -0.25003
   0.29828  -0.12979  -0.25003
   0.05886  -0.12979  -0.25003
   0.05886  -0.12979  -0.01061
   0.29828  -0.12979  -0.25003
   0.29828  -0.12979  -0.25003
   0.29828  -0.12979  -0.25003
   0.29828  -0.12979  -0.25003
   0.29828   0.10963  -0.25003
   0.05886   0.10963  -0.01061
   0.05886   0.10963  -0.25003
   0.29828  -0.12979  -0.01061
   0.29828   0.10963  -0.25003
   0.29828   0.10963  -0.25003
   0.29828   0.10963  -0.25003
   0.05886   0.10963  -0.01061
   0.05886   0.10963  -0.25003
   0.29828  -0.12979  -0.25003
   0.05886   0.10963  -0.25003
   0.05886  -0.12979  -0.25003
   0.29828   0.10963  -0.01061
   0.05886   0.10963  -0.25003
   0.29828   0.10963  -0.25003
   0.05886   0.10963  -0.25003
   0.05886   0.10963  -0.25003
   0.29828   0.10963  -0.25003
   0.05886   0.10963  -0.01061
   0.05886   0.10963  -0.01061
   0.05886  -0.12979  -0.25003
   0.05886   0.10963  -0.01061
   0.05886  -0.12979  -0.01061
   0.05886   0.10963  -0.01061
   0.05886  -0.12979  -0.25003
   0.29828  -0.12979  -0.25003
   0.05886  -0.12979  -0.01061
   0.05886  -0.12979  -0.01061
   0.05886  -0.12979  -0.25003
   0.29828  -0.12979  -0.25003
   0.05886  -0.12979  -0.01061
   0.05886  -0.36921  -0.25003
   0.05886  -0.12979  -0.25003
   0.05886  -0.12979  -0.01061
   0.05886   0.10963  -0.01061
   0.05886  -0.12979  -0.25003
   0.05886   0.10963  -0.25003
   0.05886   0.10963  -0.25003
   0.05886   0.10963  -0.01061
   0.05886  -0.12979  -0.01061
   0.05886  -0.12979  -0.01061
   0.05886  -0.12979  -0.25003
   0.05886   0.10963  -0.01061
   0.05886   0.10963  -0.01061
   0.05886   0.10963  -0.01061
   0.05886  -0.12979  -0.01061
   0.05886   0.10963  -0.01061
   0.05886  -0.12979   0.22881
   0.05886  -0.12979  -0.01061
   0.05886   0.10963  -0.01061
   0.05886  -0.12979  -0.01061
   0.05886   0.10963   0.22881
   0.05886   0.10963   0.22881
   0.05886  -0.12979  -0.01061
   0.05886   0.10963  -0.01061
   0.05886   0.10963  -0.01061
   0.05886   0.10963   0.22881
   0.05886   0.10963   0.22881
   0.05886   0.10963   0.22881
   0.05886   0.10963   0.22881
   0.05886  -0.12979   0.22881
   0.05886   0.10963  -0.01061
   0.05886  -0.12979  -0.01061
   0.05886   0.10963   0.22881
  -0.18056  -0.12979   0.22881
   0.05886   0.10963   0.22881
   0.05886  -0.12979  -0.01061
   0.05886  -0.12979   0.22881
   0.05886   0.10963   0.22881
  -0.18056  -0.12979   0.22881
   0.05886   0.10963  -0.01061
   0.05886   0.10963  -0.01061
   0.05886   0.10963  -0.01061
   0.05886   0.10963   0.22881
   0.05886   0.10963   0.22881
  -0.18056   0.10963   0.22881
   0.05886   0.10963   0.22881
   0.05886   0.10963   0.22881
  -0.18056  -0.12979   0.22881
   0.05886   0.10963   0.22881
  -0.18056   0.10963   0.46823
  -0.18056   0.10963   0.22881
  -0.18056   0.10963   0.22881
  -0.18056   0.10963   0.22881
  -0.18056   0.10963   0.22881
  -0.18056   0.10963   0.22881
  -0.18056   0.10963   0.22881
  -0.18056   0.10963   0.22881
  -0.18056   0.10963   0.46823
  -0.18056   0.10963   0.22881
  -0.41998   0.10963   0.46823
  -0.18056  -0.12979   0.46823
  -0.18056   0.10963   0.22881
  -0.18056   0.10963   0.22881
  -0.41998  -0.12979   0.22881
  -0.41998   0.10963   0.22881
  -0.41998  -0.12979   0.46823
  -0.18056   0.10963   0.22881
  -0.18056   0.10963   0.22881
  -0.18056   0.10963   0.22881
  -0.18056   0.10963   0.46823
  -0.41998  -0.12979   0.22881
  -0.41998   0.10963   0.22881
  -0.18056   0.10963   0.22881
  -0.18056   0.10963   0.22881
  -0.41998   0.10963   0.46823
  -0.41998   0.10963   0.22881
  -0.18056   0.10963   0.22881
  -0.41998  -0.12979   0.22881
  -0.41998   0.10963   0.22881
  -0.41998   0.10963   0.22881
  -0.41998  -0.12979   0.22881
  -0.18056  -0.12979   0.22881
  -0.41998   0.10963   0.22881
  -0.41998   0.10963   0.22881
  -0.41998  -0.12979   0.22881
  -0.41998  -0.12979   0.22881
  -0.41998  -0.12979   0.22881
  -0.41998  -0.12979   0.22881
  -0.41998  -0.12979   0.22881
  -0.41998  -0.12979   0.22881
  -0.41998  -0.12979   0.22881
  -0.41998  -0.12979  -0.01061
  -0.18056  -0.12979   0.22881
  -0.18056  -0.12979   0.22881
  -0.18056   0.10963   0.22881
  -0.18056  -0.12979  -0.01061
  -0.41998  -0.12979  -0.01061
  -0.18056  -0.12979  -0.01061
  -0.18056  -0.12979   0.22881
  -0.18056  -0.12979   0.22881
  -0.18056  -0.12979   0.22881
  -0.18056   0.10963  -0.01061
  -0.18056  -0.12979  -0.01061
  -0.18056   0.10963  -0.01061
  -0.18056   0.10963  -0.01061
   0.05886  -0.12979  -0.01061
  -0.18056  -0.12979  -0.01061
   0.05886   0.10963   0.22881
  -0.18056  -0.12979  -0.01061
  -0.18056  -0.12979  -0.01061
  -0.18056  -0.12979   0.22881
   0.05886   0.10963   0.22881
   0.05886  -0.12979  -0.01061
   0.05886  -0.12979  -0.01061
   0.05886  -0.12979   0.22881
  -0.18056  -0.12979  -0.01061
   0.05886   0.10963  -0.01061
   0.05886  -0.12979  -0.01061
   0.05886  -0.12979  -0.01061
   0.05886  -0.12979  -0.01061
   0.05886  -0.12979   0.22881
   0.05886  -0.12979  -0.01061
   0.05886  -0.12979  -0.01061
   0.05886   0.10963   0.22881
   0.05886  -0.12979  -0.01061
   0.05886  -0.12979  -0.01061
   0.05886  -0.12979  -0.01061
   0.05886  -0.12979  -0.01061
   0.05886  -0.12979  -0.01061
   0.05886  -0.12979  -0.01061
   0.05886  -0.12979  -0.25003
   0.05886  -0.12979  -0.01061
   0.05886  -0.12979  -0.01061
   0.05886  -0.12979  -0.01061
   0.05886   0.10963  -0.01061
   0.05886  -0.12979  -0.25003
   0.05886  -0.12979  -0.01061
  -0.18056  -0.12979  -0.01061
   0.05886  -0.12979  -0.01061
   0.05886  -0.12979  -0.01061
   0.05886  -0.12979  -0.25003
   0.05886  -0.12979  -0.25003
   0.29828  -0.12979  -0.01061
   0.05886  -0.12979  -0.25003
   0.05886   0.10963  -0.01061
   0.05886  -0.12979  -0.01061
   0.05886  -0.12979  -0.01061
   0.05886  -0.12979  -0.25003
   0.05886   0.10963  -0.01061
   0.05886  -0.12979  -0.01061
   0.05886  -0.12979  -0.01061
   0.05886   0.10963  -0.01061
  -0.18056   0.10963  -0.01061
   0.05886  -0.12979  -0.01061
  -0.18056  -0.12979  -0.25003
   0.05886   0.10963  -0.01061
   0.05886   0.10963  -0.25003
   0.05886  -0.12979  -0.25003
   0.05886  -0.12979  -0.25003
  -0.18056   0.10963  -0.25003
   0.05886   0.10963  -0.25003
  -0.18056   0.10963  -0.01061
  -0.18056   0.10963  -0.01061
   0.05886   0.10963  -0.01061
  -0.18056   0.10963  -0.25003
   0.05886   0.10963  -0.25003
   0.05886   0.10963  -0.25003
  -0.18056   0.10963  -0.01061
  -0.18056   0.10963  -0.25003
   0.05886   0.10963  -0.25003
  -0.18056   0.10963  -0.25003
   0.05886   0.10963  -0.25003
   0.05886   0.10963  -0.48945
   0.05886   0.10963  -0.25003
  -0.18056   0.10963  -0.25003
  -0.18056   0.10963  -0.25003
   0.05886   0.10963  -0.25003
  -0.18056   0.10963  -0.01061
   0.05886   0.10963  -0.25003
   0.05886  -0.12979  -0.25003
   0.05886   0.10963  -0.01061
   0.05886   0.10963  -0.01061
   0.05886   0.10963  -0.25003
   0.05886   0.10963  -0.01061
  -0.18056   0.10963  -0.01061
  -0.18056   0.10963  -0.25003
  -0.18056   0.10963  -0.25003
  -0.18056   0.10963  -0.01061
   0.05886   0.10963  -0.25003
   0.05886   0.10963  -0.25003
   0.05886   0.10963  -0.01061
  -0.18056   0.10963  -0.01061
   0.05886  -0.12979  -0.25003
   0.05886   0.10963  -0.01061
  -0.18056   0.10963  -0.01061
   0.05886   0.10963  -0.25003
   0.05886   0.10963  -0.01061
   0.05886   0.10963  -0.48945
   0.05886  -0.12979  -0.25003
   0.05886   0.10963  -0.25003
  -0.18056  -0.12979  -0.25003
   0.05886   0.10963  -0.25003
   0.05886   0.10963  -0.25003
   0.05886   0.10963  -0.25003
   0.05886  -0.12979  -0.25003
   0.05886   0.10963  -0.25003
   0.05886   0.10963  -0.25003
   0.05886   0.10963  -0.25003
   0.05886  -0.12979  -0.25003
   0.05886  -0.12979  -0.25003
   0.05886  -0.12979  -0.25003
   0.05886  -0.12979  -0.25003
   0.05886  -0.12979  -0.48945
   0.05886  -0.12979  -0.25003
   0.05886   0.10963  -0.25003
   0.05886  -0.12979  -0.25003
   0.05886  -0.12979  -0.25003
   0.05886  -0.12979  -0.25003
   0.05886  -0.12979  -0.25003
   0.05886  -0.12979  -0.01061
   0.05886  -0.12979  -0.25003
   0.05886  -0.12979  -0.25003
   0.05886  -0.12979  -0.25003
   0.29828  -0.12979  -0.25003
   0.05886   0.10963  -0.25003
   0.29828  -0.12979  -0.25003
   0.29828  -0.12979  -0.48945
   0.05886  -0.12979  -0.25003
   0.05886  -0.12979  -0.25003
   0.05886  -0.12979  -0.25003
   0.05886  -0.12979  -0.25003
   0.05886  -0.12979  -0.25003
   0.05886   0.10963  -0.25003
   0.05886  -0.12979  -0.25003
   0.05886  -0.12979  -0.25003
   0.05886   0.10963  -0.25003
   0.05886   0.10963  -0.01061
   0.05886  -0.12979  -0.01061
   0.05886   0.10963  -0.01061
   0.05886   0.10963  -0.25003
   0.05886   0.10963  -0.25003
   0.05886  -0.12979  -0.01061
   0.05886  -0.12979  -0.25003
   0.05886   0.10963  -0.01061
   0.05886  -0.12979  -0.25003
   0.05886  -0.12979  -0.01061
   0.05886  -0.12979  -0.01061
  -0.18056   0.10963  -0.01061
   0.05886   0.10963  -0.01061
   0.05886  -0.12979  -0.01061
  -0.18056   0.10963  -0.01061
   0.05886  -0.12979  -0.01061
  -0.18056  -0.12979  -0.01061
   0.05886   0.10963  -0.01061
  -0.18056   0.10963   0.22881
   0.05886  -0.12979  -0.01061
   0.05886   0.10963  -0.01061
   0.05886   0.10963   0.22881
  -0.18056   0.10963   0.22881
  -0.18056  -0.12979  -0.01061
  -0.18056   0.10963  -0.01061
   0.05886   0.10963   0.22881
   0.05886   0.10963   0.22881
  -0.18056   0.10963   0.22881
  -0.18056   0.10963   0.22881
   0.05886   0.10963   0.22881
   0.05886   0.10963   0.22881
  -0.18056   0.10963   0.22881
   0.05886   0.10963   0.22881
   0.05886   0.10963   0.22881
   0.05886   0.10963   0.22881
   0.05886   0.10963   0.22881
   0.05886   0.10963   0.22881
  -0.18056   0.10963   0.22881
   0.05886   0.10963   0.22881
   0.05886   0.10963   0.22881
   0.05886   0.10963   0.22881
   0.05886   0.10963   0.22881
   0.05886   0.10963   0.22881
   0.05886   0.10963   0.22881
   0.05886   0.10963   0.22881
   0.05886   0.10963   0.22881
   0.05886   0.10963   0.22881
   0.05886   0.10963   0.22881
   0.05886   0.10963  -0.01061
   0.05886  -0.12979   0.22881
   0.05886   0.10963  -0.01061
   0.05886   0.10963   0.22881
   0.05886   0.10963   0.22881
   0.05886   0.10963  -0.01061
   0.05886   0.10963   0.22881
   0.05886   0.10963   0.22881
   0.05886  -0.12979  -0.01061
   0.05886   0.10963   0.22881
   0.05886  -0.12979   0.22881
   0.05886   0.10963   0.22881
   0.29828   0.10963   0.22881
   0.05886  -0.12979  -0.01061
   0.05886   0.10963   0.22881
   0.29828   0.10963   0.22881
   0.29828   0.10963  -0.01061
   0.29828  -0.12979   0.22881
   0.05886   0.10963  -0.01061
   0.05886  -0.12979  -0.01061
   0.29828  -0.12979  -0.01061
   0.29828   0.10963  -0.01061
   0.05886  -0.12979   0.22881
   0.29828  -0.12979   0.22881
   0.29828  -0.12979   0.22881
   0.05886   0.10963   0.22881
   0.05886  -0.12979  -0.01061
   0.05886  -0.12979  -0.01061
   0.29828  -0.12979  -0.01061
   0.29828  -0.12979  -0.01061
   0.29828  -0.12979  -0.01061
   0.05886  -0.12979  -0.01061
   0.05886  -0.12979  -0.01061
   0.05886  -0.36921  -0.01061
   0.29828  -0.36921  -0.01061
   0.29828  -0.12979  -0.25003
   0.29828  -0.12979  -0.25003
   0.05886  -0.36921  -0.25003
   0.29828  -0.36921  -0.01061
   0.29828  -0.12979  -0.01061
   0.05886  -0.12979  -0.01061
   0.05886  -0.12979  -0.01061
   0.05886  -0.12979  -0.01061
   0.29828  -0.12979  -0.25003
   0.05886  -0.12979  -0.01061
   0.05886  -0.12979  -0.01061
   0.29828  -0.12979  -0.25003
   0.05886  -0.36921  -0.01061
   0.29828  -0.36921  -0.01061
   0.05886  -0.12979  -0.01061
   0.05886  -0.36921  -0.01061
   0.05886  -0.12979  -0.01061
   0.05886  -0.12979  -0.01061
   0.29828  -0.12979  -0.01061
   0.29828  -0.12979  -0.01061
   0.05886  -0.12979  -0.01061
   0.05886  -0.12979   0.22881
   0.05886  -0.12979  -0.01061
   0.05886   0.10963  -0.01061
   0.05886  -0.12979  -0.01061
   0.05886  -0.12979   0.22881
  -0.18056  -0.12979   0.22881
   0.05886  -0.12979  -0.01061
   0.05886  -0.12979  -0.01061
   0.05886   0.10963  -0.01061
  -0.18056  -0.12979  -0.01061
  -0.18056  -0.12979   0.22881
   0.05886   0.10963   0.22881
  -0.18056   0.10963   0.22881
   0.05886  -0.12979  -0.01061
  -0.18056  -0.12979  -0.01061
  -0.18056  -0.12979  -0.01061
   0.05886  -0.12979  -0.01061
  -0.41998  -0.12979  -0.01061
  -0.18056   0.10963  -0.01061
  -0.18056  -0.12979  -0.01061
  -0.18056   0.10963   0.22881
  -0.18056   0.10963  -0.01061
  -0.18056   0.10963   0.22881
  -0.18056   0.10963  -0.01061
  -0.18056   0.10963  -0.01061
  -0.18056   0.10963  -0.01061
  -0.18056   0.10963   0.22881
  -0.18056   0.10963   0.22881
  -0.18056   0.10963   0.22881
  -0.18056   0.10963   0.22881
  -0.18056   0.34905   0.22881
  -0.18056   0.10963   0.22881
  -0.18056   0.10963  -0.01061
  -0.18056   0.10963   0.22881
  -0.18056   0.34905   0.22881
  -0.18056   0.10963  -0.01061
  -0.18056   0.34905  -0.01061
  -0.18056   0.10963  -0.01061
  -0.18056   0.10963  -0.01061
   0.05886   0.10963  -0.01061
  -0.18056   0.10963  -0.01061
  -0.18056   0.10963  -0.25003
  -0.18056   0.10963  -0.01061
  -0.18056   0.34905  -0.01061
   0.05886   0.10963  -0.25003
   0.05886   0.10963  -0.01061
  -0.18056   0.10963  -0.01061
  -0.18056   0.10963  -0.01061
   0.05886   0.34905  -0.01061
   0.05886   0.10963  -0.01061
   0.05886   0.10963  -0.01061
   0.05886   0.10963  -0.01061
   0.05886   0.10963  -0.01061
   0.05886   0.10963  -0.01061
  -0.18056   0.10963  -0.01061
   0.05886   0.10963  -0.01061
   0.05886   0.10963  -0.01061
  -0.18056   0.10963  -0.01061
   0.05886   0.10963  -0.01061
   0.05886   0.10963  -0.01061
   0.05886   0.10963  -0.01061
   0.05886   0.10963   0.22881
   0.05886   0.10963  -0.01061
  -0.18056   0.10963  -0.01061
   0.05886  -0.12979  -0.01061
   0.05886   0.10963  -0.01061
   0.05886   0.10963  -0.01061
   0.05886   0.10963  -0.01061
   0.05886  -0.12979   0.22881
   0.05886  -0.12979  -0.01061
   0.05886  -0.12979  -0.01061
  -0.18056  -0.12979  -0.01061
   0.05886   0.10963  -0.01061
   0.05886  -0.12979  -0.01061
  -0.18056  -0.12979  -0.01061
  -0.18056   0.10963  -0.01061
  -0.18056  -0.12979  -0.01061
  -0.18056  -0.12979  -0.01061
   0.05886  -0.12979  -0.01061
  -0.18056  -0.12979   0.22881
   0.05886  -0.12979  -0.01061
  -0.18056  -0.12979  -0.01061
   0.05886  -0.12979  -0.01061
  -0.18056  -0.12979  -0.01061
  -0.18056  -0.12979  -0.01061
  -0.18056  -0.12979  -0.01061
  -0.18056  -0.12979  -0.01061
   0.05886  -0.12979  -0.01061
  -0.18056  -0.12979   0.22881
  -0.18056  -0.12979  -0.01061
  -0.18056  -0.12979  -0.01061
  -0.18056  -0.12979  -0.01061
  -0.18056  -0.12979  -0.01061
  -0.18056  -0.12979   0.22881
  -0.18056  -0.12979  -0.01061
  -0.18056   0.10963  -0.01061
  -0.18056  -0.12979   0.22881
  -0.18056  -0.12979   0.22881
  -0.18056  -0.12979   0.22881
  -0.18056  -0.12979  -0.25003
  -0.41998  -0.12979   0.22881
  -0.18056  -0.12979   0.22881
  -0.18056  -0.12979   0.22881
  -0.18056  -0.12979   0.22881
  -0.18056  -0.12979  -0.01061
  -0.18056   0.10963   0.22881
  -0.18056  -0.12979  -0.01061
  -0.18056   0.10963  -0.01061
  -0.41998  -0.12979   0.22881
  -0.18056  -0.12979  -0.01061
  -0.18056   0.10963   0.22881
  -0.18056   0.10963   0.22881
  -0.41998  -0.12979   0.22881
  -0.41998   0.10963   0.22881
  -0.18056   0.10963  -0.01061
  -0.18056   0.10963  -0.01061
  -0.41998   0.10963   0.22881
  -0.41998  -0.12979   0.22881
  -0.41998   0.10963   0.22881
  -0.18056   0.10963   0.22881
  -0.18056  -0.12979  -0.01061
  -0.41998   0.10963   0.22881
  -0.41998   0.10963   0.22881
  -0.18056   0.10963  -0.01061
  -0.41998   0.10963  -0.01061
  -0.18056   0.10963  -0.01061
  -0.18056   0.10963  -0.01061
  -0.18056  -0.12979  -0.01061
  -0.18056  -0.12979  -0.01061
  -0.18056  -0.12979  -0.01061
  -0.18056  -0.12979  -0.01061
  -0.18056  -0.12979  -0.01061
  -0.18056   0.10963  -0.01061
  -0.18056   0.10963  -0.01061
  -0.18056   0.10963  -0.01061
  -0.18056   0.10963  -0.01061
  -0.18056   0.10963  -0.01061
  -0.18056   0.10963   0.22881
  -0.18056  -0.12979  -0.01061
  -0.18056   0.10963  -0.01061
  -0.18056   0.10963  -0.25003
  -0.18056   0.10963  -0.01061
  -0.41998   0.10963  -0.01061
  -0.18056   0.10963  -0.01061
  -0.41998   0.10963  -0.01061
  -0.18056   0.10963  -0.01061
  -0.18056   0.10963  -0.01061
  -0.41998   0.10963  -0.01061
  -0.18056   0.10963  -0.01061
  -0.18056   0.10963  -0.25003
  -0.18056   0.10963  -0.01061
   0.05886   0.10963  -0.25003
  -0.18056  -0.12979  -0.25003
  -0.18056   0.10963  -0.01061
   0.05886   0.10963  -0.01061
  -0.18056   0.10963  -0.01061
   0.05886   0.10963  -0.01061
  -0.18056   0.10963  -0.01061
  -0.18056   0.10963  -0.01061
  -0.18056   0.10963  -0.01061
   0.05886   0.10963  -0.01061
   0.05886   0.10963  -0.01061
  -0.18056   0.10963  -0.01061
   0.05886   0.10963  -0.25003
   0.05886   0.34905  -0.01061
   0.05886   0.10963  -0.25003
  -0.18056   0.10963  -0.01061
   0.05886  -0.12979  -0.01061
  -0.18056   0.10963  -0.01061
   0.05886   0.10963  -0.01061
   0.05886   0.10963  -0.25003
   0.05886   0.10963  -0.25003
   0.05886   0.10963  -0.01061
   0.05886   0.10963  -0.25003
  -0.18056  -0.12979  -0.01061
   0.05886  -0.12979  -0.01061
   0.05886  -0.12979  -0.01061
   0.05886  -0.12979  -0.01061
   0.05886  -0.12979  -0.01061
   0.05886  -0.12979  -0.01061
   0.05886  -0.12979  -0.01061
  -0.18056  -0.12979  -0.01061
   0.05886  -0.36921  -0.01061
   0.05886  -0.12979  -0.01061
   0.05886  -0.12979  -0.01061
   0.05886  -0.12979  -0.01061
   0.05886  -0.12979  -0.01061
   0.05886  -0.12979  -0.01061
   0.05886  -0.12979  -0.01061
   0.05886  -0.12979  -0.01061
   0.05886   0.10963  -0.01061
   0.05886  -0.12979  -0.01061
   0.05886  -0.12979  -0.01061
   0.05886   0.10963   0.22881
   0.05886  -0.36921  -0.01061
   0.05886  -0.12979  -0.01061
   0.05886   0.10963  -0.01061
   0.05886  -0.12979  -0.01061
   0.05886  -0.12979  -0.01061
   0.05886  -0.12979  -0.01061
   0.05886  -0.12979   0.22881
   0.05886  -0.12979  -0.01061
   0.29828  -0.12979  -0.01061
   0.05886  -0.12979   0.22881
   0.05886  -0.12979  -0.01061
   0.05886  -0.36921  -0.01061
   0.29828  -0.12979  -0.01061
   0.05886   0.10963   0.22881
   0.05886  -0.12979  -0.01061
   0.29828   0.10963  -0.01061
   0.29828   0.10963  -0.01061
   0.29828   0.10963  -0.01061
   0.05886   0.10963  -0.01061
   0.29828   0.10963  -0.25003
   0.29828   0.10963  -0.01061
   0.29828   0.10963  -0.01061
   0.29828  -0.12979  -0.01061
   0.29828   0.10963  -0.01061
   0.29828   0.10963  -0.25003
   0.29828   0.10963  -0.01061
   0.29828   0.10963  -0.25003
   0.05886  -0.12979  -0.25003
   0.29828  -0.12979  -0.25003
   0.29828  -0.12979  -0.25003
   0.29828  -0.12979  -0.25003
   0.29828  -0.12979  -0.25003
   0.29828  -0.12979  -0.25003
   0.29828   0.10963  -0.01061
   0.29828   0.10963  -0.25003
   0.29828  -0.12979  -0.25003
   0.29828   0.10963  -0.25003
   0.29828   0.10963  -0.25003
   0.29828   0.10963  -0.25003
   0.29828  -0.12979  -0.25003
   0.29828  -0.12979  -0.25003
   0.29828   0.10963  -0.25003
   0.29828  -0.12979  -0.25003
   0.53770   0.10963  -0.25003
   0.29828   0.10963  -0.25003
   0.29828   0.10963  -0.25003
   0.29828   0.10963  -0.48945
   0.29828   0.10963  -0.25003
   0.29828   0.10963  -0.25003
   0.53770  -0.12979  -0.48945
   0.29828   0.10963  -0.48945
   0.29828   0.10963  -0.48945
   0.29828   0.10963  -0.25003
   0.29828   0.10963  -0.25003
   0.29828  -0.12979  -0.25003
   0.29828   0.10963  -0.25003
   0.29828  -0.12979  -0.25003
   0.29828  -0.12979  -0.25003
   0.29828   0.10963  -0.25003
   0.29828  -0.12979  -0.25003
   0.29828   0.10963  -0.01061
   0.29828   0.10963  -0.25003
   0.29828   0.10963  -0.25003
   0.29828   0.10963  -0.01061
   0.29828   0.10963  -0.01061
   0.29828   0.34905  -0.25003
   0.29828   0.10963  -0.01061
   0.29828   0.10963  -0.01061
   0.29828   0.10963  -0.01061
   0.29828   0.10963  -0.25003
   0.29828  -0.12979  -0.01061
   0.53770   0.10963  -0.01061
   0.29828  -0.12979  -0.01061
   0.29828   0.10963   0.22881
   0.53770  -0.12979  -0.25003
   0.29828   0.10963   0.22881
   0.29828  -0.12979   0.22881
   0.29828   0.10963  -0.01061
   0.29828  -0.12979   0.22881
   0.29828  -0.12979   0.22881
   0.29828   0.10963   0.22881
   0.29828   0.10963   0.22881
   0.05886   0.10963   0.22881
   0.29828   0.10963   0.22881
   0.29828   0.10963  -0.01061
   0.05886   0.10963   0.22881
   0.29828   0.10963   0.22881
   0.05886   0.10963   0.22881
   0.05886   0.10963   0.22881
   0.29828   0.10963  -0.01061
   0.29828   0.10963   0.22881
   0.29828   0.10963   0.22881
   0.05886   0.10963   0.22881
   0.29828   0.10963   0.46823
   0.29828   0.10963   0.22881
   0.05886   0.10963   0.22881
   0.29828   0.10963   0.22881
   0.29828   0.10963  -0.01061
   0.05886  -0.12979   0.22881
   0.05886  -0.12979   0.22881
   0.05886  -0.12979   0.22881
   0.05886  -0.12979   0.22881
   0.05886  -0.36921   0.22881
   0.05886  -0.12979   0.22881
   0.05886  -0.36921   0.22881
   0.05886  -0.36921   0.22881
  -0.18056  -0.12979   0.22881
   0.05886  -0.12979   0.22881
   0.05886  -0.12979   0.22881
   0.05886  -0.12979   0.22881
   0.05886   0.10963   0.22881
   0.05886  -0.12979   0.22881
   0.05886   0.10963   0.22881
   0.05886  -0.12979   0.22881
   0.05886  -0.12979  -0.01061
  -0.18056   0.10963   0.22881
  -0.18056   0.10963   0.22881
  -0.18056   0.10963   0.22881
   0.05886   0.10963   0.22881
  -0.18056  -0.12979  -0.01061
   0.05886   0.10963   0.22881
  -0.18056   0.10963   0.22881
  -0.18056   0.10963  -0.01061
  -0.18056   0.10963  -0.01061
  -0.18056   0.10963  -0.01061
   0.05886   0.10963   0.22881
  -0.18056   0.10963  -0.01061
  -0.18056   0.10963   0.22881
   0.05886   0.10963  -0.01061
  -0.18056   0.10963  -0.01061
   0.05886   0.10963  -0.01061
  -0.18056  -0.12979  -0.25003
  -0.18056  -0.12979  -0.01061
  -0.18056  -0.12979  -0.01061
  -0.18056  -0.12979  -0.01061
  -0.18056  -0.12979  -0.01061
   0.05886  -0.12979  -0.01061
  -0.18056  -0.36921  -0.01061
  -0.18056  -0.36921  -0.01061
  -0.41998  -0.12979   0.22881
  -0.18056  -0.36921  -0.01061
  -0.18056  -0.36921  -0.01061
  -0.18056  -0.12979  -0.01061
  -0.18056  -0.12979  -0.01061
  -0.18056  -0.12979  -0.01061
  -0.41998  -0.12979  -0.01061
  -0.18056  -0.12979  -0.01061
  -0.41998  -0.12979  -0.01061
  -0.18056  -0.12979  -0.01061
  -0.18056  -0.12979  -0.01061
  -0.41998  -0.12979   0.22881
  -0.18056  -0.12979  -0.01061
  -0.18056  -0.12979  -0.01061
  -0.41998   0.10963  -0.01061
  -0.41998   0.10963  -0.01061
  -0.41998   0.10963  -0.01061
  -0.18056   0.10963  -0.01061
  -0.41998   0.10963   0.46823
  -0.41998   0.10963   0.22881
  -0.41998   0.34905   0.22881
  -0.18056   0.34905   0.22881
  -0.41998   0.10963   0.22881
  -0.41998   0.34905  -0.01061
  -0.41998   0.34905  -0.01061
  -0.41998   0.10963  -0.01061
  -0.41998   0.34905   0.46823
  -0.18056   0.10963   0.22881
  -0.18056   0.10963   0.22881
  -0.41998   0.10963   0.22881
  -0.41998  -0.12979   0.22881
  -0.41998  -0.12979   0.22881
  -0.41998  -0.12979   0.22881
  -0.41998   0.10963   0.22881
  -0.18056  -0.12979  -0.01061
  -0.41998  -0.12979   0.22881
  -0.41998  -0.12979   0.22881
  -0.41998   0.10963   0.46823
  -0.41998  -0.12979   0.22881
  -0.41998  -0.12979   0.22881
  -0.41998  -0.12979   0.46823
  -0.18056  -0.12979   0.22881
  -0.41998   0.10963   0.22881
  -0.18056   0.10963   0.22881
  -0.41998   0.10963   0.22881
  -0.41998   0.10963   0.46823
  -0.41998   0.10963   0.22881
  -0.41998   0.34905   0.22881
  -0.18056   0.10963   0.22881
  -0.41998   0.10963   0.22881
  -0.18056   0.34905  -0.01061
  -0.18056   0.34905   0.22881
  -0.18056   0.10963  -0.01061
  -0.41998   0.10963  -0.01061
  -0.18056   0.10963  -0.01061
  -0.18056   0.10963  -0.01061
  -0.41998   0.10963   0.22881
  -0.18056   0.10963   0.22881
  -0.41998   0.10963   0.22881
  -0.18056   0.10963   0.22881
  -0.18056   0.10963  -0.01061
  -0.41998  -0.12979  -0.01061
  -0.18056   0.10963   0.22881
  -0.41998  -0.12979  -0.01061
  -0.18056  -0.12979  -0.01061
  -0.41998  -0.12979  -0.01061
  -0.18056   0.10963  -0.01061
  -0.18056  -0.12979  -0.01061
  -0.41998   0.10963  -0.01061
  -0.18056  -0.12979  -0.25003
  -0.18056  -0.12979  -0.01061
  -0.18056   0.10963  -0.25003
  -0.18056  -0.12979  -0.01061
  -0.18056  -0.12979  -0.01061
  -0.18056  -0.12979  -0.01061
  -0.18056   0.10963  -0.01061
  -0.18056  -0.12979  -0.01061
  -0.18056  -0.12979  -0.25003
  -0.18056  -0.12979  -0.01061
   0.05886  -0.12979  -0.01061
  -0.18056   0.10963  -0.25003
  -0.18056  -0.12979  -0.25003
  -0.18056   0.10963  -0.01061
  -0.18056  -0.12979  -0.25003
  -0.18056  -0.12979  -0.25003
  -0.18056  -0.12979  -0.25003
   0.05886  -0.12979  -0.25003
   0.05886  -0.12979  -0.01061
   0.05886  -0.12979  -0.25003
   0.05886  -0.12979  -0.01061
   0.05886  -0.12979  -0.25003
   0.05886  -0.12979  -0.01061
   0.05886  -0.12979  -0.01061
   0.05886  -0.12979  -0.25003
   0.05886  -0.12979  -0.25003
   0.05886  -0.12979  -0.25003
   0.05886  -0.12979  -0.25003
   0.05886  -0.12979  -0.01061
   0.05886  -0.12979  -0.25003
   0.29828  -0.12979  -0.25003
   0.29828  -0.12979  -0.01061
   0.29828  -0.12979  -0.01061
   0.05886  -0.12979  -0.25003
   0.29828  -0.12979  -0.25003
   0.05886  -0.36921  -0.25003
   0.29828  -0.36921  -0.01061
   0.29828  -0.12979  -0.25003
   0.29828  -0.36921  -0.01061
   0.29828  -0.36921  -0.25003
   0.29828  -0.12979  -0.01061
   0.29828  -0.12979  -0.01061
   0.29828   0.10963  -0.01061
   0.05886   0.10963  -0.01061
   0.29828   0.10963  -0.25003
   0.29828   0.10963  -0.01061
   0.29828   0.10963  -0.25003
   0.29828   0.10963  -0.01061
   0.29828   0.10963  -0.01061
   0.29828   0.10963  -0.25003
   0.29828   0.10963  -0.25003
   0.29828  -0.12979  -0.01061
   0.29828  -0.12979  -0.01061
   0.05886   0.10963  -0.01061
   0.29828  -0.12979  -0.01061
   0.29828  -0.12979  -0.25003
   0.29828  -0.12979  -0.01061
   0.29828  -0.12979  -0.01061
   0.29828  -0.12979  -0.01061
   0.29828  -0.12979  -0.01061
   0.05886  -0.12979  -0.01061
   0.29828  -0.12979  -0.01061
   0.05886  -0.12979  -0.01061
   0.29828  -0.12979   0.22881
   0.29828  -0.12979  -0.01061
   0.29828  -0.12979  -0.01061
   0.29828   0.10963  -0.01061
   0.05886   0.10963   0.22881
   0.29828   0.10963  -0.01061
   0.29828   0.34905  -0.01061
   0.29828   0.10963  -0.01061
   0.05886   0.10963  -0.01061
   0.05886   0.10963  -0.01061
   0.29828   0.34905  -0.25003
   0.05886   0.34905  -0.01061
   0.29828   0.34905   0.22881
   0.05886   0.10963  -0.01061
   0.05886   0.34905  -0.25003
   0.05886   0.34905  -0.25003
   0.05886   0.10963  -0.01061
   0.05886   0.34905  -0.01061
   0.05886   0.10963  -0.01061
   0.05886   0.10963  -0.01061
   0.05886   0.10963  -0.01061
   0.05886   0.10963  -0.01061
   0.05886   0.10963  -0.01061
   0.05886   0.10963  -0.01061
  -0.18056   0.10963  -0.25003
  -0.18056   0.10963  -0.25003
   0.05886   0.10963  -0.25003
  -0.18056   0.10963  -0.25003
  -0.18056   0.10963  -0.25003
  -0.18056   0.10963  -0.01061
   0.05886   0.10963  -0.25003
   0.05886   0.10963  -0.25003
  -0.18056   0.10963  -0.01061
   0.05886   0.10963  -0.01061
   0.05886   0.10963  -0.25003
   0.05886   0.10963  -0.25003
  -0.18056   0.34905  -0.25003
  -0.18056   0.10963  -0.25003
  -0.18056   0.10963  -0.01061
   0.05886   0.10963  -0.01061
  -0.18056   0.10963  -0.25003
  -0.18056   0.10963  -0.01061
  -0.18056   0.10963  -0.01061
  -0.18056   0.10963  -0.01061
   0.05886   0.34905  -0.25003
   0.05886   0.10963  -0.48945
   0.05886   0.10963  -0.25003
   0.05886   0.10963  -0.25003
  -0.18056  -0.12979  -0.25003
   0.05886  -0.12979  -0.25003
   0.05886   0.10963  -0.25003
   0.05886   0.10963  -0.25003
   0.05886  -0.12979  -0.25003
   0.05886   0.10963  -0.25003
   0.05886   0.10963  -0.25003
  -0.18056  -0.12979  -0.01061
   0.05886  -0.12979  -0.25003
   0.05886  -0.12979  -0.01061
   0.05886  -0.12979  -0.25003
   0.05886   0.10963  -0.25003
   0.05886   0.10963  -0.25003
   0.05886  -0.12979  -0.25003
   0.05886  -0.12979  -0.25003
   0.05886  -0.12979  -0.01061
   0.05886  -0.12979  -0.25003
   0.05886  -0.12979  -0.25003
   0.05886  -0.12979  -0.01061
   0.05886  -0.12979  -0.01061
   0.29828  -0.12979  -0.01061
   0.05886   0.10963  -0.01061
   0.05886  -0.12979  -0.01061
   0.05886  -0.12979  -0.01061
   0.05886  -0.12979  -0.01061
   0.05886  -0.12979  -0.25003
   0.05886   0.10963  -0.01061
   0.29828   0.10963  -0.01061
   0.29828  -0.12979  -0.01061
   0.05886  -0.12979  -0.01061
   0.29828  -0.12979  -0.25003
   0.05886   0.10963  -0.01061
   0.29828   0.10963  -0.01061
   0.05886   0.10963  -0.25003
   0.29828   0.10963  -0.25003
   0.05886   0.10963   0.22881
   0.29828   0.10963  -0.25003
   0.29828   0.10963  -0.01061
   0.29828   0.10963  -0.01061
   0.29828   0.10963  -0.01061
   0.29828  -0.12979  -0.01061
   0.29828   0.10963  -0.01061
   0.29828  -0.12979  -0.01061
   0.29828   0.10963  -0.25003
   0.29828  -0.12979  -0.01061
   0.29828  -0.12979  -0.01061
   0.29828  -0.12979  -0.01061
   0.05886  -0.12979  -0.01061
   0.29828  -0.36921  -0.01061
   0.29828  -0.36921  -0.01061
   0.05886  -0.36921   0.22881
   0.05886  -0.36921  -0.01061
   0.29828  -0.60863  -0.01061
   0.05886  -0.36921   0.22881
   0.05886  -0.36921  -0.01061
   0.29828  -0.12979   0.22881
   0.29828  -0.36921   0.22881
   0.05886  -0.36921   0.22881
   0.29828  -0.12979   0.22881
   0.05886  -0.36921   0.22881
   0.05886  -0.12979  -0.01061
   0.05886  -0.12979   0.46823
   0.05886   0.10963   0.22881
   0.05886   0.10963   0.22881
   0.05886   0.10963   0.22881
   0.29828   0.10963   0.22881
   0.05886   0.34905   0.22881
   0.05886   0.34905   0.22881
   0.05886   0.34905  -0.01061
   0.29828   0.34905   0.22881
   0.05886   0.34905   0.22881
   0.05886   0.34905   0.22881
   0.29828   0.34905  -0.01061
   0.05886   0.34905  -0.01061
   0.29828   0.34905  -0.01061
   0.05886   0.34905   0.22881
   0.05886   0.34905   0.22881
   0.05886   0.58847   0.22881
   0.05886   0.58847  -0.01061
   0.05886   0.58847   0.22881
   0.05886   0.34905  -0.01061
   0.05886   0.34905   0.22881
   0.05886   0.58847  -0.01061
   0.05886   0.34905   0.22881
   0.05886   0.34905  -0.01061
   0.29828   0.34905  -0.01061
   0.05886   0.34905  -0.01061
   0.05886   0.10963   0.22881
   0.05886   0.10963  -0.01061
   0.05886   0.10963  -0.01061
   0.05886  -0.12979   0.22881
   0.05886  -0.12979  -0.01061
   0.05886  -0.12979   0.22881
   0.05886  -0.36921  -0.01061
   0.05886  -0.12979   0.22881
   0.05886  -0.36921   0.22881
   0.05886  -0.12979   0.22881
   0.05886  -0.12979   0.22881
   0.05886  -0.12979   0.46823
   0.05886  -0.12979   0.22881
  -0.18056  -0.12979   0.22881
  -0.18056  -0.36921   0.22881
   0.05886  -0.12979   0.22881
   0.05886  -0.12979   0.22881
  -0.18056  -0.12979   0.46823
  -0.18056  -0.12979   0.22881
   0.05886  -0.12979   0.46823
  -0.18056  -0.12979   0.22881
   0.05886  -0.12979   0.22881
   0.05886   0.10963   0.22881
  -0.18056   0.10963   0.22881
  -0.18056   0.10963   0.22881
   0.05886   0.10963   0.22881
   0.05886   0.10963   0.22881
  -0.18056   0.10963   0.22881
  -0.18056   0.10963   0.22881
  -0.18056   0.10963   0.22881
  -0.18056  -0.12979   0.22881
  -0.18056   0.10963   0.22881
  -0.18056   0.34905   0.22881
  -0.18056   0.10963   0.22881
  -0.18056   0.10963   0.22881
  -0.18056   0.10963   0.22881
   0.05886   0.10963   0.22881
  -0.18056   0.10963   0.22881
  -0.18056   0.10963   0.22881
  -0.18056   0.10963   0.22881
  -0.18056   0.10963   0.22881
  -0.18056   0.10963   0.22881
  -0.18056  -0.12979   0.22881
  -0.18056  -0.12979   0.22881
   0.05886  -0.12979   0.22881
  -0.18056  -0.12979   0.22881
  -0.18056  -0.36921   0.22881
  -0.18056  -0.36921  -0.01061
  -0.18056  -0.12979   0.22881
  -0.18056  -0.36921   0.22881
  -0.18056  -0.36921  -0.01061
  -0.18056  -0.12979   0.22881
  -0.18056  -0.36921  -0.01061
  -0.18056  -0.36921  -0.01061
  -0.18056  -0.12979   0.22881
  -0.18056  -0.12979   0.22881
  -0.18056  -0.12979  -0.01061
  -0.18056  -0.36921  -0.01061
  -0.41998  -0.12979  -0.01061
  -0.41998  -0.12979  -0.01061
  -0.18056  -0.12979  -0.25003
  -0.41998  -0.12979  -0.01061
  -0.18056  -0.12979  -0.01061
  -0.18056  -0.12979  -0.01061
  -0.18056  -0.12979  -0.25003
  -0.41998  -0.12979  -0.01061
  -0.18056   0.10963  -0.01061
  -0.41998  -0.12979  -0.01061
  -0.18056   0.10963  -0.01061
  -0.18056   0.10963  -0.01061
  -0.41998   0.10963  -0.01061
  -0.18056   0.10963  -0.01061
  -0.41998  -0.12979  -0.01061
  -0.18056   0.10963  -0.01061
  -0.41998   0.10963  -0.01061
  -0.41998   0.10963  -0.01061
  -0.18056   0.10963  -0.01061
  -0.41998  -0.12979  -0.25003
  -0.18056   0.10963  -0.01061
  -0.18056   0.10963  -0.01061
  -0.18056   0.10963  -0.01061
  -0.18056   0.10963  -0.25003
  -0.41998  -0.12979  -0.01061
  -0.18056   0.10963  -0.25003
  -0.18056   0.10963  -0.25003
  -0.18056   0.10963  -0.25003
  -0.41998   0.10963  -0.01061
  -0.18056  -0.12979  -0.01061
  -0.18056  -0.12979  -0.01061
  -0.18056  -0.12979  -0.01061
  -0.18056  -0.36921  -0.01061
  -0.41998   0.10963  -0.01061
  -0.41998   0.10963  -0.01061
   0.05886  -0.12979  -0.25003
  -0.18056   0.10963  -0.01061
  -0.18056   0.10963  -0.01061
  -0.18056  -0.12979  -0.25003
  -0.41998  -0.12979  -0.01061
  -0.18056  -0.12979  -0.01061
  -0.18056  -0.12979  -0.25003
  -0.41998  -0.12979   0.22881
  -0.18056  -0.12979  -0.25003
  -0.18056   0.10963  -0.01061
  -0.18056  -0.12979   0.22881
  -0.41998  -0.12979  -0.01061
  -0.41998  -0.12979  -0.01061
  -0.18056   0.10963  -0.01061
  -0.18056   0.10963  -0.25003
  -0.18056   0.10963  -0.01061
  -0.18056   0.10963  -0.25003
  -0.18056   0.10963  -0.25003
  -0.41998   0.10963  -0.01061
  -0.18056   0.10963  -0.01061
  -0.18056   0.10963  -0.25003
  -0.18056   0.10963  -0.01061
  -0.18056   0.10963  -0.01061
  -0.18056   0.10963  -0.25003
  -0.18056   0.10963  -0.25003
  -0.18056   0.34905  -0.25003
  -0.18056   0.34905  -0.01061
  -0.18056   0.10963  -0.25003
  -0.18056   0.10963  -0.25003
  -0.18056   0.10963  -0.25003
   0.05886   0.10963  -0.25003
  -0.18056   0.10963  -0.25003
   0.05886  -0.12979  -0.25003
   0.05886   0.10963  -0.25003
  -0.18056  -0.12979  -0.01061
  -0.18056  -0.12979  -0.25003
  -0.18056   0.10963  -0.25003
   0.05886   0.10963  -0.25003
   0.05886  -0.12979  -0.25003
   0.05886  -0.12979  -0.25003
   0.05886  -0.12979  -0.01061
   0.05886  -0.12979  -0.25003
  -0.18056  -0.12979  -0.25003
  -0.18056  -0.36921  -0.25003
   0.05886  -0.12979  -0.25003
   0.05886  -0.12979  -0.25003
   0.05886  -0.12979  -0.01061
   0.05886  -0.12979  -0.25003
   0.05886  -0.12979  -0.25003
   0.05886  -0.12979  -0.01061
   0.05886  -0.12979  -0.25003
   0.05886   0.10963  -0.01061
   0.05886   0.10963  -0.01061
   0.05886   0.10963  -0.01061
   0.05886   0.10963  -0.01061
   0.05886   0.10963  -0.01061
   0.05886   0.10963  -0.25003
   0.05886   0.10963  -0.25003
   0.05886   0.10963  -0.01061
   0.05886   0.10963  -0.25003
   0.05886   0.10963  -0.25003
   0.05886   0.10963  -0.01061
   0.29828   0.10963  -0.25003
   0.05886   0.10963  -0.25003
   0.05886   0.10963  -0.25003
   0.05886   0.10963  -0.25003
   0.05886   0.10963  -0.25003
   0.05886   0.10963  -0.25003
   0.29828   0.10963  -0.25003
   0.05886   0.10963  -0.25003
   0.29828   0.10963  -0.25003
   0.05886  -0.12979  -0.25003
   0.05886  -0.12979  -0.25003
   0.05886  -0.12979  -0.25003
   0.05886  -0.12979  -0.01061
   0.05886  -0.12979  -0.25003
   0.05886  -0.36921  -0.25003
   0.05886  -0.12979  -0.25003
   0.29828  -0.12979  -0.25003
   0.05886  -0.36921  -0.25003
   0.05886  -0.36921  -0.25003
   0.05886  -0.12979  -0.25003
   0.05886  -0.36921  -0.25003
   0.29828  -0.36921  -0.01061
   0.05886  -0.36921  -0.01061
   0.29828  -0.12979  -0.25003
   0.29828  -0.36921  -0.01061
   0.29828  -0.12979  -0.01061
   0.05886  -0.12979  -0.01061
   0.05886   0.10963  -0.01061
   0.29828  -0.12979  -0.25003
   0.29828   0.10963  -0.01061
   0.05886   0.10963   0.22881
   0.29828   0.10963  -0.01061
   0.29828  -0.12979  -0.01061
   0.29828   0.10963  -0.01061
   0.29828   0.10963  -0.01061
   0.29828   0.10963  -0.01061
   0.29828   0.10963  -0.01061
   0.29828   0.34905  -0.01061
   0.29828   0.34905   0.22881
   0.29828   0.10963  -0.01061
   0.29828   0.10963  -0.01061
   0.29828   0.10963  -0.01061
   0.29828   0.10963  -0.01061
   0.29828   0.10963  -0.01061
   0.29828   0.10963  -0.01061
   0.29828  -0.12979  -0.01061
   0.29828   0.10963  -0.25003
   0.29828   0.10963  -0.01061
   0.29828  -0.12979  -0.01061
   0.29828  -0.12979  -0.01061
   0.29828   0.10963  -0.01061
   0.29828  -0.12979  -0.01061
   0.53770  -0.12979  -0.01061
   0.29828  -0.12979  -0.25003
   0.29828  -0.12979  -0.01061
   0.29828  -0.12979   0.22881
   0.29828  -0.12979  -0.01061
   0.29828  -0.12979   0.22881
   0.29828  -0.12979  -0.01061
   0.05886  -0.12979   0.22881
   0.29828  -0.12979  -0.25003
   0.29828   0.10963   0.22881
   0.29828   0.10963  -0.01061
   0.29828   0.10963   0.22881
   0.29828   0.10963   0.22881
   0.29828   0.10963  -0.01061
   0.29828   0.10963   0.22881
   0.29828   0.10963  -0.01061
   0.29828   0.34905   0.22881
   0.29828   0.10963   0.22881
   0.29828   0.10963  -0.01061
   0.05886   0.34905   0.22881
   0.29828   0.10963   0.22881
   0.29828   0.10963   0.22881
   0.29828   0.10963  -0.01061
   0.29828   0.34905  -0.01061
   0.29828   0.34905   0.22881
   0.29828   0.10963  -0.01061
   0.29828   0.10963   0.22881
   0.29828   0.10963   0.22881
   0.29828  -0.12979  -0.01061
   0.05886  -0.12979  -0.01061
   0.29828   0.10963   0.22881
   0.53770   0.10963  -0.01061
   0.05886  -0.12979  -0.01061
   0.29828   0.10963   0.22881
   0.29828  -0.12979  -0.01061
   0.29828  -0.12979   0.22881
   0.05886  -0.12979  -0.01061
   0.05886  -0.12979  -0.01061
   0.29828  -0.12979   0.22881
   0.05886  -0.12979  -0.01061
   0.29828  -0.12979   0.22881
   0.05886  -0.12979  -0.01061
   0.29828  -0.12979  -0.25003
   0.29828   0.10963  -0.01061
   0.29828  -0.12979  -0.25003
   0.05886  -0.12979   0.22881
   0.05886  -0.12979  -0.01061
   0.05886   0.10963  -0.01061
   0.05886  -0.12979  -0.01061
   0.05886   0.10963  -0.01061
   0.05886   0.10963  -0.01061
   0.05886   0.10963   0.22881
   0.05886   0.10963  -0.01061
   0.05886   0.10963  -0.01061
   0.05886   0.10963  -0.25003
   0.05886   0.10963   0.22881
  -0.18056   0.10963  -0.01061
   0.05886   0.10963  -0.25003
   0.05886   0.34905  -0.01061
   0.05886   0.10963  -0.01061
   0.05886   0.10963  -0.01061
   0.05886   0.10963  -0.01061
   0.05886   0.10963  -0.01061
   0.05886  -0.12979  -0.01061
   0.05886   0.10963  -0.01061
   0.05886  -0.12979  -0.01061
   0.05886  -0.36921  -0.01061
  -0.18056  -0.36921  -0.01061
   0.05886  -0.12979  -0.01061
   0.05886  -0.36921  -0.01061
   0.05886  -0.12979  -0.01061
   0.05886  -0.12979  -0.01061
   0.05886  -0.12979  -0.01061
  -0.18056  -0.12979  -0.01061
   0.05886  -0.12979  -0.01061
   0.05886  -0.12979  -0.01061
  -0.18056  -0.12979  -0.01061
  -0.18056  -0.12979  -0.01061
   0.05886  -0.12979  -0.01061
   0.05886  -0.12979  -0.25003
   0.05886  -0.12979  -0.01061
   0.05886   0.10963  -0.01061
   0.05886  -0.12979   0.22881
   0.05886  -0.36921  -0.01061
  -0.18056  -0.12979  -0.01061
  -0.41998   0.10963   0.22881
  -0.18056  -0.12979  -0.01061
  -0.18056   0.10963  -0.01061
   0.05886   0.10963  -0.01061
  -0.18056  -0.12979  -0.01061
  -0.18056  -0.12979  -0.01061
  -0.18056  -0.12979  -0.01061
  -0.18056   0.10963  -0.01061
   0.05886   0.10963  -0.01061
  -0.18056  -0.12979  -0.01061
   0.05886   0.10963   0.22881
   0.05886   0.10963  -0.01061
   0.05886   0.10963  -0.01061
   0.05886   0.10963  -0.01061
   0.05886   0.10963  -0.01061
  -0.18056  -0.12979  -0.01061
  -0.18056  -0.12979  -0.01061
  -0.18056  -0.12979   0.22881
  -0.18056   0.10963  -0.01061
  -0.18056   0.10963  -0.01061
  -0.18056   0.10963   0.22881
   0.05886   0.10963  -0.01061
  -0.18056  -0.12979  -0.01061
  -0.18056  -0.12979   0.22881
  -0.18056  -0.12979  -0.01061
   0.05886  -0.12979   0.22881
   0.05886   0.10963   0.22881
  -0.18056  -0.12979   0.22881
   0.05886  -0.12979   0.22881
  -0.18056  -0.12979  -0.01061
   0.05886  -0.12979  -0.01061
  -0.18056   0.10963   0.22881
  -0.18056  -0.12979   0.22881
  -0.18056  -0.12979  -0.01061
  -0.18056   0.10963   0.22881
  -0.18056   0.10963   0.22881
  -0.18056   0.10963   0.22881
  -0.18056   0.10963   0.22881
  -0.18056   0.10963   0.22881
  -0.18056   0.10963   0.22881
  -0.18056   0.34905   0.22881
  -0.18056   0.10963   0.22881
  -0.18056   0.10963   0.22881
  -0.41998  -0.12979  -0.01061
  -0.41998   0.34905   0.22881
  -0.41998   0.10963  -0.01061
  -0.41998   0.10963  -0.01061
  -0.41998   0.10963   0.22881
  -0.18056   0.10963  -0.01061
  -0.41998   0.10963   0.22881
  -0.41998  -0.12979  -0.01061
  -0.41998   0.10963   0.22881
  -0.41998   0.10963   0.22881
  -0.18056  -0.12979  -0.01061
  -0.41998   0.10963  -0.01061
  -0.41998   0.10963   0.22881
  -0.41998   0.10963  -0.01061
  -0.41998   0.10963  -0.01061
  -0.18056   0.10963  -0.01061
  -0.41998   0.10963   0.22881
  -0.41998   0.10963   0.22881
  -0.41998   0.10963   0.22881
  -0.41998   0.10963  -0.01061
  -0.41998   0.10963  -0.01061
  -0.41998   0.10963   0.22881
  -0.18056   0.10963  -0.01061
  -0.41998   0.10963   0.22881
  -0.18056  -0.12979  -0.01061
  -0.18056   0.10963   0.22881
  -0.18056  -0.12979  -0.01061
  -0.41998  -0.12979   0.22881
  -0.18056   0.10963  -0.01061
  -0.18056  -0.12979  -0.01061
  -0.18056  -0.12979  -0.01061
  -0.18056  -0.12979  -0.01061
  -0.18056   0.10963  -0.01061
  -0.41998   0.10963  -0.01061
  -0.18056  -0.12979  -0.01061
  -0.18056  -0.12979   0.22881
  -0.18056  -0.12979  -0.01061
  -0.18056  -0.12979   0.22881
  -0.41998  -0.12979  -0.01061
  -0.18056  -0.12979  -0.01061
  -0.18056  -0.12979  -0.01061
  -0.41998  -0.12979  -0.01061
  -0.41998  -0.12979  -0.01061
  -0.18056   0.10963  -0.01061
  -0.18056  -0.12979   0.22881
  -0.18056  -0.12979  -0.01061
  -0.18056  -0.12979  -0.01061
  -0.18056   0.10963  -0.01061
  -0.18056  -0.12979  -0.01061
  -0.18056   0.10963  -0.01061
  -0.41998   0.10963  -0.01061
  -0.18056   0.10963  -0.01061
  -0.18056   0.10963  -0.25003
  -0.18056   0.10963  -0.01061
  -0.18056   0.10963  -0.01061
  -0.18056   0.10963  -0.01061
  -0.18056  -0.12979  -0.01061
  -0.18056   0.10963  -0.01061
  -0.18056   0.10963  -0.01061
   0.05886   0.10963  -0.01061
   0.05886   0.10963  -0.01061
  -0.18056   0.10963   0.22881
   0.05886   0.10963  -0.01061
   0.05886  -0.12979  -0.01061
  -0.18056   0.10963  -0.25003
   0.05886  -0.12979  -0.01061
   0.05886  -0.12979  -0.01061
   0.05886  -0.12979  -0.01061
   0.05886  -0.12979  -0.01061
   0.05886  -0.12979  -0.01061
  -0.18056  -0.12979   0.22881
   0.05886  -0.36921  -0.01061
   0.05886  -0.12979  -0.25003
   0.05886  -0.36921  -0.01061
   0.05886  -0.12979  -0.01061
   0.05886  -0.12979  -0.25003
   0.05886  -0.12979  -0.01061
   0.05886  -0.12979  -0.01061
   0.05886  -0.12979  -0.01061
   0.05886  -0.12979  -0.25003
   0.05886  -0.12979  -0.01061
   0.05886  -0.12979  -0.01061
   0.05886  -0.12979  -0.01061
   0.05886  -0.12979  -0.01061
   0.29828  -0.12979  -0.01061
   0.05886  -0.12979  -0.01061
   0.05886   0.10963  -0.01061
   0.05886   0.10963  -0.01061
   0.29828   0.10963  -0.01061
   0.05886   0.10963  -0.01061
   0.05886   0.10963  -0.01061
   0.05886   0.10963  -0.01061
   0.05886   0.10963  -0.01061
   0.05886   0.10963  -0.25003
   0.05886   0.10963  -0.01061
   0.05886  -0.12979  -0.01061
   0.05886  -0.12979  -0.01061
   0.05886  -0.12979  -0.01061
   0.05886   0.10963   0.22881
   0.29828  -0.12979  -0.01061
   0.05886  -0.12979  -0.01061
   0.05886  -0.12979  -0.01061
   0.05886   0.10963  -0.01061
   0.05886   0.10963  -0.01061
   0.05886   0.10963  -0.01061
   0.29828   0.10963  -0.25003
   0.29828   0.10963  -0.01061
   0.29828   0.10963  -0.25003
   0.05886   0.10963  -0.25003
   0.29828   0.10963  -0.25003
   0.29828   0.10963  -0.25003
   0.29828  -0.12979  -0.25003
   0.05886   0.10963  -0.01061
   0.29828  -0.12979  -0.25003
   0.05886   0.10963  -0.25003
   0.05886   0.10963  -0.25003
   0.05886   0.10963  -0.01061
   0.05886  -0.12979  -0.25003
   0.05886   0.10963  -0.01061
   0.29828  -0.12979  -0.25003
   0.05886  -0.12979  -0.25003
   0.05886  -0.12979  -0.25003
   0.05886  -0.12979  -0.25003
   0.29828   0.10963  -0.25003
   0.29828   0.10963  -0.01061
   0.29828   0.10963  -0.01061
   0.05886  -0.12979  -0.25003
   0.29828   0.10963  -0.25003
   0.29828   0.10963  -0.01061
   0.29828   0.10963  -0.25003
   0.29828   0.10963  -0.01061
   0.29828   0.10963  -0.25003
   0.05886   0.10963  -0.01061
   0.05886   0.10963  -0.01061
   0.29828   0.10963  -0.25003
   0.05886   0.10963  -0.01061
   0.05886   0.10963  -0.25003
   0.29828   0.10963  -0.01061
   0.29828   0.10963  -0.25003
   0.05886  -0.12979  -0.25003
   0.29828   0.10963  -0.25003
   0.29828  -0.12979  -0.25003
   0.05886  -0.12979  -0.25003
   0.05886  -0.12979  -0.01061
   0.29828  -0.12979  -0.25003
   0.05886  -0.12979  -0.01061
   0.05886  -0.12979  -0.01061
   0.29828  -0.12979  -0.25003
   0.05886  -0.12979  -0.25003
   0.29828  -0.12979  -0.01061
   0.29828  -0.12979  -0.01061
   0.29828  -0.12979  -0.01061
   0.29828  -0.12979  -0.01061
   0.05886  -0.12979  -0.25003
   0.29828  -0.12979  -0.01061
   0.29828  -0.12979  -0.01061
   0.29828   0.10963  -0.01061
   0.29828   0.10963  -0.25003
   0.29828   0.10963  -0.25003
   0.29828   0.10963  -0.01061
   0.29828   0.10963  -0.01061
   0.29828   0.10963  -0.01061
   0.29828   0.10963  -0.01061
   0.05886   0.10963  -0.01061
   0.29828   0.10963  -0.25003
   0.29828   0.10963  -0.25003
   0.05886   0.34905  -0.25003
   0.29828   0.10963  -0.25003
   0.29828  -0.12979  -0.25003
   0.05886   0.10963  -0.01061
   0.29828   0.10963  -0.25003
   0.29828  -0.12979  -0.25003
   0.05886   0.10963  -0.01061
   0.05886   0.10963  -0.25003
   0.29828  -0.12979  -0.25003
   0.29828  -0.12979  -0.25003
   0.29828  -0.12979  -0.25003
   0.29828   0.10963  -0.25003
   0.29828   0.10963  -0.01061
   0.29828   0.10963  -0.01061
   0.29828   0.10963  -0.01061
   0.29828   0.10963  -0.01061
   0.29828  -0.12979  -0.01061
   0.29828   0.10963  -0.01061
   0.05886   0.10963  -0.25003
   0.29828   0.10963  -0.01061
   0.05886   0.10963  -0.01061
   0.29828   0.10963  -0.01061
   0.29828   0.10963  -0.01061
   0.05886   0.10963  -0.25003
   0.29828   0.10963  -0.25003
   0.05886  -0.12979  -0.01061
   0.05886   0.10963  -0.25003
   0.05886   0.10963  -0.01061
   0.05886  -0.12979  -0.01061
   0.05886   0.10963  -0.25003
   0.05886   0.10963   0.22881
   0.05886  -0.12979  -0.01061
   0.05886   0.10963  -0.25003
  -0.18056   0.10963  -0.01061
   0.05886   0.10963  -0.01061
   0.05886  -0.12979  -0.01061
   0.05886  -0.12979  -0.01061
   0.05886  -0.12979  -0.01061
   0.05886  -0.12979  -0.01061
   0.05886  -0.12979  -0.01061
   0.05886  -0.12979  -0.25003
   0.05886  -0.12979  -0.01061
   0.05886   0.10963  -0.01061
   0.05886  -0.12979  -0.01061
   0.05886   0.10963  -0.01061
   0.05886   0.10963   0.22881
   0.05886   0.10963  -0.25003
   0.05886   0.10963  -0.01061
   0.05886  -0.12979  -0.01061
   0.05886  -0.12979  -0.01061
   0.05886  -0.12979  -0.01061
   0.05886   0.10963  -0.01061
   0.05886   0.10963  -0.01061
   0.05886   0.10963  -0.01061
   0.05886   0.10963  -0.01061
   0.05886   0.10963   0.22881
  -0.18056   0.10963   0.22881
   0.05886   0.10963  -0.01061
   0.05886  -0.12979  -0.01061
  -0.18056  -0.12979   0.22881
   0.05886   0.10963   0.22881
  -0.18056   0.10963   0.22881
   0.05886   0.10963   0.22881
  -0.18056  -0.12979  -0.01061
  -0.18056  -0.12979   0.22881
   0.05886   0.10963   0.22881
  -0.18056  -0.12979   0.22881
  -0.18056   0.10963  -0.01061
  -0.18056   0.10963  -0.01061
  -0.18056   0.10963   0.22881
  -0.18056  -0.12979   0.22881
   0.05886  -0.12979  -0.01061
  -0.18056  -0.36921   0.22881
  -0.18056  -0.12979  -0.01061
  -0.18056  -0.12979   0.22881
  -0.18056  -0.12979   0.22881
  -0.18056  -0.12979  -0.01061
  -0.18056  -0.12979   0.22881
  -0.18056   0.10963   0.22881
  -0.18056  -0.12979   0.22881
  -0.18056   0.10963  -0.01061
  -0.18056   0.10963   0.22881
  -0.41998   0.10963   0.22881
  -0.18056   0.10963  -0.01061
  -0.18056   0.10963   0.22881
  -0.18056   0.10963   0.22881
  -0.18056   0.10963   0.22881
  -0.18056   0.10963   0.22881
  -0.18056   0.10963  -0.01061
  -0.18056   0.10963   0.22881
  -0.18056   0.10963   0.22881
  -0.18056   0.10963   0.22881
  -0.18056  -0.12979   0.22881
  -0.18056   0.10963  -0.01061
  -0.18056   0.10963  -0.01061
  -0.18056   0.10963   0.22881
  -0.41998  -0.12979  -0.01061
  -0.18056  -0.12979   0.22881
  -0.41998  -0.12979   0.22881
  -0.41998  -0.12979   0.22881
  -0.41998  -0.12979  -0.01061
  -0.41998  -0.12979  -0.01061
  -0.18056  -0.12979  -0.01061
  -0.18056   0.10963  -0.01061
  -0.18056  -0.36921   0.22881
  -0.18056   0.10963  -0.01061
  -0.41998  -0.12979   0.22881
  -0.41998  -0.12979  -0.01061
  -0.41998  -0.12979  -0.01061
  -0.18056  -0.12979  -0.01061
  -0.18056  -0.12979  -0.01061
  -0.18056  -0.12979  -0.01061
  -0.18056  -0.12979   0.22881
  -0.41998  -0.12979  -0.01061
  -0.41998  -0.12979   0.22881
  -0.18056  -0.12979  -0.01061
  -0.41998  -0.12979  -0.01061
  -0.41998   0.10963   0.22881
  -0.41998   0.10963  -0.01061
  -0.18056   0.10963   0.22881
  -0.18056   0.10963  -0.01061
  -0.18056   0.10963   0.22881
  -0.41998   0.10963   0.22881
  -0.41998   0.10963   0.22881
  -0.18056  -0.12979  -0.01061
  -0.41998   0.10963   0.22881
  -0.41998   0.10963   0.22881
  -0.18056   0.10963   0.22881
  -0.18056   0.10963   0.22881
  -0.18056   0.10963  -0.01061
  -0.18056   0.10963   0.22881
  -0.18056   0.10963  -0.01061
  -0.18056  -0.12979   0.22881
  -0.18056  -0.12979   0.22881
  -0.18056   0.10963   0.22881
  -0.18056   0.10963   0.22881
  -0.18056   0.10963   0.22881
  -0.18056  -0.12979   0.22881
  -0.18056   0.10963   0.22881
  -0.18056  -0.12979   0.22881
  -0.18056  -0.12979   0.22881
  -0.18056  -0.12979  -0.01061
  -0.18056  -0.12979   0.22881
  -0.18056  -0.12979   0.22881
  -0.18056  -0.12979   0.22881
  -0.18056  -0.12979   0.22881
  -0.18056  -0.12979   0.22881
  -0.18056  -0.12979   0.22881
  -0.18056  -0.12979   0.22881
  -0.18056   0.10963  -0.01061
  -0.18056  -0.12979  -0.01061
   0.05886   0.10963  -0.01061
  -0.18056  -0.12979   0.22881
   0.05886  -0.12979   0.22881
  -0.18056  -0.12979  -0.01061
  -0.18056   0.10963   0.22881
   0.05886   0.10963   0.22881
   0.05886   0.10963   0.22881
   0.05886   0.10963   0.22881
   0.05886   0.10963   0.22881
   0.05886   0.10963   0.22881
  -0.18056   0.10963   0.22881
   0.05886  -0.12979   0.22881
   0.05886  -0.12979  -0.01061
   0.05886  -0.12979   0.22881
   0.05886  -0.12979   0.22881
  -0.18056  -0.12979   0.22881
   0.05886   0.10963   0.22881
   0.05886  -0.12979  -0.01061
   0.05886  -0.12979   0.22881
  -0.18056  -0.12979  -0.01061
   0.05886  -0.12979  -0.01061
   0.05886  -0.12979  -0.01061
  -0.18056  -0.12979  -0.01061
   0.05886  -0.12979  -0.01061
   0.05886  -0.12979   0.22881
   0.05886  -0.12979  -0.01061
   0.05886  -0.12979   0.22881
  -0.18056   0.10963  -0.01061
   0.05886  -0.12979  -0.01061
   0.05886  -0.12979  -0.01061
   0.05886   0.10963  -0.01061
   0.05886  -0.12979  -0.01061
   0.05886   0.10963  -0.01061
   0.05886   0.10963  -0.25003
   0.05886  -0.12979  -0.01061
   0.29828   0.10963  -0.01061
   0.05886   0.10963  -0.01061
   0.05886   0.10963  -0.01061
   0.05886   0.10963  -0.01061
   0.05886   0.10963  -0.01061
   0.05886   0.10963  -0.01061
   0.05886   0.10963  -0.01061
   0.05886  -0.12979  -0.01061
   0.05886   0.10963  -0.25003
   0.05886   0.10963  -0.01061
   0.05886   0.10963  -0.01061
   0.05886   0.10963  -0.25003
   0.05886   0.10963  -0.01061
   0.05886   0.10963  -0.01061
   0.05886   0.10963  -0.01061
   0.05886   0.10963  -0.01061
  -0.18056  -0.12979  -0.01061
   0.05886  -0.12979  -0.01061
   0.05886  -0.12979  -0.01061
   0.05886  -0.12979  -0.01061
  -0.18056  -0.12979  -0.01061
   0.05886   0.10963  -0.01061
   0.05886   0.10963  -0.25003
   0.05886   0.10963  -0.25003
   0.05886   0.10963  -0.01061
   0.05886   0.10963  -0.25003
   0.05886   0.10963  -0.25003
   0.05886   0.10963  -0.25003
  -0.18056   0.34905  -0.01061
   0.05886   0.10963  -0.25003
   0.05886   0.10963  -0.25003
   0.05886   0.10963  -0.25003
   0.05886   0.10963  -0.01061
   0.05886   0.10963  -0.25003
   0.05886   0.10963  -0.01061
   0.05886   0.10963  -0.25003
   0.05886   0.10963  -0.25003
   0.05886   0.10963  -0.25003
   0.05886   0.10963  -0.01061
   0.05886   0.34905  -0.25003
   0.05886   0.34905  -0.01061
   0.05886   0.10963  -0.01061
   0.05886   0.10963  -0.25003
   0.05886   0.10963  -0.25003
   0.05886  -0.12979  -0.25003
   0.05886   0.10963  -0.25003
   0.05886  -0.12979  -0.01061
   0.05886  -0.12979  -0.25003
   0.05886   0.10963  -0.25003
   0.29828  -0.12979  -0.25003
   0.29828  -0.12979  -0.25003
   0.05886  -0.12979  -0.25003
   0.29828  -0.36921  -0.25003
   0.05886  -0.12979  -0.25003
   0.05886  -0.36921  -0.25003
   0.05886  -0.12979  -0.25003
   0.29828  -0.12979  -0.25003
   0.29828  -0.12979  -0.25003
   0.29828  -0.12979  -0.48945
   0.05886  -0.12979  -0.25003
   0.29828   0.10963  -0.25003
   0.29828   0.10963  -0.01061
   0.29828  -0.12979  -0.25003
   0.29828   0.10963  -0.25003
   0.05886   0.10963  -0.25003
   0.29828  -0.12979  -0.25003
   0.29828   0.10963  -0.25003
   0.05886  -0.12979  -0.48945
   0.05886  -0.12979  -0.25003
   0.29828   0.10963  -0.25003
   0.29828   0.10963  -0.25003
   0.29828   0.10963  -0.25003
   0.05886   0.10963  -0.25003
   0.29828   0.10963  -0.48945
   0.29828  -0.12979  -0.25003
   0.05886  -0.12979  -0.25003
   0.05886  -0.12979  -0.25003
   0.05886  -0.12979  -0.25003
   0.05886  -0.12979  -0.48945
   0.05886  -0.12979  -0.01061
   0.29828  -0.12979  -0.25003
   0.05886  -0.12979  -0.25003
   0.05886  -0.12979  -0.25003
   0.05886  -0.12979  -0.01061
   0.29828  -0.12979  -0.01061
   0.05886  -0.12979  -0.25003
   0.05886   0.10963  -0.25003
   0.05886  -0.12979  -0.25003
   0.05886  -0.12979  -0.25003
   0.05886  -0.12979  -0.01061
   0.05886  -0.12979  -0.25003
   0.05886   0.10963  -0.01061
   0.29828  -0.12979  -0.25003
   0.05886  -0.12979  -0.01061
   0.05886   0.10963  -0.01061
   0.05886  -0.12979  -0.25003
   0.05886   0.10963  -0.01061
   0.05886   0.10963  -0.01061
   0.05886   0.10963  -0.01061
   0.05886   0.10963  -0.25003
   0.05886   0.10963  -0.25003
   0.05886   0.10963  -0.01061
   0.05886   0.10963  -0.01061
   0.05886   0.34905  -0.25003
   0.05886   0.10963  -0.01061
   0.05886   0.10963  -0.25003
   0.05886   0.34905  -0.01061
   0.05886   0.10963  -0.25003
   0.05886   0.10963  -0.01061
  -0.18056   0.10963  -0.01061
   0.05886   0.10963  -0.25003
  -0.18056   0.10963  -0.01061
   0.05886   0.10963  -0.01061
   0.05886   0.34905  -0.01061
   0.05886  -0.12979  -0.01061
  -0.18056  -0.12979  -0.01061
  -0.18056  -0.12979  -0.01061
  -0.18056  -0.12979  -0.01061
   0.05886   0.10963   0.22881
   0.05886   0.10963  -0.01061
   0.05886   0.10963  -0.01061
  -0.18056  -0.12979  -0.25003
  -0.18056  -0.12979   0.22881
  -0.18056   0.10963   0.22881
   0.05886  -0.12979  -0.01061
   0.05886   0.10963  -0.01061
   0.05886   0.10963   0.22881
   0.05886  -0.12979  -0.01061
   0.05886  -0.12979  -0.01061
  -0.18056  -0.12979  -0.01061
   0.05886  -0.12979   0.22881
  -0.18056  -0.12979  -0.01061
   0.05886  -0.12979  -0.01061
   0.05886   0.10963  -0.01061
   0.05886   0.10963  -0.01061
  -0.18056   0.10963   0.22881
  -0.18056   0.10963   0.22881
   0.05886   0.10963  -0.01061
   0.05886   0.10963  -0.01061
   0.05886   0.10963  -0.01061
   0.05886   0.10963   0.22881
   0.05886   0.10963   0.22881
   0.05886   0.10963   0.22881
   0.05886   0.10963   0.22881
   0.05886   0.10963   0.22881
   0.05886   0.10963  -0.01061
   0.05886   0.10963   0.22881
   0.05886   0.10963  -0.01061
  -0.18056   0.10963   0.22881
   0.05886   0.10963   0.22881
   0.05886   0.10963   0.22881
   0.05886   0.10963   0.22881
  -0.18056   0.10963   0.22881
   0.05886   0.10963   0.22881
   0.05886   0.10963   0.22881
   0.05886  -0.12979   0.22881
   0.05886  -0.12979  -0.01061
   0.05886  -0.12979   0.22881
   0.05886  -0.12979   0.22881
   0.05886  -0.12979   0.22881
  -0.18056   0.10963   0.22881
   0.05886  -0.12979   0.22881
   0.05886  -0.12979  -0.01061
   0.05886  -0.12979   0.22881
   0.05886  -0.12979   0.22881
   0.05886  -0.12979   0.22881
   0.05886  -0.12979  -0.01061
   0.05886  -0.12979   0.22881
   0.05886   0.10963  -0.01061
   0.05886  -0.12979  -0.01061
   0.05886   0.10963   0.22881
  -0.18056   0.10963  -0.01061
   0.05886   0.10963  -0.01061
   0.05886  -0.12979  -0.01061
   0.05886  -0.12979  -0.01061
   0.05886  -0.12979  -0.01061
   0.05886  -0.12979  -0.01061
   0.05886   0.10963   0.22881
   0.05886  -0.12979  -0.01061
   0.05886  -0.12979  -0.01061
   0.05886  -0.12979  -0.01061
   0.05886  -0.12979   0.22881
   0.05886  -0.12979  -0.01061
   0.05886   0.10963   0.22881
  -0.18056  -0.12979   0.22881
   0.05886  -0.12979   0.22881
   0.05886   0.10963   0.22881
   0.05886  -0.12979  -0.01061
   0.05886  -0.12979   0.22881
   0.05886  -0.12979   0.22881
   0.05886  -0.12979   0.22881
   0.05886  -0.12979   0.22881
   0.05886  -0.12979   0.22881
   0.05886  -0.12979   0.22881
  -0.18056  -0.12979   0.22881
   0.05886  -0.12979   0.22881
   0.05886  -0.12979  -0.01061
   0.05886   0.10963   0.22881
   0.05886  -0.12979  -0.01061
   0.05886  -0.12979   0.22881
   0.05886  -0.12979   0.22881
   0.05886   0.10963   0.22881
   0.05886   0.10963   0.22881
   0.05886   0.10963   0.22881
  -0.18056   0.10963   0.22881
   0.05886   0.10963   0.22881
   0.05886   0.10963   0.22881
   0.05886  -0.12979  -0.01061
   0.05886   0.10963  -0.01061
  -0.18056   0.10963  -0.01061
   0.05886   0.10963   0.22881
   0.05886   0.10963  -0.01061
   0.05886   0.10963  -0.01061
   0.05886   0.10963  -0.01061
   0.05886  -0.12979   0.22881
   0.05886  -0.12979  -0.01061
  -0.18056  -0.12979  -0.01061
  -0.18056   0.10963  -0.01061
   0.05886   0.10963  -0.01061
  -0.18056   0.10963  -0.01061
  -0.18056   0.10963  -0.01061
  -0.18056   0.10963  -0.01061
  -0.18056   0.10963  -0.01061
  -0.18056   0.10963  -0.01061
   0.05886  -0.12979  -0.25003
   0.05886  -0.12979  -0.01061
  -0.18056  -0.12979   0.22881
   0.05886  -0.12979  -0.01061
  -0.18056   0.10963  -0.01061
  -0.18056   0.10963  -0.01061
  -0.18056   0.10963  -0.01061
   0.05886  -0.12979  -0.01061
  -0.18056  -0.12979  -0.01061
   0.05886   0.10963   0.22881
  -0.18056   0.10963  -0.01061
  -0.18056  -0.12979  -0.01061
   0.05886   0.10963  -0.01061
   0.05886  -0.12979  -0.25003
   0.05886   0.10963  -0.01061
  -0.18056   0.10963   0.22881
  -0.18056   0.10963   0.22881
   0.05886   0.10963  -0.01061
  -0.18056   0.10963  -0.01061
   0.05886   0.10963  -0.01061
  -0.18056   0.10963  -0.01061
  -0.18056  -0.12979  -0.01061
  -0.18056  -0.12979  -0.01061
  -0.18056   0.10963  -0.01061
  -0.18056  -0.12979   0.22881
  -0.18056   0.10963   0.22881
   0.05886   0.34905   0.22881
   0.05886   0.10963  -0.01061
   0.05886   0.10963  -0.01061
  -0.18056   0.10963  -0.01061
  -0.18056   0.10963  -0.01061
  -0.41998   0.10963  -0.01061
  -0.18056   0.10963   0.22881
  -0.18056   0.34905   0.22881
  -0.18056   0.10963   0.22881
  -0.18056   0.10963  -0.01061
  -0.41998   0.10963   0.22881
  -0.18056   0.10963   0.22881
  -0.18056   0.10963   0.22881
  -0.18056   0.10963   0.22881
  -0.18056   0.10963   0.22881
  -0.18056   0.10963   0.22881
  -0.18056   0.10963  -0.01061
  -0.18056   0.10963   0.22881
  -0.18056  -0.12979  -0.01061
  -0.18056  -0.12979   0.22881
  -0.18056   0.10963   0.22881
  -0.18056   0.10963   0.22881
  -0.18056   0.10963  -0.01061
   0.05886  -0.12979   0.22881
  -0.18056   0.10963  -0.01061
  -0.18056  -0.12979  -0.01061
  -0.18056  -0.12979  -0.01061
  -0.18056  -0.12979   0.22881
  -0.18056  -0.36921   0.22881
  -0.18056  -0.12979   0.22881
  -0.18056   0.10963  -0.01061
   0.05886  -0.12979  -0.01061
  -0.18056   0.10963  -0.01061
  -0.18056  -0.12979  -0.01061
   0.05886  -0.12979  -0.25003
  -0.18056  -0.12979   0.22881
  -0.18056  -0.36921  -0.01061
  -0.18056  -0.12979  -0.01061
  -0.41998  -0.12979  -0.01061
  -0.18056   0.10963  -0.01061
  -0.18056   0.10963  -0.01061
  -0.18056  -0.12979  -0.01061
  -0.18056  -0.12979  -0.01061
  -0.18056   0.10963  -0.01061
  -0.18056  -0.12979  -0.01061
  -0.18056   0.10963  -0.01061
  -0.18056   0.10963  -0.01061
  -0.18056   0.10963  -0.01061
  -0.18056  -0.12979   0.46823
  -0.18056  -0.12979  -0.01061
  -0.18056  -0.12979  -0.01061
   0.05886  -0.12979  -0.01061
  -0.18056  -0.12979  -0.01061
   0.05886  -0.12979   0.22881
   0.05886  -0.12979  -0.01061
  -0.18056   0.10963  -0.01061
   0.05886  -0.12979  -0.01061
   0.05886  -0.12979  -0.01061
   0.05886  -0.12979  -0.01061
  -0.18056  -0.12979  -0.01061
   0.05886  -0.12979  -0.01061
   0.05886   0.10963  -0.01061
  -0.18056   0.10963  -0.01061
   0.05886   0.10963  -0.01061
   0.05886   0.10963  -0.25003
   0.05886   0.10963  -0.01061
   0.05886  -0.12979  -0.25003
   0.05886  -0.12979  -0.01061
   0.05886  -0.12979  -0.01061
   0.05886  -0.12979  -0.25003
   0.05886   0.10963  -0.01061
   0.05886  -0.12979  -0.25003
   0.05886   0.10963  -0.25003
   0.05886   0.10963  -0.01061
  -0.18056   0.10963  -0.01061
  -0.18056  -0.12979  -0.01061
   0.05886   0.10963  -0.25003
   0.05886   0.34905  -0.25003
   0.05886   0.10963  -0.01061
  -0.18056   0.10963  -0.01061
  -0.18056   0.10963  -0.25003
   0.05886   0.10963  -0.25003
  -0.18056   0.10963  -0.25003
   0.05886   0.10963  -0.25003
  -0.18056   0.10963  -0.25003
  -0.18056   0.10963  -0.01061
  -0.18056   0.10963  -0.25003
  -0.18056   0.10963  -0.25003
  -0.18056   0.10963  -0.01061
  -0.18056  -0.12979  -0.25003
  -0.18056  -0.12979  -0.01061
  -0.18056  -0.12979  -0.25003
  -0.18056   0.10963  -0.01061
   0.05886   0.10963  -0.01061
   0.05886   0.10963  -0.25003
  -0.18056   0.10963  -0.25003
   0.05886  -0.12979  -0.25003
  -0.18056  -0.12979  -0.25003
  -0.18056  -0.12979  -0.01061
   0.05886  -0.36921  -0.25003
   0.05886  -0.36921  -0.25003
   0.05886  -0.12979  -0.01061
  -0.18056  -0.12979  -0.25003
   0.05886  -0.12979  -0.01061
   0.05886   0.10963  -0.25003
   0.05886   0.10963  -0.25003
   0.05886   0.10963  -0.25003
   0.05886  -0.12979  -0.01061
   0.05886  -0.12979  -0.01061
   0.05886  -0.12979  -0.25003
   0.05886   0.10963  -0.25003
   0.05886  -0.12979  -0.25003
  -0.18056   0.10963  -0.01061
   0.05886   0.10963  -0.25003
   0.05886   0.10963  -0.25003
   0.05886   0.10963  -0.25003
   0.05886   0.10963  -0.25003
   0.29828   0.10963  -0.01061
   0.29828   0.10963  -0.25003
   0.05886  -0.12979  -0.25003
  -0.18056  -0.12979  -0.01061
   0.05886  -0.12979  -0.01061
   0.05886  -0.12979  -0.01061
   0.05886  -0.12979  -0.25003
   0.05886  -0.12979  -0.01061
   0.05886  -0.12979  -0.01061
   0.05886  -0.12979  -0.01061
   0.05886  -0.12979  -0.25003
   0.05886  -0.12979  -0.25003
   0.05886  -0.12979  -0.25003
   0.05886  -0.12979  -0.25003
   0.05886   0.10963  -0.25003
   0.05886  -0.12979  -0.25003
   0.05886  -0.12979  -0.25003
   0.29828   0.10963  -0.25003
   0.05886  -0.12979  -0.25003
   0.05886  -0.12979  -0.25003
   0.29828  -0.12979  -0.25003
   0.29828  -0.12979  -0.25003
   0.05886  -0.12979  -0.01061
   0.29828  -0.12979   0.22881
   0.29828  -0.12979  -0.25003
   0.29828   0.10963  -0.25003
   0.05886  -0.12979  -0.25003
   0.05886  -0.12979  -0.25003
   0.29828  -0.12979  -0.25003
   0.29828  -0.12979  -0.25003
   0.29828  -0.12979  -0.01061
   0.05886   0.10963  -0.25003
   0.29828   0.10963  -0.25003
   0.29828  -0.12979  -0.01061
   0.29828   0.10963  -0.01061
   0.05886  -0.12979  -0.01061
   0.29828   0.10963  -0.25003
   0.29828   0.10963  -0.25003
   0.05886   0.10963  -0.01061
   0.29828  -0.12979  -0.01061
   0.29828   0.10963  -0.01061
   0.29828   0.10963  -0.01061
   0.29828   0.10963  -0.25003
   0.29828  -0.12979  -0.25003
   0.05886  -0.12979  -0.01061
   0.29828   0.10963  -0.01061
   0.29828  -0.12979  -0.25003
   0.29828   0.10963  -0.01061
   0.29828   0.10963  -0.01061
   0.05886   0.10963   0.22881
   0.29828   0.10963  -0.01061
   0.05886  -0.12979  -0.01061
   0.29828   0.10963  -0.01061
   0.29828  -0.12979  -0.01061
   0.05886   0.10963  -0.01061
   0.05886   0.10963  -0.01061
   0.05886  -0.12979  -0.01061
   0.05886   0.10963  -0.01061
   0.05886   0.10963  -0.01061
   0.05886   0.10963  -0.01061
   0.05886   0.10963  -0.25003
   0.29828   0.34905  -0.25003
   0.05886   0.10963  -0.01061
   0.05886   0.10963  -0.01061
   0.05886   0.10963  -0.01061
   0.05886   0.10963  -0.01061
   0.05886   0.10963  -0.01061
   0.05886   0.10963  -0.01061
  -0.18056   0.10963  -0.01061
   0.05886   0.10963  -0.01061
   0.05886   0.10963  -0.01061
   0.05886   0.10963  -0.01061
   0.05886   0.10963  -0.01061
   0.05886   0.10963  -0.01061
   0.05886   0.10963   0.22881
   0.05886  -0.12979  -0.01061
   0.05886   0.10963  -0.01061
   0.05886   0.10963   0.22881
   0.05886   0.10963  -0.01061
  -0.18056   0.10963  -0.01061
  -0.18056   0.10963   0.22881
   0.05886  -0.12979  -0.01061
   0.05886  -0.12979  -0.01061
   0.05886  -0.12979   0.22881
  -0.18056  -0.12979  -0.01061
  -0.18056  -0.12979  -0.01061
   0.05886  -0.12979   0.22881
  -0.18056   0.10963   0.22881
  -0.18056   0.10963  -0.01061
  -0.18056   0.10963   0.22881
   0.05886   0.10963  -0.01061
  -0.18056   0.10963   0.22881
  -0.18056   0.10963  -0.01061
   0.05886   0.10963  -0.01061
  -0.18056  -0.12979  -0.01061
   0.05886   0.10963  -0.01061
  -0.18056  -0.12979  -0.01061
  -0.18056   0.10963  -0.01061
   0.05886   0.10963  -0.01061
   0.05886   0.10963   0.22881
  -0.18056  -0.12979   0.22881
   0.05886  -0.12979   0.22881
  -0.18056  -0.12979   0.22881
  -0.18056  -0.12979   0.22881
  -0.18056  -0.12979   0.22881
  -0.18056   0.10963  -0.01061
  -0.18056   0.10963   0.22881
   0.05886   0.10963   0.22881
  -0.18056  -0.12979   0.22881
   0.05886  -0.12979   0.22881
   0.05886  -0.12979   0.22881
  -0.18056   0.10963  -0.01061
   0.05886   0.10963   0.46823
   0.05886   0.10963  -0.01061
   0.05886   0.10963   0.22881
   0.05886   0.10963   0.22881
   0.05886  -0.12979   0.22881
   0.05886  -0.12979  -0.01061
   0.05886  -0.12979   0.22881
  -0.18056   0.10963   0.22881
  -0.18056   0.10963   0.22881
  -0.18056   0.10963   0.22881
   0.05886   0.10963  -0.01061
   0.05886   0.10963   0.22881
   0.05886   0.10963   0.22881
   0.05886  -0.12979   0.22881
  -0.18056  -0.12979  -0.01061
   0.05886   0.10963   0.22881
  -0.18056   0.10963   0.46823
   0.05886   0.10963   0.22881
   0.05886   0.10963   0.46823
  -0.18056   0.10963   0.22881
   0.05886   0.10963   0.22881
  -0.18056   0.10963  -0.01061
  -0.18056   0.10963   0.22881
  -0.18056   0.10963  -0.01061
  -0.18056   0.10963   0.22881
  -0.18056   0.10963   0.22881
  -0.18056   0.34905   0.22881
  -0.18056   0.34905   0.46823
  -0.18056   0.10963   0.22881
  -0.18056   0.10963   0.22881
  -0.18056  -0.12979   0.22881
  -0.18056  -0.12979   0.22881
  -0.18056  -0.12979   0.46823
  -0.18056  -0.12979   0.22881
  -0.18056   0.10963  -0.01061
  -0.18056   0.10963   0.22881
  -0.18056   0.10963   0.22881
   0.05886  -0.12979   0.22881
   0.05886   0.10963   0.46823
   0.05886   0.10963   0.22881
  -0.18056   0.10963   0.22881
  -0.18056  -0.12979   0.22881
  -0.18056   0.10963   0.22881
  -0.18056  -0.12979   0.22881
  -0.18056  -0.12979   0.22881
  -0.18056  -0.12979   0.22881
  -0.18056  -0.12979   0.46823
  -0.18056  -0.12979   0.22881
  -0.18056  -0.12979   0.22881
  -0.18056   0.10963   0.46823
  -0.18056  -0.12979   0.22881
  -0.18056  -0.12979   0.22881
   0.05886  -0.12979   0.22881
  -0.18056  -0.12979   0.22881
  -0.18056   0.10963   0.46823
  -0.18056  -0.12979   0.22881
  -0.18056  -0.12979   0.22881
   0.05886  -0.12979   0.22881
  -0.18056  -0.12979   0.46823
  -0.18056  -0.12979   0.22881
  -0.18056  -0.12979   0.22881
  -0.18056  -0.12979  -0.01061
  -0.18056  -0.12979   0.22881
   0.05886  -0.12979   0.22881
  -0.18056   0.10963   0.22881
   0.05886  -0.12979  -0.01061
  -0.18056  -0.12979   0.22881
  -0.18056  -0.12979   0.22881
  -0.18056   0.10963  -0.01061
  -0.18056  -0.12979   0.22881
   0.05886  -0.12979   0.22881
   0.05886  -0.12979   0.22881
  -0.18056  -0.12979   0.22881
  -0.18056  -0.12979   0.22881
   0.05886  -0.12979  -0.01061
  -0.18056   0.10963   0.22881
   0.05886  -0.12979   0.22881
   0.05886   0.10963   0.22881
   0.05886  -0.12979   0.22881
   0.05886   0.10963   0.22881
   0.05886  -0.12979  -0.01061
   0.05886  -0.12979  -0.01061
  -0.18056   0.10963   0.22881
   0.05886   0.10963  -0.01061
   0.05886   0.10963  -0.01061
   0.05886   0.10963  -0.01061
   0.05886   0.10963  -0.01061
   0.05886   0.10963  -0.01061
   0.05886   0.10963  -0.25003
   0.05886   0.10963  -0.01061
   0.05886  -0.12979  -0.01061
   0.05886   0.10963  -0.01061
   0.05886   0.10963  -0.01061
   0.05886   0.10963  -0.01061
   0.05886   0.10963  -0.01061
   0.05886   0.10963  -0.01061
   0.05886   0.10963  -0.01061
   0.05886   0.10963  -0.01061
   0.05886   0.10963  -0.01061
   0.05886   0.10963  -0.01061
   0.05886   0.10963  -0.01061
   0.05886   0.10963  -0.01061
   0.05886  -0.12979  -0.01061
   0.05886   0.10963  -0.01061
   0.05886   0.10963  -0.25003
   0.05886   0.10963  -0.25003
   0.05886  -0.12979  -0.25003
  -0.18056  -0.12979  -0.25003
   0.05886   0.10963  -0.25003
   0.05886   0.10963  -0.01061
   0.05886   0.10963  -0.01061
   0.05886   0.10963  -0.25003
   0.05886   0.10963  -0.25003
   0.05886   0.10963  -0.25003
   0.05886   0.10963  -0.01061
   0.05886   0.10963  -0.25003
   0.05886   0.10963  -0.25003
   0.05886  -0.12979  -0.25003
   0.05886  -0.12979  -0.25003
   0.05886   0.10963  -0.25003
   0.05886   0.10963  -0.25003
   0.29828   0.10963  -0.48945
   0.29828   0.10963  -0.25003
   0.05886   0.10963  -0.01061
   0.05886  -0.12979  -0.48945
   0.05886   0.10963  -0.25003
   0.29828  -0.12979  -0.25003
   0.05886  -0.12979  -0.25003
   0.05886  -0.12979  -0.25003
   0.05886  -0.12979  -0.48945
   0.05886  -0.12979  -0.25003
   0.05886  -0.12979  -0.25003
   0.05886  -0.12979  -0.25003
   0.05886  -0.12979  -0.25003
   0.05886  -0.12979  -0.25003
   0.05886  -0.12979  -0.25003
   0.05886  -0.12979  -0.25003
   0.05886  -0.12979  -0.25003
   0.05886  -0.12979  -0.25003
   0.05886  -0.12979  -0.01061
   0.05886  -0.36921  -0.25003
  -0.18056  -0.12979  -0.01061
   0.05886  -0.12979  -0.25003
   0.05886  -0.12979  -0.01061
   0.05886  -0.12979  -0.25003
   0.05886  -0.12979  -0.01061
   0.05886  -0.12979  -0.01061
   0.05886  -0.12979  -0.25003
   0.05886  -0.12979  -0.25003
   0.05886  -0.12979  -0.01061
   0.05886  -0.12979  -0.01061
   0.05886   0.10963  -0.01061
   0.05886   0.10963  -0.25003
   0.05886  -0.12979  -0.01061
   0.05886   0.10963  -0.01061
   0.05886  -0.12979  -0.25003
  -0.18056   0.10963  -0.01061
   0.05886   0.10963  -0.25003
   0.05886   0.10963  -0.25003
   0.05886   0.10963  -0.25003
   0.05886   0.10963  -0.25003
   0.05886   0.10963  -0.25003
   0.05886   0.10963  -0.25003
   0.05886   0.10963  -0.25003
   0.05886  -0.12979  -0.25003
   0.05886   0.10963  -0.25003
   0.05886   0.10963  -0.25003
  -0.18056   0.10963  -0.01061
   0.05886   0.10963  -0.48945
   0.05886   0.10963  -0.25003
   0.05886  -0.12979  -0.25003
  -0.18056   0.10963  -0.25003
   0.05886   0.10963  -0.48945
   0.05886   0.10963  -0.25003
   0.05886  -0.12979  -0.25003
   0.05886   0.10963  -0.25003
   0.05886  -0.12979  -0.48945
   0.05886  -0.12979  -0.48945
  -0.18056  -0.12979  -0.25003
   0.05886  -0.12979  -0.48945
   0.05886  -0.12979  -0.25003
   0.05886  -0.12979  -0.48945
  -0.18056  -0.12979  -0.25003
   0.05886  -0.12979  -0.48945
   0.05886  -0.12979  -0.25003
   0.05886  -0.12979  -0.25003
   0.05886   0.10963  -0.25003
   0.05886   0.10963  -0.48945
   0.05886   0.10963  -0.25003
  -0.18056   0.10963  -0.25003
   0.05886   0.10963  -0.48945
   0.05886   0.10963  -0.25003
  -0.18056   0.10963  -0.25003
  -0.18056   0.10963  -0.25003
   0.05886   0.10963  -0.48945
   0.05886  -0.12979  -0.25003
  -0.18056   0.10963  -0.25003
  -0.18056   0.10963  -0.25003
  -0.18056   0.10963  -0.25003
  -0.18056   0.10963  -0.25003
   0.05886   0.10963  -0.25003
  -0.18056   0.10963  -0.01061
  -0.18056   0.10963  -0.01061
  -0.18056   0.10963  -0.01061
  -0.18056   0.10963  -0.25003
  -0.18056  -0.12979  -0.01061
  -0.18056   0.10963  -0.01061
  -0.18056   0.34905  -0.25003
   0.05886   0.10963  -0.01061
  -0.18056   0.10963  -0.01061
  -0.18056   0.10963  -0.25003
  -0.18056   0.10963  -0.01061
  -0.18056  -0.12979  -0.25003
  -0.18056   0.10963  -0.01061
  -0.18056   0.10963  -0.01061
  -0.18056   0.10963  -0.01061
  -0.18056  -0.12979  -0.01061
  -0.41998   0.34905  -0.01061
  -0.18056   0.10963  -0.01061
  -0.18056   0.10963  -0.01061
  -0.18056   0.10963  -0.01061
  -0.18056   0.10963  -0.01061
  -0.18056   0.10963  -0.01061
  -0.18056   0.10963  -0.25003
  -0.18056   0.10963  -0.01061
  -0.18056   0.10963  -0.01061
  -0.18056   0.10963  -0.01061
  -0.18056   0.10963  -0.01061
   0.05886   0.10963  -0.01061
   0.05886  -0.12979  -0.01061
  -0.18056   0.10963  -0.01061
   0.05886  -0.12979  -0.25003
   0.05886   0.10963  -0.01061
  -0.18056  -0.12979  -0.01061
  -0.18056   0.10963  -0.01061
   0.05886   0.10963  -0.01061
   0.05886  -0.12979  -0.01061
  -0.18056  -0.12979  -0.01061
  -0.18056  -0.12979  -0.01061
   0.05886  -0.12979  -0.01061
   0.05886  -0.12979  -0.01061
  -0.18056  -0.12979  -0.01061
  -0.18056  -0.12979   0.22881
  -0.18056  -0.12979   0.22881
  -0.18056   0.10963   0.22881
  -0.18056  -0.12979  -0.01061
  -0.18056  -0.12979   0.22881
  -0.18056  -0.12979   0.22881
  -0.18056  -0.12979   0.22881
  -0.41998  -0.12979   0.22881
  -0.18056  -0.12979   0.22881
  -0.18056  -0.12979   0.22881
  -0.41998  -0.12979  -0.01061
  -0.18056  -0.12979  -0.01061
   0.05886  -0.12979  -0.01061
  -0.18056  -0.12979  -0.01061
   0.05886   0.10963   0.22881
  -0.18056   0.10963   0.22881
   0.05886  -0.12979   0.22881
   0.05886  -0.12979   0.22881
   0.05886  -0.12979   0.22881
  -0.18056  -0.12979   0.22881
   0.05886  -0.36921   0.22881
  -0.18056  -0.12979   0.22881
  -0.18056  -0.12979   0.22881
   0.05886  -0.12979   0.46823
   0.05886  -0.12979  -0.01061
   0.05886   0.10963   0.22881
   0.05886   0.10963   0.46823
  -0.18056   0.10963   0.22881
   0.05886  -0.12979   0.46823
   0.05886  -0.12979   0.22881
   0.05886  -0.12979   0.22881
   0.05886  -0.12979   0.22881
   0.05886   0.10963   0.22881
   0.05886   0.10963   0.22881
   0.05886  -0.12979   0.22881
   0.05886  -0.12979   0.22881
   0.05886  -0.12979   0.22881
   0.05886   0.10963   0.22881
   0.29828   0.10963   0.22881
   0.05886   0.10963   0.22881
   0.05886  -0.12979   0.22881
   0.05886   0.10963   0.22881
   0.05886   0.10963   0.22881
   0.05886   0.10963   0.22881
   0.05886  -0.12979   0.22881
   0.05886   0.10963   0.22881
   0.05886   0.10963   0.22881
   0.05886   0.10963   0.22881
   0.29828   0.10963   0.22881
   0.05886   0.10963   0.22881
   0.05886  -0.12979   0.22881
   0.05886   0.10963   0.22881
   0.05886  -0.12979   0.22881
   0.29828   0.10963   0.22881
   0.05886   0.10963   0.22881
   0.05886   0.10963   0.22881
   0.29828   0.10963  -0.01061
   0.05886   0.10963   0.22881
   0.29828   0.10963   0.22881
   0.05886   0.10963   0.22881
   0.29828   0.10963   0.22881
   0.29828  -0.12979   0.22881
   0.29828   0.10963   0.22881
   0.05886   0.10963   0.22881
   0.29828   0.10963   0.22881
   0.29828   0.10963   0.22881
   0.29828  -0.12979   0.22881
   0.29828   0.10963  -0.01061
   0.05886  -0.12979   0.46823
   0.29828  -0.12979   0.22881
   0.05886   0.10963   0.22881
   0.29828  -0.12979   0.22881
   0.05886  -0.12979   0.22881
   0.29828  -0.12979  -0.01061
   0.29828   0.10963   0.22881
   0.05886   0.10963   0.22881
   0.05886  -0.12979   0.22881
   0.05886  -0.12979   0.22881
   0.29828  -0.12979   0.22881
   0.05886   0.10963   0.22881
   0.05886  -0.12979   0.22881
   0.05886   0.10963   0.22881
   0.05886   0.10963   0.22881
   0.05886   0.10963   0.22881
   0.05886  -0.12979   0.22881
   0.29828   0.10963  -0.01061
   0.05886   0.10963   0.22881
   0.05886   0.10963   0.22881
  -0.18056   0.10963   0.22881
   0.05886   0.10963   0.22881
   0.05886   0.10963   0.22881
   0.05886  -0.12979  -0.01061
   0.05886   0.10963   0.22881
   0.05886  -0.12979   0.22881
   0.05886  -0.12979   0.22881
   0.05886  -0.12979   0.22881
   0.05886   0.10963   0.22881
   0.05886  -0.12979  -0.01061
  -0.18056   0.10963   0.22881
   0.05886  -0.12979   0.22881
   0.05886  -0.12979   0.22881
   0.05886  -0.12979  -0.01061
   0.05886   0.10963   0.22881
   0.05886  -0.12979  -0.01061
   0.05886  -0.36921   0.22881
  -0.18056  -0.12979   0.22881
   0.05886  -0.12979   0.46823
   0.05886  -0.12979  -0.01061
   0.05886  -0.12979   0.22881
   0.05886  -0.12979   0.22881
   0.05886  -0.12979  -0.01061
   0.05886   0.10963  -0.01061
   0.05886  -0.12979  -0.01061
   0.05886  -0.12979   0.22881
   0.05886  -0.12979   0.22881
   0.05886  -0.12979  -0.01061
   0.05886   0.10963  -0.01061
   0.05886  -0.12979  -0.01061
   0.05886   0.10963  -0.01061
   0.05886   0.10963  -0.01061
   0.05886   0.10963  -0.01061
   0.05886   0.10963  -0.01061
   0.05886   0.10963  -0.01061
   0.05886   0.10963  -0.25003
   0.05886   0.10963  -0.01061
   0.05886   0.10963  -0.01061
   0.05886   0.10963  -0.25003
   0.05886   0.10963  -0.25003
   0.05886   0.10963  -0.01061
   0.05886   0.10963  -0.25003
  -0.18056  -0.12979  -0.01061
  -0.18056   0.10963  -0.01061
  -0.18056   0.10963  -0.01061
   0.05886   0.10963  -0.01061
  -0.18056   0.10963  -0.01061
   0.05886   0.10963  -0.01061
   0.05886   0.10963  -0.01061
   0.05886   0.10963  -0.01061
   0.05886   0.10963  -0.25003
  -0.18056   0.10963  -0.01061
   0.05886   0.10963  -0.25003
   0.05886   0.10963  -0.01061
   0.05886   0.10963  -0.25003
   0.05886   0.34905  -0.01061
   0.05886   0.10963  -0.25003
   0.05886   0.10963  -0.25003
   0.05886   0.10963  -0.25003
  -0.18056   0.10963  -0.25003
   0.05886  -0.12979  -0.25003
  -0.18056   0.10963  -0.01061
   0.05886  -0.12979  -0.25003
   0.05886  -0.12979  -0.25003
   0.05886  -0.12979  -0.25003
   0.05886  -0.12979  -0.25003
  -0.18056  -0.12979  -0.25003
   0.05886  -0.12979  -0.25003
   0.05886  -0.12979  -0.25003
   0.05886  -0.12979  -0.25003
  -0.18056  -0.12979  -0.25003
  -0.18056  -0.12979  -0.48945
   0.05886  -0.12979  -0.25003
   0.05886  -0.12979  -0.25003
   0.05886  -0.36921  -0.25003
  -0.18056  -0.12979  -0.01061
  -0.18056  -0.12979  -0.25003
   0.05886  -0.12979  -0.25003
   0.05886   0.10963  -0.25003
   0.05886  -0.12979  -0.25003
   0.05886  -0.12979  -0.25003
   0.05886   0.10963  -0.25003
  -0.18056   0.10963  -0.25003
   0.05886   0.10963  -0.01061
   0.05886  -0.12979  -0.25003
   0.05886  -0.12979  -0.25003
  -0.18056  -0.12979  -0.01061
  -0.18056   0.10963  -0.25003
  -0.18056  -0.12979  -0.25003
  -0.18056   0.10963  -0.25003
   0.05886   0.10963  -0.25003
  -0.18056   0.10963  -0.01061
  -0.18056   0.10963  -0.01061
   0.05886   0.34905  -0.25003
  -0.18056   0.34905  -0.01061
  -0.18056   0.10963  -0.01061
  -0.18056   0.10963  -0.25003
   0.05886   0.10963  -0.25003
  -0.18056   0.10963  -0.25003
  -0.18056   0.10963  -0.25003
  -0.18056   0.10963  -0.01061
  -0.18056   0.10963  -0.25003
  -0.18056  -0.12979  -0.25003
  -0.18056  -0.12979  -0.25003
  -0.18056   0.10963  -0.25003
  -0.18056   0.34905  -0.25003
  -0.18056   0.10963  -0.25003
  -0.18056   0.10963  -0.25003
   0.05886   0.10963  -0.25003
  -0.18056   0.10963  -0.48945
  -0.18056   0.10963  -0.25003
  -0.18056   0.10963  -0.25003
  -0.18056   0.10963  -0.25003
  -0.18056   0.10963  -0.25003
  -0.18056   0.10963  -0.25003
  -0.18056  -0.12979  -0.25003
  -0.18056   0.10963  -0.25003
  -0.18056  -0.12979  -0.25003
  -0.18056  -0.12979  -0.25003
  -0.18056   0.10963  -0.48945
  -0.18056   0.10963  -0.25003
  -0.18056   0.10963  -0.25003
  -0.18056   0.10963  -0.25003
  -0.18056  -0.12979  -0.25003
  -0.18056   0.10963  -0.25003
  -0.18056  -0.12979  -0.25003
  -0.18056   0.10963  -0.25003
  -0.18056   0.10963  -0.48945
  -0.18056  -0.12979  -0.25003
  -0.41998  -0.36921  -0.25003
  -0.18056  -0.36921  -0.25003
  -0.18056  -0.36921  -0.25003
  -0.18056  -0.36921  -0.25003
  -0.18056  -0.12979  -0.25003
  -0.18056  -0.12979  -0.25003
  -0.18056   0.10963  -0.25003
  -0.18056   0.10963  -0.25003
  -0.18056   0.10963  -0.25003
  -0.18056   0.10963  -0.01061
  -0.18056  -0.12979  -0.25003
  -0.18056  -0.12979  -0.25003
   0.05886  -0.12979  -0.25003
   0.05886  -0.12979  -0.25003
   0.05886  -0.36921  -0.25003
  -0.18056  -0.12979  -0.25003
   0.05886  -0.36921  -0.01061
  -0.18056  -0.12979  -0.25003
  -0.18056  -0.12979  -0.25003
   0.05886  -0.12979  -0.01061
  -0.18056   0.10963  -0.25003
  -0.18056   0.10963  -0.25003
   0.05886  -0.12979  -0.25003
  -0.18056  -0.12979  -0.01061
   0.05886  -0.12979  -0.25003
  -0.18056  -0.36921  -0.25003
  -0.18056  -0.36921  -0.25003
  -0.18056  -0.12979  -0.01061
  -0.18056  -0.12979  -0.01061
  -0.18056   0.10963  -0.01061
  -0.18056   0.10963  -0.01061
   0.05886   0.34905  -0.25003
   0.05886   0.10963  -0.01061
   0.05886   0.10963  -0.25003
   0.05886   0.10963  -0.25003
   0.05886   0.10963  -0.01061
   0.05886  -0.12979  -0.01061
  -0.18056  -0.12979  -0.01061
  -0.18056   0.10963  -0.25003
   0.05886   0.10963  -0.25003
  -0.18056   0.10963  -0.01061
   0.05886  -0.12979  -0.01061
   0.05886  -0.12979  -0.01061
   0.05886   0.10963   0.22881
   0.05886   0.10963  -0.25003
   0.05886   0.10963  -0.01061
   0.05886  -0.12979  -0.01061
   0.05886   0.10963  -0.01061
  -0.18056   0.10963   0.22881
   0.05886  -0.12979  -0.01061
  -0.18056   0.10963  -0.01061
   0.05886   0.10963  -0.01061
   0.05886   0.10963  -0.25003
   0.05886   0.34905  -0.01061
   0.05886   0.10963  -0.01061
   0.29828   0.10963  -0.01061
   0.05886   0.10963  -0.01061
   0.05886  -0.12979  -0.01061
   0.05886   0.10963  -0.01061
   0.05886   0.10963   0.22881
   0.05886   0.10963  -0.01061
   0.05886   0.10963  -0.01061
   0.05886   0.10963  -0.01061
   0.05886   0.10963  -0.01061
   0.05886   0.10963   0.22881
   0.05886   0.10963  -0.01061
   0.05886   0.10963   0.22881
   0.05886  -0.12979  -0.01061
   0.05886  -0.12979   0.22881
   0.05886  -0.12979  -0.01061
   0.05886  -0.12979   0.22881
   0.05886  -0.12979   0.22881
   0.05886  -0.12979   0.22881
   0.05886  -0.12979  -0.01061
   0.05886  -0.12979   0.22881
   0.05886   0.10963   0.22881
   0.05886   0.10963   0.22881
   0.05886  -0.12979   0.22881
   0.05886  -0.12979   0.22881
   0.05886  -0.12979   0.22881
   0.05886  -0.12979   0.22881
   0.05886   0.10963  -0.01061
   0.05886  -0.12979  -0.01061
   0.05886  -0.12979   0.22881
   0.05886  -0.12979   0.22881
   0.29828   0.10963   0.22881
   0.05886  -0.12979   0.22881
   0.05886   0.10963   0.22881
   0.05886   0.10963   0.22881
   0.05886   0.10963   0.46823
   0.29828   0.10963   0.22881
   0.05886   0.10963   0.22881
   0.05886  -0.12979   0.22881
   0.05886  -0.12979   0.22881
   0.29828  -0.12979   0.22881
   0.05886  -0.12979   0.22881
   0.29828   0.10963   0.46823
   0.29828  -0.12979   0.22881
   0.29828   0.10963   0.22881
   0.05886   0.10963   0.22881
   0.05886   0.10963   0.46823
   0.29828   0.10963   0.22881
   0.05886  -0.12979   0.22881
   0.05886   0.10963   0.46823
   0.29828   0.10963   0.46823
   0.05886   0.10963   0.22881
   0.29828   0.10963   0.22881
   0.29828   0.10963   0.22881
   0.29828   0.10963   0.22881
   0.29828   0.10963   0.22881
   0.05886   0.10963   0.22881
   0.29828   0.10963   0.22881
   0.05886  -0.12979   0.46823
   0.05886  -0.12979   0.22881
   0.29828   0.10963   0.22881
   0.29828   0.10963   0.22881
   0.29828   0.10963   0.22881
   0.29828   0.10963   0.22881
   0.29828   0.10963   0.22881
   0.29828   0.10963   0.46823
   0.29828   0.10963   0.22881
   0.05886  -0.12979   0.22881
   0.05886  -0.12979   0.22881
   0.29828   0.10963   0.22881
   0.29828  -0.12979   0.22881
   0.05886  -0.12979   0.22881
   0.29828  -0.12979   0.22881
   0.05886   0.10963   0.22881
   0.05886  -0.12979   0.22881
   0.05886  -0.12979   0.22881
   0.05886  -0.12979   0.22881
   0.05886  -0.12979   0.22881
   0.05886   0.10963   0.22881
   0.05886  -0.12979   0.22881
   0.29828  -0.12979   0.22881
   0.05886   0.10963   0.22881
   0.05886   0.10963  -0.01061
   0.29828  -0.12979   0.22881
   0.29828  -0.12979   0.22881
   0.29828  -0.12979  -0.01061
   0.05886   0.10963   0.22881
   0.05886   0.10963   0.22881
   0.05886   0.10963   0.22881
   0.05886  -0.12979   0.22881
   0.29828  -0.12979   0.22881
   0.05886   0.10963  -0.01061
   0.29828  -0.12979   0.22881
   0.05886   0.10963  -0.01061
   0.05886  -0.12979   0.22881
   0.05886   0.10963   0.22881
   0.05886  -0.12979   0.22881
   0.05886  -0.12979   0.22881
   0.05886   0.10963   0.22881
   0.05886   0.10963   0.22881
   0.05886   0.10963   0.22881
   0.05886   0.10963  -0.01061
   0.05886   0.10963  -0.01061
   0.05886  -0.12979  -0.01061
   0.05886  -0.12979  -0.01061
   0.05886  -0.12979   0.22881
   0.05886   0.10963  -0.01061
   0.05886   0.10963  -0.01061
   0.05886   0.10963   0.22881
  -0.18056  -0.12979   0.22881
   0.05886   0.10963  -0.01061
   0.05886   0.10963  -0.01061
   0.05886   0.10963  -0.01061
   0.05886  -0.12979  -0.01061
   0.05886   0.10963  -0.01061
   0.05886   0.10963  -0.01061
   0.05886   0.10963  -0.01061
   0.05886   0.10963  -0.01061
   0.05886   0.10963  -0.01061
   0.05886   0.10963  -0.01061
   0.05886   0.10963  -0.01061
   0.05886   0.10963  -0.01061
   0.05886   0.10963  -0.01061
   0.05886   0.10963  -0.01061
  -0.18056   0.10963   0.22881
  -0.18056   0.10963  -0.01061
   0.05886   0.10963  -0.01061
   0.05886   0.10963  -0.01061
   0.05886  -0.12979  -0.01061
   0.05886   0.10963  -0.01061
   0.05886  -0.12979  -0.01061
   0.05886   0.10963  -0.01061
  -0.18056   0.10963  -0.01061
  -0.18056  -0.12979  -0.01061
  -0.18056  -0.12979  -0.01061
  -0.18056  -0.12979  -0.25003
  -0.18056  -0.12979  -0.01061
  -0.18056  -0.12979  -0.01061
  -0.41998  -0.12979  -0.01061
  -0.18056  -0.12979  -0.01061
  -0.18056  -0.12979  -0.01061
  -0.18056  -0.12979  -0.01061
   0.05886  -0.12979  -0.01061
   0.05886  -0.12979  -0.25003
  -0.18056  -0.12979  -0.01061
  -0.18056  -0.12979  -0.01061
  -0.18056  -0.12979  -0.01061
  -0.18056  -0.12979  -0.01061
  -0.18056  -0.12979  -0.01061
  -0.18056  -0.12979  -0.25003
  -0.18056  -0.12979  -0.01061
  -0.18056  -0.12979  -0.01061
  -0.18056  -0.12979  -0.25003
  -0.41998  -0.12979  -0.01061
  -0.18056   0.10963  -0.01061
  -0.18056  -0.12979  -0.25003
  -0.18056  -0.12979  -0.01061
  -0.18056  -0.12979  -0.25003
  -0.18056  -0.12979  -0.25003
  -0.18056  -0.12979  -0.25003
  -0.18056   0.10963  -0.25003
  -0.18056  -0.12979  -0.25003
  -0.18056   0.10963  -0.25003
  -0.18056   0.10963  -0.25003
  -0.18056   0.10963  -0.25003
  -0.18056   0.34905  -0.25003
  -0.18056   0.10963  -0.25003
  -0.18056   0.10963  -0.25003
  -0.18056   0.10963  -0.25003
  -0.18056   0.10963  -0.25003
  -0.18056   0.10963  -0.25003
  -0.18056   0.10963  -0.25003
  -0.18056   0.10963  -0.25003
  -0.18056   0.10963  -0.25003
  -0.18056   0.10963  -0.25003
  -0.18056   0.10963  -0.25003
  -0.41998   0.10963  -0.25003
  -0.18056  -0.12979  -0.25003
  -0.18056   0.10963  -0.25003
  -0.41998   0.10963  -0.25003
  -0.18056   0.10963  -0.25003
  -0.18056  -0.12979  -0.25003
  -0.41998   0.10963  -0.25003
  -0.18056  -0.12979  -0.25003
  -0.18056   0.10963  -0.48945
  -0.18056  -0.12979  -0.25003
  -0.18056   0.10963  -0.25003
  -0.18056   0.10963  -0.25003
  -0.18056   0.10963  -0.25003
  -0.18056   0.10963  -0.25003
  -0.18056   0.10963  -0.48945
  -0.18056  -0.12979  -0.25003
  -0.18056  -0.12979  -0.25003
  -0.18056  -0.12979  -0.25003
  -0.18056  -0.12979  -0.25003
  -0.18056   0.10963  -0.25003
  -0.18056   0.10963  -0.25003
  -0.18056   0.10963  -0.25003
  -0.18056   0.10963  -0.25003
  -0.18056  -0.12979  -0.25003
  -0.18056  -0.12979  -0.25003
  -0.41998   0.10963  -0.01061
  -0.18056  -0.12979  -0.01061
  -0.18056  -0.12979  -0.25003
  -0.18056  -0.12979  -0.25003
  -0.41998  -0.12979  -0.25003
  -0.18056  -0.12979  -0.25003
  -0.41998  -0.12979  -0.25003
  -0.18056  -0.12979  -0.25003
  -0.18056  -0.12979  -0.01061
  -0.18056  -0.12979  -0.25003
  -0.41998  -0.12979  -0.25003
  -0.18056  -0.12979  -0.01061
  -0.18056   0.10963  -0.01061
  -0.18056   0.10963  -0.01061
  -0.18056   0.10963  -0.25003
  -0.18056  -0.12979  -0.25003
  -0.18056  -0.12979  -0.25003
  -0.18056  -0.12979  -0.25003
  -0.18056  -0.12979  -0.01061
  -0.18056   0.10963  -0.01061
  -0.18056   0.10963  -0.25003
   0.05886   0.10963  -0.01061
   0.05886   0.10963  -0.01061
   0.05886   0.10963  -0.25003
  -0.18056   0.34905  -0.25003
  -0.18056   0.10963  -0.25003
  -0.18056   0.10963  -0.01061
   0.05886   0.10963  -0.01061
  -0.18056   0.10963  -0.01061
  -0.18056   0.10963  -0.01061
   0.05886   0.34905  -0.01061
   0.05886   0.10963  -0.01061
   0.05886   0.10963  -0.01061
   0.05886   0.10963  -0.01061
  -0.18056   0.10963  -0.01061
   0.05886   0.10963  -0.01061
   0.05886   0.10963  -0.01061
   0.05886   0.10963  -0.01061
   0.29828   0.10963  -0.01061
   0.05886   0.10963  -0.01061
   0.05886   0.10963  -0.25003
   0.05886   0.10963  -0.01061
   0.05886   0.10963  -0.01061
   0.05886   0.10963  -0.01061
   0.05886   0.10963  -0.01061
   0.05886   0.10963  -0.01061
   0.05886  -0.12979  -0.01061
   0.29828  -0.12979  -0.25003
   0.05886  -0.12979  -0.01061
   0.05886  -0.12979  -0.01061
   0.05886  -0.12979   0.22881
   0.05886   0.10963   0.22881
   0.05886  -0.12979  -0.01061
   0.05886  -0.12979  -0.01061
   0.05886  -0.12979  -0.01061
   0.05886  -0.12979  -0.01061
   0.05886  -0.12979  -0.01061
   0.05886  -0.12979  -0.01061
   0.05886  -0.12979  -0.01061
   0.05886  -0.12979  -0.01061
   0.05886  -0.12979   0.22881
   0.05886  -0.12979  -0.01061
   0.05886  -0.12979   0.22881
   0.29828  -0.12979  -0.01061
   0.29828  -0.12979  -0.01061
   0.05886  -0.12979  -0.01061
   0.05886  -0.12979  -0.01061
   0.29828   0.10963  -0.01061
   0.29828  -0.12979  -0.01061
   0.29828  -0.12979   0.22881
   0.29828   0.10963   0.22881
   0.29828  -0.12979  -0.01061
   0.29828   0.10963  -0.01061
   0.29828   0.10963   0.22881
   0.05886   0.10963  -0.01061
   0.29828  -0.12979  -0.01061
   0.29828  -0.12979  -0.01061
   0.05886   0.10963   0.22881
   0.05886   0.10963  -0.01061
   0.05886   0.10963   0.22881
   0.05886   0.10963   0.22881
   0.05886   0.10963   0.22881
   0.05886   0.10963   0.22881
   0.05886   0.10963   0.22881
   0.05886  -0.12979  -0.01061
   0.29828  -0.12979   0.22881
   0.29828  -0.12979  -0.01061
   0.05886  -0.12979   0.22881
   0.29828  -0.12979   0.22881
   0.29828   0.10963   0.22881
   0.05886   0.10963   0.22881
   0.05886   0.10963   0.22881
   0.05886   0.10963   0.22881
   0.29828   0.10963   0.22881
   0.05886  -0.12979   0.22881
   0.29828  -0.12979  -0.01061
   0.05886  -0.12979   0.22881
   0.05886  -0.12979   0.22881
   0.05886   0.10963   0.22881
   0.05886  -0.12979   0.22881
   0.05886   0.10963   0.22881
   0.05886   0.10963   0.22881
   0.05886   0.10963   0.22881
   0.05886   0.10963   0.22881
   0.05886  -0.12979   0.22881
   0.05886  -0.12979   0.22881
   0.29828  -0.12979   0.22881
   0.05886   0.10963   0.22881
   0.29828   0.10963  -0.01061
   0.05886   0.10963  -0.01061
   0.05886  -0.12979   0.22881
   0.05886   0.10963   0.22881
   0.05886  -0.12979  -0.01061
   0.05886   0.10963  -0.01061
   0.05886   0.10963  -0.01061
   0.05886   0.10963   0.22881
   0.05886   0.10963  -0.01061
   0.05886  -0.12979   0.22881
   0.05886  -0.12979   0.22881
   0.05886  -0.12979   0.22881
   0.05886   0.10963   0.22881
   0.05886   0.10963  -0.01061
   0.05886   0.10963  -0.01061
   0.05886   0.10963  -0.01061
   0.29828   0.10963   0.22881
   0.29828   0.10963  -0.01061
   0.29828   0.10963  -0.01061
   0.29828   0.10963   0.22881
   0.29828   0.10963  -0.01061
   0.05886   0.10963  -0.01061
   0.29828  -0.12979   0.22881
   0.05886   0.10963  -0.01061
   0.05886   0.10963  -0.01061
   0.05886   0.10963   0.22881
   0.05886   0.10963  -0.01061
   0.05886   0.10963  -0.01061
   0.05886   0.10963  -0.01061
   0.05886  -0.12979  -0.01061
   0.05886   0.10963   0.22881
   0.05886   0.10963  -0.01061
   0.05886  -0.12979  -0.01061
   0.05886  -0.12979  -0.01061
   0.05886  -0.12979  -0.01061
   0.05886  -0.12979  -0.01061
   0.05886  -0.12979  -0.01061
   0.05886  -0.12979  -0.01061
   0.29828  -0.12979  -0.01061
   0.05886   0.10963  -0.01061
   0.05886   0.10963  -0.25003
   0.05886  -0.12979  -0.01061
   0.05886  -0.12979  -0.01061
   0.05886  -0.12979  -0.01061
   0.05886  -0.12979  -0.01061
   0.05886   0.10963  -0.01061
   0.05886  -0.12979  -0.01061
   0.05886   0.10963  -0.01061
   0.05886  -0.12979  -0.01061
   0.05886  -0.12979  -0.01061
   0.05886  -0.12979  -0.01061
   0.05886  -0.12979  -0.01061
   0.05886  -0.12979  -0.01061
   0.29828  -0.12979  -0.01061
   0.05886  -0.12979  -0.25003
   0.05886  -0.12979  -0.01061
   0.05886   0.10963  -0.01061
   0.05886   0.10963  -0.01061
   0.05886  -0.12979  -0.01061
  -0.18056   0.10963  -0.01061
   0.05886  -0.12979  -0.01061
   0.05886   0.10963  -0.01061
   0.05886   0.10963  -0.01061
   0.05886   0.10963  -0.01061
   0.05886   0.10963  -0.01061
  -0.18056  -0.12979  -0.01061
   0.05886  -0.12979  -0.01061
   0.05886  -0.12979  -0.01061
  -0.18056  -0.12979  -0.01061
  -0.18056  -0.12979  -0.01061
  -0.18056  -0.12979  -0.01061
  -0.18056   0.10963  -0.01061
  -0.18056   0.10963  -0.01061
  -0.18056   0.10963  -0.01061
  -0.18056   0.10963  -0.25003
  -0.18056   0.10963  -0.01061
  -0.18056   0.10963  -0.01061
  -0.18056   0.10963  -0.01061
  -0.18056  -0.12979  -0.01061
  -0.18056  -0.12979  -0.01061
  -0.18056   0.10963  -0.01061
  -0.18056   0.10963  -0.01061
  -0.18056   0.10963  -0.01061
  -0.18056   0.10963  -0.01061
  -0.18056   0.10963  -0.01061
  -0.18056   0.10963  -0.01061
  -0.18056  -0.12979  -0.01061
  -0.18056   0.10963  -0.01061
  -0.18056   0.10963  -0.01061
  -0.18056  -0.12979  -0.01061
  -0.18056   0.10963  -0.01061
  -0.18056  -0.12979  -0.01061
  -0.18056   0.10963  -0.01061
  -0.18056   0.10963  -0.01061
  -0.18056   0.10963  -0.01061
  -0.18056   0.10963  -0.01061
  -0.18056   0.10963  -0.01061
  -0.18056   0.10963  -0.01061
  -0.18056  -0.12979  -0.01061
  -0.18056  -0.12979  -0.25003
  -0.18056   0.10963  -0.01061
  -0.18056   0.10963  -0.01061
  -0.18056   0.10963  -0.01061
  -0.18056   0.10963  -0.01061
  -0.18056   0.10963  -0.01061
   0.05886   0.10963  -0.01061
  -0.18056  -0.12979  -0.25003
  -0.18056  -0.12979  -0.01061
   0.05886   0.10963  -0.01061
  -0.18056  -0.12979  -0.01061
  -0.18056  -0.12979  -0.25003
  -0.18056  -0.12979  -0.01061
  -0.18056   0.10963  -0.25003
  -0.18056   0.10963  -0.01061
  -0.18056  -0.12979  -0.01061
   0.05886  -0.12979  -0.01061
  -0.18056  -0.12979  -0.01061
  -0.18056  -0.12979  -0.01061
  -0.18056  -0.12979  -0.01061
  -0.18056  -0.12979  -0.01061
  -0.18056  -0.12979  -0.01061
  -0.18056  -0.36921  -0.01061
   0.05886  -0.12979  -0.01061
   0.05886  -0.12979  -0.01061
  -0.18056  -0.12979  -0.01061
  -0.18056  -0.12979   0.22881
   0.05886  -0.12979  -0.01061
  -0.18056  -0.12979  -0.01061
  -0.18056  -0.12979  -0.01061
  -0.18056  -0.12979   0.22881
   0.05886  -0.12979  -0.25003
  -0.18056  -0.12979  -0.01061
  -0.18056  -0.12979  -0.01061
  -0.18056  -0.12979  -0.01061
  -0.18056  -0.12979   0.22881
  -0.18056   0.10963  -0.01061
  -0.18056   0.10963   0.22881
  -0.18056   0.10963  -0.01061
   0.05886   0.10963  -0.01061
  -0.18056   0.10963  -0.01061
  -0.18056   0.10963  -0.01061
  -0.18056  -0.12979  -0.01061
   0.05886  -0.12979  -0.25003
  -0.18056   0.10963  -0.01061
  -0.18056  -0.12979  -0.25003
  -0.18056  -0.12979  -0.01061
  -0.18056  -0.12979  -0.01061
  -0.18056  -0.12979  -0.01061
  -0.18056  -0.12979  -0.01061
  -0.18056  -0.12979   0.22881
  -0.18056  -0.12979  -0.01061
   0.05886   0.10963  -0.01061
   0.05886  -0.12979  -0.01061
  -0.18056  -0.12979  -0.01061
   0.05886  -0.12979  -0.01061
  -0.18056  -0.12979  -0.01061
  -0.18056  -0.12979  -0.01061
  -0.18056  -0.12979  -0.25003
  -0.18056  -0.12979  -0.01061
  -0.18056   0.10963  -0.01061
   0.05886  -0.12979   0.22881
  -0.18056  -0.12979  -0.01061
   0.05886   0.10963  -0.01061
   0.05886   0.10963  -0.01061
  -0.18056   0.10963  -0.01061
  -0.18056   0.10963  -0.01061
  -0.18056   0.10963  -0.01061
  -0.18056   0.10963   0.22881
  -0.18056   0.10963   0.22881
  -0.18056   0.10963  -0.01061
  -0.18056   0.10963   0.22881
  -0.18056   0.10963  -0.01061
  -0.18056   0.10963   0.22881
  -0.18056   0.10963   0.22881
  -0.18056   0.10963  -0.01061
  -0.18056   0.10963   0.22881
  -0.18056   0.10963  -0.01061
  -0.18056   0.10963  -0.01061
  -0.18056   0.10963  -0.01061
  -0.18056  -0.12979  -0.01061
   0.05886   0.10963  -0.01061
   0.05886   0.10963  -0.01061
   0.05886   0.10963   0.22881
   0.05886  -0.12979  -0.01061
  -0.18056   0.10963  -0.01061
  -0.18056  -0.12979  -0.01061
  -0.18056   0.10963  -0.01061
  -0.18056  -0.12979  -0.01061
   0.05886   0.10963  -0.25003
   0.05886   0.10963  -0.01061
   0.05886   0.10963  -0.01061
   0.05886   0.10963  -0.01061
   0.05886  -0.12979  -0.01061
   0.05886  -0.12979  -0.01061
   0.05886  -0.12979  -0.01061
  -0.18056  -0.12979  -0.01061
   0.05886   0.10963  -0.01061
   0.05886   0.10963  -0.01061
   0.05886  -0.12979   0.22881
   0.05886   0.10963   0.22881
   0.05886   0.10963  -0.01061
   0.05886   0.10963  -0.01061
   0.29828   0.10963   0.22881
   0.29828  -0.12979  -0.01061
   0.05886   0.10963  -0.01061
  -0.18056   0.10963   0.22881
   0.05886   0.10963  -0.01061
   0.05886   0.10963  -0.01061
   0.05886   0.10963  -0.01061
   0.05886   0.10963  -0.01061
   0.05886   0.10963  -0.01061
   0.05886   0.10963   0.22881
   0.05886   0.10963  -0.01061
   0.05886   0.10963  -0.01061
   0.05886  -0.12979  -0.01061
   0.05886  -0.12979  -0.01061
   0.05886  -0.12979  -0.01061
   0.29828   0.10963  -0.01061
   0.05886   0.10963  -0.01061
   0.05886   0.10963  -0.01061
   0.05886   0.10963  -0.25003
   0.05886   0.10963  -0.25003
   0.05886   0.10963  -0.01061
   0.05886   0.10963  -0.01061
   0.05886   0.10963  -0.01061
   0.05886   0.10963  -0.01061
   0.29828  -0.12979  -0.25003
   0.05886   0.10963  -0.01061
   0.05886   0.10963  -0.01061
   0.05886   0.10963  -0.01061
   0.29828   0.10963  -0.01061
   0.29828   0.10963  -0.01061
   0.29828   0.10963  -0.01061
   0.29828   0.34905  -0.25003
   0.29828  -0.12979  -0.01061
   0.05886  -0.12979  -0.01061
   0.05886   0.10963  -0.01061
   0.05886  -0.12979  -0.01061
   0.29828   0.10963  -0.01061
   0.29828  -0.12979  -0.25003
   0.05886   0.10963  -0.01061
   0.05886   0.10963  -0.25003
   0.05886  -0.12979  -0.01061
   0.05886  -0.12979  -0.01061
   0.05886  -0.12979  -0.01061
   0.05886  -0.12979  -0.01061
   0.05886  -0.12979  -0.01061
   0.29828  -0.12979  -0.25003
   0.05886  -0.12979  -0.01061
   0.29828  -0.12979  -0.01061
   0.29828  -0.12979  -0.01061
   0.05886  -0.36921  -0.01061
   0.29828  -0.12979  -0.01061
   0.05886  -0.12979  -0.01061
   0.05886  -0.12979  -0.01061
   0.29828  -0.12979  -0.25003
   0.05886  -0.36921  -0.01061
   0.29828  -0.12979  -0.01061
   0.05886  -0.12979  -0.01061
   0.05886  -0.12979   0.22881
   0.05886  -0.12979  -0.01061
   0.05886  -0.12979  -0.01061
   0.05886  -0.12979  -0.01061
   0.05886  -0.12979  -0.01061
   0.05886  -0.12979  -0.01061
   0.05886  -0.12979  -0.25003
   0.29828   0.10963  -0.25003
   0.05886   0.10963  -0.01061
   0.29828  -0.12979  -0.01061
   0.05886   0.10963  -0.01061
   0.05886  -0.12979  -0.01061
   0.05886  -0.12979  -0.25003
   0.05886  -0.12979  -0.01061
   0.05886  -0.12979  -0.01061
   0.05886   0.10963  -0.01061
  -0.18056   0.10963  -0.01061
   0.05886   0.10963  -0.01061
   0.05886   0.10963  -0.01061
   0.05886   0.10963  -0.01061
   0.05886   0.10963  -0.01061
   0.05886   0.10963  -0.25003
   0.05886  -0.12979  -0.01061
   0.05886  -0.12979  -0.01061
   0.05886   0.10963  -0.25003
   0.05886   0.10963  -0.25003
   0.05886   0.10963  -0.01061
   0.05886   0.10963  -0.25003
   0.05886   0.10963  -0.01061
   0.05886   0.10963  -0.25003
   0.05886   0.10963  -0.01061
   0.05886   0.10963  -0.25003
   0.05886   0.10963  -0.25003
   0.05886   0.10963  -0.25003
   0.05886  -0.12979  -0.25003
   0.05886  -0.12979  -0.01061
   0.05886   0.10963  -0.01061
   0.05886   0.10963  -0.25003
   0.05886   0.10963  -0.01061
   0.29828   0.10963  -0.01061
   0.05886  -0.12979  -0.01061
   0.05886   0.10963  -0.01061
   0.05886  -0.12979  -0.01061
   0.05886  -0.12979  -0.01061
   0.05886  -0.12979  -0.01061
   0.05886   0.10963  -0.01061
   0.05886  -0.12979  -0.01061
   0.05886  -0.12979  -0.01061
  -0.18056   0.10963  -0.01061
  -0.18056   0.10963   0.22881
   0.05886  -0.12979  -0.25003
   0.05886  -0.12979  -0.01061
   0.05886   0.10963  -0.25003
   0.05886   0.10963  -0.01061
   0.05886   0.10963  -0.01061
   0.05886  -0.12979  -0.01061
   0.05886   0.10963  -0.01061
   0.05886   0.10963  -0.01061
   0.05886   0.10963  -0.01061
   0.05886  -0.12979  -0.01061
   0.05886   0.10963  -0.01061
   0.05886  -0.12979  -0.01061
   0.05886   0.10963  -0.25003
   0.05886  -0.12979  -0.01061
   0.05886   0.10963  -0.01061
   0.05886   0.10963  -0.01061
   0.05886   0.10963  -0.01061
   0.05886  -0.12979  -0.01061
   0.05886   0.10963  -0.01061
   0.05886   0.10963  -0.01061
  -0.18056   0.10963  -0.01061
   0.05886   0.10963  -0.01061
   0.05886   0.10963  -0.01061
   0.05886  -0.12979  -0.01061
   0.05886  -0.12979  -0.01061
   0.05886  -0.12979  -0.25003
   0.05886  -0.12979  -0.01061
   0.05886  -0.12979  -0.01061
   0.05886  -0.12979  -0.01061
  -0.18056   0.10963  -0.25003
   0.05886   0.10963  -0.01061
   0.05886  -0.12979  -0.01061
   0.05886  -0.12979  -0.01061
   0.05886  -0.12979   0.22881
   0.05886   0.10963   0.22881
   0.05886  -0.12979  -0.01061
  -0.18056   0.10963  -0.01061
   0.05886   0.10963  -0.01061
   0.05886  -0.12979  -0.01061
   0.05886  -0.12979  -0.01061
  -0.18056   0.10963   0.22881
  -0.18056   0.10963  -0.01061
  -0.18056  -0.12979  -0.01061
  -0.18056  -0.12979  -0.01061
  -0.18056   0.10963  -0.01061
  -0.18056   0.10963  -0.01061
  -0.18056   0.10963   0.22881
   0.05886   0.10963  -0.01061
  -0.18056   0.10963  -0.01061
  -0.18056   0.10963  -0.01061
  -0.18056   0.10963  -0.01061
  -0.18056  -0.12979  -0.01061
  -0.18056   0.10963  -0.01061
  -0.18056  -0.12979  -0.01061
  -0.18056  -0.12979  -0.01061
  -0.18056  -0.12979  -0.01061
  -0.18056  -0.12979  -0.01061
  -0.18056  -0.12979   0.22881
  -0.41998   0.10963   0.22881
  -0.18056  -0.12979   0.22881
  -0.18056   0.10963   0.22881
  -0.18056   0.10963   0.22881
  -0.18056   0.10963   0.22881
  -0.18056  -0.12979   0.22881
  -0.18056  -0.12979   0.22881
  -0.41998   0.10963   0.22881
  -0.41998  -0.12979   0.22881
  -0.18056   0.10963   0.22881
  -0.18056  -0.12979  -0.01061
  -0.18056  -0.12979   0.22881
  -0.18056  -0.12979   0.22881
  -0.18056  -0.12979   0.22881
  -0.41998  -0.12979   0.22881
  -0.18056  -0.12979   0.22881
  -0.41998  -0.12979   0.22881
  -0.18056  -0.12979   0.22881
  -0.18056   0.10963   0.22881
  -0.18056  -0.12979   0.22881
  -0.41998   0.10963   0.22881
  -0.18056  -0.12979   0.22881
  -0.41998  -0.12979   0.22881
  -0.18056  -0.12979  -0.01061
  -0.18056   0.10963   0.22881
  -0.18056  -0.12979   0.22881
  -0.18056   0.10963   0.22881
  -0.18056   0.10963   0.22881
  -0.18056   0.10963   0.22881
  -0.18056   0.10963   0.22881
  -0.18056   0.10963   0.22881
  -0.18056   0.10963   0.22881
  -0.18056   0.10963  -0.01061
  -0.18056   0.10963  -0.01061
  -0.18056   0.10963  -0.01061
  -0.18056  -0.12979  -0.01061
  -0.18056  -0.12979   0.22881
  -0.18056   0.10963   0.22881
  -0.18056  -0.12979   0.46823
  -0.18056  -0.12979   0.22881
  -0.18056  -0.12979  -0.01061
   0.05886  -0.12979  -0.01061
   0.05886  -0.12979   0.22881
  -0.18056  -0.12979   0.22881
  -0.18056  -0.12979  -0.25003
  -0.18056   0.10963  -0.01061
   0.05886   0.10963   0.22881
   0.05886   0.10963   0.22881
   0.05886   0.10963   0.22881
  -0.18056   0.10963   0.22881
   0.05886   0.10963  -0.01061
   0.05886   0.10963  -0.01061
   0.05886   0.10963   0.22881
   0.05886   0.10963  -0.01061
   0.05886   0.10963  -0.01061
   0.05886  -0.12979  -0.01061
   0.05886  -0.12979   0.22881
   0.05886   0.10963  -0.01061
   0.05886   0.10963  -0.01061
   0.05886  -0.12979  -0.01061
   0.05886   0.10963  -0.01061
   0.05886   0.10963  -0.01061
   0.05886   0.10963  -0.01061
   0.05886  -0.12979  -0.01061
   0.05886  -0.12979  -0.01061
   0.05886   0.10963  -0.01061
  -0.18056  -0.12979  -0.01061
   0.05886  -0.12979  -0.01061
   0.05886  -0.12979  -0.01061
   0.05886   0.10963  -0.01061
   0.05886   0.10963  -0.01061
   0.29828  -0.12979  -0.01061
   0.05886  -0.12979  -0.01061
   0.05886  -0.12979  -0.01061
   0.05886  -0.12979  -0.01061
   0.05886  -0.12979  -0.01061
   0.05886  -0.12979  -0.01061
   0.29828  -0.12979  -0.01061
   0.05886  -0.12979   0.22881
   0.05886  -0.12979  -0.01061
   0.05886  -0.12979  -0.01061
   0.05886   0.10963  -0.01061
   0.29828   0.10963  -0.01061
   0.29828  -0.12979  -0.01061
   0.05886  -0.12979  -0.01061
   0.05886   0.10963   0.22881
   0.29828  -0.12979  -0.25003
   0.05886  -0.12979  -0.01061
   0.05886   0.10963  -0.25003
   0.29828   0.10963  -0.01061
   0.29828  -0.12979  -0.01061
   0.05886  -0.12979  -0.25003
   0.05886  -0.12979  -0.01061
   0.05886  -0.12979  -0.01061
   0.05886   0.10963  -0.01061
   0.05886  -0.12979  -0.25003
   0.05886   0.10963  -0.25003
   0.05886  -0.36921  -0.25003
   0.05886  -0.12979  -0.25003
   0.05886  -0.12979  -0.01061
   0.29828   0.10963  -0.01061
   0.05886   0.10963  -0.25003
   0.05886   0.10963  -0.25003
   0.05886  -0.12979  -0.25003
   0.05886   0.10963  -0.25003
   0.05886   0.10963  -0.25003
   0.05886  -0.12979  -0.25003
   0.05886   0.10963  -0.25003
   0.05886   0.10963  -0.01061
   0.05886   0.10963  -0.25003
   0.05886  -0.12979  -0.25003
   0.05886  -0.12979  -0.25003
   0.05886   0.10963  -0.25003
   0.05886  -0.12979  -0.01061
   0.05886  -0.12979  -0.25003
   0.05886  -0.12979  -0.25003
   0.05886  -0.12979  -0.25003
   0.05886  -0.12979  -0.01061
   0.05886  -0.36921  -0.25003
   0.05886  -0.12979  -0.25003
   0.05886  -0.12979  -0.01061
   0.05886  -0.12979  -0.25003
  -0.18056  -0.12979  -0.25003
   0.05886  -0.12979  -0.25003
  -0.18056  -0.12979  -0.01061
   0.05886  -0.12979  -0.25003
   0.05886  -0.12979  -0.25003
   0.05886  -0.12979  -0.25003
   0.05886  -0.12979  -0.01061
   0.05886   0.10963  -0.25003
   0.05886   0.10963  -0.25003
   0.05886   0.10963  -0.01061
   0.05886  -0.12979  -0.25003
   0.05886  -0.12979  -0.25003
   0.05886   0.10963  -0.25003
  -0.18056   0.10963  -0.01061
   0.05886   0.10963  -0.48945
   0.05886   0.10963  -0.01061
   0.05886   0.10963  -0.25003
   0.05886  -0.12979  -0.25003
   0.05886   0.10963  -0.25003
   0.05886   0.10963  -0.01061
   0.05886   0.34905  -0.01061
  -0.18056   0.10963  -0.01061
   0.05886   0.10963  -0.25003
   0.05886   0.34905  -0.25003
  -0.18056   0.10963  -0.01061
   0.05886   0.10963  -0.25003
   0.05886   0.10963  -0.25003
  -0.18056   0.10963  -0.25003
   0.05886   0.10963  -0.25003
  -0.18056  -0.12979  -0.25003
   0.05886   0.10963  -0.25003
   0.05886  -0.12979  -0.01061
  -0.18056   0.10963  -0.25003
   0.05886  -0.12979  -0.25003
  -0.18056   0.10963  -0.25003
   0.05886   0.10963  -0.25003
  -0.18056   0.10963  -0.25003
  -0.18056   0.10963  -0.25003
  -0.18056  -0.12979  -0.01061
   0.05886  -0.12979  -0.01061
   0.05886   0.10963  -0.01061
  -0.18056   0.10963  -0.01061
  -0.18056  -0.12979  -0.01061
  -0.18056   0.10963  -0.01061
  -0.18056   0.10963  -0.01061
  -0.18056  -0.12979  -0.25003
   0.05886  -0.12979  -0.01061
  -0.18056  -0.12979  -0.25003
  -0.18056   0.10963  -0.01061
   0.05886  -0.12979  -0.25003
  -0.18056  -0.12979  -0.01061
  -0.18056  -0.12979  -0.01061
  -0.18056   0.10963  -0.01061
  -0.18056   0.10963  -0.01061
  -0.18056   0.10963  -0.01061
  -0.18056   0.10963  -0.01061
  -0.18056   0.10963  -0.01061
   0.05886   0.10963  -0.01061
   0.05886   0.10963  -0.01061
   0.05886  -0.12979  -0.01061
  -0.18056  -0.12979  -0.01061
  -0.18056  -0.12979  -0.01061
   0.05886  -0.12979  -0.01061
  -0.18056  -0.12979  -0.01061
   0.05886   0.10963  -0.01061
   0.05886   0.10963  -0.01061
   0.05886   0.10963  -0.01061
   0.05886  -0.12979  -0.01061
   0.05886   0.10963   0.22881
  -0.18056   0.10963   0.22881
   0.05886   0.10963  -0.01061
   0.05886   0.10963  -0.01061
   0.05886   0.10963  -0.01061
   0.05886   0.10963  -0.01061
   0.05886  -0.12979  -0.01061
   0.05886   0.10963  -0.01061
   0.05886   0.10963  -0.01061
  -0.18056   0.10963  -0.01061
   0.05886   0.10963  -0.01061
   0.05886   0.10963  -0.01061
   0.05886   0.10963  -0.01061
   0.05886   0.10963   0.22881
   0.05886   0.10963  -0.01061
   0.05886   0.10963  -0.01061
   0.05886   0.10963  -0.01061
   0.05886  -0.12979  -0.01061
   0.05886   0.10963  -0.01061
   0.05886   0.10963   0.22881
   0.05886   0.10963  -0.01061
  -0.18056   0.10963  -0.01061
   0.05886  -0.12979  -0.01061
   0.05886   0.10963  -0.01061
   0.05886   0.10963   0.22881
   0.05886   0.10963  -0.01061
   0.05886   0.10963  -0.01061
   0.05886   0.10963  -0.01061
   0.05886  -0.12979   0.22881
   0.05886  -0.12979  -0.01061
  -0.18056  -0.12979   0.22881
   0.05886  -0.12979   0.22881
   0.05886  -0.12979   0.22881
   0.05886   0.10963   0.22881
   0.05886   0.10963   0.22881
   0.05886   0.10963   0.22881
   0.05886   0.10963   0.22881
   0.05886   0.10963   0.22881
   0.05886   0.10963   0.22881
  -0.18056  -0.12979   0.22881
   0.05886  -0.12979   0.22881
   0.05886  -0.12979   0.22881
   0.05886   0.10963   0.22881
   0.05886   0.10963   0.22881
   0.05886  -0.12979  -0.01061
   0.05886  -0.12979  -0.01061
   0.05886  -0.12979   0.22881
   0.05886  -0.12979   0.22881
   0.05886  -0.12979   0.22881
   0.05886  -0.12979   0.22881
   0.05886   0.10963  -0.01061
   0.05886   0.10963   0.22881
   0.05886  -0.12979  -0.01061
   0.05886  -0.12979   0.22881
   0.05886  -0.12979   0.22881
   0.05886  -0.12979   0.22881
   0.05886   0.10963  -0.01061
  -0.18056   0.10963   0.22881
   0.05886  -0.12979   0.22881
   0.05886  -0.12979   0.22881
   0.05886  -0.12979  -0.01061
   0.05886  -0.12979   0.22881
   0.05886  -0.12979   0.22881
   0.05886  -0.12979   0.22881
   0.05886  -0.12979   0.22881
  -0.18056   0.10963   0.22881
   0.05886  -0.12979   0.22881
   0.05886  -0.12979   0.22881
   0.05886   0.10963   0.22881
   0.05886  -0.12979   0.22881
   0.05886   0.10963   0.22881
  -0.18056   0.10963   0.22881
   0.05886   0.10963  -0.01061
   0.05886   0.10963   0.22881
   0.05886   0.10963   0.22881
   0.05886  -0.12979   0.22881
   0.05886  -0.12979   0.22881
   0.05886  -0.12979   0.22881
   0.05886  -0.12979   0.22881
   0.05886   0.10963   0.22881
   0.05886   0.10963   0.22881
   0.05886  -0.12979  -0.01061
   0.05886   0.10963  -0.01061
   0.05886  -0.12979  -0.01061
   0.29828   0.10963   0.22881
   0.05886   0.10963  -0.01061
   0.29828   0.10963   0.22881
   0.05886   0.10963   0.22881
   0.05886   0.10963   0.22881
   0.05886   0.10963  -0.01061
   0.29828   0.10963   0.22881
   0.29828   0.10963   0.22881
   0.05886   0.10963  -0.01061
   0.05886   0.10963   0.22881
   0.05886   0.10963   0.46823
   0.29828   0.34905   0.22881
   0.29828   0.10963   0.22881
   0.29828   0.10963  -0.01061
   0.29828   0.10963   0.22881
   0.29828  -0.12979  -0.01061
   0.05886   0.10963  -0.01061
   0.05886  -0.12979  -0.01061
   0.29828   0.10963   0.22881
   0.05886  -0.12979  -0.01061
   0.05886  -0.12979  -0.01061
   0.29828  -0.12979  -0.01061
   0.05886  -0.12979  -0.01061
   0.05886  -0.12979  -0.01061
   0.29828  -0.12979  -0.25003
   0.05886  -0.12979  -0.01061
   0.05886  -0.12979  -0.01061
   0.05886  -0.12979  -0.01061
   0.05886  -0.12979  -0.01061
   0.05886  -0.12979  -0.01061
   0.05886  -0.12979  -0.01061
   0.05886  -0.12979  -0.25003
   0.05886  -0.12979  -0.01061
   0.05886  -0.12979  -0.01061
   0.05886  -0.12979  -0.01061
   0.05886  -0.12979  -0.01061
   0.05886  -0.12979   0.22881
   0.05886   0.10963  -0.25003
   0.05886   0.10963  -0.01061
   0.05886   0.10963  -0.01061
   0.05886   0.10963  -0.01061
   0.05886   0.10963  -0.01061
   0.05886   0.10963  -0.01061
   0.05886   0.10963  -0.25003
   0.05886   0.10963  -0.01061
   0.05886   0.10963  -0.01061
   0.05886   0.34905  -0.01061
  -0.18056   0.10963  -0.01061
   0.05886   0.10963  -0.25003
  -0.18056   0.10963  -0.01061
   0.05886   0.10963  -0.01061
   0.05886   0.10963  -0.01061
  -0.18056   0.10963  -0.25003
  -0.18056   0.10963  -0.01061
   0.05886   0.10963  -0.01061
   0.05886   0.10963  -0.01061
   0.05886   0.10963  -0.01061
   0.05886   0.34905  -0.25003
   0.05886   0.10963  -0.01061
  -0.18056   0.10963  -0.01061
  -0.18056   0.10963  -0.01061
  -0.18056  -0.12979  -0.25003
  -0.18056  -0.12979  -0.01061
  -0.18056  -0.12979  -0.01061
  -0.18056  -0.12979  -0.25003
  -0.18056  -0.12979  -0.01061
  -0.18056  -0.12979  -0.01061
  -0.18056  -0.12979  -0.01061
  -0.18056  -0.12979  -0.01061
  -0.18056  -0.36921  -0.01061
  -0.18056  -0.12979  -0.01061
  -0.41998  -0.12979  -0.01061
  -0.18056  -0.12979  -0.01061
  -0.18056  -0.12979  -0.01061
  -0.18056  -0.12979  -0.25003
  -0.41998  -0.12979  -0.01061
  -0.18056  -0.12979  -0.25003
  -0.18056  -0.12979  -0.01061
  -0.18056  -0.12979  -0.01061
  -0.18056  -0.12979  -0.01061
  -0.18056  -0.12979  -0.25003
  -0.18056   0.10963  -0.01061
  -0.18056   0.10963  -0.01061
  -0.18056  -0.12979  -0.01061
  -0.18056   0.10963  -0.01061
  -0.18056  -0.12979  -0.01061
  -0.18056   0.10963  -0.25003
  -0.18056   0.10963  -0.25003
  -0.18056   0.10963  -0.25003
  -0.18056  -0.12979  -0.01061
  -0.18056  -0.12979  -0.01061
  -0.18056   0.10963  -0.01061
  -0.18056   0.10963  -0.25003
  -0.18056   0.10963  -0.01061
  -0.18056   0.10963  -0.01061
  -0.18056   0.10963  -0.01061
  -0.18056   0.10963  -0.01061
  -0.18056  -0.12979  -0.01061
  -0.18056   0.10963  -0.25003
  -0.18056   0.10963  -0.01061
  -0.18056   0.10963  -0.25003
  -0.18056   0.10963  -0.25003
  -0.18056   0.10963  -0.25003
  -0.41998   0.10963  -0.25003
  -0.18056  -0.12979  -0.25003
  -0.18056   0.10963  -0.01061
  -0.18056   0.10963  -0.25003
  -0.41998   0.10963  -0.25003
  -0.18056   0.10963  -0.25003
  -0.18056  -0.12979  -0.25003
  -0.18056   0.10963  -0.25003
  -0.18056  -0.12979  -0.25003
  -0.18056  -0.12979  -0.25003
  -0.18056  -0.12979  -0.01061
  -0.18056  -0.12979  -0.01061
  -0.18056  -0.12979  -0.25003
  -0.18056  -0.12979  -0.01061
  -0.18056  -0.12979  -0.25003
  -0.18056  -0.12979  -0.01061
  -0.18056  -0.12979  -0.01061
  -0.18056   0.10963  -0.01061
   0.05886  -0.12979  -0.01061
  -0.18056  -0.12979  -0.01061
   0.05886  -0.12979  -0.01061
   0.05886  -0.12979  -0.25003
   0.05886  -0.12979  -0.01061
   0.05886  -0.12979  -0.25003
  -0.18056   0.10963  -0.01061
   0.05886  -0.12979  -0.25003
   0.05886   0.10963  -0.01061
   0.05886  -0.12979  -0.25003
  -0.18056  -0.12979  -0.01061
   0.05886  -0.12979  -0.25003
  -0.18056  -0.12979  -0.25003
   0.05886   0.10963  -0.25003
  -0.18056   0.10963  -0.25003
   0.05886  -0.12979  -0.01061
   0.05886   0.10963  -0.25003
  -0.18056   0.10963  -0.01061
   0.05886  -0.12979  -0.25003
  -0.18056  -0.12979  -0.01061
   0.05886  -0.12979  -0.01061
  -0.18056  -0.12979  -0.01061
  -0.18056  -0.12979  -0.01061
  -0.18056   0.10963  -0.01061
   0.05886   0.10963  -0.25003
  -0.18056   0.10963  -0.01061
   0.05886   0.10963  -0.01061
   0.05886   0.10963  -0.01061
  -0.18056  -0.12979  -0.01061
   0.05886   0.10963  -0.01061
   0.05886   0.10963  -0.01061
  -0.18056   0.10963  -0.01061
   0.05886  -0.12979  -0.01061
  -0.18056   0.10963  -0.01061
  -0.18056   0.10963  -0.01061
   0.05886  -0.12979  -0.01061
   0.05886  -0.12979  -0.01061
  -0.18056  -0.12979  -0.01061
   0.05886   0.10963  -0.01061
   0.05886  -0.12979  -0.01061
   0.05886   0.10963  -0.01061
   0.05886   0.10963  -0.01061
   0.05886   0.10963  -0.01061
   0.05886   0.10963  -0.25003
   0.05886  -0.12979  -0.01061
   0.05886  -0.12979  -0.01061
   0.05886  -0.12979  -0.01061
   0.05886   0.10963  -0.01061
   0.05886   0.10963   0.22881
   0.05886   0.10963  -0.01061
   0.05886   0.10963  -0.01061
   0.05886   0.10963  -0.01061
   0.05886   0.10963   0.22881
   0.05886   0.10963  -0.01061
   0.05886   0.34905   0.22881
   0.29828   0.10963  -0.01061
   0.29828   0.10963  -0.01061
   0.05886   0.10963  -0.01061
   0.29828   0.34905  -0.01061
   0.29828   0.34905  -0.01061
   0.29828   0.34905   0.22881
   0.05886   0.10963   0.22881
   0.05886   0.10963   0.22881
   0.29828   0.10963   0.22881
   0.05886   0.10963   0.22881
   0.29828   0.10963  -0.01061
   0.29828  -0.12979  -0.01061
   0.29828  -0.12979  -0.01061
   0.29828   0.10963   0.22881
   0.29828   0.10963  -0.01061
   0.29828  -0.12979   0.22881
   0.29828  -0.12979   0.22881
   0.29828  -0.12979   0.22881
   0.05886  -0.12979  -0.01061
   0.29828  -0.12979  -0.01061
   0.05886  -0.12979   0.22881
   0.05886  -0.12979   0.22881
   0.29828  -0.12979  -0.01061
   0.29828  -0.12979  -0.01061
   0.29828  -0.12979   0.22881
   0.29828  -0.12979  -0.01061
   0.29828  -0.12979   0.22881
   0.29828  -0.12979   0.22881
   0.29828  -0.12979   0.22881
   0.29828  -0.12979  -0.01061
   0.29828  -0.12979   0.22881
   0.29828   0.10963   0.22881
   0.29828   0.10963  -0.01061
   0.29828  -0.12979   0.22881
   0.29828   0.10963  -0.01061
   0.05886   0.10963  -0.01061
   0.29828   0.10963  -0.01061
   0.29828  -0.12979  -0.01061
   0.29828  -0.12979  -0.01061
   0.29828   0.10963   0.22881
   0.29828  -0.12979  -0.01061
   0.29828  -0.12979  -0.01061
   0.29828   0.10963   0.22881
   0.29828  -0.12979  -0.01061
   0.05886   0.10963  -0.01061
   0.29828  -0.12979  -0.01061
   0.05886  -0.12979  -0.01061
   0.29828  -0.12979   0.22881
   0.29828   0.10963  -0.01061
   0.29828   0.10963  -0.01061
   0.05886   0.10963  -0.01061
   0.29828   0.10963   0.22881
   0.05886   0.10963   0.22881
   0.05886  -0.12979  -0.01061
   0.29828  -0.12979  -0.01061
   0.05886   0.10963  -0.01061
   0.29828   0.10963   0.22881
   0.29828   0.10963  -0.01061
   0.05886  -0.12979  -0.01061
   0.05886   0.10963  -0.01061
   0.05886  -0.12979  -0.01061
  -0.18056  -0.12979  -0.01061
   0.05886  -0.12979  -0.01061
   0.05886  -0.12979  -0.01061
   0.05886  -0.12979  -0.01061
   0.05886  -0.12979   0.22881
   0.05886   0.10963   0.22881
   0.05886  -0.12979  -0.01061
   0.05886   0.10963  -0.01061
   0.05886   0.10963  -0.01061
   0.05886   0.10963  -0.01061
   0.05886  -0.12979  -0.01061
   0.05886  -0.12979  -0.01061
   0.05886  -0.12979  -0.01061
   0.05886  -0.12979   0.22881
   0.05886  -0.12979  -0.01061
  -0.18056  -0.12979   0.22881
  -0.18056  -0.12979   0.22881
  -0.18056  -0.12979  -0.01061
  -0.18056  -0.12979   0.22881
  -0.18056  -0.12979  -0.01061
   0.05886  -0.12979   0.22881
  -0.18056  -0.12979   0.22881
  -0.18056   0.10963   0.22881
  -0.18056  -0.12979   0.22881
   0.05886   0.10963   0.22881
  -0.18056  -0.12979  -0.01061
  -0.18056   0.10963  -0.01061
  -0.18056  -0.12979   0.22881
  -0.18056   0.10963  -0.01061
  -0.18056   0.10963  -0.01061
  -0.18056  -0.12979  -0.01061
  -0.18056   0.10963  -0.01061
  -0.18056   0.10963   0.22881
  -0.18056   0.10963   0.22881
  -0.18056   0.10963  -0.01061
  -0.18056   0.34905   0.22881
  -0.18056   0.34905  -0.01061
  -0.18056   0.34905   0.22881
  -0.18056   0.10963   0.22881
  -0.18056   0.10963  -0.01061
  -0.18056   0.34905   0.22881
  -0.18056   0.10963  -0.01061
  -0.18056   0.34905   0.22881
  -0.18056   0.10963  -0.01061
  -0.18056   0.34905  -0.01061
  -0.18056   0.34905  -0.01061
  -0.18056   0.10963   0.22881
  -0.18056   0.10963  -0.01061
  -0.18056   0.10963  -0.01061
  -0.18056   0.10963  -0.01061
  -0.41998   0.10963  -0.01061
  -0.18056   0.10963  -0.01061
  -0.18056   0.10963   0.22881
  -0.18056   0.10963  -0.01061
  -0.18056   0.10963  -0.01061
  -0.18056   0.10963  -0.01061
  -0.18056   0.10963  -0.01061
  -0.18056   0.10963  -0.01061
  -0.18056   0.10963  -0.01061
  -0.18056   0.10963  -0.01061
  -0.18056  -0.12979  -0.01061
  -0.18056   0.10963  -0.01061
  -0.41998  -0.12979  -0.01061
  -0.41998  -0.12979  -0.01061
  -0.18056  -0.12979  -0.01061
  -0.18056  -0.12979  -0.01061
  -0.18056  -0.12979  -0.01061
  -0.18056   0.10963  -0.01061
  -0.18056  -0.12979  -0.01061
  -0.41998  -0.12979  -0.01061
  -0.18056   0.10963  -0.01061
  -0.18056   0.10963  -0.01061
  -0.18056  -0.12979  -0.01061
  -0.18056  -0.12979  -0.01061
  -0.18056  -0.12979  -0.01061
  -0.18056  -0.12979  -0.25003
  -0.18056  -0.12979  -0.01061
  -0.18056  -0.36921  -0.01061
  -0.18056  -0.12979  -0.01061
  -0.18056  -0.12979  -0.01061
  -0.18056  -0.12979  -0.01061
  -0.18056  -0.12979   0.22881
   0.05886  -0.12979  -0.01061
  -0.18056  -0.12979  -0.01061
  -0.18056  -0.12979  -0.01061
   0.05886  -0.12979  -0.01061
   0.05886  -0.12979  -0.01061
  -0.18056  -0.12979  -0.01061
  -0.18056  -0.12979   0.22881
  -0.18056  -0.12979  -0.01061
  -0.18056  -0.12979  -0.01061
  -0.18056  -0.12979  -0.01061
  -0.18056  -0.12979  -0.01061
  -0.18056   0.10963  -0.01061
   0.05886  -0.12979  -0.01061
  -0.18056  -0.12979  -0.01061
  -0.18056  -0.12979  -0.01061
  -0.18056  -0.12979  -0.25003
   0.05886  -0.12979  -0.01061
   0.05886   0.10963  -0.01061
   0.05886   0.10963  -0.01061
   0.05886  -0.12979  -0.01061
   0.05886   0.10963  -0.01061
  -0.18056   0.10963  -0.01061
   0.05886   0.10963  -0.01061
   0.05886  -0.12979  -0.01061
   0.05886  -0.12979  -0.01061
   0.05886  -0.12979  -0.01061
   0.05886  -0.12979  -0.01061
   0.05886  -0.12979  -0.01061
   0.05886  -0.12979  -0.01061
   0.05886  -0.12979  -0.01061
  -0.18056  -0.12979  -0.01061
   0.05886  -0.12979  -0.25003
  -0.18056  -0.12979  -0.01061
   0.05886  -0.12979  -0.01061
  -0.18056   0.10963  -0.01061
   0.05886  -0.12979  -0.01061
   0.05886   0.10963  -0.25003
   0.05886  -0.12979  -0.01061
   0.05886   0.10963   0.22881
   0.05886   0.10963  -0.01061
   0.05886   0.10963  -0.25003
   0.05886  -0.12979  -0.01061
   0.05886  -0.12979  -0.01061
   0.05886  -0.12979  -0.01061
   0.05886  -0.12979  -0.25003
   0.05886   0.10963  -0.01061
   0.05886   0.10963  -0.01061
   0.05886   0.10963  -0.01061
   0.05886   0.10963  -0.01061
   0.05886   0.10963   0.22881
   0.05886   0.10963  -0.01061
   0.05886   0.34905  -0.01061
   0.05886   0.10963  -0.01061
   0.05886   0.10963  -0.01061
   0.05886   0.10963  -0.01061
   0.05886   0.10963  -0.01061
   0.05886   0.10963  -0.01061
   0.05886   0.10963  -0.01061
   0.05886   0.10963  -0.01061
   0.05886   0.10963  -0.01061
   0.05886  -0.12979  -0.01061
   0.05886   0.10963  -0.01061
   0.05886   0.10963  -0.25003
   0.05886  -0.12979  -0.25003
   0.05886  -0.12979  -0.01061
   0.05886  -0.12979  -0.01061
   0.05886  -0.12979  -0.25003
   0.05886  -0.12979  -0.25003
   0.05886   0.10963  -0.01061
   0.05886   0.10963  -0.01061
   0.05886   0.10963  -0.25003
   0.05886  -0.12979  -0.01061
   0.05886  -0.12979  -0.48945
   0.05886   0.10963  -0.25003
   0.05886   0.10963  -0.25003
   0.05886   0.10963  -0.01061
   0.05886   0.10963  -0.25003
   0.05886   0.10963  -0.01061
   0.05886   0.10963  -0.25003
   0.05886   0.10963  -0.25003
   0.05886   0.10963  -0.25003
   0.05886  -0.12979  -0.01061
   0.05886  -0.12979  -0.25003
   0.05886  -0.12979  -0.01061
   0.05886  -0.12979  -0.01061
   0.05886   0.10963  -0.01061
   0.05886   0.10963  -0.25003
   0.05886   0.10963  -0.25003
   0.05886  -0.12979  -0.25003
   0.05886  -0.12979  -0.25003
   0.05886  -0.12979  -0.01061
   0.29828  -0.12979  -0.25003
   0.05886  -0.12979  -0.25003
   0.05886   0.10963  -0.01061
   0.05886   0.10963  -0.01061
   0.05886   0.10963  -0.01061
   0.05886   0.10963  -0.25003
   0.05886  -0.12979  -0.01061
   0.05886   0.10963  -0.01061
   0.05886   0.10963  -0.25003
   0.05886  -0.12979  -0.01061
  -0.18056  -0.12979  -0.25003
  -0.18056  -0.12979  -0.01061
   0.05886   0.10963  -0.01061
   0.05886  -0.12979  -0.01061
  -0.18056   0.10963  -0.01061
   0.05886   0.10963  -0.01061
   0.05886   0.10963  -0.25003
   0.05886   0.10963  -0.01061
   0.05886  -0.12979  -0.01061
  -0.18056   0.10963  -0.25003
  -0.18056   0.10963  -0.01061
   0.05886   0.10963  -0.01061
   0.05886   0.10963  -0.25003
   0.05886   0.10963  -0.25003
   0.05886   0.10963  -0.01061
   0.05886   0.10963  -0.01061
   0.05886   0.10963  -0.01061
   0.05886   0.10963   0.22881
   0.05886  -0.12979  -0.01061
   0.05886  -0.12979  -0.01061
   0.05886  -0.12979  -0.01061
   0.05886  -0.12979  -0.25003
   0.05886  -0.12979  -0.01061
   0.05886   0.10963   0.22881
   0.05886  -0.12979   0.22881
   0.05886  -0.12979   0.22881
   0.05886   0.10963   0.22881
   0.05886   0.10963  -0.01061
   0.05886   0.10963  -0.01061
   0.05886   0.10963   0.22881
   0.05886   0.10963  -0.01061
   0.05886   0.10963  -0.01061
   0.05886  -0.12979  -0.01061
   0.05886   0.10963   0.22881
   0.05886  -0.12979  -0.01061
   0.05886   0.10963   0.22881
   0.05886  -0.12979   0.22881
  -0.18056  -0.12979   0.22881
   0.05886  -0.12979  -0.01061
   0.05886  -0.12979   0.22881
   0.05886  -0.12979  -0.01061
   0.05886  -0.12979   0.22881
   0.05886  -0.12979   0.22881
   0.05886  -0.12979  -0.01061
   0.05886  -0.12979   0.22881
   0.05886  -0.12979   0.22881
   0.05886  -0.12979   0.46823
   0.05886  -0.12979   0.22881
   0.05886  -0.12979   0.22881
   0.05886  -0.12979   0.22881
   0.05886   0.10963   0.22881
   0.05886  -0.12979   0.22881
   0.05886  -0.12979   0.22881
   0.05886   0.10963   0.22881
   0.05886  -0.12979   0.22881
   0.05886  -0.12979   0.22881
   0.05886   0.10963   0.22881
  -0.18056   0.10963   0.22881
   0.05886   0.10963   0.22881
  -0.18056   0.10963   0.22881
   0.05886   0.10963   0.22881
   0.05886   0.10963   0.22881
  -0.18056   0.10963   0.22881
   0.05886   0.10963   0.22881
   0.05886   0.10963   0.22881
   0.05886  -0.12979   0.22881
   0.05886   0.10963  -0.01061
   0.05886   0.10963   0.22881
  -0.18056   0.10963  -0.01061
   0.05886   0.10963   0.22881
  -0.18056   0.10963   0.46823
   0.05886  -0.12979   0.22881
   0.05886  -0.12979   0.22881
   0.05886   0.10963  -0.01061
  -0.18056  -0.12979   0.22881
   0.05886   0.10963  -0.01061
   0.05886  -0.12979   0.22881
   0.05886   0.10963  -0.01061
   0.05886  -0.12979   0.22881
   0.05886  -0.12979   0.22881
   0.05886  -0.12979   0.22881
  -0.18056  -0.12979   0.22881
   0.05886  -0.12979  -0.01061
   0.05886  -0.12979   0.22881
   0.05886  -0.12979   0.22881
  -0.18056  -0.12979   0.22881
   0.05886  -0.12979   0.22881
  -0.18056  -0.12979   0.22881
   0.05886  -0.12979   0.22881
  -0.18056   0.10963  -0.01061
   0.05886   0.10963   0.22881
   0.05886   0.10963   0.22881
   0.05886   0.10963   0.22881
   0.05886   0.10963  -0.01061
   0.05886   0.10963   0.22881
   0.05886   0.10963  -0.01061
   0.05886   0.10963  -0.01061
   0.05886   0.10963   0.22881
   0.05886  -0.12979  -0.01061
   0.05886   0.34905  -0.01061
   0.05886   0.10963  -0.01061
   0.05886   0.10963   0.22881
   0.05886   0.10963  -0.01061
   0.05886  -0.12979   0.22881
  -0.18056   0.10963   0.22881
   0.05886   0.10963   0.22881
   0.05886  -0.12979   0.22881
   0.05886  -0.12979  -0.01061
   0.05886  -0.12979  -0.01061
   0.05886  -0.12979  -0.01061
   0.05886  -0.12979  -0.01061
  -0.18056  -0.12979   0.22881
  -0.18056  -0.12979  -0.01061
  -0.18056  -0.12979   0.22881
  -0.18056  -0.12979  -0.01061
   0.05886  -0.12979  -0.01061
  -0.18056   0.10963  -0.01061
   0.05886  -0.12979  -0.01061
  -0.18056  -0.12979  -0.01061
  -0.18056   0.10963  -0.01061
  -0.18056  -0.12979  -0.01061
  -0.18056   0.10963   0.22881
  -0.18056  -0.12979  -0.01061
  -0.18056   0.10963  -0.01061
  -0.18056  -0.12979  -0.01061
  -0.18056   0.10963  -0.01061
  -0.18056   0.10963   0.22881
   0.05886   0.34905  -0.01061
   0.05886   0.10963  -0.01061
   0.05886   0.10963  -0.01061
  -0.18056   0.10963  -0.01061
  -0.18056   0.10963  -0.01061
   0.05886   0.10963  -0.01061
  -0.18056  -0.12979  -0.01061
   0.05886   0.10963  -0.25003
   0.05886  -0.12979  -0.01061
   0.05886  -0.12979  -0.25003
   0.05886  -0.12979  -0.25003
   0.05886   0.10963  -0.01061
  -0.18056   0.10963  -0.01061
  -0.18056  -0.12979  -0.25003
  -0.18056  -0.12979  -0.01061
   0.05886  -0.12979  -0.01061
   0.05886  -0.12979  -0.25003
   0.05886  -0.12979  -0.01061
   0.05886   0.10963  -0.01061
   0.05886  -0.12979  -0.01061
   0.05886  -0.12979  -0.01061
   0.05886   0.10963  -0.25003
   0.05886  -0.12979  -0.25003
   0.05886  -0.12979  -0.25003
   0.05886  -0.12979  -0.01061
   0.05886  -0.12979  -0.25003
   0.05886  -0.12979   0.22881
   0.05886  -0.12979  -0.25003
   0.05886  -0.12979  -0.01061
   0.05886  -0.12979  -0.01061
   0.05886   0.10963  -0.25003
   0.05886   0.10963  -0.01061
   0.05886  -0.12979  -0.01061
   0.05886  -0.12979  -0.25003
   0.05886  -0.12979  -0.25003
   0.05886  -0.12979  -0.25003
  -0.18056  -0.12979  -0.01061
   0.05886   0.10963  -0.01061
   0.05886  -0.12979  -0.25003
   0.05886   0.10963  -0.01061
   0.05886   0.10963  -0.25003
  -0.18056   0.10963  -0.01061
  -0.18056  -0.12979  -0.25003
  -0.18056  -0.12979  -0.01061
  -0.18056  -0.12979  -0.01061
  -0.18056   0.10963  -0.01061
   0.05886  -0.12979  -0.25003
  -0.18056   0.10963  -0.25003
  -0.18056   0.10963  -0.25003
   0.05886   0.10963  -0.25003
   0.05886   0.10963  -0.25003
  -0.18056  -0.12979  -0.25003
   0.05886   0.10963  -0.25003
   0.05886  -0.12979  -0.25003
   0.05886  -0.12979  -0.25003
   0.05886   0.10963  -0.25003
   0.05886  -0.12979  -0.25003
   0.05886  -0.12979  -0.25003
  -0.18056   0.10963  -0.25003
   0.05886  -0.12979  -0.25003
   0.05886   0.10963  -0.01061
   0.05886   0.10963  -0.25003
   0.05886   0.10963  -0.01061
   0.05886  -0.12979  -0.25003
   0.05886   0.10963  -0.25003
   0.05886   0.10963  -0.25003
  -0.18056  -0.12979  -0.25003
   0.05886   0.10963  -0.01061
   0.05886  -0.12979  -0.25003
   0.05886   0.10963  -0.25003
   0.05886   0.10963  -0.25003
  -0.18056   0.10963  -0.25003
   0.05886  -0.12979  -0.25003
   0.05886   0.10963  -0.25003
   0.29828   0.10963  -0.25003
   0.05886  -0.12979  -0.01061
   0.05886  -0.12979  -0.25003
   0.05886  -0.12979  -0.01061
   0.05886   0.10963  -0.25003
   0.05886  -0.12979  -0.25003
   0.05886  -0.12979  -0.48945
   0.05886  -0.12979  -0.25003
   0.05886  -0.12979  -0.01061
   0.05886  -0.12979  -0.25003
   0.05886  -0.12979  -0.25003
   0.05886  -0.12979  -0.01061
   0.05886  -0.12979  -0.25003
   0.05886   0.10963  -0.01061
   0.05886  -0.12979  -0.01061
   0.05886  -0.12979  -0.25003
   0.05886  -0.12979  -0.25003
   0.05886  -0.12979  -0.25003
   0.05886  -0.12979  -0.25003
   0.05886  -0.12979  -0.01061
   0.05886   0.10963  -0.01061
   0.05886   0.10963  -0.25003
   0.05886   0.10963  -0.25003
   0.05886   0.10963  -0.01061
   0.05886   0.10963  -0.25003
   0.05886   0.10963  -0.01061
   0.05886   0.10963  -0.01061
   0.05886   0.10963  -0.25003
   0.05886   0.10963  -0.01061
   0.05886   0.10963  -0.01061
   0.05886   0.10963  -0.01061
   0.05886   0.10963  -0.01061
   0.05886   0.10963  -0.25003
   0.05886   0.10963  -0.25003
   0.05886   0.10963  -0.25003
   0.29828   0.10963  -0.01061
   0.05886   0.10963  -0.01061
   0.29828   0.10963  -0.01061
   0.05886  -0.12979  -0.25003
   0.05886  -0.12979  -0.01061
   0.05886  -0.12979  -0.25003
   0.05886   0.10963  -0.01061
   0.05886  -0.12979  -0.01061
   0.05886  -0.12979  -0.01061
   0.05886  -0.12979  -0.25003
   0.05886  -0.12979  -0.25003
   0.05886  -0.12979  -0.01061
  -0.18056  -0.12979  -0.01061
   0.05886  -0.12979  -0.01061
   0.05886  -0.12979  -0.01061
   0.05886  -0.12979  -0.01061
   0.05886  -0.12979  -0.25003
   0.05886  -0.12979  -0.25003
   0.05886  -0.12979  -0.01061
   0.05886  -0.12979  -0.01061
   0.05886  -0.12979  -0.01061
   0.05886   0.10963  -0.25003
   0.05886  -0.12979  -0.01061
   0.05886   0.10963   0.22881
   0.05886  -0.12979  -0.01061
   0.05886  -0.12979  -0.01061
   0.05886  -0.12979  -0.01061
   0.05886   0.10963   0.22881
   0.05886  -0.12979   0.22881
   0.05886  -0.12979  -0.01061
   0.05886  -0.12979   0.22881
   0.05886   0.10963   0.22881
   0.05886   0.10963  -0.01061
   0.05886   0.10963  -0.01061
   0.05886   0.10963   0.22881
   0.05886   0.10963   0.22881
   0.05886   0.10963  -0.01061
   0.05886  -0.12979  -0.01061
   0.05886   0.10963  -0.01061
   0.05886  -0.12979  -0.01061
   0.05886  -0.12979  -0.01061
   0.05886   0.10963   0.22881
   0.05886   0.10963   0.22881
   0.05886   0.10963   0.22881
   0.05886   0.10963   0.22881
   0.05886  -0.12979   0.22881
   0.05886  -0.12979   0.22881
   0.05886   0.10963   0.22881
   0.05886  -0.12979   0.22881
   0.05886   0.10963   0.22881
   0.05886  -0.12979   0.22881
  -0.18056   0.10963   0.22881
   0.05886   0.10963  -0.01061
   0.05886   0.10963   0.22881
   0.05886   0.10963   0.22881
   0.05886   0.10963   0.22881
   0.05886   0.10963   0.22881
  -0.18056   0.10963   0.22881
   0.05886   0.10963   0.22881
   0.05886   0.10963   0.22881
   0.05886   0.10963   0.22881
   0.05886   0.10963   0.22881
   0.05886   0.10963   0.22881
   0.05886   0.10963   0.22881
   0.05886   0.10963   0.22881
   0.05886   0.10963   0.22881
  -0.18056   0.10963   0.22881
  -0.18056   0.10963   0.22881
  -0.18056   0.10963   0.22881
  -0.18056  -0.12979   0.22881
   0.05886   0.10963   0.22881
  -0.18056  -0.12979   0.22881
   0.05886   0.10963   0.22881
   0.05886   0.10963   0.22881
   0.05886   0.10963   0.22881
   0.05886   0.10963   0.22881
   0.05886   0.10963   0.22881
  -0.18056  -0.12979   0.22881
  -0.18056  -0.12979   0.22881
  -0.18056  -0.36921   0.22881
  -0.18056  -0.12979   0.22881
  -0.18056  -0.12979   0.22881
  -0.18056   0.10963   0.22881
  -0.18056  -0.12979   0.22881
  -0.18056  -0.12979   0.22881
  -0.18056   0.10963   0.22881
   0.05886  -0.12979   0.22881
  -0.18056   0.10963   0.22881
  -0.18056   0.10963   0.22881
  -0.18056   0.10963   0.46823
  -0.18056   0.10963   0.46823
  -0.18056   0.10963   0.22881
  -0.18056  -0.12979   0.22881
  -0.18056   0.10963   0.22881
  -0.18056   0.10963   0.22881
  -0.18056   0.10963   0.22881
  -0.18056   0.10963   0.22881
  -0.18056   0.10963   0.22881
   0.05886  -0.12979   0.22881
  -0.18056  -0.12979  -0.01061
  -0.18056   0.10963   0.22881
  -0.18056   0.10963   0.22881
  -0.18056  -0.12979   0.22881
  -0.18056  -0.12979   0.22881
  -0.18056  -0.12979  -0.01061
  -0.41998  -0.12979   0.22881
  -0.18056  -0.12979   0.46823
  -0.18056   0.10963   0.46823
  -0.18056   0.10963   0.22881
  -0.18056  -0.12979   0.22881
  -0.18056   0.10963   0.22881
  -0.41998   0.10963   0.22881
  -0.18056  -0.12979   0.22881
  -0.18056  -0.12979   0.22881
  -0.18056  -0.12979   0.22881
  -0.18056  -0.12979   0.22881
  -0.18056   0.10963  -0.01061
  -0.18056  -0.12979  -0.01061
  -0.18056  -0.12979  -0.01061
  -0.18056   0.10963   0.22881
  -0.41998   0.10963   0.22881
  -0.18056   0.10963   0.22881
  -0.18056   0.10963   0.22881
  -0.18056   0.10963   0.22881
  -0.18056   0.10963   0.22881
  -0.18056   0.10963   0.22881
  -0.18056  -0.12979   0.22881
  -0.18056   0.10963  -0.01061
  -0.18056  -0.12979  -0.01061
  -0.18056   0.10963  -0.01061
  -0.18056  -0.12979  -0.01061
  -0.18056  -0.12979  -0.01061
  -0.18056   0.10963   0.22881
   0.05886  -0.12979  -0.01061
  -0.18056  -0.12979  -0.01061
  -0.18056  -0.12979  -0.01061
  -0.18056  -0.12979  -0.01061
  -0.18056  -0.12979  -0.01061
  -0.41998  -0.12979   0.22881
  -0.18056  -0.12979  -0.01061
   0.05886  -0.12979  -0.01061
  -0.18056   0.10963  -0.01061
   0.05886  -0.12979  -0.01061
   0.05886  -0.12979  -0.01061
   0.05886  -0.12979  -0.25003
  -0.18056  -0.12979  -0.01061
   0.05886   0.10963  -0.01061
   0.05886   0.10963  -0.01061
  -0.18056   0.10963  -0.01061
   0.05886   0.10963  -0.01061
   0.05886  -0.12979  -0.25003
   0.05886  -0.12979  -0.01061
   0.05886   0.10963  -0.01061
   0.05886   0.10963  -0.25003
   0.05886   0.10963  -0.25003
  -0.18056   0.10963  -0.01061
   0.05886  -0.12979  -0.48945
  -0.18056  -0.12979  -0.25003
   0.05886   0.10963  -0.25003
   0.05886   0.10963  -0.25003
   0.05886   0.10963  -0.25003
   0.05886  -0.12979  -0.25003
   0.05886   0.10963  -0.25003
   0.05886  -0.12979  -0.25003
   0.05886   0.10963  -0.25003
   0.05886  -0.12979  -0.25003
   0.05886  -0.12979  -0.25003
   0.05886  -0.12979  -0.25003
   0.05886  -0.12979  -0.48945
   0.05886  -0.12979  -0.25003
   0.05886   0.10963  -0.25003
   0.05886   0.10963  -0.25003
   0.05886   0.10963  -0.25003
   0.05886   0.10963  -0.25003
   0.05886   0.10963  -0.01061
   0.05886  -0.12979  -0.25003
   0.05886   0.10963  -0.48945
   0.05886   0.10963  -0.25003
   0.05886   0.10963  -0.25003
   0.05886   0.10963  -0.48945
  -0.18056   0.10963  -0.25003
   0.05886  -0.12979  -0.25003
   0.05886  -0.12979  -0.25003
   0.05886  -0.12979  -0.25003
   0.29828  -0.12979  -0.25003
   0.05886  -0.12979  -0.48945
   0.05886   0.10963  -0.25003
   0.05886  -0.12979  -0.25003
   0.05886  -0.12979  -0.25003
   0.05886  -0.12979  -0.48945
   0.05886  -0.12979  -0.25003
   0.05886  -0.12979  -0.25003
   0.05886  -0.12979  -0.48945
   0.05886  -0.12979  -0.25003
   0.05886  -0.12979  -0.25003
   0.05886  -0.12979  -0.48945
   0.05886  -0.12979  -0.25003
   0.05886  -0.12979  -0.48945
   0.05886  -0.12979  -0.25003
   0.29828  -0.12979  -0.25003
   0.05886  -0.12979  -0.25003
   0.05886  -0.12979  -0.25003
   0.05886  -0.12979  -0.25003
  -0.18056   0.10963  -0.25003
   0.05886   0.10963  -0.25003
   0.05886   0.10963  -0.25003
   0.05886   0.10963  -0.25003
   0.05886   0.10963  -0.25003
   0.05886   0.10963  -0.25003
   0.05886   0.10963  -0.25003
   0.05886   0.34905  -0.25003
   0.05886   0.10963  -0.25003
   0.05886   0.10963  -0.25003
   0.05886   0.10963  -0.25003
   0.05886   0.10963  -0.25003
   0.05886   0.10963  -0.01061
   0.05886   0.10963  -0.25003
   0.05886   0.10963  -0.25003
   0.05886   0.10963  -0.25003
   0.05886   0.10963  -0.25003
   0.05886   0.10963  -0.25003
   0.05886   0.10963  -0.25003
   0.05886   0.10963  -0.25003
   0.05886   0.10963  -0.01061
   0.05886   0.10963  -0.25003
   0.05886   0.10963  -0.01061
   0.05886   0.10963  -0.01061
   0.29828   0.10963  -0.01061
   0.05886   0.10963  -0.01061
   0.05886   0.10963  -0.01061
  -0.18056   0.10963  -0.01061
   0.05886   0.10963  -0.25003
   0.05886   0.10963  -0.01061
   0.05886   0.10963  -0.01061
   0.05886   0.10963  -0.01061
   0.05886   0.10963  -0.25003
   0.05886  -0.12979  -0.01061
   0.05886  -0.12979  -0.01061
   0.05886  -0.12979  -0.25003
   0.05886   0.10963  -0.01061
   0.05886  -0.12979  -0.01061
   0.05886   0.10963  -0.01061
   0.29828  -0.12979  -0.01061
   0.05886  -0.12979  -0.01061
   0.05886  -0.12979  -0.01061
   0.05886  -0.36921  -0.01061
   0.05886  -0.12979  -0.01061
   0.29828  -0.12979  -0.01061
   0.29828  -0.12979  -0.01061
   0.29828  -0.12979  -0.01061
   0.05886  -0.12979  -0.01061
   0.29828  -0.12979  -0.01061
   0.05886   0.10963  -0.01061
   0.05886  -0.36921  -0.01061
   0.05886   0.10963  -0.01061
   0.05886  -0.12979  -0.01061
   0.05886  -0.12979  -0.01061
   0.05886  -0.12979  -0.01061
   0.29828   0.10963   0.22881
   0.29828   0.10963  -0.01061
   0.05886   0.10963  -0.01061
   0.05886   0.10963  -0.01061
   0.29828   0.10963  -0.01061
   0.05886   0.10963  -0.01061
   0.05886   0.10963   0.22881
   0.05886   0.10963  -0.01061
   0.29828   0.10963  -0.01061
   0.29828   0.10963  -0.01061
   0.05886  -0.12979  -0.01061
   0.05886   0.10963  -0.01061
   0.05886   0.10963  -0.01061
   0.05886  -0.12979  -0.01061
   0.29828  -0.12979   0.22881
   0.05886   0.10963  -0.01061
   0.05886  -0.12979  -0.01061
   0.05886  -0.12979  -0.01061
   0.05886  -0.12979   0.22881
   0.29828   0.10963   0.22881
   0.05886  -0.12979   0.22881
   0.05886  -0.12979   0.22881
   0.29828  -0.12979   0.22881
   0.05886  -0.12979   0.22881
   0.05886  -0.12979  -0.01061
   0.05886  -0.12979  -0.01061
   0.05886  -0.12979  -0.01061
   0.05886  -0.12979   0.22881
   0.05886  -0.12979   0.22881
   0.05886  -0.12979  -0.01061
   0.05886  -0.12979   0.22881
   0.05886  -0.12979   0.22881
   0.05886   0.10963  -0.01061
   0.05886   0.10963   0.22881
   0.05886   0.10963   0.22881
   0.05886  -0.12979   0.22881
   0.05886   0.10963   0.22881
   0.05886  -0.12979  -0.01061
   0.05886  -0.12979  -0.01061
   0.05886   0.10963   0.22881
   0.05886   0.10963   0.22881
   0.05886   0.10963   0.22881
   0.05886   0.10963   0.22881
   0.05886   0.10963   0.22881
   0.05886   0.10963   0.46823
   0.05886   0.10963   0.22881
   0.05886   0.10963   0.22881
   0.05886  -0.12979   0.22881
   0.05886   0.10963   0.22881
   0.05886  -0.12979   0.22881
   0.05886   0.10963   0.22881
  -0.18056   0.10963   0.22881
   0.05886   0.10963   0.22881
   0.05886   0.10963   0.22881
   0.05886   0.10963  -0.01061
  -0.18056   0.10963   0.22881
   0.05886   0.10963   0.22881
   0.05886   0.10963   0.22881
   0.05886   0.10963   0.22881
   0.05886   0.10963   0.46823
   0.05886   0.10963   0.22881
   0.05886   0.10963   0.22881
  -0.18056   0.10963  -0.01061
  -0.18056   0.10963   0.22881
  -0.18056   0.10963   0.22881
   0.05886  -0.12979  -0.01061
  -0.18056  -0.12979  -0.01061
  -0.18056  -0.12979   0.22881
  -0.18056  -0.12979  -0.01061
  -0.18056  -0.12979  -0.01061
  -0.18056  -0.12979   0.22881
   0.05886  -0.12979   0.22881
   0.05886  -0.12979  -0.01061
  -0.18056  -0.12979   0.22881
   0.05886  -0.12979   0.22881
  -0.18056  -0.12979  -0.01061
   0.05886  -0.12979  -0.01061
  -0.18056  -0.12979  -0.01061
  -0.18056  -0.12979  -0.25003
  -0.18056  -0.12979  -0.01061
  -0.18056  -0.12979   0.22881
   0.05886  -0.12979  -0.01061
  -0.18056  -0.12979  -0.01061
  -0.18056  -0.12979  -0.01061
  -0.18056  -0.12979  -0.01061
  -0.18056  -0.12979  -0.01061
  -0.18056  -0.12979  -0.01061
  -0.18056  -0.12979   0.22881
  -0.18056  -0.36921  -0.01061
  -0.18056  -0.12979  -0.01061
  -0.41998   0.10963   0.22881
  -0.18056   0.10963   0.22881
  -0.18056   0.10963  -0.25003
  -0.18056   0.10963   0.22881
  -0.18056   0.10963  -0.01061
  -0.18056   0.10963  -0.01061
  -0.18056   0.34905  -0.01061
  -0.18056   0.10963   0.22881
  -0.18056   0.10963  -0.01061
  -0.18056   0.10963  -0.01061
  -0.18056   0.10963  -0.01061
  -0.18056   0.10963  -0.01061
  -0.41998   0.10963  -0.01061
  -0.18056   0.10963  -0.01061
  -0.18056   0.10963  -0.01061
  -0.18056  -0.12979  -0.01061
  -0.18056  -0.12979  -0.01061
  -0.18056   0.10963  -0.01061
  -0.18056  -0.12979  -0.25003
  -0.18056  -0.12979  -0.01061
  -0.18056  -0.12979  -0.01061
  -0.18056   0.10963  -0.25003
  -0.18056  -0.12979  -0.01061
  -0.18056  -0.12979  -0.01061
  -0.18056  -0.12979  -0.01061
  -0.18056  -0.12979  -0.25003
  -0.18056  -0.12979  -0.01061
  -0.18056  -0.12979  -0.01061
  -0.41998  -0.12979  -0.01061
  -0.18056  -0.12979  -0.01061
  -0.18056  -0.12979  -0.01061
  -0.18056   0.10963  -0.01061
  -0.18056  -0.12979  -0.01061
  -0.18056   0.10963  -0.01061
  -0.18056  -0.12979  -0.01061
  -0.18056   0.10963  -0.01061
  -0.18056   0.10963  -0.01061
   0.05886   0.10963  -0.01061
  -0.18056   0.10963   0.22881
  -0.18056   0.34905   0.22881
  -0.18056   0.10963  -0.01061
   0.05886   0.10963  -0.01061
  -0.18056   0.10963  -0.01061
  -0.18056   0.10963  -0.01061
  -0.18056   0.10963  -0.01061
  -0.18056  -0.12979  -0.01061
   0.05886   0.10963  -0.01061
  -0.18056   0.10963  -0.01061
  -0.18056   0.10963  -0.01061
  -0.18056   0.10963  -0.01061
  -0.18056  -0.12979  -0.01061
  -0.18056  -0.12979  -0.01061
  -0.18056  -0.12979  -0.01061
  -0.18056  -0.12979   0.22881
  -0.18056  -0.12979   0.22881
  -0.18056   0.10963   0.22881
  -0.18056  -0.12979   0.22881
  -0.18056   0.10963  -0.01061
  -0.18056   0.10963   0.22881
  -0.41998   0.10963   0.46823
  -0.41998   0.10963   0.22881
  -0.18056  -0.12979   0.22881
  -0.41998  -0.12979   0.22881
  -0.18056   0.10963   0.22881
  -0.18056   0.10963   0.22881
  -0.18056   0.10963  -0.01061
  -0.18056   0.10963   0.22881
  -0.18056   0.10963  -0.01061
  -0.18056   0.10963  -0.01061
  -0.18056   0.10963   0.22881
  -0.18056   0.10963   0.22881
  -0.18056   0.10963  -0.01061
  -0.18056   0.10963  -0.01061
  -0.18056   0.10963  -0.01061
  -0.18056   0.10963   0.22881
  -0.18056  -0.12979   0.22881
   0.05886   0.10963  -0.01061
   0.05886  -0.12979  -0.01061
   0.05886  -0.12979  -0.01061
   0.05886  -0.12979  -0.01061
   0.05886   0.10963  -0.01061
   0.05886  -0.12979  -0.01061
   0.05886  -0.36921   0.22881
   0.05886  -0.36921  -0.01061
   0.05886  -0.12979  -0.01061
   0.05886  -0.12979  -0.01061
   0.05886  -0.12979  -0.01061
   0.05886  -0.12979  -0.01061
   0.05886  -0.12979  -0.01061
   0.05886  -0.12979  -0.01061
   0.05886  -0.12979  -0.01061
   0.05886  -0.12979  -0.01061
   0.05886  -0.12979  -0.01061
   0.05886  -0.12979  -0.01061
   0.05886  -0.12979  -0.01061
   0.05886  -0.12979  -0.01061
   0.05886   0.10963  -0.01061
   0.05886  -0.12979  -0.01061
   0.05886   0.10963  -0.01061
   0.05886  -0.12979  -0.01061
   0.29828   0.10963  -0.01061
   0.05886  -0.12979  -0.01061
   0.05886   0.10963  -0.01061
   0.05886   0.10963  -0.01061
   0.05886   0.10963  -0.01061
   0.05886  -0.12979  -0.25003
   0.05886   0.10963  -0.01061
   0.05886   0.10963  -0.01061
   0.05886   0.10963  -0.01061
   0.05886  -0.12979  -0.01061
   0.29828  -0.12979  -0.01061
   0.05886   0.10963  -0.25003
   0.29828   0.10963  -0.01061
   0.05886   0.10963  -0.01061
   0.29828   0.34905  -0.01061
   0.29828  -0.12979  -0.25003
   0.05886   0.10963  -0.01061
   0.29828  -0.12979  -0.25003
   0.05886   0.10963  -0.01061
   0.29828  -0.12979  -0.25003
   0.29828   0.10963  -0.25003
   0.29828   0.10963  -0.25003
   0.29828  -0.12979  -0.01061
   0.29828   0.10963  -0.48945
   0.05886   0.10963  -0.25003
   0.29828   0.10963  -0.25003
   0.29828  -0.12979  -0.25003
   0.29828   0.10963  -0.25003
   0.29828  -0.12979  -0.01061
   0.53770   0.10963  -0.25003
   0.29828   0.10963  -0.25003
   0.29828  -0.12979  -0.25003
   0.29828  -0.12979  -0.01061
   0.29828   0.10963  -0.25003
   0.29828   0.10963  -0.25003
   0.05886  -0.12979  -0.25003
   0.29828  -0.12979  -0.01061
   0.29828  -0.12979  -0.25003
   0.29828  -0.12979  -0.25003
   0.29828  -0.12979  -0.01061
   0.29828  -0.12979  -0.25003
   0.29828  -0.12979  -0.01061
   0.29828  -0.12979  -0.25003
   0.05886  -0.12979  -0.25003
   0.29828  -0.12979  -0.25003
   0.29828  -0.12979  -0.25003
   0.29828   0.10963  -0.01061
   0.29828   0.10963  -0.25003
   0.05886   0.10963  -0.01061
   0.29828   0.10963  -0.01061
   0.29828   0.10963  -0.25003
   0.29828  -0.12979  -0.01061
   0.05886  -0.12979  -0.01061
   0.29828   0.10963   0.22881
   0.29828   0.10963  -0.01061
   0.05886   0.10963  -0.01061
   0.29828   0.10963  -0.25003
   0.29828  -0.12979  -0.25003
   0.53770   0.10963  -0.01061
   0.29828   0.10963  -0.25003
   0.29828   0.10963  -0.01061
   0.29828   0.10963  -0.01061
   0.29828   0.10963  -0.01061
   0.29828  -0.12979  -0.25003
   0.05886   0.10963  -0.01061
   0.05886  -0.12979  -0.01061
   0.05886  -0.12979  -0.01061
   0.29828  -0.12979  -0.01061
   0.05886  -0.12979  -0.25003
   0.29828  -0.12979  -0.25003
   0.05886  -0.12979  -0.25003
   0.29828  -0.12979  -0.01061
   0.05886  -0.12979  -0.01061
   0.05886   0.10963  -0.25003
   0.05886   0.10963  -0.01061
   0.05886   0.10963  -0.25003
   0.05886   0.10963  -0.25003
   0.05886   0.10963  -0.01061
   0.05886   0.10963  -0.25003
   0.05886   0.10963  -0.01061
   0.05886  -0.12979  -0.01061
   0.05886  -0.12979  -0.01061
   0.05886  -0.12979  -0.01061
   0.05886  -0.12979  -0.25003
   0.05886  -0.12979  -0.25003
   0.05886  -0.12979  -0.25003
   0.29828  -0.12979  -0.25003
   0.05886  -0.12979  -0.25003
   0.05886  -0.12979  -0.25003
   0.05886   0.10963  -0.25003
   0.05886   0.10963  -0.25003
   0.05886   0.10963  -0.01061
   0.29828   0.10963  -0.01061
   0.05886  -0.12979  -0.01061
   0.29828   0.10963  -0.01061
   0.05886   0.10963  -0.01061
   0.05886   0.10963  -0.01061
   0.05886   0.34905  -0.25003
   0.05886   0.10963  -0.01061
   0.05886   0.10963  -0.01061
   0.05886   0.10963  -0.25003
   0.05886   0.10963  -0.01061
   0.05886   0.10963  -0.01061
  -0.18056   0.10963  -0.01061
   0.05886   0.10963  -0.01061
   0.05886   0.10963   0.22881
   0.05886   0.10963  -0.01061
   0.05886   0.10963  -0.01061
   0.05886   0.10963  -0.01061
   0.05886   0.10963  -0.25003
   0.05886   0.10963  -0.01061
   0.05886   0.10963  -0.25003
   0.05886  -0.12979  -0.25003
   0.05886  -0.12979  -0.01061
   0.05886  -0.12979   0.22881
   0.05886  -0.12979  -0.01061
   0.05886  -0.12979  -0.01061
   0.05886  -0.12979  -0.01061
   0.05886   0.10963  -0.01061
   0.05886   0.10963  -0.01061
   0.05886   0.10963  -0.01061
   0.05886   0.10963  -0.01061
   0.05886   0.10963   0.22881
   0.05886   0.10963  -0.01061
   0.05886   0.10963  -0.01061
  -0.18056   0.10963  -0.01061
   0.05886   0.10963  -0.01061
  -0.18056   0.10963   0.22881
   0.05886   0.10963   0.22881
   0.05886   0.10963  -0.01061
   0.05886   0.34905  -0.01061
   0.05886   0.10963   0.22881
   0.05886   0.10963  -0.01061
   0.05886  -0.12979  -0.01061
  -0.18056   0.10963  -0.01061
  -0.18056  -0.12979  -0.01061
  -0.18056  -0.12979  -0.01061
   0.05886  -0.12979   0.22881
  -0.18056  -0.12979  -0.01061
   0.05886  -0.12979  -0.01061
  -0.18056  -0.12979  -0.01061
  -0.18056  -0.12979  -0.01061
  -0.18056  -0.12979   0.22881
  -0.18056  -0.12979  -0.01061
  -0.18056  -0.12979   0.22881
  -0.18056  -0.12979  -0.01061
  -0.18056  -0.12979  -0.01061
  -0.18056  -0.12979   0.22881
  -0.41998  -0.12979   0.22881
  -0.18056  -0.12979   0.22881
  -0.18056  -0.12979  -0.01061
  -0.18056  -0.12979   0.22881
  -0.41998  -0.12979  -0.01061
  -0.41998  -0.12979   0.22881
  -0.41998   0.10963   0.22881
  -0.18056   0.10963  -0.01061
  -0.41998   0.34905   0.22881
  -0.18056   0.34905   0.22881
  -0.41998   0.10963   0.22881
  -0.41998   0.10963   0.22881
  -0.18056   0.10963   0.22881
  -0.41998   0.34905   0.22881
  -0.18056   0.34905   0.22881
  -0.41998   0.34905   0.22881
  -0.41998   0.10963   0.22881
  -0.41998   0.10963   0.22881
  -0.41998   0.10963   0.22881
  -0.41998   0.10963   0.22881
  -0.41998   0.10963  -0.01061
  -0.41998   0.10963  -0.01061
  -0.18056   0.10963  -0.01061
  -0.41998  -0.12979  -0.01061
  -0.41998  -0.12979   0.22881
  -0.18056  -0.12979   0.22881
  -0.41998  -0.12979   0.22881
  -0.18056  -0.12979  -0.01061
  -0.41998  -0.12979   0.22881
  -0.41998  -0.12979   0.22881
  -0.41998  -0.12979   0.22881
  -0.18056   0.10963   0.22881
  -0.18056  -0.12979   0.22881
  -0.18056   0.10963   0.22881
  -0.41998  -0.12979   0.22881
  -0.41998  -0.12979   0.22881
  -0.41998  -0.12979  -0.01061
  -0.18056  -0.12979   0.22881
  -0.18056   0.10963   0.22881
  -0.18056   0.10963   0.22881
  -0.41998  -0.12979   0.22881
  -0.18056  -0.12979   0.22881
  -0.41998  -0.12979   0.22881
  -0.41998  -0.12979   0.22881
  -0.41998   0.10963   0.22881
  -0.18056  -0.12979   0.22881
  -0.18056   0.10963   0.22881
  -0.41998   0.10963   0.22881
  -0.18056  -0.12979   0.22881
  -0.18056   0.10963   0.22881
  -0.18056   0.10963   0.22881
  -0.18056   0.10963   0.22881
  -0.18056   0.10963   0.22881
  -0.18056   0.10963   0.22881
  -0.18056  -0.12979   0.22881
  -0.18056  -0.12979   0.22881
  -0.18056   0.10963   0.22881
  -0.18056   0.10963   0.46823
  -0.18056   0.10963  -0.01061
  -0.18056   0.10963   0.46823
  -0.18056   0.10963   0.22881
   0.05886  -0.12979   0.22881
  -0.18056  -0.12979   0.22881
  -0.18056  -0.12979  -0.01061
  -0.18056   0.10963   0.22881
   0.05886  -0.12979   0.22881
  -0.18056  -0.12979   0.22881
   0.05886  -0.12979   0.22881
  -0.18056  -0.12979  -0.01061
  -0.18056  -0.12979  -0.01061
  -0.18056  -0.12979  -0.01061
   0.05886  -0.12979   0.22881
  -0.18056   0.10963   0.22881
  -0.18056   0.10963  -0.01061
   0.05886   0.10963  -0.01061
   0.05886  -0.12979   0.22881
  -0.18056  -0.12979   0.22881
  -0.18056  -0.12979   0.22881
   0.05886   0.10963  -0.01061
   0.05886  -0.12979  -0.01061
   0.05886   0.10963   0.22881
   0.05886  -0.12979  -0.01061
   0.05886  -0.12979  -0.01061
   0.05886  -0.12979  -0.01061
   0.05886  -0.12979   0.22881
   0.05886  -0.12979  -0.01061
  -0.18056   0.10963   0.22881
  -0.18056  -0.12979  -0.01061
  -0.18056  -0.12979  -0.01061
   0.05886  -0.12979   0.22881
   0.05886  -0.12979   0.22881
  -0.18056   0.10963  -0.01061
   0.05886  -0.12979  -0.01061
   0.05886  -0.12979  -0.01061
   0.05886  -0.12979  -0.01061
   0.05886  -0.12979  -0.01061
   0.05886   0.10963  -0.01061
   0.05886   0.10963  -0.01061
   0.05886  -0.12979  -0.01061
   0.05886   0.10963   0.22881
   0.05886  -0.12979  -0.01061
   0.29828  -0.12979  -0.01061
   0.05886  -0.12979  -0.01061
   0.05886  -0.12979  -0.25003
   0.05886  -0.12979  -0.25003
   0.05886  -0.12979  -0.01061
   0.05886   0.10963  -0.25003
   0.05886   0.10963  -0.01061
  -0.18056   0.10963  -0.01061
   0.05886  -0.12979  -0.01061
   0.05886  -0.12979  -0.01061
   0.05886  -0.12979  -0.01061
   0.05886  -0.12979  -0.25003
   0.29828  -0.12979  -0.01061
   0.05886   0.10963  -0.01061
   0.05886   0.10963  -0.25003
   0.29828   0.10963  -0.01061
   0.05886  -0.12979  -0.25003
   0.29828  -0.12979  -0.01061
   0.05886   0.10963  -0.01061
   0.05886  -0.12979  -0.01061
   0.05886   0.10963  -0.25003
   0.05886   0.10963  -0.01061
   0.29828   0.10963  -0.25003
   0.05886   0.10963  -0.25003
   0.29828   0.10963  -0.25003
   0.29828   0.10963  -0.25003
   0.29828   0.10963  -0.01061
  -0.18056   0.10963  -0.01061
   0.29828   0.10963  -0.25003
   0.29828  -0.12979  -0.25003
   0.29828   0.10963  -0.01061
   0.29828  -0.12979  -0.25003
   0.29828  -0.12979  -0.01061
   0.29828  -0.12979  -0.01061
   0.29828  -0.12979  -0.01061
   0.29828  -0.12979  -0.01061
   0.29828  -0.12979  -0.01061
   0.05886  -0.12979  -0.25003
   0.05886  -0.12979   0.22881
   0.05886  -0.12979  -0.01061
   0.05886  -0.12979  -0.01061
   0.29828  -0.12979  -0.01061
   0.29828   0.10963  -0.01061
   0.29828   0.10963  -0.01061
   0.29828  -0.12979  -0.01061
   0.29828   0.10963  -0.01061
   0.05886   0.10963  -0.01061
   0.29828   0.10963  -0.01061
   0.05886  -0.12979  -0.01061
   0.05886  -0.12979  -0.01061
   0.29828   0.10963  -0.25003
   0.05886   0.10963  -0.01061
   0.29828  -0.12979  -0.01061
   0.05886  -0.12979  -0.01061
   0.05886   0.10963  -0.01061
   0.29828  -0.12979  -0.01061
   0.05886  -0.12979  -0.25003
   0.05886  -0.12979  -0.01061
   0.05886   0.10963  -0.25003
   0.05886   0.10963  -0.01061
   0.05886   0.10963  -0.25003
   0.05886   0.10963  -0.25003
   0.05886   0.10963  -0.25003
   0.05886   0.10963  -0.01061
   0.05886   0.10963  -0.01061
   0.05886   0.10963  -0.01061
   0.29828   0.10963  -0.01061
   0.05886   0.10963  -0.01061
   0.29828   0.10963  -0.01061
   0.05886   0.10963  -0.25003
   0.29828   0.34905  -0.01061
   0.29828   0.10963  -0.01061
   0.29828   0.10963  -0.25003
   0.29828   0.34905  -0.25003
   0.29828   0.10963  -0.01061
   0.05886   0.10963  -0.25003
   0.05886   0.10963  -0.01061
   0.05886   0.10963  -0.01061
   0.29828  -0.12979  -0.25003
   0.29828   0.10963  -0.01061
   0.05886   0.10963  -0.25003
   0.29828   0.10963  -0.25003
   0.29828   0.10963  -0.25003
   0.05886  -0.12979  -0.25003
   0.05886  -0.12979  -0.25003
   0.05886  -0.12979  -0.01061
   0.05886  -0.12979  -0.25003
   0.05886  -0.12979  -0.01061
   0.05886  -0.12979  -0.25003
   0.05886  -0.12979  -0.25003
   0.05886  -0.12979  -0.01061
   0.05886  -0.12979  -0.25003
   0.05886   0.10963  -0.25003
   0.05886  -0.12979  -0.25003
   0.05886   0.10963  -0.25003
   0.05886   0.10963  -0.25003
   0.05886   0.10963  -0.25003
   0.05886   0.10963  -0.25003
   0.05886  -0.12979  -0.01061
   0.05886   0.10963  -0.01061
   0.05886   0.10963  -0.25003
   0.05886   0.10963  -0.25003
   0.05886   0.10963  -0.25003
   0.05886   0.10963  -0.25003
   0.05886  -0.12979  -0.01061
   0.05886   0.10963  -0.25003
   0.05886  -0.12979  -0.01061
   0.05886   0.10963  -0.25003
   0.05886  -0.12979  -0.01061
   0.05886   0.10963  -0.25003
   0.05886   0.10963  -0.01061
   0.05886   0.10963  -0.01061
   0.05886   0.10963  -0.01061
  -0.18056  -0.12979  -0.01061
   0.05886   0.10963  -0.25003
   0.05886   0.10963  -0.01061
   0.05886   0.10963  -0.25003
   0.05886   0.10963  -0.25003
   0.05886   0.10963  -0.01061
   0.05886   0.10963  -0.25003
   0.05886   0.10963  -0.01061
   0.05886  -0.12979  -0.01061
   0.05886   0.10963  -0.01061
   0.05886  -0.12979  -0.01061
   0.05886   0.10963  -0.01061
   0.05886  -0.12979  -0.01061
   0.05886  -0.12979  -0.01061
   0.05886  -0.12979  -0.01061
   0.05886   0.10963  -0.01061
   0.05886   0.10963  -0.01061
   0.05886   0.10963  -0.01061
   0.05886  -0.12979  -0.01061
   0.05886   0.10963  -0.25003
  -0.18056   0.10963  -0.25003
   0.05886   0.10963  -0.01061
   0.05886   0.10963  -0.01061
   0.05886  -0.12979  -0.01061
   0.05886   0.10963  -0.25003
  -0.18056   0.10963  -0.01061
   0.05886   0.10963  -0.01061
   0.05886   0.10963  -0.01061
  -0.18056   0.10963  -0.01061
   0.05886   0.10963  -0.01061
   0.05886  -0.12979  -0.01061
  -0.18056   0.10963  -0.01061
   0.05886   0.10963   0.22881
  -0.18056   0.10963  -0.01061
   0.05886   0.10963  -0.01061
   0.05886   0.10963  -0.01061
  -0.18056   0.10963  -0.01061
   0.05886   0.10963  -0.01061
   0.05886   0.10963  -0.01061
  -0.18056  -0.12979   0.22881
  -0.18056   0.10963  -0.01061
  -0.18056   0.10963   0.22881
  -0.18056   0.10963  -0.01061
  -0.18056   0.10963  -0.01061
  -0.18056   0.10963  -0.01061
  -0.18056   0.10963   0.22881
   0.05886   0.10963  -0.01061
  -0.18056  -0.12979  -0.01061
  -0.18056  -0.12979  -0.01061
  -0.18056  -0.12979  -0.01061
  -0.18056  -0.12979   0.22881
  -0.18056   0.10963  -0.01061
  -0.18056  -0.12979   0.22881
  -0.18056  -0.12979  -0.01061
  -0.18056  -0.12979  -0.01061
  -0.18056  -0.12979  -0.01061
  -0.18056  -0.12979   0.22881
  -0.18056  -0.12979   0.22881
  -0.18056  -0.12979  -0.01061
  -0.18056  -0.12979   0.22881
  -0.18056  -0.12979   0.22881
  -0.18056   0.10963   0.22881
  -0.18056   0.10963   0.22881
  -0.18056   0.10963  -0.01061
  -0.18056   0.10963  -0.01061
  -0.18056   0.10963  -0.01061
  -0.18056   0.10963  -0.01061
  -0.18056   0.10963  -0.01061
  -0.18056   0.10963   0.22881
  -0.18056  -0.12979  -0.01061
  -0.18056   0.10963  -0.01061
  -0.18056  -0.12979  -0.01061
   0.05886   0.10963   0.22881
  -0.18056   0.10963   0.22881
  -0.18056   0.10963  -0.01061
  -0.18056  -0.12979  -0.01061
  -0.18056  -0.12979   0.22881
  -0.18056   0.10963   0.22881
  -0.18056  -0.12979  -0.01061
  -0.18056  -0.12979   0.22881
  -0.18056  -0.12979   0.22881
  -0.18056   0.10963   0.22881
  -0.18056  -0.12979   0.22881
  -0.18056  -0.12979  -0.01061
  -0.18056   0.10963   0.22881
   0.05886  -0.12979   0.22881
  -0.18056   0.10963  -0.01061
  -0.18056  -0.12979  -0.01061
  -0.18056  -0.12979   0.22881
  -0.18056  -0.12979   0.22881
  -0.18056  -0.12979  -0.01061
  -0.18056  -0.12979   0.22881
  -0.18056  -0.12979   0.22881
  -0.18056  -0.12979  -0.01061
  -0.18056  -0.12979  -0.01061
   0.05886  -0.12979   0.22881
   0.05886   0.10963   0.22881
   0.05886   0.10963   0.22881
  -0.18056   0.10963   0.22881
  -0.18056   0.10963   0.22881
  -0.18056   0.10963   0.22881
  -0.18056  -0.12979   0.22881
  -0.18056  -0.12979   0.22881
  -0.18056  -0.12979   0.22881
  -0.18056  -0.12979   0.22881
  -0.18056   0.10963   0.22881
   0.05886   0.10963  -0.01061
  -0.18056   0.10963   0.46823
   0.05886   0.10963  -0.01061
   0.05886   0.10963   0.22881
   0.05886   0.10963   0.22881
  -0.18056   0.10963  -0.01061
   0.05886   0.10963   0.22881
   0.05886   0.10963   0.22881
   0.05886  -0.12979   0.22881
   0.05886  -0.12979   0.22881
   0.05886  -0.36921   0.22881
   0.05886  -0.12979   0.22881
   0.05886  -0.12979  -0.01061
   0.05886  -0.12979  -0.01061
   0.05886  -0.12979  -0.01061
   0.05886  -0.12979   0.22881
   0.05886  -0.12979  -0.01061
   0.05886  -0.12979   0.22881
   0.05886  -0.12979  -0.01061
   0.05886  -0.12979  -0.01061
   0.05886  -0.12979   0.22881
   0.05886   0.10963  -0.01061
   0.05886   0.10963  -0.01061
   0.05886  -0.12979   0.22881
   0.05886  -0.12979  -0.01061
   0.05886  -0.12979   0.22881
   0.05886  -0.36921  -0.01061
   0.05886  -0.12979  -0.01061
  -0.18056   0.10963   0.22881
   0.05886   0.10963  -0.01061
  -0.18056   0.10963  -0.01061
   0.05886   0.10963   0.22881
   0.05886   0.10963  -0.01061
   0.05886   0.10963  -0.01061
   0.05886   0.10963  -0.01061
   0.05886   0.10963  -0.01061
  -0.18056   0.10963  -0.01061
   0.05886  -0.12979   0.22881
   0.05886  -0.12979   0.22881
  -0.18056  -0.12979   0.22881
   0.05886  -0.12979  -0.25003
   0.05886  -0.12979  -0.01061
   0.05886  -0.12979  -0.01061
   0.05886   0.10963  -0.01061
   0.05886   0.10963  -0.01061
   0.05886   0.10963  -0.01061
   0.05886   0.10963  -0.01061
   0.05886   0.10963   0.22881
   0.29828   0.10963  -0.01061
   0.29828  -0.12979   0.22881
   0.29828  -0.12979   0.22881
   0.05886  -0.36921  -0.01061
   0.05886  -0.12979   0.22881
   0.05886  -0.12979  -0.01061
   0.05886  -0.12979  -0.01061
   0.05886  -0.12979  -0.01061
   0.05886  -0.12979  -0.01061
   0.05886  -0.12979  -0.01061
   0.05886   0.10963   0.22881
   0.05886  -0.12979  -0.01061
   0.05886   0.10963  -0.01061
   0.05886  -0.12979  -0.01061
   0.05886   0.10963  -0.01061
   0.05886  -0.12979  -0.01061
   0.05886  -0.12979  -0.01061
   0.05886  -0.12979  -0.01061
   0.05886  -0.12979  -0.01061
   0.05886  -0.12979  -0.01061
   0.05886  -0.12979  -0.01061
   0.05886   0.10963  -0.01061
   0.05886   0.10963  -0.01061
   0.05886   0.10963  -0.01061
   0.05886   0.10963  -0.01061
   0.05886   0.10963  -0.01061
  -0.18056  -0.12979  -0.01061
   0.05886   0.10963  -0.01061
   0.05886  -0.12979  -0.01061
   0.05886  -0.12979  -0.01061
   0.05886  -0.12979  -0.01061
   0.05886   0.10963  -0.01061
   0.05886   0.10963  -0.01061
   0.05886   0.10963  -0.25003
   0.05886   0.10963  -0.01061
  -0.18056  -0.12979  -0.01061
   0.05886   0.10963  -0.01061
   0.05886   0.10963  -0.01061
  -0.18056  -0.12979  -0.01061
   0.05886   0.10963  -0.01061
   0.05886   0.10963  -0.01061
   0.05886   0.10963  -0.25003
   0.05886  -0.12979  -0.25003
   0.05886   0.10963  -0.01061
   0.05886   0.10963  -0.01061
   0.05886  -0.12979  -0.01061
   0.05886   0.10963  -0.01061
   0.05886  -0.12979  -0.01061
   0.05886  -0.12979  -0.25003
   0.05886   0.10963  -0.01061
   0.05886   0.10963  -0.01061
   0.05886   0.10963  -0.01061
   0.05886   0.10963  -0.01061
   0.05886   0.10963  -0.25003
   0.05886   0.10963  -0.01061
  -0.18056   0.10963  -0.01061
   0.05886   0.10963  -0.01061
   0.05886   0.10963  -0.01061
   0.05886   0.10963  -0.01061
   0.05886  -0.12979  -0.01061
   0.05886   0.10963  -0.01061
  -0.18056   0.10963  -0.01061
  -0.18056  -0.12979  -0.48945
  -0.18056  -0.12979  -0.25003
   0.05886  -0.12979  -0.01061
   0.05886   0.10963  -0.25003
  -0.18056   0.10963  -0.25003
  -0.18056   0.34905  -0.01061
   0.05886   0.10963  -0.25003
  -0.18056   0.10963  -0.25003
   0.05886   0.10963  -0.25003
   0.05886   0.10963  -0.25003
   0.05886   0.34905  -0.25003
  -0.18056   0.10963  -0.25003
   0.05886   0.10963  -0.25003
   0.05886   0.10963  -0.48945
   0.05886   0.10963  -0.25003
   0.05886   0.10963  -0.25003
  -0.18056   0.34905  -0.25003
   0.05886   0.10963  -0.25003
   0.05886   0.10963  -0.25003
   0.05886   0.10963  -0.01061
   0.05886   0.10963  -0.25003
   0.05886   0.10963  -0.25003
   0.05886  -0.12979  -0.25003
   0.05886  -0.12979  -0.01061
   0.05886  -0.12979  -0.25003
   0.05886  -0.12979  -0.25003
   0.05886  -0.12979  -0.25003
   0.05886  -0.12979  -0.25003
   0.05886  -0.12979  -0.25003
   0.05886  -0.12979  -0.25003
   0.05886  -0.12979  -0.25003
   0.05886  -0.12979  -0.25003
   0.05886  -0.12979  -0.25003
  -0.18056  -0.12979  -0.01061
   0.05886  -0.12979  -0.25003
   0.05886  -0.12979  -0.25003
  -0.18056   0.10963  -0.01061
   0.05886   0.10963  -0.25003
   0.05886   0.10963  -0.01061
   0.05886  -0.12979  -0.01061
   0.05886  -0.12979  -0.25003
   0.05886  -0.12979  -0.25003
   0.05886  -0.12979  -0.25003
  -0.18056  -0.12979  -0.01061
  -0.18056  -0.12979  -0.25003
  -0.18056  -0.12979  -0.25003
  -0.18056   0.10963  -0.01061
   0.05886   0.10963  -0.25003
   0.05886   0.10963  -0.25003
  -0.18056  -0.12979  -0.01061
  -0.18056   0.10963  -0.25003
  -0.18056   0.10963  -0.01061
  -0.18056   0.10963  -0.01061
  -0.18056   0.10963  -0.25003
  -0.18056   0.10963  -0.01061
  -0.18056   0.10963  -0.01061
   0.05886   0.10963  -0.01061
   0.05886   0.10963  -0.01061
   0.05886   0.10963  -0.01061
  -0.18056   0.10963  -0.01061
  -0.18056   0.10963  -0.01061
  -0.18056  -0.12979  -0.25003
   0.05886   0.10963  -0.01061
  -0.18056   0.10963  -0.01061
   0.05886  -0.12979  -0.01061
   0.05886  -0.12979  -0.01061
  -0.18056  -0.12979  -0.01061
  -0.18056  -0.12979  -0.01061
  -0.18056  -0.12979  -0.01061
   0.05886  -0.12979  -0.01061
  -0.18056   0.10963  -0.01061
  -0.18056  -0.12979  -0.01061
  -0.18056  -0.12979  -0.01061
   0.05886   0.10963   0.22881
  -0.18056  -0.12979  -0.01061
  -0.18056  -0.12979  -0.01061
   0.05886  -0.12979  -0.01061
  -0.18056   0.10963  -0.01061
  -0.18056   0.10963  -0.01061
   0.05886   0.10963  -0.01061
   0.05886   0.10963   0.22881
   0.05886   0.10963  -0.01061
   0.05886   0.10963  -0.01061
   0.05886   0.10963   0.22881
   0.05886  -0.12979   0.22881
   0.05886  -0.12979  -0.01061
   0.05886  -0.12979  -0.01061
   0.05886  -0.12979  -0.01061
   0.05886   0.10963  -0.01061
  -0.18056  -0.12979  -0.01061
   0.05886   0.10963  -0.01061
   0.05886  -0.12979  -0.01061
   0.05886  -0.12979  -0.01061
   0.05886   0.10963   0.22881
   0.05886  -0.12979  -0.01061
  -0.18056  -0.12979  -0.01061
   0.05886  -0.12979  -0.01061
   0.05886   0.10963  -0.25003
   0.05886   0.10963  -0.01061
   0.05886   0.10963  -0.01061
   0.05886   0.10963  -0.01061
   0.05886   0.10963  -0.01061
   0.05886   0.10963  -0.01061
   0.05886   0.10963  -0.25003
   0.05886   0.10963  -0.01061
   0.05886   0.10963  -0.01061
   0.05886   0.34905   0.22881
   0.05886   0.10963  -0.01061
   0.05886   0.10963  -0.01061
   0.05886   0.10963   0.22881
   0.05886  -0.12979  -0.01061
   0.05886   0.10963  -0.01061
   0.05886   0.10963  -0.01061
   0.05886   0.34905  -0.01061
   0.05886   0.10963   0.22881
   0.05886   0.10963  -0.01061
   0.05886   0.10963  -0.01061
   0.05886   0.10963  -0.01061
   0.05886   0.10963  -0.01061
   0.05886  -0.12979   0.22881
   0.05886  -0.12979  -0.01061
   0.29828   0.10963  -0.01061
   0.05886   0.10963  -0.01061
   0.05886  -0.12979  -0.01061
   0.05886  -0.12979  -0.01061
   0.05886   0.10963  -0.01061
   0.05886   0.10963  -0.01061
   0.05886  -0.12979   0.22881
   0.05886  -0.12979  -0.01061
   0.29828  -0.12979  -0.01061
   0.05886  -0.12979  -0.01061
   0.05886  -0.12979  -0.01061
   0.05886  -0.12979  -0.01061
   0.05886  -0.12979   0.22881
   0.05886  -0.12979   0.22881
   0.05886  -0.12979  -0.01061
   0.05886  -0.12979  -0.01061
   0.05886  -0.12979  -0.01061
   0.05886  -0.12979  -0.01061
   0.05886  -0.12979  -0.01061
   0.05886  -0.12979   0.22881
   0.29828  -0.12979   0.22881
   0.05886  -0.36921  -0.01061
   0.29828  -0.12979   0.22881
   0.29828  -0.12979  -0.01061
   0.05886  -0.12979  -0.01061
   0.05886  -0.12979  -0.01061
  -0.18056   0.10963   0.22881
   0.05886  -0.12979  -0.01061
   0.05886  -0.12979  -0.01061
   0.05886   0.10963   0.22881
   0.29828   0.10963  -0.01061
   0.05886   0.10963   0.22881
   0.29828   0.10963  -0.01061
   0.29828   0.10963   0.22881
   0.05886   0.10963  -0.01061
   0.05886   0.10963   0.22881
   0.05886  -0.12979  -0.01061
   0.05886   0.10963  -0.01061
   0.05886   0.10963   0.22881
   0.05886   0.10963   0.22881
   0.05886   0.10963  -0.01061
   0.05886   0.10963   0.22881
   0.29828   0.10963  -0.01061
   0.05886   0.10963  -0.01061
   0.05886   0.10963  -0.01061
   0.05886  -0.12979  -0.01061
   0.05886  -0.12979  -0.01061
   0.05886   0.10963  -0.01061
   0.05886  -0.12979  -0.01061
   0.05886   0.10963  -0.01061
   0.05886  -0.12979   0.22881
   0.05886  -0.12979  -0.01061
   0.05886  -0.12979  -0.01061
   0.05886  -0.12979  -0.01061
   0.05886  -0.12979  -0.01061
   0.05886  -0.12979  -0.01061
   0.05886  -0.12979   0.22881
   0.05886  -0.12979  -0.01061
   0.05886   0.10963  -0.01061
   0.05886  -0.12979   0.22881
   0.05886  -0.12979  -0.01061
   0.05886  -0.12979   0.22881
   0.05886  -0.12979  -0.01061
   0.05886  -0.12979  -0.01061
   0.29828  -0.12979   0.22881
   0.05886  -0.12979   0.22881
   0.29828  -0.12979   0.22881
   0.05886  -0.12979  -0.01061
   0.05886  -0.12979   0.22881
   0.05886  -0.12979  -0.01061
   0.05886  -0.12979   0.22881
   0.05886   0.10963  -0.01061
   0.05886  -0.36921   0.22881
   0.05886  -0.12979   0.22881
   0.05886  -0.12979   0.22881
   0.05886  -0.12979  -0.01061
   0.05886  -0.12979   0.22881
   0.05886  -0.12979  -0.01061
   0.05886  -0.12979  -0.01061
   0.05886   0.10963  -0.01061
   0.05886  -0.12979  -0.01061
   0.05886  -0.12979   0.22881
  -0.18056   0.10963   0.22881
   0.05886  -0.12979  -0.01061
   0.05886   0.10963   0.22881
  -0.18056  -0.12979   0.46823
   0.05886  -0.12979   0.22881
   0.05886  -0.12979  -0.01061
   0.05886   0.10963   0.22881
   0.05886   0.10963  -0.01061
   0.05886  -0.12979  -0.01061
   0.05886   0.10963   0.22881
   0.05886   0.10963  -0.01061
   0.05886   0.10963  -0.01061
   0.05886   0.10963  -0.01061
   0.05886   0.10963   0.22881
   0.05886  -0.12979  -0.01061
   0.05886   0.10963  -0.01061
   0.05886   0.10963   0.22881
  -0.18056   0.10963   0.22881
   0.05886   0.10963   0.22881
   0.05886   0.10963  -0.01061
   0.05886   0.10963  -0.01061
   0.05886   0.10963  -0.01061
  -0.18056   0.10963  -0.01061
   0.05886   0.10963  -0.01061
  -0.18056   0.10963   0.22881
  -0.18056   0.10963  -0.01061
   0.05886   0.10963  -0.01061
   0.05886  -0.12979  -0.01061
  -0.18056   0.10963  -0.01061
  -0.18056  -0.12979  -0.01061
  -0.18056   0.10963  -0.01061
  -0.18056  -0.12979  -0.01061
  -0.41998   0.10963   0.22881
  -0.18056   0.10963  -0.01061
  -0.18056   0.10963  -0.01061
  -0.18056   0.10963  -0.01061
  -0.18056   0.10963   0.22881
  -0.41998   0.10963  -0.01061
  -0.18056   0.10963  -0.01061
  -0.41998   0.10963  -0.01061
  -0.41998  -0.12979  -0.01061
  -0.18056  -0.12979  -0.01061
  -0.18056   0.10963   0.22881
  -0.18056   0.10963  -0.01061
  -0.18056   0.10963  -0.01061
  -0.18056   0.10963  -0.01061
  -0.18056   0.10963  -0.01061
  -0.18056  -0.12979  -0.01061
  -0.18056   0.10963  -0.01061
  -0.18056   0.10963  -0.01061
  -0.18056   0.10963  -0.01061
  -0.18056   0.10963  -0.01061
  -0.18056   0.10963  -0.01061
  -0.41998   0.10963  -0.01061
  -0.18056  -0.12979  -0.01061
  -0.41998  -0.12979  -0.01061
  -0.18056   0.10963  -0.01061
  -0.18056   0.10963  -0.25003
  -0.41998   0.10963  -0.01061
  -0.18056   0.10963  -0.25003
   0.05886  -0.12979  -0.01061
  -0.18056  -0.12979  -0.01061
  -0.18056  -0.12979  -0.01061
  -0.18056  -0.12979  -0.01061
  -0.18056  -0.36921  -0.01061
  -0.41998  -0.36921  -0.01061
  -0.18056  -0.12979  -0.01061
  -0.18056  -0.36921  -0.01061
  -0.18056  -0.12979  -0.01061
  -0.18056  -0.12979  -0.01061
  -0.18056   0.10963  -0.01061
  -0.18056   0.10963  -0.01061
  -0.18056  -0.12979  -0.01061
  -0.18056  -0.12979   0.22881
   0.05886  -0.12979  -0.25003
  -0.18056  -0.12979  -0.01061
  -0.18056  -0.12979  -0.01061
  -0.18056  -0.12979  -0.01061
  -0.18056  -0.12979  -0.01061
  -0.18056  -0.12979  -0.01061
  -0.41998   0.10963   0.22881
  -0.18056  -0.12979  -0.01061
  -0.18056   0.10963  -0.01061
  -0.18056   0.10963  -0.01061
  -0.18056   0.10963  -0.01061
  -0.18056   0.10963  -0.01061
  -0.18056   0.10963  -0.01061
  -0.18056   0.10963  -0.01061
  -0.18056  -0.12979  -0.25003
  -0.18056   0.10963  -0.01061
  -0.18056   0.10963   0.22881
  -0.18056  -0.12979  -0.01061
   0.05886   0.10963  -0.01061
  -0.18056   0.10963  -0.01061
  -0.18056   0.10963  -0.01061
  -0.18056   0.10963  -0.01061
  -0.18056   0.10963  -0.01061
  -0.18056   0.10963  -0.01061
  -0.18056   0.10963  -0.01061
  -0.18056  -0.12979  -0.01061
  -0.18056   0.10963  -0.01061
  -0.18056   0.10963  -0.01061
  -0.18056   0.10963  -0.01061
  -0.18056   0.10963  -0.01061
  -0.18056   0.10963  -0.01061
   0.05886   0.34905  -0.01061
  -0.18056   0.10963  -0.01061
  -0.18056   0.10963  -0.01061
  -0.18056   0.10963  -0.25003
  -0.18056   0.10963  -0.01061
   0.05886   0.10963  -0.01061
   0.05886   0.10963   0.22881
   0.05886   0.10963  -0.01061
   0.05886  -0.12979  -0.01061
   0.05886   0.10963  -0.01061
   0.05886  -0.12979  -0.25003
   0.05886  -0.12979  -0.01061
   0.05886  -0.12979  -0.01061
   0.05886  -0.12979  -0.01061
   0.05886   0.10963  -0.01061
   0.05886   0.10963   0.22881
   0.05886  -0.12979   0.22881
   0.05886  -0.12979  -0.01061
   0.05886  -0.12979  -0.01061
   0.05886  -0.12979   0.22881
  -0.18056  -0.36921  -0.01061
   0.05886  -0.12979  -0.01061
   0.05886  -0.36921  -0.01061
  -0.18056  -0.12979  -0.01061
   0.05886  -0.12979  -0.01061
   0.05886  -0.12979  -0.01061
   0.05886   0.10963  -0.01061
   0.05886   0.10963  -0.01061
   0.05886  -0.12979  -0.01061
   0.05886  -0.12979  -0.01061
   0.05886  -0.12979  -0.25003
   0.05886  -0.12979  -0.01061
   0.05886  -0.12979  -0.01061
   0.05886  -0.12979  -0.01061
   0.05886  -0.12979  -0.01061
  -0.18056   0.10963  -0.01061
  -0.18056  -0.12979  -0.01061
   0.05886   0.10963  -0.25003
   0.05886   0.10963  -0.01061
  -0.18056   0.10963  -0.01061
   0.05886   0.10963  -0.01061
   0.05886   0.10963  -0.01061
  -0.18056   0.10963  -0.01061
  -0.18056   0.10963  -0.25003
   0.05886   0.10963  -0.01061
   0.05886   0.10963  -0.25003
   0.05886   0.10963  -0.25003
   0.05886   0.10963  -0.01061
   0.05886  -0.12979  -0.01061
   0.05886   0.10963  -0.01061
   0.05886  -0.12979  -0.01061
   0.05886   0.10963  -0.01061
   0.05886  -0.12979   0.22881
   0.05886  -0.12979  -0.25003
   0.05886   0.10963  -0.01061
   0.05886  -0.12979  -0.01061
   0.05886  -0.12979  -0.01061
   0.05886  -0.12979  -0.01061
   0.05886  -0.12979  -0.01061
   0.05886  -0.12979  -0.01061
   0.05886   0.10963  -0.01061
   0.05886  -0.12979  -0.25003
   0.05886  -0.12979  -0.01061
   0.05886  -0.12979  -0.01061
   0.29828   0.10963  -0.25003
   0.05886  -0.12979  -0.01061
   0.05886   0.10963  -0.01061
   0.05886  -0.12979  -0.25003
   0.05886  -0.12979  -0.01061
   0.05886  -0.12979  -0.01061
   0.05886  -0.12979  -0.01061
   0.05886  -0.12979  -0.25003
   0.05886   0.10963  -0.01061
   0.05886   0.10963  -0.25003
   0.29828   0.10963  -0.01061
   0.29828   0.10963  -0.01061
   0.05886  -0.12979  -0.25003
   0.05886  -0.12979  -0.01061
   0.05886  -0.12979  -0.01061
   0.05886   0.10963  -0.01061
   0.05886   0.10963  -0.01061
   0.05886   0.10963  -0.01061
   0.05886   0.10963  -0.01061
   0.29828   0.10963  -0.25003
   0.29828  -0.12979  -0.01061
   0.29828   0.10963  -0.01061
   0.29828   0.10963  -0.25003
   0.29828   0.10963  -0.25003
   0.29828   0.10963  -0.25003
   0.05886   0.10963  -0.01061
   0.05886   0.10963  -0.25003
   0.29828  -0.12979  -0.25003
   0.29828   0.10963  -0.25003
   0.29828  -0.12979  -0.01061
   0.29828  -0.12979  -0.01061
   0.29828   0.10963  -0.01061
   0.29828  -0.12979  -0.25003
   0.05886  -0.12979  -0.01061
   0.05886  -0.12979  -0.01061
   0.05886  -0.12979  -0.01061
   0.29828  -0.12979  -0.01061
   0.29828  -0.12979  -0.25003
   0.29828  -0.12979  -0.25003
   0.29828  -0.12979  -0.01061
   0.05886  -0.12979  -0.25003
   0.05886  -0.12979  -0.25003
   0.05886  -0.12979  -0.01061
   0.29828  -0.12979  -0.01061
   0.29828   0.10963  -0.25003
   0.05886   0.10963  -0.01061
   0.29828   0.10963  -0.01061
   0.29828   0.10963  -0.01061
   0.29828  -0.12979  -0.01061
   0.29828   0.10963  -0.01061
   0.29828   0.10963  -0.01061
   0.29828   0.10963  -0.01061
   0.29828   0.10963  -0.25003
   0.29828   0.10963  -0.01061
   0.29828   0.10963  -0.25003
   0.29828   0.10963  -0.25003
   0.29828   0.10963  -0.01061
   0.05886   0.10963  -0.01061
   0.29828  -0.12979  -0.01061
   0.29828  -0.12979  -0.25003
   0.29828  -0.12979  -0.01061
   0.29828  -0.12979  -0.01061
   0.29828  -0.12979  -0.01061
   0.05886  -0.12979  -0.25003
   0.05886  -0.12979  -0.25003
   0.29828  -0.12979  -0.01061
   0.05886  -0.12979  -0.01061
   0.29828  -0.12979  -0.25003
   0.05886  -0.12979  -0.01061
   0.05886  -0.12979  -0.01061
   0.05886  -0.36921  -0.25003
   0.29828  -0.12979  -0.01061
   0.29828  -0.12979  -0.01061
   0.05886  -0.12979  -0.01061
   0.05886  -0.12979  -0.01061
   0.05886  -0.12979  -0.01061
   0.05886  -0.12979  -0.01061
   0.05886  -0.12979  -0.01061
   0.05886  -0.12979  -0.01061
   0.29828  -0.12979  -0.01061
   0.05886  -0.12979  -0.01061
   0.05886  -0.12979  -0.01061
   0.05886   0.10963  -0.01061
   0.05886  -0.12979  -0.25003
   0.05886  -0.12979  -0.01061
   0.05886   0.10963  -0.01061
   0.05886  -0.12979  -0.01061
   0.05886   0.10963   0.22881
   0.05886   0.10963  -0.01061
   0.05886   0.10963  -0.01061
   0.05886   0.34905  -0.01061
   0.05886   0.10963  -0.01061
   0.05886  -0.12979  -0.01061
   0.05886   0.10963  -0.01061
   0.05886   0.10963  -0.25003
   0.05886   0.10963   0.22881
   0.05886   0.10963  -0.01061
   0.05886  -0.12979  -0.01061
  -0.18056   0.10963  -0.01061
   0.05886   0.10963  -0.01061
   0.05886   0.10963  -0.01061
   0.05886   0.10963  -0.01061
   0.05886   0.10963  -0.01061
   0.05886  -0.12979  -0.01061
   0.05886   0.10963   0.22881
   0.05886  -0.12979  -0.01061
   0.05886   0.10963   0.22881
  -0.18056   0.10963   0.22881
   0.05886   0.10963  -0.01061
   0.05886  -0.12979  -0.01061
  -0.18056   0.10963   0.22881
   0.05886  -0.12979   0.22881
   0.05886   0.10963  -0.01061
  -0.18056   0.10963   0.22881
   0.05886   0.10963  -0.01061
   0.05886   0.10963  -0.01061
   0.05886   0.10963  -0.01061
   0.05886   0.10963  -0.01061
  -0.18056  -0.36921  -0.01061
  -0.18056  -0.12979  -0.01061
  -0.18056  -0.12979   0.22881
  -0.18056  -0.36921  -0.01061
  -0.18056  -0.12979  -0.01061
   0.05886   0.10963  -0.01061
  -0.18056  -0.12979   0.22881
   0.05886  -0.12979  -0.01061
  -0.18056  -0.12979  -0.01061