********************************************************************************
              CENTRO DE INSTRUMENTACION Y REGISTRO SISMICO  A.C.

    Anaxagoras 814, Col. Narvarte, Benito Juarez, C.P. 03020 Mexico, D.F.
           Tels. 5687 45 42/ 5687 45  82             Fax. 5669 25 12
********************************************************************************
ARCHIVO ESTANDAR DE ACELERACION:
VERSION DEL FORMATO                    : 2.0
NOMBRE DEL ARCHIVO                     : JC5420140510073601
FECHA Y HORA DE CREACION               : 23/MAY/14, 10:31
REF. CATALOGO ACELEROGRAMAS, SMIS 1996 : REGISTRO No.     /PAG.


================================================================================
DATOS DE LA ESTACION:
NOMBRE DE LA ESTACION                  : PARQUE JARDINES DE COYOACÁN
CLAVE DE LA ESTACION                   : JC54
LOCALIZACION DE LA ESTACION            : Del. Coyoacán, Col. Jardines de        
                                       : Coyoacán, entre calles Dalias e Iris.  
                                       :                                        
                                       :                                        
                                       : 
COORDENADAS DE LA ESTACION             : 19.3130 LAT. N
                                       : 99.1272 LONG. W
ALTITUD (msnm)                         : 2237
TIPO DE SUELO                          : Arcilloso, zona lago                
                                       :                           
                                       : 
INSTITUCION RESPONSABLE                : CIRES
                                       : 

================================================================================
DATOS DEL ACELEROGRAFO:
MODELO DEL ACELEROGRAFO                : RADESD
NUMERO DE SERIE DEL ACELEROGRAFO       : 210
NUMERO DE CANALES                      : 3
ORIENTACION C1-C6 (rumbo;orientacion)  : /N00E/+V/N90W
ORIENTACION C7-C12 (rumbo;orientacion) : 
VEL. DE MUESTREO, C1-C6 (muestras/s)   : /100/100/100
VEL. DE MUESTREO, C7-C12 (muestras/s)  : 
ESC. COMPLETA DE SENSORES, C1-C6, (g)  : /0.5/0.5/0.5
ESC. COMPLETA DE SENSORES, C7-C12, (g) : 
FREC. NAT. DE SENSORES, C1-C6, (Hz)    : /30/30/30
FREC. NAT. DE SENSORES, C7-C12, (Hz)   : 
AMORTIGUAMIENTO DE SENSORES, C1-C6     : /0.733/0.733/0.733
AMORTIGUAMIENTO DE SENSORES, C7-C12    : 
INTERVALO DE MUESTREO, C1-C6, (s)      : /0.01/0.01/0.01
INTERVALO DE MUESTREO, C7-C12, (s)     : 
UMBRAL DE DISPARO, C1-C6, (Gal)        : /1.65/4.79/1.95
UMBRAL DE DISPARO, C7-C12, (Gal)       : 
MEMORIA DE PREEVENTO (s)               : 44.0
TIEMPO DE POSEVENTO (s)                : 64.0


================================================================================
DATOS DEL SISMO:
FECHA DEL SISMO (GMT)                  : 10/MAY/14
HORA EPICENTRO (GMT)                   : 07:36:01.0
MAGNITUD(ES)                           : /Mc=6.1
COORDENADAS DEL EPICENTRO              : 17.06 LAT. N
                                       : 100.95 LONG. W
PROFUNDIDAD FOCAL (km)                 : 12
FUENTE DE LOS DATOS EPICENTRALES       : SSN
                                       : INSTITUTO DE GEOFISICA, UNAM

================================================================================
DATOS DE ESTE REGISTRO:
HORA DE LA PRIMERA MUESTRA (GMT)       : 07:37:03.00
EXACTITUD DEL TIEMPO (s)               : 0.01
DURACION DEL REGISTRO (s), C1-C6       : /215.6/215.6/215.6
DURACION DEL REGISTRO (s), C7-C12      : 
NUM. TOTAL DE MUESTRAS, C1-C6          : /21560/21560/21560
NUM. TOTAL DE MUESTRAS, C7-C12         : 
ACEL. MAX. (Gal), C1-C6                : /15.71184/2.05118/9.58084
ACEL. MAX., C1-C6, EN LA MUESTRA       : /9287/8012/8191
ACEL. MAX. (Gal), C7-C12               : 
ACEL. MAX., C7-C12, EN LA MUESTRA      : 
UNIDADES DE LOS DATOS                  : Gal (cm/s/s)
FACTOR DE DECIMACION                   : 1
FORMATO DATOS (FORTRAN,10 campos/dato) : 3F10.5


================================================================================
CALIDAD DEL ACELEROGRAMA:
REGISTRO DIGITAL COMPLETO CON TIEMPO ABSOLUTO CORRECTO.


================================================================================
COMENTARIOS:














================================================================================
DATOS DE ACELERACION:
---------+---------+---------+---------+---------+---------+---------+---------+
   CANAL-1   CANAL-2   CANAL-3   CANAL-4   CANAL-5   CANAL-6   CANAL-7   CANAL-8
      N00E        +V      N90W
---------+---------+---------+---------+---------+---------+---------+---------+
  -0.01507  -0.01382  -0.00403
  -0.03004  -0.02878  -0.03396
  -0.01507   0.03107  -0.03396
  -1.1E-40   0.00115  -0.01900
  -1.1E-40  -0.02878  -0.01900
  -1.1E-40  -0.02878  -0.03396
  -0.03004   0.03107  -0.03396
  -0.01507   0.01611  -0.04892
  -1.1E-40   0.01611  -0.04892
  -0.01507   0.00115  -0.01900
  -0.01507   0.03107  -0.03396
  -1.1E-40   0.01611  -0.01900
  -0.01507   0.00115  -0.04892
  -0.01507  -0.01382  -0.03396
  -0.01507   0.01611  -0.03396
  -1.1E-40   0.00115  -0.01900
  -0.03004   0.01611  -0.04892
  -1.1E-40   0.01611  -0.04892
  -1.1E-40   0.00115  -0.03396
  -0.03004  -0.02878  -0.03396
  -0.01507   0.00115  -0.03396
  -0.01507   0.01611  -0.03396
  -0.01507  -0.04375  -0.00403
  -0.03004   0.01611  -0.04892
  -0.03004  -0.02878  -0.03396
  -1.1E-40   0.01611  -0.03396
  -0.04500  -0.01382  -0.01900
  -0.01507   0.03107  -0.04892
  -1.1E-40   0.00115  -0.00403
  -0.01507   0.03107  -0.04892
  -1.1E-40   0.04604  -0.04892
  -1.1E-40  -0.01382  -0.01900
  -0.01507   0.00115  -0.00403
  -0.01507  -0.01382  -0.03396
  -0.01507   0.03107  -0.04892
   0.01486   0.00115  -0.01900
  -0.01507   0.00115  -0.01900
  -1.1E-40   0.01611  -0.03396
  -0.03004  -0.01382  -0.01900
  -0.01507   0.01611  -0.04892
  -1.1E-40  -0.01382  -0.03396
  -0.03004  -0.01382   0.01093
  -0.01507   0.00115  -0.03396
  -0.03004   0.00115  -0.01900
  -1.1E-40   0.01611  -0.01900
  -1.1E-40   0.00115  -0.01900
  -0.03004   0.01611  -0.01900
  -1.1E-40   0.00115  -0.01900
  -1.1E-40   0.03107  -0.03396
  -1.1E-40   0.00115  -0.01900
  -1.1E-40   0.00115  -0.04892
  -0.01507   0.01611  -0.03396
   0.01486   0.01611  -0.03396
  -1.1E-40   0.01611  -0.01900
  -1.1E-40  -0.01382  -0.01900
  -1.1E-40   0.01611  -0.01900
  -1.1E-40   0.00115  -0.03396
  -0.03004  -0.01382  -0.01900
   0.01486   0.01611  -0.03396
  -0.01507  -0.01382  -0.01900
  -0.01507   0.00115  -0.06389
  -1.1E-40   0.01611  -0.03396
  -0.01507   0.01611  -0.03396
  -0.03004   0.01611  -0.03396
  -0.03004   0.00115  -0.03396
  -0.01507   0.01611  -0.04892
  -0.01507   0.00115  -0.03396
  -1.1E-40   0.00115  -0.01900
  -1.1E-40  -0.01382  -0.03396
  -0.01507   0.03107  -0.01900
  -1.1E-40  -0.02878  -0.00403
  -0.03004   0.01611  -0.04892
  -0.01507  -0.01382  -0.00403
  -0.03004   0.01611  -0.03396
  -0.01507   0.00115  -0.04892
  -0.01507  -0.01382  -0.03396
  -1.1E-40   0.00115  -0.01900
  -0.04500   0.00115  -0.03396
  -1.1E-40   0.01611  -0.03396
  -0.01507   0.00115  -0.00403
  -0.01507   0.01611  -0.03396
  -1.1E-40   0.00115  -0.00403
  -0.01507   0.00115  -0.03396
  -1.1E-40   0.00115  -0.03396
  -1.1E-40  -0.01382  -0.00403
  -0.03004  -0.01382  -0.03396
  -1.1E-40   0.03107  -0.03396
   0.01486   0.01611  -0.01900
  -0.03004   0.00115  -0.00403
   0.01486   0.01611  -0.03396
  -0.01507  -0.01382  -0.01900
  -0.03004   0.00115  -0.00403
  -0.01507   0.01611  -0.04892
  -0.01507   0.00115  -0.03396
  -0.03004   0.01611  -0.01900
  -0.03004   0.03107  -0.04892
  -1.1E-40   0.03107  -0.01900
  -1.1E-40   0.00115  -0.00403
  -0.01507   0.01611  -0.03396
  -1.1E-40   0.00115  -0.01900
  -0.01507   0.00115  -0.03396
  -0.01507   0.00115  -0.03396
   0.01486   0.01611  -0.03396
  -1.1E-40   0.00115  -0.03396
   0.01486   0.00115  -0.04892
  -0.01507   0.01611  -0.03396
  -1.1E-40  -0.02878  -0.01900
  -0.01507   0.00115  -0.01900
  -0.03004  -0.01382  -0.01900
  -1.1E-40   0.01611  -0.03396
  -0.01507  -0.01382  -0.03396
  -0.03004   0.00115  -0.01900
  -0.01507   0.01611  -0.00403
  -0.03004   0.00115  -0.04892
  -1.1E-40   0.00115  -0.00403
  -0.01507   0.00115  -0.00403
  -0.03004   0.00115  -0.04892
  -1.1E-40   0.00115  -0.04892
  -0.03004   0.00115  -0.00403
  -0.04500   0.00115  -0.06389
  -0.03004   0.01611  -0.03396
  -0.04500   0.03107  -0.04892
  -0.01507  -0.01382  -0.01900
  -0.01507   0.00115  -0.04892
  -0.01507  -0.01382  -0.03396
  -0.01507   0.01611  -0.03396
  -1.1E-40   0.01611  -0.04892
  -1.1E-40   0.01611  -0.03396
  -0.01507   0.01611  -0.03396
  -0.01507   0.01611  -0.03396
  -0.01507   0.03107  -0.03396
  -0.03004   0.00115  -0.03396
  -0.01507   0.01611  -0.01900
  -0.01507   0.00115  -0.04892
  -1.1E-40   0.00115  -0.03396
  -0.03004   0.00115  -0.01900
  -1.1E-40   0.01611  -0.01900
  -0.03004   0.00115  -0.03396
  -1.1E-40   0.01611  -0.01900
  -1.1E-40   0.00115  -0.01900
  -0.01507   0.01611  -0.01900
  -1.1E-40  -0.01382  -0.03396
   0.01486   0.00115  -0.00403
  -0.01507   0.00115  -0.01900
  -0.01507   0.03107  -0.04892
  -0.03004  -0.01382  -0.01900
  -0.01507   0.01611  -0.01900
  -0.01507   0.03107  -0.04892
   0.02982   0.01611  -0.01900
  -0.01507   0.01611  -0.00403
  -0.01507   0.03107  -0.01900
  -0.01507  -0.01382  -0.03396
  -1.1E-40   0.03107  -0.01900
  -0.01507   0.01611  -0.00403
  -0.01507   0.00115  -0.03396
  -1.1E-40   0.01611  -0.03396
  -0.03004   0.00115  -0.04892
  -1.1E-40   0.03107  -0.03396
  -0.01507   0.00115  -0.01900
  -0.03004  -0.01382  -0.03396
  -0.01507   0.01611  -0.01900
  -0.03004   0.00115  -0.03396
  -1.1E-40  -0.02878  -0.01900
  -0.03004   0.01611  -0.00403
  -0.01507   0.01611  -0.03396
  -1.1E-40   0.00115  -0.00403
  -0.01507   0.01611  -0.03396
  -1.1E-40   0.01611  -0.04892
  -0.03004   0.00115  -0.01900
  -0.01507   0.01611  -0.01900
  -1.1E-40   0.03107  -0.03396
  -0.01507   0.00115  -0.04892
  -0.01507  -0.02878  -0.00403
  -0.04500   0.01611  -0.01900
  -1.1E-40   0.00115  -0.03396
  -0.01507  -0.04375  -0.03396
  -1.1E-40   0.03107  -0.03396
  -1.1E-40   0.01611  -0.04892
  -0.01507   0.00115  -0.03396
  -1.1E-40   0.00115  -0.03396
  -1.1E-40  -0.01382  -0.00403
  -0.03004   0.00115  -0.03396
  -0.01507   0.00115  -0.04892
  -0.01507   0.01611  -0.03396
  -0.01507   0.01611  -0.03396
  -0.04500   0.00115  -0.01900
  -0.03004   0.01611  -0.03396
  -0.03004   0.01611  -0.03396
  -0.01507   0.01611  -0.03396
  -1.1E-40   0.00115  -0.01900
  -0.01507  -0.01382  -0.01900
  -0.01507  -0.01382  -0.03396
  -0.03004  -0.01382  -0.01900
  -0.03004  -0.01382  -0.01900
  -0.03004   0.00115  -0.03396
  -0.01507   0.01611  -0.01900
  -1.1E-40  -0.01382  -0.01900
  -0.04500   0.00115  -0.01900
  -0.03004   0.01611  -0.04892
  -1.1E-40   0.03107  -0.03396
  -0.01507  -0.02878  -0.03396
  -0.03004   0.01611  -0.03396
  -0.01507  -0.01382  -0.03396
   0.01486  -0.01382  -0.00403
  -0.01507  -0.01382  -0.01900
  -0.03004  -0.01382   0.01093
  -0.01507  -0.01382  -0.01900
  -0.04500  -0.01382  -0.01900
  -0.01507  -0.01382  -0.00403
  -1.1E-40   0.00115  -0.01900
  -0.01507  -0.01382  -0.00403
  -0.03004  -0.02878  -0.00403
   0.01486  -0.01382  -0.00403
  -0.01507  -0.01382  -0.01900
  -0.03004  -0.02878  -0.01900
  -0.03004   0.01611  -0.03396
  -0.01507   0.00115  -0.06389
  -0.01507   0.00115  -0.01900
  -0.03004   0.00115  -0.04892
  -0.01507   0.01611  -0.04892
  -1.1E-40   0.03107  -0.03396
  -1.1E-40   0.03107  -0.04892
  -1.1E-40   0.00115  -0.01900
  -0.01507  -0.02878  -0.00403
  -0.01507  -0.01382   0.02590
  -0.01507  -0.02878  -0.03396
  -0.04500   0.01611  -0.03396
  -0.01507   0.01611  -0.03396
   0.01486  -0.01382  -0.00403
   0.01486   0.00115  -0.01900
  -0.03004  -0.01382  -0.01900
  -0.01507   0.00115  -0.03396
  -0.03004  -0.01382  -0.03396
  -1.1E-40   0.03107  -0.03396
  -0.01507  -0.01382  -0.03396
  -0.01507   0.01611  -0.03396
  -0.01507   0.00115  -0.03396
  -0.03004   0.01611  -0.03396
  -0.01507   0.01611  -0.03396
  -1.1E-40   0.00115  -0.03396
  -1.1E-40   0.00115  -0.01900
  -1.1E-40   0.01611  -0.04892
  -0.03004   0.01611  -0.01900
  -0.01507   0.03107  -0.01900
   0.01486   0.03107  -0.04892
  -1.1E-40  -0.01382  -0.01900
  -0.01507   0.01611  -0.01900
  -0.01507   0.03107  -0.04892
  -0.01507   0.03107  -0.04892
  -0.01507   0.04604  -0.04892
  -0.03004   0.04604  -0.03396
  -0.01507   0.03107  -0.04892
  -1.1E-40   0.00115  -0.03396
  -0.01507   0.00115  -0.01900
  -0.03004  -0.02878  -0.01900
  -0.03004  -0.01382  -0.03396
  -0.03004   0.01611  -0.06389
  -0.01507   0.00115  -0.04892
  -0.03004   0.00115  -0.01900
  -0.03004   0.00115  -0.03396
  -0.04500   0.01611  -0.04892
   0.01486  -0.01382  -0.04892
  -1.1E-40  -0.01382  -0.03396
  -0.04500  -0.01382  -0.03396
  -0.03004   0.01611  -0.03396
  -0.01507  -0.01382  -0.03396
  -0.01507   0.00115  -0.03396
  -0.04500   0.00115  -0.01900
  -0.01507   0.01611  -0.04892
   0.01486   0.01611  -0.03396
  -0.03004  -0.01382  -0.01900
  -1.1E-40   0.00115  -0.04892
  -0.01507   0.01611  -0.03396
  -1.1E-40   0.00115  -0.03396
  -0.03004   0.01611  -0.01900
  -0.01507  -0.01382  -0.03396
   0.01486   0.01611  -0.06389
  -0.01507   0.00115  -0.01900
   0.01486   0.03107  -0.03396
  -0.01507  -0.01382  -0.00403
  -0.03004   0.01611  -0.03396
  -0.03004   0.01611  -0.01900
  -0.01507   0.00115  -0.04892
  -1.1E-40   0.00115  -0.01900
  -1.1E-40   0.00115  -0.01900
  -0.01507  -0.02878  -0.03396
  -0.01507   0.01611  -0.03396
  -1.1E-40  -0.01382  -0.01900
  -0.01507   0.03107  -0.01900
  -0.03004  -0.01382  -0.01900
  -0.01507   0.03107  -0.03396
  -0.01507   0.00115  -0.01900
  -0.01507  -0.01382  -0.00403
  -0.01507   0.01611  -0.03396
  -0.01507   0.00115  -0.01900
  -0.01507   0.01611  -0.01900
   0.01486   0.00115  -0.01900
  -1.1E-40  -0.01382  -0.00403
  -0.01507   0.00115  -0.03396
   0.01486   0.01611  -0.01900
  -0.01507   0.01611  -0.01900
   0.01486  -0.01382  -0.01900
  -0.01507   0.00115  -0.04892
  -1.1E-40   0.01611  -0.01900
  -0.01507   0.00115  -0.00403
  -0.03004   0.00115  -0.03396
  -1.1E-40   0.00115  -0.03396
  -0.04500  -0.01382  -0.03396
  -1.1E-40   0.01611  -0.01900
  -0.03004  -0.01382  -0.03396
  -1.1E-40   0.01611  -0.03396
  -1.1E-40   0.01611  -0.03396
  -0.01507  -0.01382  -0.01900
  -0.03004   0.01611  -0.03396
  -0.01507  -0.01382  -0.01900
  -0.03004   0.01611  -0.03396
  -1.1E-40   0.03107  -0.04892
  -0.04500  -0.01382  -0.04892
  -0.01507   0.04604  -0.03396
  -0.03004   0.01611  -0.04892
  -1.1E-40   0.00115  -0.03396
  -0.01507   0.00115  -0.03396
  -0.03004   0.03107  -0.04892
  -1.1E-40   0.00115  -0.00403
  -0.03004   0.00115  -0.04892
  -0.01507   0.00115  -0.03396
  -0.01507  -0.01382  -0.01900
  -0.01507  -0.01382  -0.03396
  -0.03004   0.01611  -0.03396
  -0.01507   0.00115  -0.04892
  -0.03004   0.01611  -0.03396
  -0.04500   0.01611  -0.03396
  -1.1E-40   0.01611  -0.01900
  -0.01507   0.03107  -0.04892
   0.01486   0.00115  -0.00403
  -0.01507  -0.01382  -0.01900
  -0.03004   0.00115  -0.03396
  -0.01507   0.01611  -0.03396
  -0.01507  -0.01382  -0.03396
  -0.03004  -0.01382  -0.00403
  -0.03004   0.00115  -0.04892
  -0.01507   0.03107  -0.06389
   0.01486   0.00115  -0.03396
  -0.01507  -0.01382  -0.01900
  -0.03004  -0.01382  -0.04892
  -0.01507   0.00115  -0.04892
  -0.01507   0.00115  -0.04892
  -0.01507   0.00115  -0.01900
  -0.03004  -0.01382  -0.01900
  -0.01507   0.01611  -0.03396
  -0.01507   0.01611  -0.04892
  -0.01507   0.00115  -0.03396
  -0.03004  -0.01382  -0.03396
  -0.01507   0.03107  -0.06389
  -1.1E-40   0.01611  -0.04892
  -0.01507  -0.02878  -0.03396
  -0.03004  -0.01382  -0.03396
  -0.01507  -0.01382  -0.01900
  -1.1E-40   0.03107  -0.04892
  -0.01507   0.03107  -0.04892
  -1.1E-40   0.00115  -0.04892
  -0.03004  -0.01382  -0.00403
  -0.01507   0.01611  -0.03396
  -0.01507   0.01611  -0.03396
  -0.03004   0.00115  -0.01900
  -0.03004  -0.02878  -0.01900
  -0.03004   0.01611  -0.01900
  -0.03004   0.01611  -0.03396
  -0.01507   0.00115  -0.01900
  -0.01507   0.00115  -0.03396
  -0.01507   0.00115  -0.01900
  -0.01507   0.00115  -0.01900
  -0.03004   0.03107  -0.03396
  -1.1E-40  -0.02878  -0.01900
  -0.04500   0.01611  -0.04892
  -0.01507  -0.01382  -0.03396
  -0.03004   0.01611  -0.04892
   0.01486   0.00115  -0.01900
  -0.03004   0.01611  -0.04892
  -0.01507  -0.01382  -0.00403
  -1.1E-40   0.03107  -0.03396
  -0.03004  -0.01382  -0.01900
  -0.01507   0.00115  -0.01900
   0.01486   0.00115  -0.01900
  -1.1E-40   0.00115  -0.03396
  -1.1E-40  -0.01382  -0.03396
  -0.03004   0.00115  -0.03396
  -0.03004   0.01611  -0.03396
  -0.03004  -0.01382  -0.03396
  -0.01507   0.03107  -0.04892
   0.01486   0.01611  -0.04892
  -0.01507  -0.01382  -0.03396
  -0.03004   0.01611  -0.03396
  -0.04500   0.00115  -0.04892
  -0.01507   0.00115  -0.00403
  -1.1E-40   0.00115  -0.00403
  -0.01507   0.00115  -0.03396
  -0.03004   0.00115  -0.03396
  -1.1E-40   0.01611  -0.04892
  -0.01507   0.01611  -0.03396
  -0.03004  -0.01382  -0.03396
  -0.01507   0.01611  -0.03396
  -1.1E-40   0.03107  -0.03396
  -0.03004   0.01611  -0.01900
   0.01486   0.01611  -0.03396
  -1.1E-40   0.01611  -0.01900
  -0.03004   0.00115  -0.01900
  -0.03004   0.01611  -0.04892
  -0.01507   0.03107  -0.01900
  -1.1E-40   0.04604  -0.01900
  -0.01507  -0.01382  -0.00403
  -0.01507   0.01611  -0.01900
  -0.01507  -0.02878  -0.00403
   0.01486  -0.01382  -0.01900
  -1.1E-40  -0.02878  -0.01900
  -0.01507   0.00115  -0.03396
  -0.03004   0.00115  -0.04892
  -0.01507   0.03107  -0.04892
  -1.1E-40   0.00115  -0.04892
  -1.1E-40   0.03107  -0.04892
  -0.01507   0.00115  -0.03396
  -1.1E-40  -0.02878  -0.03396
  -0.01507   0.01611  -0.06389
  -0.01507  -0.01382  -0.01900
  -0.01507   0.03107  -0.04892
  -1.1E-40   0.00115  -0.01900
  -1.1E-40   0.00115  -0.00403
  -0.01507   0.03107  -0.06389
  -1.1E-40   0.00115  -0.01900
  -0.03004  -0.01382  -0.01900
   0.01486   0.03107  -0.03396
  -0.01507   0.00115  -0.03396
  -0.01507   0.00115  -0.03396
  -0.01507   0.01611  -0.03396
  -0.01507  -0.02878  -0.01900
  -1.1E-40   0.03107  -0.04892
  -0.01507   0.01611  -0.04892
  -0.01507   0.01611  -0.00403
  -1.1E-40   0.00115  -0.00403
  -0.01507  -0.02878   0.01093
  -0.03004   0.00115  -0.03396
  -0.01507   0.00115  -0.04892
  -0.03004   0.00115  -0.01900
  -0.01507   0.00115  -0.00403
  -0.01507   0.03107  -0.01900
  -0.01507   0.00115  -0.01900
   0.01486   0.04604  -0.04892
  -0.01507   0.00115  -0.01900
  -0.03004   0.03107  -0.00403
  -0.01507   0.01611  -0.03396
  -0.01507   0.00115  -0.00403
   0.01486   0.00115  -0.04892
  -1.1E-40   0.01611  -0.03396
  -0.01507   0.01611  -0.01900
  -0.01507   0.01611  -0.01900
  -0.01507   0.00115  -0.01900
  -0.01507   0.00115  -0.00403
  -0.01507  -0.01382  -0.01900
  -0.01507   0.00115  -0.04892
  -0.01507   0.00115  -0.01900
  -1.1E-40   0.03107  -0.03396
  -0.01507  -0.01382  -0.04892
  -0.01507  -0.01382  -0.03396
  -0.03004   0.00115  -0.03396
  -0.03004  -0.01382  -0.03396
  -0.03004   0.00115  -0.06389
  -0.01507  -0.01382  -0.03396
  -0.03004   0.00115  -0.01900
  -0.04500   0.00115  -0.03396
  -0.03004   0.00115  -0.01900
   0.01486   0.00115  -0.01900
  -0.03004   0.01611  -0.01900
  -0.01507  -0.01382  -0.03396
  -1.1E-40   0.00115  -0.03396
  -1.1E-40   0.03107  -0.04892
  -0.01507   0.00115  -0.01900
  -1.1E-40   0.01611  -0.03396
  -1.1E-40  -0.01382  -0.00403
  -1.1E-40   0.00115  -0.03396
  -0.01507   0.00115  -0.04892
  -0.01507   0.00115  -0.03396
  -0.03004   0.01611  -0.04892
  -1.1E-40   0.01611  -0.03396
  -0.03004   0.01611  -0.01900
   0.01486   0.03107  -0.03396
  -1.1E-40   0.00115  -0.01900
  -0.03004   0.00115  -0.01900
  -0.01507   0.03107  -0.03396
  -0.03004  -0.01382  -0.00403
  -0.01507   0.01611  -0.03396
  -0.01507   0.00115  -0.03396
  -0.01507   0.01611  -0.01900
  -0.01507  -0.01382  -0.00403
  -0.01507   0.00115  -0.03396
  -0.03004  -0.01382  -0.03396
  -0.01507   0.01611  -0.03396
  -0.01507  -0.01382  -0.01900
  -0.03004   0.01611  -0.04892
  -1.1E-40   0.00115  -0.01900
  -1.1E-40  -0.01382  -0.01900
  -0.03004   0.00115  -0.01900
  -0.01507  -0.02878  -0.01900
  -0.03004   0.00115  -0.01900
  -0.03004  -0.01382  -0.01900
  -0.01507  -0.01382  -0.03396
  -1.1E-40   0.00115  -0.04892
  -0.01507   0.01611  -0.03396
  -1.1E-40   0.00115  -0.03396
  -1.1E-40  -0.02878  -0.01900
  -0.01507   0.01611  -0.03396
  -0.01507  -0.01382  -0.03396
  -0.01507   0.00115  -0.01900
  -0.01507  -0.01382  -0.03396
  -0.03004   0.01611  -0.01900
  -1.1E-40   0.01611  -0.03396
  -0.03004   0.00115  -0.03396
   0.01486   0.03107  -0.03396
  -1.1E-40   0.01611  -0.03396
  -1.1E-40   0.01611  -0.04892
  -0.03004  -0.01382  -0.01900
  -0.01507   0.03107  -0.04892
   0.01486   0.00115  -0.03396
  -0.01507   0.00115  -0.01900
  -0.03004   0.01611  -0.04892
  -1.1E-40   0.00115  -0.00403
  -1.1E-40   0.01611  -0.04892
  -0.01507  -0.01382  -0.03396
  -0.01507   0.00115  -0.00403
  -0.01507  -0.01382  -0.01900
  -0.01507  -0.01382  -0.01900
  -0.01507   0.00115  -0.04892
  -0.01507   0.03107  -0.04892
  -1.1E-40   0.00115  -0.03396
  -0.01507   0.00115  -0.03396
  -0.01507  -0.01382  -0.03396
  -1.1E-40  -0.01382  -0.01900
  -0.01507   0.00115  -0.04892
  -1.1E-40   0.01611  -0.06389
  -0.01507   0.00115  -0.03396
  -1.1E-40   0.01611  -0.03396
  -1.1E-40  -0.01382  -0.03396
  -0.01507   0.00115  -0.01900
  -0.01507   0.03107  -0.03396
  -1.1E-40  -0.01382  -0.00403
  -0.01507  -0.01382  -0.01900
  -0.01507   0.01611  -0.04892
   0.01486   0.00115  -0.03396
  -1.1E-40  -0.01382  -0.01900
  -1.1E-40   0.04604  -0.03396
   0.02982   0.00115  -0.01900
  -0.01507   0.00115  -0.01900
  -0.01507   0.01611  -0.06389
  -0.01507  -0.01382  -0.03396
   0.01486   0.01611  -0.00403
  -1.1E-40   0.00115  -0.03396
  -0.01507   0.01611  -0.04892
   0.01486  -0.01382  -0.00403
  -1.1E-40  -0.01382  -0.01900
  -0.03004   0.01611  -0.03396
  -0.03004   0.01611  -0.04892
  -1.1E-40   0.01611  -0.03396
  -0.01507   0.00115  -0.03396
  -0.01507   0.03107  -0.03396
  -0.03004  -0.01382  -0.03396
  -0.01507   0.03107  -0.04892
  -1.1E-40   0.01611  -0.03396
  -1.1E-40   0.00115  -0.03396
  -0.01507   0.01611  -0.03396
  -0.01507   0.00115  -0.03396
  -0.01507  -0.01382  -0.01900
  -0.01507   0.03107  -0.04892
  -0.01507  -0.01382  -0.01900
  -0.03004   0.03107  -0.01900
  -0.03004   0.03107  -0.03396
  -0.04500  -0.01382  -0.01900
  -1.1E-40   0.01611  -0.01900
  -0.01507   0.00115  -0.00403
  -0.01507  -0.01382  -0.00403
  -0.03004   0.01611  -0.03396
  -0.01507  -0.01382  -0.01900
  -0.05996   0.00115  -0.04892
  -0.01507   0.01611  -0.04892
  -0.01507   0.00115  -0.01900
  -0.01507  -0.01382  -0.01900
  -0.01507   0.01611  -0.03396
  -0.01507   0.00115  -0.00403
  -0.01507  -0.01382  -0.03396
  -0.01507   0.00115  -0.04892
  -0.01507   0.00115  -0.04892
  -0.01507  -0.01382  -0.01900
  -0.03004   0.01611  -0.01900
  -0.01507   0.03107  -0.03396
  -1.1E-40  -0.02878  -0.03396
  -1.1E-40   0.00115  -0.04892
  -1.1E-40   0.03107  -0.04892
   0.01486   0.01611  -0.03396
  -0.01507  -0.01382  -0.03396
  -1.1E-40   0.03107  -0.03396
  -0.01507   0.00115  -0.01900
  -0.01507   0.01611  -0.04892
   0.01486  -0.01382  -0.01900
  -0.01507   0.03107  -0.03396
  -1.1E-40  -0.02878  -0.03396
  -1.1E-40   0.00115  -0.03396
  -1.1E-40   0.00115  -0.03396
  -0.03004  -0.01382  -0.01900
  -0.03004  -0.02878  -0.03396
  -0.01507   0.00115  -0.03396
  -0.01507   0.01611  -0.04892
  -1.1E-40   0.01611  -0.03396
   0.02982   0.01611  -0.01900
  -0.01507   0.01611  -0.04892
  -1.1E-40   0.00115  -0.03396
  -1.1E-40  -0.01382  -0.03396
  -0.01507  -0.01382  -0.00403
  -0.03004   0.03107  -0.04892
  -1.1E-40   0.01611  -0.03396
   0.01486  -0.01382  -0.01900
  -0.03004  -0.01382  -0.03396
  -0.01507   0.01611  -0.04892
   0.01486   0.01611  -0.03396
   0.02982   0.00115  -0.01900
   0.02982  -0.01382  -0.03396
  -1.1E-40   0.00115  -0.01900
  -1.1E-40   0.00115  -0.03396
  -0.01507  -0.01382  -0.03396
  -1.1E-40   0.01611  -0.03396
  -0.01507   0.01611  -0.04892
  -1.1E-40   0.01611  -0.04892
  -1.1E-40   0.01611  -0.00403
  -0.01507   0.00115  -0.01900
  -0.03004  -0.01382  -0.01900
  -1.1E-40   0.03107  -0.04892
  -1.1E-40  -0.02878  -0.03396
  -0.01507  -0.01382  -0.00403
  -0.03004  -0.01382  -0.04892
  -0.01507   0.00115  -0.01900
  -0.01507   0.01611  -0.01900
  -0.01507   0.01611  -0.03396
  -0.01507  -0.02878  -0.01900
  -1.1E-40   0.00115  -0.01900
  -0.01507   0.01611  -0.03396
  -0.04500  -0.02878  -0.01900
  -0.04500   0.00115  -0.04892
  -0.01507   0.03107  -0.01900
  -0.03004  -0.01382  -0.00403
  -0.03004   0.00115  -0.01900
  -0.03004  -0.01382  -0.03396
  -1.1E-40   0.03107  -0.04892
  -1.1E-40   0.00115  -0.04892
  -1.1E-40  -0.01382  -0.01900
  -0.03004   0.01611  -0.01900
  -0.03004   0.00115  -0.03396
   0.01486   0.01611  -0.03396
  -0.03004  -0.01382  -0.01900
  -1.1E-40   0.00115  -0.03396
  -0.03004  -0.01382  -0.03396
  -0.03004   0.00115  -0.04892
  -1.1E-40   0.01611  -0.04892
  -0.01507   0.01611  -0.06389
  -0.03004  -0.01382  -0.01900
  -0.03004   0.01611  -0.03396
  -0.01507  -0.02878  -0.01900
  -0.01507   0.00115  -0.01900
  -0.01507  -0.01382  -0.00403
  -1.1E-40   0.01611  -0.03396
  -0.01507   0.00115  -0.01900
  -0.01507  -0.01382  -0.01900
  -1.1E-40   0.01611  -0.01900
   0.01486  -0.02878  -0.01900
  -1.1E-40   0.00115  -0.03396
   0.01486   0.01611  -0.03396
  -0.01507  -0.01382  -0.01900
  -0.03004   0.01611  -0.03396
  -1.1E-40   0.00115  -0.00403
  -1.1E-40   0.00115  -0.04892
  -1.1E-40   0.01611  -0.04892
   0.01486   0.00115  -0.03396
  -0.04500  -0.02878  -0.03396
  -0.01507   0.03107  -0.03396
  -1.1E-40   0.00115  -0.01900
  -0.03004  -0.01382  -0.03396
  -0.01507   0.01611  -0.03396
  -1.1E-40   0.00115  -0.04892
  -0.01507   0.01611  -0.06389
  -1.1E-40   0.01611  -0.01900
  -0.01507   0.01611  -0.01900
  -1.1E-40   0.01611  -0.04892
   0.01486   0.01611  -0.01900
  -0.04500   0.03107  -0.04892
   0.01486   0.01611  -0.01900
  -0.03004   0.00115  -0.01900
  -0.03004   0.00115  -0.03396
  -1.1E-40   0.04604  -0.03396
   0.01486   0.03107  -0.04892
  -1.1E-40   0.00115  -0.03396
  -0.01507  -0.02878  -0.01900
  -0.03004  -0.01382  -0.04892
   0.01486   0.01611  -0.04892
  -1.1E-40   0.00115  -0.03396
  -1.1E-40  -0.02878  -0.01900
  -0.01507  -0.02878  -0.03396
  -0.01507   0.01611  -0.04892
  -1.1E-40   0.01611  -0.03396
  -0.01507  -0.01382  -0.03396
  -0.03004   0.01611  -0.06389
  -1.1E-40   0.00115  -0.03396
  -0.01507   0.00115  -0.01900
  -1.1E-40   0.03107  -0.01900
  -0.01507  -0.01382  -0.00403
  -0.03004  -0.01382  -0.03396
   0.01486   0.03107  -0.04892
  -0.03004   0.00115  -0.01900
  -0.01507   0.04604  -0.01900
  -0.01507   0.00115  -0.04892
  -0.03004  -0.01382  -0.00403
  -1.1E-40   0.03107  -0.04892
  -0.01507   0.01611  -0.06389
  -1.1E-40   0.00115  -0.03396
  -1.1E-40  -0.01382  -0.04892
  -1.1E-40  -0.01382  -0.03396
  -0.01507  -0.01382  -0.03396
  -0.01507   0.03107  -0.04892
  -1.1E-40   0.01611  -0.06389
  -0.01507   0.00115  -0.01900
  -0.01507   0.01611  -0.06389
  -1.1E-40   0.03107  -0.04892
  -1.1E-40   0.01611  -0.04892
   0.01486   0.03107  -0.04892
  -1.1E-40   0.00115  -0.03396
   0.01486   0.00115  -0.01900
  -0.01507   0.00115  -0.04892
  -0.03004   0.01611  -0.04892
  -1.1E-40   0.00115  -0.01900
  -0.03004  -0.01382  -0.03396
  -0.03004   0.00115  -0.04892
  -1.1E-40   0.00115  -0.03396
  -1.1E-40   0.00115  -0.04892
  -1.1E-40  -0.01382  -0.01900
  -0.01507  -0.01382  -0.01900
  -0.01507  -0.02878  -0.01900
  -0.03004   0.01611  -0.04892
  -0.01507  -0.01382  -0.03396
  -0.03004   0.01611  -0.01900
  -0.01507   0.03107  -0.04892
  -1.1E-40   0.03107  -0.03396
  -0.01507   0.01611  -0.03396
  -0.03004   0.00115  -0.01900
  -1.1E-40   0.00115  -0.01900
  -1.1E-40  -0.01382  -0.03396
  -0.01507   0.00115  -0.03396
  -1.1E-40  -0.01382  -0.00403
  -0.03004  -0.02878  -0.03396
   0.01486   0.03107  -0.01900
  -0.03004  -0.01382  -0.01900
  -0.01507   0.01611  -0.04892
  -0.01507   0.04604  -0.04892
  -0.01507   0.03107  -0.03396
  -1.1E-40   0.01611  -0.03396
  -0.01507   0.00115  -0.03396
  -0.03004  -0.01382  -0.03396
  -0.01507   0.00115  -0.01900
  -0.03004   0.01611  -0.03396
  -0.01507   0.00115  -0.03396
  -1.1E-40   0.00115  -0.01900
  -0.01507   0.01611  -0.03396
  -0.01507  -0.01382  -0.04892
   0.01486   0.01611  -0.03396
   0.01486  -0.01382  -0.01900
  -0.01507  -0.01382  -0.04892
  -0.01507   0.00115  -0.04892
  -0.03004   0.03107  -0.01900
  -0.01507   0.00115  -0.03396
  -1.1E-40   0.01611  -0.03396
   0.01486   0.00115  -0.03396
  -1.1E-40  -0.01382  -0.01900
  -1.1E-40   0.01611  -0.01900
  -1.1E-40   0.00115  -0.03396
  -1.1E-40   0.03107  -0.04892
  -1.1E-40   0.00115  -0.03396
  -0.01507   0.01611  -0.03396
   0.01486   0.00115  -0.03396
  -1.1E-40   0.00115  -0.00403
  -1.1E-40  -0.01382  -0.01900
  -1.1E-40   0.01611  -0.01900
  -1.1E-40   0.01611  -0.04892
  -0.01507  -0.01382  -0.03396
  -0.01507  -0.01382  -0.01900
  -0.01507  -0.01382  -0.03396
  -1.1E-40   0.01611  -0.01900
  -0.01507  -0.01382  -0.00403
  -0.01507  -0.02878  -0.01900
  -0.01507   0.00115  -0.01900
  -1.1E-40  -0.01382  -0.01900
  -0.03004  -0.01382  -0.03396
  -1.1E-40   0.03107  -0.01900
  -0.03004  -0.02878  -0.01900
  -1.1E-40   0.01611  -0.03396
  -0.01507   0.00115  -0.03396
  -0.01507   0.00115  -0.03396
  -0.03004   0.00115  -0.03396
  -0.01507   0.03107  -0.01900
  -0.01507   0.00115  -0.01900
  -0.03004   0.01611  -0.01900
  -0.01507   0.03107  -0.01900
  -0.04500   0.00115  -0.04892
  -0.01507   0.01611  -0.00403
  -0.01507  -0.01382  -0.00403
  -0.01507   0.03107  -0.01900
  -1.1E-40   0.00115  -0.01900
  -0.04500   0.01611  -0.04892
  -1.1E-40  -0.01382  -0.03396
  -1.1E-40   0.01611  -0.03396
  -0.04500   0.01611  -0.01900
  -1.1E-40   0.01611  -0.03396
  -0.01507  -0.02878  -0.00403
  -0.03004  -0.01382  -0.03396
  -0.03004   0.01611  -0.03396
  -1.1E-40  -0.01382  -0.01900
  -0.04500  -0.01382  -0.03396
  -0.03004   0.00115  -0.03396
  -0.04500   0.00115  -0.04892
  -0.05996   0.01611  -0.03396
  -1.1E-40   0.01611  -0.03396
  -0.01507  -0.01382  -0.03396
  -0.03004  -0.01382  -0.01900
  -0.03004   0.01611  -0.03396
  -0.01507   0.00115  -0.03396
  -1.1E-40   0.03107  -0.01900
  -1.1E-40   0.00115  -0.01900
  -1.1E-40   0.00115  -0.01900
  -0.01507  -0.02878  -0.01900
  -0.03004   0.00115  -0.01900
  -0.01507   0.00115  -0.01900
  -1.1E-40   0.03107  -0.01900
  -0.01507   0.00115  -0.03396
  -0.01507   0.00115  -0.03396
   0.02982   0.00115  -0.03396
  -0.01507  -0.01382  -0.01900
  -0.01507   0.00115  -0.03396
   0.01486   0.00115  -0.03396
  -0.03004   0.00115  -0.04892
  -1.1E-40   0.01611  -0.03396
  -1.1E-40   0.00115  -0.00403
  -0.01507   0.01611  -0.04892
  -0.03004   0.00115  -0.03396
  -0.01507   0.01611  -0.03396
  -0.01507  -0.01382  -0.01900
  -0.03004   0.03107  -0.01900
  -1.1E-40   0.00115  -0.01900
  -0.04500  -0.01382  -0.00403
  -1.1E-40   0.03107  -0.01900
  -0.03004  -0.01382  -0.01900
  -0.03004   0.03107  -0.01900
  -1.1E-40   0.01611  -0.03396
  -0.01507  -0.01382  -0.03396
  -0.01507   0.03107  -0.03396
  -0.04500   0.01611  -0.03396
  -0.01507  -0.01382  -0.01900
  -0.01507  -0.01382  -0.04892
  -0.01507  -0.01382  -0.03396
  -0.03004  -0.01382  -0.01900
  -0.04500  -0.01382  -0.03396
  -1.1E-40   0.00115  -0.04892
  -0.01507   0.00115  -0.04892
  -0.03004   0.00115  -0.01900
  -0.03004   0.00115  -0.03396
  -0.01507  -0.01382  -0.03396
  -0.03004   0.00115  -0.04892
  -1.1E-40  -0.01382  -0.00403
  -0.01507   0.01611  -0.01900
  -0.03004   0.03107  -0.01900
  -0.01507   0.01611  -0.01900
  -0.01507  -0.01382  -0.00403
  -1.1E-40   0.00115  -0.01900
  -1.1E-40   0.01611  -0.04892
  -0.03004   0.03107  -0.07885
  -0.01507   0.00115  -0.01900
   0.01486  -0.02878   0.02590
  -0.01507  -0.01382  -0.01900
  -0.03004  -0.02878  -0.03396
  -0.03004  -0.01382  -0.03396
  -0.03004   0.01611  -0.03396
  -0.04500  -0.01382  -0.03396
  -1.1E-40   0.00115  -0.03396
  -0.01507   0.00115  -0.01900
  -0.03004   0.00115  -0.01900
  -1.1E-40   0.00115  -0.01900
  -0.03004   0.00115  -0.00403
  -1.1E-40   0.01611  -0.03396
  -1.1E-40   0.00115  -0.01900
  -1.1E-40   0.00115   0.01093
  -0.01507  -0.01382   0.01093
  -0.01507   0.01611  -0.03396
  -0.01507   0.01611  -0.06389
  -0.04500   0.04604  -0.04892
  -1.1E-40   0.00115  -0.03396
  -1.1E-40  -0.01382  -0.03396
  -0.03004  -0.01382  -0.01900
  -0.01507  -0.01382  -0.01900
  -0.03004   0.01611  -0.01900
  -0.03004   0.01611  -0.06389
  -1.1E-40   0.01611  -0.03396
  -0.01507  -0.01382  -0.00403
  -0.03004   0.00115  -0.03396
  -0.01507   0.01611  -0.00403
  -0.01507   0.01611  -0.03396
  -0.01507  -0.01382  -0.00403
   0.01486   0.00115  -0.01900
  -1.1E-40  -0.01382  -0.00403
  -1.1E-40   0.00115  -0.03396
  -1.1E-40   0.00115  -0.01900
  -1.1E-40   0.01611  -0.01900
  -1.1E-40  -0.01382  -0.01900
  -0.04500   0.01611  -0.03396
  -1.1E-40   0.00115  -0.01900
  -1.1E-40  -0.01382  -0.00403
  -0.03004  -0.01382  -0.01900
  -1.1E-40   0.01611  -0.04892
  -1.1E-40   0.03107  -0.03396
  -1.1E-40   0.00115  -0.03396
  -0.01507  -0.01382  -0.01900
  -0.01507  -0.01382  -0.01900
  -0.01507   0.00115  -0.03396
  -0.03004   0.01611  -0.03396
  -0.03004   0.03107  -0.03396
  -0.01507   0.01611  -0.01900
  -0.03004   0.00115  -0.00403
  -0.01507   0.00115  -0.06389
   0.01486   0.01611  -0.01900
  -0.01507  -0.01382  -0.00403
  -0.03004   0.01611  -0.01900
  -1.1E-40   0.03107  -0.03396
  -1.1E-40   0.00115  -0.03396
  -0.03004  -0.01382  -0.01900
  -0.01507   0.03107  -0.06389
  -0.01507  -0.01382  -0.04892
  -1.1E-40   0.00115  -0.03396
  -0.01507   0.01611  -0.03396
  -1.1E-40   0.03107  -0.03396
  -1.1E-40  -0.01382  -0.03396
  -1.1E-40   0.00115  -0.03396
  -0.01507   0.01611  -0.06389
  -0.01507  -0.01382  -0.01900
  -1.1E-40   0.00115  -0.00403
  -1.1E-40   0.01611  -0.03396
  -0.03004  -0.02878  -0.00403
  -0.01507   0.00115  -0.03396
  -1.1E-40   0.01611  -0.04892
  -1.1E-40  -0.01382  -0.01900
  -0.01507   0.01611  -0.00403
   0.01486   0.00115  -0.00403
  -0.01507   0.00115  -0.01900
  -0.01507  -0.01382  -0.01900
  -0.03004   0.01611  -0.04892
  -0.01507  -0.02878  -0.03396
   0.01486   0.03107  -0.01900
  -1.1E-40   0.00115  -0.01900
  -1.1E-40   0.01611  -0.01900
  -0.01507   0.01611  -0.01900
  -0.01507   0.00115  -0.01900
  -1.1E-40  -0.01382  -0.00403
  -0.01507   0.00115  -0.03396
  -0.04500   0.00115  -0.04892
  -0.04500   0.01611  -0.03396
  -0.03004   0.00115  -0.03396
  -0.01507   0.00115  -0.01900
  -0.03004  -0.01382  -0.01900
  -0.04500   0.00115  -0.03396
  -0.03004   0.01611  -0.01900
  -0.03004  -0.01382  -0.00403
   0.01486  -0.01382  -0.01900
   0.01486   0.01611  -0.03396
  -0.01507   0.00115  -0.01900
  -0.03004  -0.01382  -0.01900
  -0.01507  -0.01382  -0.03396
  -0.03004   0.04604  -0.03396
   0.01486   0.00115  -0.04892
  -1.1E-40   0.01611  -0.04892
  -1.1E-40   0.00115  -0.03396
  -0.01507  -0.02878  -0.01900
  -0.03004   0.00115  -0.03396
  -1.1E-40   0.01611  -0.03396
  -1.1E-40  -0.01382  -0.00403
  -0.03004   0.00115  -0.04892
  -1.1E-40   0.04604  -0.03396
   0.01486   0.03107  -0.07885
  -0.01507   0.03107  -0.03396
  -1.1E-40   0.00115  -0.04892
  -1.1E-40   0.03107  -0.04892
  -1.1E-40   0.01611  -0.04892
   0.01486  -0.01382  -0.01900
  -0.01507   0.01611  -0.03396
  -0.03004   0.01611  -0.03396
  -0.01507   0.01611  -0.03396
  -1.1E-40   0.03107  -0.03396
  -1.1E-40   0.01611  -0.03396
  -1.1E-40   0.00115  -0.01900
  -0.01507  -0.01382  -0.01900
  -1.1E-40   0.00115  -0.03396
  -0.01507   0.01611  -0.04892
  -0.03004   0.00115  -0.01900
  -0.01507   0.00115  -0.03396
  -0.01507   0.03107  -0.04892
  -0.01507   0.01611  -0.03396
  -0.01507   0.04604  -0.01900
  -1.1E-40   0.03107  -0.06389
  -1.1E-40   0.01611  -0.01900
  -1.1E-40   0.00115  -0.01900
  -0.01507   0.00115  -0.01900
  -1.1E-40   0.01611  -0.01900
  -0.03004   0.03107  -0.03396
  -1.1E-40   0.01611  -0.01900
  -0.04500   0.00115  -0.01900
  -1.1E-40   0.01611  -0.04892
  -1.1E-40   0.00115  -0.01900
  -0.01507   0.00115  -0.00403
  -0.04500  -0.01382  -0.03396
  -0.01507  -0.01382  -0.03396
  -1.1E-40   0.01611  -0.04892
  -0.03004  -0.01382  -0.01900
  -0.01507   0.04604  -0.03396
  -1.1E-40   0.01611  -0.04892
  -1.1E-40  -0.01382  -0.01900
  -0.01507  -0.01382  -0.00403
  -0.05996  -0.01382  -0.04892
  -0.01507   0.00115  -0.03396
   0.01486   0.03107  -0.04892
  -1.1E-40   0.00115  -0.01900
  -0.01507   0.00115  -0.01900
  -0.04500   0.01611  -0.04892
  -0.01507   0.03107  -0.04892
  -0.03004  -0.01382  -0.03396
  -0.04500   0.01611  -0.03396
  -0.03004   0.01611  -0.04892
  -1.1E-40   0.01611  -0.01900
  -0.01507  -0.01382  -0.03396
  -0.01507   0.00115  -0.01900
  -0.01507   0.01611  -0.04892
  -0.01507  -0.01382  -0.00403
  -0.03004   0.01611   0.01093
  -1.1E-40   0.01611  -0.04892
  -0.01507   0.01611  -0.04892
  -1.1E-40   0.01611  -0.01900
  -0.03004   0.01611  -0.01900
   0.01486   0.00115  -0.01900
  -0.01507  -0.02878  -0.03396
  -0.01507   0.04604  -0.03396
  -1.1E-40   0.00115  -0.03396
  -0.01507  -0.01382  -0.01900
  -0.01507   0.01611  -0.00403
  -1.1E-40   0.00115  -0.04892
  -1.1E-40   0.03107  -0.03396
  -1.1E-40   0.00115  -0.00403
  -0.01507  -0.01382  -0.03396
  -0.01507   0.00115  -0.04892
  -0.01507   0.01611  -0.01900
  -1.1E-40   0.01611  -0.01900
  -0.01507   0.03107  -0.01900
  -0.01507   0.01611  -0.04892
  -1.1E-40   0.03107  -0.00403
   0.01486   0.00115  -0.01900
  -1.1E-40   0.00115  -0.01900
  -0.01507  -0.01382  -0.04892
  -0.03004   0.04604  -0.03396
  -0.01507   0.01611  -0.03396
  -0.01507   0.03107  -0.04892
  -1.1E-40   0.03107  -0.03396
   0.01486   0.01611  -0.03396
  -1.1E-40   0.00115  -0.01900
  -0.03004   0.00115  -0.04892
  -1.1E-40   0.04604  -0.04892
  -1.1E-40   0.01611  -0.00403
  -0.01507  -0.01382  -0.03396
  -1.1E-40   0.01611  -0.03396
  -1.1E-40   0.00115  -0.01900
  -0.01507   0.00115  -0.01900
  -0.01507   0.03107  -0.04892
  -0.01507   0.00115  -0.03396
  -0.03004  -0.01382  -0.01900
  -1.1E-40   0.00115  -0.04892
  -1.1E-40   0.00115  -0.00403
  -0.01507   0.00115  -0.01900
  -0.01507   0.00115  -0.01900
  -0.04500  -0.02878  -0.03396
  -0.03004   0.00115  -0.03396
  -0.01507   0.00115  -0.04892
   0.01486   0.01611  -0.04892
  -0.03004   0.01611  -0.03396
  -1.1E-40   0.01611  -0.01900
  -0.01507   0.01611  -0.04892
  -0.01507   0.00115  -0.03396
  -0.01507   0.01611  -0.03396
  -0.03004   0.01611  -0.04892
  -0.01507  -0.02878  -0.03396
  -0.03004   0.03107  -0.04892
  -1.1E-40  -0.01382  -0.03396
  -0.03004  -0.01382  -0.01900
  -1.1E-40   0.01611  -0.01900
  -0.01507  -0.01382  -0.03396
  -0.01507  -0.01382  -0.03396
  -1.1E-40   0.03107  -0.06389
  -0.03004  -0.01382  -0.01900
  -1.1E-40   0.01611  -0.01900
  -1.1E-40  -0.01382  -0.01900
  -0.01507   0.01611  -0.01900
  -0.04500  -0.01382  -0.04892
  -0.01507   0.06100  -0.04892
  -0.01507  -0.01382  -0.03396
  -0.03004   0.04604  -0.03396
  -1.1E-40   0.01611  -0.03396
  -0.03004  -0.02878  -0.03396
  -0.03004   0.01611  -0.01900
  -0.01507   0.00115  -0.03396
  -1.1E-40   0.03107  -0.03396
  -0.01507  -0.01382  -0.00403
  -0.01507  -0.01382  -0.04892
  -0.03004  -0.01382  -0.03396
  -1.1E-40   0.01611  -0.01900
  -0.01507  -0.01382  -0.03396
  -0.01507   0.04604  -0.04892
  -1.1E-40   0.03107  -0.03396
  -0.01507  -0.01382  -0.00403
  -0.01507   0.01611  -0.03396
  -1.1E-40  -0.01382  -0.03396
  -0.03004   0.01611  -0.03396
  -0.01507   0.00115  -0.03396
  -0.01507   0.03107  -0.01900
  -0.01507   0.00115  -0.03396
  -0.04500   0.00115  -0.03396
   0.01486   0.00115  -0.03396
  -0.01507  -0.01382  -0.01900
  -0.01507   0.01611  -0.03396
  -1.1E-40  -0.01382  -0.01900
  -0.01507  -0.01382  -0.03396
  -0.01507   0.03107  -0.01900
  -0.01507  -0.02878  -0.01900
  -1.1E-40   0.03107  -0.04892
  -0.01507   0.01611  -0.03396
  -0.03004   0.00115  -0.03396
  -0.03004   0.00115  -0.01900
  -0.01507   0.00115  -0.01900
  -0.03004   0.03107  -0.04892
  -1.1E-40  -0.01382  -0.04892
  -0.03004   0.01611  -0.04892
  -1.1E-40   0.00115  -0.03396
  -0.01507  -0.02878  -0.00403
  -0.03004   0.00115  -0.04892
  -0.03004   0.03107  -0.06389
  -0.01507   0.01611  -0.04892
  -0.03004  -0.02878  -0.01900
  -0.03004  -0.01382  -0.04892
  -0.01507   0.00115  -0.01900
  -0.01507   0.01611  -0.04892
  -1.1E-40  -0.01382  -0.03396
  -0.03004  -0.01382  -0.01900
  -0.03004   0.01611  -0.03396
  -1.1E-40   0.00115  -0.01900
  -0.05996  -0.01382  -0.00403
  -1.1E-40   0.00115  -0.04892
  -0.01507  -0.01382  -0.03396
  -0.01507  -0.01382  -0.00403
  -0.03004   0.00115  -0.01900
  -0.01507   0.00115  -0.01900
  -0.01507   0.01611  -0.01900
  -0.01507  -0.02878  -0.01900
  -0.03004   0.03107  -0.01900
  -1.1E-40   0.03107  -0.01900
  -0.01507   0.01611  -0.04892
  -0.01507  -0.01382  -0.01900
  -0.01507   0.01611  -0.00403
  -1.1E-40   0.03107  -0.04892
  -1.1E-40   0.00115  -0.03396
  -1.1E-40  -0.01382  -0.01900
  -0.03004   0.00115  -0.03396
  -1.1E-40   0.03107  -0.04892
  -0.01507   0.00115  -0.03396
  -0.04500  -0.01382  -0.01900
  -0.01507   0.00115  -0.03396
  -0.03004  -0.01382  -0.01900
  -0.03004   0.01611  -0.03396
  -1.1E-40   0.03107  -0.03396
  -0.01507   0.00115  -0.00403
  -0.01507   0.00115  -0.00403
  -0.03004   0.00115  -0.01900
  -0.01507  -0.01382  -0.01900
  -0.03004   0.01611  -0.04892
  -0.01507   0.03107  -0.03396
  -1.1E-40   0.03107  -0.03396
  -0.01507   0.00115  -0.01900
  -0.04500  -0.01382  -0.01900
  -0.01507   0.00115  -0.03396
  -1.1E-40   0.00115  -0.01900
  -1.1E-40   0.00115  -0.00403
  -0.01507   0.01611  -0.03396
   0.01486   0.00115  -0.01900
  -1.1E-40   0.00115  -0.00403
  -0.01507  -0.01382  -0.00403
  -0.01507   0.01611  -0.04892
  -1.1E-40   0.00115  -0.01900
  -0.01507   0.03107  -0.03396
  -0.03004  -0.01382  -0.01900
  -0.01507   0.03107  -0.01900
  -0.03004   0.00115  -0.00403
  -0.01507   0.01611  -0.01900
  -0.01507   0.00115  -0.01900
  -0.01507   0.00115  -0.03396
  -1.1E-40  -0.01382  -0.01900
  -0.03004  -0.02878  -0.03396
  -1.1E-40   0.01611  -0.03396
  -0.01507   0.00115  -0.01900
  -0.01507   0.00115  -0.01900
  -0.01507   0.01611  -0.01900
  -1.1E-40   0.01611  -0.04892
  -1.1E-40   0.00115  -0.01900
  -1.1E-40   0.03107  -0.04892
   0.01486   0.00115  -0.06389
  -1.1E-40  -0.01382  -0.03396
  -0.01507   0.00115  -0.03396
  -0.03004   0.01611  -0.04892
  -1.1E-40   0.01611  -0.03396
  -1.1E-40   0.00115  -0.01900
  -0.03004  -0.02878  -0.03396
  -1.1E-40   0.01611  -0.03396
  -1.1E-40   0.01611  -0.04892
  -0.01507  -0.01382  -0.01900
  -0.01507   0.00115  -0.01900
  -0.01507   0.01611  -0.03396
  -1.1E-40  -0.01382  -0.03396
  -1.1E-40  -0.01382  -0.01900
  -0.03004   0.00115  -0.00403
  -0.01507  -0.01382  -0.00403
  -0.03004   0.01611  -0.04892
   0.01486   0.03107  -0.03396
  -0.01507  -0.01382  -0.00403
  -0.01507  -0.01382  -0.00403
  -0.04500  -0.01382  -0.04892
  -0.01507   0.00115  -0.03396
  -0.04500   0.01611  -0.03396
  -1.1E-40  -0.01382  -0.04892
  -1.1E-40   0.00115  -0.03396
  -0.01507  -0.02878  -0.00403
  -0.01507   0.01611  -0.03396
  -1.1E-40   0.00115  -0.01900
  -0.03004   0.03107  -0.03396
  -0.01507   0.04604  -0.04892
  -0.01507   0.00115  -0.04892
  -0.01507   0.01611  -0.03396
  -0.01507  -0.01382  -0.01900
  -1.1E-40   0.00115  -0.06389
  -0.03004   0.03107  -0.04892
  -0.01507   0.03107  -0.04892
  -1.1E-40   0.03107  -0.03396
   0.01486   0.00115  -0.01900
  -0.03004   0.00115  -0.03396
  -0.01507   0.01611  -0.01900
  -0.01507   0.00115  -0.01900
   0.01486   0.00115  -0.03396
  -0.04500   0.00115  -0.01900
  -0.01507  -0.01382  -0.00403
  -0.01507  -0.01382  -0.00403
  -0.03004  -0.01382  -0.03396
  -0.03004   0.00115  -0.01900
  -0.01507   0.00115  -0.01900
  -1.1E-40   0.01611  -0.03396
  -1.1E-40  -0.01382   0.01093
   0.01486   0.00115  -0.03396
  -1.1E-40   0.00115  -0.00403
  -1.1E-40   0.00115  -0.03396
  -1.1E-40   0.00115  -0.03396
  -1.1E-40  -0.01382  -0.03396
  -1.1E-40  -0.01382  -0.00403
  -0.01507  -0.01382  -0.00403
  -1.1E-40   0.01611  -0.03396
  -1.1E-40   0.00115  -0.01900
  -0.01507  -0.01382  -0.03396
   0.01486   0.01611  -0.03396
  -0.01507  -0.01382  -0.01900
  -0.01507   0.01611  -0.04892
  -0.01507   0.00115  -0.03396
  -0.01507   0.04604  -0.04892
  -0.01507   0.01611  -0.03396
  -1.1E-40   0.00115  -0.01900
   0.01486   0.03107  -0.04892
  -1.1E-40   0.00115  -0.01900
  -0.01507   0.00115  -0.03396
  -0.03004   0.00115  -0.04892
  -1.1E-40   0.01611  -0.04892
  -0.03004  -0.01382  -0.01900
  -0.03004   0.01611  -0.03396
  -0.01507   0.00115  -0.04892
  -0.04500   0.01611  -0.03396
  -1.1E-40   0.03107  -0.03396
  -0.01507   0.00115  -0.01900
  -1.1E-40   0.00115  -0.04892
  -0.01507   0.00115  -0.00403
  -0.01507   0.03107  -0.04892
  -0.01507  -0.02878  -0.01900
  -0.03004   0.01611  -0.01900
  -1.1E-40   0.00115  -0.03396
  -0.03004  -0.02878  -0.03396
  -0.01507   0.03107  -0.03396
  -0.01507   0.03107  -0.06389
  -1.1E-40  -0.01382  -0.01900
  -0.01507  -0.02878  -0.01900
  -0.01507  -0.01382  -0.03396
  -0.03004   0.01611  -0.04892
  -1.1E-40   0.00115  -0.01900
  -0.01507   0.00115  -0.00403
  -0.01507   0.01611  -0.03396
  -0.01507   0.00115  -0.03396
  -0.01507   0.01611  -0.03396
   0.01486   0.00115  -0.03396
  -0.01507   0.01611  -0.01900
  -0.01507   0.01611  -0.04892
   0.01486  -0.01382  -0.03396
  -0.01507   0.00115  -0.03396
  -1.1E-40   0.04604  -0.03396
  -0.01507  -0.01382  -0.00403
  -1.1E-40   0.00115  -0.01900
  -0.01507   0.01611  -0.01900
  -1.1E-40  -0.01382  -0.01900
  -1.1E-40  -0.02878  -0.01900
  -0.01507   0.00115  -0.00403
  -0.05996  -0.02878  -0.01900
  -0.03004   0.01611  -0.03396
  -0.01507   0.01611  -0.03396
  -1.1E-40   0.01611  -0.04892
  -1.1E-40   0.00115  -0.03396
  -1.1E-40  -0.01382  -0.00403
  -0.04500  -0.01382  -0.03396
  -0.01507   0.01611  -0.01900
  -1.1E-40   0.00115  -0.03396
  -1.1E-40  -0.01382  -0.01900
  -0.03004  -0.01382  -0.00403
  -0.03004   0.00115  -0.04892
  -1.1E-40   0.03107  -0.03396
  -0.01507   0.01611  -0.04892
  -0.03004   0.01611  -0.03396
  -0.01507   0.01611  -0.06389
  -1.1E-40  -0.01382  -0.03396
  -0.01507  -0.02878  -0.01900
  -0.03004   0.03107  -0.03396
  -0.01507   0.01611  -0.04892
  -1.1E-40  -0.02878  -0.03396
  -0.01507   0.00115  -0.01900
  -0.03004   0.00115  -0.03396
  -0.03004  -0.01382  -0.03396
  -0.01507   0.00115  -0.01900
  -0.01507   0.01611  -0.03396
  -0.01507   0.01611  -0.04892
  -1.1E-40   0.01611  -0.03396
  -1.1E-40   0.01611  -0.03396
  -1.1E-40  -0.02878  -0.00403
  -1.1E-40   0.00115  -0.01900
  -0.01507  -0.02878  -0.00403
  -0.01507  -0.01382  -0.03396
  -1.1E-40   0.01611  -0.00403
  -1.1E-40   0.01611  -0.03396
  -0.01507   0.01611  -0.03396
  -0.01507   0.00115  -0.01900
  -0.04500   0.00115  -0.03396
  -0.03004   0.03107  -0.04892
  -1.1E-40   0.01611  -0.04892
   0.01486   0.00115  -0.01900
  -0.03004  -0.01382  -0.01900
  -0.03004   0.03107  -0.04892
  -1.1E-40   0.03107  -0.04892
  -1.1E-40  -0.01382  -0.01900
  -0.01507  -0.01382  -0.01900
   0.01486   0.01611  -0.03396
  -0.01507   0.01611  -0.01900
  -1.1E-40   0.00115  -0.00403
  -0.01507  -0.01382  -0.01900
  -0.01507   0.00115  -0.00403
  -0.03004  -0.01382  -0.03396
  -0.01507   0.01611  -0.04892
  -0.03004   0.00115  -0.04892
  -0.03004   0.00115  -0.01900
  -1.1E-40   0.01611  -0.03396
   0.01486   0.03107  -0.01900
   0.01486  -0.01382   0.01093
  -0.01507  -0.01382  -0.01900
  -0.03004   0.00115  -0.01900
  -0.03004   0.04604  -0.04892
  -1.1E-40   0.03107  -0.00403
   0.01486   0.00115  -0.00403
  -0.03004   0.01611  -0.04892
  -1.1E-40   0.03107  -0.04892
  -1.1E-40   0.00115  -0.04892
   0.01486  -0.02878  -0.01900
  -0.03004  -0.01382  -0.03396
  -0.03004   0.03107  -0.03396
  -0.01507   0.03107  -0.03396
  -0.01507   0.01611  -0.04892
   0.02982   0.01611  -0.03396
  -1.1E-40   0.01611  -0.03396
  -0.03004   0.04604  -0.04892
  -1.1E-40   0.00115  -0.04892
   0.01486   0.03107  -0.06389
  -1.1E-40   0.01611  -0.03396
  -1.1E-40   0.01611  -0.04892
  -0.01507   0.01611  -0.04892
   0.01486   0.00115  -0.03396
  -0.03004  -0.01382  -0.01900
  -0.01507   0.00115  -0.00403
  -0.03004   0.01611  -0.03396
  -1.1E-40   0.01611  -0.01900
  -0.01507   0.00115  -0.00403
  -1.1E-40   0.01611  -0.01900
  -1.1E-40   0.00115  -0.01900
  -0.01507  -0.01382  -0.01900
  -0.04500   0.01611  -0.00403
  -0.01507  -0.01382  -0.03396
  -0.03004   0.00115  -0.00403
   0.01486   0.04604  -0.04892
  -0.01507   0.01611  -0.01900
  -0.03004  -0.01382  -0.01900
  -0.03004   0.03107  -0.04892
  -1.1E-40   0.01611  -0.04892
   0.01486   0.00115  -0.03396
  -0.01507   0.00115  -0.03396
  -0.01507   0.03107  -0.04892
  -0.01507   0.00115  -0.01900
  -1.1E-40   0.01611  -0.03396
  -0.01507   0.00115  -0.00403
  -0.03004  -0.01382  -0.00403
   0.01486   0.03107  -0.04892
  -1.1E-40   0.00115  -0.03396
  -0.01507   0.01611  -0.03396
  -1.1E-40   0.00115  -0.03396
  -1.1E-40  -0.02878  -0.01900
  -0.03004   0.03107  -0.01900
  -0.03004   0.01611  -0.01900
  -1.1E-40   0.01611  -0.03396
   0.01486  -0.01382  -0.01900
  -0.03004  -0.01382  -0.03396
  -0.01507   0.03107  -0.04892
  -1.1E-40   0.03107  -0.01900
  -1.1E-40   0.00115  -0.03396
  -0.01507  -0.01382   0.01093
  -0.03004   0.00115  -0.04892
  -0.01507   0.03107  -0.04892
  -0.01507   0.01611  -0.04892
  -0.01507   0.01611  -0.01900
  -0.03004  -0.01382  -0.03396
  -0.03004  -0.01382  -0.03396
  -1.1E-40  -0.02878  -0.01900
  -0.03004  -0.04375  -0.01900
  -1.1E-40  -0.01382  -0.01900
  -0.01507   0.01611  -0.03396
   0.01486   0.01611  -0.03396
  -0.01507  -0.01382  -0.01900
  -1.1E-40  -0.02878  -0.01900
  -0.01507  -0.01382  -0.01900
  -0.04500   0.00115  -0.01900
  -0.03004   0.03107  -0.01900
  -0.01507   0.03107  -0.04892
  -0.03004   0.03107  -0.04892
  -0.01507   0.03107  -0.01900
  -1.1E-40   0.01611  -0.01900
  -1.1E-40   0.00115   0.01093
  -0.01507  -0.01382  -0.01900
  -1.1E-40   0.00115  -0.01900
  -1.1E-40   0.01611  -0.03396
  -0.01507   0.01611  -0.03396
  -0.03004   0.00115  -0.01900
  -1.1E-40   0.01611  -0.03396
  -0.01507  -0.01382  -0.03396
  -0.01507   0.01611  -0.04892
  -1.1E-40   0.00115  -0.03396
  -1.1E-40   0.01611  -0.04892
  -0.01507   0.01611  -0.03396
  -1.1E-40   0.03107  -0.03396
   0.01486  -0.01382  -0.04892
  -1.1E-40  -0.01382  -0.01900
  -0.03004  -0.01382  -0.03396
  -1.1E-40   0.00115  -0.04892
   0.01486   0.00115  -0.03396
  -0.01507   0.01611  -0.03396
  -0.01507   0.03107  -0.06389
  -1.1E-40   0.03107  -0.03396
  -1.1E-40  -0.01382  -0.03396
  -0.03004  -0.01382  -0.00403
  -0.01507   0.00115  -0.01900
  -0.01507   0.01611  -0.03396
  -0.03004   0.00115  -0.01900
  -1.1E-40  -0.02878  -0.00403
  -1.1E-40  -0.01382  -0.04892
   0.01486   0.01611  -0.01900
   0.01486  -0.01382  -0.00403
  -0.01507  -0.01382  -0.01900
  -0.03004  -0.01382  -0.01900
  -0.01507   0.00115  -0.01900
  -0.03004   0.01611  -0.01900
  -0.01507   0.00115  -0.04892
  -1.1E-40   0.01611  -0.01900
  -0.01507  -0.01382  -0.00403
  -1.1E-40   0.03107  -0.04892
  -1.1E-40   0.01611  -0.03396
  -0.03004   0.01611  -0.03396
  -0.01507   0.01611  -0.03396
  -0.03004  -0.01382  -0.01900
  -0.03004   0.01611  -0.03396
  -1.1E-40  -0.01382  -0.01900
  -0.01507   0.00115  -0.01900
  -0.01507   0.01611  -0.01900
  -0.01507   0.00115  -0.03396
  -0.03004  -0.01382  -0.03396
  -1.1E-40   0.03107  -0.03396
  -1.1E-40  -0.02878  -0.04892
  -1.1E-40  -0.01382   0.01093
  -0.03004   0.01611  -0.03396
  -0.03004   0.03107  -0.04892
  -0.01507  -0.01382  -0.01900
  -0.03004   0.00115  -0.03396
  -0.01507  -0.01382  -0.00403
  -0.01507   0.01611  -0.04892
  -0.01507   0.00115  -0.01900
  -0.03004   0.01611  -0.04892
  -1.1E-40   0.03107  -0.03396
  -1.1E-40   0.00115   0.01093
  -0.01507   0.04604  -0.03396
  -1.1E-40  -0.01382  -0.03396
  -0.01507  -0.01382  -0.01900
  -0.01507   0.01611  -0.03396
  -1.1E-40   0.03107  -0.04892
   0.01486   0.00115  -0.03396
  -1.1E-40   0.00115  -0.03396
  -0.01507   0.00115  -0.00403
  -0.01507   0.03107  -0.03396
  -1.1E-40   0.03107  -0.04892
  -1.1E-40   0.00115  -0.03396
  -0.03004   0.00115  -0.00403
  -0.01507   0.01611  -0.06389
  -0.01507   0.03107  -0.01900
  -1.1E-40  -0.01382  -0.00403
  -0.01507  -0.01382  -0.03396
  -0.04500   0.03107  -0.04892
  -0.01507   0.03107  -0.04892
  -0.01507   0.04604  -0.03396
  -1.1E-40   0.00115  -0.06389
  -1.1E-40  -0.01382  -0.01900
  -0.01507   0.00115  -0.03396
  -0.01507   0.01611  -0.04892
  -1.1E-40   0.00115  -0.03396
  -1.1E-40  -0.01382  -0.00403
  -0.03004  -0.02878  -0.01900
  -1.1E-40  -0.01382  -0.00403
  -0.01507  -0.01382  -0.01900
  -0.01507   0.00115  -0.03396
  -0.01507   0.03107  -0.03396
  -0.01507   0.01611  -0.01900
  -0.03004   0.00115  -0.00403
  -0.01507   0.00115  -0.00403
  -0.01507   0.00115  -0.03396
  -0.01507   0.00115  -0.03396
  -0.01507   0.01611  -0.01900
   0.01486   0.03107  -0.01900
   0.01486  -0.01382  -0.00403
  -0.03004   0.01611  -0.00403
  -0.01507   0.03107  -0.03396
   0.01486   0.00115  -0.01900
  -0.01507  -0.01382  -0.01900
  -1.1E-40  -0.01382  -0.03396
  -1.1E-40   0.03107  -0.04892
  -1.1E-40   0.03107  -0.01900
  -0.01507   0.03107  -0.03396
  -0.01507   0.04604  -0.03396
  -1.1E-40   0.01611  -0.01900
  -1.1E-40   0.00115  -0.00403
  -0.03004   0.01611  -0.01900
  -1.1E-40   0.03107  -0.00403
  -0.01507  -0.01382  -0.01900
  -0.01507   0.00115  -0.01900
   0.01486   0.01611  -0.03396
  -0.01507  -0.02878  -0.00403
  -0.03004   0.01611  -0.03396
  -1.1E-40   0.00115  -0.00403
  -0.01507   0.01611  -0.03396
  -1.1E-40   0.00115  -0.03396
  -0.01507   0.00115  -0.01900
  -0.03004   0.01611  -0.01900
  -1.1E-40   0.00115  -0.03396
  -0.01507  -0.01382  -0.01900
  -0.01507   0.01611  -0.01900
  -1.1E-40   0.00115  -0.07885
  -1.1E-40   0.03107  -0.03396
  -1.1E-40   0.00115  -0.01900
  -0.03004   0.00115  -0.03396
  -0.01507   0.00115  -0.03396
  -0.01507   0.01611  -0.03396
  -0.01507  -0.01382  -0.00403
  -0.03004   0.01611  -0.03396
  -0.04500   0.03107  -0.04892
  -0.01507   0.00115  -0.03396
  -0.03004  -0.01382  -0.03396
  -0.01507  -0.01382  -0.01900
  -1.1E-40   0.00115  -0.06389
  -1.1E-40   0.00115  -0.03396
  -1.1E-40   0.00115  -0.00403
  -0.01507  -0.02878  -0.00403
  -0.01507   0.01611  -0.03396
  -0.01507   0.01611  -0.03396
  -1.1E-40   0.01611  -0.01900
  -1.1E-40   0.00115  -0.03396
  -0.03004  -0.01382   0.01093
  -0.03004   0.01611  -0.03396
  -1.1E-40   0.01611  -0.01900
  -0.01507   0.00115  -0.00403
  -1.1E-40   0.00115  -0.01900
  -0.01507  -0.02878  -0.00403
  -0.03004   0.00115  -0.01900
  -0.01507   0.01611  -0.01900
  -0.01507  -0.02878  -0.00403
  -0.03004   0.00115  -0.01900
  -1.1E-40   0.04604  -0.04892
   0.01486  -0.01382   0.01093
  -0.01507  -0.02878  -0.00403
  -1.1E-40  -0.01382  -0.00403
  -0.01507   0.01611  -0.03396
  -1.1E-40   0.04604  -0.03396
  -1.1E-40   0.01611  -0.03396
  -1.1E-40  -0.01382  -0.01900
  -1.1E-40  -0.01382  -0.00403
  -0.01507   0.01611  -0.00403
  -0.03004   0.00115  -0.01900
  -1.1E-40   0.01611  -0.04892
   0.01486   0.00115  -0.04892
  -0.01507  -0.01382  -0.00403
  -1.1E-40  -0.01382  -0.01900
  -1.1E-40   0.00115  -0.03396
  -0.01507   0.00115  -0.01900
  -1.1E-40   0.01611  -0.04892
   0.01486   0.01611  -0.03396
  -0.01507  -0.01382  -0.01900
  -0.01507   0.00115  -0.03396
  -0.03004   0.03107  -0.06389
  -0.01507   0.03107  -0.04892
  -0.03004  -0.01382  -0.01900
  -0.01507   0.00115  -0.03396
  -0.03004   0.01611  -0.04892
  -0.01507   0.04604  -0.07885
   0.01486   0.03107  -0.04892
   0.02982   0.03107  -0.01900
  -1.1E-40  -0.01382  -0.01900
  -1.1E-40  -0.01382  -0.01900
  -1.1E-40   0.01611  -0.03396
   0.02982   0.01611  -0.03396
  -1.1E-40   0.01611  -0.01900
  -1.1E-40  -0.01382  -0.01900
  -0.01507   0.00115  -0.03396
  -1.1E-40   0.01611  -0.03396
   0.02982   0.00115  -0.00403
  -0.01507  -0.02878  -0.00403
  -0.01507   0.01611  -0.01900
  -0.01507   0.00115  -0.01900
  -0.01507  -0.01382  -0.00403
  -0.01507   0.01611  -0.04892
  -0.01507  -0.01382  -0.03396
  -0.04500  -0.01382  -0.03396
  -0.03004   0.01611  -0.00403
  -0.04500   0.00115  -0.01900
  -0.01507  -0.02878  -0.00403
  -0.01507   0.00115  -0.03396
  -0.01507   0.03107  -0.03396
  -0.03004  -0.01382  -0.03396
  -1.1E-40   0.04604  -0.03396
  -0.03004   0.01611  -0.04892
  -0.03004  -0.01382  -0.03396
  -0.01507   0.01611  -0.04892
  -0.01507   0.01611  -0.00403
  -0.01507  -0.01382  -0.03396
  -0.03004   0.03107  -0.03396
  -1.1E-40   0.01611  -0.01900
  -0.01507   0.00115  -0.03396
  -0.03004   0.03107  -0.00403
  -1.1E-40   0.03107  -0.01900
  -1.1E-40   0.00115  -0.01900
  -0.03004   0.01611  -0.03396
  -1.1E-40   0.01611  -0.01900
  -1.1E-40   0.00115  -0.00403
  -1.1E-40   0.00115  -0.03396
  -0.03004   0.01611  -0.03396
  -0.01507   0.00115  -0.00403
  -1.1E-40   0.00115  -0.03396
  -1.1E-40  -0.01382  -0.03396
  -1.1E-40  -0.01382  -0.03396
  -1.1E-40  -0.01382  -0.01900
  -0.03004   0.01611  -0.00403
  -0.03004   0.00115  -0.03396
  -0.01507   0.01611  -0.01900
   0.01486   0.00115  -0.01900
  -0.01507   0.01611  -0.03396
  -1.1E-40   0.01611  -0.00403
  -0.03004  -0.01382  -0.00403
  -0.01507   0.01611  -0.01900
  -1.1E-40  -0.01382  -0.00403
  -1.1E-40  -0.01382  -0.03396
  -0.03004   0.00115  -0.01900
  -1.1E-40   0.00115  -0.01900
   0.01486   0.00115  -0.00403
  -0.01507  -0.01382  -0.01900
  -1.1E-40   0.04604  -0.03396
  -0.01507  -0.02878  -0.01900
  -0.01507   0.01611  -0.03396
  -0.01507   0.01611  -0.03396
  -1.1E-40   0.01611  -0.03396
  -1.1E-40  -0.01382  -0.03396
  -0.03004   0.00115  -0.03396
  -1.1E-40   0.01611  -0.04892
  -1.1E-40  -0.01382  -0.04892
  -0.01507   0.01611  -0.01900
  -0.01507   0.01611  -0.03396
  -0.01507  -0.01382  -0.03396
  -0.01507   0.03107  -0.00403
  -1.1E-40   0.00115  -0.01900
  -1.1E-40  -0.01382  -0.03396
  -0.01507   0.03107  -0.03396
  -1.1E-40   0.00115  -0.03396
  -0.01507   0.00115  -0.01900
  -0.01507   0.00115  -0.04892
  -0.03004   0.01611  -0.03396
  -0.03004   0.00115  -0.06389
  -0.01507  -0.01382  -0.03396
  -1.1E-40   0.01611  -0.03396
  -0.03004   0.00115  -0.04892
  -0.01507  -0.01382  -0.04892
  -0.01507  -0.01382  -0.00403
  -0.03004   0.00115  -0.03396
  -0.03004   0.00115  -0.03396
  -0.01507   0.04604  -0.03396
  -1.1E-40   0.03107  -0.03396
  -1.1E-40   0.00115  -0.01900
  -1.1E-40  -0.02878  -0.01900
  -1.1E-40   0.00115  -0.01900
  -1.1E-40   0.00115  -0.03396
  -0.01507   0.01611  -0.04892
  -0.01507   0.01611  -0.03396
   0.01486   0.00115  -0.04892
  -0.01507  -0.01382  -0.03396
  -1.1E-40   0.01611  -0.04892
  -0.01507   0.01611  -0.03396
  -0.01507   0.00115  -0.00403
  -0.01507  -0.02878  -0.01900
  -0.03004   0.00115  -0.01900
  -0.03004   0.01611  -0.03396
  -0.03004   0.01611  -0.00403
  -0.01507   0.00115  -0.01900
  -0.04500   0.00115  -0.04892
  -1.1E-40   0.04604  -0.01900
   0.01486   0.01611  -0.01900
  -0.01507  -0.01382  -0.01900
  -0.03004   0.00115  -0.03396
  -0.01507   0.03107  -0.03396
  -1.1E-40   0.01611  -0.03396
  -1.1E-40   0.04604  -0.03396
  -1.1E-40  -0.02878  -0.03396
  -0.01507   0.00115  -0.01900
  -0.01507   0.01611  -0.03396
  -1.1E-40   0.00115  -0.04892
   0.01486  -0.01382  -0.01900
  -1.1E-40  -0.02878  -0.03396
  -0.03004  -0.01382  -0.03396
  -0.01507  -0.02878  -0.01900
  -0.01507  -0.01382  -0.03396
  -0.01507  -0.01382  -0.03396
  -0.01507   0.00115  -0.03396
  -0.01507   0.00115  -0.03396
  -1.1E-40   0.03107  -0.04892
  -1.1E-40  -0.01382  -0.01900
  -1.1E-40   0.01611  -0.04892
  -0.01507  -0.01382  -0.01900
  -0.01507   0.00115  -0.00403
  -1.1E-40   0.00115  -0.03396
   0.01486   0.01611  -0.00403
  -0.03004  -0.01382  -0.01900
  -1.1E-40   0.03107  -0.03396
  -0.01507   0.00115  -0.01900
  -0.03004   0.01611  -0.01900
  -0.01507   0.01611  -0.03396
  -0.03004   0.00115  -0.01900
  -0.01507   0.03107  -0.01900
  -0.01507   0.03107  -0.01900
  -0.01507   0.00115  -0.00403
  -0.01507  -0.04375  -0.01900
  -0.01507   0.00115  -0.01900
  -0.01507   0.01611  -0.01900
  -1.1E-40   0.01611  -0.03396
  -0.03004   0.00115  -0.01900
  -1.1E-40   0.01611  -0.01900
  -0.01507   0.00115  -0.03396
  -1.1E-40   0.01611  -0.01900
  -1.1E-40   0.04604  -0.04892
   0.01486   0.01611  -0.03396
  -0.01507   0.00115  -0.00403
  -0.01507  -0.01382  -0.01900
  -0.01507  -0.02878  -0.01900
   0.01486   0.00115  -0.03396
  -0.01507   0.00115  -0.01900
  -0.03004   0.01611  -0.04892
  -1.1E-40   0.03107  -0.04892
  -0.01507   0.04604  -0.03396
   0.01486   0.01611  -0.03396
  -0.01507   0.00115  -0.03396
  -0.01507   0.01611  -0.01900
  -0.01507  -0.01382  -0.01900
  -0.01507   0.00115  -0.01900
  -0.01507   0.01611  -0.04892
  -0.01507   0.01611  -0.04892
  -1.1E-40  -0.02878  -0.03396
  -1.1E-40   0.00115  -0.04892
  -0.01507   0.03107  -0.06389
  -0.01507   0.01611  -0.03396
  -1.1E-40   0.01611  -0.00403
  -1.1E-40  -0.01382  -0.01900
  -0.01507   0.01611  -0.01900
  -0.01507   0.01611  -0.01900
  -0.03004  -0.01382  -0.03396
  -1.1E-40   0.01611  -0.04892
   0.01486   0.01611  -0.01900
  -1.1E-40  -0.02878  -0.03396
  -0.01507  -0.01382  -0.01900
  -1.1E-40   0.00115  -0.03396
  -1.1E-40  -0.01382  -0.03396
  -0.03004  -0.01382   0.01093
  -1.1E-40   0.01611  -0.01900
  -0.01507  -0.04375  -0.00403
  -0.01507   0.03107  -0.04892
  -0.01507   0.00115  -0.04892
  -1.1E-40  -0.02878  -0.03396
  -0.01507  -0.01382  -0.03396
   0.01486   0.00115  -0.04892
  -1.1E-40  -0.01382  -0.00403
  -0.04500   0.00115  -0.01900
  -1.1E-40   0.00115  -0.03396
  -1.1E-40  -0.01382  -0.01900
  -0.01507  -0.02878  -0.03396
  -0.03004   0.00115  -0.00403
  -0.01507   0.01611  -0.04892
  -1.1E-40   0.01611  -0.04892
  -0.01507   0.00115  -0.01900
  -0.03004  -0.01382  -0.01900
  -0.01507   0.03107  -0.04892
  -1.1E-40  -0.01382  -0.03396
  -0.01507   0.03107  -0.04892
  -1.1E-40   0.00115  -0.00403
  -1.1E-40   0.00115  -0.01900
  -0.03004   0.01611  -0.03396
  -0.04500   0.01611  -0.03396
  -0.01507   0.01611  -0.03396
  -0.01507   0.01611  -0.04892
  -1.1E-40   0.01611  -0.04892
  -1.1E-40   0.03107  -0.04892
  -0.01507   0.01611  -0.01900
  -0.01507  -0.01382  -0.00403
  -0.01507  -0.01382  -0.03396
  -1.1E-40   0.00115  -0.01900
  -0.01507   0.03107  -0.03396
  -1.1E-40   0.01611  -0.01900
   0.01486  -0.01382  -0.03396
  -0.01507   0.00115  -0.03396
  -0.01507  -0.01382  -0.01900
  -1.1E-40   0.03107  -0.03396
  -0.01507   0.00115  -0.00403
  -0.01507  -0.01382  -0.01900
  -0.03004   0.00115  -0.03396
  -1.1E-40   0.00115  -0.04892
  -0.01507  -0.01382  -0.01900
  -0.04500   0.00115  -0.04892
  -0.03004  -0.01382  -0.00403
  -0.01507   0.00115  -0.01900
  -0.04500   0.00115  -0.03396
  -0.01507   0.01611  -0.01900
  -0.03004  -0.01382  -0.03396
  -0.01507   0.03107  -0.04892
  -0.01507   0.00115  -0.03396
  -0.03004   0.01611  -0.01900
  -1.1E-40   0.01611  -0.01900
  -1.1E-40  -0.01382  -0.00403
  -0.03004  -0.01382  -0.01900
  -0.01507   0.03107  -0.04892
  -1.1E-40   0.04604  -0.01900
  -1.1E-40  -0.01382  -0.01900
  -0.01507   0.01611  -0.00403
  -0.01507   0.04604  -0.06389
   0.01486   0.00115  -0.03396
  -1.1E-40   0.03107  -0.03396
  -1.1E-40  -0.01382  -0.03396
  -0.01507   0.00115  -0.04892
  -0.03004  -0.01382  -0.01900
   0.01486   0.00115  -0.00403
  -0.01507  -0.02878  -0.03396
  -0.03004   0.00115  -0.03396
  -0.01507  -0.01382  -0.03396
  -0.03004   0.01611  -0.01900
  -1.1E-40   0.01611  -0.03396
  -1.1E-40  -0.02878  -0.01900
  -1.1E-40   0.00115  -0.03396
  -1.1E-40   0.00115  -0.03396
  -0.03004   0.00115  -0.04892
  -1.1E-40  -0.02878  -0.03396
  -0.01507  -0.01382  -0.00403
  -0.03004  -0.01382  -0.06389
  -1.1E-40   0.01611  -0.04892
  -0.01507  -0.01382  -0.01900
  -1.1E-40   0.03107  -0.03396
  -0.01507  -0.02878  -0.01900
  -0.03004   0.01611  -0.01900
  -1.1E-40  -0.02878  -0.01900
  -0.01507   0.00115  -0.04892
  -1.1E-40   0.00115  -0.01900
  -0.03004   0.00115  -0.00403
  -1.1E-40   0.03107  -0.03396
  -0.01507   0.00115  -0.03396
  -0.01507   0.01611  -0.01900
  -0.01507   0.03107  -0.01900
  -1.1E-40   0.00115  -0.03396
  -0.01507   0.01611  -0.03396
  -1.1E-40   0.01611  -0.01900
  -0.03004  -0.02878  -0.00403
  -1.1E-40   0.01611  -0.01900
  -0.01507   0.00115  -0.03396
  -0.03004   0.00115  -0.01900
  -1.1E-40  -0.01382  -0.00403
  -0.01507  -0.01382  -0.01900
  -1.1E-40   0.03107  -0.03396
  -0.01507  -0.02878  -0.01900
  -0.01507   0.00115  -0.01900
  -0.01507  -0.01382  -0.04892
  -0.01507   0.00115  -0.01900
   0.01486   0.01611  -0.01900
  -1.1E-40  -0.01382  -0.01900
  -0.03004  -0.01382  -0.03396
  -0.01507  -0.01382  -0.03396
  -1.1E-40   0.00115  -0.04892
  -0.01507   0.00115  -0.01900
  -1.1E-40   0.04604  -0.03396
   0.01486  -0.01382  -0.03396
  -0.01507   0.01611  -0.06389
  -0.01507  -0.02878  -0.01900
  -0.01507   0.00115  -0.00403
  -0.01507   0.01611  -0.03396
   0.01486   0.00115  -0.03396
  -0.01507  -0.01382  -0.00403
  -0.03004  -0.01382  -0.00403
  -0.04500   0.01611  -0.03396
  -0.03004   0.03107  -0.03396
  -0.03004   0.01611  -0.04892
  -1.1E-40   0.00115  -0.03396
  -0.01507  -0.02878  -0.01900
  -0.03004  -0.01382  -0.03396
  -1.1E-40   0.00115  -0.04892
  -1.1E-40   0.01611  -0.01900
  -0.03004  -0.01382  -0.03396
  -1.1E-40   0.03107  -0.01900
  -1.1E-40  -0.01382  -0.01900
  -0.01507   0.00115  -0.01900
  -1.1E-40   0.01611  -0.01900
   0.01486   0.01611  -0.04892
  -0.03004  -0.02878  -0.01900
  -1.1E-40   0.00115  -0.03396
  -0.01507  -0.01382  -0.04892
  -1.1E-40  -0.01382  -0.01900
  -0.01507  -0.01382  -0.00403
  -0.03004  -0.01382  -0.01900
  -0.04500   0.00115  -0.01900
  -0.03004  -0.01382  -0.01900
  -0.01507  -0.01382  -0.03396
  -1.1E-40   0.01611  -0.04892
  -0.01507   0.01611  -0.01900
  -0.01507  -0.02878  -0.00403
  -0.01507   0.00115  -0.01900
  -0.01507   0.03107  -0.00403
  -0.01507  -0.01382  -0.01900
  -0.03004   0.01611  -0.03396
  -0.01507   0.01611  -0.03396
  -0.01507   0.00115  -0.01900
  -0.01507  -0.01382  -0.01900
  -0.03004   0.01611  -0.01900
  -0.03004   0.00115  -0.03396
  -0.01507  -0.01382  -0.01900
  -0.04500   0.00115  -0.03396
  -0.03004   0.03107  -0.03396
  -1.1E-40  -0.01382  -0.00403
  -1.1E-40  -0.01382  -0.03396
  -0.03004   0.01611  -0.03396
  -0.03004   0.00115  -0.03396
  -0.01507   0.01611  -0.03396
  -1.1E-40   0.00115  -0.04892
  -1.1E-40  -0.02878  -0.01900
  -1.1E-40   0.00115  -0.01900
  -0.01507  -0.02878  -0.01900
  -0.01507   0.03107  -0.01900
   0.01486   0.01611  -0.03396
  -1.1E-40   0.00115  -0.00403
  -0.01507  -0.02878   0.01093
  -0.01507   0.00115  -0.03396
  -1.1E-40   0.03107  -0.00403
  -1.1E-40  -0.01382  -0.01900
  -1.1E-40  -0.01382  -0.00403
  -0.03004  -0.01382   0.01093
  -0.01507  -0.01382  -0.01900
  -0.03004   0.00115  -0.04892
  -1.1E-40   0.00115  -0.04892
  -1.1E-40   0.00115  -0.03396
  -1.1E-40   0.03107  -0.04892
  -0.03004   0.00115  -0.04892
  -0.01507   0.03107  -0.01900
  -1.1E-40   0.03107  -0.04892
  -1.1E-40   0.01611  -0.01900
  -1.1E-40  -0.01382  -0.00403
  -0.03004   0.00115  -0.01900
  -1.1E-40   0.00115  -0.04892
  -1.1E-40   0.03107  -0.03396
  -1.1E-40   0.01611  -0.01900
   0.01486   0.01611  -0.01900
  -0.01507   0.04604  -0.01900
  -1.1E-40   0.01611  -0.01900
  -1.1E-40   0.01611  -0.04892
  -0.01507   0.01611  -0.03396
   0.01486   0.01611  -0.01900
  -0.01507  -0.01382  -0.01900
  -0.01507   0.00115  -0.03396
  -0.04500   0.01611  -0.03396
  -0.04500   0.01611  -0.06389
  -1.1E-40   0.04604  -0.03396
  -1.1E-40   0.01611  -0.03396
  -0.03004   0.00115  -0.04892
  -0.03004   0.03107  -0.01900
  -0.01507   0.00115  -0.01900
  -0.01507  -0.01382  -0.01900
  -0.01507  -0.01382  -0.03396
  -0.03004   0.00115  -0.03396
  -0.03004   0.00115  -0.03396
  -0.01507  -0.01382  -0.01900
  -0.01507  -0.01382  -0.01900
  -0.04500  -0.02878  -0.01900
  -0.01507   0.00115  -0.04892
  -1.1E-40  -0.01382  -0.04892
  -0.01507   0.01611  -0.04892
  -0.01507   0.00115  -0.04892
  -1.1E-40   0.01611  -0.03396
  -0.03004  -0.02878  -0.00403
  -0.03004  -0.01382  -0.01900
  -0.03004   0.00115  -0.01900
  -0.03004   0.01611  -0.04892
  -1.1E-40   0.00115  -0.04892
  -1.1E-40   0.00115  -0.01900
  -1.1E-40  -0.02878  -0.03396
  -1.1E-40  -0.02878  -0.01900
  -0.03004  -0.01382  -0.03396
  -0.01507   0.01611  -0.00403
  -0.03004   0.01611  -0.04892
  -1.1E-40   0.03107  -0.04892
   0.01486  -0.01382  -0.04892
  -1.1E-40  -0.01382  -0.01900
  -0.03004   0.00115  -0.01900
  -1.1E-40  -0.01382  -0.01900
   0.01486  -0.01382  -0.01900
  -0.01507  -0.01382  -0.01900
  -0.01507   0.01611  -0.03396
  -0.03004   0.00115  -0.03396
  -1.1E-40   0.01611  -0.03396
  -0.03004   0.00115  -0.00403
  -1.1E-40   0.03107  -0.03396
   0.01486   0.01611  -0.04892
  -0.03004   0.00115  -0.01900
  -0.03004   0.01611  -0.03396
  -0.01507   0.03107  -0.03396
  -0.01507   0.03107  -0.03396
  -0.01507   0.00115  -0.06389
  -1.1E-40  -0.02878  -0.01900
  -0.03004   0.00115  -0.01900
  -0.01507   0.03107  -0.03396
  -0.01507  -0.01382  -0.03396
  -0.01507   0.01611  -0.03396
  -0.01507  -0.02878  -0.01900
  -1.1E-40  -0.01382  -0.00403
  -1.1E-40  -0.02878  -0.01900
  -0.01507   0.01611  -0.03396
  -1.1E-40  -0.02878  -0.01900
  -0.01507  -0.01382  -0.00403
  -0.01507   0.00115  -0.04892
  -1.1E-40   0.00115  -0.01900
  -0.03004  -0.01382  -0.01900
   0.01486   0.01611  -0.03396
  -1.1E-40   0.00115  -0.00403
   0.01486   0.00115  -0.03396
  -0.01507   0.00115  -0.01900
  -0.01507   0.01611  -0.03396
  -1.1E-40   0.00115  -0.03396
  -0.03004  -0.01382  -0.01900
  -1.1E-40   0.03107  -0.03396
   0.01486  -0.01382  -0.01900
  -1.1E-40   0.01611  -0.04892
  -0.03004   0.03107  -0.03396
  -1.1E-40   0.00115  -0.01900
  -0.01507   0.00115  -0.04892
  -1.1E-40   0.00115  -0.03396
  -1.1E-40   0.03107  -0.01900
  -0.01507  -0.01382  -0.01900
  -1.1E-40   0.00115  -0.04892
  -0.01507  -0.01382  -0.00403
  -1.1E-40  -0.01382  -0.01900
  -0.01507   0.01611  -0.01900
  -0.01507  -0.01382  -0.00403
  -0.01507   0.00115  -0.04892
   0.01486   0.01611  -0.03396
  -0.03004  -0.02878  -0.03396
  -0.01507   0.01611  -0.03396
  -0.01507  -0.01382  -0.01900
  -1.1E-40   0.00115  -0.01900
  -1.1E-40   0.00115  -0.01900
  -0.01507   0.00115  -0.01900
  -0.04500   0.00115  -0.03396
  -1.1E-40   0.00115  -0.03396
  -1.1E-40  -0.01382  -0.00403
  -0.01507   0.00115  -0.04892
  -0.01507   0.03107  -0.01900
  -0.01507  -0.01382  -0.01900
  -1.1E-40   0.01611  -0.04892
   0.01486  -0.01382  -0.01900
  -0.03004  -0.02878  -0.03396
  -0.01507   0.00115  -0.03396
  -0.01507   0.00115  -0.04892
  -1.1E-40   0.00115  -0.03396
  -1.1E-40  -0.01382  -0.03396
  -0.03004   0.00115  -0.01900
   0.01486   0.01611  -0.03396
  -0.01507   0.03107  -0.04892
  -0.01507   0.04604  -0.03396
   0.01486   0.01611  -0.03396
  -1.1E-40   0.00115  -0.04892
  -0.01507   0.01611  -0.01900
  -1.1E-40  -0.01382  -0.00403
  -1.1E-40   0.03107  -0.01900
   0.01486   0.00115  -0.01900
  -0.03004   0.01611  -0.01900
  -0.01507   0.01611  -0.06389
  -1.1E-40   0.00115  -0.03396
  -0.01507   0.01611  -0.01900
  -0.01507   0.01611  -0.03396
  -0.03004   0.01611  -0.03396
  -0.01507  -0.01382  -0.00403
  -1.1E-40   0.00115  -0.00403
  -0.03004   0.01611  -0.03396
  -0.01507   0.00115  -0.01900
  -0.03004   0.00115  -0.03396
  -0.03004  -0.01382  -0.03396
  -0.01507   0.00115  -0.03396
  -0.03004  -0.01382  -0.01900
  -0.03004   0.01611  -0.03396
  -1.1E-40  -0.01382  -0.03396
  -0.03004   0.01611  -0.04892
  -0.01507   0.03107  -0.01900
  -0.01507   0.00115  -0.01900
  -0.03004  -0.01382  -0.01900
  -1.1E-40   0.01611  -0.03396
  -1.1E-40  -0.01382  -0.01900
  -1.1E-40   0.00115  -0.01900
  -1.1E-40   0.01611  -0.00403
  -0.01507  -0.01382  -0.01900
   0.01486   0.01611  -0.01900
  -1.1E-40   0.00115  -0.03396
  -0.01507  -0.02878  -0.01900
   0.01486   0.01611  -0.01900
  -1.1E-40  -0.01382  -0.01900
  -1.1E-40   0.01611  -0.03396
  -0.01507   0.00115  -0.04892
  -1.1E-40   0.00115  -0.03396
  -0.01507  -0.01382  -0.01900
  -1.1E-40   0.00115  -0.01900
  -1.1E-40  -0.01382  -0.01900
  -0.01507   0.01611  -0.01900
  -0.01507  -0.02878  -0.00403
  -1.1E-40   0.01611  -0.03396
  -0.01507  -0.01382  -0.01900
  -1.1E-40   0.01611  -0.03396
  -1.1E-40   0.00115  -0.03396
  -0.01507   0.00115  -0.04892
  -1.1E-40  -0.02878  -0.01900
  -0.01507   0.00115  -0.03396
  -0.01507  -0.01382  -0.03396
  -0.01507   0.00115  -0.03396
  -0.01507   0.00115  -0.03396
  -1.1E-40   0.03107  -0.00403
  -0.01507   0.00115  -0.01900
  -0.04500   0.01611  -0.03396
  -0.01507   0.01611  -0.01900
   0.01486   0.01611  -0.03396
  -0.01507   0.01611  -0.00403
  -1.1E-40  -0.01382  -0.01900
  -0.01507   0.00115  -0.03396
  -0.01507   0.00115  -0.03396
  -0.01507   0.01611  -0.01900
  -1.1E-40  -0.01382  -0.03396
  -0.01507  -0.01382  -0.03396
  -0.03004   0.00115  -0.03396
  -1.1E-40   0.00115  -0.03396
  -0.01507   0.00115  -0.03396
  -0.03004  -0.01382  -0.01900
  -0.01507   0.00115  -0.01900
  -0.01507  -0.01382  -0.03396
  -0.03004  -0.01382  -0.03396
  -0.03004   0.01611  -0.03396
  -1.1E-40   0.01611  -0.03396
  -0.03004   0.00115  -0.00403
  -1.1E-40   0.00115  -0.03396
  -1.1E-40   0.03107  -0.01900
  -1.1E-40   0.00115  -0.04892
   0.01486   0.01611  -0.01900
  -0.01507   0.00115  -0.03396
  -1.1E-40  -0.01382  -0.03396
  -0.01507   0.00115  -0.01900
  -0.03004   0.00115  -0.01900
  -1.1E-40   0.03107  -0.03396
  -0.04500   0.00115  -0.01900
  -1.1E-40   0.03107  -0.01900
  -0.01507  -0.01382  -0.00403
  -0.01507   0.01611  -0.04892
  -0.01507  -0.01382  -0.01900
  -1.1E-40   0.00115  -0.03396
  -0.03004   0.00115   0.01093
  -0.01507   0.00115  -0.01900
   0.01486   0.00115  -0.00403
  -0.01507   0.01611  -0.04892
  -1.1E-40   0.03107  -0.03396
  -0.01507  -0.01382  -0.00403
  -1.1E-40   0.03107  -0.03396
  -1.1E-40   0.00115  -0.01900
  -0.01507   0.01611  -0.01900
  -0.03004   0.00115  -0.03396
  -0.01507  -0.01382  -0.00403
   0.01486   0.00115  -0.03396
  -0.01507  -0.01382  -0.01900
  -0.01507   0.01611  -0.04892
  -0.01507  -0.01382   0.01093
  -0.01507   0.00115  -0.03396
   0.01486   0.00115  -0.03396
  -0.04500   0.00115  -0.03396
  -1.1E-40   0.01611  -0.03396
  -0.03004   0.01611  -0.04892
  -0.01507   0.00115  -0.01900
  -1.1E-40   0.01611  -0.04892
  -1.1E-40   0.03107  -0.03396
  -0.01507  -0.01382  -0.03396
  -0.01507   0.00115  -0.01900
  -0.01507   0.00115  -0.01900
  -0.01507   0.01611  -0.04892
  -0.01507   0.00115  -0.03396
   0.01486  -0.01382  -0.01900
  -1.1E-40   0.01611  -0.03396
  -0.03004   0.00115  -0.04892
  -0.01507  -0.01382  -0.03396
   0.01486   0.01611  -0.01900
  -0.03004   0.00115  -0.01900
  -0.03004  -0.01382  -0.01900
  -0.03004   0.03107  -0.03396
  -0.03004  -0.02878  -0.01900
  -0.01507  -0.01382  -0.03396
  -1.1E-40   0.00115  -0.01900
  -0.01507   0.01611  -0.04892
  -0.03004  -0.01382  -0.03396
  -0.01507   0.00115  -0.03396
  -0.03004   0.01611  -0.01900
  -0.01507   0.00115  -0.03396
  -0.01507   0.01611  -0.03396
  -1.1E-40   0.00115  -0.03396
  -0.01507   0.01611  -0.01900
  -0.03004   0.01611  -0.01900
  -0.01507   0.03107  -0.03396
  -1.1E-40   0.00115  -0.01900
  -0.03004  -0.01382  -0.01900
  -0.01507   0.00115  -0.03396
  -0.01507   0.01611  -0.00403
  -0.03004   0.01611  -0.03396
  -0.01507   0.00115  -0.03396
  -1.1E-40   0.01611  -0.01900
  -1.1E-40   0.00115  -0.04892
  -1.1E-40   0.00115  -0.01900
  -0.01507   0.01611  -0.04892
  -1.1E-40  -0.01382  -0.01900
  -0.03004   0.00115  -0.00403
  -0.03004  -0.02878  -0.03396
  -1.1E-40   0.03107  -0.01900
  -0.01507   0.00115  -0.00403
  -0.01507   0.01611  -0.00403
  -1.1E-40   0.01611  -0.03396
  -0.01507  -0.02878  -0.01900
  -1.1E-40   0.01611  -0.00403
  -0.01507  -0.01382  -0.03396
  -1.1E-40   0.01611  -0.03396
  -0.01507  -0.01382  -0.01900
  -0.01507   0.03107  -0.01900
  -1.1E-40   0.00115  -0.04892
  -1.1E-40   0.01611  -0.03396
  -0.01507  -0.01382  -0.01900
  -1.1E-40   0.03107  -0.04892
  -0.01507  -0.02878  -0.03396
  -1.1E-40   0.01611  -0.03396
  -0.01507   0.01611  -0.03396
  -1.1E-40   0.01611  -0.00403
  -1.1E-40   0.00115  -0.03396
  -1.1E-40   0.00115  -0.03396
  -1.1E-40   0.00115  -0.01900
  -1.1E-40   0.00115  -0.03396
  -0.01507   0.00115  -0.03396
  -0.01507  -0.01382  -0.00403
  -0.03004   0.01611  -0.01900
  -1.1E-40   0.00115  -0.00403
  -0.01507   0.01611  -0.01900
  -0.03004   0.00115  -0.03396
  -0.03004  -0.01382  -0.01900
  -0.01507   0.03107  -0.03396
  -0.01507  -0.01382  -0.01900
  -1.1E-40   0.00115  -0.03396
  -1.1E-40   0.01611  -0.01900
  -1.1E-40  -0.01382  -0.01900
  -0.03004   0.01611  -0.03396
  -1.1E-40  -0.01382  -0.01900
  -0.01507   0.01611  -0.03396
  -0.03004   0.01611  -0.03396
  -0.01507  -0.01382  -0.00403
  -0.05996  -0.01382  -0.00403
  -0.01507   0.03107  -0.03396
  -0.01507  -0.01382  -0.01900
  -0.03004  -0.01382  -0.03396
  -0.01507   0.01611  -0.04892
  -0.01507  -0.01382  -0.01900
  -0.01507   0.03107  -0.03396
  -0.01507  -0.02878  -0.01900
  -0.01507   0.00115  -0.03396
  -1.1E-40  -0.01382  -0.03396
  -0.03004   0.00115  -0.00403
  -0.03004   0.04604  -0.04892
  -0.03004  -0.01382  -0.01900
   0.01486   0.03107  -0.01900
  -1.1E-40  -0.01382  -0.01900
  -0.03004   0.01611  -0.03396
  -1.1E-40   0.01611  -0.01900
  -1.1E-40  -0.01382  -0.01900
  -1.1E-40   0.00115  -0.04892
  -0.01507  -0.01382  -0.03396
  -0.01507   0.00115  -0.03396
  -0.01507  -0.02878  -0.03396
  -1.1E-40   0.03107  -0.04892
  -0.01507  -0.01382  -0.03396
  -1.1E-40   0.01611  -0.03396
  -0.01507   0.01611  -0.04892
  -0.01507   0.01611  -0.01900
  -1.1E-40   0.01611  -0.01900
  -0.03004   0.03107  -0.04892
  -0.03004  -0.01382  -0.03396
   0.01486   0.00115  -0.00403
  -0.04500   0.00115  -0.03396
  -0.01507   0.01611  -0.01900
  -0.01507   0.00115  -0.04892
  -0.01507   0.00115  -0.01900
  -0.01507   0.00115  -0.00403
  -0.01507   0.01611  -0.04892
  -0.03004  -0.01382  -0.00403
  -0.01507   0.01611  -0.03396
  -0.03004   0.00115  -0.03396
  -1.1E-40   0.03107  -0.03396
  -0.03004   0.01611  -0.04892
  -1.1E-40   0.03107  -0.01900
  -0.01507   0.00115  -0.03396
  -0.01507   0.01611  -0.04892
  -0.03004  -0.01382  -0.01900
  -0.01507   0.00115  -0.04892
  -0.01507  -0.02878  -0.03396
  -0.01507   0.03107  -0.03396
   0.01486   0.01611  -0.01900
  -1.1E-40  -0.01382  -0.01900
  -0.03004  -0.01382  -0.01900
  -0.01507   0.00115  -0.01900
  -0.03004   0.03107  -0.03396
  -1.1E-40   0.00115  -0.01900
  -1.1E-40   0.01611  -0.01900
  -1.1E-40   0.01611  -0.03396
  -0.03004  -0.01382  -0.00403
  -1.1E-40   0.03107  -0.01900
   0.01486   0.01611  -0.01900
  -0.03004   0.00115  -0.01900
  -1.1E-40   0.01611  -0.01900
  -0.01507  -0.02878  -0.01900
  -0.01507   0.00115  -0.03396
  -1.1E-40   0.01611  -0.03396
  -1.1E-40  -0.01382  -0.01900
  -0.01507  -0.01382  -0.01900
  -0.03004   0.00115  -0.03396
  -0.01507   0.01611  -0.03396
  -1.1E-40   0.00115  -0.03396
  -1.1E-40   0.01611  -0.03396
   0.01486  -0.01382  -0.00403
  -0.01507   0.01611  -0.00403
   0.01486   0.01611  -0.01900
  -1.1E-40   0.00115  -0.03396
  -1.1E-40   0.01611  -0.04892
  -1.1E-40   0.00115  -0.01900
  -1.1E-40   0.06100  -0.01900
  -0.01507   0.03107  -0.03396
  -0.01507  -0.01382  -0.00403
  -0.01507   0.01611  -0.03396
  -0.01507   0.00115  -0.01900
  -0.03004  -0.02878  -0.00403
  -0.01507   0.00115  -0.01900
  -0.01507   0.03107  -0.06389
  -1.1E-40  -0.01382  -0.01900
  -1.1E-40  -0.01382  -0.01900
  -0.01507   0.00115  -0.01900
  -1.1E-40   0.01611  -0.03396
  -1.1E-40   0.03107  -0.01900
  -1.1E-40  -0.01382  -0.03396
  -0.01507   0.01611  -0.03396
   0.01486  -0.01382  -0.00403
  -0.01507   0.00115  -0.03396
  -0.03004   0.00115  -0.03396
  -1.1E-40   0.00115  -0.03396
  -1.1E-40  -0.01382  -0.03396
  -0.03004   0.01611  -0.03396
  -0.01507   0.00115  -0.06389
  -1.1E-40   0.01611  -0.01900
  -0.03004  -0.01382  -0.01900
  -0.03004  -0.01382  -0.03396
   0.01486   0.00115  -0.01900
  -0.01507  -0.01382  -0.00403
  -0.01507   0.03107  -0.04892
  -0.03004   0.00115  -0.01900
  -0.01507   0.00115  -0.01900
  -1.1E-40   0.01611  -0.06389
   0.01486  -0.01382  -0.01900
  -0.01507   0.01611  -0.04892
  -0.01507   0.00115  -0.01900
  -0.03004  -0.01382  -0.01900
  -0.03004   0.01611  -0.00403
  -1.1E-40   0.01611  -0.04892
  -0.01507  -0.01382  -0.01900
  -1.1E-40   0.01611  -0.04892
  -1.1E-40   0.00115  -0.01900
  -0.03004   0.00115  -0.01900
  -0.03004   0.00115  -0.04892
  -1.1E-40   0.00115  -0.01900
  -0.01507  -0.01382  -0.00403
  -0.01507  -0.02878  -0.03396
  -0.03004   0.00115  -0.01900
  -1.1E-40   0.01611  -0.04892
  -0.01507   0.00115  -0.03396
  -0.03004   0.01611  -0.01900
  -0.03004   0.01611  -0.01900
  -0.01507   0.00115  -0.03396
  -0.03004  -0.01382   0.01093
  -0.01507   0.01611  -0.01900
  -0.01507  -0.01382  -0.03396
  -0.03004   0.03107  -0.03396
  -1.1E-40   0.00115  -0.03396
  -1.1E-40   0.01611  -0.01900
  -0.01507  -0.02878  -0.03396
  -0.01507   0.01611  -0.01900
  -1.1E-40   0.00115  -0.00403
  -1.1E-40   0.01611  -0.00403
  -0.03004   0.00115  -0.04892
  -0.03004   0.00115  -0.03396
  -1.1E-40   0.01611  -0.01900
  -1.1E-40   0.00115  -0.03396
  -0.03004   0.00115  -0.03396
  -1.1E-40   0.00115  -0.01900
  -1.1E-40  -0.01382  -0.00403
  -1.1E-40   0.03107  -0.03396
  -1.1E-40  -0.02878  -0.03396
  -0.01507   0.00115  -0.03396
  -1.1E-40   0.00115  -0.01900
  -0.01507   0.01611  -0.03396
  -0.01507  -0.01382   0.01093
  -0.01507   0.01611  -0.03396
  -0.03004  -0.01382  -0.00403
  -1.1E-40   0.00115  -0.04892
  -0.04500  -0.01382  -0.03396
   0.01486  -0.01382  -0.00403
  -0.03004   0.00115  -0.01900
  -1.1E-40   0.00115  -0.01900
  -1.1E-40   0.00115  -0.03396
  -0.01507   0.00115  -0.04892
  -1.1E-40   0.03107  -0.01900
   0.01486  -0.01382  -0.03396
  -0.01507   0.01611  -0.01900
  -0.03004   0.03107  -0.03396
  -1.1E-40   0.01611  -0.01900
  -0.03004   0.00115  -0.04892
   0.01486   0.01611  -0.01900
  -1.1E-40  -0.01382  -0.00403
  -0.03004   0.01611  -0.06389
  -1.1E-40   0.03107  -0.03396
  -0.01507  -0.01382  -0.01900
  -1.1E-40   0.01611  -0.03396
  -1.1E-40   0.01611  -0.04892
   0.01486  -0.01382  -0.01900
  -1.1E-40   0.01611  -0.03396
  -0.01507   0.00115  -0.01900
  -1.1E-40  -0.01382  -0.00403
  -0.01507   0.00115  -0.01900
   0.02982   0.03107  -0.04892
  -1.1E-40   0.00115  -0.01900
  -0.01507  -0.01382  -0.01900
  -0.03004   0.01611  -0.03396
  -1.1E-40   0.01611  -0.03396
  -1.1E-40  -0.01382  -0.01900
  -0.01507   0.01611  -0.01900
  -0.01507   0.00115  -0.01900
  -0.01507   0.01611  -0.04892
  -0.03004   0.03107  -0.03396
  -1.1E-40   0.04604  -0.01900
  -1.1E-40   0.00115  -0.01900
  -0.01507   0.03107  -0.01900
  -0.01507   0.03107  -0.03396
  -0.03004   0.01611  -0.03396
  -0.01507   0.03107  -0.03396
  -0.01507   0.00115  -0.01900
  -0.04500   0.01611  -0.01900
  -1.1E-40   0.03107  -0.04892
  -0.01507   0.03107  -0.01900
   0.01486   0.03107  -0.04892
  -1.1E-40   0.00115  -0.03396
  -0.01507   0.03107  -0.01900
  -0.01507   0.01611  -0.01900
  -0.03004   0.00115  -0.04892
  -1.1E-40   0.01611  -0.04892
  -0.01507   0.01611  -0.00403
  -0.01507   0.04604  -0.04892
  -0.03004   0.00115  -0.03396
  -0.01507   0.03107  -0.03396
  -0.01507   0.03107  -0.03396
  -0.01507   0.00115  -0.01900
  -1.1E-40   0.03107  -0.03396
   0.01486   0.03107  -0.00403
  -1.1E-40   0.03107  -0.04892
   0.01486   0.04604  -0.01900
  -1.1E-40   0.01611  -0.01900
  -0.01507  -0.01382  -0.01900
  -1.1E-40   0.03107  -0.03396
  -1.1E-40   0.04604  -0.01900
  -0.01507   0.00115  -0.03396
  -0.03004   0.01611  -0.04892
  -1.1E-40   0.01611  -0.03396
  -0.01507   0.00115  -0.03396
  -0.01507   0.03107  -0.03396
  -1.1E-40  -0.01382  -0.04892
  -0.01507   0.04604  -0.04892
  -0.01507  -0.01382  -0.01900
  -1.1E-40   0.01611  -0.01900
  -1.1E-40   0.03107  -0.06389
   0.01486   0.00115  -0.03396
  -1.1E-40   0.01611  -0.03396
  -1.1E-40   0.03107  -0.04892
   0.01486   0.01611  -0.01900
  -1.1E-40  -0.01382  -0.01900
  -0.01507   0.03107  -0.01900
   0.01486   0.00115  -0.04892
  -1.1E-40   0.01611  -0.03396
   0.01486   0.00115  -0.03396
  -1.1E-40   0.00115  -0.03396
  -1.1E-40  -0.01382  -0.03396
   0.01486  -0.04375  -0.00403
  -1.1E-40  -0.01382  -0.03396
  -0.01507   0.01611  -0.03396
   0.01486  -0.01382  -0.01900
  -0.01507  -0.02878  -0.01900
  -0.01507  -0.02878  -0.03396
  -0.01507  -0.01382  -0.01900
  -0.03004   0.00115  -0.03396
  -1.1E-40  -0.01382  -0.03396
  -0.03004   0.01611  -0.04892
  -1.1E-40   0.01611  -0.03396
  -1.1E-40  -0.01382  -0.04892
  -1.1E-40  -0.01382  -0.01900
  -0.01507  -0.02878  -0.01900
  -1.1E-40  -0.01382  -0.04892
   0.01486  -0.04375  -0.01900
  -1.1E-40  -0.04375  -0.01900
  -0.03004  -0.01382  -0.03396
  -1.1E-40  -0.01382  -0.04892
   0.01486  -0.01382  -0.00403
  -0.01507  -0.01382  -0.01900
  -1.1E-40   0.00115  -0.03396
  -0.01507  -0.02878   0.01093
  -1.1E-40   0.00115  -0.01900
  -1.1E-40  -0.02878  -0.00403
  -0.01507  -0.01382  -0.04892
   0.02982   0.00115  -0.01900
  -1.1E-40  -0.02878   0.01093
  -1.1E-40  -0.01382  -0.00403
  -1.1E-40   0.01611  -0.06389
   0.02982   0.00115  -0.01900
   0.01486  -0.02878  -0.01900
   0.01486  -0.02878  -0.01900
  -0.01507  -0.02878  -0.01900
  -0.03004  -0.01382  -0.04892
   0.01486   0.00115  -0.04892
  -0.01507  -0.02878  -0.03396
  -1.1E-40   0.01611  -0.01900
   0.01486   0.01611  -0.03396
  -0.01507  -0.02878  -0.03396
  -0.01507  -0.01382  -0.04892
   0.01486   0.01611  -0.04892
  -1.1E-40   0.00115  -0.03396
  -0.01507   0.00115  -0.03396
  -0.01507   0.00115  -0.01900
  -0.01507   0.00115  -0.03396
  -0.03004  -0.01382  -0.04892
  -1.1E-40  -0.01382  -0.03396
   0.02982   0.00115  -0.03396
   0.01486  -0.01382  -0.04892
  -1.1E-40   0.00115  -0.04892
  -0.01507  -0.01382  -0.03396
  -0.01507   0.01611  -0.03396
  -1.1E-40   0.03107  -0.04892
  -1.1E-40  -0.01382  -0.01900
  -0.03004   0.01611  -0.01900
  -0.01507   0.03107  -0.01900
  -0.01507   0.01611  -0.01900
  -0.01507   0.03107  -0.03396
  -0.03004  -0.01382  -0.03396
  -1.1E-40   0.00115  -0.03396
  -1.1E-40   0.00115  -0.00403
  -1.1E-40   0.00115  -0.03396
  -0.01507  -0.02878  -0.00403
  -1.1E-40   0.01611  -0.01900
  -0.01507   0.00115  -0.01900
  -1.1E-40   0.01611  -0.04892
  -1.1E-40   0.04604  -0.04892
   0.02982   0.04604  -0.03396
   0.01486   0.01611  -0.04892
  -0.01507   0.03107  -0.03396
  -1.1E-40   0.03107  -0.04892
   0.01486   0.06100  -0.03396
  -0.01507   0.01611  -0.03396
  -1.1E-40   0.06100  -0.04892
  -1.1E-40   0.01611  -0.03396
  -0.01507   0.01611  -0.04892
   0.01486   0.01611  -0.03396
  -1.1E-40   0.00115  -0.00403
  -0.03004   0.01611  -0.03396
  -0.03004   0.01611  -0.04892
  -1.1E-40   0.03107  -0.03396
  -0.01507   0.00115  -0.01900
   0.01486   0.04604  -0.03396
  -0.01507   0.03107  -0.04892
   0.02982   0.00115  -0.04892
   0.01486  -0.01382  -0.03396
  -1.1E-40   0.00115  -0.00403
  -0.01507   0.00115  -0.04892
  -0.01507   0.03107  -0.00403
  -1.1E-40   0.00115  -0.03396
  -0.01507   0.01611  -0.03396
  -1.1E-40   0.03107  -0.01900
  -1.1E-40  -0.01382  -0.00403
  -0.01507   0.03107  -0.04892
  -1.1E-40  -0.01382  -0.01900
  -1.1E-40  -0.01382  -0.00403
  -1.1E-40  -0.01382  -0.01900
  -0.03004  -0.02878  -0.01900
  -1.1E-40  -0.01382  -0.03396
  -1.1E-40  -0.04375  -0.01900
  -0.03004  -0.02878  -0.04892
  -0.03004  -0.01382  -0.03396
  -1.1E-40  -0.01382  -0.03396
  -0.01507  -0.04375  -0.01900
  -0.03004  -0.02878  -0.03396
  -1.1E-40  -0.01382  -0.03396
  -1.1E-40  -0.05871  -0.01900
  -0.03004  -0.04375  -0.03396
  -0.01507  -0.04375  -0.03396
  -0.01507  -0.02878  -0.01900
  -0.03004  -0.05871   0.01093
  -0.01507  -0.07367  -0.01900
  -0.03004  -0.02878  -0.04892
  -1.1E-40  -0.01382  -0.03396
  -0.01507  -0.04375  -0.00403
  -0.03004  -0.01382  -0.04892
  -1.1E-40  -0.05871  -0.03396
  -0.01507  -0.05871  -0.01900
  -0.03004  -0.04375  -0.03396
  -0.04500  -0.02878  -0.03396
  -0.01507  -0.07367  -0.00403
  -0.01507  -0.02878  -0.01900
  -0.03004  -0.02878  -0.01900
  -0.03004  -0.02878  -0.03396
  -0.01507  -0.05871  -0.04892
  -0.03004  -0.02878  -0.04892
  -0.03004  -0.05871  -0.03396
  -0.04500  -0.02878  -0.03396
  -0.03004  -0.04375  -0.01900
  -0.03004  -0.02878  -0.03396
  -1.1E-40  -0.02878  -0.01900
  -0.03004  -0.05871  -0.00403
  -0.04500  -0.01382  -0.03396
  -0.03004  -0.04375  -0.00403
  -0.03004  -0.04375  -0.01900
  -0.01507  -0.07367  -0.03396
  -0.01507  -0.01382  -0.03396
  -0.01507  -0.04375  -0.00403
  -0.01507  -0.05871  -0.00403
  -0.01507  -0.02878  -0.03396
  -1.1E-40  -0.01382  -0.03396
  -0.01507  -0.05871   0.01093
  -0.01507  -0.01382  -0.00403
  -0.01507  -0.01382  -0.01900
  -0.03004  -0.01382  -0.01900
  -1.1E-40  -0.01382  -0.00403
  -1.1E-40  -0.01382  -0.01900
  -0.01507  -0.02878  -0.01900
  -0.03004  -0.01382  -0.01900
  -0.01507   0.00115  -0.04892
  -0.04500   0.00115  -0.01900
  -1.1E-40   0.06100  -0.03396
  -0.01507  -0.01382  -0.00403
  -1.1E-40   0.03107  -0.03396
  -0.01507   0.03107  -0.01900
   0.01486   0.03107  -0.03396
  -1.1E-40   0.04604  -0.01900
   0.02982   0.03107  -0.00403
   0.01486   0.04604  -0.03396
   0.01486   0.04604  -0.03396
  -1.1E-40   0.03107  -0.04892
  -1.1E-40   0.03107  -0.03396
  -1.1E-40   0.06100  -0.06389
  -0.03004   0.03107  -0.06389
  -1.1E-40   0.04604  -0.04892
  -1.1E-40   0.03107  -0.03396
  -0.01507   0.04604  -0.06389
  -1.1E-40   0.01611  -0.03396
  -1.1E-40   0.04604  -0.04892
  -1.1E-40   0.03107  -0.01900
  -0.01507   0.01611  -0.01900
  -0.01507   0.04604  -0.01900
  -1.1E-40   0.03107   0.01093
  -1.1E-40   0.01611  -0.04892
  -0.01507   0.00115  -0.00403
  -1.1E-40   0.04604  -0.03396
   0.01486   0.01611  -0.00403
  -0.01507   0.03107  -0.03396
  -1.1E-40  -0.01382  -0.03396
  -1.1E-40   0.01611  -0.04892
  -1.1E-40   0.01611  -0.03396
   0.01486   0.01611  -0.00403
  -1.1E-40  -0.02878  -0.03396
  -0.01507  -0.01382  -0.00403
  -0.03004   0.01611  -0.00403
  -0.03004   0.01611  -0.04892
  -1.1E-40   0.00115  -0.00403
  -0.03004   0.01611  -0.00403
  -1.1E-40   0.01611  -0.04892
  -0.01507  -0.01382  -0.01900
  -0.03004   0.01611  -0.01900
  -0.01507   0.00115  -0.01900
  -0.03004   0.00115  -0.01900
  -0.01507  -0.02878  -0.01900
  -0.03004   0.01611  -0.01900
  -0.03004  -0.01382  -0.00403
  -0.01507   0.00115   0.01093
  -0.04500   0.01611  -0.03396
  -0.01507  -0.04375  -0.00403
  -0.01507   0.00115  -0.00403
  -0.04500  -0.02878  -0.03396
  -0.01507  -0.02878  -0.01900
  -0.03004  -0.01382  -0.00403
  -0.01507   0.00115  -0.01900
  -0.05996  -0.02878  -0.00403
  -0.03004   0.01611  -0.01900
  -0.01507   0.01611  -0.03396
  -0.04500  -0.01382  -0.01900
  -0.05996  -0.01382  -0.00403
  -0.04500  -0.01382   0.01093
  -0.05996   0.03107  -0.01900
  -0.07493   0.01611  -0.03396
  -0.03004   0.01611  -0.00403
  -0.03004  -0.02878  -0.01900
  -0.04500  -0.02878   0.01093
  -0.05996   0.00115  -0.01900
  -0.03004  -0.02878  -0.03396
  -0.04500  -0.01382  -0.03396
  -0.05996  -0.02878   0.01093
  -0.04500   0.00115  -0.01900
  -0.04500   0.00115  -0.03396
  -0.03004  -0.01382  -0.03396
  -0.04500  -0.04375  -0.00403
  -0.04500   0.00115  -0.01900
  -0.04500  -0.04375  -0.00403
  -0.04500  -0.04375  -0.00403
  -0.05996  -0.04375  -0.01900
  -0.07493  -0.01382  -0.03396
  -0.05996  -0.02878  -0.01900
  -0.05996  -0.01382  -0.00403
  -0.05996  -0.02878  -0.01900
  -0.05996  -0.02878  -0.00403
  -0.05996  -0.02878  -0.01900
  -0.04500  -0.02878  -0.03396
  -1.1E-40  -0.04375  -0.03396
  -0.03004  -0.07367   0.01093
  -0.05996  -0.05871  -0.01900
  -0.01507  -0.02878  -0.06389
  -1.1E-40  -0.04375  -0.04892
   0.01486  -0.02878  -0.03396
  -0.01507   0.00115  -0.06389
  -1.1E-40   0.00115  -0.06389
   0.01486   0.03107  -0.03396
  -1.1E-40   0.06100  -0.06389
   0.02982   0.06100  -0.07885
   0.01486   0.01611  -0.04892
   0.01486   0.01611  -0.04892
   0.02982   0.00115  -0.06389
  -1.1E-40   0.01611  -0.04892
  -1.1E-40  -0.01382  -0.01900
   0.01486  -0.01382  -0.03396
  -0.01507   0.01611  -0.06389
   0.02982   0.00115  -0.04892
   0.01486   0.03107  -0.06389
   0.04478   0.00115  -0.04892
   0.01486   0.00115  -0.01900
   0.01486  -0.01382  -0.03396
   0.02982  -0.01382  -0.03396
   0.02982  -0.02878  -0.01900
  -0.01507  -0.02878  -0.03396
   0.01486  -0.02878  -0.03396
   0.01486  -0.04375  -0.04892
  -0.01507  -0.05871  -0.03396
   0.02982  -0.04375  -0.01900
  -1.1E-40  -0.07367  -0.04892
  -0.01507  -0.04375  -0.04892
  -1.1E-40  -0.05871  -0.00403
   0.01486  -0.02878  -0.01900
  -0.01507  -0.07367  -0.00403
  -0.01507  -0.02878  -0.01900
  -1.1E-40   0.03107  -0.01900
  -0.01507   0.00115  -0.01900
  -0.03004   0.04604  -0.03396
  -0.01507   0.01611   0.02590
  -0.03004   0.01611  -0.00403
  -0.01507   0.04604  -0.00403
  -0.01507   0.06100  -0.01900
  -0.01507   0.04604  -0.00403
  -0.03004   0.04604   0.01093
  -0.03004   0.09093  -0.00403
  -0.01507   0.07596  -0.00403
  -0.03004   0.07596   0.01093
  -0.04500   0.07596  -0.00403
  -0.01507   0.07596  -0.01900
  -0.03004   0.03107   0.02590
  -0.04500   0.03107   0.02590
  -0.05996   0.07596  -0.00403
  -0.03004   0.07596   0.02590
  -0.05996   0.03107   0.01093
  -0.05996   0.03107  -0.00403
  -0.05996   0.03107  -0.00403
  -0.07493   0.04604  -0.01900
  -0.07493   0.01611  -0.00403
  -0.07493   0.00115   0.02590
  -0.08989   0.00115  -0.00403
  -0.07493   0.00115  -0.01900
  -0.05996   0.03107  -0.01900
  -0.05996  -0.01382   0.01093
  -0.07493  -0.05871   0.02590
  -0.07493  -0.01382  -0.01900
  -0.05996  -0.02878   0.01093
  -0.07493  -0.02878   0.04086
  -0.08989  -0.01382   0.01093
  -0.07493   0.00115  -0.00403
  -0.08989  -0.02878   0.01093
  -0.07493   0.00115  -0.00403
  -0.08989   0.03107   0.01093
  -0.10485   0.03107  -0.01900
  -0.07493   0.06100  -0.03396
  -0.07493   0.00115  -0.00403
  -0.07493   0.03107  -0.00403
  -0.07493   0.06100  -0.01900
  -0.08989   0.03107  -0.00403
  -0.07493   0.09093  -0.03396
  -0.04500   0.06100  -0.03396
  -0.04500   0.03107   0.01093
  -0.07493   0.06100  -0.01900
  -0.01507   0.07596  -0.01900
  -0.04500   0.03107  -0.01900
  -0.05996   0.04604  -0.00403
  -0.04500   0.06100  -0.01900
  -0.03004   0.07596  -0.00403
  -0.05996   0.06100  -0.01900
  -0.03004   0.07596  -0.03396
  -0.07493   0.09093  -0.03396
  -0.05996   0.07596  -0.01900
  -0.05996   0.07596  -0.06389
  -0.05996   0.04604  -0.03396
  -0.05996   0.03107  -0.06389
  -0.05996   0.00115  -0.06389
  -0.01507   0.01611  -0.09381
  -0.01507  -0.01382  -0.07885
   0.01486   0.03107  -0.09381
   0.01486   0.01611  -0.09381
   0.01486   0.00115  -0.07885
   0.07471   0.03107  -0.10878
   0.02982  -0.01382  -0.09381
   0.07471   0.04604  -0.12374
   0.07471   0.01611  -0.09381
   0.05975   0.00115  -0.10878
   0.02982   0.04604  -0.10878
   0.05975   0.07596  -0.12374
   0.07471   0.06100  -0.07885
   0.04478   0.10589  -0.10878
   0.04478   0.15078  -0.09381
   0.07471   0.16575  -0.07885
   0.07471   0.15078  -0.07885
   0.05975   0.13582  -0.04892
   0.05975   0.12086  -0.04892
   0.04478   0.09093  -0.03396
   0.05975   0.09093  -0.04892
   0.05975   0.06100  -0.04892
   0.02982   0.04604  -0.04892
   0.04478   0.07596  -0.04892
   0.04478   0.09093  -0.03396
   0.02982   0.04604  -0.03396
   0.02982   0.04604  -0.01900
   0.02982   0.06100  -0.04892
   0.02982   0.04604  -0.06389
   0.04478   0.07596  -0.04892
   0.04478   0.03107  -0.04892
   0.04478   0.01611  -0.04892
   0.04478   0.00115  -0.04892
   0.02982  -0.05871  -0.01900
   0.02982  -0.04375  -0.03396
   0.05975  -0.02878  -0.06389
   0.05975  -0.04375  -0.03396
   0.07471  -0.04375  -0.01900
   0.05975  -0.02878  -0.03396
   0.02982  -0.01382  -0.03396
   0.05975  -0.01382  -0.06389
   0.04478   0.01611  -0.06389
   0.04478   0.03107  -0.04892
   0.01486  -0.02878  -0.03396
  -1.1E-40  -0.01382  -0.03396
  -1.1E-40   0.00115  -0.04892
  -0.03004  -0.01382  -0.01900
  -1.1E-40  -0.02878  -0.00403
  -0.03004  -0.04375   0.02590
  -0.04500   0.01611   0.01093
  -0.01507   0.00115   0.02590
  -0.04500   0.00115   0.04086
  -0.03004   0.00115   0.02590
  -0.04500   0.01611   0.01093
  -0.04500  -0.02878   0.02590
  -0.05996  -0.04375   0.01093
  -0.05996  -0.02878   0.02590
  -0.05996  -0.07367   0.04086
  -0.07493  -0.05871   0.01093
  -0.08989  -0.08864   0.04086
  -0.11982  -0.05871  -0.00403
  -0.10485  -0.01382  -0.00403
  -0.11982  -0.01382   0.01093
  -0.10485   0.06100   0.02590
  -0.08989   0.07596   0.01093
  -0.08989   0.06100   0.01093
  -0.10485   0.06100   0.02590
  -0.07493   0.10589  -0.00403
  -0.04500   0.09093  -0.00403
  -0.04500   0.03107   0.04086
  -0.04500   0.03107   0.02590
  -0.03004   0.00115  -0.00403
  -0.04500  -0.07367   0.01093
  -0.05996  -0.04375  -0.00403
  -0.03004  -0.05871  -0.01900
  -0.05996  -0.07367  -0.00403
  -0.04500  -0.07367  -0.00403
  -0.04500  -0.05871  -0.03396
  -0.05996  -0.04375  -0.04892
  -0.04500  -0.05871  -0.04892
  -0.05996  -0.08864  -0.01900
  -0.04500  -0.04375  -0.03396
  -0.04500  -0.05871  -0.03396
  -0.05996  -0.04375  -0.01900
  -0.03004   0.00115  -0.01900
  -0.05996  -0.02878   0.01093
  -0.04500   0.00115  -0.03396
  -0.03004   0.01611  -0.04892
  -0.01507  -0.02878   0.01093
  -0.01507  -0.01382  -0.03396
  -1.1E-40  -0.01382  -0.04892
   0.02982  -0.04375  -0.06389
   0.01486  -0.04375  -0.09381
   0.04478   0.00115  -0.10878
   0.04478  -0.01382  -0.10878
   0.05975  -0.04375  -0.10878
   0.05975  -0.02878  -0.10878
   0.07471   0.01611  -0.13871
   0.05975   0.00115  -0.10878
   0.04478   0.01611  -0.09381
   0.05975   0.00115  -0.13871
   0.07471   0.04604  -0.15367
   0.08967   0.06100  -0.16863
   0.08967   0.03107  -0.15367
   0.10464   0.03107  -0.13871
   0.11960   0.04604  -0.15367
   0.14953   0.03107  -0.13871
   0.13457   0.00115  -0.13871
   0.14953  -0.01382  -0.15367
   0.16449  -0.02878  -0.12374
   0.16449  -0.02878  -0.12374
   0.17946  -0.07367  -0.09381
   0.13457  -0.02878  -0.12374
   0.14953  -0.04375  -0.09381
   0.11960   0.01611  -0.12374
   0.14953   0.03107  -0.09381
   0.13457   0.07596  -0.06389
   0.13457   0.13582  -0.06389
   0.14953   0.15078  -0.04892
   0.10464   0.15078  -0.03396
   0.10464   0.16575  -0.03396
   0.05975   0.09093  -0.00403
   0.07471   0.07596  -0.01900
   0.07471   0.00115  -0.01900
   0.04478  -0.07367  -0.00403
   0.05975  -0.04375  -0.01900
   0.04478  -0.07367  -0.01900
   0.05975  -0.02878  -0.04892
   0.04478  -0.01382  -0.04892
   0.05975   0.01611  -0.04892
   0.05975   0.07596  -0.09381
   0.04478   0.04604  -0.07885
   0.05975   0.06100  -0.07885
   0.05975   0.06100  -0.09381
   0.08967   0.04604  -0.09381
   0.08967  -0.01382  -0.04892
   0.05975   0.00115  -0.06389
   0.02982   0.00115  -0.04892
  -1.1E-40   0.03107  -0.06389
   0.01486   0.01611  -0.04892
  -0.04500   0.06100  -0.01900
  -0.03004   0.04604  -0.00403
  -0.07493   0.04604  -0.00403
  -0.07493   0.07596  -0.01900
  -0.03004   0.10589  -0.01900
  -0.04500   0.04604  -0.00403
  -0.04500  -0.01382   0.01093
  -0.03004  -0.04375   0.01093
  -0.04500  -0.08864   0.04086
  -0.07493  -0.14849   0.05582
  -0.03004  -0.11856   0.02590
  -0.03004  -0.11856   0.04086
  -0.04500  -0.10360   0.07079
  -0.01507  -0.05871   0.04086
  -0.04500  -0.01382   0.05582
  -0.05996  -0.04375   0.07079
  -0.07493  -0.01382   0.07079
  -0.08989  -0.01382   0.04086
  -0.08989  -0.07367   0.05582
  -0.10485  -0.13353   0.07079
  -0.11982  -0.16346   0.04086
  -0.14975  -0.20835   0.04086
  -0.13478  -0.19338   0.05582
  -0.14975  -0.23827   0.04086
  -0.14975  -0.17842   0.04086
  -0.16471  -0.16346   0.07079
  -0.17967  -0.08864   0.02590
  -0.17967  -0.04375   0.07079
  -0.20960   0.03107   0.05582
  -0.17967   0.07596   0.04086
  -0.17967   0.13582   0.04086
  -0.16471   0.15078   0.02590
  -0.14975   0.13582   0.07079
  -0.13478   0.13582   0.04086
  -0.16471   0.15078   0.01093
  -0.10485   0.07596   0.07079
  -0.11982   0.06100   0.04086
  -0.08989   0.01611   0.04086
  -0.08989  -0.01382   0.05582
  -0.10485  -0.05871   0.04086
  -0.07493  -0.08864   0.04086
  -0.04500  -0.04375  -0.01900
  -0.01507  -0.05871  -0.01900
  -0.05996  -0.04375  -0.04892
  -0.03004   0.00115  -0.04892
  -0.03004   0.01611  -0.06389
  -0.03004   0.06100  -0.06389
  -0.03004   0.06100  -0.04892
  -0.05996   0.09093  -0.07885
  -0.07493   0.10589  -0.09381
  -1.1E-40   0.04604  -0.10878
  -0.03004  -0.01382  -0.07885
  -0.01507  -0.01382  -0.10878
  -0.01507  -0.07367  -0.07885
  -0.01507  -0.10360  -0.12374
   0.01486  -0.11856  -0.10878
   0.02982  -0.13353  -0.12374
   0.02982  -0.10360  -0.12374
   0.08967  -0.11856  -0.09381
   0.07471  -0.10360  -0.07885
   0.08967  -0.07367  -0.07885
   0.10464  -0.01382  -0.07885
   0.10464   0.01611  -0.10878
   0.07471   0.03107  -0.09381
   0.04478   0.06100  -0.12374
   0.10464   0.04604  -0.13871
   0.10464  -0.04375  -0.13871
   0.11960   0.00115  -0.15367
   0.13457  -0.04375  -0.15367
   0.19442  -0.02878  -0.15367
   0.17946  -0.04375  -0.13871
   0.19442   0.00115  -0.13871
   0.25428   0.01611  -0.12374
   0.22435   0.01611  -0.10878
   0.23931   0.06100  -0.09381
   0.23931   0.06100  -0.07885
   0.20939   0.09093  -0.07885
   0.17946   0.15078  -0.07885
   0.20939   0.13582  -0.06389
   0.13457   0.07596  -0.07885
   0.13457   0.07596  -0.04892
   0.11960   0.03107  -0.04892
   0.02982  -0.01382  -0.04892
   0.04478  -0.05871  -0.04892
   0.02982  -0.10360  -0.03396
  -1.1E-40  -0.10360  -0.01900
   0.02982  -0.11856  -0.04892
  -1.1E-40  -0.11856  -0.00403
   0.02982  -0.07367  -0.03396
   0.04478  -0.07367  -0.01900
   0.07471  -0.05871  -0.06389
   0.10464  -0.02878  -0.07885
   0.10464   0.03107  -0.06389
   0.08967   0.00115  -0.06389
   0.11960   0.03107  -0.06389
   0.10464   0.06100  -0.06389
   0.08967   0.07596  -0.06389
   0.07471   0.12086  -0.06389
   0.05975   0.13582  -0.04892
   0.05975   0.22560  -0.03396
   0.04478   0.24057  -0.03396
  -1.1E-40   0.22560  -0.00403
  -1.1E-40   0.22560   0.02590
  -0.03004   0.12086   0.05582
  -0.04500   0.07596   0.07079
  -0.07493  -0.05871   0.10071
  -0.11982  -0.20835   0.11568
  -0.08989  -0.29813   0.16057
  -0.14975  -0.32806   0.14561
  -0.14975  -0.41784   0.16057
  -0.17967  -0.41784   0.17553
  -0.19464  -0.43280   0.19050
  -0.19464  -0.41784   0.17553
  -0.22456  -0.37295   0.16057
  -0.20960  -0.32806   0.19050
  -0.20960  -0.28317   0.19050
  -0.19464  -0.22331   0.13064
  -0.20960  -0.22331   0.13064
  -0.19464  -0.17842   0.07079
  -0.14975  -0.16346   0.04086
  -0.14975  -0.14849   0.01093
  -0.13478  -0.08864  -0.00403
  -0.14975  -0.07367  -0.01900
  -0.10485  -0.01382  -0.04892
  -0.08989   0.07596  -0.07885
  -0.07493   0.09093  -0.07885
  -0.07493   0.16575  -0.09381
  -0.07493   0.16575  -0.06389
  -0.07493   0.19567  -0.04892
  -0.10485   0.22560  -0.00403
  -0.14975   0.22560   0.02590
  -0.17967   0.18071   0.07079
  -0.20960   0.13582   0.08575
  -0.20960   0.06100   0.13064
  -0.25449   0.01611   0.10071
  -0.26946  -0.04375   0.10071
  -0.26946  -0.05871   0.05582
  -0.25449  -0.11856   0.05582
  -0.20960  -0.08864   0.02590
  -0.17967  -0.10360  -0.00403
  -0.14975  -0.08864  -0.04892
  -0.11982  -0.14849  -0.07885
  -0.07493  -0.16346  -0.07885
  -0.10485  -0.20835  -0.10878
  -0.08989  -0.25324  -0.07885
  -0.10485  -0.20835  -0.09381
  -0.08989  -0.20835  -0.09381
  -0.11982  -0.14849  -0.09381
  -0.10485  -0.08864  -0.07885
  -0.10485  -0.01382  -0.06389
  -0.11982   0.06100  -0.06389
  -0.08989   0.15078  -0.07885
  -0.07493   0.16575  -0.06389
  -0.07493   0.19567  -0.06389
  -0.04500   0.24057  -0.09381
   0.01486   0.25553  -0.13871
   0.02982   0.27049  -0.15367
   0.05975   0.25553  -0.18360
   0.07471   0.21064  -0.18360
   0.10464   0.21064  -0.19856
   0.13457   0.25553  -0.21352
   0.17946   0.24057  -0.21352
   0.20939   0.22560  -0.21352
   0.20939   0.25553  -0.18360
   0.17946   0.31538  -0.15367
   0.22435   0.34531  -0.10878
   0.17946   0.31538  -0.07885
   0.13457   0.34531  -0.07885
   0.10464   0.30042  -0.03396
   0.07471   0.25553  -0.01900
   0.05975   0.18071  -0.01900
   0.02982   0.12086  -0.00403
  -1.1E-40   0.03107  -0.03396
   0.01486   0.00115  -0.03396
   0.01486  -0.04375  -0.04892
   0.02982  -0.07367  -0.03396
   0.04478  -0.04375  -0.06389
   0.08967  -0.05871  -0.09381
   0.11960  -0.01382  -0.13871
   0.13457  -0.04375  -0.10878
   0.13457  -0.04375  -0.13871
   0.11960  -0.08864  -0.15367
   0.11960  -0.10360  -0.12374
   0.11960  -0.14849  -0.09381
   0.07471  -0.20835  -0.06389
   0.05975  -0.19338  -0.03396
   0.10464  -0.17842   0.01093
   0.08967  -0.14849   0.04086
   0.11960  -0.14849   0.08575
   0.13457  -0.07367   0.10071
   0.13457  -0.02878   0.16057
   0.11960   0.00115   0.14561
   0.08967  -0.04375   0.13064
   0.02982   0.03107   0.08575
   0.01486  -0.04375   0.07079
  -0.04500  -0.01382   0.05582
  -0.05996   0.00115   0.04086
  -0.11982   0.04604  -0.00403
  -0.14975   0.13582  -0.00403
  -0.20960   0.18071   0.01093
  -0.20960   0.27049  -0.00403
  -0.22456   0.25553   0.01093
  -0.22456   0.31538   0.04086
  -0.23953   0.24057   0.04086
  -0.20960   0.19567   0.07079
  -0.22456   0.15078   0.13064
  -0.17967   0.09093   0.16057
  -0.19464   0.00115   0.17553
  -0.16471  -0.02878   0.20546
  -0.10485  -0.08864   0.25035
  -0.10485  -0.07367   0.20546
  -0.08989  -0.08864   0.22042
  -0.08989  -0.11856   0.17553
  -0.07493  -0.07367   0.14561
  -0.10485  -0.13353   0.10071
  -0.11982  -0.11856   0.05582
  -0.16471  -0.13353   0.02590
  -0.16471  -0.17842  -0.01900
  -0.20960  -0.26820  -0.03396
  -0.25449  -0.29813  -0.00403
  -0.23953  -0.28317  -0.01900
  -0.23953  -0.25324  -0.00403
  -0.22456  -0.23827   0.02590
  -0.23953  -0.23827   0.05582
  -0.19464  -0.19338   0.04086
  -0.17967  -0.16346   0.02590
  -0.13478  -0.16346   0.07079
  -0.13478  -0.16346   0.04086
  -0.11982  -0.19338   0.02590
  -0.11982  -0.16346  -0.00403
  -0.14975  -0.20835  -0.04892
  -0.16471  -0.20835  -0.07885
  -0.17967  -0.16346  -0.09381
  -0.19464  -0.08864  -0.13871
  -0.20960  -0.02878  -0.15367
  -0.23953   0.10589  -0.15367
  -0.19464   0.21064  -0.13871
  -0.14975   0.31538  -0.15367
  -0.10485   0.36028  -0.12374
  -0.08989   0.39020  -0.09381
  -0.04500   0.30042  -0.09381
   0.02982   0.24057  -0.07885
   0.02982   0.16575  -0.10878
   0.02982   0.09093  -0.09381
   0.05975   0.03107  -0.13871
  -1.1E-40  -0.07367  -0.13871
   0.02982  -0.04375  -0.19856
   0.04478  -0.10360  -0.21352
   0.04478  -0.04375  -0.28834
   0.07471  -0.02878  -0.33323
   0.10464  -0.01382  -0.36316
   0.11960   0.01611  -0.34820
   0.11960   0.00115  -0.36316
   0.11960  -0.02878  -0.33323
   0.13457  -0.07367  -0.27338
   0.08967  -0.08864  -0.24345
   0.08967  -0.10360  -0.21352
   0.07471  -0.19338  -0.15367
   0.07471  -0.19338  -0.12374
   0.08967  -0.22331  -0.06389
   0.11960  -0.19338  -0.06389
   0.11960  -0.16346  -0.03396
   0.13457  -0.05871  -0.00403
   0.13457  -0.01382   0.01093
   0.16449   0.03107   0.04086
   0.13457   0.09093   0.02590
   0.16449   0.09093   0.05582
   0.13457   0.10589   0.05582
   0.08967   0.04604   0.08575
   0.04478   0.07596   0.05582
   0.01486   0.01611   0.05582
  -0.04500   0.04604   0.02590
  -0.08989   0.07596   0.01093
  -0.07493   0.16575   0.01093
  -0.04500   0.19567   0.01093
  -0.01507   0.30042   0.04086
  -1.1E-40   0.27049   0.07079
   0.04478   0.27049   0.11568
   0.10464   0.25553   0.14561
   0.10464   0.19567   0.14561
   0.13457   0.15078   0.17553
   0.08967   0.10589   0.13064
   0.05975   0.10589   0.08575
   0.05975   0.12086   0.07079
   0.04478   0.12086   0.02590
   0.02982   0.15078  -0.01900
   0.04478   0.16575  -0.01900
   0.04478   0.18071  -0.06389
   0.05975   0.15078  -0.09381
   0.02982   0.10589  -0.04892
  -1.1E-40   0.07596  -0.01900
  -0.01507   0.07596  -0.01900
  -0.04500   0.01611   0.05582
  -0.07493  -0.01382   0.11568
  -0.10485   0.00115   0.16057
  -0.10485   0.00115   0.23539
  -0.11982  -0.04375   0.31021
  -0.13478  -0.01382   0.29524
  -0.08989   0.01611   0.32517
  -0.05996   0.00115   0.35510
  -0.05996   0.06100   0.34013
  -0.03004   0.07596   0.34013
  -0.05996   0.10589   0.31021
  -0.10485   0.06100   0.32517
  -0.13478   0.06100   0.28028
  -0.17967  -0.01382   0.23539
  -0.22456  -0.02878   0.17553
  -0.28442  -0.02878   0.14561
  -0.31435  -0.01382   0.04086
  -0.34427   0.00115  -0.00403
  -0.34427   0.09093  -0.07885
  -0.29938   0.16575  -0.13871
  -0.28442   0.19567  -0.16863
  -0.23953   0.30042  -0.22849
  -0.19464   0.31538  -0.24345
  -0.13478   0.34531  -0.27338
  -0.08989   0.34531  -0.24345
  -0.01507   0.27049  -0.22849
   0.01486   0.19567  -0.18360
   0.07471   0.09093  -0.18360
   0.08967  -0.08864  -0.15367
   0.13457  -0.16346  -0.18360
   0.16449  -0.29813  -0.15367
   0.16449  -0.34302  -0.18360
   0.17946  -0.31309  -0.18360
   0.19442  -0.29813  -0.16863
   0.16449  -0.28317  -0.21352
   0.16449  -0.29813  -0.19856
   0.11960  -0.29813  -0.25842
   0.08967  -0.32806  -0.30331
   0.04478  -0.37295  -0.31827
   0.02982  -0.38791  -0.34820
  -0.04500  -0.47769  -0.33323
  -0.04500  -0.46273  -0.34820
  -0.05996  -0.44777  -0.33323
  -0.03004  -0.46273  -0.33323
   0.04478  -0.37295  -0.31827
   0.11960  -0.31309  -0.28834
   0.16449  -0.23827  -0.22849
   0.22435  -0.10360  -0.22849
   0.20939  -0.04375  -0.18360
   0.20939   0.00115  -0.16863
   0.17946   0.10589  -0.18360
   0.14953   0.15078  -0.19856
   0.08967   0.19567  -0.16863
   0.04478   0.24057  -0.19856
  -0.01507   0.28546  -0.21352
  -0.05996   0.31538  -0.19856
  -0.08989   0.31538  -0.18360
  -0.10485   0.30042  -0.13871
  -0.10485   0.24057  -0.04892
  -0.10485   0.22560   0.01093
  -0.10485   0.19567   0.07079
  -0.10485   0.21064   0.10071
  -0.07493   0.25553   0.16057
  -0.03004   0.21064   0.19050
  -0.01507   0.15078   0.22042
  -1.1E-40   0.09093   0.25035
  -0.01507   0.06100   0.22042
  -1.1E-40   0.01611   0.16057
  -0.01507   0.01611   0.11568
   0.01486   0.01611   0.05582
   0.02982   0.03107  -0.00403
   0.04478   0.04604  -0.03396
   0.08967   0.00115  -0.07885
   0.07471   0.00115  -0.07885
   0.11960   0.09093  -0.10878
   0.13457   0.12086  -0.06389
   0.08967   0.16575  -0.03396
   0.10464   0.30042  -0.01900
   0.05975   0.34531   0.02590
   0.04478   0.34531   0.11568
   0.01486   0.42013   0.16057
  -0.01507   0.39020   0.28028
  -0.07493   0.39020   0.39999
  -0.05996   0.33035   0.47481
  -0.10485   0.36028   0.51970
  -0.16471   0.42013   0.53466
  -0.16471   0.43509   0.53466
  -0.19464   0.49495   0.51970
  -0.17967   0.52488   0.48977
  -0.19464   0.55481   0.42992
  -0.19464   0.50991   0.32517
  -0.20960   0.52488   0.25035
  -0.17967   0.45006   0.17553
  -0.19464   0.40517   0.10071
  -0.16471   0.31538   0.02590
  -0.13478   0.27049  -0.03396
  -0.13478   0.13582  -0.07885
  -0.13478   0.10589  -0.07885
  -0.10485   0.07596  -0.10878
  -0.07493   0.00115  -0.07885
  -0.04500  -0.01382  -0.07885
  -0.01507  -0.02878  -0.07885
   0.02982   0.01611  -0.06389
   0.05975  -0.05871  -0.01900
   0.10464  -0.04375  -0.00403
   0.14953   0.00115  -0.00403
   0.16449  -0.02878   0.04086
   0.16449  -0.05871   0.01093
   0.17946  -0.05871  -0.01900
   0.17946  -0.08864  -0.03396
   0.13457  -0.11856  -0.01900
   0.08967  -0.14849  -0.01900
   0.07471  -0.11856  -0.03396
   0.04478  -0.10360  -0.03396
  -1.1E-40  -0.08864  -0.06389
  -0.01507  -0.05871  -0.09381
  -0.04500  -0.01382  -0.12374
  -0.07493   0.03107  -0.18360
  -0.04500   0.01611  -0.24345
  -0.07493  -0.04375  -0.28834
  -0.08989  -0.04375  -0.31827
  -0.04500  -0.10360  -0.34820
  -0.03004  -0.20835  -0.37813
  -0.01507  -0.23827  -0.40805
   0.02982  -0.28317  -0.39309
   0.04478  -0.31309  -0.40805
   0.08967  -0.31309  -0.40805
   0.05975  -0.37295  -0.40805
   0.08967  -0.35798  -0.42302
   0.10464  -0.38791  -0.42302
   0.13457  -0.34302  -0.46791
   0.14953  -0.40288  -0.46791
   0.22435  -0.40288  -0.45294
   0.23931  -0.50762  -0.42302
   0.26924  -0.56748  -0.37813
   0.26924  -0.71711  -0.28834
   0.31413  -0.77697  -0.25842
   0.28420  -0.85179  -0.16863
   0.28420  -0.82186  -0.13871
   0.26924  -0.83682  -0.09381
   0.28420  -0.82186  -0.06389
   0.28420  -0.77697  -0.04892
   0.25428  -0.76201  -0.01900
   0.19442  -0.70215   0.01093
   0.13457  -0.61237   0.02590
   0.07471  -0.53755   0.05582
   0.01486  -0.35798   0.04086
  -0.01507  -0.22331   0.01093
  -0.04500  -0.10360  -0.00403
  -0.07493   0.04604  -0.06389
  -0.10485   0.18071  -0.09381
  -0.10485   0.34531  -0.09381
  -0.13478   0.49495  -0.07885
  -0.17967   0.65955  -0.06389
  -0.14975   0.83912  -0.06389
  -0.14975   0.95883   0.01093
  -0.10485   1.06357   0.04086
  -0.08989   1.13839   0.07079
  -0.05996   1.19825   0.10071
  -0.03004   1.25810   0.13064
  -0.03004   1.21321   0.16057
  -0.03004   1.12343   0.20546
  -0.04500   1.06357   0.23539
  -0.05996   0.98875   0.26532
  -0.08989   0.85408   0.28028
  -0.11982   0.73437   0.29524
  -0.14975   0.55481   0.35510
  -0.17967   0.46502   0.32517
  -0.19464   0.31538   0.34013
  -0.14975   0.16575   0.32517
  -0.19464   0.07596   0.25035
  -0.14975   0.01611   0.16057
  -0.11982  -0.05871   0.08575
  -0.07493  -0.11856  -0.01900
  -1.1E-40  -0.25324  -0.06389
   0.02982  -0.37295  -0.13871
   0.07471  -0.43280  -0.16863
   0.08967  -0.44777  -0.19856
   0.16449  -0.47769  -0.18360
   0.20939  -0.44777  -0.18360
   0.34406  -0.46273  -0.15367
   0.37399  -0.38791  -0.12374
   0.43384  -0.29813  -0.07885
   0.46377  -0.20835  -0.03396
   0.43384  -0.13353   0.05582
   0.41888  -0.01382   0.13064
   0.40391   0.04604   0.17553
   0.37399   0.18071   0.23539
   0.31413   0.28546   0.25035
   0.25428   0.43509   0.20546
   0.25428   0.55481   0.19050
   0.20939   0.64459   0.17553
   0.23931   0.67452   0.13064
   0.22435   0.68948   0.08575
   0.22435   0.62962  -0.01900
   0.23931   0.52488  -0.10878
   0.26924   0.39020  -0.16863
   0.26924   0.28546  -0.24345
   0.31413   0.16575  -0.34820
   0.35902   0.04604  -0.40805
   0.28420  -0.05871  -0.46791
   0.29917  -0.14849  -0.48287
   0.26924  -0.19338  -0.55769
   0.20939  -0.29813  -0.51280
   0.20939  -0.41784  -0.48287
   0.14953  -0.59740  -0.40805
   0.07471  -0.76201  -0.36316
   0.02982  -0.83682  -0.30331
   0.02982  -0.92661  -0.22849
   0.01486  -1.01639  -0.16863
  -1.1E-40  -1.01639  -0.12374
  -0.04500  -0.98646  -0.06389
  -0.07493  -0.92661  -0.04892
  -0.08989  -0.82186  -0.04892
  -0.10485  -0.76201  -0.03396
  -0.16471  -0.67222  -0.04892
  -0.13478  -0.58244  -0.07885
  -0.14975  -0.49266  -0.07885
  -0.13478  -0.40288  -0.10878
  -0.10485  -0.26820  -0.12374
  -0.14975  -0.20835  -0.10878
  -0.14975  -0.14849  -0.06389
  -0.20960  -0.08864  -0.03396
  -0.31435   0.00115  -0.03396
  -0.40413   0.03107   0.02590
  -0.47895   0.09093   0.02590
  -0.59866   0.12086   0.07079
  -0.65851   0.16575   0.10071
  -0.70340   0.18071   0.10071
  -0.74830   0.21064   0.11568
  -0.76326   0.27049   0.13064
  -0.79319   0.27049   0.11568
  -0.76326   0.34531   0.07079
  -0.70340   0.30042   0.07079
  -0.64355   0.30042   0.01093
  -0.58369   0.22560  -0.00403
  -0.49391   0.16575  -0.04892
  -0.41909   0.07596  -0.09381
  -0.35924  -0.01382  -0.06389
  -0.28442  -0.13353  -0.06389
  -0.22456  -0.20835  -0.06389
  -0.13478  -0.23827  -0.06389
  -0.01507  -0.31309   0.01093
   0.05975  -0.28317   0.04086
   0.17946  -0.31309   0.11568
   0.25428  -0.26820   0.14561
   0.35902  -0.26820   0.20546
   0.43384  -0.23827   0.23539
   0.49370  -0.29813   0.23539
   0.53859  -0.25324   0.19050
   0.53859  -0.25324   0.19050
   0.52362  -0.19338   0.13064
   0.47873  -0.11856   0.05582
   0.43384  -0.07367  -0.01900
   0.34406   0.04604  -0.07885
   0.29917   0.10589  -0.12374
   0.26924   0.16575  -0.16863
   0.23931   0.16575  -0.18360
   0.20939   0.15078  -0.18360
   0.22435   0.12086  -0.15367
   0.16449   0.10589  -0.15367
   0.08967   0.07596  -0.12374
   0.01486   0.12086  -0.06389
  -0.04500   0.09093  -0.00403
  -0.05996   0.10589   0.01093
  -0.07493   0.07596   0.05582
  -0.05996   0.07596   0.02590
  -1.1E-40   0.12086  -0.01900
   0.11960   0.15078  -0.07885
   0.22435   0.21064  -0.09381
   0.32910   0.22560  -0.15367
   0.41888   0.30042  -0.18360
   0.53859   0.33035  -0.18360
   0.62837   0.34531  -0.19856
   0.68823   0.42013  -0.24345
   0.73312   0.42013  -0.24345
   0.76304   0.40517  -0.28834
   0.83786   0.39020  -0.28834
   0.88275   0.31538  -0.30331
   0.91268   0.27049  -0.34820
   0.91268   0.16575  -0.31827
   0.91268   0.15078  -0.28834
   0.88275   0.04604  -0.24345
   0.80794   0.03107  -0.19856
   0.73312  -0.02878  -0.12374
   0.62837  -0.05871  -0.06389
   0.50866  -0.08864   0.05582
   0.38895  -0.13353   0.11568
   0.22435  -0.16346   0.20546
   0.11960  -0.23827   0.25035
  -0.03004  -0.32806   0.29524
  -0.11982  -0.37295   0.28028
  -0.23953  -0.40288   0.28028
  -0.29938  -0.43280   0.20546
  -0.35924  -0.46273   0.14561
  -0.32931  -0.46273   0.10071
  -0.31435  -0.40288   0.04086
  -0.28442  -0.35798   0.01093
  -0.32931  -0.28317   0.01093
  -0.37420  -0.25324   0.02590
  -0.43406  -0.22331   0.05582
  -0.49391  -0.23827   0.04086
  -0.56873  -0.22331   0.07079
  -0.61362  -0.19338   0.04086
  -0.67348  -0.22331   0.08575
  -0.70340  -0.17842   0.07079
  -0.68844  -0.11856   0.02590
  -0.67348  -0.04375   0.05582
  -0.67348  -0.04375   0.08575
  -0.68844   0.00115   0.14561
  -0.68844   0.07596   0.17553
  -0.70340   0.09093   0.25035
  -0.74830   0.07596   0.28028
  -0.77822   0.06100   0.29524
  -0.83808   0.01611   0.32517
  -0.86801  -0.01382   0.28028
  -0.89793  -0.08864   0.23539
  -0.92786  -0.13353   0.20546
  -0.92786  -0.19338   0.17553
  -0.91290  -0.17842   0.13064
  -0.88297  -0.11856   0.08575
  -0.88297  -0.08864   0.10071
  -0.92786  -0.07367   0.10071
  -0.92786  -0.01382   0.11568
  -0.91290  -0.01382   0.17553
  -0.97275   0.03107   0.17553
  -0.94282   0.06100   0.23539
  -0.98772   0.03107   0.29524
  -1.00268   0.06100   0.32517
  -0.97275   0.04604   0.35510
  -0.92786   0.03107   0.42992
  -0.85304   0.07596   0.38503
  -0.74830   0.10589   0.38503
  -0.62859   0.12086   0.35510
  -0.49391   0.21064   0.26532
  -0.29938   0.24057   0.20546
  -0.14975   0.24057   0.17553
  -0.03004   0.27049   0.05582
   0.07471   0.28546  -0.06389
   0.14953   0.25553  -0.16863
   0.22435   0.18071  -0.24345
   0.25428   0.13582  -0.28834
   0.26924   0.10589  -0.39309
   0.37399   0.06100  -0.39309
   0.37399   0.06100  -0.39309
   0.43384   0.07596  -0.39309
   0.49370   0.10589  -0.39309
   0.56852   0.13582  -0.34820
   0.61341   0.13582  -0.25842
   0.62837   0.18071  -0.24345
   0.65830   0.18071  -0.15367
   0.67326   0.19567  -0.13871
   0.73312   0.18071  -0.10878
   0.76304   0.18071  -0.15367
   0.82290   0.15078  -0.18360
   0.88275   0.13582  -0.25842
   0.94261   0.07596  -0.34820
   0.95757   0.03107  -0.46791
   1.01743  -0.02878  -0.54273
   1.00246  -0.10360  -0.55769
   1.01743  -0.20835  -0.61755
   1.01743  -0.31309  -0.61755
   0.95757  -0.40288  -0.63251
   0.95757  -0.46273  -0.63251
   0.95757  -0.50762  -0.66244
   0.94261  -0.53755  -0.64747
   0.97254  -0.52259  -0.70733
   0.98750  -0.50762  -0.69236
   1.01743  -0.44777  -0.73726
   1.00246  -0.40288  -0.76718
   1.07728  -0.31309  -0.81207
   1.12217  -0.25324  -0.82704
   1.15210  -0.16346  -0.84200
   1.19699  -0.08864  -0.87193
   1.19699  -0.01382  -0.84200
   1.19699   0.07596  -0.81207
   1.18203   0.12086  -0.75222
   1.10721   0.15078  -0.70733
   1.00246   0.19567  -0.58762
   0.86779   0.22560  -0.49784
   0.67326   0.22560  -0.39309
   0.47873   0.25553  -0.22849
   0.29917   0.28546  -0.10878
   0.11960   0.25553   0.10071
  -0.05996   0.21064   0.28028
  -0.20960   0.21064   0.41495
  -0.35924   0.15078   0.57955
  -0.47895   0.09093   0.69926
  -0.56873   0.04604   0.81898
  -0.64355  -0.04375   0.89379
  -0.73333  -0.05871   0.93869
  -0.77822  -0.04375   0.90876
  -0.80815  -0.08864   0.89379
  -0.85304  -0.04375   0.80401
  -0.83808   0.07596   0.74416
  -0.82311   0.18071   0.65437
  -0.82311   0.34531   0.51970
  -0.82311   0.45006   0.45984
  -0.86801   0.47999   0.42992
  -0.95779   0.55481   0.34013
  -1.04757   0.61466   0.31021
  -1.16728   0.61466   0.29524
  -1.27203   0.53984   0.32517
  -1.40670   0.52488   0.38503
  -1.52641   0.52488   0.38503
  -1.57130   0.52488   0.45984
  -1.60123   0.47999   0.50474
  -1.63116   0.50991   0.50474
  -1.57130   0.53984   0.51970
  -1.51145   0.55481   0.51970
  -1.42166   0.50991   0.48977
  -1.30195   0.46502   0.45984
  -1.13735   0.40517   0.42992
  -0.98772   0.24057   0.39999
  -0.83808   0.09093   0.37006
  -0.68844  -0.04375   0.34013
  -0.52384  -0.14849   0.34013
  -0.37420  -0.25324   0.34013
  -0.26946  -0.35798   0.37006
  -0.19464  -0.38791   0.37006
  -0.16471  -0.37295   0.35510
  -0.13478  -0.34302   0.37006
  -0.17967  -0.34302   0.34013
  -0.22456  -0.26820   0.31021
  -0.28442  -0.23827   0.31021
  -0.32931  -0.16346   0.25035
  -0.35924  -0.08864   0.23539
  -0.37420   0.01611   0.14561
  -0.37420   0.10589   0.05582
  -0.29938   0.18071   0.01093
  -0.26946   0.21064  -0.12374
  -0.20960   0.28546  -0.22849
  -0.14975   0.34531  -0.36316
  -0.08989   0.40517  -0.49784
   0.01486   0.45006  -0.63251
   0.10464   0.39020  -0.70733
   0.22435   0.42013  -0.79711
   0.35902   0.43509  -0.84200
   0.44881   0.37524  -0.88689
   0.52362   0.33035  -0.85697
   0.62837   0.31538  -0.84200
   0.73312   0.22560  -0.73726
   0.77801   0.12086  -0.69236
   0.83786   0.06100  -0.60258
   0.92765  -0.04375  -0.51280
   1.00246  -0.14849  -0.40805
   1.06232  -0.17842  -0.37813
   1.16707  -0.23827  -0.31827
   1.18203  -0.31309  -0.24345
   1.24188  -0.31309  -0.22849
   1.28678  -0.34302  -0.21352
   1.30174  -0.26820  -0.19856
   1.30174  -0.26820  -0.21352
   1.27181  -0.23827  -0.24345
   1.22692  -0.19338  -0.30331
   1.18203  -0.14849  -0.31827
   1.04736  -0.11856  -0.39309
   0.94261  -0.08864  -0.42302
   0.73312  -0.08864  -0.39309
   0.55355  -0.04375  -0.39309
   0.34406  -0.07367  -0.36316
   0.16449  -0.05871  -0.30331
  -0.03004  -0.08864  -0.27338
  -0.13478  -0.07367  -0.27338
  -0.17967  -0.05871  -0.25842
  -0.19464  -0.05871  -0.28834
  -0.14975  -0.02878  -0.30331
  -0.04500   0.03107  -0.31827
   0.08967   0.10589  -0.39309
   0.25428   0.13582  -0.37813
   0.41888   0.18071  -0.36316
   0.52362   0.22560  -0.39309
   0.64333   0.24057  -0.40805
   0.77801   0.30042  -0.42302
   0.85283   0.31538  -0.36316
   0.86779   0.27049  -0.31827
   0.83786   0.24057  -0.28834
   0.82290   0.24057  -0.18360
   0.73312   0.16575  -0.10878
   0.67326   0.07596  -0.01900
   0.56852   0.00115   0.08575
   0.46377  -0.07367   0.16057
   0.26924  -0.14849   0.22042
   0.13457  -0.22331   0.34013
  -1.1E-40  -0.28317   0.41495
  -0.16471  -0.28317   0.48977
  -0.25449  -0.29813   0.54963
  -0.35924  -0.29813   0.65437
  -0.46398  -0.32806   0.71423
  -0.49391  -0.34302   0.74416
  -0.53880  -0.38791   0.80401
  -0.53880  -0.40288   0.78905
  -0.50888  -0.40288   0.77408
  -0.50888  -0.40288   0.74416
  -0.49391  -0.40288   0.69926
  -0.52384  -0.46273   0.69926
  -0.52384  -0.43280   0.68430
  -0.56873  -0.41784   0.66934
  -0.61362  -0.38791   0.69926
  -0.68844  -0.38791   0.71423
  -0.76326  -0.32806   0.68430
  -0.80815  -0.28317   0.59452
  -0.91290  -0.20835   0.51970
  -0.97275  -0.08864   0.44488
  -1.00268  -0.01382   0.32517
  -1.03261   0.12086   0.16057
  -1.04757   0.21064   0.02590
  -1.04757   0.30042  -0.10878
  -1.00268   0.31538  -0.24345
  -0.98772   0.33035  -0.28834
  -0.95779   0.30042  -0.39309
  -0.86801   0.24057  -0.46791
  -0.79319   0.21064  -0.51280
  -0.76326   0.12086  -0.55769
  -0.73333   0.01611  -0.57265
  -0.64355  -0.02878  -0.58762
  -0.59866  -0.10360  -0.58762
  -0.53880  -0.14849  -0.57265
  -0.50888  -0.16346  -0.49784
  -0.49391  -0.19338  -0.48287
  -0.49391  -0.20835  -0.42302
  -0.49391  -0.17842  -0.36316
  -0.53880  -0.16346  -0.31827
  -0.56873  -0.11856  -0.28834
  -0.62859  -0.10360  -0.21352
  -0.70340  -0.13353  -0.15367
  -0.73333  -0.07367  -0.10878
  -0.76326  -0.10360  -0.03396
  -0.77822  -0.07367   0.04086
  -0.73333  -0.08864   0.10071
  -0.71837  -0.10360   0.20546
  -0.61362  -0.07367   0.22042
  -0.50888  -0.04375   0.25035
  -0.40413   0.00115   0.26532
  -0.26946   0.03107   0.25035
  -0.13478   0.06100   0.23539
  -0.03004   0.06100   0.22042
   0.08967   0.01611   0.25035
   0.17946  -0.01382   0.19050
   0.26924  -0.05871   0.22042
   0.34406  -0.16346   0.22042
   0.40391  -0.20835   0.16057
   0.53859  -0.28317   0.14561
   0.59844  -0.32806   0.08575
   0.71815  -0.37295  -0.01900
   0.79297  -0.37295  -0.15367
   0.88275  -0.35798  -0.28834
   0.95757  -0.40288  -0.34820
   1.01743  -0.37295  -0.48287
   1.10721  -0.40288  -0.57265
   1.15210  -0.43280  -0.61755
   1.18203  -0.43280  -0.72229
   1.25685  -0.43280  -0.75222
   1.24188  -0.38791  -0.78215
   1.24188  -0.34302  -0.78215
   1.21196  -0.20835  -0.79711
   1.15210  -0.10360  -0.75222
   1.06232   0.04604  -0.70733
   0.95757   0.13582  -0.60258
   0.83786   0.19567  -0.51280
   0.74808   0.24057  -0.36316
   0.62837   0.21064  -0.24345
   0.56852   0.22560  -0.13871
   0.49370   0.12086  -0.00403
   0.43384   0.12086   0.05582
   0.40391   0.07596   0.16057
   0.38895   0.06100   0.20546
   0.37399   0.09093   0.28028
   0.37399   0.06100   0.37006
   0.38895   0.13582   0.38503
   0.44881   0.18071   0.42992
   0.47873   0.19567   0.45984
   0.47873   0.24057   0.50474
   0.50866   0.31538   0.53466
   0.52362   0.33035   0.59452
   0.49370   0.42013   0.65437
   0.41888   0.47999   0.66934
   0.35902   0.53984   0.71423
   0.23931   0.55481   0.75912
   0.13457   0.65955   0.69926
   0.02982   0.67452   0.66934
  -0.10485   0.71941   0.63941
  -0.19464   0.79423   0.53466
  -0.29938   0.82415   0.48977
  -0.35924   0.85408   0.38503
  -0.44902   0.82415   0.32517
  -0.52384   0.85408   0.23539
  -0.55377   0.80919   0.19050
  -0.61362   0.80919   0.14561
  -0.65851   0.77926   0.10071
  -0.67348   0.68948   0.04086
  -0.70340   0.64459  -0.01900
  -0.70340   0.55481  -0.06389
  -0.70340   0.37524  -0.07885
  -0.76326   0.30042  -0.09381
  -0.76326   0.12086  -0.09381
  -0.80815  -0.02878  -0.06389
  -0.82311  -0.11856  -0.03396
  -0.82311  -0.19338  -0.01900
  -0.74830  -0.29813   0.01093
  -0.65851  -0.37295   0.04086
  -0.58369  -0.35798  -0.00403
  -0.47895  -0.41784   0.01093
  -0.40413  -0.41784  -0.01900
  -0.32931  -0.40288  -0.07885
  -0.31435  -0.32806  -0.15367
  -0.26946  -0.28317  -0.22849
  -0.22456  -0.20835  -0.31827
  -0.22456  -0.11856  -0.40805
  -0.17967   0.00115  -0.52776
  -0.11982   0.07596  -0.60258
  -0.07493   0.15078  -0.63251
  -0.01507   0.15078  -0.66244
  -0.01507   0.21064  -0.67740
   0.04478   0.15078  -0.66244
   0.05975   0.13582  -0.61755
   0.07471   0.13582  -0.63251
   0.08967   0.12086  -0.61755
   0.11960   0.07596  -0.60258
   0.16449   0.01611  -0.57265
   0.19442  -0.02878  -0.57265
   0.22435  -0.11856  -0.55769
   0.28420  -0.16346  -0.52776
   0.31413  -0.17842  -0.48287
   0.43384  -0.23827  -0.43798
   0.44881  -0.25324  -0.36316
   0.50866  -0.28317  -0.25842
   0.50866  -0.28317  -0.19856
   0.53859  -0.28317  -0.10878
   0.49370  -0.29813  -0.03396
   0.47873  -0.34302   0.04086
   0.41888  -0.34302   0.11568
   0.38895  -0.31309   0.16057
   0.32910  -0.29813   0.17553
   0.26924  -0.23827   0.17553
   0.20939  -0.26820   0.20546
   0.13457  -0.19338   0.22042
   0.10464  -0.19338   0.23539
   0.04478  -0.19338   0.26532
  -1.1E-40  -0.16346   0.20546
  -1.1E-40  -0.11856   0.17553
  -0.01507  -0.08864   0.10071
   0.02982  -0.05871   0.05582
   0.07471   0.00115  -0.01900
   0.11960   0.06100  -0.04892
   0.17946   0.10589  -0.12374
   0.19442   0.16575  -0.13871
   0.23931   0.25553  -0.21352
   0.28420   0.21064  -0.25842
   0.28420   0.19567  -0.31827
   0.29917   0.15078  -0.36316
   0.37399   0.12086  -0.37813
   0.35902   0.07596  -0.39309
   0.37399   0.10589  -0.39309
   0.32910   0.15078  -0.40805
   0.34406   0.22560  -0.36316
   0.29917   0.24057  -0.33323
   0.22435   0.30042  -0.25842
   0.17946   0.34531  -0.19856
   0.13457   0.36028  -0.10878
   0.10464   0.42013   0.01093
   0.05975   0.43509   0.13064
   0.04478   0.43509   0.25035
   0.02982   0.45006   0.37006
  -0.01507   0.45006   0.45984
  -0.03004   0.49495   0.53466
  -0.01507   0.52488   0.57955
   0.02982   0.52488   0.63941
   0.04478   0.52488   0.66934
   0.10464   0.56977   0.66934
   0.17946   0.58473   0.68430
   0.25428   0.59970   0.63941
   0.34406   0.58473   0.60948
   0.37399   0.56977   0.51970
   0.43384   0.50991   0.42992
   0.46377   0.43509   0.34013
   0.47873   0.31538   0.26532
   0.47873   0.21064   0.16057
   0.44881   0.07596   0.13064
   0.43384  -0.04375   0.07079
   0.38895  -0.16346   0.04086
   0.29917  -0.28317   0.01093
   0.25428  -0.34302   0.05582
   0.16449  -0.46273   0.11568
   0.07471  -0.55251   0.16057
  -0.03004  -0.64230   0.19050
  -0.08989  -0.70215   0.23539
  -0.13478  -0.77697   0.25035
  -0.19464  -0.88172   0.26532
  -0.25449  -0.97150   0.29524
  -0.28442  -1.00143   0.29524
  -0.26946  -1.03135   0.29524
  -0.26946  -1.06128   0.23539
  -0.26946  -1.04632   0.16057
  -0.19464  -1.06128   0.13064
  -0.17967  -1.07624   0.08575
  -0.17967  -1.04632   0.04086
  -0.16471  -0.98646  -0.01900
  -0.14975  -0.91164  -0.04892
  -0.14975  -0.82186  -0.10878
  -0.13478  -0.67222  -0.15367
  -0.11982  -0.56748  -0.19856
  -0.14975  -0.50762  -0.22849
  -0.19464  -0.38791  -0.22849
  -0.19464  -0.31309  -0.24345
  -0.22456  -0.20835  -0.24345
  -0.20960  -0.08864  -0.27338
  -0.20960   0.00115  -0.30331
  -0.17967   0.06100  -0.34820
  -0.13478   0.09093  -0.40805
  -0.13478   0.12086  -0.45294
  -0.11982   0.18071  -0.57265
  -0.13478   0.18071  -0.66244
  -0.14975   0.18071  -0.72229
  -0.20960   0.09093  -0.79711
  -0.28442   0.03107  -0.82704
  -0.28442  -0.02878  -0.84200
  -0.31435  -0.10360  -0.81207
  -0.35924  -0.25324  -0.78215
  -0.34427  -0.28317  -0.75222
  -0.35924  -0.32806  -0.67740
  -0.35924  -0.35798  -0.57265
  -0.34427  -0.29813  -0.51280
  -0.35924  -0.26820  -0.36316
  -0.38917  -0.23827  -0.22849
  -0.41909  -0.13353  -0.16863
  -0.44902  -0.13353  -0.07885
  -0.47895  -0.05871   0.01093
  -0.52384   0.00115   0.10071
  -0.50888   0.06100   0.10071
  -0.50888   0.18071   0.11568
  -0.44902   0.21064   0.08575
  -0.43406   0.25553   0.07079
  -0.38917   0.25553   0.05582
  -0.38917   0.27049  -0.00403
  -0.38917   0.27049  -0.01900
  -0.43406   0.19567  -0.06389
  -0.46398   0.16575  -0.09381
  -0.49391   0.15078  -0.15367
  -0.52384   0.15078  -0.18360
  -0.53880   0.12086  -0.19856
  -0.53880   0.10589  -0.21352
  -0.53880   0.12086  -0.25842
  -0.55377   0.12086  -0.30331
  -0.55377   0.12086  -0.36316
  -0.50888   0.12086  -0.45294
  -0.47895   0.07596  -0.48287
  -0.44902   0.01611  -0.51280
  -0.40413  -0.04375  -0.52776
  -0.34427  -0.07367  -0.54273
  -0.28442  -0.10360  -0.54273
  -0.23953  -0.14849  -0.51280
  -0.19464  -0.20835  -0.40805
  -0.14975  -0.20835  -0.33323
  -0.13478  -0.22331  -0.27338
  -0.07493  -0.22331  -0.16863
  -0.04500  -0.22331  -0.04892
  -0.03004  -0.26820   0.08575
  -1.1E-40  -0.29813   0.26532
  -1.1E-40  -0.29813   0.38503
   0.04478  -0.29813   0.57955
   0.02982  -0.26820   0.75912
   0.01486  -0.20835   0.93869
  -0.01507  -0.14849   1.10329
  -0.01507  -0.04375   1.25292
   0.01486   0.03107   1.34271
   0.02982   0.16575   1.41753
   0.05975   0.30042   1.44745
   0.10464   0.39020   1.44745
   0.16449   0.50991   1.41753
   0.23931   0.55481   1.32774
   0.37399   0.56977   1.25292
   0.41888   0.56977   1.10329
   0.50866   0.62962   0.95365
   0.56852   0.65955   0.74416
   0.62837   0.64459   0.54963
   0.65830   0.64459   0.39999
   0.73312   0.62962   0.20546
   0.74808   0.56977   0.02590
   0.77801   0.50991  -0.13871
   0.77801   0.40517  -0.25842
   0.83786   0.25553  -0.37813
   0.86779   0.12086  -0.45294
   0.86779  -0.01382  -0.49784
   0.94261  -0.16346  -0.52776
   0.95757  -0.29813  -0.54273
   1.01743  -0.41784  -0.57265
   1.06232  -0.55251  -0.60258
   1.15210  -0.59740  -0.64747
   1.21196  -0.64230  -0.69236
   1.27181  -0.62733  -0.79711
   1.34663  -0.56748  -0.88689
   1.40649  -0.46273  -0.97668
   1.43641  -0.35798  -1.08142
   1.45138  -0.25324  -1.20113
   1.46634  -0.13353  -1.27595
   1.46634  -0.04375  -1.35077
   1.40649   0.01611  -1.42559
   1.36159   0.07596  -1.42559
   1.28678   0.13582  -1.41063
   1.21196   0.19567  -1.35077
   1.10721   0.27049  -1.29092
   1.01743   0.28546  -1.18617
   0.89772   0.36028  -1.05149
   0.79297   0.33035  -0.93178
   0.67326   0.25553  -0.73726
   0.59844   0.16575  -0.55769
   0.47873   0.12086  -0.37813
   0.35902   0.06100  -0.24345
   0.23931  -0.07367  -0.13871
   0.11960  -0.13353   0.01093
   0.01486  -0.16346   0.08575
  -0.11982  -0.22331   0.16057
  -0.23953  -0.28317   0.22042
  -0.34427  -0.37295   0.29524
  -0.43406  -0.34302   0.34013
  -0.53880  -0.31309   0.39999
  -0.62859  -0.26820   0.42992
  -0.70340  -0.17842   0.45984
  -0.80815  -0.13353   0.53466
  -0.95779  -0.02878   0.53466
  -1.10743   0.09093   0.57955
  -1.27203   0.24057   0.60948
  -1.40670   0.36028   0.65437
  -1.57130   0.46502   0.66934
  -1.72094   0.56977   0.72919
  -1.88554   0.64459   0.72919
  -1.96036   0.74933   0.71423
  -2.02022   0.79423   0.72919
  -2.09503   0.77926   0.72919
  -2.13993   0.77926   0.72919
  -2.13993   0.79423   0.69926
  -2.12496   0.77926   0.69926
  -2.09503   0.74933   0.71423
  -2.02022   0.70444   0.71423
  -1.93043   0.64459   0.68430
  -1.82569   0.62962   0.69926
  -1.76583   0.52488   0.66934
  -1.64612   0.46502   0.69926
  -1.51145   0.39020   0.63941
  -1.34685   0.34531   0.59452
  -1.21217   0.27049   0.53466
  -1.04757   0.21064   0.47481
  -0.82311   0.18071   0.42992
  -0.67348   0.13582   0.38503
  -0.52384   0.10589   0.34013
  -0.37420   0.10589   0.28028
  -0.22456   0.12086   0.22042
  -0.10485   0.13582   0.16057
  -0.01507   0.15078   0.11568
   0.05975   0.13582   0.07079
   0.11960   0.18071   0.02590
   0.17946   0.19567  -0.04892
   0.28420   0.24057  -0.09381
   0.31413   0.19567  -0.12374
   0.29917   0.15078  -0.13871
   0.34406   0.09093  -0.18360
   0.35902   0.00115  -0.19856
   0.35902  -0.08864  -0.19856
   0.32910  -0.17842  -0.21352
   0.31413  -0.22331  -0.22849
   0.29917  -0.37295  -0.21352
   0.28420  -0.40288  -0.19856
   0.28420  -0.41784  -0.21352
   0.31413  -0.46273  -0.21352
   0.34406  -0.52259  -0.16863
   0.40391  -0.52259  -0.13871
   0.47873  -0.53755  -0.13871
   0.55355  -0.55251  -0.09381
   0.59844  -0.58244  -0.04892
   0.65830  -0.61237  -0.01900
   0.70319  -0.65726  -0.01900
   0.74808  -0.64230  -0.03396
   0.77801  -0.62733  -0.06389
   0.74808  -0.65726  -0.09381
   0.73312  -0.70215  -0.13871
   0.59844  -0.68719  -0.19856
   0.50866  -0.70215  -0.27338
   0.44881  -0.64230  -0.36316
   0.40391  -0.61237  -0.43798
   0.32910  -0.59740  -0.48287
   0.28420  -0.53755  -0.57265
   0.31413  -0.47769  -0.67740
   0.34406  -0.41784  -0.73726
   0.37399  -0.32806  -0.81207
   0.41888  -0.26820  -0.85697
   0.47873  -0.19338  -0.91682
   0.55355  -0.10360  -0.94675
   0.61341   0.00115  -1.02157
   0.71815   0.09093  -1.06646
   0.85283   0.16575  -1.06646
   0.91268   0.22560  -1.08142
   1.00246   0.25553  -1.08142
   1.03239   0.24057  -1.08142
   1.03239   0.22560  -1.03653
   1.03239   0.24057  -1.03653
   1.00246   0.19567  -1.02157
   0.92765   0.16575  -0.96171
   0.82290   0.18071  -0.94675
   0.76304   0.09093  -0.91682
   0.65830   0.03107  -0.84200
   0.52362  -0.01382  -0.78215
   0.47873  -0.05871  -0.72229
   0.40391  -0.05871  -0.64747
   0.35902  -0.05871  -0.55769
   0.35902  -0.07367  -0.43798
   0.38895  -0.10360  -0.31827
   0.43384  -0.10360  -0.16863
   0.49370  -0.08864  -0.01900
   0.59844  -0.01382   0.11568
   0.68823   0.00115   0.31021
   0.76304  -0.01382   0.50474
   0.80794   0.03107   0.68430
   0.85283   0.07596   0.86387
   0.83786   0.04604   1.05840
   0.77801   0.04604   1.19307
   0.71815   0.06100   1.31278
   0.56852   0.04604   1.41753
   0.40391   0.06100   1.44745
   0.23931   0.09093   1.50731
   0.01486   0.09093   1.58213
  -0.17967   0.10589   1.61205
  -0.40413   0.13582   1.59709
  -0.59866   0.19567   1.59709
  -0.77822   0.18071   1.61205
  -1.00268   0.22560   1.55220
  -1.12239   0.21064   1.52227
  -1.25706   0.22560   1.44745
  -1.31692   0.21064   1.40256
  -1.39174   0.21064   1.28285
  -1.39174   0.18071   1.22300
  -1.40670   0.15078   1.10329
  -1.37677   0.19567   1.01350
  -1.39174   0.16575   0.93869
  -1.37677   0.25553   0.81898
  -1.37677   0.31538   0.71423
  -1.37677   0.36028   0.63941
  -1.40670   0.37524   0.53466
  -1.43663   0.46502   0.42992
  -1.46656   0.47999   0.32517
  -1.45159   0.50991   0.22042
  -1.45159   0.46502   0.08575
  -1.43663   0.43509   0.01093
  -1.46656   0.45006  -0.13871
  -1.37677   0.46502  -0.25842
  -1.28699   0.43509  -0.34820
  -1.19721   0.43509  -0.45294
  -1.06253   0.39020  -0.57265
  -0.92786   0.34531  -0.63251
  -0.80815   0.34531  -0.76718
  -0.65851   0.21064  -0.81207
  -0.49391   0.19567  -0.91682
  -0.35924   0.09093  -0.99164
  -0.19464   0.03107  -1.11135
  -0.07493  -0.04375  -1.18617
   0.02982  -0.07367  -1.30588
   0.13457  -0.13353  -1.41063
   0.23931  -0.25324  -1.50041
   0.29917  -0.29813  -1.56026
   0.40391  -0.31309  -1.59019
   0.49370  -0.38791  -1.63508
   0.61341  -0.44777  -1.60515
   0.68823  -0.49266  -1.62012
   0.79297  -0.49266  -1.59019
   0.88275  -0.49266  -1.56026
   0.97254  -0.55251  -1.45552
   1.01743  -0.58244  -1.41063
   1.10721  -0.59740  -1.35077
   1.15210  -0.61237  -1.26099
   1.19699  -0.61237  -1.24602
   1.21196  -0.61237  -1.18617
   1.24188  -0.61237  -1.14128
   1.22692  -0.52259  -1.08142
   1.21196  -0.49266  -1.06646
   1.15210  -0.40288  -1.00660
   1.13714  -0.35798  -0.94675
   1.01743  -0.32806  -0.93178
   0.88275  -0.29813  -0.84200
   0.73312  -0.29813  -0.75222
   0.61341  -0.26820  -0.69236
   0.49370  -0.23827  -0.58762
   0.34406  -0.26820  -0.45294
   0.17946  -0.22331  -0.33323
   0.05975  -0.14849  -0.24345
  -0.01507  -0.11856  -0.13871
  -0.08989  -0.07367  -0.00403
  -0.16471  -0.08864   0.11568
  -0.22456  -0.02878   0.23539
  -0.23953   0.00115   0.29524
  -0.22456   0.06100   0.39999
  -0.20960   0.09093   0.51970
  -0.19464   0.16575   0.56459
  -0.14975   0.24057   0.62445
  -0.13478   0.30042   0.72919
  -0.07493   0.37524   0.78905
  -0.05996   0.43509   0.83394
  -0.03004   0.46502   0.92372
  -0.03004   0.50991   0.96861
  -0.03004   0.47999   1.08832
  -0.05996   0.47999   1.16314
  -0.07493   0.45006   1.25292
  -0.10485   0.40517   1.41753
  -0.14975   0.39020   1.49234
  -0.14975   0.33035   1.65695
  -0.16471   0.30042   1.83651
  -0.14975   0.30042   1.95622
  -0.11982   0.25553   2.12082
  -0.07493   0.25553   2.25550
  -0.05996   0.22560   2.42010
  -0.04500   0.25553   2.52484
  -0.01507   0.24057   2.59966
   0.04478   0.28546   2.61463
   0.07471   0.28546   2.59966
   0.08967   0.31538   2.58470
   0.13457   0.36028   2.52484
   0.13457   0.36028   2.42010
   0.14953   0.39020   2.30039
   0.14953   0.42013   2.12082
   0.10464   0.45006   1.92629
   0.07471   0.49495   1.73176
   0.01486   0.50991   1.50731
  -1.1E-40   0.59970   1.29782
  -0.05996   0.58473   1.11825
  -0.10485   0.56977   0.93869
  -0.17967   0.56977   0.77408
  -0.20960   0.55481   0.63941
  -0.26946   0.45006   0.51970
  -0.32931   0.39020   0.41495
  -0.32931   0.28546   0.31021
  -0.37420   0.09093   0.25035
  -0.40413   0.00115   0.13064
  -0.37420  -0.13353   0.04086
  -0.37420  -0.23827  -0.03396
  -0.40413  -0.29813  -0.12374
  -0.35924  -0.35798  -0.24345
  -0.37420  -0.41784  -0.36316
  -0.37420  -0.44777  -0.49784
  -0.43406  -0.44777  -0.70733
  -0.46398  -0.43280  -0.93178
  -0.50888  -0.43280  -1.09639
  -0.61362  -0.46273  -1.26099
  -0.65851  -0.37295  -1.47048
  -0.68844  -0.29813  -1.63508
  -0.71837  -0.20835  -1.78472
  -0.73333  -0.05871  -1.91939
  -0.71837   0.04604  -2.05407
  -0.70340   0.19567  -2.14385
  -0.68844   0.34531  -2.26356
  -0.58369   0.42013  -2.30845
  -0.56873   0.46502  -2.39823
  -0.46398   0.56977  -2.39823
  -0.40413   0.61466  -2.47305
  -0.29938   0.59970  -2.45809
  -0.23953   0.56977  -2.48802
  -0.13478   0.56977  -2.48802
  -0.07493   0.50991  -2.47305
   0.01486   0.43509  -2.50298
   0.05975   0.36028  -2.50298
   0.08967   0.27049  -2.50298
   0.13457   0.16575  -2.53291
   0.16449  -0.01382  -2.53291
   0.20939  -0.19338  -2.51794
   0.23931  -0.31309  -2.51794
   0.28420  -0.52259  -2.50298
   0.34406  -0.65726  -2.48802
   0.35902  -0.77697  -2.44312
   0.38895  -0.89668  -2.42816
   0.40391  -0.94157  -2.38327
   0.37399  -1.01639  -2.33838
   0.40391  -1.09121  -2.23363
   0.38895  -1.07624  -2.12889
   0.50866  -1.09121  -1.90443
   0.61341  -0.98646  -1.70990
   0.55355  -1.07624  -1.62012
   0.31413  -1.25581  -1.56026
   0.38895  -1.18099  -1.33581
   0.53859  -0.94157  -1.00660
   0.49370  -0.85179  -0.78215
   0.44881  -0.74704  -0.55769
   0.38895  -0.59740  -0.31827
   0.32910  -0.46273  -0.04892
   0.28420  -0.34302   0.22042
   0.25428  -0.19338   0.47481
   0.17946  -0.08864   0.74416
   0.14953   0.00115   0.99854
   0.08967   0.09093   1.22300
  -1.1E-40   0.13582   1.44745
  -0.05996   0.21064   1.64198
  -0.14975   0.24057   1.83651
  -0.20960   0.30042   1.97118
  -0.25449   0.27049   2.15075
  -0.32931   0.30042   2.25550
  -0.38917   0.30042   2.34528
  -0.43406   0.28546   2.46499
  -0.49391   0.24057   2.53981
  -0.49391   0.21064   2.62959
  -0.52384   0.22560   2.65952
  -0.49391   0.22560   2.71937
  -0.46398   0.19567   2.76426
  -0.44902   0.16575   2.83908
  -0.44902   0.16575   2.86901
  -0.38917   0.18071   2.91390
  -0.35924   0.13582   2.94383
  -0.29938   0.13582   2.98872
  -0.22456   0.18071   2.97376
  -0.13478   0.13582   3.03361
  -0.05996   0.10589   3.06354
   0.07471   0.12086   3.09347
   0.19442   0.10589   3.13836
   0.37399   0.09093   3.15332
   0.46377   0.09093   3.13836
   0.62837   0.09093   3.12339
   0.74808   0.07596   3.04858
   0.88275   0.06100   2.97376
   0.98750   0.04604   2.83908
   1.07728   0.04604   2.67448
   1.13714   0.03107   2.47995
   1.12217   0.03107   2.28542
   1.13714   0.01611   2.01608
   1.10721   0.04604   1.74673
   1.06232   0.09093   1.50731
   1.01743   0.12086   1.22300
   0.91268   0.19567   0.92372
   0.83786   0.24057   0.63941
   0.74808   0.27049   0.35510
   0.68823   0.28546   0.07079
   0.59844   0.28546  -0.21352
   0.52362   0.21064  -0.51280
   0.44881   0.19567  -0.78215
   0.41888   0.12086  -1.03653
   0.37399   0.09093  -1.29092
   0.32910   0.04604  -1.50041
   0.29917  -0.01382  -1.69494
   0.26924  -0.02878  -1.87450
   0.23931  -0.04375  -2.00918
   0.22435  -0.01382  -2.09896
   0.23931   0.01611  -2.20370
   0.20939   0.03107  -2.26356
   0.20939   0.07596  -2.30845
   0.17946   0.10589  -2.36831
   0.19442   0.10589  -2.39823
   0.16449   0.10589  -2.44312
   0.11960   0.07596  -2.45809
   0.05975   0.06100  -2.48802
  -1.1E-40   0.03107  -2.51794
  -0.07493   0.01611  -2.53291
  -0.14975   0.04604  -2.59276
  -0.20960   0.03107  -2.65262
  -0.35924   0.06100  -2.71247
  -0.43406   0.07596  -2.74240
  -0.56873   0.10589  -2.74240
  -0.64355   0.18071  -2.78729
  -0.73333   0.18071  -2.80225
  -0.80815   0.22560  -2.80225
  -0.89793   0.21064  -2.75736
  -0.95779   0.19567  -2.72744
  -0.98772   0.21064  -2.66758
  -1.01764   0.19567  -2.57780
  -1.04757   0.24057  -2.47305
  -1.10743   0.27049  -2.36831
  -1.09246   0.25553  -2.21867
  -1.13735   0.25553  -2.08399
  -1.09246   0.24057  -1.94932
  -1.13735   0.24057  -1.81465
  -1.13735   0.24057  -1.70990
  -1.15232   0.22560  -1.57523
  -1.15232   0.22560  -1.48544
  -1.15232   0.22560  -1.39566
  -1.09246   0.24057  -1.29092
  -1.09246   0.18071  -1.17121
  -1.03261   0.25553  -1.06646
  -0.97275   0.21064  -0.93178
  -0.89793   0.24057  -0.82704
  -0.80815   0.16575  -0.69236
  -0.73333   0.16575  -0.51280
  -0.64355   0.15078  -0.37813
  -0.53880   0.07596  -0.15367
  -0.47895   0.01611   0.02590
  -0.34427  -0.01382   0.23539
  -0.23953  -0.04375   0.45984
  -0.11982  -0.10360   0.68430
  -0.03004  -0.16346   0.92372
   0.08967  -0.19338   1.16314
   0.14953  -0.25324   1.40256
   0.20939  -0.28317   1.65695
   0.32910  -0.26820   1.85147
   0.40391  -0.28317   2.06097
   0.47873  -0.34302   2.25550
   0.56852  -0.34302   2.42010
   0.68823  -0.35798   2.59966
   0.76304  -0.37295   2.70441
   0.86779  -0.31309   2.83908
   0.97254  -0.29813   2.97376
   1.03239  -0.28317   3.06354
   1.09225  -0.23827   3.15332
   1.12217  -0.17842   3.24310
   1.19699  -0.14849   3.28800
   1.21196  -0.17842   3.31792
   1.25685  -0.17842   3.30296
   1.30174  -0.19338   3.30296
   1.31670  -0.26820   3.25807
   1.31670  -0.31309   3.19821
   1.33167  -0.31309   3.10843
   1.30174  -0.29813   2.97376
   1.24188  -0.31309   2.88397
   1.16707  -0.31309   2.74930
   1.16707  -0.23827   2.58470
   1.13714  -0.22331   2.43506
   1.10721  -0.22331   2.28542
   1.03239  -0.23827   2.09089
   0.95757  -0.22331   1.92629
   0.91268  -0.22331   1.74673
   0.80794  -0.26820   1.58213
   0.74808  -0.23827   1.40256
   0.67326  -0.26820   1.25292
   0.56852  -0.32806   1.10329
   0.53859  -0.32806   0.93869
   0.46377  -0.37295   0.78905
   0.40391  -0.41784   0.62445
   0.34406  -0.40288   0.45984
   0.28420  -0.41784   0.32517
   0.22435  -0.40288   0.17553
   0.11960  -0.43280   0.01093
   0.04478  -0.40288  -0.21352
  -1.1E-40  -0.38791  -0.42302
  -0.05996  -0.40288  -0.63251
  -0.14975  -0.35798  -0.91682
  -0.20960  -0.32806  -1.15624
  -0.28442  -0.29813  -1.36573
  -0.32931  -0.25324  -1.57523
  -0.37420  -0.16346  -1.79968
  -0.41909  -0.14849  -1.99421
  -0.47895  -0.08864  -2.21867
  -0.53880  -0.01382  -2.41320
  -0.59866   0.00115  -2.60773
  -0.71837   0.04604  -2.75736
  -0.76326   0.09093  -2.90700
  -0.85304   0.06100  -2.99678
  -0.94282   0.10589  -3.10153
  -1.00268   0.10589  -3.17635
  -1.07750   0.13582  -3.19131
  -1.12239   0.15078  -3.23620
  -1.15232   0.22560  -3.22124
  -1.13735   0.27049  -3.14642
  -1.13735   0.24057  -3.04168
  -1.12239   0.24057  -2.92197
  -1.07750   0.25553  -2.80225
  -1.03261   0.22560  -2.69751
  -0.95779   0.15078  -2.54787
  -0.88297   0.13582  -2.44312
  -0.82311   0.10589  -2.32341
  -0.77822   0.04604  -2.18874
  -0.73333  -0.04375  -2.06903
  -0.71837  -0.05871  -1.94932
  -0.67348  -0.10360  -1.84457
  -0.59866  -0.10360  -1.73983
  -0.58369  -0.11856  -1.63508
  -0.50888  -0.07367  -1.56026
  -0.41909  -0.04375  -1.47048
  -0.32931  -0.02878  -1.36573
  -0.26946   0.01611  -1.26099
  -0.17967   0.10589  -1.15624
  -0.11982   0.12086  -0.99164
  -0.10485   0.16575  -0.85697
  -0.01507   0.25553  -0.72229
  -1.1E-40   0.27049  -0.52776
   0.02982   0.34531  -0.37813
   0.07471   0.37524  -0.18360
   0.08967   0.40517  -0.01900
   0.14953   0.43509   0.14561
   0.17946   0.45006   0.34013
   0.17946   0.52488   0.48977
   0.26924   0.46502   0.65437
   0.25428   0.47999   0.81898
   0.32910   0.47999   0.95365
   0.37399   0.47999   1.08832
   0.40391   0.42013   1.25292
   0.40391   0.37524   1.37263
   0.43384   0.39020   1.43249
   0.49370   0.37524   1.53724
   0.52362   0.36028   1.59709
   0.53859   0.31538   1.68687
   0.61341   0.31538   1.71680
   0.64333   0.31538   1.77666
   0.68823   0.25553   1.85147
   0.68823   0.19567   1.89637
   0.70319   0.16575   1.88140
   0.67326   0.15078   1.91133
   0.65830   0.10589   1.94126
   0.62837   0.00115   2.00111
   0.58348  -0.02878   1.97118
   0.56852  -0.07367   1.98615
   0.59844  -0.11856   2.01608
   0.56852  -0.14849   2.00111
   0.56852  -0.13353   2.00111
   0.59844  -0.20835   2.00111
   0.59844  -0.17842   2.01608
   0.64333  -0.20835   2.00111
   0.64333  -0.23827   2.01608
   0.67326  -0.22331   2.00111
   0.68823  -0.23827   2.03104
   0.67326  -0.23827   2.01608
   0.68823  -0.20835   2.03104
   0.64333  -0.23827   2.07593
   0.64333  -0.19338   2.04600
   0.61341  -0.19338   2.06097
   0.56852  -0.13353   2.01608
   0.53859  -0.11856   1.98615
   0.49370  -0.10360   1.94126
   0.43384  -0.04375   1.85147
   0.38895  -0.01382   1.74673
   0.22435   0.00115   1.62702
   0.11960  -0.04375   1.52227
  -0.03004  -0.07367   1.38760
  -0.19464  -0.13353   1.25292
  -0.31435  -0.17842   1.11825
  -0.52384  -0.22331   0.96861
  -0.62859  -0.19338   0.80401
  -0.74830  -0.25324   0.65437
  -0.86801  -0.23827   0.51970
  -0.95779  -0.28317   0.41495
  -1.06253  -0.29813   0.28028
  -1.04757  -0.31309   0.16057
  -1.04757  -0.34302   0.05582
  -1.07750  -0.37295  -0.06389
  -1.03261  -0.44777  -0.16863
  -0.95779  -0.41784  -0.31827
  -0.91290  -0.46273  -0.46791
  -0.86801  -0.43280  -0.61755
  -0.79319  -0.40288  -0.82704
  -0.73333  -0.34302  -1.02157
  -0.68844  -0.26820  -1.21610
  -0.62859  -0.10360  -1.44055
  -0.61362   0.00115  -1.66501
  -0.62859   0.07596  -1.90443
  -0.65851   0.19567  -2.09896
  -0.67348   0.25553  -2.30845
  -0.71837   0.36028  -2.48802
  -0.76326   0.39020  -2.60773
  -0.80815   0.39020  -2.74240
  -0.85304   0.40517  -2.87707
  -0.85304   0.43509  -2.95189
  -0.88297   0.45006  -2.98182
  -0.83808   0.47999  -2.99678
  -0.82311   0.46502  -2.98182
  -0.79319   0.49495  -2.98182
  -0.74830   0.52488  -2.96686
  -0.65851   0.49495  -2.87707
  -0.61362   0.42013  -2.80225
  -0.52384   0.39020  -2.72744
  -0.44902   0.36028  -2.63765
  -0.34427   0.33035  -2.54787
  -0.25449   0.30042  -2.45809
  -0.11982   0.22560  -2.35334
  -0.03004   0.19567  -2.27852
   0.08967   0.13582  -2.12889
   0.19442   0.07596  -1.97925
   0.32910   0.04604  -1.84457
   0.41888   0.03107  -1.67997
   0.55355   0.04604  -1.54530
   0.67326   0.04604  -1.38070
   0.74808   0.00115  -1.17121
   0.82290   0.01611  -1.02157
   0.89772   0.06100  -0.87193
   0.97254   0.04604  -0.69236
   1.00246   0.03107  -0.51280
   1.01743   0.07596  -0.33323
   1.03239   0.06100  -0.16863
   1.07728   0.07596  -0.00403
   1.06232   0.18071   0.13064
   1.10721   0.15078   0.28028
   1.07728   0.21064   0.44488
   1.04736   0.24057   0.57955
   1.00246   0.27049   0.69926
   0.94261   0.31538   0.86387
   0.94261   0.36028   0.95365
   0.83786   0.34531   1.04343
   0.80794   0.36028   1.14818
   0.76304   0.31538   1.25292
   0.74808   0.27049   1.31278
   0.67326   0.21064   1.41753
   0.61341   0.09093   1.50731
   0.55355   0.04604   1.58213
   0.49370   0.00115   1.62702
   0.46377  -0.08864   1.68687
   0.40391  -0.13353   1.74673
   0.34406  -0.19338   1.82155
   0.32910  -0.23827   1.89637
   0.28420  -0.29813   2.00111
   0.23931  -0.35798   2.06097
   0.20939  -0.35798   2.10586
   0.23931  -0.40288   2.12082
   0.26924  -0.43280   2.13579
   0.29917  -0.49266   2.15075
   0.31413  -0.50762   2.13579
   0.37399  -0.50762   2.15075
   0.37399  -0.53755   2.18068
   0.34406  -0.56748   2.16571
   0.32910  -0.53755   2.18068
   0.29917  -0.46273   2.16571
   0.26924  -0.41784   2.16571
   0.19442  -0.37295   2.16571
   0.10464  -0.23827   2.12082
   0.05975  -0.10360   2.09089
  -0.01507  -0.02878   2.06097
  -0.08989   0.07596   2.01608
  -0.14975   0.18071   1.92629
  -0.14975   0.25553   1.88140
  -0.20960   0.28546   1.80658
  -0.25449   0.30042   1.74673
  -0.28442   0.28546   1.65695
  -0.28442   0.28546   1.58213
  -0.26946   0.30042   1.47738
  -0.25449   0.25553   1.41753
  -0.25449   0.19567   1.34271
  -0.25449   0.16575   1.22300
  -0.28442   0.10589   1.16314
  -0.31435   0.06100   1.05840
  -0.31435   0.00115   0.95365
  -0.37420  -0.04375   0.84890
  -0.46398  -0.05871   0.68430
  -0.52384  -0.08864   0.53466
  -0.59866  -0.14849   0.39999
  -0.67348  -0.20835   0.23539
  -0.77822  -0.25324   0.07079
  -0.88297  -0.25324  -0.12374
  -0.94282  -0.25324  -0.33323
  -1.00268  -0.28317  -0.54273
  -1.09246  -0.29813  -0.73726
  -1.12239  -0.28317  -0.97668
  -1.18224  -0.25324  -1.15624
  -1.16728  -0.25324  -1.35077
  -1.19721  -0.25324  -1.50041
  -1.22714  -0.22331  -1.66501
  -1.19721  -0.22331  -1.81465
  -1.19721  -0.25324  -1.97925
  -1.18224  -0.23827  -2.08399
  -1.15232  -0.22331  -2.17378
  -1.12239  -0.23827  -2.24860
  -1.09246  -0.19338  -2.32341
  -1.06253  -0.17842  -2.38327
  -1.00268  -0.13353  -2.39823
  -0.97275  -0.10360  -2.42816
  -0.92786  -0.04375  -2.45809
  -0.85304  -0.02878  -2.44312
  -0.80815  -0.01382  -2.44312
  -0.76326   0.00115  -2.45809
  -0.67348   0.06100  -2.47305
  -0.62859   0.03107  -2.42816
  -0.55377   0.09093  -2.42816
  -0.46398   0.15078  -2.41320
  -0.37420   0.15078  -2.42816
  -0.28442   0.22560  -2.41320
  -0.20960   0.25553  -2.39823
  -0.14975   0.30042  -2.33838
  -0.07493   0.31538  -2.23363
  -0.03004   0.31538  -2.14385
   0.01486   0.34531  -2.06903
   0.05975   0.28546  -1.93436
   0.05975   0.27049  -1.81465
   0.07471   0.25553  -1.69494
   0.05975   0.22560  -1.56026
   0.11960   0.21064  -1.42559
   0.17946   0.15078  -1.23106
   0.20939   0.09093  -1.05149
   0.29917   0.07596  -0.85697
   0.41888   0.03107  -0.67740
   0.50866  -0.02878  -0.43798
   0.64333  -0.05871  -0.22849
   0.80794  -0.07367  -0.03396
   0.92765  -0.05871   0.16057
   1.10721  -0.05871   0.32517
   1.27181  -0.04375   0.48977
   1.43641  -0.05871   0.66934
   1.57109  -0.07367   0.80401
   1.69080  -0.07367   0.95365
   1.78058  -0.05871   1.05840
   1.88533  -0.08864   1.19307
   1.91525  -0.07367   1.28285
   1.91525  -0.08864   1.40256
   1.91525  -0.11856   1.50731
   1.91525  -0.05871   1.55220
   1.88533  -0.07367   1.67191
   1.81051  -0.07367   1.74673
   1.73569  -0.02878   1.83651
   1.66087   0.00115   1.86644
   1.57109  -0.01382   1.94126
   1.49627   0.07596   1.92629
   1.43641   0.07596   1.94126
   1.36159   0.03107   1.91133
   1.31670   0.00115   1.91133
   1.27181   0.01611   1.82155
   1.25685   0.00115   1.76169
   1.27181   0.00115   1.68687
   1.28678   0.00115   1.62702
   1.30174   0.00115   1.55220
   1.33167  -0.01382   1.49234
   1.36159   0.00115   1.44745
   1.34663   0.03107   1.41753
   1.31670   0.01611   1.38760
   1.33167   0.04604   1.31278
   1.22692   0.04604   1.29782
   1.13714   0.07596   1.25292
   0.97254   0.00115   1.28285
   0.80794   0.00115   1.26789
   0.62837   0.01611   1.22300
   0.44881   0.00115   1.20803
   0.23931   0.01611   1.19307
   0.04478  -0.01382   1.20803
  -0.11982  -0.04375   1.17811
  -0.29938  -0.04375   1.10329
  -0.44902  -0.01382   1.02847
  -0.56873  -0.07367   0.96861
  -0.68844  -0.10360   0.84890
  -0.80815  -0.11856   0.71423
  -0.94282  -0.11856   0.56459
  -1.04757  -0.20835   0.45984
  -1.15232  -0.22331   0.34013
  -1.22714  -0.17842   0.20546
  -1.30195  -0.20835   0.14561
  -1.40670  -0.14849   0.04086
  -1.46656  -0.10360  -0.09381
  -1.52641  -0.05871  -0.15367
  -1.58627  -0.02878  -0.22849
  -1.64612   0.06100  -0.30331
  -1.73590   0.00115  -0.34820
  -1.82569   0.04604  -0.40805
  -1.93043   0.04604  -0.46791
  -2.05014   0.00115  -0.48287
  -2.11000  -0.01382  -0.51280
  -2.19978  -0.04375  -0.57265
  -2.27460  -0.01382  -0.64747
  -2.28956   0.01611  -0.70733
  -2.31949   0.00115  -0.79711
  -2.33445   0.00115  -0.82704
  -2.30453   0.01611  -0.93178
  -2.27460   0.01611  -1.02157
  -2.18482   0.01611  -1.11135
  -2.15489  -0.01382  -1.15624
  -2.09503  -0.02878  -1.23106
  -2.06511  -0.05871  -1.29092
  -1.97532  -0.04375  -1.33581
  -1.94540  -0.05871  -1.32084
  -1.90051  -0.05871  -1.38070
  -1.84065  -0.01382  -1.38070
  -1.81072   0.00115  -1.38070
  -1.75087   0.01611  -1.33581
  -1.72094   0.06100  -1.30588
  -1.67605   0.07596  -1.24602
  -1.61619   0.06100  -1.18617
  -1.57130   0.07596  -1.15624
  -1.45159   0.09093  -1.12631
  -1.36181   0.13582  -1.08142
  -1.25706   0.16575  -1.05149
  -1.15232   0.18071  -0.99164
  -1.01764   0.21064  -0.90186
  -0.89793   0.19567  -0.81207
  -0.71837   0.21064  -0.73726
  -0.55377   0.18071  -0.64747
  -0.40413   0.21064  -0.61755
  -0.16471   0.21064  -0.54273
   0.04478   0.22560  -0.46791
   0.28420   0.25553  -0.46791
   0.56852   0.25553  -0.40805
   0.79297   0.25553  -0.34820
   0.95757   0.28546  -0.33323
   1.12217   0.25553  -0.31827
   1.28678   0.31538  -0.31827
   1.40649   0.37524  -0.31827
   1.48130   0.34531  -0.30331
   1.55612   0.31538  -0.27338
   1.67583   0.31538  -0.25842
   1.70576   0.28546  -0.18360
   1.72072   0.22560  -0.15367
   1.75065   0.13582  -0.04892
   1.75065   0.13582   0.02590
   1.75065   0.03107   0.13064
   1.76562   0.01611   0.22042
   1.79554   0.03107   0.29524
   1.76562   0.00115   0.37006
   1.78058   0.01611   0.44488
   1.81051   0.04604   0.54963
   1.79554   0.03107   0.60948
   1.79554   0.03107   0.68430
   1.79554   0.01611   0.77408
   1.82547   0.06100   0.80401
   1.82547   0.07596   0.84890
   1.82547   0.07596   0.87883
   1.84043   0.06100   0.90876
   1.79554   0.09093   0.92372
   1.82547   0.09093   0.92372
   1.79554   0.09093   0.90876
   1.76562   0.09093   0.89379
   1.70576   0.12086   0.84890
   1.64591   0.13582   0.80401
   1.60101   0.16575   0.72919
   1.55612   0.13582   0.72919
   1.43641   0.15078   0.69926
   1.34663   0.09093   0.69926
   1.22692   0.10589   0.66934
   1.13714   0.09093   0.66934
   1.07728   0.06100   0.62445
   0.95757  -0.02878   0.63941
   0.86779  -0.05871   0.68430
   0.74808  -0.10360   0.63941
   0.67326  -0.14849   0.63941
   0.56852  -0.20835   0.65437
   0.47873  -0.26820   0.63941
   0.40391  -0.29813   0.66934
   0.32910  -0.34302   0.62445
   0.31413  -0.38791   0.63941
   0.25428  -0.49266   0.60948
   0.23931  -0.55251   0.56459
   0.25428  -0.61237   0.48977
   0.22435  -0.68719   0.41495
   0.25428  -0.74704   0.34013
   0.23931  -0.80690   0.25035
   0.23931  -0.80690   0.17553
   0.22435  -0.76201   0.07079
   0.22435  -0.73208  -0.01900
   0.22435  -0.67222  -0.06389
   0.20939  -0.56748  -0.16863
   0.22435  -0.49266  -0.22849
   0.22435  -0.44777  -0.24345
   0.23931  -0.35798  -0.24345
   0.19442  -0.29813  -0.28834
   0.25428  -0.26820  -0.27338
   0.22435  -0.26820  -0.30331
   0.20939  -0.31309  -0.27338
   0.17946  -0.31309  -0.31827
   0.19442  -0.28317  -0.43798
   0.22435  -0.28317  -0.49784
   0.20939  -0.25324  -0.57265
   0.17946  -0.25324  -0.66244
   0.13457  -0.22331  -0.73726
   0.07471  -0.14849  -0.82704
  -0.01507  -0.14849  -0.90186
  -0.10485  -0.13353  -0.94675
  -0.25449  -0.07367  -1.00660
  -0.32931  -0.07367  -1.05149
  -0.47895  -0.05871  -1.08142
  -0.61362   0.00115  -1.11135
  -0.73333   0.01611  -1.11135
  -0.88297   0.06100  -1.14128
  -1.04757   0.10589  -1.17121
  -1.18224   0.15078  -1.18617
  -1.34685   0.16575  -1.14128
  -1.51145   0.21064  -1.14128
  -1.63116   0.31538  -1.15624
  -1.72094   0.36028  -1.12631
  -1.82569   0.45006  -1.06646
  -1.88554   0.43509  -1.00660
  -1.96036   0.50991  -0.96171
  -1.96036   0.56977  -0.91682
  -1.96036   0.58473  -0.84200
  -1.94540   0.64459  -0.76718
  -1.91547   0.65955  -0.70733
  -1.90051   0.70444  -0.63251
  -1.87058   0.67452  -0.55769
  -1.87058   0.67452  -0.45294
  -1.84065   0.70444  -0.34820
  -1.82569   0.73437  -0.25842
  -1.76583   0.71941  -0.22849
  -1.73590   0.70444  -0.12374
  -1.69101   0.67452  -0.03396
  -1.64612   0.58473   0.08575
  -1.58627   0.52488   0.19050
  -1.51145   0.45006   0.29524
  -1.40670   0.37524   0.39999
  -1.28699   0.30042   0.47481
  -1.12239   0.19567   0.56459
  -0.95779   0.10589   0.65437
  -0.80815   0.00115   0.68430
  -0.64355  -0.02878   0.74416
  -0.44902  -0.07367   0.77408
  -0.29938  -0.13353   0.78905
  -0.11982  -0.13353   0.81898
  -1.1E-40  -0.16346   0.83394
   0.16449  -0.20835   0.81898
   0.26924  -0.16346   0.81898
   0.38895  -0.20835   0.80401
   0.41888  -0.14849   0.75912
   0.53859  -0.11856   0.69926
   0.59844  -0.10360   0.68430
   0.62837  -0.11856   0.60948
   0.61341  -0.08864   0.54963
   0.65830  -0.05871   0.53466
   0.62837  -0.02878   0.45984
   0.67326   0.04604   0.41495
   0.67326   0.04604   0.41495
   0.73312   0.12086   0.35510
   0.74808   0.09093   0.35510
   0.82290   0.10589   0.35510
   0.88275   0.04604   0.34013
   0.97254   0.00115   0.35510
   1.00246  -0.10360   0.34013
   1.07728  -0.16346   0.35510
   1.12217  -0.26820   0.39999
   1.10721  -0.32806   0.38503
   1.15210  -0.37295   0.41495
   1.12217  -0.43280   0.42992
   1.10721  -0.46273   0.44488
   1.10721  -0.44777   0.44488
   1.10721  -0.49266   0.47481
   1.06232  -0.47769   0.47481
   1.10721  -0.49266   0.47481
   1.07728  -0.50762   0.50474
   1.07728  -0.49266   0.48977
   1.09225  -0.50762   0.48977
   1.09225  -0.47769   0.44488
   1.09225  -0.43280   0.44488
   1.10721  -0.38791   0.38503
   1.07728  -0.34302   0.34013
   1.09225  -0.32806   0.26532
   1.07728  -0.31309   0.17553
   1.06232  -0.28317   0.11568
   0.98750  -0.25324   0.05582
   0.92765  -0.26820   0.02590
   0.82290  -0.22331   0.02590
   0.73312  -0.20835  -0.00403
   0.64333  -0.16346  -0.01900
   0.61341  -0.10360  -0.00403
   0.55355  -0.10360  -0.04892
   0.49370  -0.07367  -0.04892
   0.44881  -0.07367  -0.03396
   0.40391  -0.01382  -0.07885
   0.35902   0.06100  -0.15367
   0.32910   0.09093  -0.21352
   0.31413   0.15078  -0.27338
   0.32910   0.21064  -0.36316
   0.32910   0.28546  -0.48287
   0.35902   0.28546  -0.54273
   0.37399   0.30042  -0.63251
   0.37399   0.33035  -0.69236
   0.44881   0.36028  -0.73726
   0.41888   0.34531  -0.76718
   0.38895   0.31538  -0.79711
   0.32910   0.28546  -0.81207
   0.29917   0.31538  -0.82704
   0.19442   0.28546  -0.76718
   0.11960   0.24057  -0.75222
   0.01486   0.22560  -0.72229
  -0.08989   0.24057  -0.67740
  -0.16471   0.25553  -0.66244
  -0.25449   0.21064  -0.58762
  -0.35924   0.21064  -0.58762
  -0.44902   0.21064  -0.57265
  -0.55377   0.18071  -0.57265
  -0.67348   0.15078  -0.58762
  -0.73333   0.13582  -0.60258
  -0.83808   0.13582  -0.61755
  -0.91290   0.07596  -0.64747
  -0.97275   0.04604  -0.64747
  -1.03261   0.01611  -0.63251
  -1.10743  -0.02878  -0.58762
  -1.15232  -0.05871  -0.54273
  -1.21217  -0.04375  -0.37813
  -1.28699  -0.10360  -0.28834
  -1.36181  -0.11856  -0.15367
  -1.43663  -0.17842  -0.00403
  -1.51145  -0.17842   0.16057
  -1.54137  -0.20835   0.32517
  -1.55634  -0.25324   0.45984
  -1.54137  -0.22331   0.54963
  -1.49648  -0.22331   0.63941
  -1.42166  -0.22331   0.66934
  -1.31692  -0.20835   0.69926
  -1.21217  -0.19338   0.75912
  -1.07750  -0.17842   0.75912
  -0.92786  -0.10360   0.69926
  -0.77822  -0.02878   0.66934
  -0.61362  -0.01382   0.60948
  -0.47895  -0.01382   0.63941
  -0.37420  -0.01382   0.57955
  -0.28442  -0.04375   0.59452
  -0.19464  -0.04375   0.59452
  -0.17967  -0.07367   0.62445
  -0.14975  -0.13353   0.68430
  -0.17967  -0.16346   0.68430
  -0.17967  -0.16346   0.72919
  -0.23953  -0.25324   0.75912
  -0.25449  -0.25324   0.77408
  -0.28442  -0.31309   0.78905
  -0.32931  -0.28317   0.75912
  -0.32931  -0.29813   0.74416
  -0.37420  -0.28317   0.68430
  -0.31435  -0.28317   0.60948
  -0.32931  -0.32806   0.54963
  -0.26946  -0.31309   0.41495
  -0.20960  -0.29813   0.34013
  -0.14975  -0.29813   0.25035
  -0.07493  -0.22331   0.11568
   0.01486  -0.17842   0.05582
   0.08967  -0.13353  -0.04892
   0.10464  -0.05871  -0.12374
   0.13457  -0.01382  -0.18360
   0.14953   0.04604  -0.21352
   0.14953   0.01611  -0.22849
   0.07471   0.03107  -0.21352
   0.01486   0.04604  -0.22849
  -0.05996   0.04604  -0.18360
  -0.14975   0.04604  -0.16863
  -0.23953   0.03107  -0.15367
  -0.26946   0.06100  -0.15367
  -0.31435   0.07596  -0.13871
  -0.26946   0.09093  -0.12374
  -0.25449   0.07596  -0.13871
  -0.20960   0.03107  -0.15367
  -0.17967   0.00115  -0.18360
  -0.07493   0.01611  -0.19856
   0.04478  -0.01382  -0.22849
   0.16449  -0.08864  -0.21352
   0.28420  -0.08864  -0.22849
   0.41888  -0.13353  -0.24345
   0.49370  -0.16346  -0.22849
   0.58348  -0.11856  -0.21352
   0.61341  -0.14849  -0.18360
   0.64333  -0.05871  -0.16863
   0.73312  -0.07367  -0.16863
   0.73312   0.00115  -0.10878
   0.73312   0.04604  -0.09381
   0.76304   0.07596  -0.07885
   0.70319   0.10589  -0.03396
   0.70319   0.16575  -0.07885
   0.70319   0.16575  -0.09381
   0.70319   0.18071  -0.16863
   0.65830   0.18071  -0.18360
   0.65830   0.19567  -0.28834
   0.68823   0.19567  -0.33323
   0.70319   0.22560  -0.36316
   0.73312   0.19567  -0.39309
   0.73312   0.21064  -0.40805
   0.76304   0.24057  -0.43798
   0.79297   0.21064  -0.43798
   0.82290   0.22560  -0.45294
   0.80794   0.19567  -0.46791
   0.79297   0.15078  -0.45294
   0.74808   0.09093  -0.39309
   0.70319   0.04604  -0.37813
   0.67326   0.04604  -0.36316
   0.61341   0.07596  -0.31827
   0.56852   0.01611  -0.25842
   0.49370  -0.01382  -0.19856
   0.43384  -0.02878  -0.16863
   0.35902   0.01611  -0.13871
   0.32910   0.03107  -0.12374
   0.25428   0.03107  -0.10878
   0.26924   0.10589  -0.07885
   0.26924   0.13582  -0.04892
   0.23931   0.18071  -0.01900
   0.23931   0.24057  -0.00403
   0.25428   0.33035  -0.00403
   0.26924   0.37524  -0.01900
   0.26924   0.42013   0.01093
   0.25428   0.42013   0.04086
   0.25428   0.37524   0.07079
   0.22435   0.40517   0.10071
   0.23931   0.33035   0.13064
   0.14953   0.21064   0.16057
   0.13457   0.18071   0.19050
   0.10464   0.09093   0.22042
   0.04478   0.01611   0.31021
  -0.04500  -0.04375   0.35510
  -0.08989  -0.07367   0.42992
  -0.14975  -0.10360   0.47481
  -0.22456  -0.19338   0.59452
  -0.28442  -0.22331   0.66934
  -0.40413  -0.28317   0.77408
  -0.49391  -0.28317   0.83394
  -0.55377  -0.25324   0.90876
  -0.64355  -0.25324   0.98358
  -0.76326  -0.23827   1.02847
  -0.85304  -0.17842   1.04343
  -0.92786  -0.14849   1.04343
  -1.03261  -0.07367   1.05840
  -1.07750  -0.04375   1.01350
  -1.13735  -0.01382   0.98358
  -1.16728   0.04604   0.92372
  -1.16728   0.07596   0.86387
  -1.16728   0.07596   0.81898
  -1.16728   0.13582   0.78905
  -1.12239   0.13582   0.75912
  -1.12239   0.13582   0.72919
  -1.09246   0.15078   0.66934
  -1.12239   0.13582   0.68430
  -1.07750   0.10589   0.65437
  -1.06253   0.09093   0.65437
  -1.03261   0.09093   0.62445
  -1.00268   0.04604   0.62445
  -0.91290   0.09093   0.62445
  -0.88297   0.07596   0.57955
  -0.82311   0.06100   0.56459
  -0.80815   0.06100   0.51970
  -0.77822   0.03107   0.48977
  -0.71837   0.01611   0.44488
  -0.71837   0.00115   0.39999
  -0.67348   0.00115   0.32517
  -0.64355  -0.01382   0.25035
  -0.59866  -0.01382   0.20546
  -0.55377  -0.02878   0.14561
  -0.50888  -0.02878   0.10071
  -0.44902  -0.02878   0.07079
  -0.38917   0.00115  -0.00403
  -0.34427   0.03107  -0.06389
  -0.26946   0.04604  -0.07885
  -0.17967   0.12086  -0.15367
  -0.11982   0.13582  -0.18360
  -0.03004   0.10589  -0.24345
   0.02982   0.13582  -0.31827
   0.11960   0.13582  -0.42302
   0.20939   0.12086  -0.51280
   0.26924   0.03107  -0.61755
   0.31413  -0.04375  -0.67740
   0.35902  -0.05871  -0.78215
   0.44881  -0.13353  -0.87193
   0.50866  -0.11856  -0.99164
   0.61341  -0.14849  -1.05149
   0.68823  -0.17842  -1.12631
   0.77801  -0.10360  -1.18617
   0.88275  -0.05871  -1.26099
   0.98750  -0.05871  -1.29092
   1.06232  -0.07367  -1.27595
   1.16707  -0.05871  -1.27595
   1.21196  -0.11856  -1.24602
   1.28678  -0.11856  -1.23106
   1.34663  -0.17842  -1.20113
   1.37656  -0.22331  -1.21610
   1.43641  -0.25324  -1.17121
   1.48130  -0.28317  -1.14128
   1.55612  -0.26820  -1.15624
   1.61598  -0.26820  -1.09639
   1.64591  -0.28317  -1.06646
   1.72072  -0.23827  -1.02157
   1.76562  -0.16346  -0.96171
   1.84043  -0.05871  -0.91682
   1.87036   0.06100  -0.90186
   1.90029   0.18071  -0.81207
   1.90029   0.22560  -0.75222
   1.88533   0.33035  -0.70733
   1.88533   0.33035  -0.61755
   1.82547   0.34531  -0.54273
   1.78058   0.37524  -0.51280
   1.73569   0.40517  -0.45294
   1.69080   0.42013  -0.37813
   1.61598   0.45006  -0.36316
   1.48130   0.49495  -0.30331
   1.37656   0.49495  -0.30331
   1.25685   0.50991  -0.22849
   1.09225   0.49495  -0.21352
   0.92765   0.46502  -0.10878
   0.76304   0.43509  -0.04892
   0.55355   0.34531  -0.00403
   0.37399   0.31538   0.05582
   0.17946   0.22560   0.11568
  -0.01507   0.19567   0.19050
  -0.16471   0.15078   0.20546
  -0.31435   0.15078   0.25035
  -0.44902   0.04604   0.31021
  -0.55377   0.00115   0.34013
  -0.61362  -0.02878   0.41495
  -0.65851  -0.10360   0.50474
  -0.71837  -0.17842   0.56459
  -0.74830  -0.25324   0.66934
  -0.85304  -0.28317   0.71423
  -0.89793  -0.34302   0.81898
  -0.92786  -0.32806   0.86387
  -0.95779  -0.32806   0.93869
  -1.01764  -0.35798   1.02847
  -1.07750  -0.31309   1.05840
  -1.10743  -0.31309   1.08832
  -1.21217  -0.25324   1.08832
  -1.24210  -0.19338   1.07336
  -1.31692  -0.14849   1.08832
  -1.39174  -0.10360   1.08832
  -1.46656  -0.02878   1.04343
  -1.57130   0.04604   1.07336
  -1.58627   0.13582   1.07336
  -1.63116   0.18071   1.13321
  -1.67605   0.25553   1.14818
  -1.64612   0.28546   1.17811
  -1.67605   0.34531   1.17811
  -1.63116   0.33035   1.20803
  -1.63116   0.31538   1.19307
  -1.60123   0.25553   1.22300
  -1.57130   0.24057   1.17811
  -1.49648   0.21064   1.13321
  -1.46656   0.13582   1.13321
  -1.43663   0.12086   1.10329
  -1.39174   0.04604   1.08832
  -1.37677   0.04604   1.07336
  -1.33188   0.00115   1.04343
  -1.31692  -0.01382   1.05840
  -1.27203  -0.04375   1.01350
  -1.22714  -0.05871   0.99854
  -1.18224  -0.10360   0.98358
  -1.12239  -0.16346   0.96861
  -1.01764  -0.19338   0.93869
  -0.94282  -0.22331   0.89379
  -0.88297  -0.23827   0.83394
  -0.76326  -0.25324   0.80401
  -0.65851  -0.31309   0.78905
  -0.56873  -0.31309   0.69926
  -0.49391  -0.31309   0.65437
  -0.38917  -0.29813   0.57955
  -0.34427  -0.26820   0.50474
  -0.26946  -0.25324   0.45984
  -0.22456  -0.17842   0.32517
  -0.17967  -0.14849   0.25035
  -0.16471  -0.13353   0.13064
  -0.16471  -0.10360  -0.01900
  -0.16471  -0.13353  -0.15367
  -0.14975  -0.11856  -0.33323
  -0.11982  -0.16346  -0.46791
  -0.11982  -0.20835  -0.63251
  -0.11982  -0.23827  -0.78215
  -0.08989  -0.23827  -0.91682
  -0.05996  -0.20835  -1.05149
  -1.1E-40  -0.14849  -1.20113
   0.07471  -0.05871  -1.33581
   0.13457  -0.04375  -1.44055
   0.20939   0.03107  -1.57523
   0.32910   0.06100  -1.67997
   0.40391   0.10589  -1.78472
   0.53859   0.19567  -1.88947
   0.64333   0.25553  -1.96428
   0.70319   0.28546  -2.02414
   0.76304   0.33035  -2.05407
   0.80794   0.33035  -2.08399
   0.86779   0.34531  -2.08399
   0.91268   0.33035  -2.06903
   0.92765   0.25553  -2.03910
   0.92765   0.19567  -2.00918
   0.97254   0.15078  -1.97925
   1.00246   0.09093  -1.97925
   1.06232   0.06100  -1.94932
   1.10721  -0.01382  -1.88947
   1.13714  -0.07367  -1.85954
   1.18203  -0.19338  -1.79968
   1.27181  -0.26820  -1.70990
   1.36159  -0.32806  -1.63508
   1.43641  -0.37295  -1.53034
   1.55612  -0.40288  -1.42559
   1.69080  -0.43280  -1.33581
   1.79554  -0.47769  -1.18617
   1.88533  -0.43280  -1.06646
   1.99007  -0.43280  -0.93178
   2.04993  -0.40288  -0.78215
   2.06489  -0.37295  -0.63251
   2.10978  -0.29813  -0.48287
   2.13971  -0.23827  -0.34820
   2.12475  -0.20835  -0.19856
   2.10978  -0.10360  -0.07885
   2.12475  -0.04375   0.02590
   2.04993   0.01611   0.16057
   2.00504   0.06100   0.22042
   1.88533   0.18071   0.26532
   1.79554   0.21064   0.34013
   1.69080   0.27049   0.37006
   1.57109   0.30042   0.39999
   1.46634   0.30042   0.44488
   1.31670   0.27049   0.47481
   1.19699   0.30042   0.48977
   1.07728   0.27049   0.47481
   1.00246   0.27049   0.51970
   0.86779   0.18071   0.54963
   0.76304   0.15078   0.59452
   0.64333   0.09093   0.63941
   0.55355   0.00115   0.68430
   0.43384  -0.07367   0.72919
   0.28420  -0.14849   0.77408
   0.11960  -0.19338   0.78905
  -0.03004  -0.17842   0.78905
  -0.23953  -0.23827   0.80401
  -0.41909  -0.25324   0.78905
  -0.65851  -0.28317   0.77408
  -0.85304  -0.28317   0.78905
  -1.04757  -0.29813   0.78905
  -1.27203  -0.29813   0.81898
  -1.49648  -0.31309   0.83394
  -1.72094  -0.26820   0.86387
  -1.85561  -0.20835   0.84890
  -2.05014  -0.19338   0.89379
  -2.24467  -0.22331   0.90876
  -2.40927  -0.22331   0.95365
  -2.55891  -0.22331   0.99854
  -2.63373  -0.22331   1.04343
  -2.70855  -0.19338   1.10329
  -2.78337  -0.16346   1.17811
  -2.79833  -0.17842   1.25292
  -2.79833  -0.13353   1.32774
  -2.78337  -0.11856   1.43249
  -2.78337  -0.07367   1.47738
  -2.70855  -0.02878   1.52227
  -2.57387   0.01611   1.56716
  -2.46913   0.07596   1.59709
  -2.33445   0.06100   1.65695
  -2.19978   0.12086   1.65695
  -2.09503   0.10589   1.64198
  -1.99029   0.09093   1.59709
  -1.91547   0.12086   1.50731
  -1.79576   0.10589   1.46242
  -1.72094   0.04604   1.38760
  -1.61619   0.03107   1.31278
  -1.49648  -0.01382   1.20803
  -1.33188  -0.01382   1.16314
  -1.25706  -0.05871   1.08832
  -1.07750  -0.08864   0.98358
  -0.95779  -0.19338   0.92372
  -0.77822  -0.17842   0.83394
  -0.61362  -0.22331   0.71423
  -0.41909  -0.29813   0.66934
  -0.25449  -0.29813   0.54963
  -0.03004  -0.32806   0.42992
   0.17946  -0.32806   0.39999
   0.41888  -0.31309   0.28028
   0.61341  -0.34302   0.19050
   0.77801  -0.32806   0.08575
   0.95757  -0.23827  -0.01900
   1.13714  -0.22331  -0.10878
   1.25685  -0.19338  -0.21352
   1.31670  -0.14849  -0.33323
   1.43641  -0.08864  -0.43798
   1.52620  -0.05871  -0.54273
   1.58605   0.00115  -0.64747
   1.64591   0.06100  -0.78215
   1.72072   0.12086  -0.88689
   1.75065   0.13582  -0.96171
   1.78058   0.21064  -1.09639
   1.84043   0.24057  -1.20113
   1.87036   0.24057  -1.24602
   1.87036   0.28546  -1.36573
   1.90029   0.31538  -1.42559
   1.91525   0.33035  -1.45552
   1.88533   0.34531  -1.53034
   1.91525   0.37524  -1.57523
   1.84043   0.36028  -1.59019
   1.84043   0.39020  -1.63508
   1.81051   0.33035  -1.62012
   1.76562   0.31538  -1.66501
   1.70576   0.30042  -1.66501
   1.67583   0.30042  -1.65005
   1.61598   0.28546  -1.63508
   1.55612   0.28546  -1.65005
   1.51123   0.25553  -1.63508
   1.48130   0.27049  -1.60515
   1.40649   0.27049  -1.63508
   1.33167   0.21064  -1.62012
   1.31670   0.22560  -1.65005
   1.27181   0.16575  -1.63508
   1.19699   0.16575  -1.67997
   1.13714   0.12086  -1.69494
   1.07728   0.10589  -1.70990
   1.04736   0.10589  -1.78472
   0.97254   0.07596  -1.79968
   0.91268   0.03107  -1.81465
   0.89772   0.03107  -1.79968
   0.83786  -0.04375  -1.76976
   0.82290  -0.04375  -1.73983
   0.73312  -0.14849  -1.63508
   0.64333  -0.13353  -1.54530
   0.53859  -0.17842  -1.39566
   0.40391  -0.13353  -1.27595
   0.20939  -0.14849  -1.12631
   0.05975  -0.11856  -0.91682
  -0.13478  -0.08864  -0.78215
  -0.31435  -0.07367  -0.58762
  -0.50888  -0.08864  -0.40805
  -0.70340  -0.05871  -0.24345
  -0.86801  -0.13353  -0.07885
  -1.03261  -0.08864   0.07079
  -1.19721  -0.11856   0.20546
  -1.34685  -0.11856   0.32517
  -1.46656  -0.16346   0.45984
  -1.60123  -0.20835   0.59452
  -1.72094  -0.17842   0.68430
  -1.81072  -0.19338   0.78905
  -1.85561  -0.14849   0.87883
  -1.94540  -0.14849   0.96861
  -1.97532  -0.08864   1.01350
  -2.00525  -0.08864   1.07336
  -1.99029  -0.05871   1.14818
  -1.97532  -0.04375   1.19307
  -1.94540  -0.04375   1.25292
  -1.85561  -0.05871   1.32774
  -1.82569  -0.10360   1.38760
  -1.78080  -0.11856   1.44745
  -1.70598  -0.14849   1.52227
  -1.66108  -0.19338   1.61205
  -1.64612  -0.14849   1.70184
  -1.60123  -0.14849   1.82155
  -1.58627  -0.07367   1.89637
  -1.52641  -0.02878   1.94126
  -1.49648   0.00115   2.04600
  -1.45159   0.07596   2.06097
  -1.42166   0.13582   2.09089
  -1.40670   0.16575   2.10586
  -1.40670   0.18071   2.13579
  -1.40670   0.22560   2.12082
  -1.37677   0.24057   2.15075
  -1.37677   0.24057   2.13579
  -1.31692   0.24057   2.13579
  -1.27203   0.30042   2.10586
  -1.24210   0.27049   2.06097
  -1.18224   0.27049   1.98615
  -1.09246   0.27049   1.91133
  -0.98772   0.22560   1.79162
  -0.89793   0.27049   1.68687
  -0.76326   0.24057   1.58213
  -0.65851   0.16575   1.47738
  -0.50888   0.16575   1.37263
  -0.34427   0.09093   1.26789
  -0.14975   0.13582   1.17811
   0.01486   0.10589   1.08832
   0.19442   0.07596   0.99854
   0.34406   0.09093   0.93869
   0.52362   0.15078   0.83394
   0.62837   0.18071   0.71423
   0.77801   0.27049   0.59452
   0.88275   0.36028   0.42992
   1.03239   0.39020   0.28028
   1.15210   0.42013   0.08575
   1.30174   0.49495  -0.10878
   1.45138   0.50991  -0.30331
   1.61598   0.52488  -0.51280
   1.79554   0.52488  -0.70733
   1.94518   0.47999  -0.88689
   2.06489   0.42013  -1.08142
   2.19957   0.37524  -1.26099
   2.28935   0.30042  -1.41063
   2.40906   0.24057  -1.54530
   2.49884   0.24057  -1.63508
   2.51380   0.21064  -1.72486
   2.48388   0.21064  -1.78472
   2.45395   0.21064  -1.82961
   2.40906   0.19567  -1.87450
   2.33424   0.18071  -1.87450
   2.24446   0.24057  -1.90443
   2.15467   0.18071  -1.82961
   2.04993   0.21064  -1.84457
   1.99007   0.24057  -1.85954
   1.90029   0.21064  -1.81465
   1.82547   0.25553  -1.84457
   1.76562   0.21064  -1.84457
   1.69080   0.18071  -1.84457
   1.66087   0.19567  -1.82961
   1.58605   0.18071  -1.79968
   1.57109   0.10589  -1.72486
   1.52620   0.10589  -1.67997
   1.55612   0.04604  -1.60515
   1.51123  -0.01382  -1.50041
   1.49627  -0.05871  -1.39566
   1.45138  -0.11856  -1.23106
   1.42145  -0.13353  -1.08142
   1.34663  -0.16346  -0.94675
   1.27181  -0.20835  -0.73726
   1.18203  -0.22331  -0.61755
   1.07728  -0.25324  -0.43798
   0.97254  -0.23827  -0.33323
   0.86779  -0.31309  -0.19856
   0.76304  -0.31309  -0.13871
   0.67326  -0.38791  -0.06389
   0.55355  -0.38791   0.01093
   0.43384  -0.44777   0.07079
   0.28420  -0.50762   0.08575
   0.14953  -0.55251   0.16057
  -1.1E-40  -0.59740   0.14561
  -0.16471  -0.62733   0.14561
  -0.32931  -0.73208   0.13064
  -0.49391  -0.73208   0.10071
  -0.62859  -0.79193   0.07079
  -0.80815  -0.79193   0.05582
  -0.97275  -0.83682   0.02590
  -1.13735  -0.83682  -0.01900
  -1.31692  -0.85179  -0.00403
  -1.46656  -0.88172   0.02590
  -1.63116  -0.85179   0.02590
  -1.78080  -0.83682   0.07079
  -1.91547  -0.80690   0.11568
  -2.06511  -0.73208   0.17553
  -2.25964  -0.68719   0.25035
  -2.36438  -0.52259   0.28028
  -2.49906  -0.43280   0.37006
  -2.60380  -0.32806   0.39999
  -2.69358  -0.25324   0.47481
  -2.78337  -0.16346   0.50474
  -2.85819  -0.08864   0.56459
  -2.91804   0.01611   0.59452
  -2.94797   0.09093   0.63941
  -3.00782   0.10589   0.71423
  -3.05271   0.13582   0.78905
  -3.06768   0.15078   0.84890
  -3.06768   0.13582   0.93869
  -3.03775   0.10589   1.01350
  -3.05271   0.04604   1.11825
  -3.02279   0.03107   1.17811
  -3.00782  -0.05871   1.25292
  -2.97790  -0.08864   1.34271
  -2.96293  -0.16346   1.40256
  -2.94797  -0.17842   1.46242
  -2.90308  -0.26820   1.50731
  -2.85819  -0.28317   1.53724
  -2.75344  -0.29813   1.53724
  -2.63373  -0.29813   1.52227
  -2.51402  -0.32806   1.50731
  -2.31949  -0.29813   1.47738
  -2.11000  -0.26820   1.46242
  -1.93043  -0.25324   1.46242
  -1.67605  -0.14849   1.43249
  -1.45159  -0.10360   1.40256
  -1.16728  -0.04375   1.37263
  -0.91290   0.03107   1.29782
  -0.65851   0.10589   1.22300
  -0.38917   0.16575   1.14818
  -0.13478   0.21064   1.08832
   0.08967   0.24057   1.01350
   0.31413   0.33035   0.95365
   0.50866   0.34531   0.89379
   0.67326   0.45006   0.78905
   0.89772   0.42013   0.72919
   1.01743   0.40517   0.57955
   1.15210   0.36028   0.47481
   1.28678   0.37524   0.34013
   1.42145   0.30042   0.25035
   1.52620   0.22560   0.11568
   1.63094   0.24057  -0.03396
   1.76562   0.21064  -0.16863
   1.90029   0.16575  -0.27338
   2.06489   0.07596  -0.39309
   2.22949   0.03107  -0.54273
   2.40906   0.01611  -0.64747
   2.54373  -0.05871  -0.72229
   2.70833  -0.13353  -0.75222
   2.81308  -0.19338  -0.79711
   2.93279  -0.25324  -0.84200
   3.00761  -0.26820  -0.85697
   3.08243  -0.29813  -0.88689
   3.11235  -0.31309  -0.91682
   3.11235  -0.34302  -0.93178
   3.08243  -0.31309  -0.91682
   3.03754  -0.25324  -0.94675
   2.99264  -0.17842  -0.99164
   2.96272  -0.10360  -1.00660
   2.88790  -0.02878  -1.05149
   2.81308   0.06100  -1.12631
   2.76819   0.15078  -1.17121
   2.70833   0.22560  -1.21610
   2.60359   0.30042  -1.26099
   2.55870   0.37524  -1.32084
   2.46891   0.42013  -1.33581
   2.39409   0.45006  -1.36573
   2.31928   0.52488  -1.38070
   2.25942   0.53984  -1.36573
   2.18460   0.53984  -1.33581
   2.13971   0.55481  -1.30588
   2.02000   0.55481  -1.29092
   1.91525   0.55481  -1.21610
   1.84043   0.55481  -1.12631
   1.73569   0.52488  -1.05149
   1.64591   0.49495  -0.94675
   1.52620   0.42013  -0.81207
   1.33167   0.30042  -0.67740
   1.15210   0.22560  -0.58762
   0.89772   0.15078  -0.49784
   0.70319   0.06100  -0.40805
   0.44881  -0.01382  -0.34820
   0.17946  -0.07367  -0.28834
  -0.05996  -0.10360  -0.25842
  -0.29938  -0.14849  -0.22849
  -0.53880  -0.19338  -0.21352
  -0.77822  -0.20835  -0.19856
  -1.03261  -0.20835  -0.22849
  -1.27203  -0.20835  -0.21352
  -1.48152  -0.23827  -0.22849
  -1.72094  -0.22331  -0.25842
  -1.96036  -0.23827  -0.21352
  -2.16985  -0.26820  -0.19856
  -2.36438  -0.22331  -0.21352
  -2.49906  -0.20835  -0.19856
  -2.60380  -0.17842  -0.22849
  -2.67862  -0.16346  -0.22849
  -2.70855  -0.07367  -0.21352
  -2.76840  -0.02878  -0.22849
  -2.76840   0.01611  -0.24345
  -2.81329   0.06100  -0.22849
  -2.78337   0.09093  -0.19856
  -2.75344   0.09093  -0.18360
  -2.72351   0.12086  -0.10878
  -2.70855   0.13582  -0.04892
  -2.67862   0.12086   0.01093
  -2.64869   0.07596   0.11568
  -2.55891   0.13582   0.19050
  -2.52898   0.13582   0.32517
  -2.52898   0.18071   0.41495
  -2.51402   0.18071   0.53466
  -2.45416   0.19567   0.62445
  -2.46913   0.18071   0.72919
  -2.40927   0.21064   0.83394
  -2.40927   0.16575   0.92372
  -2.34942   0.19567   0.98358
  -2.33445   0.18071   1.07336
  -2.28956   0.21064   1.14818
  -2.27460   0.21064   1.20803
  -2.21474   0.27049   1.20803
  -2.15489   0.28546   1.23796
  -2.09503   0.34531   1.23796
  -1.99029   0.34531   1.23796
  -1.90051   0.42013   1.22300
  -1.73590   0.43509   1.22300
  -1.61619   0.45006   1.16314
  -1.40670   0.43509   1.16314
  -1.27203   0.39020   1.17811
  -1.09246   0.31538   1.17811
  -0.89793   0.28546   1.14818
  -0.68844   0.19567   1.14818
  -0.46398   0.10589   1.14818
  -0.22456   0.03107   1.13321
  -1.1E-40  -0.05871   1.14818
   0.25428  -0.14849   1.13321
   0.50866  -0.22331   1.10329
   0.73312  -0.28317   1.10329
   0.97254  -0.31309   1.04343
   1.21196  -0.32806   1.02847
   1.40649  -0.37295   0.95365
   1.60101  -0.37295   0.87883
   1.85540  -0.34302   0.84890
   2.03496  -0.35798   0.83394
   2.19957  -0.32806   0.77408
   2.37913  -0.25324   0.77408
   2.55870  -0.25324   0.77408
   2.70833  -0.22331   0.81898
   2.84301  -0.08864   0.84890
   2.94775  -0.02878   0.86387
   3.03754   0.01611   0.90876
   3.11235   0.07596   0.92372
   3.17221   0.15078   0.93869
   3.20214   0.16575   0.95365
   3.20214   0.21064   0.89379
   3.21710   0.24057   0.87883
   3.21710   0.22560   0.86387
   3.20214   0.24057   0.80401
   3.18717   0.27049   0.74416
   3.14228   0.28546   0.75912
   3.08243   0.25553   0.72919
   3.05250   0.27049   0.63941
   2.94775   0.27049   0.59452
   2.87293   0.27049   0.56459
   2.79812   0.28546   0.48977
   2.72330   0.27049   0.45984
   2.61855   0.24057   0.37006
   2.52877   0.19567   0.26532
   2.43899   0.15078   0.19050
   2.36417   0.13582   0.04086
   2.27438   0.04604  -0.09381
   2.16964   0.03107  -0.24345
   2.07986   0.00115  -0.36316
   1.96015   0.01611  -0.58762
   1.85540   0.03107  -0.75222
   1.69080   0.04604  -0.91682
   1.54116   0.03107  -1.03653
   1.33167   0.04604  -1.21610
   1.12217   0.09093  -1.35077
   0.91268   0.04604  -1.45552
   0.68823   0.09093  -1.59019
   0.41888   0.10589  -1.72486
   0.16449   0.12086  -1.84457
  -0.07493   0.15078  -1.94932
  -0.26946   0.13582  -2.03910
  -0.49391   0.16575  -2.14385
  -0.74830   0.15078  -2.18874
  -0.89793   0.15078  -2.26356
  -1.10743   0.10589  -2.29349
  -1.31692   0.09093  -2.32341
  -1.52641   0.12086  -2.38327
  -1.69101   0.01611  -2.39823
  -1.90051  -0.04375  -2.44312
  -2.09503  -0.11856  -2.48802
  -2.22971  -0.14849  -2.48802
  -2.36438  -0.23827  -2.50298
  -2.51402  -0.31309  -2.50298
  -2.60380  -0.28317  -2.53291
  -2.69358  -0.28317  -2.48802
  -2.75344  -0.31309  -2.45809
  -2.87315  -0.31309  -2.39823
  -2.96293  -0.23827  -2.33838
  -3.05271  -0.22331  -2.27852
  -3.14250  -0.19338  -2.14385
  -3.18739  -0.16346  -2.03910
  -3.23228  -0.16346  -1.91939
  -3.29213  -0.11856  -1.81465
  -3.27717  -0.02878  -1.70990
  -3.27717  -0.02878  -1.56026
  -3.24724   0.00115  -1.47048
  -3.20235   0.07596  -1.39566
  -3.08264   0.15078  -1.26099
  -2.99286   0.18071  -1.11135
  -2.85819   0.21064  -1.00660
  -2.73848   0.24057  -0.90186
  -2.60380   0.21064  -0.75222
  -2.43920   0.21064  -0.61755
  -2.28956   0.12086  -0.43798
  -2.13993   0.03107  -0.24345
  -2.00525   0.00115  -0.06389
  -1.85561  -0.08864   0.13064
  -1.72094  -0.14849   0.32517
  -1.58627  -0.20835   0.51970
  -1.43663  -0.26820   0.77408
  -1.27203  -0.34302   1.01350
  -1.15232  -0.41784   1.25292
  -1.03261  -0.43280   1.49234
  -0.91290  -0.49266   1.71680
  -0.77822  -0.55251   1.92629
  -0.65851  -0.53755   2.07593
  -0.50888  -0.55251   2.28542
  -0.35924  -0.55251   2.39017
  -0.23953  -0.50762   2.46499
  -0.10485  -0.50762   2.49492
   0.02982  -0.46273   2.50988
   0.20939  -0.37295   2.47995
   0.38895  -0.31309   2.49492
   0.52362  -0.26820   2.46499
   0.67326  -0.20835   2.43506
   0.83786  -0.10360   2.40513
   1.01743  -0.07367   2.39017
   1.15210  -0.02878   2.39017
   1.33167   0.06100   2.36024
   1.46634   0.04604   2.39017
   1.61598   0.07596   2.34528
   1.76562   0.07596   2.34528
   1.88533   0.10589   2.31535
   2.02000   0.09093   2.33031
   2.12475   0.07596   2.28542
   2.21453   0.09093   2.25550
   2.33424   0.16575   2.19564
   2.40906   0.16575   2.13579
   2.54373   0.13582   2.10586
   2.63351   0.19567   2.03104
   2.75322   0.15078   1.95622
   2.87293   0.15078   1.92629
   2.93279   0.06100   1.89637
   2.99264   0.01611   1.86644
   3.02257  -0.01382   1.80658
   3.05250  -0.02878   1.76169
   3.05250  -0.02878   1.65695
   3.08243  -0.07367   1.61205
   3.05250  -0.05871   1.50731
   3.02257  -0.01382   1.38760
   2.96272  -0.04375   1.28285
   2.90286  -0.02878   1.14818
   2.82804   0.03107   0.98358
   2.73826   0.07596   0.78905
   2.69337   0.12086   0.62445
   2.55870   0.13582   0.44488
   2.46891   0.12086   0.22042
   2.31928   0.07596   0.01093
   2.19957   0.03107  -0.22849
   2.02000  -0.01382  -0.45294
   1.88533  -0.05871  -0.64747
   1.72072  -0.07367  -0.85697
   1.57109  -0.13353  -1.00660
   1.40649  -0.17842  -1.14128
   1.21196  -0.20835  -1.30588
   1.04736  -0.23827  -1.44055
   0.83786  -0.26820  -1.56026
   0.61341  -0.28317  -1.70990
   0.40391  -0.34302  -1.85954
   0.16449  -0.37295  -1.99421
  -0.07493  -0.43280  -2.14385
  -0.29938  -0.44777  -2.24860
  -0.50888  -0.46273  -2.36831
  -0.73333  -0.46273  -2.50298
  -0.94282  -0.43280  -2.60773
  -1.13735  -0.40288  -2.69751
  -1.31692  -0.31309  -2.77233
  -1.48152  -0.25324  -2.87707
  -1.61619  -0.20835  -2.95189
  -1.72094  -0.10360  -2.99678
  -1.87058  -0.05871  -3.04168
  -1.97532   0.04604  -3.07160
  -2.06511   0.07596  -3.08657
  -2.19978   0.09093  -3.04168
  -2.31949   0.06100  -3.01175
  -2.42424   0.07596  -2.96686
  -2.52898   0.06100  -2.89204
  -2.61877   0.09093  -2.83218
  -2.73848   0.04604  -2.72744
  -2.79833   0.03107  -2.65262
  -2.87315  -0.01382  -2.53291
  -2.91804   0.01611  -2.47305
  -2.96293  -0.02878  -2.35334
  -2.99286  -0.05871  -2.24860
  -2.99286  -0.04375  -2.17378
  -2.99286  -0.01382  -2.05407
  -2.96293   0.01611  -1.97925
  -2.91804   0.06100  -1.85954
  -2.82826   0.13582  -1.70990
  -2.73848   0.19567  -1.56026
  -2.60380   0.22560  -1.35077
  -2.51402   0.28546  -1.15624
  -2.31949   0.37524  -0.96171
  -2.15489   0.43509  -0.72229
  -2.00525   0.49495  -0.55769
  -1.84065   0.53984  -0.33323
  -1.69101   0.52488  -0.09381
  -1.58627   0.52488   0.08575
  -1.49648   0.55481   0.23539
  -1.39174   0.55481   0.41495
  -1.33188   0.52488   0.57955
  -1.24210   0.49495   0.74416
  -1.12239   0.47999   0.84890
  -0.98772   0.43509   0.98358
  -0.83808   0.37524   1.13321
  -0.62859   0.30042   1.20803
  -0.41909   0.24057   1.26789
  -0.17967   0.13582   1.32774
   0.08967   0.00115   1.38760
   0.35902  -0.01382   1.44745
   0.65830  -0.08864   1.53724
   0.91268  -0.16346   1.65695
   1.15210  -0.19338   1.71680
   1.39152  -0.26820   1.79162
   1.58605  -0.28317   1.88140
   1.78058  -0.35798   2.00111
   1.93022  -0.41784   2.09089
   2.04993  -0.43280   2.16571
   2.12475  -0.47769   2.24053
   2.19957  -0.46273   2.30039
   2.28935  -0.47769   2.36024
   2.33424  -0.47769   2.39017
   2.36417  -0.49266   2.43506
   2.42402  -0.44777   2.43506
   2.45395  -0.41784   2.49492
   2.43899  -0.38791   2.50988
   2.46891  -0.32806   2.52484
   2.46891  -0.28317   2.55477
   2.43899  -0.20835   2.58470
   2.46891  -0.17842   2.59966
   2.45395  -0.08864   2.62959
   2.45395  -0.08864   2.61463
   2.48388  -0.07367   2.59966
   2.48388  -0.04375   2.56974
   2.51380  -0.02878   2.52484
   2.51380  -0.05871   2.49492
   2.48388  -0.08864   2.40513
   2.40906  -0.07367   2.31535
   2.37913  -0.11856   2.25550
   2.28935  -0.16346   2.19564
   2.15467  -0.17842   2.06097
   2.06489  -0.22331   1.97118
   1.93022  -0.31309   1.89637
   1.72072  -0.35798   1.77666
   1.60101  -0.38791   1.64198
   1.45138  -0.43280   1.56716
   1.25685  -0.46273   1.41753
   1.09225  -0.43280   1.26789
   0.97254  -0.44777   1.14818
   0.79297  -0.41784   1.02847
   0.61341  -0.46273   0.90876
   0.38895  -0.38791   0.74416
   0.22435  -0.32806   0.62445
   0.04478  -0.31309   0.50474
  -0.14975  -0.32806   0.39999
  -0.34427  -0.29813   0.25035
  -0.52384  -0.23827   0.13064
  -0.65851  -0.16346  -0.06389
  -0.82311  -0.13353  -0.24345
  -0.95779  -0.04375  -0.45294
  -1.04757   0.01611  -0.67740
  -1.15232   0.07596  -0.90186
  -1.30195   0.12086  -1.15624
  -1.43663   0.19567  -1.42559
  -1.51145   0.21064  -1.65005
  -1.64612   0.25553  -1.85954
  -1.75087   0.34531  -2.11392
  -1.84065   0.39020  -2.30845
  -1.93043   0.40517  -2.47305
  -2.02022   0.45006  -2.65262
  -2.06511   0.45006  -2.78729
  -2.12496   0.43509  -2.87707
  -2.13993   0.46502  -2.99678
  -2.13993   0.42013  -3.07160
  -2.11000   0.36028  -3.08657
  -2.09503   0.31538  -3.14642
  -2.06511   0.28546  -3.16139
  -2.06511   0.27049  -3.19131
  -2.00525   0.22560  -3.20628
  -1.99029   0.15078  -3.23620
  -1.94540   0.15078  -3.23620
  -1.85561   0.18071  -3.22124
  -1.85561   0.13582  -3.19131
  -1.78080   0.18071  -3.19131
  -1.69101   0.22560  -3.16139
  -1.63116   0.27049  -3.13146
  -1.54137   0.27049  -3.07160
  -1.51145   0.33035  -3.01175
  -1.45159   0.37524  -2.95189
  -1.40670   0.36028  -2.84715
  -1.39174   0.43509  -2.75736
  -1.36181   0.43509  -2.62269
  -1.33188   0.46502  -2.51794
  -1.30195   0.43509  -2.36831
  -1.27203   0.47999  -2.24860
  -1.21217   0.47999  -2.09896
  -1.13735   0.47999  -1.94932
  -1.07750   0.43509  -1.79968
  -1.00268   0.40517  -1.65005
  -0.88297   0.36028  -1.50041
  -0.79319   0.30042  -1.36573
  -0.65851   0.30042  -1.24602
  -0.49391   0.22560  -1.12631
  -0.32931   0.13582  -0.96171
  -0.17967   0.12086  -0.85697
  -0.01507   0.13582  -0.72229
   0.14953   0.07596  -0.55769
   0.31413   0.03107  -0.37813
   0.46377   0.01611  -0.19856
   0.64333   0.00115  -0.00403
   0.80794  -0.01382   0.20546
   0.97254  -0.05871   0.39999
   1.12217  -0.04375   0.57955
   1.27181  -0.08864   0.81898
   1.40649  -0.02878   1.01350
   1.57109  -0.08864   1.26789
   1.67583  -0.07367   1.49234
   1.78058  -0.08864   1.73176
   1.88533  -0.16346   1.98615
   1.94518  -0.14849   2.22557
   2.00504  -0.22331   2.47995
   2.04993  -0.25324   2.73434
   2.02000  -0.26820   2.91390
   2.07986  -0.29813   3.15332
   2.02000  -0.37295   3.36281
   1.96015  -0.38791   3.54238
   1.90029  -0.41784   3.66209
   1.84043  -0.43280   3.79676
   1.75065  -0.50762   3.94640
   1.63094  -0.56748   4.03618
   1.55612  -0.62733   4.14093
   1.40649  -0.61237   4.15589
   1.28678  -0.65726   4.18582
   1.13714  -0.64230   4.20078
   0.95757  -0.59740   4.17086
   0.83786  -0.53755   4.14093
   0.67326  -0.44777   4.08107
   0.58348  -0.40288   4.05115
   0.46377  -0.34302   4.00626
   0.35902  -0.23827   3.91647
   0.28420  -0.13353   3.85662
   0.22435  -0.08864   3.78180
   0.11960  -0.08864   3.66209
   0.01486  -0.05871   3.54238
  -0.04500  -0.02878   3.37778
  -0.14975  -0.07367   3.22814
  -0.20960  -0.04375   3.03361
  -0.31435  -0.04375   2.80916
  -0.38917  -0.02878   2.58470
  -0.46398   0.00115   2.33031
  -0.52384   0.04604   2.07593
  -0.55377   0.07596   1.83651
  -0.56873   0.09093   1.59709
  -0.59866   0.06100   1.35767
  -0.59866   0.06100   1.07336
  -0.62859   0.03107   0.87883
  -0.61362   0.04604   0.60948
  -0.59866   0.04604   0.37006
  -0.56873   0.06100   0.14561
  -0.52384   0.03107  -0.09381
  -0.50888   0.01611  -0.30331
  -0.47895   0.04604  -0.55769
  -0.41909   0.07596  -0.76718
  -0.38917   0.13582  -0.99164
  -0.34427   0.19567  -1.21610
  -0.34427   0.22560  -1.47048
  -0.28442   0.28546  -1.67997
  -0.26946   0.33035  -1.91939
  -0.23953   0.31538  -2.15881
  -0.22456   0.34531  -2.35334
  -0.25449   0.33035  -2.62269
  -0.29938   0.34531  -2.83218
  -0.32931   0.34531  -3.04168
  -0.41909   0.34531  -3.23620
  -0.47895   0.36028  -3.38584
  -0.55377   0.37524  -3.50555
  -0.58369   0.37524  -3.61030
  -0.62859   0.37524  -3.68512
  -0.67348   0.33035  -3.73001
  -0.68844   0.30042  -3.77490
  -0.68844   0.28546  -3.80483
  -0.71837   0.21064  -3.81979
  -0.71837   0.16575  -3.78986
  -0.71837   0.06100  -3.73001
  -0.73333   0.00115  -3.68512
  -0.73333  -0.07367  -3.61030
  -0.73333  -0.11856  -3.56541
  -0.73333  -0.16346  -3.46066
  -0.76326  -0.23827  -3.37088
  -0.76326  -0.32806  -3.25117
  -0.80815  -0.34302  -3.11649
  -0.82311  -0.35798  -2.96686
  -0.86801  -0.35798  -2.80225
  -0.92786  -0.32806  -2.62269
  -1.00268  -0.32806  -2.41320
  -1.07750  -0.31309  -2.24860
  -1.13735  -0.20835  -2.03910
  -1.16728  -0.19338  -1.81465
  -1.21217  -0.17842  -1.59019
  -1.22714  -0.13353  -1.38070
  -1.24210  -0.11856  -1.12631
  -1.24210  -0.05871  -0.88689
  -1.19721  -0.01382  -0.67740
  -1.10743   0.06100  -0.48287
  -1.04757   0.06100  -0.27338
  -0.95779   0.10589  -0.07885
  -0.85304   0.16575   0.05582
  -0.74830   0.19567   0.23539
  -0.61362   0.25553   0.35510
  -0.50888   0.27049   0.47481
  -0.41909   0.37524   0.59452
  -0.34427   0.43509   0.71423
  -0.25449   0.43509   0.83394
  -0.17967   0.40517   0.98358
  -0.11982   0.39020   1.11825
  -0.05996   0.34531   1.25292
  -1.1E-40   0.28546   1.38760
   0.04478   0.21064   1.47738
   0.11960   0.21064   1.59709
   0.19442   0.16575   1.67191
   0.28420   0.09093   1.77666
   0.37399   0.06100   1.91133
   0.41888   0.04604   1.98615
   0.49370   0.00115   2.10586
   0.50866  -0.05871   2.22557
   0.55355  -0.08864   2.31535
   0.58348  -0.10360   2.37521
   0.64333  -0.16346   2.43506
   0.68823  -0.14849   2.46499
   0.74808  -0.17842   2.45002
   0.80794  -0.19338   2.43506
   0.88275  -0.19338   2.40513
   0.94261  -0.23827   2.36024
   1.00246  -0.19338   2.30039
   1.09225  -0.26820   2.25550
   1.13714  -0.23827   2.16571
   1.21196  -0.20835   2.06097
   1.28678  -0.23827   2.03104
   1.33167  -0.23827   1.92629
   1.39152  -0.19338   1.80658
   1.43641  -0.22331   1.77666
   1.45138  -0.19338   1.67191
   1.52620  -0.20835   1.58213
   1.51123  -0.17842   1.46242
   1.57109  -0.13353   1.31278
   1.60101  -0.11856   1.14818
   1.64591  -0.02878   1.01350
   1.67583  -0.01382   0.87883
   1.70576   0.06100   0.71423
   1.67583   0.06100   0.54963
   1.70576   0.12086   0.42992
   1.66087   0.13582   0.31021
   1.67583   0.19567   0.14561
   1.64591   0.16575   0.04086
   1.60101   0.18071  -0.10878
   1.57109   0.18071  -0.24345
   1.49627   0.13582  -0.36316
   1.40649   0.10589  -0.55769
   1.31670   0.07596  -0.72229
   1.24188   0.06100  -0.87193
   1.13714   0.00115  -1.00660
   1.03239  -0.01382  -1.18617
   0.92765  -0.07367  -1.33581
   0.83786  -0.10360  -1.42559
   0.76304  -0.10360  -1.54530
   0.70319  -0.14849  -1.65005
   0.62837  -0.23827  -1.72486
   0.56852  -0.26820  -1.79968
   0.56852  -0.22331  -1.85954
   0.49370  -0.19338  -1.90443
   0.47873  -0.11856  -1.93436
   0.46377  -0.04375  -1.96428
   0.43384   0.00115  -1.94932
   0.37399   0.03107  -1.88947
   0.31413   0.06100  -1.88947
   0.22435   0.12086  -1.87450
   0.13457   0.16575  -1.85954
   0.04478   0.16575  -1.79968
  -0.08989   0.16575  -1.73983
  -0.22456   0.10589  -1.66501
  -0.37420   0.12086  -1.60515
  -0.53880   0.13582  -1.51537
  -0.68844   0.09093  -1.41063
  -0.85304   0.12086  -1.35077
  -0.97275   0.13582  -1.23106
  -1.12239   0.10589  -1.09639
  -1.24210   0.15078  -0.97668
  -1.34685   0.19567  -0.90186
  -1.42166   0.19567  -0.75222
  -1.58627   0.24057  -0.67740
  -1.64612   0.22560  -0.55769
  -1.73590   0.19567  -0.43798
  -1.79576   0.12086  -0.33323
  -1.85561   0.09093  -0.24345
  -1.88554   0.01611  -0.13871
  -1.90051  -0.02878  -0.07885
  -1.88554  -0.08864   0.02590
  -1.84065  -0.13353   0.07079
  -1.84065  -0.19338   0.13064
  -1.78080  -0.22331   0.16057
  -1.70598  -0.19338   0.19050
  -1.61619  -0.23827   0.22042
  -1.51145  -0.26820   0.26532
  -1.40670  -0.29813   0.29524
  -1.30195  -0.28317   0.37006
  -1.16728  -0.22331   0.41495
  -1.03261  -0.14849   0.45984
  -0.89793  -0.08864   0.53466
  -0.77822  -0.05871   0.66934
  -0.64355   0.04604   0.77408
  -0.52384   0.12086   0.83394
  -0.40413   0.21064   0.90876
  -0.26946   0.33035   0.98358
  -0.17967   0.39020   1.05840
  -0.04500   0.45006   1.07336
   0.05975   0.49495   1.10329
   0.13457   0.55481   1.13321
   0.22435   0.55481   1.10329
   0.29917   0.56977   1.05840
   0.38895   0.56977   1.01350
   0.47873   0.56977   0.93869
   0.52362   0.53984   0.86387
   0.67326   0.47999   0.83394
   0.80794   0.45006   0.74416
   0.94261   0.42013   0.66934
   1.07728   0.39020   0.65437
   1.24188   0.31538   0.60948
   1.34663   0.24057   0.56459
   1.48130   0.16575   0.53466
   1.63094   0.10589   0.53466
   1.73569  -0.01382   0.53466
   1.82547  -0.10360   0.56459
   1.88533  -0.17842   0.57955
   1.90029  -0.26820   0.56459
   1.90029  -0.31309   0.60948
   1.85540  -0.31309   0.60948
   1.81051  -0.31309   0.59452
   1.67583  -0.25324   0.59452
   1.54116  -0.26820   0.60948
   1.45138  -0.19338   0.57955
   1.31670  -0.16346   0.54963
   1.22692  -0.17842   0.54963
   1.13714  -0.10360   0.53466
   1.03239  -0.10360   0.54963
   0.97254  -0.04375   0.53466
   0.89772   0.00115   0.54963
   0.86779   0.00115   0.59452
   0.85283   0.03107   0.62445
   0.85283  -0.01382   0.69926
   0.79297  -0.01382   0.69926
   0.73312   0.03107   0.68430
   0.64333   0.03107   0.65437
   0.55355   0.04604   0.62445
   0.43384   0.04604   0.56459
   0.28420   0.06100   0.47481
   0.11960   0.04604   0.37006
  -0.03004   0.06100   0.25035
  -0.19464   0.10589   0.11568
  -0.32931   0.09093  -0.01900
  -0.49391   0.07596  -0.15367
  -0.58369   0.07596  -0.28834
  -0.68844   0.01611  -0.39309
  -0.74830   0.01611  -0.55769
  -0.77822  -0.02878  -0.64747
  -0.88297  -0.08864  -0.78215
  -0.91290  -0.05871  -0.90186
  -0.92786  -0.08864  -0.93178
  -0.95779  -0.07367  -0.94675
  -0.98772  -0.05871  -0.96171
  -1.03261   0.00115  -1.00660
  -1.09246   0.00115  -1.00660
  -1.19721   0.00115  -0.99164
  -1.27203   0.03107  -0.99164
  -1.39174   0.01611  -0.99164
  -1.52641   0.04604  -0.99164
  -1.66108   0.03107  -0.99164
  -1.79576   0.00115  -0.97668
  -1.93043  -0.02878  -0.96171
  -2.06511  -0.07367  -1.00660
  -2.15489  -0.08864  -1.02157
  -2.21474  -0.11856  -1.06646
  -2.24467  -0.13353  -1.06646
  -2.25964  -0.16346  -1.08142
  -2.21474  -0.14849  -1.09639
  -2.12496  -0.10360  -1.09639
  -2.02022  -0.10360  -1.03653
  -1.88554  -0.11856  -0.97668
  -1.76583  -0.08864  -0.88689
  -1.63116  -0.04375  -0.81207
  -1.49648  -0.02878  -0.70733
  -1.40670   0.00115  -0.54273
  -1.31692   0.00115  -0.40805
  -1.24210  -0.01382  -0.24345
  -1.21217  -0.01382  -0.10878
  -1.15232   0.04604  -0.00403
  -1.13735   0.07596   0.10071
  -1.10743   0.13582   0.14561
  -1.04757   0.16575   0.22042
  -1.01764   0.24057   0.28028
  -0.95779   0.27049   0.37006
  -0.88297   0.37524   0.37006
  -0.73333   0.40517   0.41495
  -0.61362   0.40517   0.44488
  -0.46398   0.42013   0.48977
  -0.25449   0.47999   0.51970
  -0.05996   0.43509   0.59452
   0.17946   0.39020   0.71423
   0.43384   0.34531   0.81898
   0.67326   0.30042   0.92372
   0.89772   0.18071   1.07336
   1.15210   0.04604   1.25292
   1.40649  -0.01382   1.40256
   1.63094  -0.13353   1.58213
   1.81051  -0.19338   1.68687
   2.02000  -0.25324   1.79162
   2.19957  -0.35798   1.86644
   2.34920  -0.38791   1.91133
   2.45395  -0.43280   1.91133
   2.52877  -0.49266   1.88140
   2.58862  -0.49266   1.80658
   2.64848  -0.50762   1.70184
   2.70833  -0.50762   1.58213
   2.75322  -0.50762   1.49234
   2.76819  -0.50762   1.37263
   2.79812  -0.46273   1.25292
   2.76819  -0.47769   1.13321
   2.73826  -0.40288   1.04343
   2.73826  -0.40288   0.93869
   2.64848  -0.40288   0.87883
   2.54373  -0.38791   0.81898
   2.42402  -0.41784   0.75912
   2.28935  -0.44777   0.68430
   2.15467  -0.47769   0.57955
   2.00504  -0.49266   0.45984
   1.85540  -0.55251   0.35510
   1.72072  -0.53755   0.19050
   1.55612  -0.53755  -0.00403
   1.45138  -0.52259  -0.18360
   1.33167  -0.52259  -0.31827
   1.27181  -0.50762  -0.52776
   1.18203  -0.50762  -0.70733
   1.10721  -0.47769  -0.88689
   1.01743  -0.46273  -1.05149
   0.88275  -0.41784  -1.21610
   0.79297  -0.37295  -1.38070
   0.67326  -0.29813  -1.50041
   0.56852  -0.23827  -1.59019
   0.41888  -0.17842  -1.69494
   0.25428  -0.13353  -1.70990
   0.16449  -0.02878  -1.75479
  -0.05996   0.01611  -1.75479
  -0.26946   0.09093  -1.76976
  -0.43406   0.12086  -1.78472
  -0.61362   0.19567  -1.78472
  -0.76326   0.21064  -1.82961
  -1.00268   0.24057  -1.85954
  -1.19721   0.28546  -1.91939
  -1.37677   0.27049  -1.93436
  -1.55634   0.27049  -1.99421
  -1.72094   0.31538  -2.08399
  -1.90051   0.27049  -2.14385
  -2.00525   0.27049  -2.15881
  -2.15489   0.24057  -2.21867
  -2.22971   0.21064  -2.24860
  -2.36438   0.15078  -2.26356
  -2.39431   0.10589  -2.26356
  -2.46913   0.09093  -2.26356
  -2.49906   0.07596  -2.20370
  -2.52898   0.03107  -2.14385
  -2.57387  -0.07367  -2.02414
  -2.57387  -0.10360  -1.84457
  -2.55891  -0.11856  -1.70990
  -2.52898  -0.07367  -1.53034
  -2.55891  -0.08864  -1.36573
  -2.51402  -0.08864  -1.15624
  -2.48409  -0.07367  -0.91682
  -2.43920  -0.04375  -0.69236
  -2.37935  -0.04375  -0.48287
  -2.33445  -0.05871  -0.25842
  -2.28956  -0.01382  -0.07885
  -2.19978  -0.04375   0.11568
  -2.11000  -0.02878   0.26532
  -1.99029  -0.02878   0.39999
  -1.82569  -0.01382   0.51970
  -1.72094   0.03107   0.62445
  -1.57130   0.01611   0.77408
  -1.39174   0.04604   0.89379
  -1.21217   0.06100   1.05840
  -1.00268   0.15078   1.19307
  -0.83808   0.16575   1.31278
  -0.65851   0.22560   1.44745
  -0.46398   0.28546   1.55220
  -0.29938   0.25553   1.73176
  -0.07493   0.30042   1.88140
   0.07471   0.33035   2.03104
   0.23931   0.37524   2.19564
   0.41888   0.43509   2.31535
   0.52362   0.42013   2.45002
   0.67326   0.45006   2.61463
   0.80794   0.50991   2.71937
   0.97254   0.52488   2.83908
   1.10721   0.58473   2.98872
   1.21196   0.62962   3.07850
   1.30174   0.61466   3.18325
   1.40649   0.59970   3.25807
   1.45138   0.55481   3.31792
   1.48130   0.52488   3.31792
   1.52620   0.49495   3.33289
   1.54116   0.40517   3.30296
   1.55612   0.36028   3.28800
   1.52620   0.33035   3.22814
   1.55612   0.33035   3.13836
   1.52620   0.25553   3.07850
   1.55612   0.18071   2.97376
   1.55612   0.12086   2.92887
   1.57109   0.04604   2.79419
   1.57109  -0.02878   2.67448
   1.58605  -0.07367   2.52484
   1.60101  -0.13353   2.37521
   1.63094  -0.22331   2.21060
   1.67583  -0.25324   2.03104
   1.69080  -0.32806   1.82155
   1.69080  -0.38791   1.56716
   1.69080  -0.38791   1.34271
   1.70576  -0.41784   1.11825
   1.70576  -0.41784   0.84890
   1.64591  -0.37295   0.57955
   1.67583  -0.32806   0.32517
   1.63094  -0.26820   0.07079
   1.58605  -0.20835  -0.16863
   1.51123  -0.25324  -0.34820
   1.48130  -0.19338  -0.55769
   1.40649  -0.13353  -0.78215
   1.31670  -0.10360  -0.94675
   1.21196  -0.11856  -1.11135
   1.13714  -0.05871  -1.27595
   1.03239  -0.07367  -1.41063
   0.95757  -0.04375  -1.57523
   0.86779  -0.04375  -1.76976
   0.77801  -0.01382  -1.91939
   0.67326  -0.01382  -2.12889
   0.56852  -0.02878  -2.32341
   0.44881  -0.01382  -2.51794
   0.29917   0.04604  -2.77233
   0.13457   0.07596  -2.98182
  -0.03004   0.07596  -3.19131
  -0.26946   0.06100  -3.38584
  -0.50888   0.03107  -3.55044
  -0.71837  -0.02878  -3.68512
  -0.95779  -0.07367  -3.83475
  -1.21217  -0.07367  -3.92454
  -1.42166  -0.07367  -4.01432
  -1.60123  -0.10360  -4.04425
  -1.73590  -0.07367  -4.02928
  -1.85561  -0.05871  -3.96943
  -1.94540  -0.05871  -3.93950
  -2.03518  -0.05871  -3.89461
  -2.05014  -0.05871  -3.80483
  -2.03518  -0.05871  -3.70008
  -2.02022  -0.05871  -3.62526
  -1.97532  -0.04375  -3.49059
  -1.96036  -0.01382  -3.40081
  -1.88554  -0.02878  -3.26613
  -1.82569  -0.01382  -3.11649
  -1.78080   0.01611  -2.95189
  -1.78080   0.01611  -2.75736
  -1.79576   0.07596  -2.57780
  -1.82569   0.10589  -2.35334
  -1.84065   0.13582  -2.11392
  -1.87058   0.22560  -1.85954
  -1.93043   0.24057  -1.57523
  -1.96036   0.27049  -1.29092
  -1.97532   0.28546  -1.00660
  -1.97532   0.28546  -0.72229
  -1.93043   0.33035  -0.42302
  -1.82569   0.30042  -0.09381
  -1.75087   0.24057   0.20546
  -1.60123   0.25553   0.50474
  -1.43663   0.22560   0.78905
  -1.22714   0.24057   1.04343
  -1.00268   0.19567   1.31278
  -0.80815   0.16575   1.56716
  -0.59866   0.15078   1.77666
  -0.40413   0.16575   1.97118
  -0.23953   0.13582   2.19564
  -0.07493   0.16575   2.34528
   0.10464   0.18071   2.52484
   0.22435   0.13582   2.68945
   0.37399   0.12086   2.83908
   0.43384   0.10589   3.01865
   0.55355   0.10589   3.16829
   0.65830   0.07596   3.31792
   0.74808   0.01611   3.48252
   0.80794   0.01611   3.60223
   0.88275  -0.01382   3.67705
   0.95757  -0.10360   3.79676
   1.04736  -0.11856   3.84165
   1.15210  -0.16346   3.87158
   1.24188  -0.19338   3.88655
   1.31670  -0.20835   3.84165
   1.37656  -0.23827   3.81173
   1.49627  -0.22331   3.73691
   1.55612  -0.25324   3.64713
   1.64591  -0.25324   3.55734
   1.67583  -0.23827   3.40771
   1.72072  -0.23827   3.30296
   1.75065  -0.23827   3.15332
   1.76562  -0.23827   3.00368
   1.81051  -0.19338   2.83908
   1.78058  -0.25324   2.68945
   1.72072  -0.23827   2.55477
   1.67583  -0.22331   2.37521
   1.61598  -0.19338   2.21060
   1.52620  -0.20835   2.07593
   1.42145  -0.25324   1.94126
   1.30174  -0.25324   1.79162
   1.19699  -0.19338   1.61205
   1.10721  -0.20835   1.47738
   1.00246  -0.17842   1.34271
   0.91268  -0.13353   1.14818
   0.79297  -0.08864   0.98358
   0.74808  -0.05871   0.81898
   0.65830  -0.01382   0.62445
   0.59844   0.06100   0.41495
   0.53859   0.13582   0.17553
   0.53859   0.15078  -0.04892
   0.43384   0.16575  -0.28834
   0.35902   0.19567  -0.54273
   0.26924   0.13582  -0.76718
   0.17946   0.12086  -0.99164
   0.02982   0.06100  -1.17121
  -0.13478  -0.01382  -1.36573
  -0.23953  -0.05871  -1.54530
  -0.35924  -0.11856  -1.67997
  -0.44902  -0.17842  -1.81465
  -0.56873  -0.23827  -1.93436
  -0.64355  -0.31309  -2.05407
  -0.70340  -0.32806  -2.18874
  -0.74830  -0.35798  -2.29349
  -0.79319  -0.41784  -2.38327
  -0.82311  -0.44777  -2.50298
  -0.85304  -0.49266  -2.59276
  -0.82311  -0.50762  -2.66758
  -0.83808  -0.50762  -2.77233
  -0.85304  -0.47769  -2.81722
  -0.82311  -0.47769  -2.93693
  -0.83808  -0.44777  -2.98182
  -0.85304  -0.43280  -3.05664
  -0.85304  -0.44777  -3.11649
  -0.85304  -0.40288  -3.22124
  -0.88297  -0.35798  -3.28110
  -0.91290  -0.34302  -3.32599
  -0.98772  -0.32806  -3.37088
  -1.00268  -0.26820  -3.38584
  -1.06253  -0.22331  -3.37088
  -1.04757  -0.13353  -3.34095
  -1.06253  -0.07367  -3.28110
  -1.03261  -0.02878  -3.19131
  -0.98772   0.04604  -3.10153
  -0.91290   0.10589  -2.96686
  -0.80815   0.13582  -2.83218
  -0.68844   0.18071  -2.65262
  -0.56873   0.15078  -2.45809
  -0.40413   0.18071  -2.27852
  -0.23953   0.18071  -2.03910
  -0.10485   0.18071  -1.84457
  -0.01507   0.18071  -1.65005
   0.13457   0.15078  -1.41063
   0.22435   0.13582  -1.20113
   0.29917   0.15078  -0.99164
   0.38895   0.12086  -0.73726
   0.41888   0.10589  -0.52776
   0.41888   0.12086  -0.27338
   0.44881   0.12086  -0.03396
   0.46377   0.15078   0.17553
   0.52362   0.19567   0.41495
   0.50866   0.21064   0.57955
   0.58348   0.25553   0.74416
   0.65830   0.28546   0.89379
   0.74808   0.30042   1.01350
   0.85283   0.31538   1.14818
   0.95757   0.28546   1.23796
   1.06232   0.30042   1.31278
   1.13714   0.30042   1.40256
   1.21196   0.27049   1.44745
   1.25685   0.27049   1.52227
   1.22692   0.22560   1.58213
   1.16707   0.22560   1.62702
   1.07728   0.22560   1.67191
   0.92765   0.19567   1.73176
   0.79297   0.21064   1.79162
   0.64333   0.16575   1.80658
   0.41888   0.15078   1.88140
   0.19442   0.12086   1.92629
  -1.1E-40   0.07596   2.00111
  -0.17967   0.03107   2.07593
  -0.37420  -0.02878   2.15075
  -0.53880  -0.02878   2.18068
  -0.64355  -0.08864   2.25550
  -0.74830  -0.11856   2.28542
  -0.83808  -0.14849   2.31535
  -0.89793  -0.11856   2.31535
  -0.91290  -0.10360   2.30039
  -0.94282  -0.08864   2.31535
  -0.94282  -0.05871   2.22557
  -0.97275  -0.05871   2.15075
  -0.94282  -0.01382   2.06097
  -0.97275  -0.04375   2.00111
  -0.95779  -0.04375   1.88140
  -0.95779   0.00115   1.82155
  -0.97275   0.01611   1.76169
  -0.95779   0.03107   1.67191
  -0.92786   0.06100   1.59709
  -0.85304   0.13582   1.50731
  -0.80815   0.13582   1.44745
  -0.76326   0.18071   1.35767
  -0.67348   0.19567   1.22300
  -0.58369   0.21064   1.14818
  -0.53880   0.19567   1.04343
  -0.41909   0.24057   0.90876
  -0.32931   0.19567   0.81898
  -0.23953   0.18071   0.75912
  -0.17967   0.13582   0.69926
  -0.07493   0.10589   0.60948
  -1.1E-40   0.10589   0.53466
   0.04478   0.04604   0.47481
   0.04478   0.01611   0.42992
   0.02982  -0.02878   0.38503
  -0.03004  -0.01382   0.31021
  -0.08989  -0.08864   0.26532
  -0.22456  -0.08864   0.20546
  -0.29938  -0.10360   0.14561
  -0.38917  -0.16346   0.10071
  -0.44902  -0.17842   0.01093
  -0.44902  -0.14849  -0.10878
  -0.46398  -0.16346  -0.18360
  -0.43406  -0.11856  -0.31827
  -0.37420  -0.04375  -0.48287
  -0.25449  -0.01382  -0.63251
  -0.13478  -0.01382  -0.72229
   0.01486   0.00115  -0.88689
   0.14953   0.04604  -1.02157
   0.28420   0.04604  -1.15624
   0.40391   0.09093  -1.26099
   0.53859   0.07596  -1.39566
   0.59844   0.10589  -1.50041
   0.68823   0.06100  -1.56026
   0.73312   0.01611  -1.66501
   0.71815   0.00115  -1.79968
   0.70319   0.00115  -1.82961
   0.70319  -0.01382  -1.88947
   0.71815   0.03107  -1.97925
   0.71815   0.12086  -2.08399
   0.73312   0.21064  -2.12889
   0.74808   0.33035  -2.18874
   0.79297   0.45006  -2.29349
   0.86779   0.59970  -2.33838
   0.91268   0.77926  -2.42816
   1.03239   0.98875  -2.47305
   1.12217   1.13839  -2.51794
   1.24188   1.31796  -2.51794
   1.37656   1.42270  -2.51794
   1.51123   1.55738  -2.48802
   1.60101   1.58730  -2.47305
   1.70576   1.61723  -2.41320
   1.76562   1.52745  -2.33838
   1.79554   1.37781  -2.26356
   1.76562   1.19825  -2.12889
   1.67583   0.92890  -2.02414
   1.58605   0.68948  -1.88947
   1.45138   0.34531  -1.72486
   1.25685   0.03107  -1.59019
   1.07728  -0.25324  -1.42559
   0.89772  -0.50762  -1.30588
   0.76304  -0.70215  -1.17121
   0.67326  -0.88172  -1.03653
   0.61341  -0.94157  -0.87193
   0.64333  -0.94157  -0.76718
   0.71815  -0.91164  -0.63251
   0.85283  -0.88172  -0.49784
   0.97254  -0.77697  -0.34820
   1.10721  -0.65726  -0.24345
   1.22692  -0.52259  -0.15367
   1.34663  -0.41784  -0.04892
   1.40649  -0.32806   0.07079
   1.45138  -0.25324   0.17553
   1.42145  -0.17842   0.25035
   1.34663  -0.13353   0.32517
   1.19699  -0.13353   0.41495
   1.03239  -0.16346   0.48977
   0.83786  -0.13353   0.51970
   0.61341  -0.14849   0.51970
   0.37399  -0.17842   0.54963
   0.13457  -0.16346   0.53466
  -0.14975  -0.19338   0.54963
  -0.37420  -0.16346   0.54963
  -0.58369  -0.14849   0.51970
  -0.76326  -0.13353   0.54963
  -0.91290  -0.10360   0.53466
  -1.03261  -0.16346   0.57955
  -1.15232  -0.16346   0.60948
  -1.15232  -0.19338   0.68430
  -1.12239  -0.23827   0.72919
  -1.10743  -0.28317   0.81898
  -1.03261  -0.32806   0.90876
  -1.00268  -0.41784   0.99854
  -0.95779  -0.52259   1.11825
  -0.91290  -0.52259   1.19307
  -0.92786  -0.56748   1.29782
  -0.97275  -0.64230   1.41753
  -1.06253  -0.64230   1.52227
  -1.16728  -0.64230   1.62702
  -1.27203  -0.62733   1.68687
  -1.37677  -0.56748   1.74673
  -1.43663  -0.49266   1.79162
  -1.49648  -0.49266   1.82155
  -1.55634  -0.44777   1.85147
  -1.58627  -0.35798   1.83651
  -1.57130  -0.28317   1.80658
  -1.52641  -0.22331   1.76169
  -1.52641  -0.22331   1.71680
  -1.52641  -0.16346   1.67191
  -1.48152  -0.08864   1.58213
  -1.51145  -0.05871   1.53724
  -1.54137  -0.01382   1.46242
  -1.57130   0.01611   1.43249
  -1.61619   0.06100   1.37263
  -1.67605   0.10589   1.32774
  -1.72094   0.09093   1.32774
  -1.72094   0.10589   1.29782
  -1.72094   0.13582   1.22300
  -1.70598   0.09093   1.23796
  -1.66108   0.10589   1.19307
  -1.61619   0.19567   1.17811
  -1.52641   0.24057   1.19307
  -1.40670   0.25553   1.22300
  -1.31692   0.27049   1.29782
  -1.19721   0.34531   1.26789
  -1.10743   0.39020   1.26789
  -0.98772   0.36028   1.28285
  -0.92786   0.34531   1.23796
  -0.92786   0.34531   1.14818
  -0.89793   0.28546   1.05840
  -0.89793   0.22560   0.96861
  -0.95779   0.21064   0.84890
  -1.03261   0.18071   0.69926
  -1.13735   0.18071   0.50474
  -1.24210   0.13582   0.37006
  -1.37677   0.13582   0.17553
  -1.51145   0.10589  -0.00403
  -1.61619   0.12086  -0.18360
  -1.70598   0.13582  -0.31827
  -1.75087   0.10589  -0.43798
  -1.78080   0.10589  -0.58762
  -1.72094   0.07596  -0.67740
  -1.58627   0.01611  -0.75222
  -1.43663  -0.04375  -0.78215
  -1.21217  -0.10360  -0.76718
  -0.92786  -0.13353  -0.76718
  -0.61362  -0.16346  -0.75222
  -0.32931  -0.19338  -0.72229
  -0.04500  -0.23827  -0.64747
   0.22435  -0.22331  -0.57265
   0.47873  -0.14849  -0.49784
   0.65830  -0.13353  -0.36316
   0.82290  -0.07367  -0.24345
   0.94261   0.00115  -0.18360
   1.04736   0.10589  -0.12374
   1.16707   0.16575  -0.07885
   1.25685   0.22560  -0.07885
   1.43641   0.27049  -0.10878
   1.58605   0.33035  -0.18360
   1.79554   0.30042  -0.24345
   2.02000   0.25553  -0.33323
   2.27438   0.22560  -0.49784
   2.57366   0.18071  -0.63251
   2.85797   0.06100  -0.73726
   3.12732  -0.07367  -0.84200
   3.36674  -0.19338  -0.90186
   3.53134  -0.29813  -0.96171
   3.68098  -0.41784  -0.97668
   3.69594  -0.55251  -0.93178
   3.71090  -0.58244  -0.91682
   3.63609  -0.62733  -0.81207
   3.50141  -0.61237  -0.73726
   3.35177  -0.58244  -0.66244
   3.15725  -0.50762  -0.57265
   2.90286  -0.41784  -0.51280
   2.66344  -0.25324  -0.48287
   2.45395  -0.17842  -0.46791
   2.27438  -0.11856  -0.51280
   2.04993   0.01611  -0.61755
   1.96015   0.07596  -0.78215
   1.91525   0.09093  -0.99164
   1.90029   0.15078  -1.23106
   2.02000   0.19567  -1.50041
   2.15467   0.21064  -1.78472
   2.28935   0.15078  -1.99421
   2.45395   0.19567  -2.23363
   2.55870   0.13582  -2.38327
   2.61855   0.09093  -2.48802
   2.61855   0.01611  -2.51794
   2.49884  -0.01382  -2.50298
   2.30431  -0.08864  -2.41320
   2.03496  -0.08864  -2.26356
   1.66087  -0.16346  -2.06903
   1.27181  -0.16346  -1.81465
   0.85283  -0.22331  -1.51537
   0.40391  -0.25324  -1.21610
  -0.03004  -0.26820  -0.93178
  -0.40413  -0.32806  -0.64747
  -0.73333  -0.40288  -0.37813
  -1.00268  -0.50762  -0.13871
  -1.18224  -0.55251  -0.00403
  -1.30195  -0.64230   0.16057
  -1.39174  -0.70215   0.20546
  -1.40670  -0.76201   0.26532
  -1.39174  -0.71711   0.26532
  -1.39174  -0.68719   0.28028
  -1.42166  -0.67222   0.26532
  -1.46656  -0.58244   0.23539
  -1.51145  -0.58244   0.25035
  -1.64612  -0.58244   0.29524
  -1.81072  -0.56748   0.37006
  -2.05014  -0.59740   0.51970
  -2.30453  -0.58244   0.60948
  -2.61877  -0.62733   0.77408
  -2.96293  -0.55251   0.89379
  -3.29213  -0.52259   1.05840
  -3.62134  -0.47769   1.19307
  -3.95054  -0.35798   1.31278
  -4.20492  -0.23827   1.41753
  -4.44434  -0.08864   1.44745
  -4.57902  -0.01382   1.47738
  -4.65384   0.07596   1.46242
  -4.66880   0.16575   1.38760
  -4.59398   0.19567   1.26789
  -4.51916   0.19567   1.14818
  -4.36953   0.22560   1.01350
  -4.16003   0.27049   0.84890
  -3.95054   0.28546   0.74416
  -3.68119   0.33035   0.62445
  -3.38192   0.33035   0.56459
  -3.12753   0.33035   0.48977
  -2.85819   0.36028   0.44488
  -2.55891   0.36028   0.41495
  -2.25964   0.28546   0.44488
  -2.00525   0.19567   0.51970
  -1.70598   0.09093   0.60948
  -1.45159  -0.01382   0.72919
  -1.22714  -0.11856   0.84890
  -0.98772  -0.19338   0.95365
  -0.80815  -0.25324   1.08832
  -0.62859  -0.25324   1.20803
  -0.52384  -0.20835   1.29782
  -0.44902  -0.11856   1.34271
  -0.37420   0.03107   1.34271
  -0.32931   0.21064   1.32774
  -0.29938   0.40517   1.25292
  -0.22456   0.58473   1.19307
  -0.13478   0.74933   1.05840
  -0.01507   0.85408   0.92372
   0.16449   0.92890   0.72919
   0.40391   0.95883   0.59452
   0.64333   0.92890   0.51970
   0.92765   0.91394   0.39999
   1.24188   0.80919   0.35510
   1.54116   0.79423   0.31021
   1.84043   0.68948   0.25035
   2.07986   0.56977   0.29524
   2.31928   0.52488   0.28028
   2.49884   0.39020   0.29524
   2.63351   0.28546   0.31021
   2.70833   0.21064   0.29524
   2.76819   0.12086   0.31021
   2.76819   0.06100   0.29524
   2.72330   0.03107   0.31021
   2.64848  -0.04375   0.32517
   2.58862  -0.07367   0.29524
   2.49884  -0.08864   0.28028
   2.40906  -0.08864   0.22042
   2.34920  -0.10360   0.17553
   2.28935  -0.10360   0.10071
   2.27438  -0.11856  -0.03396
   2.30431  -0.10360  -0.13871
   2.37913  -0.07367  -0.27338
   2.48388  -0.04375  -0.43798
   2.60359  -0.05871  -0.55769
   2.70833  -0.05871  -0.69236
   2.79812  -0.05871  -0.81207
   2.90286  -0.07367  -0.93178
   2.99264  -0.07367  -1.02157
   3.05250  -0.07367  -1.06646
   3.08243  -0.11856  -1.12631
   3.02257  -0.08864  -1.11135
   2.91783   0.01611  -1.14128
   2.72330   0.04604  -1.14128
   2.43899   0.12086  -1.09639
   2.07986   0.13582  -1.02157
   1.67583   0.15078  -1.00660
   1.24188   0.13582  -0.96171
   0.82290   0.10589  -0.91682
   0.44881   0.03107  -0.87193
   0.08967  -0.05871  -0.82704
  -0.16471  -0.17842  -0.75222
  -0.32931  -0.31309  -0.66244
  -0.34427  -0.44777  -0.55769
  -0.29938  -0.56748  -0.46791
  -0.16471  -0.64230  -0.34820
  -0.03004  -0.79193  -0.25842
   0.19442  -0.86675  -0.18360
   0.38895  -0.97150  -0.10878
   0.50866  -1.04632  -0.04892
   0.59844  -1.13610   0.01093
   0.59844  -1.21092   0.10071
   0.53859  -1.30070   0.19050
   0.41888  -1.33063   0.29524
   0.17946  -1.30070   0.37006
  -0.04500  -1.19595   0.48977
  -0.34427  -1.04632   0.56459
  -0.67348  -0.85179   0.66934
  -0.95779  -0.68719   0.75912
  -1.25706  -0.43280   0.84890
  -1.57130  -0.25324   0.92372
  -1.79576  -0.10360   0.98358
  -2.00525   0.03107   0.99854
  -2.11000   0.12086   1.02847
  -2.19978   0.19567   1.01350
  -2.21474   0.25553   0.95365
  -2.21474   0.31538   0.90876
  -2.18482   0.33035   0.83394
  -2.09503   0.34531   0.72919
  -1.96036   0.34531   0.54963
  -1.85561   0.39020   0.37006
  -1.72094   0.46502   0.16057
  -1.61619   0.45006  -0.03396
  -1.54137   0.47999  -0.18360
  -1.45159   0.49495  -0.34820
  -1.42166   0.52488  -0.48287
  -1.40670   0.50991  -0.60258
  -1.36181   0.53984  -0.67740
  -1.33188   0.52488  -0.76718
  -1.25706   0.47999  -0.88689
  -1.12239   0.47999  -0.99164
  -1.01764   0.45006  -1.08142
  -0.83808   0.39020  -1.15624
  -0.65851   0.43509  -1.24602
  -0.44902   0.43509  -1.27595
  -0.29938   0.39020  -1.27595
  -0.16471   0.42013  -1.32084
  -0.01507   0.43509  -1.32084
   0.07471   0.46502  -1.29092
   0.17946   0.47999  -1.26099
   0.34406   0.45006  -1.20113
   0.49370   0.40517  -1.08142
   0.64333   0.40517  -0.94675
   0.83786   0.34531  -0.78215
   1.04736   0.36028  -0.61755
   1.28678   0.36028  -0.45294
   1.55612   0.34531  -0.30331
   1.82547   0.36028  -0.15367
   2.09482   0.45006  -0.06389
   2.30431   0.49495  -0.01900
   2.51380   0.55481   0.04086
   2.69337   0.67452   0.01093
   2.79812   0.77926  -0.03396
   2.91783   0.88401  -0.12374
   2.99264   0.95883  -0.27338
   3.02257   1.04861  -0.48287
   3.00761   1.07854  -0.67740
   2.94775   1.06357  -0.82704
   2.91783   0.97379  -1.00660
   2.85797   0.88401  -1.08142
   2.82804   0.73437  -1.11135
   2.81308   0.58473  -1.09639
   2.76819   0.46502  -1.02157
   2.76819   0.33035  -0.93178
   2.75322   0.21064  -0.81207
   2.76819   0.06100  -0.66244
   2.73826  -0.02878  -0.52776
   2.70833  -0.10360  -0.36316
   2.63351  -0.17842  -0.21352
   2.52877  -0.28317  -0.12374
   2.40906  -0.29813   0.01093
   2.22949  -0.32806   0.10071
   2.00504  -0.32806   0.16057
   1.79554  -0.38791   0.31021
   1.48130  -0.38791   0.42992
   1.13714  -0.41784   0.56459
   0.77801  -0.44777   0.69926
   0.46377  -0.40288   0.81898
   0.10464  -0.40288   0.98358
  -0.13478  -0.31309   1.05840
  -0.37420  -0.26820   1.11825
  -0.49391  -0.14849   1.19307
  -0.50888  -0.05871   1.20803
  -0.52384  -0.01382   1.26789
  -0.44902   0.04604   1.32774
  -0.35924   0.07596   1.38760
  -0.34427   0.15078   1.46242
  -0.37420   0.18071   1.55220
  -0.38917   0.28546   1.59709
  -0.52384   0.34531   1.67191
  -0.68844   0.37524   1.77666
  -0.91290   0.40517   1.79162
  -1.22714   0.37524   1.83651
  -1.55634   0.33035   1.82155
  -1.90051   0.22560   1.80658
  -2.27460   0.04604   1.80658
  -2.55891  -0.07367   1.71680
  -2.88811  -0.17842   1.65695
  -3.17242  -0.26820   1.55220
  -3.35199  -0.35798   1.41753
  -3.50163  -0.41784   1.34271
  -3.53156  -0.44777   1.25292
  -3.50163  -0.43280   1.08832
  -3.42681  -0.40288   0.96861
  -3.23228  -0.29813   0.78905
  -3.05271  -0.25324   0.65437
  -2.84322  -0.22331   0.54963
  -2.60380  -0.20835   0.45984
  -2.42424  -0.22331   0.39999
  -2.24467  -0.16346   0.35510
  -2.15489  -0.14849   0.35510
  -2.12496  -0.16346   0.35510
  -2.18482  -0.20835   0.41495
  -2.27460  -0.19338   0.41495
  -2.39431  -0.16346   0.39999
  -2.55891  -0.14849   0.37006
  -2.67862  -0.14849   0.35510
  -2.79833  -0.10360   0.25035
  -2.87315  -0.05871   0.10071
  -2.87315   0.00115  -0.06389
  -2.82826   0.04604  -0.31827
  -2.70855   0.12086  -0.60258
  -2.48409   0.22560  -0.90186
  -2.18482   0.31538  -1.14128
  -1.84065   0.37524  -1.42559
  -1.40670   0.43509  -1.60515
  -0.95779   0.50991  -1.78472
  -0.49391   0.53984  -1.90443
  -0.01507   0.55481  -1.90443
   0.50866   0.56977  -1.84457
   0.98750   0.56977  -1.72486
   1.51123   0.61466  -1.54530
   1.97511   0.68948  -1.33581
   2.43899   0.73437  -1.09639
   2.82804   0.79423  -0.85697
   3.11235   0.86904  -0.63251
   3.35177   0.88401  -0.33323
   3.57623   0.86904  -0.09381
   3.69594   0.89897   0.10071
   3.75580   0.88401   0.14561
   3.78572   0.85408   0.19050
   3.78572   0.79423   0.11568
   3.75580   0.80919  -0.04892
   3.75580   0.76430  -0.27338
   3.74083   0.70444  -0.52776
   3.72587   0.65955  -0.78215
   3.69594   0.59970  -1.03653
   3.72587   0.55481  -1.24602
   3.81565   0.45006  -1.32084
   3.90543   0.30042  -1.29092
   4.04011   0.13582  -1.15624
   4.15982  -0.05871  -0.87193
   4.26456  -0.22331  -0.48287
   4.35435  -0.43280  -0.01900
   4.41420  -0.61237   0.45984
   4.42917  -0.73208   0.95365
   4.35435  -0.80690   1.37263
   4.21967  -0.83682   1.73176
   4.04011  -0.85179   2.03104
   3.77076  -0.85179   2.19564
   3.39667  -0.77697   2.19564
   3.03754  -0.74704   2.07593
   2.61855  -0.71711   1.86644
   2.21453  -0.70215   1.56716
   1.81051  -0.64230   1.23796
   1.36159  -0.58244   0.84890
   0.95757  -0.56748   0.48977
   0.58348  -0.46273   0.10071
   0.28420  -0.40288  -0.22849
  -0.01507  -0.35798  -0.48287
  -0.25449  -0.37295  -0.61755
  -0.43406  -0.38791  -0.67740
  -0.61362  -0.37295  -0.66244
  -0.73333  -0.38791  -0.58762
  -0.85304  -0.38791  -0.40805
  -1.00268  -0.31309  -0.21352
  -1.16728  -0.25324  -0.01900
  -1.39174  -0.20835   0.22042
  -1.67605  -0.14849   0.45984
  -1.99029  -0.07367   0.68430
  -2.37935  -0.07367   0.92372
  -2.81329  -0.07367   1.04343
  -3.27717  -0.11856   1.10329
  -3.78594  -0.17842   1.10329
  -4.26478  -0.31309   0.99854
  -4.71369  -0.41784   0.77408
  -5.13268  -0.46273   0.47481
  -5.47684  -0.53755   0.14561
  -5.76116  -0.59740  -0.24345
  -5.95568  -0.64230  -0.66244
  -6.07539  -0.65726  -1.03653
  -6.19510  -0.62733  -1.36573
  -6.15021  -0.59740  -1.63508
  -6.06043  -0.55251  -1.79968
  -5.94072  -0.49266  -1.85954
  -5.64145  -0.50762  -1.78472
  -5.50677  -0.47769  -1.69494
  -5.35713  -0.49266  -1.51537
  -5.20750  -0.55251  -1.29092
  -5.17757  -0.56748  -1.03653
  -5.20750  -0.58244  -0.76718
  -5.32721  -0.56748  -0.58762
  -5.52174  -0.56748  -0.39309
  -5.73123  -0.55251  -0.27338
  -5.94072  -0.52259  -0.16863
  -6.16518  -0.53755  -0.12374
  -6.49438  -0.56748  -0.07885
  -6.68891  -0.53755  -0.03396
  -6.85351  -0.56748  -0.01900
  -6.98818  -0.53755   0.04086
  -7.03307  -0.47769   0.10071
  -6.98818  -0.40288   0.19050
  -6.83855  -0.35798   0.34013
  -6.56920  -0.25324   0.48977
  -6.26992  -0.19338   0.63941
  -5.86590  -0.08864   0.80401
  -5.29728   0.03107   0.95365
  -4.86333   0.09093   1.10329
  -4.45931   0.15078   1.19307
  -4.08521   0.22560   1.28285
  -3.78594   0.27049   1.35767
  -3.54652   0.36028   1.41753
  -3.38192   0.42013   1.44745
  -3.24724   0.46502   1.50731
  -3.17242   0.49495   1.53724
  -3.05271   0.50991   1.56716
  -2.96293   0.45006   1.61205
  -2.84322   0.36028   1.62702
  -2.70855   0.28546   1.70184
  -2.49906   0.22560   1.73176
  -2.24467   0.15078   1.79162
  -1.99029   0.09093   1.86644
  -1.69101   0.09093   1.98615
  -1.36181   0.07596   2.06097
  -1.00268   0.04604   2.16571
  -0.68844   0.10589   2.19564
  -0.34427   0.16575   2.27046
  -1.1E-40   0.24057   2.31535
   0.32910   0.27049   2.37521
   0.61341   0.30042   2.40513
   0.88275   0.30042   2.46499
   1.12217   0.28546   2.47995
   1.30174   0.25553   2.49492
   1.48130   0.22560   2.50988
   1.67583   0.18071   2.50988
   1.81051   0.15078   2.45002
   1.96015   0.15078   2.39017
   2.12475   0.12086   2.30039
   2.25942   0.09093   2.21060
   2.43899   0.07596   2.10586
   2.63351   0.03107   2.01608
   2.81308   0.00115   1.89637
   3.03754  -0.04375   1.80658
   3.23206  -0.08864   1.64198
   3.47148  -0.05871   1.43249
   3.66601  -0.01382   1.16314
   3.87551  -0.04375   0.89379
   4.07004  -0.04375   0.59452
   4.27953  -0.01382   0.28028
   4.47406  -0.05871  -0.00403
   4.65362  -0.05871  -0.28834
   4.83319  -0.07367  -0.51280
   4.98282  -0.11856  -0.72229
   5.10253  -0.19338  -0.85697
   5.16239  -0.20835  -0.99164
   5.23721  -0.23827  -1.03653
   5.22224  -0.16346  -1.08142
   5.17735  -0.07367  -1.06646
   5.11750   0.01611  -1.05149
   5.02772   0.15078  -1.06646
   4.93793   0.30042  -1.06646
   4.83319   0.45006  -1.12631
   4.72844   0.50991  -1.23106
   4.68355   0.58473  -1.36573
   4.60873   0.62962  -1.56026
   4.56384   0.59970  -1.81465
   4.48902   0.61466  -2.15881
   4.39924   0.56977  -2.50298
   4.29449   0.55481  -2.92197
   4.12989   0.49495  -3.35591
   3.98025   0.40517  -3.75994
   3.80069   0.28546  -4.13403
   3.68098   0.16575  -4.47820
   3.59119   0.09093  -4.79244
   3.51638   0.04604  -5.01689
   3.45652  -0.01382  -5.19646
   3.44156  -0.02878  -5.30120
   3.44156  -0.04375  -5.37602
   3.39667  -0.10360  -5.45084
   3.36674  -0.14849  -5.46580
   3.30688  -0.14849  -5.46580
   3.20214  -0.16346  -5.46580
   3.11235  -0.13353  -5.48077
   2.99264  -0.10360  -5.48077
   2.82804  -0.08864  -5.51070
   2.69337  -0.01382  -5.55559
   2.52877   0.03107  -5.60048
   2.37913   0.13582  -5.66033
   2.25942   0.21064  -5.67530
   2.13971   0.34531  -5.72019
   1.99007   0.39020  -5.75012
   1.84043   0.39020  -5.69026
   1.70576   0.36028  -5.61544
   1.54116   0.36028  -5.57055
   1.33167   0.30042  -5.48077
   1.09225   0.19567  -5.36106
   0.82290   0.15078  -5.21142
   0.52362   0.13582  -5.06178
   0.16449   0.10589  -4.82236
  -0.17967   0.04604  -4.50812
  -0.52384  -0.01382  -4.19388
  -0.76326  -0.04375  -3.83475
  -0.97275  -0.08864  -3.47562
  -1.12239  -0.19338  -3.10153
  -1.19721  -0.22331  -2.77233
  -1.27203  -0.31309  -2.45809
  -1.27203  -0.40288  -2.12889
  -1.24210  -0.46273  -1.84457
  -1.22714  -0.53755  -1.53034
  -1.18224  -0.64230  -1.21610
  -1.16728  -0.71711  -0.88689
  -1.13735  -0.74704  -0.54273
  -1.09246  -0.74704  -0.16863
  -1.03261  -0.77697   0.23539
  -0.97275  -0.73208   0.71423
  -0.91290  -0.70215   1.20803
  -0.80815  -0.64230   1.79162
  -0.80815  -0.50762   2.43506
  -0.80815  -0.44777   3.12339
  -0.88297  -0.41784   3.85662
  -1.04757  -0.32806   4.51502
  -1.24210  -0.26820   5.20336
  -1.45159  -0.22331   5.80191
  -1.66108  -0.20835   6.38549
  -1.82569  -0.14849   6.89426
  -1.99029  -0.07367   7.34317
  -2.09503   0.00115   7.65741
  -2.08007   0.04604   7.85194
  -2.03518   0.12086   7.98662
  -1.96036   0.15078   7.97165
  -1.87058   0.28546   7.86691
  -1.73590   0.34531   7.67238
  -1.60123   0.39020   7.47785
  -1.52641   0.39020   7.25339
  -1.40670   0.42013   7.05886
  -1.39174   0.47999   6.83441
  -1.43663   0.50991   6.63988
  -1.43663   0.53984   6.47528
  -1.43663   0.53984   6.37053
  -1.40670   0.56977   6.29571
  -1.36181   0.52488   6.25082
  -1.27203   0.56977   6.20593
  -1.13735   0.61466   6.14607
  -0.91290   0.64459   6.05629
  -0.71837   0.65955   5.90665
  -0.46398   0.64459   5.74205
  -0.10485   0.61466   5.54752
   0.28420   0.61466   5.24825
   0.67326   0.59970   4.85919
   1.07728   0.58473   4.45517
   1.42145   0.59970   4.02122
   1.79554   0.59970   3.49749
   2.15467   0.61466   3.01865
   2.46891   0.62962   2.56974
   2.78315   0.71941   2.10586
   3.05250   0.77926   1.67191
   3.30688   0.85408   1.31278
   3.51638   0.88401   0.95365
   3.66601   0.88401   0.65437
   3.77076   0.89897   0.35510
   3.84558   0.94386   0.05582
   3.86054   0.92890  -0.22849
   3.89047   0.85408  -0.51280
   3.90543   0.76430  -0.82704
   3.93536   0.65955  -1.12631
   4.05507   0.53984  -1.45552
   4.15982   0.45006  -1.78472
   4.32442   0.31538  -2.09896
   4.53391   0.25553  -2.38327
   4.71348   0.18071  -2.69751
   4.86311   0.15078  -2.95189
   4.99779   0.10589  -3.19131
   5.01275   0.07596  -3.40081
   4.98282   0.07596  -3.61030
   4.90801   0.03107  -3.78986
   4.74340  -0.01382  -3.96943
   4.50398  -0.10360  -4.08914
   4.26456  -0.17842  -4.19388
   4.02514  -0.28317  -4.32856
   3.75580  -0.41784  -4.44827
   3.45652  -0.52259  -4.61287
   3.24703  -0.62733  -4.82236
   2.94775  -0.77697  -5.04682
   2.67841  -0.85179  -5.36106
   2.40906  -0.91164  -5.64537
   2.15467  -1.01639  -5.98954
   1.90029  -1.16603  -6.30377
   1.69080  -1.16603  -6.64794
   1.45138  -1.22588  -6.88736
   1.18203  -1.19595  -7.11182
   0.98750  -1.12114  -7.27642
   0.73312  -1.04632  -7.42606
   0.44881  -0.98646  -7.44102
   0.17946  -0.89668  -7.44102
  -0.05996  -0.79193  -7.29138
  -0.31435  -0.76201  -7.06693
  -0.50888  -0.71711  -6.72276
  -0.71837  -0.71711  -6.30377
  -0.89793  -0.77697  -5.75012
  -1.06253  -0.83682  -5.15157
  -1.19721  -0.95653  -4.52309
  -1.33188  -1.06128  -3.90957
  -1.42166  -1.15106  -3.34095
  -1.51145  -1.27077  -2.83218
  -1.58627  -1.33063  -2.39823
  -1.63116  -1.36056  -2.03910
  -1.70598  -1.34559  -1.70990
  -1.79576  -1.31567  -1.42559
  -1.97532  -1.24085  -1.14128
  -2.19978  -1.09121  -0.93178
  -2.46913  -0.92661  -0.63251
  -2.79833  -0.77697  -0.31827
  -3.11257  -0.52259  -0.04892
  -3.42681  -0.35798   0.29524
  -3.77098  -0.16346   0.57955
  -4.07025   0.04604   0.93869
  -4.32463   0.21064   1.35767
  -4.56405   0.31538   1.80658
  -4.83340   0.42013   2.25550
  -5.01297   0.55481   2.67448
  -5.19253   0.56977   3.13836
  -5.34217   0.55481   3.55734
  -5.41699   0.55481   3.85662
  -5.46188   0.49495   4.11100
  -5.47684   0.37524   4.33546
  -5.50677   0.22560   4.45517
  -5.52174   0.03107   4.55992
  -5.55166  -0.08864   4.60481
  -5.56663  -0.26820   4.63473
  -5.61152  -0.41784   4.64970
  -5.62648  -0.53755   4.63473
  -5.55166  -0.61237   4.60481
  -5.47684  -0.65726   4.57488
  -5.37210  -0.68719   4.57488
  -5.23742  -0.67222   4.55992
  -5.02793  -0.65726   4.60481
  -4.80347  -0.70215   4.66466
  -4.56405  -0.68719   4.73948
  -4.36953  -0.73208   4.79934
  -4.16003  -0.74704   4.90408
  -3.96550  -0.71711   4.91905
  -3.74105  -0.70215   4.91905
  -3.56148  -0.65726   4.90408
  -3.35199  -0.50762   4.81430
  -3.12753  -0.38791   4.69459
  -2.96293  -0.19338   4.55992
  -2.75344   0.00115   4.42524
  -2.52898   0.21064   4.29057
  -2.33445   0.43509   4.14093
  -2.11000   0.64459   3.97633
  -1.81072   0.85408   3.84165
  -1.57130   0.98875   3.67705
  -1.27203   1.15336   3.52742
  -0.89793   1.24314   3.40771
  -0.43406   1.27307   3.34785
  -1.1E-40   1.28803   3.24310
   0.52362   1.27307   3.16829
   1.01743   1.19825   3.10843
   1.52620   1.01868   3.06354
   2.02000   0.88401   2.98872
   2.40906   0.73437   2.83908
   2.75322   0.55481   2.65952
   3.03754   0.40517   2.39017
   3.26199   0.30042   2.09089
   3.39667   0.21064   1.71680
   3.45652   0.18071   1.32774
   3.47148   0.12086   0.87883
   3.45652   0.10589   0.44488
   3.44156   0.03107   0.07079
   3.38170  -0.01382  -0.25842
   3.38170  -0.07367  -0.57265
   3.39667  -0.10360  -0.90186
   3.44156  -0.19338  -1.18617
   3.45652  -0.26820  -1.33581
   3.50141  -0.32806  -1.45552
   3.56127  -0.40288  -1.50041
   3.59119  -0.43280  -1.47048
   3.57623  -0.46273  -1.39566
   3.50141  -0.50762  -1.27595
   3.42659  -0.55251  -1.11135
   3.30688  -0.59740  -0.97668
   3.15725  -0.56748  -0.88689
   2.99264  -0.53755  -0.81207
   2.75322  -0.56748  -0.76718
   2.54373  -0.52259  -0.75222
   2.25942  -0.44777  -0.76718
   1.91525  -0.38791  -0.82704
   1.60101  -0.31309  -0.84200
   1.27181  -0.25324  -0.88689
   0.92765  -0.17842  -0.96171
   0.53859  -0.11856  -0.99164
   0.16449  -0.01382  -1.09639
  -0.17967   0.09093  -1.20113
  -0.49391   0.24057  -1.30588
  -0.80815   0.31538  -1.38070
  -1.09246   0.36028  -1.41063
  -1.42166   0.42013  -1.41063
  -1.76583   0.42013  -1.38070
  -2.06511   0.37524  -1.32084
  -2.37935   0.36028  -1.21610
  -2.66366   0.33035  -1.11135
  -2.93300   0.31538  -0.96171
  -3.18739   0.28546  -0.84200
  -3.44177   0.31538  -0.75222
  -3.63630   0.37524  -0.69236
  -3.83083   0.47999  -0.67740
  -3.99543   0.56977  -0.67740
  -4.13011   0.70444  -0.75222
  -4.24982   0.80919  -0.81207
  -4.36953   0.98875  -0.93178
  -4.45931   1.16832  -1.03653
  -4.48924   1.34788  -1.12631
  -4.57902   1.52745  -1.24602
  -4.57902   1.61723  -1.35077
  -4.57902   1.66212  -1.45552
  -4.57902   1.66212  -1.62012
  -4.59398   1.57234  -1.73983
  -4.59398   1.43767  -1.91939
  -4.54909   1.25810  -2.05407
  -4.48924   1.04861  -2.23363
  -4.41442   0.80919  -2.41320
  -4.30967   0.59970  -2.62269
  -4.18996   0.34531  -2.77233
  -3.99543   0.16575  -2.95189
  -3.87572   0.00115  -3.11649
  -3.69616  -0.13353  -3.22124
  -3.51659  -0.26820  -3.23620
  -3.35199  -0.34302  -3.22124
  -3.18739  -0.41784  -3.13146
  -2.99286  -0.49266  -2.96686
  -2.75344  -0.50762  -2.80225
  -2.52898  -0.59740  -2.54787
  -2.27460  -0.62733  -2.30845
  -1.99029  -0.62733  -2.09896
  -1.75087  -0.58244  -1.88947
  -1.51145  -0.59740  -1.63508
  -1.25706  -0.56748  -1.45552
  -1.04757  -0.49266  -1.26099
  -0.83808  -0.34302  -1.08142
  -0.65851  -0.23827  -0.93178
  -0.47895  -0.07367  -0.81207
  -0.34427   0.07596  -0.70733
  -0.23953   0.21064  -0.66244
  -0.13478   0.37524  -0.67740
  -0.08989   0.50991  -0.76718
  -0.01507   0.67452  -0.79711
  -1.1E-40   0.82415  -0.91682
   0.02982   0.91394  -0.99164
   0.04478   0.94386  -1.06646
   0.04478   0.94386  -1.08142
   0.10464   0.95883  -1.08142
   0.16449   0.94386  -1.00660
   0.25428   0.88401  -0.88689
   0.37399   0.79423  -0.76718
   0.50866   0.70444  -0.57265
   0.67326   0.56977  -0.39309
   0.86779   0.42013  -0.22849
   1.06232   0.25553  -0.07885
   1.31670   0.07596   0.05582
   1.61598  -0.04375   0.20546
   1.90029  -0.16346   0.29524
   2.27438  -0.23827   0.41495
   2.69337  -0.31309   0.50474
   3.14228  -0.34302   0.60948
   3.59119  -0.35798   0.66934
   3.98025  -0.43280   0.77408
   4.32442  -0.41784   0.87883
   4.62369  -0.43280   0.99854
   4.77333  -0.37295   1.10329
   4.83319  -0.35798   1.28285
   4.83319  -0.32806   1.41753
   4.78830  -0.25324   1.59709
   4.66859  -0.16346   1.80658
   4.53391  -0.08864   2.03104
   4.41420  -0.04375   2.30039
   4.27953   0.07596   2.47995
   4.23464   0.18071   2.67448
   4.20471   0.28546   2.82412
   4.23464   0.39020   2.91390
   4.38427   0.49495   2.95879
   4.53391   0.53984   2.97376
   4.74340   0.61466   2.95879
   5.01275   0.64459   2.86901
   5.28210   0.74933   2.74930
   5.55145   0.73437   2.62959
   5.85072   0.77926   2.40513
   6.07518   0.73437   2.16571
   6.25474   0.74933   1.89637
   6.41935   0.68948   1.62702
   6.49416   0.59970   1.34271
   6.47920   0.52488   1.08832
   6.41935   0.45006   0.84890
   6.23978   0.37524   0.63941
   5.97043   0.33035   0.42992
   5.64123   0.27049   0.25035
   5.23721   0.19567   0.11568
   4.77333   0.12086  -0.01900
   4.29449   0.09093  -0.13871
   3.81565   0.04604  -0.25842
   3.41163  -0.05871  -0.31827
   3.03754  -0.16346  -0.36316
   2.66344  -0.28317  -0.51280
   2.36417  -0.41784  -0.63251
   2.09482  -0.61237  -0.73726
   1.87036  -0.80690  -0.84200
   1.63094  -0.97150  -0.99164
   1.40649  -1.18099  -1.14128
   1.19699  -1.31567  -1.27595
   0.95757  -1.40545  -1.42559
   0.73312  -1.43538  -1.54530
   0.50866  -1.39048  -1.62012
   0.26924  -1.28574  -1.69494
  -1.1E-40  -1.18099  -1.70990
  -0.19464  -1.03135  -1.66501
  -0.40413  -0.86675  -1.54530
  -0.62859  -0.68719  -1.42559
  -0.83808  -0.44777  -1.30588
  -0.98772  -0.22331  -1.11135
  -1.12239   0.01611  -0.94675
  -1.27203   0.16575  -0.79711
  -1.40670   0.40517  -0.72229
  -1.43663   0.56977  -0.63251
  -1.49648   0.71941  -0.55769
  -1.49648   0.82415  -0.51280
  -1.49648   0.91394  -0.49784
  -1.46656   1.01868  -0.43798
  -1.43663   1.01868  -0.42302
  -1.33188   1.00372  -0.37813
  -1.25706   0.97379  -0.30331
  -1.16728   0.97379  -0.28834
  -1.12239   0.94386  -0.24345
  -1.09246   0.88401  -0.21352
  -1.12239   0.80919  -0.15367
  -1.22714   0.74933  -0.19856
  -1.34685   0.68948  -0.21352
  -1.49648   0.62962  -0.22849
  -1.73590   0.55481  -0.24345
  -2.00525   0.49495  -0.28834
  -2.27460   0.42013  -0.30331
  -2.52898   0.27049  -0.27338
  -2.79833   0.13582  -0.25842
  -3.00782   0.01611  -0.19856
  -3.20235  -0.14849  -0.06389
  -3.44177  -0.29813   0.05582
  -3.57645  -0.37295   0.17553
  -3.66623  -0.52259   0.38503
  -3.72608  -0.64230   0.53466
  -3.71112  -0.71711   0.69926
  -3.60637  -0.74704   0.84890
  -3.42681  -0.85179   1.01350
  -3.20235  -0.91164   1.17811
  -2.87315  -0.95653   1.31278
  -2.51402  -1.00143   1.41753
  -2.12496  -1.04632   1.49234
  -1.75087  -1.07624   1.50731
  -1.37677  -1.06128   1.50731
  -1.06253  -1.07624   1.46242
  -0.77822  -1.07624   1.41753
  -0.55377  -1.06128   1.32774
  -0.34427  -0.94157   1.20803
  -0.19464  -0.89668   1.13321
  -0.13478  -0.71711   1.04343
  -0.05996  -0.58244   0.96861
  -0.07493  -0.44777   0.92372
  -0.07493  -0.23827   0.87883
  -0.05996  -0.07367   0.90876
  -0.04500   0.10589   0.96861
   0.02982   0.22560   1.08832
   0.11960   0.36028   1.20803
   0.25428   0.39020   1.41753
   0.43384   0.42013   1.53724
   0.62837   0.36028   1.67191
   0.79297   0.28546   1.74673
   0.94261   0.18071   1.74673
   1.09225  -0.04375   1.70184
   1.19699  -0.28317   1.59709
   1.25685  -0.50762   1.43249
   1.24188  -0.74704   1.22300
   1.22692  -0.97150   0.96861
   1.18203  -1.16603   0.75912
   1.12217  -1.40545   0.56459
   1.00246  -1.54012   0.35510
   0.88275  -1.64487   0.14561
   0.80794  -1.68976  -0.04892
   0.68823  -1.68976  -0.24345
   0.58348  -1.61494  -0.40805
   0.49370  -1.55509  -0.54273
   0.46377  -1.37552  -0.76718
   0.37399  -1.18099  -0.93178
   0.37399  -0.98646  -1.08142
   0.32910  -0.68719  -1.26099
   0.31413  -0.38791  -1.44055
   0.29917  -0.10360  -1.59019
   0.26924   0.21064  -1.76976
   0.23931   0.46502  -1.93436
   0.17946   0.73437  -2.08399
   0.08967   0.89897  -2.20370
  -0.03004   1.03365  -2.32341
  -0.11982   1.06357  -2.41320
  -0.25449   1.07854  -2.51794
  -0.43406   1.03365  -2.57780
  -0.61362   0.95883  -2.65262
  -0.76326   0.83912  -2.71247
  -0.92786   0.68948  -2.77233
  -1.06253   0.49495  -2.75736
  -1.15232   0.30042  -2.71247
  -1.19721   0.15078  -2.71247
  -1.22714  -0.04375  -2.60773
  -1.19721  -0.20835  -2.54787
  -1.13735  -0.32806  -2.48802
  -1.06253  -0.46273  -2.36831
  -1.01764  -0.53755  -2.18874
  -0.98772  -0.59740  -2.03910
  -0.92786  -0.62733  -1.84457
  -0.94282  -0.65726  -1.62012
  -0.92786  -0.62733  -1.38070
  -1.00268  -0.59740  -1.12631
  -1.03261  -0.50762  -0.81207
  -1.15232  -0.47769  -0.42302
  -1.28699  -0.40288   0.02590
  -1.45159  -0.32806   0.51970
  -1.69101  -0.22331   1.04343
  -1.91547  -0.10360   1.55220
  -2.16985   0.00115   2.07593
  -2.43920   0.12086   2.58470
  -2.63373   0.21064   3.06354
  -2.82826   0.25553   3.46756
  -2.99286   0.27049   3.79676
  -3.08264   0.34531   4.08107
  -3.08264   0.40517   4.24568
  -3.03775   0.47999   4.35042
  -2.94797   0.53984   4.44021
  -2.82826   0.59970   4.50006
  -2.73848   0.62962   4.50006
  -2.60380   0.73437   4.48510
  -2.55891   0.68948   4.51502
  -2.52898   0.68948   4.57488
  -2.52898   0.70444   4.60481
  -2.52898   0.71941   4.70955
  -2.54395   0.64459   4.84423
  -2.61877   0.58473   4.97890
  -2.64869   0.53984   5.11357
  -2.67862   0.43509   5.18839
  -2.72351   0.34531   5.24825
  -2.69358   0.22560   5.24825
  -2.73848   0.04604   5.26321
  -2.76840  -0.10360   5.21832
  -2.76840  -0.31309   5.11357
  -2.75344  -0.49266   4.97890
  -2.75344  -0.65726   4.75444
  -2.64869  -0.76201   4.50006
  -2.52898  -0.85179   4.20078
  -2.33445  -0.88172   3.85662
  -2.02022  -0.85179   3.43763
  -1.66108  -0.82186   2.97376
  -1.25706  -0.77697   2.53981
  -0.79319  -0.68719   2.06097
  -0.28442  -0.56748   1.59709
   0.22435  -0.44777   1.14818
   0.76304  -0.34302   0.71423
   1.25685  -0.19338   0.29524
   1.73569  -0.04375  -0.12374
   2.19957   0.01611  -0.54273
   2.66344   0.10589  -0.90186
   3.08243   0.19567  -1.23106
   3.50141   0.31538  -1.57523
   3.92040   0.37524  -1.87450
   4.24960   0.46502  -2.12889
   4.59377   0.46502  -2.38327
   4.86311   0.49495  -2.57780
   5.07261   0.47999  -2.77233
   5.23721   0.43509  -2.96686
   5.38685   0.43509  -3.16139
   5.47663   0.42013  -3.34095
   5.55145   0.34531  -3.52052
   5.61130   0.34531  -3.70008
   5.67116   0.22560  -3.93950
   5.68612   0.15078  -4.17892
   5.73101   0.03107  -4.43330
   5.77590  -0.05871  -4.74754
   5.80583  -0.10360  -5.12164
   5.80583  -0.14849  -5.55559
   5.79087  -0.14849  -5.95961
   5.73101  -0.10360  -6.37859
   5.64123  -0.08864  -6.73772
   5.52152   0.03107  -7.11182
   5.38685   0.19567  -7.39613
   5.19232   0.31538  -7.57569
   4.98282   0.52488  -7.74030
   4.75837   0.70444  -7.80015
   4.53391   0.88401  -7.81511
   4.33938   1.01868  -7.78519
   4.05507   1.13839  -7.69540
   3.81565   1.24314  -7.60562
   3.51638   1.34788  -7.48591
   3.27696   1.42270  -7.36620
   2.99264   1.39278  -7.17167
   2.67841   1.31796  -6.97714
   2.36417   1.30299  -6.84247
   2.04993   1.21321  -6.63298
   1.72072   1.09350  -6.46838
   1.37656   0.98875  -6.33370
   1.07728   0.80919  -6.21399
   0.76304   0.68948  -6.15414
   0.49370   0.52488  -6.09428
   0.26924   0.42013  -6.00450
   0.04478   0.25553  -5.91472
  -0.14975   0.12086  -5.78004
  -0.34427  -0.04375  -5.60048
  -0.47895  -0.17842  -5.33113
  -0.58369  -0.31309  -5.06178
  -0.70340  -0.38791  -4.73258
  -0.83808  -0.50762  -4.40338
  -0.97275  -0.61237  -3.99936
  -1.15232  -0.73208  -3.56541
  -1.34685  -0.82186  -3.10153
  -1.54137  -0.88172  -2.62269
  -1.78080  -0.95653  -2.09896
  -2.05014  -1.03135  -1.57523
  -2.34942  -1.09121  -1.05149
  -2.64869  -1.09121  -0.61755
  -2.94797  -1.09121  -0.16863
  -3.24724  -1.09121   0.20546
  -3.53156  -1.03135   0.51970
  -3.78594  -0.98646   0.78905
  -4.04032  -0.89668   1.05840
  -4.24982  -0.85179   1.29782
  -4.41442  -0.73208   1.52227
  -4.54909  -0.65726   1.74673
  -4.62391  -0.58244   1.97118
  -4.72866  -0.50762   2.15075
  -4.77355  -0.37295   2.36024
  -4.77355  -0.22331   2.55477
  -4.80347  -0.10360   2.80916
  -4.80347   0.01611   3.07850
  -4.78851   0.15078   3.34785
  -4.77355   0.31538   3.67705
  -4.74362   0.39020   4.03618
  -4.69873   0.46502   4.39531
  -4.72866   0.50991   4.73948
  -4.69873   0.50991   5.05372
  -4.75858   0.46502   5.36796
  -4.75858   0.53984   5.54752
  -4.74362   0.56977   5.71212
  -4.72866   0.49495   5.81687
  -4.72866   0.50991   5.83183
  -4.71369   0.43509   5.81687
  -4.62391   0.37524   5.69716
  -4.56405   0.33035   5.54752
  -4.42938   0.19567   5.41285
  -4.26478   0.07596   5.29314
  -4.07025   0.01611   5.14350
  -3.90565  -0.07367   5.03876
  -3.66623  -0.11856   4.94897
  -3.39688  -0.16346   4.87415
  -3.09761  -0.14849   4.81430
  -2.81329  -0.10360   4.81430
  -2.55891  -0.04375   4.85919
  -2.36438   0.01611   4.93401
  -2.12496   0.12086   5.02379
  -1.96036   0.24057   5.09861
  -1.76583   0.36028   5.12854
  -1.57130   0.47999   5.17343
  -1.33188   0.59970   5.15847
  -1.04757   0.68948   5.11357
  -0.71837   0.82415   4.97890
  -0.32931   0.97379   4.78437
   0.10464   1.09350   4.54495
   0.61341   1.19825   4.24568
   1.10721   1.25810   3.93144
   1.64591   1.28803   3.51245
   2.12475   1.28803   3.09347
   2.60359   1.18328   2.67448
   3.02257   1.00372   2.28542
   3.39667   0.85408   1.91133
   3.69594   0.62962   1.61205
   3.90543   0.42013   1.38760
   4.01018   0.18071   1.20803
   4.09996  -0.05871   1.08832
   4.08500  -0.23827   0.98358
   4.04011  -0.47769   0.92372
   3.95033  -0.62733   0.92372
   3.86054  -0.79193   0.84890
   3.78572  -0.89668   0.81898
   3.69594  -1.03135   0.72919
   3.69594  -1.09121   0.62445
   3.65105  -1.09121   0.45984
   3.68098  -1.07624   0.31021
   3.72587  -1.04632   0.08575
   3.81565  -0.97150  -0.15367
   3.87551  -0.88172  -0.39309
   3.99522  -0.74704  -0.69236
   4.02514  -0.62733  -0.94675
   4.04011  -0.52259  -1.15624
   4.04011  -0.40288  -1.33581
   3.98025  -0.34302  -1.47048
   3.87551  -0.26820  -1.59019
   3.74083  -0.26820  -1.69494
   3.60616  -0.31309  -1.79968
   3.50141  -0.31309  -1.88947
   3.38170  -0.35798  -1.93436
   3.29192  -0.41784  -1.96428
   3.21710  -0.49266  -1.96428
   3.17221  -0.56748  -1.97925
   3.14228  -0.71711  -1.88947
   3.09739  -0.82186  -1.79968
   3.15725  -0.92661  -1.70990
   3.15725  -1.03135  -1.60515
   3.17221  -1.04632  -1.50041
   3.18717  -1.12114  -1.36573
   3.14228  -1.15106  -1.27595
   3.06746  -1.13610  -1.15624
   2.91783  -1.13610  -1.03653
   2.70833  -1.09121  -0.93178
   2.45395  -1.03135  -0.85697
   2.13971  -0.95653  -0.76718
   1.79554  -0.83682  -0.67740
   1.37656  -0.74704  -0.54273
   0.94261  -0.59740  -0.37813
   0.52362  -0.53755  -0.22849
   0.07471  -0.41784  -0.07885
  -0.32931  -0.34302   0.04086
  -0.73333  -0.29813   0.16057
  -1.03261  -0.17842   0.19050
  -1.36181  -0.07367   0.16057
  -1.64612   0.04604   0.11568
  -1.88554   0.18071   0.07079
  -2.12496   0.33035  -0.01900
  -2.43920   0.47999  -0.10878
  -2.75344   0.62962  -0.19856
  -3.06768   0.74933  -0.30331
  -3.38192   0.85408  -0.40805
  -3.68119   0.91394  -0.46791
  -3.98047   1.03365  -0.55769
  -4.27974   1.09350  -0.60258
  -4.48924   1.13839  -0.61755
  -4.66880   1.16832  -0.58762
  -4.84837   1.15336  -0.49784
  -4.96808   1.15336  -0.45294
  -5.05786   1.10846  -0.30331
  -5.04289   1.10846  -0.16863
  -4.99800   1.07854  -0.03396
  -4.87829   0.98875   0.14561
  -4.78851   0.88401   0.31021
  -4.60895   0.80919   0.48977
  -4.48924   0.70444   0.65437
  -4.36953   0.53984   0.81898
  -4.23485   0.46502   0.92372
  -4.13011   0.34531   1.01350
  -4.04032   0.22560   1.07336
  -3.96550   0.12086   1.04343
  -3.90565   0.03107   0.98358
  -3.77098   0.00115   0.89379
  -3.63630  -0.05871   0.78905
  -3.47170  -0.08864   0.68430
  -3.23228  -0.10360   0.56459
  -2.96293  -0.08864   0.47481
  -2.63373  -0.08864   0.39999
  -2.31949  -0.10360   0.37006
  -1.94540  -0.05871   0.32517
  -1.61619  -0.01382   0.31021
  -1.30195   0.06100   0.31021
  -0.94282   0.10589   0.29524
  -0.65851   0.19567   0.29524
  -0.40413   0.28546   0.29524
  -0.22456   0.42013   0.23539
  -0.07493   0.55481   0.14561
  -1.1E-40   0.67452   0.05582
   0.02982   0.79423  -0.09381
   0.04478   0.91394  -0.25842
   0.02982   0.98875  -0.46791
  -0.04500   1.03365  -0.70733
  -0.04500   1.07854  -0.91682
  -0.05996   1.09350  -1.17121
  -0.03004   1.01868  -1.39566
   0.01486   0.86904  -1.59019
   0.10464   0.79423  -1.78472
   0.23931   0.64459  -1.96428
   0.46377   0.50991  -2.06903
   0.70319   0.39020  -2.12889
   0.98750   0.22560  -2.14385
   1.30174   0.04604  -2.12889
   1.63094  -0.13353  -2.00918
   2.00504  -0.34302  -1.90443
   2.33424  -0.55251  -1.75479
   2.67841  -0.79193  -1.62012
   3.00761  -0.97150  -1.50041
   3.23206  -1.13610  -1.38070
   3.44156  -1.31567  -1.24602
   3.54630  -1.48027  -1.17121
   3.60616  -1.57005  -1.17121
   3.59119  -1.61494  -1.18617
   3.51638  -1.62990  -1.18617
   3.39667  -1.59998  -1.18617
   3.23206  -1.59998  -1.18617
   2.99264  -1.52516  -1.20113
   2.81308  -1.45034  -1.17121
   2.61855  -1.37552  -1.17121
   2.48388  -1.22588  -1.14128
   2.39409  -1.12114  -1.06646
   2.30431  -1.04632  -0.97668
   2.28935  -0.92661  -0.90186
   2.28935  -0.77697  -0.79711
   2.30431  -0.62733  -0.67740
   2.33424  -0.47769  -0.52776
   2.33424  -0.37295  -0.33323
   2.34920  -0.25324  -0.24345
   2.30431  -0.13353  -0.15367
   2.22949   0.00115  -0.13871
   2.15467   0.10589  -0.15367
   2.04993   0.18071  -0.19856
   1.85540   0.27049  -0.28834
   1.64591   0.37524  -0.36316
   1.42145   0.47999  -0.48287
   1.15210   0.56977  -0.54273
   0.85283   0.61466  -0.57265
   0.53859   0.71941  -0.60258
   0.20939   0.79423  -0.57265
  -0.14975   0.82415  -0.49784
  -0.50888   0.85408  -0.37813
  -0.83808   0.83912  -0.19856
  -1.12239   0.80919   0.04086
  -1.39174   0.74933   0.34013
  -1.58627   0.68948   0.62445
  -1.72094   0.62962   0.92372
  -1.82569   0.61466   1.22300
  -1.90051   0.55481   1.53724
  -1.93043   0.50991   1.82155
  -1.93043   0.46502   2.09089
  -1.93043   0.43509   2.37521
  -1.91547   0.39020   2.59966
  -1.88554   0.36028   2.77923
  -1.81072   0.33035   2.98872
  -1.81072   0.25553   3.18325
  -1.82569   0.19567   3.36281
  -1.84065   0.12086   3.49749
  -1.82569   0.04604   3.64713
  -1.81072  -0.01382   3.75187
  -1.78080  -0.14849   3.84165
  -1.78080  -0.20835   3.93144
  -1.81072  -0.20835   4.02122
  -1.73590  -0.22331   4.05115
  -1.67605  -0.19338   4.09604
  -1.61619  -0.16346   4.12597
  -1.49648  -0.02878   4.09604
  -1.36181   0.10589   4.05115
  -1.25706   0.31538   3.93144
  -1.12239   0.52488   3.76684
  -1.04757   0.76430   3.57231
  -0.95779   0.97379   3.33289
  -0.86801   1.19825   3.03361
  -0.77822   1.45263   2.65952
  -0.71837   1.66212   2.28542
  -0.65851   1.82672   1.86644
  -0.58369   1.94643   1.43249
  -0.53880   2.03622   0.99854
  -0.46398   2.05118   0.60948
  -0.34427   2.00629   0.34013
  -0.28442   1.90154   0.10071
  -0.16471   1.78183  -0.07885
  -0.01507   1.60227  -0.16863
   0.16449   1.39278  -0.24345
   0.37399   1.12343  -0.25842
   0.59844   0.82415  -0.24345
   0.88275   0.50991  -0.22849
   1.18203   0.22560  -0.27338
   1.48130  -0.08864  -0.34820
   1.85540  -0.32806  -0.45294
   2.19957  -0.56748  -0.55769
   2.52877  -0.73208  -0.66244
   2.85797  -0.86675  -0.79711
   3.11235  -0.94157  -0.93178
   3.39667  -0.98646  -1.03653
   3.57623  -1.03135  -1.12631
   3.75580  -1.04632  -1.27595
   3.86054  -1.09121  -1.35077
   3.89047  -1.06128  -1.44055
   3.93536  -1.13610  -1.51537
   3.93536  -1.16603  -1.53034
   3.86054  -1.16603  -1.60515
   3.81565  -1.16603  -1.65005
   3.77076  -1.13610  -1.69494
   3.68098  -1.09121  -1.73983
   3.63609  -1.01639  -1.82961
   3.60616  -0.94157  -1.90443
   3.56127  -0.89668  -2.02414
   3.57623  -0.83682  -2.18874
   3.54630  -0.77697  -2.39823
   3.53134  -0.71711  -2.60773
   3.48645  -0.65726  -2.90700
   3.44156  -0.61237  -3.17635
   3.36674  -0.59740  -3.47562
   3.29192  -0.53755  -3.78986
   3.21710  -0.50762  -4.08914
   3.06746  -0.52259  -4.31359
   2.91783  -0.50762  -4.53805
   2.72330  -0.49266  -4.62783
   2.49884  -0.50762  -4.64280
   2.24446  -0.55251  -4.56798
   1.97511  -0.59740  -4.38841
   1.60101  -0.67222  -4.17892
   1.18203  -0.73208  -3.90957
   0.77801  -0.80690  -3.61030
   0.29917  -0.86675  -3.32599
  -0.14975  -0.88172  -3.10153
  -0.65851  -0.91164  -2.90700
  -1.12239  -0.86675  -2.74240
  -1.58627  -0.79193  -2.68254
  -2.02022  -0.68719  -2.71247
  -2.42424  -0.58244  -2.77233
  -2.85819  -0.46273  -2.89204
  -3.21732  -0.35798  -3.02671
  -3.59141  -0.23827  -3.17635
  -3.96550  -0.05871  -3.38584
  -4.33960   0.12086  -3.56541
  -4.69873   0.24057  -3.71504
  -5.05786   0.33035  -3.80483
  -5.41699   0.47999  -3.87965
  -5.68634   0.56977  -3.93950
  -5.92576   0.68948  -3.93950
  -6.07539   0.83912  -3.89461
  -6.32978   0.91394  -3.80483
  -6.32978   0.98875  -3.71504
  -6.21007   1.00372  -3.56541
  -6.09036   0.97379  -3.40081
  -5.86590   0.97379  -3.25117
  -5.38706   0.91394  -3.11649
  -5.02793   0.82415  -2.95189
  -4.56405   0.70444  -2.78729
  -4.05529   0.59970  -2.65262
  -3.54652   0.46502  -2.50298
  -2.97790   0.30042  -2.35334
  -2.42424   0.19567  -2.20370
  -2.02022   0.04604  -2.03910
  -1.63116  -0.10360  -1.78472
  -1.34685  -0.14849  -1.53034
  -1.18224  -0.25324  -1.21610
  -1.06253  -0.32806  -0.79711
  -1.04757  -0.40288  -0.37813
  -1.09246  -0.43280   0.14561
  -1.13735  -0.47769   0.68430
  -1.22714  -0.47769   1.25292
  -1.30195  -0.46273   1.82155
  -1.33188  -0.41784   2.39017
  -1.40670  -0.41784   2.92887
  -1.40670  -0.44777   3.51245
  -1.39174  -0.41784   4.00626
  -1.30195  -0.40288   4.51502
  -1.18224  -0.38791   4.91905
  -0.98772  -0.29813   5.29314
  -0.80815  -0.25324   5.57745
  -0.61362  -0.17842   5.83183
  -0.41909  -0.14849   6.07125
  -0.17967  -0.10360   6.28075
   0.04478  -0.11856   6.49024
   0.25428  -0.13353   6.66981
   0.47873  -0.17842   6.81944
   0.62837  -0.23827   6.95412
   0.79297  -0.32806   7.08879
   0.92765  -0.38791   7.16361
   1.06232  -0.44777   7.25339
   1.16707  -0.49266   7.34317
   1.27181  -0.53755   7.44792
   1.33167  -0.56748   7.53770
   1.39152  -0.55251   7.62749
   1.45138  -0.58244   7.71727
   1.51123  -0.58244   7.76216
   1.58605  -0.59740   7.77712
   1.66087  -0.55251   7.77712
   1.79554  -0.55251   7.71727
   1.96015  -0.50762   7.61252
   2.09482  -0.46273   7.47785
   2.27438  -0.41784   7.31325
   2.49884  -0.37295   7.11872
   2.66344  -0.34302   6.89426
   2.82804  -0.28317   6.62491
   2.97768  -0.22331   6.40046
   3.11235  -0.20835   6.17600
   3.15725  -0.16346   5.95154
   3.18717  -0.11856   5.71212
   3.23206  -0.05871   5.54752
   3.23206   0.00115   5.33803
   3.27696   0.06100   5.14350
   3.30688   0.12086   4.97890
   3.32185   0.21064   4.75444
   3.35177   0.33035   4.52999
   3.39667   0.40517   4.30553
   3.45652   0.55481   4.03618
   3.48645   0.67452   3.78180
   3.53134   0.76430   3.49749
   3.57623   0.89897   3.19821
   3.57623   0.94386   2.88397
   3.59119   0.95883   2.53981
   3.60616   1.03365   2.15075
   3.60616   1.04861   1.74673
   3.59119   1.04861   1.31278
   3.59119   1.01868   0.86387
   3.59119   1.00372   0.38503
   3.59119   0.95883  -0.09381
   3.56127   0.92890  -0.66244
   3.56127   0.94386  -1.17121
   3.50141   0.97379  -1.75479
   3.45652   0.92890  -2.27852
   3.35177   0.98875  -2.80225
   3.27696   1.04861  -3.31102
   3.15725   1.04861  -3.77490
   2.99264   1.04861  -4.22381
   2.87293   1.07854  -4.64280
   2.70833   1.04861  -5.00193
   2.57366   0.98875  -5.37602
   2.42402   0.92890  -5.70522
   2.28935   0.88401  -5.98954
   2.13971   0.77926  -6.27385
   2.00504   0.70444  -6.51327
   1.94518   0.59970  -6.73772
   1.82547   0.55481  -6.97714
   1.76562   0.46502  -7.15671
   1.69080   0.42013  -7.30635
   1.64591   0.34531  -7.50088
   1.58605   0.27049  -7.66548
   1.52620   0.16575  -7.77022
   1.45138   0.15078  -7.90490
   1.36159   0.10589  -8.05453
   1.22692   0.10589  -8.18921
   1.10721   0.06100  -8.35381
   0.92765   0.04604  -8.48848
   0.74808   0.03107  -8.63812
   0.50866   0.04604  -8.80272
   0.28420   0.04604  -8.95236
  -1.1E-40   0.07596  -9.11696
  -0.34427   0.09093  -9.25164
  -0.65851   0.12086  -9.35638
  -1.04757   0.07596  -9.41624
  -1.39174   0.06100  -9.50602
  -1.76583   0.06100  -9.55091
  -2.16985   0.04604  -9.58084
  -2.55891   0.03107  -9.56587
  -2.96293  -0.04375  -9.50602
  -3.35199  -0.13353  -9.40127
  -3.72608  -0.20835  -9.28156
  -4.08521  -0.29813  -9.11696
  -4.41442  -0.41784  -8.92243
  -4.74362  -0.47769  -8.68301
  -4.98304  -0.56748  -8.41367
  -5.26735  -0.68719  -8.08446
  -5.53670  -0.83682  -7.69540
  -5.74619  -0.97150  -7.24649
  -5.94072  -1.04632  -6.72276
  -6.18014  -1.19595  -6.18406
  -6.47942  -1.30070  -5.57055
  -6.68891  -1.43538  -4.85229
  -6.94329  -1.51019  -4.11907
  -7.18271  -1.55509  -3.31102
  -7.39221  -1.58501  -2.45809
  -7.60170  -1.57005  -1.57523
  -7.82615  -1.57005  -0.66244
  -7.96083  -1.54012   0.26532
  -8.06557  -1.48027   1.16314
  -8.09550  -1.43538   2.06097
  -8.08054  -1.37552   2.89894
  -7.96083  -1.27077   3.72194
  -7.81119  -1.18099   4.47013
  -7.54184  -1.09121   5.21832
  -7.27250  -1.06128   5.89169
  -6.91336  -0.95653   6.44535
  -6.52431  -0.88172   6.95412
  -6.15021  -0.80690   7.41799
  -5.68634  -0.70215   7.83698
  -5.13268  -0.56748   8.15122
  -4.69873  -0.44777   8.43553
  -4.23485  -0.34302   8.68991
  -3.75601  -0.22331   8.94430
  -3.32206  -0.13353   9.09393
  -2.87315   0.04604   9.18372
  -2.42424   0.15078   9.24357
  -2.00525   0.30042   9.25854
  -1.57130   0.43509   9.24357
  -1.16728   0.53984   9.13883
  -0.73333   0.64459   8.98919
  -0.28442   0.73437   8.77970
   0.16449   0.77926   8.60013
   0.65830   0.85408   8.33078
   1.10721   0.88401   8.07640
   1.60101   0.92890   7.77712
   2.04993   0.92890   7.47785
   2.46891   0.88401   7.17857
   2.94775   0.88401   6.87930
   3.35177   0.83912   6.58002
   3.71090   0.76430   6.28075
   4.04011   0.73437   5.98147
   4.32442   0.67452   5.66723
   4.54888   0.61466   5.36796
   4.77333   0.59970   5.06868
   4.95290   0.56977   4.76941
   5.05764   0.56977   4.45517
   5.14743   0.59970   4.14093
   5.20728   0.65955   3.82669
   5.25217   0.73437   3.52742
   5.26714   0.80919   3.25807
   5.28210   0.89897   2.98872
   5.25217   1.01868   2.71937
   5.29706   1.12343   2.50988
   5.22224   1.21321   2.33031
   5.22224   1.28803   2.13579
   5.16239   1.30299   1.95622
   5.16239   1.36285   1.86644
   5.13246   1.37781   1.70184
   5.07261   1.37781   1.61205
   5.01275   1.33292   1.50731
   4.95290   1.27307   1.38760
   4.84815   1.25810   1.25292
   4.72844   1.18328   1.10329
   4.62369   1.07854   0.95365
   4.53391   1.06357   0.77408
   4.41420   0.92890   0.59452
   4.29449   0.80919   0.38503
   4.15982   0.65955   0.13064
   4.05507   0.56977  -0.13871
   3.93536   0.47999  -0.48287
   3.80069   0.34531  -0.79711
   3.66601   0.19567  -1.08142
   3.53134   0.03107  -1.39566
   3.39667  -0.08864  -1.66501
   3.23206  -0.22331  -1.93436
   3.05250  -0.31309  -2.17378
   2.82804  -0.43280  -2.32341
   2.57366  -0.50762  -2.51794
   2.25942  -0.59740  -2.60773
   1.90029  -0.68719  -2.68254
   1.51123  -0.73208  -2.75736
   1.09225  -0.73208  -2.81722
   0.70319  -0.77697  -2.81722
   0.22435  -0.80690  -2.90700
  -0.20960  -0.79193  -2.95189
  -0.64355  -0.85179  -3.02671
  -1.10743  -0.88172  -3.11649
  -1.51145  -0.94157  -3.23620
  -1.94540  -0.98646  -3.38584
  -2.33445  -1.06128  -3.53548
  -2.69358  -1.13610  -3.67015
  -3.02279  -1.22588  -3.78986
  -3.41184  -1.36056  -3.92454
  -3.74105  -1.37552  -4.10410
  -4.05529  -1.45034  -4.20885
  -4.41442  -1.42041  -4.29863
  -4.77355  -1.42041  -4.34352
  -5.10275  -1.37552  -4.41834
  -5.43195  -1.31567  -4.44827
  -5.71626  -1.24085  -4.50812
  -5.94072  -1.18099  -4.44827
  -6.22503  -1.12114  -4.41834
  -6.55423  -1.03135  -4.34352
  -6.68891  -0.95653  -4.25374
  -6.89840  -0.91164  -4.10410
  -7.01811  -0.83682  -3.96943
  -7.12286  -0.71711  -3.81979
  -7.19768  -0.64230  -3.65519
  -7.21264  -0.61237  -3.44570
  -7.16775  -0.49266  -3.28110
  -7.06300  -0.38791  -3.04168
  -6.92833  -0.34302  -2.80225
  -6.73380  -0.26820  -2.56283
  -6.46445  -0.22331  -2.29349
  -6.18014  -0.13353  -2.00918
  -5.88087  -0.10360  -1.70990
  -5.37210  -0.02878  -1.47048
  -4.99800   0.00115  -1.24602
  -4.57902   0.12086  -1.03653
  -4.11514   0.13582  -0.84200
  -3.65127   0.18071  -0.66244
  -3.24724   0.21064  -0.46791
  -2.79833   0.22560  -0.33323
  -2.31949   0.18071  -0.16863
  -1.88554   0.15078  -0.01900
  -1.46656   0.06100   0.13064
  -1.01764  -0.05871   0.34013
  -0.56873  -0.13353   0.48977
  -0.10485  -0.23827   0.63941
   0.38895  -0.32806   0.83394
   0.88275  -0.44777   1.02847
   1.37656  -0.55251   1.22300
   1.87036  -0.62733   1.44745
   2.39409  -0.68719   1.62702
   2.88790  -0.71711   1.80658
   3.38170  -0.76201   1.95622
   3.84558  -0.73208   2.07593
   4.27953  -0.73208   2.15075
   4.66859  -0.71711   2.22557
   5.02772  -0.68719   2.25550
   5.32699  -0.61237   2.27046
   5.61130  -0.52259   2.25550
   5.83576  -0.46273   2.21060
   6.00036  -0.34302   2.19564
   6.10511  -0.28317   2.10586
   6.22482  -0.11856   2.03104
   6.29964  -0.02878   1.97118
   6.32956   0.09093   1.89637
   6.31460   0.21064   1.80658
   6.32956   0.36028   1.70184
   6.32956   0.46502   1.61205
   6.29964   0.55481   1.53724
   6.28467   0.67452   1.46242
   6.26971   0.74933   1.40256
   6.22482   0.85408   1.35767
   6.15000   0.95883   1.26789
   6.10511   1.01868   1.22300
   6.03029   1.07854   1.16314
   5.94051   1.16832   1.13321
   5.86569   1.25810   1.08832
   5.76094   1.30299   1.07336
   5.59634   1.33292   1.11825
   5.41677   1.33292   1.14818
   5.20728   1.36285   1.17811
   5.02772   1.40774   1.26789
   4.84815   1.34788   1.38760
   4.66859   1.33292   1.50731
   4.45909   1.27307   1.64198
   4.29449   1.25810   1.80658
   4.17478   1.19825   1.95622
   4.01018   1.12343   2.13579
   3.84558   1.03365   2.31535
   3.65105   0.98875   2.43506
   3.44156   0.92890   2.55477
   3.21710   0.88401   2.65952
   2.94775   0.79423   2.77923
   2.60359   0.73437   2.80916
   2.25942   0.70444   2.80916
   1.88533   0.71941   2.76426
   1.43641   0.67452   2.71937
   1.04736   0.65955   2.62959
   0.59844   0.64459   2.50988
   0.11960   0.64459   2.36024
  -0.32931   0.67452   2.22557
  -0.73333   0.68948   2.07593
  -1.10743   0.71941   1.91133
  -1.49648   0.70444   1.79162
  -1.87058   0.62962   1.68687
  -2.21474   0.65955   1.53724
  -2.51402   0.62962   1.46242
  -2.82826   0.59970   1.34271
  -3.08264   0.61466   1.23796
  -3.33703   0.53984   1.14818
  -3.59141   0.55481   1.05840
  -3.80090   0.49495   0.90876
  -3.99543   0.50991   0.69926
  -4.17500   0.46502   0.48977
  -4.32463   0.42013   0.25035
  -4.48924   0.34531  -0.04892
  -4.57902   0.24057  -0.36316
  -4.71369   0.16575  -0.72229
  -4.80347   0.07596  -1.11135
  -4.84837   0.00115  -1.51537
  -4.86333  -0.13353  -1.87450
  -4.89326  -0.23827  -2.24860
  -4.83340  -0.34302  -2.57780
  -4.74362  -0.44777  -2.89204
  -4.65384  -0.62733  -3.14642
  -4.51916  -0.74704  -3.35591
  -4.33960  -0.85179  -3.52052
  -4.17500  -0.98646  -3.61030
  -3.99543  -1.07624  -3.62526
  -3.83083  -1.09121  -3.64023
  -3.65127  -1.13610  -3.55044
  -3.51659  -1.12114  -3.50555
  -3.36695  -1.04632  -3.40081
  -3.24724  -0.98646  -3.32599
  -3.14250  -0.88172  -3.26613
  -3.02279  -0.79193  -3.19131
  -2.94797  -0.65726  -3.16139
  -2.87315  -0.53755  -3.13146
  -2.82826  -0.43280  -3.11649
  -2.79833  -0.38791  -3.07160
  -2.84322  -0.40288  -3.07160
  -2.85819  -0.40288  -3.04168
  -2.88811  -0.35798  -3.02671
  -2.85819  -0.38791  -2.99678
  -2.87315  -0.41784  -2.93693
  -2.82826  -0.50762  -2.83218
  -2.75344  -0.49266  -2.75736
  -2.70855  -0.52259  -2.60773
  -2.63373  -0.55251  -2.50298
  -2.51402  -0.56748  -2.33838
  -2.34942  -0.58244  -2.20370
  -2.19978  -0.58244  -2.09896
  -2.03518  -0.55251  -1.96428
  -1.81072  -0.55251  -1.79968
  -1.60123  -0.50762  -1.65005
  -1.34685  -0.56748  -1.50041
  -1.09246  -0.55251  -1.29092
  -0.82311  -0.53755  -1.06646
  -0.58369  -0.50762  -0.88689
  -0.28442  -0.47769  -0.64747
  -0.01507  -0.49266  -0.37813
   0.22435  -0.55251  -0.07885
   0.43384  -0.59740   0.14561
   0.64333  -0.58244   0.41495
   0.82290  -0.62733   0.71423
   0.92765  -0.67222   0.99854
   1.06232  -0.71711   1.26789
   1.13714  -0.79193   1.55220
   1.18203  -0.82186   1.79162
   1.24188  -0.85179   2.03104
   1.27181  -0.86675   2.24053
   1.31670  -0.79193   2.43506
   1.36159  -0.79193   2.64455
   1.43641  -0.71711   2.82412
   1.52620  -0.68719   2.98872
   1.64591  -0.61237   3.10843
   1.79554  -0.62733   3.28800
   1.90029  -0.61237   3.40771
   2.04993  -0.58244   3.51245
   2.24446  -0.55251   3.57231
   2.37913  -0.53755   3.63216
   2.51380  -0.52259   3.70698
   2.63351  -0.44777   3.67705
   2.75322  -0.40288   3.64713
   2.85797  -0.34302   3.63216
   2.93279  -0.25324   3.55734
   2.99264  -0.11856   3.48252
   3.05250  -0.01382   3.37778
   3.09739   0.04604   3.28800
   3.12732   0.15078   3.19821
   3.17221   0.27049   3.04858
   3.14228   0.36028   2.95879
   3.09739   0.46502   2.80916
   3.06746   0.58473   2.62959
   2.97768   0.67452   2.45002
   2.85797   0.67452   2.28542
   2.76819   0.70444   2.06097
   2.67841   0.73437   1.77666
   2.55870   0.76430   1.49234
   2.45395   0.71941   1.22300
   2.30431   0.70444   0.83394
   2.15467   0.64459   0.48977
   1.93022   0.58473   0.11568
   1.72072   0.55481  -0.30331
   1.46634   0.42013  -0.76718
   1.15210   0.34531  -1.24602
   0.91268   0.27049  -1.66501
   0.61341   0.10589  -2.12889
   0.28420   0.04604  -2.56283
   0.01486  -0.05871  -2.93693
  -0.25449  -0.13353  -3.34095
  -0.49391  -0.20835  -3.67015
  -0.68844  -0.29813  -3.93950
  -0.82311  -0.31309  -4.22381
  -0.97275  -0.35798  -4.43330
  -1.03261  -0.40288  -4.58294
  -1.10743  -0.47769  -4.74754
  -1.12239  -0.46273  -4.86725
  -1.16728  -0.50762  -4.95704
  -1.19721  -0.52259  -5.03186
  -1.19721  -0.50762  -5.06178
  -1.25706  -0.52259  -5.06178
  -1.33188  -0.47769  -5.09171
  -1.39174  -0.47769  -5.10667
  -1.48152  -0.47769  -5.09171
  -1.64612  -0.41784  -5.09171
  -1.76583  -0.41784  -5.04682
  -1.91547  -0.34302  -4.98696
  -2.08007  -0.26820  -4.86725
  -2.27460  -0.20835  -4.74754
  -2.39431  -0.14849  -4.53805
  -2.57387  -0.11856  -4.32856
  -2.75344  -0.04375  -4.07417
  -2.90308  -0.01382  -3.77490
  -3.02279   0.00115  -3.47562
  -3.15746   0.03107  -3.14642
  -3.24724   0.01611  -2.78729
  -3.33703   0.04604  -2.44312
  -3.38192   0.06100  -2.08399
  -3.41184   0.01611  -1.69494
  -3.42681   0.03107  -1.32084
  -3.42681   0.03107  -0.94675
  -3.39688   0.00115  -0.60258
  -3.36695   0.03107  -0.27338
  -3.30710   0.06100   0.01093
  -3.14250   0.09093   0.26532
  -2.99286   0.16575   0.45984
  -2.79833   0.18071   0.66934
  -2.58884   0.19567   0.86387
  -2.31949   0.27049   1.04343
  -2.02022   0.27049   1.25292
  -1.76583   0.28546   1.43249
  -1.42166   0.33035   1.61205
  -1.07750   0.33035   1.82155
  -0.71837   0.36028   2.01608
  -0.34427   0.36028   2.22557
   0.04478   0.33035   2.43506
   0.43384   0.36028   2.58470
   0.80794   0.37524   2.74930
   1.07728   0.34531   2.91390
   1.40649   0.39020   3.04858
   1.64591   0.36028   3.15332
   1.91525   0.37524   3.21318
   2.13971   0.36028   3.27303
   2.37913   0.40517   3.30296
   2.61855   0.42013   3.28800
   2.87293   0.42013   3.27303
   3.11235   0.47999   3.19821
   3.32185   0.49495   3.18325
   3.54630   0.53984   3.12339
   3.75580   0.56977   3.06354
   3.89047   0.59970   2.98872
   3.98025   0.67452   2.91390
   4.07004   0.71941   2.82412
   4.12989   0.76430   2.76426
   4.15982   0.79423   2.70441
   4.11493   0.80919   2.67448
   4.05507   0.80919   2.65952
   3.92040   0.82415   2.58470
   3.78572   0.79423   2.58470
   3.63609   0.70444   2.59966
   3.39667   0.65955   2.56974
   3.20214   0.56977   2.49492
   3.00761   0.45006   2.46499
   2.82804   0.28546   2.40513
   2.57366   0.19567   2.34528
   2.40906   0.09093   2.28542
   2.21453  -0.04375   2.24053
   2.02000  -0.16346   2.16571
   1.82547  -0.26820   2.10586
   1.66087  -0.35798   2.06097
   1.46634  -0.50762   2.01608
   1.28678  -0.56748   1.95622
   1.13714  -0.64230   1.92629
   0.97254  -0.74704   1.88140
   0.80794  -0.79193   1.83651
   0.59844  -0.88172   1.77666
   0.35902  -0.94157   1.67191
   0.13457  -0.92661   1.58213
  -0.13478  -0.94157   1.49234
  -0.41909  -0.92661   1.37263
  -0.77822  -0.94157   1.23796
  -1.13735  -0.89668   1.04343
  -1.49648  -0.88172   0.86387
  -1.88554  -0.86675   0.66934
  -2.22971  -0.79193   0.41495
  -2.55891  -0.79193   0.22042
  -2.84322  -0.73208  -0.06389
  -3.11257  -0.76201  -0.31827
  -3.30710  -0.73208  -0.54273
  -3.51659  -0.74704  -0.81207
  -3.66623  -0.76201  -1.06646
  -3.75601  -0.77697  -1.32084
  -3.81587  -0.77697  -1.60515
  -3.87572  -0.76201  -1.85954
  -3.87572  -0.73208  -2.20370
  -3.87572  -0.73208  -2.47305
  -3.83083  -0.70215  -2.78729
  -3.74105  -0.65726  -3.05664
  -3.65127  -0.67222  -3.35591
  -3.53156  -0.67222  -3.59533
  -3.39688  -0.62733  -3.83475
  -3.24724  -0.58244  -4.02928
  -3.05271  -0.50762  -4.17892
  -2.82826  -0.41784  -4.31359
  -2.63373  -0.34302  -4.35849
  -2.39431  -0.31309  -4.31359
  -2.18482  -0.19338  -4.23878
  -1.97532  -0.13353  -4.08914
  -1.72094  -0.10360  -3.93950
  -1.54137  -0.07367  -3.68512
  -1.36181  -0.02878  -3.50555
  -1.13735   0.03107  -3.29606
  -0.94282   0.07596  -2.99678
  -0.76326   0.07596  -2.74240
  -0.58369   0.13582  -2.51794
  -0.40413   0.15078  -2.27852
  -0.20960   0.15078  -2.02414
  -1.1E-40   0.16575  -1.82961
   0.20939   0.18071  -1.62012
   0.46377   0.22560  -1.42559
   0.68823   0.27049  -1.24602
   0.95757   0.24057  -1.02157
   1.21196   0.33035  -0.84200
   1.54116   0.36028  -0.60258
   1.82547   0.42013  -0.40805
   2.15467   0.47999  -0.18360
   2.54373   0.58473   0.08575
   2.88790   0.62962   0.37006
   3.29192   0.76430   0.65437
   3.68098   0.80919   0.98358
   4.08500   0.91394   1.26789
   4.45909   0.94386   1.58213
   4.84815   0.97379   1.85147
   5.20728   0.98875   2.13579
   5.52152   0.95883   2.39017
   5.82080   0.95883   2.58470
   6.06022   0.92890   2.77923
   6.25474   0.91394   2.89894
   6.46424   0.82415   3.01865
   6.55402   0.77926   3.09347
   6.61387   0.70444   3.10843
   6.61387   0.70444   3.04858
   6.62884   0.64459   2.98872
   6.52409   0.59970   2.88397
   6.41935   0.62962   2.70441
   6.25474   0.61466   2.53981
   6.04525   0.62962   2.34528
   5.76094   0.62962   2.12082
   5.43174   0.68948   1.88140
   5.08757   0.68948   1.61205
   4.68355   0.70444   1.35767
   4.26456   0.71941   1.07336
   3.81565   0.71941   0.78905
   3.36674   0.68948   0.53466
   2.90286   0.68948   0.23539
   2.43899   0.58473  -0.00403
   1.97511   0.52488  -0.25842
   1.54116   0.47999  -0.48287
   1.07728   0.43509  -0.73726
   0.62837   0.36028  -0.93178
   0.16449   0.25553  -1.09639
  -0.26946   0.16575  -1.21610
  -0.71837   0.07596  -1.32084
  -1.10743  -0.01382  -1.38070
  -1.51145  -0.10360  -1.39566
  -1.81072  -0.19338  -1.36573
  -2.11000  -0.31309  -1.27595
  -2.36438  -0.40288  -1.17121
  -2.52898  -0.41784  -0.97668
  -2.64869  -0.49266  -0.70733
  -2.76840  -0.49266  -0.43798
  -2.85819  -0.53755  -0.13871
  -2.88811  -0.52259   0.14561
  -2.91804  -0.49266   0.44488
  -2.91804  -0.46273   0.71423
  -2.91804  -0.40288   0.95365
  -2.93300  -0.40288   1.19307
  -2.96293  -0.41784   1.44745
  -3.02279  -0.35798   1.62702
  -3.05271  -0.37295   1.79162
  -3.11257  -0.38791   1.92629
  -3.23228  -0.38791   2.03104
  -3.33703  -0.40288   2.09089
  -3.47170  -0.40288   2.07593
  -3.63630  -0.43280   2.09089
  -3.81587  -0.40288   1.98615
  -4.04032  -0.43280   1.92629
  -4.26478  -0.41784   1.79162
  -4.48924  -0.46273   1.67191
  -4.68376  -0.43280   1.49234
  -4.95311  -0.49266   1.34271
  -5.17757  -0.44777   1.14818
  -5.44692  -0.49266   0.95365
  -5.68634  -0.49266   0.80401
  -5.86590  -0.50762   0.63941
  -6.03050  -0.56748   0.45984
  -6.29985  -0.56748   0.29524
  -6.43452  -0.59740   0.14561
  -6.50934  -0.59740  -0.03396
  -6.55423  -0.62733  -0.18360
  -6.59913  -0.62733  -0.33323
  -6.59913  -0.70215  -0.46791
  -6.55423  -0.74704  -0.58762
  -6.49438  -0.77697  -0.72229
  -6.34474  -0.82186  -0.78215
  -6.21007  -0.83682  -0.84200
  -6.06043  -0.80690  -0.87193
  -5.85094  -0.77697  -0.85697
  -5.52174  -0.71711  -0.76718
  -5.28231  -0.61237  -0.69236
  -5.07282  -0.49266  -0.54273
  -4.77355  -0.34302  -0.42302
  -4.45931  -0.17842  -0.22849
  -4.14507  -0.04375  -0.03396
  -3.84579   0.10589   0.16057
  -3.51659   0.25553   0.35510
  -3.17242   0.40517   0.50474
  -2.79833   0.55481   0.62445
  -2.43920   0.64459   0.77408
  -2.02022   0.70444   0.89379
  -1.60123   0.74933   0.98358
  -1.16728   0.76430   1.05840
  -0.67348   0.79423   1.11825
  -0.20960   0.80919   1.14818
   0.28420   0.74933   1.13321
   0.82290   0.76430   1.14818
   1.28678   0.71941   1.14818
   1.78058   0.67452   1.16314
   2.24446   0.67452   1.13321
   2.67841   0.64459   1.08832
   3.09739   0.64459   1.04343
   3.45652   0.62962   0.98358
   3.83062   0.67452   0.95365
   4.08500   0.59970   0.87883
   4.35435   0.55481   0.81898
   4.54888   0.53984   0.72919
   4.74340   0.49495   0.66934
   4.87808   0.42013   0.59452
   4.99779   0.37524   0.51970
   5.11750   0.30042   0.42992
   5.19232   0.27049   0.37006
   5.29706   0.21064   0.25035
   5.40181   0.21064   0.13064
   5.50656   0.13582   0.01093
   5.59634   0.12086  -0.10878
   5.68612   0.07596  -0.24345
   5.79087   0.04604  -0.45294
   5.91058  -0.04375  -0.57265
   5.98540  -0.13353  -0.72229
   6.03029  -0.25324  -0.91682
   6.10511  -0.38791  -1.03653
   6.12007  -0.52259  -1.17121
   6.10511  -0.67222  -1.32084
   6.13503  -0.85179  -1.44055
   6.12007  -0.98646  -1.60515
   6.13503  -1.10617  -1.75479
   6.15000  -1.25581  -1.90443
   6.16496  -1.37552  -2.00918
   6.13503  -1.45034  -2.17378
   6.17993  -1.49523  -2.33838
   6.22482  -1.51019  -2.45809
   6.23978  -1.54012  -2.60773
   6.25474  -1.57005  -2.72744
   6.26971  -1.54012  -2.87707
   6.29964  -1.48027  -3.04168
   6.31460  -1.40545  -3.14642
   6.28467  -1.31567  -3.25117
   6.28467  -1.22588  -3.40081
   6.28467  -1.10617  -3.52052
   6.23978  -1.03135  -3.65519
   6.13503  -0.97150  -3.75994
   6.00036  -0.88172  -3.87965
   5.82080  -0.76201  -3.99936
   5.64123  -0.67222  -4.01432
   5.34195  -0.58244  -4.10410
   5.05764  -0.47769  -4.13403
   4.69851  -0.40288  -4.14899
   4.29449  -0.31309  -4.11907
   3.89047  -0.23827  -4.10410
   3.41163  -0.19338  -4.02928
   2.97768  -0.11856  -3.96943
   2.48388  -0.11856  -3.86468
   1.97511  -0.11856  -3.73001
   1.43641  -0.08864  -3.59533
   0.88275  -0.08864  -3.43073
   0.28420  -0.08864  -3.26613
  -0.34427  -0.07367  -3.10153
  -1.03261  -0.05871  -2.84715
  -1.67605  -0.02878  -2.62269
  -2.39431  -0.04375  -2.35334
  -3.11257  -0.01382  -2.05407
  -3.81587   0.04604  -1.73983
  -4.48924   0.07596  -1.41063
  -5.16260   0.15078  -1.05149
  -5.76116   0.19567  -0.69236
  -6.46445   0.22560  -0.27338
  -7.16775   0.36028   0.07079
  -7.67652   0.49495   0.45984
  -8.15536   0.62962   0.83394
  -8.57434   0.76430   1.22300
  -8.96340   0.89897   1.58213
  -9.24771   1.09350   1.89637
  -9.44224   1.22817   2.22557
  -9.57691   1.37781   2.49492
  -9.63677   1.46759   2.74930
  -9.60684   1.58730   2.98872
  -9.53202   1.60227   3.25807
  -9.42728   1.66212   3.40771
  -9.21778   1.70701   3.58727
  -8.94844   1.70701   3.79676
  -8.72398   1.72198   4.00626
  -8.43967   1.73694   4.17086
  -8.11047   1.69205   4.39531
  -7.79623   1.64716   4.58984
  -7.48199   1.63220   4.79934
  -7.13782   1.63220   4.97890
  -6.79365   1.52745   5.17343
  -6.46445   1.45263   5.32307
  -6.16518   1.42270   5.45774
  -5.83597   1.33292   5.59241
  -5.34217   1.21321   5.69716
  -5.02793   1.13839   5.74205
  -4.66880   1.09350   5.78694
  -4.26478   1.00372   5.81687
  -3.84579   1.00372   5.77198
  -3.41184   0.92890   5.71212
  -3.02279   0.86904   5.63731
  -2.54395   0.85408   5.47270
  -2.12496   0.80919   5.36796
  -1.64612   0.76430   5.24825
  -1.21217   0.71941   5.09861
  -0.73333   0.68948   4.91905
  -0.28442   0.67452   4.75444
   0.22435   0.68948   4.57488
   0.71815   0.71941   4.33546
   1.18203   0.67452   4.15589
   1.63094   0.67452   3.94640
   2.09482   0.70444   3.67705
   2.55870   0.71941   3.43763
   3.02257   0.68948   3.21318
   3.42659   0.64459   2.94383
   3.86054   0.64459   2.64455
   4.27953   0.61466   2.33031
   4.66859   0.55481   2.01608
   5.05764   0.49495   1.68687
   5.40181   0.45006   1.34271
   5.76094   0.39020   0.99854
   6.07518   0.36028   0.62445
   6.43431   0.28546   0.26532
   6.76351   0.25553  -0.07885
   7.10768   0.22560  -0.39309
   7.46681   0.16575  -0.75222
   7.82594   0.12086  -1.05149
   8.21500   0.09093  -1.36573
   8.57413   0.03107  -1.65005
   8.93326   0.01611  -1.94932
   9.26246  -0.01382  -2.21867
   9.62159  -0.05871  -2.45809
   9.86101  -0.07367  -2.69751
  10.04058  -0.13353  -2.93693
  10.22014  -0.16346  -3.19131
  10.32489  -0.20835  -3.35591
  10.36978  -0.23827  -3.55044
  10.35481  -0.23827  -3.75994
  10.30992  -0.26820  -3.90957
  10.13036  -0.31309  -4.07417
   9.98072  -0.32806  -4.20885
   9.71137  -0.34302  -4.29863
   9.42706  -0.40288  -4.41834
   9.09786  -0.44777  -4.50812
   8.69384  -0.50762  -4.58294
   8.31974  -0.56748  -4.68769
   7.93069  -0.70215  -4.71762
   7.51170  -0.79193  -4.76251
   7.04782  -0.91164  -4.80740
   6.56898  -0.98646  -4.85229
   6.12007  -1.07624  -4.88222
   5.61130  -1.16603  -4.86725
   5.11750  -1.22588  -4.83733
   4.57880  -1.30070  -4.77747
   4.04011  -1.33063  -4.71762
   3.45652  -1.39048  -4.55301
   2.84301  -1.40545  -4.41834
   2.19957  -1.37552  -4.28367
   1.52620  -1.34559  -4.10410
   0.80794  -1.30070  -3.92454
   0.05975  -1.21092  -3.74497
  -0.67348  -1.13610  -3.52052
  -1.42166  -1.09121  -3.29606
  -2.19978  -1.03135  -3.08657
  -2.94797  -0.92661  -2.84715
  -3.66623  -0.86675  -2.62269
  -4.39945  -0.80690  -2.35334
  -5.05786  -0.68719  -2.11392
  -5.64145  -0.62733  -1.85954
  -6.16518  -0.56748  -1.60515
  -6.80862  -0.52259  -1.32084
  -7.28746  -0.47769  -1.08142
  -7.70644  -0.43280  -0.81207
  -8.11047  -0.40288  -0.58762
  -8.49952  -0.32806  -0.31827
  -8.87362  -0.26820  -0.03396
  -9.23275  -0.20835   0.23539
  -9.50210  -0.17842   0.54963
  -9.78641  -0.14849   0.83394
 -10.05575  -0.08864   1.16314
 -10.29517  -0.07367   1.44745
 -10.48970   0.00115   1.76169
 -10.71416   0.06100   2.03104
 -10.84883   0.06100   2.34528
 -10.96854   0.04604   2.61463
 -10.99847   0.07596   2.82412
 -11.02840   0.06100   3.00368
 -10.98351   0.07596   3.13836
 -10.89373   0.07596   3.25807
 -10.74409   0.09093   3.33289
 -10.54956   0.06100   3.40771
 -10.32510   0.07596   3.39274
 -10.04079   0.07596   3.39274
  -9.72655   0.01611   3.39274
  -9.42728   0.01611   3.37778
  -9.06815   0.01611   3.31792
  -8.66412  -0.04375   3.28800
  -8.30499   0.04604   3.16829
  -7.88601   0.07596   3.07850
  -7.40717   0.09093   3.00368
  -6.92833   0.13582   2.94383
  -6.47942   0.13582   2.85405
  -6.07539   0.27049   2.76426
  -5.44692   0.34531   2.70441
  -4.89326   0.39020   2.64455
  -4.38449   0.50991   2.56974
  -3.77098   0.58473   2.55477
  -3.15746   0.73437   2.49492
  -2.58884   0.85408   2.45002
  -1.96036   0.91394   2.40513
  -1.37677   1.00372   2.34528
  -0.76326   1.12343   2.24053
  -0.13478   1.18328   2.13579
   0.50866   1.24314   2.00111
   1.15210   1.22817   1.86644
   1.75065   1.27307   1.71680
   2.34920   1.28803   1.55220
   2.99264   1.30299   1.41753
   3.60616   1.22817   1.28285
   4.15982   1.18328   1.13321
   4.71348   1.13839   1.02847
   5.25217   1.04861   0.90876
   5.68612   0.95883   0.75912
   6.19489   0.86904   0.60948
   6.62884   0.71941   0.47481
   7.00293   0.56977   0.37006
   7.37703   0.45006   0.23539
   7.67630   0.31538   0.10071
   7.99054   0.21064  -0.07885
   8.27485   0.06100  -0.24345
   8.52924  -0.05871  -0.37813
   8.73873  -0.10360  -0.51280
   8.94822  -0.19338  -0.63251
   9.05297  -0.26820  -0.73726
   9.18764  -0.28317  -0.85697
   9.21757  -0.38791  -0.94675
   9.23253  -0.38791  -1.03653
   9.24750  -0.35798  -1.15624
   9.20261  -0.41784  -1.23106
   9.11282  -0.44777  -1.27595
   9.02304  -0.46273  -1.33581
   8.90333  -0.43280  -1.39566
   8.81355  -0.41784  -1.39566
   8.66391  -0.46273  -1.38070
   8.49931  -0.41784  -1.36573
   8.33471  -0.37295  -1.33581
   8.11025  -0.40288  -1.30588
   7.88579  -0.32806  -1.33581
   7.60148  -0.32806  -1.33581
   7.27228  -0.26820  -1.35077
   6.92811  -0.23827  -1.38070
   6.56898  -0.14849  -1.45552
   6.15000  -0.07367  -1.50041
   5.71605  -0.02878  -1.57523
   5.23721   0.04604  -1.67997
   4.75837   0.16575  -1.81465
   4.29449   0.25553  -1.87450
   3.81565   0.33035  -1.97925
   3.29192   0.45006  -2.05407
   2.78315   0.50991  -2.14385
   2.19957   0.50991  -2.20370
   1.64591   0.58473  -2.27852
   1.06232   0.62962  -2.35334
   0.47873   0.67452  -2.39823
  -0.14975   0.68948  -2.41320
  -0.80815   0.76430  -2.45809
  -1.43663   0.73437  -2.50298
  -2.09503   0.74933  -2.50298
  -2.70855   0.77926  -2.57780
  -3.33703   0.79423  -2.62269
  -3.90565   0.80919  -2.66758
  -4.50420   0.82415  -2.69751
  -5.08779   0.82415  -2.77233
  -5.61152   0.88401  -2.81722
  -6.03050   0.83912  -2.81722
  -6.62905   0.82415  -2.84715
  -7.07797   0.85408  -2.89204
  -7.43710   0.91394  -2.95189
  -7.81119   0.89897  -2.93693
  -8.15536   0.89897  -2.95189
  -8.42470   0.85408  -2.92197
  -8.64916   0.86904  -2.87707
  -8.79880   0.83912  -2.80225
  -8.97836   0.83912  -2.71247
  -9.06815   0.80919  -2.62269
  -9.20282   0.83912  -2.53291
  -9.29260   0.82415  -2.41320
  -9.36742   0.76430  -2.23363
  -9.44224   0.73437  -2.14385
  -9.45720   0.73437  -2.03910
  -9.44224   0.70444  -1.88947
  -9.45720   0.65955  -1.76976
  -9.39735   0.62962  -1.63508
  -9.30757   0.64459  -1.50041
  -9.14297   0.59970  -1.32084
  -8.96340   0.53984  -1.15624
  -8.84369   0.43509  -0.91682
  -8.60427   0.42013  -0.70733
  -8.33492   0.36028  -0.48287
  -8.08054   0.30042  -0.19856
  -7.75134   0.19567   0.05582
  -7.42213   0.09093   0.32517
  -7.07797   0.00115   0.53466
  -6.70387  -0.08864   0.77408
  -6.29985  -0.22331   1.01350
  -5.94072  -0.29813   1.22300
  -5.35713  -0.41784   1.41753
  -4.84837  -0.49266   1.56716
  -4.41442  -0.58244   1.76169
  -3.92061  -0.65726   1.92629
  -3.38192  -0.65726   2.01608
  -2.87315  -0.71711   2.10586
  -2.31949  -0.74704   2.18068
  -1.78080  -0.82186   2.28542
  -1.21217  -0.82186   2.31535
  -0.67348  -0.91164   2.34528
  -0.14975  -0.94157   2.33031
   0.46377  -0.97150   2.28542
   1.07728  -1.03135   2.25550
   1.63094  -1.06128   2.25550
   2.27438  -1.07624   2.19564
   2.81308  -1.18099   2.19564
   3.38170  -1.16603   2.18068
   3.96529  -1.18099   2.18068
   4.47406  -1.22588   2.21060
   5.01275  -1.21092   2.24053
   5.53648  -1.21092   2.31535
   6.00036  -1.16603   2.34528
   6.44927  -1.16603   2.39017
   6.85329  -1.13610   2.37521
   7.25732  -1.06128   2.39017
   7.63141  -1.03135   2.37521
   7.97558  -1.01639   2.34528
   8.27485  -0.98646   2.36024
   8.49931  -0.95653   2.31535
   8.69384  -0.91164   2.28542
   8.87340  -0.86675   2.25550
   8.96318  -0.80690   2.22557
   9.06793  -0.76201   2.21060
   9.12779  -0.67222   2.18068
   9.15771  -0.64230   2.16571
   9.14275  -0.59740   2.16571
   9.06793  -0.55251   2.15075
   9.00808  -0.44777   2.10586
   8.90333  -0.37295   2.06097
   8.82851  -0.26820   2.04600
   8.72376  -0.20835   2.03104
   8.58909  -0.13353   1.97118
   8.40953  -0.05871   1.92629
   8.21500   0.00115   1.86644
   7.97558   0.09093   1.77666
   7.70623   0.16575   1.70184
   7.45185   0.19567   1.64198
   7.07775   0.19567   1.55220
   6.65877   0.21064   1.43249
   6.20985   0.21064   1.34271
   5.74598   0.24057   1.20803
   5.26714   0.19567   1.07336
   4.69851   0.19567   0.90876
   4.12989   0.19567   0.77408
   3.56127   0.21064   0.65437
   2.96272   0.16575   0.56459
   2.34920   0.15078   0.45984
   1.72072   0.16575   0.37006
   1.06232   0.19567   0.28028
   0.41888   0.16575   0.20546
  -0.26946   0.12086   0.17553
  -0.92786   0.13582   0.08575
  -1.54137   0.13582   0.02590
  -2.15489   0.10589  -0.03396
  -2.76840   0.04604  -0.09381
  -3.33703   0.04604  -0.15367
  -3.89069   0.04604  -0.24345
  -4.44434   0.01611  -0.30331
  -4.92318   0.00115  -0.42302
  -5.40203  -0.01382  -0.48287
  -5.85094  -0.01382  -0.57265
  -6.29985  -0.02878  -0.61755
  -6.82358  -0.04375  -0.69236
  -7.21264  -0.04375  -0.73726
  -7.61666  -0.01382  -0.78215
  -8.02068  -0.02878  -0.81207
  -8.42470  -0.02878  -0.84200
  -8.82873  -0.01382  -0.90186
  -9.23275   0.00115  -0.91682
  -9.56195  -0.02878  -0.99164
  -9.89115  -0.05871  -1.03653
 -10.22036  -0.05871  -1.12631
 -10.48970  -0.04375  -1.21610
 -10.72912  -0.02878  -1.35077
 -10.93862   0.01611  -1.53034
 -11.08825   0.06100  -1.70990
 -11.22293   0.06100  -1.91939
 -11.26782   0.10589  -2.11392
 -11.29775   0.10589  -2.33838
 -11.26782   0.13582  -2.50298
 -11.10322   0.12086  -2.66758
 -10.89373   0.12086  -2.80225
 -10.63934   0.12086  -2.93693
 -10.32510   0.15078  -3.02671
  -9.93604   0.18071  -3.07160
  -9.56195   0.10589  -3.07160
  -9.11304   0.06100  -3.02671
  -8.61923  -0.01382  -2.95189
  -8.11047  -0.02878  -2.87707
  -7.55681  -0.11856  -2.75736
  -6.94329  -0.19338  -2.57780
  -6.41956  -0.28317  -2.44312
  -5.91079  -0.34302  -2.24860
  -5.16260  -0.47769  -2.05407
  -4.59398  -0.56748  -1.81465
  -4.01040  -0.68719  -1.62012
  -3.41184  -0.80690  -1.33581
  -2.76840  -0.89668  -1.11135
  -2.13993  -0.97150  -0.87193
  -1.43663  -1.01639  -0.60258
  -0.74830  -1.07624  -0.25842
  -0.10485  -1.19595   0.07079
   0.67326  -1.21092   0.39999
   1.39152  -1.21092   0.71423
   2.15467  -1.21092   1.14818
   2.91783  -1.25581   1.49234
   3.65105  -1.24085   1.91133
   4.32442  -1.19595   2.27046
   5.02772  -1.18099   2.64455
   5.68612  -1.13610   2.98872
   6.35949  -1.09121   3.34785
   7.00293  -1.00143   3.66209
   7.63141  -0.97150   3.93144
   8.25989  -0.85179   4.21575
   8.82851  -0.77697   4.45517
   9.44203  -0.61237   4.60481
   9.96576  -0.53755   4.78437
  10.51942  -0.37295   4.90408
  11.01322  -0.25324   4.99386
  11.49206  -0.08864   5.02379
  12.00083   0.01611   5.05372
  12.40485   0.10589   5.06868
  12.79391   0.22560   5.02379
  13.16800   0.30042   4.93401
  13.46728   0.40517   4.84423
  13.76655   0.42013   4.73948
  14.00597   0.49495   4.60481
  14.21546   0.50991   4.45517
  14.32021   0.47999   4.29057
  14.42496   0.50991   4.11100
  14.45488   0.52488   3.88655
  14.38007   0.49495   3.64713
  14.30525   0.49495   3.36281
  14.12568   0.50991   3.06354
  13.91619   0.49495   2.79419
  13.57202   0.47999   2.49492
  13.22786   0.47999   2.16571
  12.76398   0.40517   1.89637
  12.31507   0.40517   1.58213
  11.80630   0.36028   1.29782
  11.22271   0.33035   1.01350
  10.65409   0.34531   0.72919
  10.02561   0.33035   0.44488
   9.36721   0.28546   0.16057
   8.64895   0.27049  -0.16863
   7.90076   0.28546  -0.45294
   7.07775   0.28546  -0.78215
   6.22482   0.25553  -1.06646
   5.34195   0.25553  -1.35077
   4.38427   0.25553  -1.65005
   3.42659   0.30042  -1.97925
   2.40906   0.28546  -2.26356
   1.49627   0.33035  -2.54787
   0.50866   0.28546  -2.83218
  -0.44902   0.33035  -3.10153
  -1.40670   0.34531  -3.34095
  -2.31949   0.37524  -3.59533
  -3.24724   0.39020  -3.83475
  -4.13011   0.42013  -4.02928
  -4.96808   0.36028  -4.16396
  -5.74619   0.28546  -4.31359
  -6.55423   0.22560  -4.40338
  -7.40717   0.15078  -4.49316
  -8.09550   0.07596  -4.55301
  -8.84369  -0.05871  -4.55301
  -9.51706  -0.10360  -4.59791
 -10.17546  -0.16346  -4.62783
 -10.77402  -0.28317  -4.61287
 -11.34264  -0.34302  -4.61287
 -11.86637  -0.40288  -4.64280
 -12.30032  -0.44777  -4.61287
 -12.74923  -0.52259  -4.62783
 -13.12333  -0.53755  -4.59791
 -13.46749  -0.58244  -4.61287
 -13.73684  -0.58244  -4.61287
 -13.96130  -0.61237  -4.61287
 -14.11093  -0.61237  -4.59791
 -14.24561  -0.59740  -4.55301
 -14.32043  -0.55251  -4.49316
 -14.36532  -0.52259  -4.46323
 -14.33539  -0.47769  -4.38841
 -14.23064  -0.41784  -4.31359
 -14.12590  -0.35798  -4.23878
 -13.99122  -0.32806  -4.11907
 -13.84159  -0.29813  -3.96943
 -13.63209  -0.25324  -3.84972
 -13.42260  -0.20835  -3.71504
 -13.16822  -0.22331  -3.50555
 -12.89887  -0.19338  -3.37088
 -12.59959  -0.22331  -3.14642
 -12.27039  -0.19338  -2.96686
 -11.91126  -0.22331  -2.68254
 -11.47731  -0.23827  -2.45809
 -11.04336  -0.28317  -2.17378
 -10.56452  -0.28317  -1.90443
 -10.05575  -0.31309  -1.62012
  -9.54699  -0.38791  -1.30588
  -8.99333  -0.40288  -0.99164
  -8.40974  -0.40288  -0.66244
  -7.78126  -0.44777  -0.33323
  -7.13782  -0.49266   0.01093
  -6.47942  -0.52259   0.38503
  -5.82101  -0.50762   0.78905
  -4.96808  -0.52259   1.23796
  -4.27974  -0.55251   1.68687
  -3.56148  -0.50762   2.10586
  -2.78337  -0.46273   2.56974
  -2.03518  -0.41784   3.00368
  -1.22714  -0.32806   3.43763
  -0.46398  -0.28317   3.88655
   0.35902  -0.19338   4.30553
   1.15210  -0.01382   4.63473
   1.97511   0.09093   5.02379
   2.76819   0.21064   5.33803
   3.59119   0.34531   5.59241
   4.41420   0.46502   5.84680
   5.25217   0.56977   6.05629
   6.09014   0.64459   6.28075
   6.89819   0.70444   6.46031
   7.72119   0.80919   6.59499
   8.51427   0.83912   6.74462
   9.29239   0.86904   6.87930
  10.07050   0.92890   6.96908
  10.83365   0.94386   7.02894
  11.53695   0.95883   7.07383
  12.19536   0.92890   7.13368
  12.77894   0.94386   7.08879
  13.36253   0.92890   7.01397
  13.84137   0.89897   6.93915
  14.26036   0.86904   6.77455
  14.64941   0.85408   6.58002
  14.96365   0.82415   6.34060
  15.20307   0.82415   6.05629
  15.44249   0.80919   5.80191
  15.59213   0.74933   5.45774
  15.69688   0.74933   5.11357
  15.71184   0.71941   4.72452
  15.69688   0.68948   4.33546
  15.59213   0.62962   3.94640
  15.41257   0.64459   3.48252
  15.18811   0.59970   3.09347
  14.87387   0.61466   2.61463
  14.51474   0.59970   2.15075
  14.09575   0.52488   1.74673
  13.57202   0.53984   1.29782
  13.03333   0.55481   0.87883
  12.43478   0.53984   0.50474
  11.80630   0.55481   0.11568
  11.11797   0.55481  -0.27338
  10.41467   0.58473  -0.67740
   9.66648   0.58473  -1.08142
   8.88837   0.62962  -1.47048
   8.11025   0.62962  -1.84457
   7.34710   0.62962  -2.24860
   6.52409   0.59970  -2.63765
   5.74598   0.62962  -3.05664
   4.93793   0.61466  -3.46066
   4.09996   0.65955  -3.89461
   3.29192   0.65955  -4.31359
   2.43899   0.62962  -4.67272
   1.63094   0.65955  -5.10667
   0.83786   0.61466  -5.43588
  -0.05996   0.59970  -5.78004
  -0.85304   0.56977  -6.09428
  -1.63116   0.52488  -6.34867
  -2.45416   0.53984  -6.64794
  -3.21732   0.50991  -6.87240
  -4.01040   0.47999  -7.09685
  -4.72866   0.43509  -7.27642
  -5.44692   0.40517  -7.41109
  -6.06043   0.37524  -7.56073
  -6.85351   0.33035  -7.68044
  -7.45206   0.27049  -7.72533
  -8.03565   0.22560  -7.75526
  -8.60427   0.18071  -7.75526
  -9.12800   0.15078  -7.71037
  -9.60684   0.07596  -7.63555
 -10.10065   0.06100  -7.48591
 -10.56452  -0.05871  -7.35124
 -10.95358  -0.05871  -7.24649
 -11.31271  -0.08864  -7.02204
 -11.67184  -0.14849  -6.81254
 -11.97112  -0.23827  -6.60305
 -12.25543  -0.25324  -6.39356
 -12.47988  -0.29813  -6.12421
 -12.68938  -0.31309  -5.88479
 -12.85398  -0.34302  -5.63041
 -12.98865  -0.34302  -5.31617
 -13.09340  -0.40288  -4.98696
 -13.15325  -0.43280  -4.65776
 -13.12333  -0.43280  -4.29863
 -13.06347  -0.46273  -3.92454
 -12.94376  -0.41784  -3.56541
 -12.77916  -0.50762  -3.14642
 -12.55470  -0.43280  -2.75736
 -12.27039  -0.46273  -2.32341
 -11.97112  -0.49266  -1.85954
 -11.61199  -0.50762  -1.38070
 -11.20796  -0.55251  -0.90186
 -10.81891  -0.59740  -0.39309
 -10.34007  -0.59740   0.14561
  -9.86123  -0.65726   0.63941
  -9.32253  -0.73208   1.19307
  -8.81376  -0.77697   1.73176
  -8.27507  -0.79193   2.25550
  -7.66155  -0.83682   2.79419
  -7.09293  -0.89668   3.31792
  -6.46445  -0.91164   3.79676
  -5.88087  -0.91164   4.23071
  -5.05786  -0.97150   4.70955
  -4.39945  -1.00143   5.08365
  -3.69616  -1.01639   5.45774
  -2.99286  -1.00143   5.77198
  -2.27460  -0.98646   6.07125
  -1.57130  -0.97150   6.35557
  -0.88297  -0.97150   6.58002
  -0.19464  -0.89668   6.80448
   0.49370  -0.86675   7.02894
   1.13714  -0.83682   7.20850
   1.76562  -0.73208   7.32821
   2.36417  -0.71711   7.46288
   2.97768  -0.59740   7.53770
   3.57623  -0.52259   7.61252
   4.15982  -0.37295   7.62749
   4.69851  -0.29813   7.65741
   5.22224  -0.17842   7.67238
   5.79087  -0.05871   7.58259
   6.29964   0.03107   7.58259
   6.80840   0.13582   7.50778
   7.27228   0.16575   7.44792
   7.75112   0.27049   7.28332
   8.18507   0.37524   7.08879
   8.61902   0.42013   6.89426
   8.99311   0.53984   6.62491
   9.36721   0.58473   6.31068
   9.65152   0.58473   6.02636
   9.93583   0.64459   5.68220
  10.16029   0.73437   5.26321
  10.33985   0.74933   4.90408
  10.47452   0.82415   4.47013
  10.57927   0.86904   4.08107
  10.63913   0.85408   3.70698
  10.65409   0.88401   3.33289
  10.65409   0.91394   2.94383
  10.62416   0.94386   2.56974
  10.56431   0.97379   2.24053
  10.50445   0.92890   1.89637
  10.42963   0.88401   1.59709
  10.30992   0.85408   1.31278
  10.22014   0.80919   1.02847
  10.11539   0.68948   0.75912
   9.98072   0.59970   0.45984
   9.87597   0.58473   0.19050
   9.71137   0.45006  -0.07885
   9.50188   0.33035  -0.34820
   9.26246   0.24057  -0.69236
   9.02304   0.16575  -0.96171
   8.73873   0.06100  -1.24602
   8.48434  -0.04375  -1.53034
   8.12521  -0.10360  -1.82961
   7.79601  -0.16346  -2.12889
   7.46681  -0.23827  -2.44312
   7.07775  -0.35798  -2.69751
   6.68869  -0.44777  -2.95189
   6.28467  -0.47769  -3.22124
   5.91058  -0.50762  -3.46066
   5.49159  -0.56748  -3.67015
   5.07261  -0.58244  -3.87965
   4.60873  -0.64230  -4.04425
   4.14485  -0.67222  -4.20885
   3.60616  -0.70215  -4.37345
   3.12732  -0.73208  -4.50812
   2.57366  -0.80690  -4.61287
   1.96015  -0.82186  -4.77747
   1.39152  -0.89668  -4.88222
   0.76304  -0.97150  -4.95704
   0.10464  -1.00143  -5.09171
  -0.59866  -1.07624  -5.18149
  -1.27203  -1.16603  -5.27128
  -1.97532  -1.22588  -5.34609
  -2.69358  -1.28574  -5.40595
  -3.36695  -1.33063  -5.45084
  -3.99543  -1.37552  -5.49573
  -4.66880  -1.43538  -5.51070
  -5.32721  -1.46530  -5.52566
  -5.83597  -1.45034  -5.51070
  -6.44949  -1.46530  -5.51070
  -7.04804  -1.51019  -5.48077
  -7.52688  -1.46530  -5.45084
  -8.00572  -1.43538  -5.39099
  -8.48456  -1.40545  -5.31617
  -8.87362  -1.34559  -5.22638
  -9.26268  -1.27077  -5.15157
  -9.60684  -1.16603  -5.01689
  -9.92108  -1.06128  -4.83733
 -10.17546  -1.00143  -4.65776
 -10.39992  -0.92661  -4.38841
 -10.59445  -0.85179  -4.16396
 -10.75905  -0.76201  -3.87965
 -10.84883  -0.61237  -3.53548
 -10.86380  -0.50762  -3.20628
 -10.86380  -0.38791  -2.81722
 -10.81891  -0.25324  -2.36831
 -10.71416  -0.14849  -1.90443
 -10.54956  -0.02878  -1.42559
 -10.38496   0.06100  -0.91682
 -10.16050   0.18071  -0.42302
  -9.90612   0.24057   0.07079
  -9.60684   0.31538   0.54963
  -9.27764   0.36028   1.04343
  -8.93347   0.43509   1.53724
  -8.52945   0.49495   1.95622
  -8.14039   0.53984   2.36024
  -7.70644   0.65955   2.71937
  -7.25753   0.70444   3.06354
  -6.83855   0.74933   3.37778
  -6.37467   0.83912   3.64713
  -5.94072   0.83912   3.93144
  -5.31224   0.91394   4.15589
  -4.77355   0.92890   4.35042
  -4.30967   0.95883   4.54495
  -3.74105   1.00372   4.70955
  -3.17242   1.00372   4.82926
  -2.61877   1.01868   4.97890
  -2.03518   1.04861   5.08365
  -1.48152   1.00372   5.18839
  -0.94282   0.97379   5.26321
  -0.38917   0.95883   5.29314
   0.20939   0.89897   5.30810
   0.76304   0.80919   5.30810
   1.31670   0.76430   5.26321
   1.84043   0.68948   5.24825
   2.34920   0.64459   5.14350
   2.81308   0.55481   5.05372
   3.26199   0.53984   4.88912
   3.74083   0.52488   4.72452
   4.11493   0.49495   4.52999
   4.48902   0.50991   4.33546
   4.84815   0.55481   4.06611
   5.17735   0.56977   3.85662
   5.49159   0.61466   3.57231
   5.77590   0.67452   3.31792
   6.03029   0.65955   3.03361
   6.23978   0.68948   2.73434
   6.46424   0.70444   2.43506
   6.65877   0.77926   2.13579
   6.86826   0.83912   1.82155
   7.03286   0.80919   1.56716
   7.19746   0.83912   1.29782
   7.36206   0.89897   0.96861
   7.52666   0.86904   0.69926
   7.67630   0.91394   0.42992
   7.78105   0.89897   0.16057
   7.90076   0.85408  -0.12374
   7.99054   0.86904  -0.40805
   8.05040   0.85408  -0.67740
   8.08032   0.77926  -0.93178
   8.08032   0.71941  -1.21610
   8.00550   0.70444  -1.47048
   7.90076   0.65955  -1.70990
   7.76608   0.56977  -1.94932
   7.55659   0.50991  -2.20370
   7.39199   0.49495  -2.44312
   7.15257   0.42013  -2.65262
   6.91315   0.39020  -2.87707
   6.65877   0.31538  -3.07160
   6.32956   0.30042  -3.29606
   6.06022   0.25553  -3.49059
   5.73101   0.21064  -3.70008
   5.40181   0.19567  -3.87965
   5.11750   0.16575  -4.08914
   4.75837   0.15078  -4.29863
   4.44413   0.13582  -4.47820
   4.12989   0.09093  -4.65776
   3.75580   0.03107  -4.86725
   3.41163   0.00115  -5.03186
   3.05250   0.00115  -5.16653
   2.72330  -0.01382  -5.34609
   2.34920  -0.07367  -5.49573
   1.97511  -0.05871  -5.63041
   1.63094  -0.04375  -5.76508
   1.21196  -0.07367  -5.82493
   0.80794  -0.07367  -5.89975
   0.35902  -0.10360  -5.94464
  -0.11982  -0.08864  -6.01946
  -0.53880  -0.10360  -6.06435
  -1.03261  -0.11856  -6.03443
  -1.49648  -0.11856  -6.01946
  -2.02022  -0.08864  -6.00450
  -2.48409  -0.11856  -5.91472
  -2.99286  -0.10360  -5.85486
  -3.48666  -0.04375  -5.75012
  -3.98047  -0.05871  -5.58551
  -4.47427  -0.04375  -5.37602
  -4.98304  -0.01382  -5.18149
  -5.41699   0.03107  -4.94207
  -5.82101   0.03107  -4.67272
  -6.22503   0.01611  -4.32856
  -6.74876   0.00115  -3.95446
  -7.09293   0.00115  -3.58037
  -7.43710  -0.01382  -3.19131
  -7.75134   0.00115  -2.78729
  -8.06557   0.01611  -2.38327
  -8.26010  -0.01382  -1.93436
  -8.49952  -0.02878  -1.47048
  -8.64916  -0.04375  -0.96171
  -8.79880   0.00115  -0.51280
  -8.87362   0.01611   0.01093
  -8.90355   0.01611   0.53466
  -8.93347   0.00115   1.02847
  -8.90355   0.03107   1.50731
  -8.82873   0.04604   2.00111
  -8.69405   0.01611   2.49492
  -8.55938  -0.01382   3.01865
  -8.37981   0.03107   3.46756
  -8.14039   0.00115   3.94640
  -7.93090  -0.05871   4.39531
  -7.66155  -0.02878   4.78437
  -7.36228  -0.08864   5.20336
  -7.04804  -0.13353   5.54752
  -6.68891  -0.14849   5.89169
  -6.37467  -0.13353   6.17600
  -6.07539  -0.17842   6.47528
  -5.61152  -0.14849   6.69973
  -5.16260  -0.19338   6.90923
  -4.83340  -0.23827   7.10375
  -4.42938  -0.20835   7.23843
  -3.99543  -0.26820   7.37310
  -3.57645  -0.29813   7.44792
  -3.14250  -0.32806   7.50778
  -2.63373  -0.37295   7.52274
  -2.16985  -0.41784   7.47785
  -1.66108  -0.44777   7.47785
  -1.18224  -0.44777   7.37310
  -0.65851  -0.46273   7.31325
  -0.14975  -0.55251   7.22346
   0.37399  -0.58244   7.10375
   0.86779  -0.61237   6.92419
   1.33167  -0.62733   6.75959
   1.84043  -0.62733   6.55010
   2.30431  -0.59740   6.32564
   2.72330  -0.62733   6.07125
   3.17221  -0.62733   5.78694
   3.56127  -0.56748   5.45774
   3.96529  -0.55251   5.12854
   4.30946  -0.55251   4.82926
   4.62369  -0.47769   4.42524
   4.96786  -0.43280   4.06611
   5.22224  -0.35798   3.69202
   5.50656  -0.25324   3.33289
   5.74598  -0.20835   2.97376
   5.98540  -0.11856   2.58470
   6.17993  -0.10360   2.19564
   6.37445   0.00115   1.82155
   6.55402   0.06100   1.44745
   6.70366   0.10589   1.01350
   6.88322   0.15078   0.63941
   6.98797   0.18071   0.26532
   7.09271   0.18071  -0.18360
   7.19746   0.18071  -0.58762
   7.25732   0.18071  -1.02157
   7.30221   0.19567  -1.44055
   7.31717   0.18071  -1.87450
   7.34710   0.18071  -2.27852
   7.33214   0.18071  -2.69751
   7.25732   0.18071  -3.10153
   7.22739   0.16575  -3.46066
   7.16753   0.24057  -3.83475
   7.07775   0.19567  -4.14899
   6.97300   0.22560  -4.46323
   6.86826   0.24057  -4.76251
   6.70366   0.19567  -5.01689
   6.53906   0.19567  -5.27128
   6.35949   0.19567  -5.45084
   6.15000   0.18071  -5.63041
   5.86569   0.10589  -5.75012
   5.58138   0.07596  -5.85486
   5.25217   0.04604  -5.95961
   4.89304   0.03107  -6.03443
   4.51895   0.00115  -6.04939
   4.09996  -0.05871  -6.06435
   3.69594  -0.08864  -6.09428
   3.20214  -0.10360  -6.04939
   2.73826  -0.13353  -6.03443
   2.22949  -0.19338  -5.95961
   1.72072  -0.25324  -5.85486
   1.19699  -0.26820  -5.75012
   0.67326  -0.28317  -5.61544
   0.14953  -0.25324  -5.46580
  -0.38917  -0.26820  -5.27128
  -0.91290  -0.28317  -5.06178
  -1.45159  -0.26820  -4.83733
  -1.94540  -0.29813  -4.55301
  -2.46913  -0.31309  -4.26870
  -2.94797  -0.29813  -3.90957
  -3.42681  -0.31309  -3.55044
  -3.89069  -0.29813  -3.17635
  -4.30967  -0.28317  -2.78729
  -4.77355  -0.29813  -2.38327
  -5.17757  -0.28317  -1.96428
  -5.53670  -0.25324  -1.53034
  -5.83597  -0.25324  -1.14128
  -6.18014  -0.26820  -0.75222
  -6.56920  -0.25324  -0.33323
  -6.79365  -0.25324   0.04086
  -7.01811  -0.23827   0.35510
  -7.21264  -0.23827   0.68430
  -7.34731  -0.28317   0.99854
  -7.48199  -0.25324   1.26789
  -7.57177  -0.22331   1.55220
  -7.60170  -0.20835   1.85147
  -7.57177  -0.16346   2.10586
  -7.55681  -0.10360   2.31535
  -7.48199  -0.07367   2.58470
  -7.37724  -0.05871   2.80916
  -7.28746  -0.04375   3.07850
  -7.10789   0.01611   3.31792
  -6.94329   0.00115   3.58727
  -6.74876   0.04604   3.78180
  -6.53927   0.09093   4.02122
  -6.31481   0.10589   4.23071
  -6.10532   0.10589   4.44021
  -5.86590   0.13582   4.61977
  -5.52174   0.12086   4.79934
  -5.28231   0.12086   4.94897
  -5.01297   0.07596   5.09861
  -4.74362   0.06100   5.18839
  -4.48924   0.09093   5.24825
  -4.16003   0.04604   5.32307
  -3.90565   0.03107   5.33803
  -3.59141  -0.02878   5.33803
  -3.27717  -0.01382   5.35299
  -2.97790  -0.05871   5.32307
  -2.66366  -0.05871   5.29314
  -2.37935  -0.11856   5.23328
  -2.05014  -0.14849   5.20336
  -1.73590  -0.11856   5.09861
  -1.40670  -0.11856   4.97890
  -1.09246  -0.13353   4.79934
  -0.74830  -0.14849   4.66466
  -0.40413  -0.11856   4.50006
  -0.05996  -0.08864   4.29057
   0.26924  -0.04375   4.05115
   0.58348  -0.01382   3.75187
   0.97254   0.06100   3.51245
   1.27181   0.06100   3.22814
   1.60101   0.15078   2.92887
   1.90029   0.13582   2.62959
   2.16964   0.15078   2.36024
   2.43899   0.16575   2.07593
   2.75322   0.15078   1.82155
   3.02257   0.22560   1.56716
   3.23206   0.19567   1.34271
   3.45652   0.21064   1.07336
   3.65105   0.16575   0.86387
   3.83062   0.15078   0.63941
   4.02514   0.12086   0.42992
   4.18975   0.09093   0.20546
   4.33938   0.06100  -0.03396
   4.51895   0.03107  -0.27338
   4.65362  -0.01382  -0.51280
   4.78830  -0.04375  -0.75222
   4.89304  -0.04375  -1.03653
   4.96786  -0.07367  -1.26099
   5.02772  -0.04375  -1.51537
   5.10253  -0.04375  -1.73983
   5.10253  -0.04375  -1.97925
   5.10253   0.00115  -2.20370
   5.13246   0.06100  -2.45809
   5.07261   0.04604  -2.60773
   5.04268   0.06100  -2.83218
   4.98282   0.10589  -2.99678
   4.92297   0.13582  -3.20628
   4.81822   0.15078  -3.40081
   4.77333   0.12086  -3.59533
   4.69851   0.13582  -3.75994
   4.66859   0.13582  -3.93950
   4.62369   0.16575  -4.08914
   4.57880   0.12086  -4.20885
   4.57880   0.09093  -4.34352
   4.53391   0.09093  -4.47820
   4.51895   0.12086  -4.59791
   4.50398   0.09093  -4.65776
   4.47406   0.07596  -4.71762
   4.42917   0.09093  -4.82236
   4.39924   0.12086  -4.80740
   4.32442   0.09093  -4.80740
   4.24960   0.07596  -4.76251
   4.14485   0.09093  -4.71762
   4.08500   0.13582  -4.61287
   3.98025   0.12086  -4.44827
   3.84558   0.15078  -4.32856
   3.71090   0.16575  -4.13403
   3.56127   0.18071  -3.93950
   3.38170   0.18071  -3.68512
   3.24703   0.13582  -3.44570
   3.06746   0.13582  -3.22124
   2.90286   0.12086  -2.92197
   2.75322   0.12086  -2.65262
   2.55870   0.09093  -2.38327
   2.36417   0.06100  -2.09896
   2.19957   0.01611  -1.81465
   2.03496   0.00115  -1.48544
   1.85540  -0.02878  -1.18617
   1.66087  -0.07367  -0.84200
   1.51123  -0.08864  -0.46791
   1.31670  -0.11856  -0.10878
   1.10721  -0.16346   0.26532
   0.92765  -0.13353   0.63941
   0.71815  -0.16346   1.01350
   0.47873  -0.20835   1.43249
   0.26924  -0.14849   1.77666
   0.04478  -0.17842   2.13579
  -0.19464  -0.19338   2.46499
  -0.40413  -0.19338   2.82412
  -0.62859  -0.17842   3.10843
  -0.80815  -0.16346   3.36281
  -0.95779  -0.14849   3.60223
  -1.10743  -0.13353   3.78180
  -1.24210  -0.17842   3.94640
  -1.37677  -0.14849   4.08107
  -1.49648  -0.16346   4.15589
  -1.60123  -0.11856   4.26064
  -1.66108  -0.10360   4.33546
  -1.76583  -0.11856   4.36539
  -1.90051  -0.10360   4.38035
  -2.00525  -0.08864   4.35042
  -2.13993  -0.04375   4.30553
  -2.25964  -0.04375   4.29057
  -2.37935  -0.02878   4.27560
  -2.51402   0.00115   4.24568
  -2.66366  -0.04375   4.15589
  -2.76840  -0.01382   4.08107
  -2.84322   0.00115   3.94640
  -2.96293  -0.01382   3.84165
  -3.05271  -0.01382   3.72194
  -3.09761  -0.04375   3.57231
  -3.15746  -0.02878   3.39274
  -3.20235  -0.05871   3.24310
  -3.23228  -0.07367   3.06354
  -3.27717  -0.04375   2.88397
  -3.26221  -0.08864   2.67448
  -3.27717  -0.05871   2.46499
  -3.24724  -0.04375   2.27046
  -3.27717  -0.08864   2.07593
  -3.26221  -0.10360   1.88140
  -3.30710  -0.10360   1.71680
  -3.35199  -0.11856   1.49234
  -3.36695  -0.11856   1.31278
  -3.44177  -0.16346   1.17811
  -3.50163  -0.14849   0.96861
  -3.57645  -0.14849   0.83394
  -3.68119  -0.16346   0.65437
  -3.77098  -0.20835   0.50474
  -3.87572  -0.23827   0.34013
  -3.95054  -0.22331   0.16057
  -4.02536  -0.23827  -0.01900
  -4.07025  -0.25324  -0.16863
  -4.10018  -0.23827  -0.33323
  -4.10018  -0.25324  -0.54273
  -4.08521  -0.22331  -0.72229
  -4.05529  -0.19338  -0.87193
  -3.99543  -0.17842  -1.03653
  -3.95054  -0.13353  -1.21610
  -3.86076  -0.07367  -1.39566
  -3.78594  -0.05871  -1.53034
  -3.71112  -0.07367  -1.66501
  -3.59141  -0.02878  -1.85954
  -3.51659  -0.01382  -1.97925
  -3.41184   0.04604  -2.09896
  -3.30710   0.06100  -2.26356
  -3.17242   0.13582  -2.38327
  -3.03775   0.16575  -2.51794
  -2.82826   0.13582  -2.62269
  -2.63373   0.15078  -2.75736
  -2.40927   0.24057  -2.87707
  -2.19978   0.27049  -3.04168
  -1.97532   0.28546  -3.16139
  -1.70598   0.25553  -3.26613
  -1.40670   0.30042  -3.38584
  -1.15232   0.31538  -3.53548
  -0.83808   0.34531  -3.65519
  -0.55377   0.30042  -3.80483
  -0.25449   0.25553  -3.92454
   0.05975   0.21064  -4.02928
   0.38895   0.21064  -4.13403
   0.74808   0.18071  -4.26870
   1.10721   0.16575  -4.32856
   1.46634   0.15078  -4.41834
   1.79554   0.15078  -4.47820
   2.15467   0.13582  -4.53805
   2.48388   0.13582  -4.53805
   2.79812   0.13582  -4.56798
   3.15725   0.15078  -4.55301
   3.45652   0.19567  -4.52309
   3.77076   0.22560  -4.46323
   4.09996   0.22560  -4.37345
   4.35435   0.24057  -4.31359
   4.60873   0.27049  -4.23878
   4.89304   0.34531  -4.14899
   5.11750   0.37524  -4.05921
   5.34195   0.42013  -3.96943
   5.56641   0.42013  -3.83475
   5.71605   0.39020  -3.73001
   5.85072   0.43509  -3.61030
   5.98540   0.47999  -3.50555
   6.04525   0.40517  -3.35591
   6.07518   0.46502  -3.19131
   6.09014   0.42013  -2.98182
   6.04525   0.40517  -2.77233
   5.98540   0.36028  -2.53291
   5.91058   0.36028  -2.32341
   5.76094   0.30042  -2.06903
   5.59634   0.30042  -1.81465
   5.41677   0.30042  -1.56026
   5.20728   0.24057  -1.26099
   5.01275   0.22560  -0.93178
   4.71348   0.16575  -0.63251
   4.48902   0.15078  -0.30331
   4.24960   0.10589   0.05582
   4.01018   0.01611   0.38503
   3.69594  -0.04375   0.72919
   3.41163  -0.07367   1.07336
   3.11235  -0.16346   1.41753
   2.81308  -0.19338   1.74673
   2.52877  -0.22331   2.07593
   2.21453  -0.28317   2.40513
   1.91525  -0.29813   2.71937
   1.61598  -0.35798   3.06354
   1.30174  -0.38791   3.37778
   1.01743  -0.37295   3.66209
   0.68823  -0.38791   3.94640
   0.37399  -0.41784   4.21575
   0.04478  -0.40288   4.47013
  -0.28442  -0.41784   4.67963
  -0.58369  -0.35798   4.88912
  -0.88297  -0.32806   5.06868
  -1.19721  -0.28317   5.20336
  -1.51145  -0.22331   5.35299
  -1.78080  -0.17842   5.47270
  -2.11000  -0.16346   5.57745
  -2.39431  -0.10360   5.63731
  -2.70855  -0.02878   5.68220
  -3.00782   0.01611   5.72709
  -3.30710   0.06100   5.71212
  -3.63630   0.09093   5.69716
  -3.93558   0.15078   5.63731
  -4.24982   0.18071   5.59241
  -4.59398   0.16575   5.47270
  -4.87829   0.21064   5.33803
  -5.20750   0.24057   5.17343
  -5.50677   0.22560   4.97890
  -5.79108   0.19567   4.75444
  -6.01554   0.16575   4.52999
  -6.46445   0.10589   4.27560
  -6.73380   0.10589   4.03618
  -7.00315   0.09093   3.73691
  -7.30242   0.06100   3.45260
  -7.54184   0.04604   3.16829
  -7.75134   0.01611   2.88397
  -7.96083  -0.02878   2.56974
  -8.11047  -0.07367   2.28542
  -8.20025  -0.07367   2.01608
  -8.29003  -0.13353   1.73176
  -8.30499  -0.11856   1.44745
  -8.30499  -0.17842   1.19307
  -8.27507  -0.17842   0.90876
  -8.18528  -0.19338   0.62445
  -8.05061  -0.16346   0.37006
  -7.87105  -0.20835   0.11568
  -7.69148  -0.19338  -0.15367
  -7.43710  -0.19338  -0.48287
  -7.19768  -0.17842  -0.78215
  -6.89840  -0.16346  -1.03653
  -6.61409  -0.20835  -1.35077
  -6.26992  -0.16346  -1.66501
  -5.95568  -0.16346  -1.93436
  -5.44692  -0.16346  -2.26356
  -5.01297  -0.11856  -2.60773
  -4.59398  -0.10360  -2.90700
  -4.13011  -0.07367  -3.26613
  -3.65127  -0.05871  -3.56541
  -3.15746   0.00115  -3.86468
  -2.66366   0.04604  -4.19388
  -2.12496   0.12086  -4.46323
  -1.54137   0.16575  -4.71762
  -0.98772   0.21064  -4.97200
  -0.43406   0.25553  -5.19646
   0.11960   0.25553  -5.37602
   0.70319   0.28546  -5.57055
   1.27181   0.39020  -5.72019
   1.82547   0.36028  -5.78004
   2.39409   0.34531  -5.83990
   2.88790   0.34531  -5.85486
   3.39667   0.31538  -5.85486
   3.87551   0.33035  -5.82493
   4.32442   0.30042  -5.78004
   4.78830   0.22560  -5.70522
   5.19232   0.18071  -5.61544
   5.62627   0.12086  -5.49573
   6.00036   0.09093  -5.37602
   6.38942   0.01611  -5.25631
   6.73358  -0.07367  -5.09171
   7.06279  -0.14849  -4.89718
   7.34710  -0.20835  -4.74754
   7.63141  -0.29813  -4.52309
   7.90076  -0.29813  -4.31359
   8.12521  -0.32806  -4.05921
   8.34967  -0.35798  -3.86468
   8.55916  -0.35798  -3.61030
   8.72376  -0.35798  -3.32599
   8.87340  -0.34302  -3.05664
   8.97815  -0.32806  -2.77233
   9.08289  -0.32806  -2.47305
   9.17268  -0.31309  -2.17378
   9.18764  -0.32806  -1.84457
   9.21757  -0.25324  -1.53034
   9.20261  -0.23827  -1.18617
   9.15771  -0.19338  -0.81207
   9.09786  -0.10360  -0.46791
   8.96318  -0.07367  -0.06389
   8.84347  -0.05871   0.31021
   8.67887  -0.02878   0.69926
   8.51427   0.01611   1.04343
   8.31974   0.06100   1.40256
   8.09529   0.06100   1.77666
   7.82594   0.10589   2.09089
   7.60148   0.13582   2.40513
   7.33214   0.19567   2.68945
   7.01790   0.16575   2.95879
   6.70366   0.24057   3.21318
   6.28467   0.22560   3.45260
   5.91058   0.22560   3.70698
   5.43174   0.22560   3.91647
   4.93793   0.24057   4.09604
   4.41420   0.21064   4.27560
   3.87551   0.15078   4.48510
   3.27696   0.15078   4.61977
   2.72330   0.10589   4.72452
   2.10978   0.09093   4.85919
   1.49627   0.01611   4.97890
   0.86779  -0.01382   5.05372
   0.23931  -0.07367   5.12854
  -0.38917  -0.08864   5.17343
  -1.00268  -0.14849   5.18839
  -1.58627  -0.11856   5.20336
  -2.13993  -0.16346   5.15847
  -2.70855  -0.22331   5.12854
  -3.21732  -0.17842   5.06868
  -3.68119  -0.20835   5.00883
  -4.16003  -0.20835   4.90408
  -4.57902  -0.22331   4.82926
  -4.93815  -0.25324   4.67963
  -5.29728  -0.28317   4.50006
  -5.62648  -0.25324   4.33546
  -5.86590  -0.28317   4.15589
  -6.12029  -0.26820   3.97633
  -6.46445  -0.25324   3.72194
  -6.65898  -0.28317   3.51245
  -6.79365  -0.28317   3.28800
  -6.97322  -0.25324   3.04858
  -7.07797  -0.25324   2.77923
  -7.13782  -0.20835   2.49492
  -7.19768  -0.20835   2.24053
  -7.16775  -0.22331   1.94126
  -7.13782  -0.26820   1.64198
  -7.06300  -0.25324   1.34271
  -6.97322  -0.25324   0.98358
  -6.85351  -0.25324   0.63941
  -6.71884  -0.26820   0.28028
  -6.56920  -0.29813  -0.07885
  -6.40460  -0.28317  -0.49784
  -6.25496  -0.32806  -0.85697
  -6.10532  -0.31309  -1.23106
  -5.97065  -0.32806  -1.60515
  -5.65641  -0.32806  -1.96428
  -5.47684  -0.29813  -2.33838
  -5.26735  -0.34302  -2.68254
  -5.08779  -0.37295  -2.98182
  -4.86333  -0.34302  -3.31102
  -4.66880  -0.29813  -3.61030
  -4.47427  -0.31309  -3.86468
  -4.26478  -0.31309  -4.11907
  -4.04032  -0.29813  -4.32856
  -3.83083  -0.25324  -4.52309
  -3.57645  -0.22331  -4.70265
  -3.30710  -0.19338  -4.86725
  -3.02279  -0.16346  -4.94207
  -2.76840  -0.16346  -5.03186
  -2.48409  -0.11856  -5.12164
  -2.21474  -0.05871  -5.21142
  -1.97532  -0.08864  -5.22638
  -1.72094  -0.05871  -5.24135
  -1.46656  -0.01382  -5.22638
  -1.27203  -0.02878  -5.22638
  -1.06253  -0.01382  -5.18149
  -0.88297   0.00115  -5.07675
  -0.71837   0.01611  -5.00193
  -0.56873   0.01611  -4.83733
  -0.37420  -0.01382  -4.64280
  -0.22456   0.00115  -4.40338
  -0.03004  -0.01382  -4.17892
   0.11960   0.00115  -3.89461
   0.35902   0.01611  -3.62526
   0.53859   0.00115  -3.34095
   0.73312  -0.07367  -3.01175
   0.94261  -0.04375  -2.72744
   1.15210  -0.05871  -2.36831
   1.36159  -0.05871  -2.06903
   1.57109  -0.07367  -1.72486
   1.78058  -0.04375  -1.41063
   1.99007  -0.08864  -1.06646
   2.18460  -0.08864  -0.75222
   2.33424  -0.05871  -0.45294
   2.55870  -0.02878  -0.09381
   2.67841  -0.02878   0.17553
   2.82804   0.01611   0.45984
   2.96272  -0.01382   0.75912
   3.08243   0.03107   1.01350
   3.18717   0.07596   1.26789
   3.26199   0.07596   1.55220
   3.32185   0.09093   1.80658
   3.41163   0.15078   2.10586
   3.51638   0.19567   2.34528
   3.60616   0.25553   2.59966
   3.66601   0.22560   2.88397
   3.72587   0.28546   3.12339
   3.77076   0.33035   3.34785
   3.84558   0.39020   3.54238
   3.90543   0.40517   3.72194
   3.92040   0.45006   3.87158
   3.92040   0.46502   4.00626
   3.92040   0.43509   4.18582
   3.90543   0.45006   4.27560
   3.81565   0.46502   4.36539
   3.72587   0.43509   4.42524
   3.63609   0.45006   4.47013
   3.53134   0.42013   4.50006
   3.39667   0.42013   4.48510
   3.24703   0.40517   4.51502
   3.08243   0.37524   4.47013
   2.91783   0.31538   4.47013
   2.75322   0.25553   4.41028
   2.60359   0.21064   4.35042
   2.39409   0.22560   4.24568
   2.19957   0.18071   4.14093
   2.02000   0.13582   4.00626
   1.82547   0.09093   3.87158
   1.60101   0.06100   3.72194
   1.39152   0.04604   3.58727
   1.18203  -0.05871   3.45260
   1.00246  -0.02878   3.24310
   0.79297  -0.05871   3.04858
   0.59844  -0.05871   2.82412
   0.41888  -0.02878   2.62959
   0.22435  -0.05871   2.39017
   0.05975  -0.05871   2.15075
  -0.11982  -0.02878   1.89637
  -0.26946   0.00115   1.64198
  -0.44902   0.00115   1.43249
  -0.58369   0.04604   1.19307
  -0.71837   0.09093   0.95365
  -0.80815   0.13582   0.71423
  -0.92786   0.15078   0.50474
  -1.04757   0.16575   0.28028
  -1.10743   0.13582   0.11568
  -1.22714   0.15078  -0.09381
  -1.27203   0.18071  -0.28834
  -1.34685   0.15078  -0.46791
  -1.43663   0.13582  -0.63251
  -1.52641   0.12086  -0.81207
  -1.58627   0.09093  -0.99164
  -1.61619   0.10589  -1.15624
  -1.67605   0.07596  -1.30588
  -1.70598   0.06100  -1.45552
  -1.73590   0.06100  -1.62012
  -1.75087   0.01611  -1.73983
  -1.76583   0.00115  -1.87450
  -1.81072  -0.02878  -2.00918
  -1.81072  -0.01382  -2.12889
  -1.82569  -0.02878  -2.23363
  -1.84065  -0.04375  -2.33838
  -1.85561  -0.07367  -2.44312
  -1.85561  -0.01382  -2.53291
  -1.85561  -0.01382  -2.63765
  -1.82569  -0.02878  -2.71247
  -1.79576  -0.02878  -2.78729
  -1.78080  -0.05871  -2.84715
  -1.73590  -0.08864  -2.87707
  -1.69101  -0.10360  -2.92197
  -1.58627  -0.10360  -2.96686
  -1.52641  -0.11856  -2.96686
  -1.45159  -0.13353  -2.96686
  -1.34685  -0.10360  -2.98182
  -1.24210  -0.10360  -2.96686
  -1.16728  -0.11856  -2.93693
  -1.06253  -0.08864  -2.95189
  -0.97275  -0.08864  -2.90700
  -0.86801  -0.08864  -2.81722
  -0.79319  -0.08864  -2.78729
  -0.76326  -0.08864  -2.69751
  -0.70340  -0.08864  -2.63765
  -0.64355  -0.10360  -2.57780
  -0.65851  -0.08864  -2.50298
  -0.64355  -0.08864  -2.38327
  -0.62859  -0.11856  -2.27852
  -0.67348  -0.16346  -2.15881
  -0.68844  -0.14849  -2.03910
  -0.70340  -0.11856  -1.91939
  -0.74830  -0.16346  -1.75479
  -0.76326  -0.14849  -1.63508
  -0.79319  -0.16346  -1.47048
  -0.85304  -0.14849  -1.33581
  -0.86801  -0.13353  -1.18617
  -0.88297  -0.16346  -1.02157
  -0.91290  -0.11856  -0.90186
  -0.91290  -0.10360  -0.73726
  -0.95779  -0.07367  -0.60258
  -0.97275  -0.04375  -0.46791
  -1.03261  -0.05871  -0.27338
  -1.07750  -0.02878  -0.16863
  -1.15232  -0.02878  -0.01900
  -1.21217   0.01611   0.11568
  -1.27203   0.00115   0.26532
  -1.33188   0.06100   0.39999
  -1.42166   0.03107   0.54963
  -1.51145   0.09093   0.66934
  -1.55634   0.10589   0.78905
  -1.60123   0.12086   0.93869
  -1.66108   0.12086   1.08832
  -1.67605   0.19567   1.19307
  -1.64612   0.22560   1.31278
  -1.61619   0.22560   1.44745
  -1.54137   0.27049   1.52227
  -1.43663   0.31538   1.59709
  -1.30195   0.31538   1.68687
  -1.18224   0.39020   1.74673
  -1.03261   0.43509   1.82155
  -0.83808   0.42013   1.88140
  -0.67348   0.43509   1.94126
  -0.49391   0.45006   1.95622
  -0.34427   0.47999   1.94126
  -0.11982   0.46502   1.97118
   0.07471   0.50991   1.95622
   0.22435   0.52488   1.94126
   0.43384   0.47999   1.98615
   0.58348   0.46502   2.01608
   0.71815   0.40517   2.03104
   0.86779   0.43509   2.06097
   1.03239   0.42013   2.09089
   1.18203   0.39020   2.19564
   1.33167   0.37524   2.22557
   1.51123   0.37524   2.30039
   1.69080   0.33035   2.36024
   1.88533   0.27049   2.42010
   2.04993   0.22560   2.45002
   2.21453   0.19567   2.46499
   2.40906   0.16575   2.47995
   2.58862   0.13582   2.47995
   2.75322   0.09093   2.45002
   2.91783   0.07596   2.39017
   3.05250   0.06100   2.39017
   3.17221   0.03107   2.33031
   3.26199   0.00115   2.25550
   3.35177   0.03107   2.16571
   3.41163   0.01611   2.09089
   3.48645   0.01611   2.01608
   3.53134   0.03107   1.94126
   3.53134   0.03107   1.85147
   3.57623   0.04604   1.76169
   3.57623   0.07596   1.62702
   3.53134   0.03107   1.55220
   3.51638   0.03107   1.44745
   3.53134   0.03107   1.34271
   3.54630   0.07596   1.22300
   3.51638   0.06100   1.10329
   3.51638   0.06100   0.95365
   3.51638   0.03107   0.83394
   3.51638   0.00115   0.68430
   3.50141  -0.04375   0.54963
   3.47148  -0.11856   0.42992
   3.45652  -0.14849   0.29524
   3.41163  -0.14849   0.11568
   3.30688  -0.19338  -0.00403
   3.20214  -0.22331  -0.19856
   3.06746  -0.28317  -0.37813
   2.94775  -0.26820  -0.51280
   2.76819  -0.28317  -0.67740
   2.58862  -0.31309  -0.78215
   2.40906  -0.29813  -0.90186
   2.21453  -0.28317  -1.02157
   2.03496  -0.28317  -1.09639
   1.82547  -0.29813  -1.17121
   1.58605  -0.28317  -1.26099
   1.36159  -0.22331  -1.32084
   1.18203  -0.16346  -1.38070
   0.97254  -0.11856  -1.39566
   0.77801  -0.13353  -1.42559
   0.56852  -0.11856  -1.44055
   0.32910  -0.07367  -1.44055
   0.11960  -0.01382  -1.44055
  -0.07493   0.04604  -1.42559
  -0.26946   0.03107  -1.38070
  -0.46398   0.06100  -1.30588
  -0.65851   0.04604  -1.23106
  -0.88297   0.00115  -1.12631
  -1.04757   0.03107  -1.06646
  -1.24210   0.03107  -0.97668
  -1.39174   0.00115  -0.85697
  -1.57130   0.03107  -0.79711
  -1.73590  -0.02878  -0.69236
  -1.91547  -0.01382  -0.63251
  -2.08007  -0.04375  -0.60258
  -2.21474  -0.04375  -0.51280
  -2.37935  -0.05871  -0.46791
  -2.55891  -0.02878  -0.42302
  -2.64869  -0.04375  -0.37813
  -2.75344  -0.08864  -0.33323
  -2.85819  -0.10360  -0.30331
  -2.94797  -0.10360  -0.28834
  -2.99286  -0.16346  -0.25842
  -3.06768  -0.16346  -0.27338
  -3.11257  -0.16346  -0.28834
  -3.14250  -0.16346  -0.30331
  -3.18739  -0.19338  -0.30331
  -3.21732  -0.20835  -0.31827
  -3.23228  -0.23827  -0.34820
  -3.26221  -0.26820  -0.36316
  -3.27717  -0.29813  -0.36316
  -3.27717  -0.35798  -0.37813
  -3.24724  -0.34302  -0.40805
  -3.23228  -0.37295  -0.42302
  -3.20235  -0.34302  -0.49784
  -3.12753  -0.34302  -0.51280
  -3.05271  -0.34302  -0.55769
  -2.97790  -0.34302  -0.60258
  -2.88811  -0.26820  -0.67740
  -2.78337  -0.23827  -0.72229
  -2.64869  -0.22331  -0.78215
  -2.49906  -0.19338  -0.84200
  -2.33445  -0.11856  -0.90186
  -2.16985  -0.08864  -0.99164
  -1.99029  -0.08864  -1.02157
  -1.78080  -0.07367  -1.08142
  -1.61619  -0.02878  -1.18617
  -1.43663  -0.04375  -1.24602
  -1.27203  -0.04375  -1.27595
  -1.09246  -0.04375  -1.27595
  -0.94282  -0.05871  -1.33581
  -0.77822  -0.08864  -1.35077
  -0.64355  -0.14849  -1.32084
  -0.55377  -0.17842  -1.35077
  -0.41909  -0.17842  -1.33581
  -0.32931  -0.23827  -1.32084
  -0.20960  -0.31309  -1.33581
  -0.07493  -0.38791  -1.30588
   0.02982  -0.41784  -1.27595
   0.17946  -0.43280  -1.27595
   0.32910  -0.43280  -1.26099
   0.47873  -0.47769  -1.24602
   0.64333  -0.53755  -1.23106
   0.83786  -0.53755  -1.20113
   1.04736  -0.56748  -1.17121
   1.19699  -0.59740  -1.15624
   1.42145  -0.53755  -1.17121
   1.61598  -0.52259  -1.11135
   1.82547  -0.55251  -1.06646
   1.99007  -0.50762  -1.02157
   2.19957  -0.49266  -0.94675
   2.39409  -0.50762  -0.82704
   2.54373  -0.49266  -0.67740
   2.76819  -0.49266  -0.57265
   2.91783  -0.44777  -0.40805
   3.05250  -0.43280  -0.22849
   3.21710  -0.43280  -0.06389
   3.35177  -0.37295   0.07079
   3.50141  -0.35798   0.23539
   3.63609  -0.35798   0.41495
   3.72587  -0.34302   0.57955
   3.86054  -0.31309   0.71423
   3.98025  -0.31309   0.89379
   4.04011  -0.31309   1.01350
   4.12989  -0.22331   1.14818
   4.21967  -0.22331   1.26789
   4.26456  -0.20835   1.40256
   4.27953  -0.19338   1.53724
   4.35435  -0.11856   1.61205
   4.33938  -0.07367   1.71680
   4.35435  -0.02878   1.83651
   4.29449   0.03107   1.92629
   4.27953   0.10589   1.98615
   4.21967   0.13582   2.07593
   4.12989   0.16575   2.13579
   4.02514   0.27049   2.18068
   3.92040   0.33035   2.21060
   3.75580   0.39020   2.25550
   3.57623   0.42013   2.27046
   3.33681   0.49495   2.25550
   3.11235   0.49495   2.25550
   2.88790   0.49495   2.27046
   2.61855   0.52488   2.25550
   2.36417   0.53984   2.18068
   2.04993   0.58473   2.10586
   1.70576   0.59970   2.04600
   1.37656   0.58473   1.97118
   1.06232   0.55481   1.86644
   0.71815   0.55481   1.76169
   0.37399   0.53984   1.67191
   0.01486   0.49495   1.56716
  -0.32931   0.47999   1.44745
  -0.64355   0.42013   1.29782
  -0.98772   0.36028   1.17811
  -1.28699   0.31538   1.05840
  -1.55634   0.27049   0.90876
  -1.82569   0.21064   0.75912
  -2.09503   0.15078   0.60948
  -2.33445   0.16575   0.44488
  -2.54395   0.12086   0.31021
  -2.78337   0.07596   0.16057
  -3.02279   0.04604   0.02590
  -3.20235   0.04604  -0.12374
  -3.39688   0.04604  -0.27338
  -3.57645   0.07596  -0.45294
  -3.77098   0.10589  -0.64747
  -3.93558   0.12086  -0.78215
  -4.14507   0.16575  -0.97668
  -4.30967   0.19567  -1.15624
  -4.48924   0.19567  -1.27595
  -4.62391   0.28546  -1.45552
  -4.77355   0.31538  -1.59019
  -4.89326   0.31538  -1.70990
  -5.04289   0.40517  -1.87450
  -5.13268   0.42013  -1.97925
  -5.25239   0.47999  -2.14385
  -5.34217   0.47999  -2.23363
  -5.44692   0.50991  -2.35334
  -5.50677   0.52488  -2.45809
  -5.58159   0.56977  -2.57780
  -5.62648   0.56977  -2.66758
  -5.67137   0.53984  -2.77233
  -5.73123   0.53984  -2.92197
  -5.76116   0.50991  -3.01175
  -5.82101   0.47999  -3.14642
  -5.83597   0.46502  -3.26613
  -5.85094   0.39020  -3.40081
  -5.89583   0.36028  -3.50555
  -5.92576   0.31538  -3.62526
  -5.94072   0.27049  -3.73001
  -5.91079   0.25553  -3.87965
  -5.89583   0.22560  -3.99936
  -5.86590   0.19567  -4.07417
  -5.79108   0.12086  -4.14899
  -5.68634   0.10589  -4.20885
  -5.56663   0.03107  -4.26870
  -5.44692  -0.01382  -4.23878
  -5.23742  -0.04375  -4.25374
  -5.02793  -0.05871  -4.20885
  -4.77355  -0.11856  -4.13403
  -4.53413  -0.11856  -4.05921
  -4.24982  -0.13353  -3.95446
  -3.93558  -0.14849  -3.80483
  -3.62134  -0.13353  -3.62526
  -3.27717  -0.11856  -3.43073
  -2.90308  -0.13353  -3.20628
  -2.51402  -0.08864  -2.98182
  -2.18482  -0.04375  -2.71247
  -1.79576  -0.01382  -2.41320
  -1.36181   0.00115  -2.11392
  -0.97275   0.06100  -1.79968
  -0.61362   0.10589  -1.47048
  -0.23953   0.09093  -1.11135
   0.17946   0.16575  -0.78215
   0.58348   0.18071  -0.40805
   0.95757   0.21064  -0.07885
   1.34663   0.24057   0.23539
   1.79554   0.30042   0.51970
   2.15467   0.28546   0.84890
   2.52877   0.31538   1.14818
   2.93279   0.33035   1.41753
   3.29192   0.36028   1.67191
   3.66601   0.42013   1.94126
   4.01018   0.40517   2.18068
   4.35435   0.39020   2.43506
   4.68355   0.33035   2.68945
   5.01275   0.33035   2.91390
   5.26714   0.36028   3.13836
   5.53648   0.34531   3.34785
   5.77590   0.34531   3.57231
   6.00036   0.34531   3.76684
   6.19489   0.33035   3.96136
   6.38942   0.37524   4.15589
   6.52409   0.34531   4.32050
   6.67373   0.31538   4.48510
   6.80840   0.33035   4.61977
   6.92811   0.34531   4.73948
   6.97300   0.33035   4.84423
   7.04782   0.31538   4.93401
   7.07775   0.28546   5.02379
   7.06279   0.27049   5.05372
   7.03286   0.28546   5.09861
   7.01790   0.30042   5.11357
   6.95804   0.25553   5.12854
   6.88322   0.27049   5.11357
   6.74855   0.28546   5.08365
   6.62884   0.27049   5.02379
   6.43431   0.30042   4.96394
   6.25474   0.28546   4.85919
   6.06022   0.31538   4.76941
   5.85072   0.28546   4.64970
   5.58138   0.27049   4.52999
   5.28210   0.27049   4.39531
   4.96786   0.24057   4.27560
   4.65362   0.22560   4.11100
   4.32442   0.22560   3.96136
   3.96529   0.21064   3.79676
   3.62112   0.21064   3.61720
   3.23206   0.19567   3.43763
   2.84301   0.15078   3.22814
   2.42402   0.09093   3.04858
   2.02000   0.06100   2.80916
   1.61598   0.04604   2.55477
   1.19699   0.00115   2.31535
   0.74808  -0.01382   2.06097
   0.31413  -0.01382   1.76169
  -0.11982  -0.02878   1.49234
  -0.52384  -0.05871   1.25292
  -0.91290  -0.05871   0.95365
  -1.33188  -0.07367   0.60948
  -1.75087  -0.14849   0.34013
  -2.13993  -0.11856   0.07079
  -2.51402  -0.20835  -0.24345
  -2.88811  -0.23827  -0.55769
  -3.26221  -0.25324  -0.81207
  -3.59141  -0.25324  -1.11135
  -3.90565  -0.29813  -1.36573
  -4.23485  -0.32806  -1.62012
  -4.51916  -0.32806  -1.85954
  -4.81844  -0.34302  -2.12889
  -5.04289  -0.38791  -2.36831
  -5.26735  -0.43280  -2.56283
  -5.43195  -0.44777  -2.81722
  -5.61152  -0.46273  -3.02671
  -5.77612  -0.47769  -3.25117
  -5.92576  -0.46273  -3.44570
  -6.00058  -0.49266  -3.68512
  -6.15021  -0.49266  -3.86468
  -6.24000  -0.50762  -4.08914
  -6.21007  -0.46273  -4.20885
  -6.21007  -0.47769  -4.34352
  -6.19510  -0.43280  -4.47820
  -6.15021  -0.43280  -4.56798
  -6.09036  -0.43280  -4.67272
  -6.03050  -0.40288  -4.76251
  -5.83597  -0.40288  -4.80740
  -5.62648  -0.43280  -4.83733
  -5.52174  -0.44777  -4.83733
  -5.34217  -0.49266  -4.83733
  -5.10275  -0.52259  -4.82236
  -4.87829  -0.55251  -4.77747
  -4.65384  -0.55251  -4.71762
  -4.39945  -0.53755  -4.68769
  -4.14507  -0.56748  -4.58294
  -3.89069  -0.62733  -4.50812
  -3.59141  -0.65726  -4.37345
  -3.32206  -0.67222  -4.26870
  -2.99286  -0.65726  -4.16396
  -2.63373  -0.67222  -3.99936
  -2.33445  -0.71711  -3.87965
  -1.99029  -0.71711  -3.68512
  -1.67605  -0.79193  -3.50555
  -1.31692  -0.82186  -3.28110
  -0.94282  -0.82186  -3.07160
  -0.58369  -0.82186  -2.87707
  -0.23953  -0.82186  -2.66758
   0.13457  -0.80690  -2.42816
   0.49370  -0.83682  -2.17378
   0.88275  -0.82186  -1.94932
   1.22692  -0.82186  -1.70990
   1.58605  -0.80690  -1.45552
   1.93022  -0.80690  -1.20113
   2.27438  -0.80690  -0.94675
   2.57366  -0.79193  -0.70733
   2.88790  -0.74704  -0.46791
   3.15725  -0.70215  -0.21352
   3.44156  -0.65726   0.04086
   3.68098  -0.62733   0.34013
   3.89047  -0.61237   0.59452
   4.05507  -0.53755   0.87883
   4.23464  -0.52259   1.17811
   4.33938  -0.50762   1.44745
   4.48902  -0.46273   1.76169
   4.54888  -0.41784   2.01608
   4.60873  -0.38791   2.28542
   4.63866  -0.38791   2.59966
   4.62369  -0.35798   2.85405
   4.62369  -0.34302   3.10843
   4.59377  -0.29813   3.33289
   4.56384  -0.26820   3.55734
   4.47406  -0.26820   3.76684
   4.35435  -0.29813   3.97633
   4.23464  -0.28317   4.12597
   4.09996  -0.28317   4.27560
   3.95033  -0.26820   4.39531
   3.77076  -0.23827   4.52999
   3.57623  -0.22331   4.61977
   3.36674  -0.22331   4.72452
   3.12732  -0.20835   4.79934
   2.85797  -0.20835   4.85919
   2.60359  -0.16346   4.88912
   2.31928  -0.16346   4.88912
   2.00504  -0.13353   4.87415
   1.70576  -0.07367   4.84423
   1.39152  -0.07367   4.79934
   1.12217  -0.02878   4.73948
   0.79297  -0.01382   4.66466
   0.50866   0.07596   4.54495
   0.19442   0.12086   4.47013
  -0.04500   0.18071   4.35042
  -0.31435   0.19567   4.26064
  -0.55377   0.24057   4.12597
  -0.76326   0.28546   4.00626
  -0.95779   0.30042   3.87158
  -1.10743   0.30042   3.72194
  -1.25706   0.34531   3.58727
  -1.37677   0.39020   3.42267
  -1.49648   0.43509   3.24310
  -1.57130   0.43509   3.06354
  -1.67605   0.42013   2.88397
  -1.73590   0.45006   2.65952
  -1.81072   0.49495   2.42010
  -1.87058   0.47999   2.22557
  -1.91547   0.45006   1.98615
  -1.96036   0.46502   1.71680
  -2.00525   0.45006   1.49234
  -2.03518   0.40517   1.28285
  -2.05014   0.34531   0.99854
  -2.08007   0.31538   0.72919
  -2.05014   0.30042   0.47481
  -2.00525   0.28546   0.20546
  -1.94540   0.24057  -0.04892
  -1.85561   0.19567  -0.30331
  -1.76583   0.13582  -0.54273
  -1.67605   0.12086  -0.78215
  -1.57130   0.03107  -1.03653
  -1.43663   0.00115  -1.26099
  -1.28699  -0.01382  -1.50041
  -1.09246  -0.02878  -1.70990
  -0.92786  -0.04375  -1.96428
  -0.77822  -0.02878  -2.21867
  -0.58369  -0.05871  -2.44312
  -0.35924  -0.08864  -2.68254
  -0.16471  -0.05871  -2.90700
   0.04478  -0.05871  -3.13146
   0.23931  -0.02878  -3.35591
   0.44881  -0.02878  -3.55044
   0.65830  -0.01382  -3.74497
   0.83786   0.01611  -3.93950
   1.03239  -0.01382  -4.08914
   1.18203   0.00115  -4.23878
   1.39152   0.03107  -4.41834
   1.54116   0.01611  -4.55301
   1.70576   0.03107  -4.70265
   1.87036   0.06100  -4.83733
   2.02000   0.07596  -4.97200
   2.16964   0.04604  -5.09171
   2.28935   0.06100  -5.16653
   2.45395   0.06100  -5.24135
   2.60359   0.04604  -5.27128
   2.70833   0.01611  -5.31617
   2.85797   0.03107  -5.31617
   2.97768   0.00115  -5.30120
   3.11235   0.06100  -5.27128
   3.20214   0.07596  -5.18149
   3.30688   0.01611  -5.06178
   3.39667   0.03107  -4.92711
   3.50141   0.07596  -4.76251
   3.54630   0.04604  -4.58294
   3.60616   0.07596  -4.38841
   3.62112   0.06100  -4.19388
   3.65105   0.13582  -3.98439
   3.66601   0.13582  -3.70008
   3.60616   0.12086  -3.44570
   3.54630   0.10589  -3.14642
   3.45652   0.18071  -2.86211
   3.36674   0.18071  -2.53291
   3.27696   0.22560  -2.21867
   3.15725   0.21064  -1.82961
   2.97768   0.24057  -1.47048
   2.82804   0.28546  -1.09639
   2.69337   0.27049  -0.70733
   2.46891   0.33035  -0.31827
   2.25942   0.37524   0.11568
   2.04993   0.37524   0.51970
   1.81051   0.39020   0.96861
   1.58605   0.43509   1.37263
   1.31670   0.47999   1.76169
   1.07728   0.55481   2.18068
   0.83786   0.58473   2.56974
   0.56852   0.61466   2.91390
   0.31413   0.64459   3.25807
   0.05975   0.70444   3.58727
  -0.16471   0.70444   3.88655
  -0.44902   0.71941   4.15589
  -0.68844   0.76430   4.36539
  -0.92786   0.82415   4.58984
  -1.15232   0.83912   4.78437
  -1.37677   0.85408   4.94897
  -1.63116   0.85408   5.08365
  -1.85561   0.94386   5.17343
  -2.12496   0.94386   5.29314
  -2.33445   0.95883   5.38292
  -2.58884   0.95883   5.45774
  -2.81329   0.95883   5.50263
  -3.05271   0.95883   5.53256
  -3.26221   0.95883   5.54752
  -3.44177   1.00372   5.53256
  -3.60637   0.95883   5.51760
  -3.77098   0.91394   5.47270
  -3.93558   0.94386   5.39789
  -4.04032   0.89897   5.32307
  -4.13011   0.88401   5.21832
  -4.18996   0.83912   5.09861
  -4.26478   0.82415   4.94897
  -4.29471   0.77926   4.76941
  -4.29471   0.73437   4.57488
  -4.29471   0.68948   4.38035
  -4.26478   0.64459   4.17086
  -4.24982   0.62962   3.90151
  -4.16003   0.58473   3.66209
  -4.10018   0.49495   3.40771
  -4.05529   0.50991   3.10843
  -3.98047   0.42013   2.80916
  -3.90565   0.33035   2.56974
  -3.80090   0.34531   2.30039
  -3.66623   0.27049   2.00111
  -3.56148   0.19567   1.71680
  -3.45674   0.10589   1.41753
  -3.30710   0.10589   1.13321
  -3.17242   0.03107   0.86387
  -3.00782   0.00115   0.57955
  -2.87315  -0.04375   0.29524
  -2.70855  -0.02878  -0.06389
  -2.49906  -0.07367  -0.31827
  -2.28956  -0.10360  -0.60258
  -2.12496  -0.14849  -0.88689
  -1.90051  -0.16346  -1.14128
  -1.69101  -0.17842  -1.39566
  -1.48152  -0.23827  -1.67997
  -1.31692  -0.22331  -1.97925
  -1.12239  -0.22331  -2.21867
  -0.88297  -0.25324  -2.42816
  -0.67348  -0.26820  -2.65262
  -0.47895  -0.23827  -2.93693
  -0.26946  -0.29813  -3.11649
  -0.08989  -0.29813  -3.32599
   0.08967  -0.31309  -3.52052
   0.31413  -0.31309  -3.71504
   0.50866  -0.34302  -3.87965
   0.70319  -0.34302  -4.02928
   0.92765  -0.38791  -4.13403
   1.12217  -0.40288  -4.25374
   1.31670  -0.40288  -4.34352
   1.49627  -0.44777  -4.41834
   1.69080  -0.49266  -4.44827
   1.85540  -0.52259  -4.49316
   1.99007  -0.53755  -4.50812
   2.13971  -0.64230  -4.47820
   2.27438  -0.64230  -4.49316
   2.42402  -0.65726  -4.46323
   2.55870  -0.67222  -4.41834
   2.66344  -0.71711  -4.37345
   2.79812  -0.71711  -4.31359
   2.88790  -0.73208  -4.23878
   2.97768  -0.73208  -4.14899
   3.06746  -0.67222  -4.05921
   3.15725  -0.65726  -3.90957
   3.20214  -0.68719  -3.80483
   3.26199  -0.64230  -3.64023
   3.32185  -0.59740  -3.41577
   3.35177  -0.56748  -3.25117
   3.39667  -0.55251  -3.04168
   3.39667  -0.55251  -2.78729
   3.39667  -0.47769  -2.53291
   3.38170  -0.46273  -2.32341
   3.35177  -0.40288  -2.05407
   3.32185  -0.37295  -1.76976
   3.27696  -0.32806  -1.50041
   3.23206  -0.31309  -1.20113
   3.20214  -0.29813  -0.88689
   3.09739  -0.25324  -0.60258
   2.99264  -0.23827  -0.30331
   2.91783  -0.23827   0.01093
   2.79812  -0.22331   0.31021
   2.66344  -0.19338   0.56459
   2.54373  -0.17842   0.83394
   2.40906  -0.16346   1.08832
   2.27438  -0.13353   1.31278
   2.12475  -0.17842   1.55220
   2.00504  -0.14849   1.73176
   1.85540  -0.11856   1.91133
   1.70576  -0.13353   2.07593
   1.52620  -0.13353   2.25550
   1.34663  -0.14849   2.39017
   1.13714  -0.16346   2.56974
   0.95757  -0.14849   2.65952
   0.76304  -0.13353   2.77923
   0.50866  -0.13353   2.86901
   0.28420  -0.10360   2.95879
   0.05975  -0.07367   2.98872
  -0.16471  -0.07367   3.06354
  -0.40413  -0.04375   3.04858
  -0.64355  -0.04375   3.01865
  -0.86801  -0.04375   2.98872
  -1.06253  -0.01382   2.95879
  -1.28699   0.01611   2.86901
  -1.49648   0.00115   2.77923
  -1.70598   0.01611   2.67448
  -1.88554   0.01611   2.53981
  -2.12496   0.01611   2.40513
  -2.27460   0.01611   2.25550
  -2.45416   0.03107   2.10586
  -2.61877   0.03107   1.89637
  -2.78337   0.04604   1.70184
  -2.94797   0.04604   1.47738
  -3.09761   0.07596   1.28285
  -3.26221   0.06100   1.08832
  -3.42681   0.01611   0.87883
  -3.57645   0.01611   0.68430
  -3.75601   0.00115   0.45984
  -3.92061  -0.02878   0.25035
  -4.11514  -0.01382   0.01093
  -4.23485  -0.02878  -0.19856
  -4.38449  -0.02878  -0.40805
  -4.51916  -0.05871  -0.60258
  -4.62391  -0.07367  -0.81207
  -4.74362  -0.11856  -1.00660
  -4.80347  -0.08864  -1.17121
  -4.87829  -0.11856  -1.36573
  -4.90822  -0.17842  -1.51537
  -4.95311  -0.20835  -1.66501
  -4.99800  -0.23827  -1.81465
  -4.93815  -0.25324  -1.96428
  -4.92318  -0.25324  -2.11392
  -4.84837  -0.26820  -2.21867
  -4.77355  -0.28317  -2.30845
  -4.69873  -0.32806  -2.38327
  -4.56405  -0.31309  -2.47305
  -4.41442  -0.28317  -2.51794
  -4.29471  -0.32806  -2.53291
  -4.10018  -0.28317  -2.56283
  -3.90565  -0.26820  -2.54787
  -3.66623  -0.17842  -2.51794
  -3.45674  -0.17842  -2.48802
  -3.20235  -0.13353  -2.44312
  -2.94797  -0.14849  -2.35334
  -2.64869  -0.10360  -2.26356
  -2.36438  -0.08864  -2.17378
  -2.06511  -0.07367  -2.05407
  -1.73590  -0.10360  -1.91939
  -1.40670  -0.05871  -1.78472
  -1.09246  -0.02878  -1.66501
  -0.73333  -0.05871  -1.53034
  -0.43406  -0.08864  -1.38070
  -0.08989  -0.11856  -1.24602
   0.29917  -0.13353  -1.11135
   0.64333  -0.11856  -1.00660
   1.01743  -0.11856  -0.88689
   1.36159  -0.13353  -0.75222
   1.67583  -0.17842  -0.61755
   2.02000  -0.16346  -0.48287
   2.34920  -0.13353  -0.36316
   2.67841  -0.17842  -0.21352
   3.00761  -0.14849  -0.07885
   3.30688  -0.13353   0.10071
   3.59119  -0.14849   0.26532
   3.87551  -0.16346   0.41495
   4.18975  -0.13353   0.60948
   4.42917  -0.07367   0.75912
   4.63866  -0.05871   0.90876
   4.84815  -0.02878   1.10329
   5.01275  -0.01382   1.26789
   5.17735   0.01611   1.44745
   5.26714   0.03107   1.59709
   5.35692   0.01611   1.79162
   5.41677   0.03107   1.95622
   5.46166   0.06100   2.09089
   5.44670   0.10589   2.21060
   5.40181   0.10589   2.33031
   5.35692   0.09093   2.42010
   5.26714   0.09093   2.55477
   5.14743   0.15078   2.62959
   4.99779   0.12086   2.74930
   4.86311   0.15078   2.80916
   4.69851   0.15078   2.88397
   4.53391   0.15078   2.97376
   4.26456   0.12086   3.04858
   4.02514   0.10589   3.07850
   3.78572   0.13582   3.12339
   3.54630   0.12086   3.15332
   3.24703   0.12086   3.13836
   2.99264   0.12086   3.12339
   2.72330   0.09093   3.09347
   2.43899   0.06100   3.03361
   2.15467   0.06100   2.94383
   1.87036   0.06100   2.82412
   1.57109   0.07596   2.70441
   1.30174   0.09093   2.55477
   1.04736   0.10589   2.39017
   0.76304   0.09093   2.21060
   0.49370   0.04604   2.00111
   0.19442   0.10589   1.77666
  -0.11982   0.07596   1.58213
  -0.35924   0.07596   1.38760
  -0.62859   0.06100   1.17811
  -0.86801   0.03107   0.99854
  -1.10743   0.01611   0.78905
  -1.36181   0.03107   0.60948
  -1.57130   0.04604   0.39999
  -1.82569   0.03107   0.23539
  -2.02022   0.03107   0.05582
  -2.19978   0.04604  -0.09381
  -2.40927   0.04604  -0.25842
  -2.54395   0.03107  -0.43798
  -2.70855   0.06100  -0.61755
  -2.84322   0.04604  -0.76718
  -2.93300   0.07596  -0.93178
  -3.03775   0.06100  -1.11135
  -3.14250   0.09093  -1.26099
  -3.23228   0.10589  -1.42559
  -3.29213   0.12086  -1.54530
  -3.32206   0.09093  -1.66501
  -3.36695   0.10589  -1.78472
  -3.38192   0.13582  -1.91939
  -3.41184   0.12086  -1.97925
  -3.39688   0.12086  -2.03910
  -3.39688   0.12086  -2.11392
  -3.38192   0.12086  -2.21867
  -3.32206   0.12086  -2.26356
  -3.27717   0.09093  -2.35334
  -3.23228   0.09093  -2.41320
  -3.14250   0.13582  -2.48802
  -3.00782   0.12086  -2.54787
  -2.88811   0.13582  -2.54787
  -2.72351   0.10589  -2.59276
  -2.52898   0.13582  -2.59276
  -2.33445   0.12086  -2.59276
  -2.12496   0.10589  -2.56283
  -1.90051   0.06100  -2.54787
  -1.64612   0.09093  -2.51794
  -1.37677   0.04604  -2.45809
  -1.12239   0.10589  -2.41320
  -0.86801   0.01611  -2.30845
  -0.58369   0.06100  -2.23363
  -0.32931   0.07596  -2.14385
  -0.07493   0.10589  -2.05407
   0.19442   0.10589  -1.94932
   0.46377   0.09093  -1.82961
   0.73312   0.09093  -1.72486
   1.03239   0.12086  -1.59019
   1.24188   0.12086  -1.47048
   1.51123   0.12086  -1.36573
   1.79554   0.18071  -1.23106
   2.04993   0.18071  -1.08142
   2.28935   0.16575  -0.94675
   2.51380   0.16575  -0.76718
   2.76819   0.15078  -0.61755
   2.96272   0.18071  -0.42302
   3.11235   0.19567  -0.24345
   3.29192   0.18071  -0.10878
   3.42659   0.18071   0.10071
   3.51638   0.18071   0.28028
   3.60616   0.16575   0.44488
   3.63609   0.16575   0.59452
   3.66601   0.09093   0.77408
   3.65105   0.13582   0.90876
   3.56127   0.10589   1.08832
   3.45652   0.09093   1.17811
   3.35177   0.06100   1.34271
   3.23206   0.07596   1.43249
   3.06746   0.07596   1.56716
   2.91783   0.07596   1.70184
   2.73826   0.03107   1.79162
   2.54373   0.06100   1.89637
   2.33424   0.01611   2.00111
   2.13971   0.03107   2.10586
   1.90029   0.00115   2.18068
   1.64591   0.04604   2.21060
   1.37656   0.01611   2.24053
   1.15210   0.00115   2.30039
   0.92765   0.00115   2.34528
   0.64333   0.04604   2.33031
   0.44881   0.04604   2.31535
   0.17946   0.06100   2.28542
  -0.04500   0.04604   2.28542
  -0.23953   0.09093   2.24053
  -0.44902   0.12086   2.19564
  -0.62859   0.12086   2.18068
  -0.82311   0.13582   2.15075
  -1.00268   0.13582   2.09089
  -1.15232   0.15078   2.06097
  -1.31692   0.21064   1.98615
  -1.43663   0.19567   1.91133
  -1.60123   0.18071   1.89637
  -1.69101   0.18071   1.83651
  -1.78080   0.21064   1.76169
  -1.85561   0.15078   1.76169
  -1.91547   0.16575   1.67191
  -1.94540   0.12086   1.62702
  -1.96036   0.10589   1.58213
  -1.99029   0.10589   1.56716
  -1.97532   0.07596   1.50731
  -1.96036   0.07596   1.43249
  -1.94540   0.03107   1.37263
  -1.91547   0.03107   1.29782
  -1.87058  -0.01382   1.25292
  -1.87058  -0.04375   1.17811
  -1.81072  -0.05871   1.07336
  -1.75087  -0.08864   1.02847
  -1.72094  -0.08864   0.90876
  -1.67605  -0.11856   0.81898
  -1.61619  -0.17842   0.72919
  -1.55634  -0.17842   0.65437
  -1.49648  -0.25324   0.57955
  -1.39174  -0.19338   0.44488
  -1.33188  -0.25324   0.39999
  -1.24210  -0.25324   0.29524
  -1.16728  -0.26820   0.20546
  -1.07750  -0.29813   0.13064
  -1.00268  -0.31309   0.05582
  -0.94282  -0.34302  -0.03396
  -0.86801  -0.32806  -0.15367
  -0.76326  -0.31309  -0.25842
  -0.71837  -0.37295  -0.31827
  -0.64355  -0.38791  -0.43798
  -0.55377  -0.40288  -0.54273
  -0.49391  -0.37295  -0.64747
  -0.40413  -0.38791  -0.76718
  -0.37420  -0.40288  -0.90186
  -0.31435  -0.40288  -1.00660
  -0.22456  -0.35798  -1.14128
  -0.16471  -0.38791  -1.24602
  -0.16471  -0.37295  -1.38070
  -0.11982  -0.37295  -1.48544
  -0.10485  -0.35798  -1.60515
  -0.07493  -0.31309  -1.73983
  -0.03004  -0.26820  -1.84457
  -1.1E-40  -0.29813  -1.90443
  -0.03004  -0.28317  -2.00918
  -1.1E-40  -0.25324  -2.06903
  -0.01507  -0.23827  -2.09896
  -1.1E-40  -0.25324  -2.14385
  -1.1E-40  -0.22331  -2.17378
  -0.01507  -0.16346  -2.18874
  -0.01507  -0.14849  -2.20370
  -0.01507  -0.14849  -2.17378
  -0.04500  -0.13353  -2.17378
  -0.04500  -0.14849  -2.14385
  -0.03004  -0.16346  -2.12889
  -0.01507  -0.17842  -2.06903
  -0.04500  -0.17842  -2.05407
  -0.03004  -0.17842  -2.02414
  -0.03004  -0.17842  -2.00918
  -0.01507  -0.19338  -1.97925
  -0.01507  -0.16346  -1.94932
  -1.1E-40  -0.16346  -1.94932
  -1.1E-40  -0.16346  -1.88947
   0.02982  -0.16346  -1.84457
   0.02982  -0.11856  -1.79968
   0.02982  -0.10360  -1.76976
   0.02982  -0.04375  -1.70990
   0.02982  -0.05871  -1.65005
   0.05975  -0.05871  -1.56026
   0.07471  -0.04375  -1.51537
   0.04478  -0.02878  -1.47048
   0.07471  -0.02878  -1.44055
   0.11960   0.06100  -1.39566
   0.13457   0.00115  -1.33581
   0.20939   0.03107  -1.27595
   0.23931   0.07596  -1.24602
   0.34406   0.10589  -1.23106
   0.40391   0.07596  -1.18617
   0.46377   0.07596  -1.14128
   0.56852   0.12086  -1.12631
   0.65830   0.10589  -1.11135
   0.76304   0.12086  -1.08142
   0.85283   0.13582  -1.05149
   0.95757   0.15078  -1.03653
   1.07728   0.15078  -0.99164
   1.15210   0.15078  -0.93178
   1.22692   0.18071  -0.93178
   1.31670   0.18071  -0.88689
   1.42145   0.21064  -0.81207
   1.46634   0.24057  -0.76718
   1.54116   0.22560  -0.73726
   1.63094   0.27049  -0.66244
   1.67583   0.25553  -0.58762
   1.72072   0.25553  -0.49784
   1.76562   0.25553  -0.37813
   1.82547   0.25553  -0.30331
   1.87036   0.25553  -0.19856
   1.93022   0.28546  -0.09381
   1.97511   0.28546   0.01093
   2.00504   0.28546   0.13064
   2.03496   0.31538   0.22042
   2.06489   0.28546   0.35510
   2.06489   0.27049   0.47481
   2.04993   0.27049   0.60948
   2.06489   0.33035   0.74416
   2.06489   0.31538   0.89379
   2.09482   0.30042   1.04343
   2.06489   0.30042   1.22300
   2.06489   0.24057   1.41753
   2.02000   0.24057   1.53724
   1.97511   0.24057   1.71680
   1.94518   0.19567   1.86644
   1.91525   0.18071   2.03104
   1.88533   0.13582   2.16571
   1.87036   0.15078   2.30039
   1.81051   0.13582   2.40513
   1.73569   0.09093   2.53981
   1.66087   0.04604   2.64455
   1.58605   0.00115   2.70441
   1.51123   0.03107   2.74930
   1.37656   0.01611   2.80916
   1.27181  -0.02878   2.86901
   1.10721  -0.01382   2.91390
   0.97254  -0.02878   2.92887
   0.80794  -0.05871   2.95879
   0.61341  -0.07367   2.98872
   0.40391  -0.07367   2.98872
   0.17946  -0.10360   3.00368
  -0.05996  -0.13353   3.00368
  -0.26946  -0.14849   2.97376
  -0.49391  -0.13353   2.95879
  -0.68844  -0.10360   2.88397
  -0.91290  -0.10360   2.83908
  -1.10743  -0.13353   2.79419
  -1.31692  -0.14849   2.70441
  -1.48152  -0.11856   2.61463
  -1.63116  -0.10360   2.50988
  -1.78080  -0.08864   2.43506
  -1.90051  -0.05871   2.28542
  -2.02022  -0.05871   2.15075
  -2.11000  -0.02878   2.01608
  -2.21474   0.01611   1.86644
  -2.30453   0.06100   1.71680
  -2.39431   0.07596   1.55220
  -2.43920   0.13582   1.38760
  -2.49906   0.16575   1.25292
  -2.54395   0.16575   1.10329
  -2.55891   0.21064   0.95365
  -2.60380   0.28546   0.80401
  -2.60380   0.31538   0.65437
  -2.57387   0.31538   0.51970
  -2.55891   0.30042   0.39999
  -2.51402   0.31538   0.28028
  -2.48409   0.33035   0.13064
  -2.40927   0.33035  -0.01900
  -2.34942   0.33035  -0.18360
  -2.24467   0.31538  -0.33323
  -2.15489   0.31538  -0.49784
  -2.06511   0.30042  -0.63251
  -1.97532   0.27049  -0.76718
  -1.87058   0.22560  -0.90186
  -1.76583   0.21064  -1.05149
  -1.64612   0.21064  -1.18617
  -1.52641   0.18071  -1.30588
  -1.42166   0.16575  -1.44055
  -1.24210   0.16575  -1.57523
  -1.13735   0.16575  -1.72486
  -0.95779   0.12086  -1.82961
  -0.80815   0.15078  -1.99421
  -0.70340   0.13582  -2.09896
  -0.53880   0.16575  -2.27852
  -0.38917   0.15078  -2.38327
  -0.25449   0.16575  -2.54787
  -0.07493   0.16575  -2.65262
   0.04478   0.15078  -2.80225
   0.19442   0.12086  -2.92197
   0.31413   0.10589  -3.07160
   0.44881   0.07596  -3.19131
   0.58348   0.06100  -3.29606
   0.68823   0.03107  -3.41577
   0.80794   0.00115  -3.53548
   0.92765  -0.02878  -3.62526
   1.01743  -0.05871  -3.74497
   1.06232  -0.10360  -3.78986
   1.13714  -0.17842  -3.84972
   1.19699  -0.20835  -3.90957
   1.24188  -0.23827  -3.96943
   1.27181  -0.26820  -3.98439
   1.30174  -0.34302  -3.99936
   1.31670  -0.32806  -4.01432
   1.31670  -0.35798  -3.99936
   1.31670  -0.37295  -3.98439
   1.28678  -0.34302  -3.95446
   1.21196  -0.31309  -3.92454
   1.16707  -0.29813  -3.84972
   1.06232  -0.26820  -3.77490
   1.00246  -0.20835  -3.73001
   0.86779  -0.16346  -3.62526
   0.79297  -0.11856  -3.55044
   0.67326  -0.05871  -3.43073
   0.55355  -0.04375  -3.28110
   0.38895   0.00115  -3.14642
   0.28420   0.04604  -2.99678
   0.10464   0.09093  -2.78729
  -0.03004   0.09093  -2.59276
  -0.17967   0.09093  -2.38327
  -0.32931   0.12086  -2.15881
  -0.47895   0.15078  -1.90443
  -0.61362   0.12086  -1.67997
  -0.73333   0.10589  -1.39566
  -0.86801   0.06100  -1.14128
  -1.00268   0.01611  -0.84200
  -1.10743   0.01611  -0.54273
  -1.25706  -0.04375  -0.22849
  -1.39174  -0.05871   0.08575
  -1.48152  -0.08864   0.37006
  -1.60123  -0.13353   0.63941
  -1.70598  -0.13353   0.90876
  -1.76583  -0.14849   1.20803
  -1.82569  -0.20835   1.46242
  -1.91547  -0.22331   1.70184
  -1.97532  -0.17842   1.91133
  -2.02022  -0.14849   2.15075
  -2.05014  -0.13353   2.39017
  -2.08007  -0.14849   2.61463
  -2.11000  -0.11856   2.79419
  -2.11000  -0.10360   2.97376
  -2.11000  -0.04375   3.15332
  -2.06511  -0.01382   3.33289
  -2.05014   0.01611   3.49749
  -2.00525   0.04604   3.64713
  -1.94540   0.04604   3.79676
  -1.90051   0.07596   3.90151
  -1.76583   0.12086   4.05115
  -1.70598   0.16575   4.14093
  -1.57130   0.18071   4.23071
  -1.48152   0.24057   4.30553
  -1.36181   0.22560   4.35042
  -1.22714   0.27049   4.39531
  -1.07750   0.30042   4.41028
  -0.94282   0.36028   4.39531
  -0.80815   0.34531   4.39531
  -0.65851   0.37524   4.36539
  -0.44902   0.36028   4.36539
  -0.28442   0.34531   4.32050
  -0.10485   0.33035   4.26064
   0.08967   0.37524   4.21575
   0.31413   0.33035   4.14093
   0.52362   0.30042   4.08107
   0.73312   0.28546   3.99129
   0.95757   0.30042   3.91647
   1.15210   0.28546   3.82669
   1.33167   0.21064   3.73691
   1.51123   0.19567   3.66209
   1.67583   0.22560   3.52742
   1.87036   0.19567   3.40771
   2.00504   0.15078   3.31792
   2.09482   0.13582   3.15332
   2.25942   0.15078   2.97376
   2.33424   0.10589   2.79419
   2.40906   0.09093   2.61463
   2.49884   0.07596   2.43506
   2.55870   0.09093   2.19564
   2.63351   0.07596   1.97118
   2.69337   0.06100   1.77666
   2.69337   0.07596   1.52227
   2.72330  -0.01382   1.28285
   2.73826   0.01611   1.04343
   2.69337  -0.05871   0.81898
   2.67841  -0.08864   0.54963
   2.66344  -0.14849   0.35510
   2.60359  -0.19338   0.11568
   2.52877  -0.19338  -0.13871
   2.49884  -0.22331  -0.37813
   2.42402  -0.31309  -0.60258
   2.30431  -0.31309  -0.82704
   2.19957  -0.35798  -1.06646
   2.09482  -0.34302  -1.29092
   1.97511  -0.38791  -1.53034
   1.85540  -0.40288  -1.73983
   1.73569  -0.41784  -1.96428
   1.55612  -0.44777  -2.17378
   1.43641  -0.41784  -2.38327
   1.30174  -0.44777  -2.60773
   1.15210  -0.43280  -2.78729
   1.03239  -0.44777  -2.96686
   0.88275  -0.46273  -3.14642
   0.73312  -0.43280  -3.34095
   0.59844  -0.38791  -3.53548
   0.43384  -0.41784  -3.62526
   0.26924  -0.40288  -3.78986
   0.07471  -0.38791  -3.87965
  -0.07493  -0.37295  -3.95446
  -0.22456  -0.35798  -4.01432
  -0.40413  -0.32806  -4.05921
  -0.56873  -0.34302  -4.11907
  -0.74830  -0.32806  -4.13403
  -0.88297  -0.31309  -4.13403
  -1.06253  -0.35798  -4.07417
  -1.25706  -0.34302  -4.04425
  -1.40670  -0.32806  -3.98439
  -1.54137  -0.32806  -3.89461
  -1.69101  -0.31309  -3.75994
  -1.82569  -0.32806  -3.67015
  -1.94540  -0.29813  -3.55044
  -2.06511  -0.34302  -3.37088
  -2.18482  -0.31309  -3.20628
  -2.27460  -0.29813  -3.05664
  -2.34942  -0.31309  -2.83218
  -2.40927  -0.26820  -2.66758
  -2.46913  -0.28317  -2.45809
  -2.51402  -0.28317  -2.24860
  -2.57387  -0.23827  -2.03910
  -2.55891  -0.19338  -1.81465
  -2.60380  -0.17842  -1.57523
  -2.60380  -0.13353  -1.33581
  -2.57387  -0.08864  -1.09639
  -2.55891  -0.08864  -0.85697
  -2.51402  -0.04375  -0.61755
  -2.45416   0.00115  -0.36316
  -2.40927   0.01611  -0.10878
  -2.34942   0.04604   0.11568
  -2.24467   0.06100   0.37006
  -2.15489   0.10589   0.56459
  -2.06511   0.12086   0.78905
  -1.91547   0.16575   0.99854
  -1.78080   0.18071   1.17811
  -1.64612   0.18071   1.40256
  -1.46656   0.16575   1.56716
  -1.31692   0.18071   1.79162
  -1.12239   0.19567   1.95622
  -0.92786   0.16575   2.13579
  -0.73333   0.15078   2.31535
  -0.47895   0.18071   2.42010
  -0.28442   0.13582   2.59966
  -0.04500   0.16575   2.71937
   0.14953   0.16575   2.83908
   0.41888   0.15078   2.94383
   0.62837   0.15078   3.03361
   0.86779   0.18071   3.12339
   1.07728   0.19567   3.19821
   1.28678   0.13582   3.31792
   1.48130   0.16575   3.34785
   1.64591   0.18071   3.37778
   1.84043   0.21064   3.40771
   2.02000   0.19567   3.40771
   2.18460   0.19567   3.40771
   2.31928   0.19567   3.37778
   2.46891   0.21064   3.36281
   2.60359   0.19567   3.30296
   2.70833   0.24057   3.19821
   2.84301   0.19567   3.13836
   2.96272   0.18071   3.03361
   3.08243   0.19567   2.92887
   3.20214   0.18071   2.79419
   3.32185   0.13582   2.68945
   3.42659   0.09093   2.53981
   3.53134   0.15078   2.39017
   3.60616   0.09093   2.27046
   3.66601   0.09093   2.10586
   3.71090   0.10589   1.95622
   3.78572   0.06100   1.83651
   3.80069   0.00115   1.71680
   3.81565   0.04604   1.56716
   3.83062   0.00115   1.44745
   3.80069  -0.04375   1.35767
   3.77076  -0.01382   1.20803
   3.72587  -0.02878   1.07336
   3.63609  -0.07367   0.98358
   3.56127  -0.07367   0.83394
   3.42659  -0.04375   0.68430
   3.32185  -0.07367   0.57955
   3.18717  -0.05871   0.44488
   3.06746  -0.04375   0.29524
   2.87293  -0.02878   0.13064
   2.72330  -0.04375  -0.03396
   2.54373  -0.08864  -0.15367
   2.33424  -0.07367  -0.31827
   2.12475  -0.04375  -0.49784
   1.91525  -0.08864  -0.61755
   1.67583  -0.08864  -0.73726
   1.42145  -0.10360  -0.87193
   1.19699  -0.07367  -1.00660
   0.92765  -0.13353  -1.06646
   0.68823  -0.13353  -1.17121
   0.37399  -0.08864  -1.24602
   0.07471  -0.11856  -1.33581
  -0.16471  -0.13353  -1.39566
  -0.41909  -0.10360  -1.51537
  -0.67348  -0.10360  -1.57523
  -0.92786  -0.10360  -1.65005
  -1.18224  -0.11856  -1.73983
  -1.40670  -0.11856  -1.82961
  -1.64612  -0.08864  -1.93436
  -1.84065  -0.05871  -2.03910
  -2.02022   0.00115  -2.14385
  -2.24467   0.00115  -2.24860
  -2.43920   0.01611  -2.33838
  -2.60380   0.00115  -2.44312
  -2.79833   0.04604  -2.51794
  -2.96293   0.07596  -2.57780
  -3.14250   0.07596  -2.62269
  -3.26221   0.07596  -2.66758
  -3.44177   0.12086  -2.69751
  -3.57645   0.13582  -2.68254
  -3.66623   0.16575  -2.71247
  -3.80090   0.18071  -2.72744
  -3.89069   0.15078  -2.65262
  -3.93558   0.19567  -2.63765
  -3.99543   0.22560  -2.60773
  -4.05529   0.21064  -2.53291
  -4.08521   0.24057  -2.47305
  -4.11514   0.21064  -2.36831
  -4.07025   0.22560  -2.27852
  -4.04032   0.21064  -2.18874
  -3.98047   0.21064  -2.09896
  -3.95054   0.24057  -2.00918
  -3.87572   0.18071  -1.93436
  -3.77098   0.18071  -1.82961
  -3.65127   0.18071  -1.72486
  -3.59141   0.18071  -1.66501
  -3.45674   0.19567  -1.57523
  -3.38192   0.19567  -1.48544
  -3.20235   0.18071  -1.39566
  -3.05271   0.19567  -1.29092
  -2.90308   0.16575  -1.20113
  -2.75344   0.15078  -1.08142
  -2.58884   0.15078  -1.00660
  -2.39431   0.16575  -0.88689
  -2.19978   0.12086  -0.76718
  -1.96036   0.09093  -0.66244
  -1.72094   0.10589  -0.58762
  -1.48152   0.12086  -0.45294
  -1.25706   0.04604  -0.33323
  -1.01764   0.06100  -0.24345
  -0.77822   0.06100  -0.10878
  -0.52384   0.06100  -0.01900
  -0.25449   0.03107   0.08575
  -0.01507   0.00115   0.20546
   0.25428   0.03107   0.26532
   0.50866  -0.01382   0.35510
   0.74808  -0.04375   0.44488
   0.97254  -0.01382   0.50474
   1.21196  -0.02878   0.57955
   1.42145  -0.05871   0.60948
   1.64591  -0.07367   0.66934
   1.91525  -0.08864   0.71423
   2.06489  -0.10360   0.74416
   2.24446  -0.13353   0.78905
   2.42402  -0.13353   0.81898
   2.57366  -0.17842   0.83394
   2.72330  -0.19338   0.87883
   2.85797  -0.17842   0.92372
   2.94775  -0.19338   0.89379
   3.05250  -0.13353   0.87883
   3.08243  -0.14849   0.89379
   3.09739  -0.14849   0.87883
   3.12732  -0.13353   0.90876
   3.12732  -0.13353   0.87883
   3.11235  -0.17842   0.92372
   3.05250  -0.17842   0.93869
   3.00761  -0.13353   0.92372
   2.93279  -0.10360   0.89379
   2.84301  -0.10360   0.86387
   2.76819  -0.13353   0.90876
   2.64848  -0.11856   0.89379
   2.54373  -0.11856   0.90876
   2.46891  -0.11856   0.89379
   2.28935  -0.11856   0.87883
   2.16964  -0.13353   0.87883
   2.06489  -0.10360   0.84890
   1.96015  -0.08864   0.84890
   1.81051  -0.14849   0.78905
   1.64591  -0.13353   0.77408
   1.52620  -0.13353   0.74416
   1.36159  -0.13353   0.72919
   1.16707  -0.13353   0.68430
   1.03239  -0.10360   0.60948
   0.83786  -0.10360   0.59452
   0.64333  -0.13353   0.59452
   0.41888  -0.10360   0.54963
   0.22435  -0.05871   0.48977
   0.01486  -0.05871   0.44488
  -0.14975  -0.04375   0.45984
  -0.35924  -0.05871   0.44488
  -0.58369  -0.05871   0.39999
  -0.74830   0.00115   0.35510
  -0.92786  -0.01382   0.35510
  -1.07750   0.01611   0.34013
  -1.25706   0.03107   0.32517
  -1.42166   0.03107   0.31021
  -1.60123   0.03107   0.29524
  -1.75087   0.03107   0.28028
  -1.88554   0.10589   0.25035
  -1.97532   0.10589   0.25035
  -2.11000   0.09093   0.23539
  -2.22971   0.07596   0.26532
  -2.33445   0.07596   0.25035
  -2.42424   0.09093   0.26532
  -2.51402   0.10589   0.23539
  -2.61877   0.13582   0.25035
  -2.64869   0.13582   0.26532
  -2.72351   0.15078   0.26532
  -2.75344   0.13582   0.28028
  -2.78337   0.22560   0.28028
  -2.79833   0.21064   0.29524
  -2.81329   0.21064   0.34013
  -2.87315   0.19567   0.35510
  -2.79833   0.24057   0.38503
  -2.78337   0.24057   0.38503
  -2.72351   0.24057   0.41495
  -2.67862   0.24057   0.42992
  -2.60380   0.21064   0.42992
  -2.49906   0.19567   0.44488
  -2.37935   0.21064   0.42992
  -2.28956   0.21064   0.41495
  -2.15489   0.22560   0.37006
  -2.03518   0.21064   0.32517
  -1.88554   0.21064   0.29524
  -1.75087   0.21064   0.23539
  -1.58627   0.21064   0.16057
  -1.43663   0.19567   0.10071
  -1.19721   0.15078   0.08575
  -1.06253   0.13582  -0.03396
  -0.86801   0.09093  -0.13871
  -0.68844   0.09093  -0.19856
  -0.49391   0.07596  -0.30331
  -0.28442   0.07596  -0.45294
  -0.07493   0.06100  -0.54273
   0.10464   0.01611  -0.64747
   0.28420   0.00115  -0.73726
   0.47873  -0.05871  -0.85697
   0.65830  -0.07367  -0.96171
   0.85283  -0.10360  -1.06646
   1.01743  -0.08864  -1.15624
   1.16707  -0.14849  -1.21610
   1.37656  -0.13353  -1.29092
   1.48130  -0.13353  -1.38070
   1.66087  -0.16346  -1.44055
   1.78058  -0.14849  -1.50041
   1.94518  -0.13353  -1.53034
   2.07986  -0.13353  -1.54530
   2.19957  -0.14849  -1.59019
   2.27438  -0.14849  -1.60515
   2.34920  -0.11856  -1.65005
   2.46891  -0.08864  -1.69494
   2.52877  -0.05871  -1.67997
   2.61855  -0.08864  -1.67997
   2.72330  -0.07367  -1.72486
   2.75322  -0.04375  -1.73983
   2.81308  -0.02878  -1.72486
   2.87293  -0.04375  -1.75479
   2.94775   0.00115  -1.73983
   2.99264  -0.01382  -1.69494
   3.00761   0.00115  -1.69494
   3.02257  -0.01382  -1.67997
   3.02257   0.01611  -1.60515
   3.02257   0.04604  -1.59019
   3.02257   0.06100  -1.50041
   2.99264   0.04604  -1.42559
   2.91783   0.01611  -1.32084
   2.82804   0.03107  -1.21610
   2.76819   0.04604  -1.12631
   2.69337   0.07596  -0.99164
   2.61855   0.04604  -0.85697
   2.48388   0.06100  -0.72229
   2.37913   0.09093  -0.61755
   2.28935   0.04604  -0.48287
   2.13971   0.09093  -0.31827
   2.00504   0.06100  -0.18360
   1.87036   0.03107  -0.01900
   1.75065   0.04604   0.13064
   1.57109   0.06100   0.25035
   1.43641   0.06100   0.38503
   1.27181   0.07596   0.47481
   1.12217   0.10589   0.59452
   0.95757   0.09093   0.72919
   0.76304   0.06100   0.84890
   0.61341   0.10589   0.95365
   0.40391   0.09093   1.07336
   0.22435   0.09093   1.22300
   0.05975   0.06100   1.32774
  -0.14975   0.06100   1.44745
  -0.32931   0.07596   1.53724
  -0.52384   0.03107   1.62702
  -0.68844   0.00115   1.73176
  -0.83808   0.00115   1.85147
  -1.04757  -0.01382   1.92629
  -1.18224  -0.01382   2.03104
  -1.31692  -0.04375   2.12082
  -1.49648   0.00115   2.15075
  -1.63116  -0.04375   2.22557
  -1.75087  -0.04375   2.27046
  -1.88554  -0.08864   2.34528
  -1.99029  -0.10360   2.40513
  -2.11000  -0.11856   2.46499
  -2.21474  -0.13353   2.45002
  -2.27460  -0.17842   2.49492
  -2.34942  -0.16346   2.52484
  -2.40927  -0.16346   2.55477
  -2.42424  -0.19338   2.58470
  -2.43920  -0.19338   2.58470
  -2.45416  -0.19338   2.61463
  -2.39431  -0.17842   2.64455
  -2.37935  -0.16346   2.62959
  -2.31949  -0.17842   2.64455
  -2.24467  -0.17842   2.59966
  -2.19978  -0.19338   2.59966
  -2.12496  -0.14849   2.56974
  -2.02022  -0.17842   2.52484
  -1.87058  -0.17842   2.47995
  -1.78080  -0.11856   2.40513
  -1.66108  -0.08864   2.36024
  -1.57130  -0.08864   2.25550
  -1.48152  -0.08864   2.18068
  -1.36181  -0.04375   2.10586
  -1.22714  -0.05871   2.01608
  -1.15232  -0.02878   1.95622
  -1.03261  -0.04375   1.86644
  -0.88297  -0.02878   1.79162
  -0.80815  -0.02878   1.68687
  -0.68844  -0.05871   1.59709
  -0.55377  -0.01382   1.50731
  -0.44902  -0.05871   1.41753
  -0.34427  -0.08864   1.31278
  -0.20960  -0.10360   1.20803
  -0.10485  -0.07367   1.07336
   0.02982  -0.07367   0.93869
   0.16449  -0.05871   0.78905
   0.28420  -0.05871   0.63941
   0.40391  -0.05871   0.50474
   0.50866  -0.07367   0.39999
   0.58348  -0.08864   0.25035
   0.68823  -0.07367   0.11568
   0.73312  -0.04375  -0.03396
   0.79297  -0.01382  -0.18360
   0.88275  -0.02878  -0.30331
   0.89772  -0.01382  -0.43798
   0.92765   0.00115  -0.58762
   0.97254   0.00115  -0.66244
   0.95757   0.03107  -0.79711
   0.98750   0.04604  -0.90186
   0.98750   0.04604  -0.96171
   0.97254   0.01611  -1.06646
   0.92765   0.01611  -1.17121
   0.92765   0.04604  -1.23106
   0.92765   0.04604  -1.30588
   0.89772   0.04604  -1.36573
   0.86779   0.03107  -1.42559
   0.83786  -0.01382  -1.48544
   0.80794   0.01611  -1.53034
   0.76304  -0.01382  -1.62012
   0.74808  -0.02878  -1.66501
   0.71815  -0.02878  -1.72486
   0.70319  -0.01382  -1.79968
   0.65830   0.00115  -1.81465
   0.65830  -0.04375  -1.85954
   0.61341  -0.01382  -1.91939
   0.61341  -0.05871  -1.93436
   0.59844  -0.07367  -1.94932
   0.55355  -0.07367  -1.96428
   0.55355  -0.08864  -1.97925
   0.52362  -0.08864  -2.00918
   0.49370  -0.10360  -1.99421
   0.49370  -0.14849  -1.96428
   0.49370  -0.13353  -1.96428
   0.47873  -0.16346  -1.99421
   0.44881  -0.22331  -1.94932
   0.43384  -0.20835  -1.94932
   0.43384  -0.20835  -1.94932
   0.41888  -0.22331  -1.91939
   0.40391  -0.23827  -1.88947
   0.38895  -0.25324  -1.87450
   0.37399  -0.25324  -1.88947
   0.37399  -0.28317  -1.85954
   0.35902  -0.29813  -1.87450
   0.34406  -0.29813  -1.85954
   0.35902  -0.26820  -1.82961
   0.32910  -0.26820  -1.81465
   0.35902  -0.31309  -1.78472
   0.35902  -0.28317  -1.75479
   0.35902  -0.31309  -1.72486
   0.37399  -0.28317  -1.65005
   0.35902  -0.25324  -1.59019
   0.34406  -0.25324  -1.56026
   0.32910  -0.22331  -1.48544
   0.26924  -0.26820  -1.38070
   0.26924  -0.22331  -1.30588
   0.20939  -0.22331  -1.26099
   0.14953  -0.23827  -1.17121
   0.10464  -0.22331  -1.06646
   0.02982  -0.20835  -0.96171
  -1.1E-40  -0.20835  -0.84200
  -0.05996  -0.20835  -0.72229
  -0.14975  -0.23827  -0.61755
  -0.17967  -0.20835  -0.48287
  -0.22456  -0.19338  -0.36316
  -0.28442  -0.17842  -0.25842
  -0.32931  -0.11856  -0.12374
  -0.37420  -0.08864  -0.01900
  -0.41909  -0.07367   0.11568
  -0.47895  -0.08864   0.22042
  -0.55377  -0.01382   0.32517
  -0.58369   0.01611   0.44488
  -0.62859   0.04604   0.54963
  -0.70340   0.04604   0.68430
  -0.74830   0.09093   0.81898
  -0.79319   0.07596   0.95365
  -0.88297   0.13582   1.05840
  -0.98772   0.15078   1.19307
  -1.07750   0.16575   1.28285
  -1.15232   0.21064   1.40256
  -1.21217   0.24057   1.52227
  -1.28699   0.27049   1.61205
  -1.34685   0.25553   1.74673
  -1.45159   0.22560   1.85147
  -1.51145   0.25553   1.92629
  -1.57130   0.27049   2.03104
  -1.58627   0.30042   2.12082
  -1.63116   0.30042   2.22557
  -1.67605   0.30042   2.31535
  -1.67605   0.30042   2.40513
  -1.66108   0.31538   2.49492
  -1.64612   0.30042   2.55477
  -1.63116   0.28546   2.59966
  -1.60123   0.33035   2.62959
  -1.57130   0.31538   2.67448
  -1.51145   0.27049   2.73434
  -1.46656   0.31538   2.73434
  -1.43663   0.25553   2.74930
  -1.40670   0.24057   2.74930
  -1.36181   0.22560   2.68945
  -1.33188   0.22560   2.62959
  -1.24210   0.18071   2.59966
  -1.22714   0.18071   2.55477
  -1.18224   0.12086   2.46499
  -1.13735   0.12086   2.37521
  -1.09246   0.10589   2.27046
  -1.01764   0.10589   2.13579
  -0.92786   0.04604   2.03104
  -0.86801   0.03107   1.89637
  -0.80815  -0.01382   1.74673
  -0.74830  -0.04375   1.59709
  -0.65851  -0.07367   1.43249
  -0.58369  -0.07367   1.25292
  -0.50888  -0.07367   1.05840
  -0.40413  -0.05871   0.86387
  -0.31435  -0.10360   0.68430
  -0.22456  -0.05871   0.44488
  -0.11982  -0.05871   0.20546
  -1.1E-40  -0.05871   0.04086
   0.08967  -0.08864  -0.18360
   0.22435  -0.07367  -0.45294
   0.29917  -0.10360  -0.64747
   0.41888  -0.07367  -0.87193
   0.53859  -0.01382  -1.11135
   0.65830  -0.04375  -1.30588
   0.74808  -0.02878  -1.48544
   0.86779   0.01611  -1.69494
   0.95757   0.07596  -1.93436
   1.06232   0.04604  -2.11392
   1.15210   0.10589  -2.29349
   1.25685   0.13582  -2.47305
   1.30174   0.13582  -2.63765
   1.40649   0.15078  -2.77233
   1.49627   0.15078  -2.92197
   1.55612   0.18071  -3.10153
   1.58605   0.21064  -3.26613
   1.61598   0.21064  -3.35591
   1.61598   0.22560  -3.49059
   1.63094   0.19567  -3.59533
   1.67583   0.19567  -3.68512
   1.67583   0.18071  -3.77490
   1.67583   0.16575  -3.83475
   1.67583   0.13582  -3.87965
   1.64591   0.13582  -3.90957
   1.61598   0.09093  -3.93950
   1.60101   0.03107  -3.96943
   1.55612   0.03107  -3.96943
   1.52620   0.07596  -3.95446
   1.51123   0.06100  -3.92454
   1.48130   0.01611  -3.87965
   1.42145  -0.02878  -3.75994
   1.34663  -0.05871  -3.68512
   1.28678  -0.04375  -3.59533
   1.21196  -0.01382  -3.52052
   1.15210  -0.05871  -3.37088
   1.06232  -0.11856  -3.23620
   0.97254  -0.04375  -3.10153
   0.88275  -0.05871  -2.92197
   0.77801  -0.08864  -2.75736
   0.68823  -0.04375  -2.60773
   0.59844  -0.04375  -2.42816
   0.49370  -0.05871  -2.23363
   0.40391  -0.01382  -2.05407
   0.32910   0.00115  -1.85954
   0.23931   0.01611  -1.67997
   0.16449   0.01611  -1.47048
   0.08967   0.04604  -1.29092
   0.02982   0.09093  -1.08142
  -1.1E-40   0.09093  -0.87193
  -1.1E-40   0.12086  -0.66244
  -0.01507   0.07596  -0.42302
  -0.08989   0.12086  -0.21352
  -0.04500   0.15078  -0.00403
  -0.04500   0.15078   0.23539
  -0.07493   0.13582   0.45984
  -0.07493   0.15078   0.69926
  -0.07493   0.12086   0.93869
  -0.07493   0.15078   1.16314
  -0.10485   0.13582   1.40256
  -0.08989   0.16575   1.61205
  -0.11982   0.12086   1.86644
  -0.13478   0.12086   2.12082
  -0.13478   0.13582   2.37521
  -0.13478   0.10589   2.58470
  -0.13478   0.10589   2.77923
  -0.16471   0.09093   3.00368
  -0.16471   0.06100   3.24310
  -0.14975   0.07596   3.42267
  -0.14975   0.06100   3.57231
  -0.16471   0.07596   3.78180
  -0.17967   0.09093   3.93144
  -0.19464   0.09093   4.09604
  -0.19464   0.10589   4.26064
  -0.17967   0.06100   4.41028
  -0.19464   0.04604   4.51502
  -0.22456   0.06100   4.60481
  -0.23953   0.10589   4.66466
  -0.28442   0.09093   4.73948
  -0.31435   0.09093   4.79934
  -0.32931   0.06100   4.84423
  -0.38917   0.04604   4.88912
  -0.44902   0.03107   4.85919
  -0.46398   0.04604   4.84423
  -0.52384   0.04604   4.81430
  -0.58369   0.04604   4.75444
  -0.62859   0.07596   4.64970
  -0.65851   0.09093   4.55992
  -0.68844   0.10589   4.47013
  -0.73333   0.07596   4.35042
  -0.76326   0.09093   4.18582
  -0.77822   0.15078   4.02122
  -0.77822   0.13582   3.84165
  -0.77822   0.13582   3.64713
  -0.79319   0.18071   3.42267
  -0.80815   0.18071   3.18325
  -0.83808   0.13582   2.97376
  -0.80815   0.16575   2.71937
  -0.80815   0.21064   2.45002
  -0.80815   0.19567   2.19564
  -0.79319   0.21064   1.94126
  -0.80815   0.19567   1.67191
  -0.82311   0.21064   1.38760
  -0.80815   0.19567   1.10329
  -0.77822   0.18071   0.83394
  -0.74830   0.16575   0.56459
  -0.74830   0.12086   0.28028
  -0.71837   0.10589   0.01093
  -0.68844   0.07596  -0.27338
  -0.68844   0.06100  -0.60258
  -0.65851   0.07596  -0.88689
  -0.59866   0.04604  -1.17121
  -0.56873   0.04604  -1.42559
  -0.52384   0.01611  -1.67997
  -0.52384  -0.04375  -1.94932
  -0.46398  -0.04375  -2.18874
  -0.43406  -0.08864  -2.42816
  -0.38917  -0.07367  -2.68254
  -0.34427  -0.07367  -2.90700
  -0.32931  -0.13353  -3.11649
  -0.29938  -0.16346  -3.31102
  -0.29938  -0.17842  -3.50555
  -0.28442  -0.16346  -3.68512
  -0.26946  -0.19338  -3.86468
  -0.26946  -0.22331  -4.01432
  -0.29938  -0.26820  -4.16396
  -0.31435  -0.22331  -4.31359
  -0.26946  -0.23827  -4.40338
  -0.23953  -0.25324  -4.47820
  -0.25449  -0.26820  -4.56798
  -0.26946  -0.25324  -4.61287
  -0.25449  -0.23827  -4.65776
  -0.19464  -0.28317  -4.67272
  -0.22456  -0.31309  -4.68769
  -0.14975  -0.31309  -4.67272
  -0.07493  -0.34302  -4.62783
  -0.05996  -0.32806  -4.59791
   0.01486  -0.32806  -4.52309
   0.04478  -0.37295  -4.40338
   0.10464  -0.38791  -4.34352
   0.17946  -0.38791  -4.20885
   0.25428  -0.44777  -4.08914
   0.34406  -0.44777  -3.93950
   0.43384  -0.43280  -3.78986
   0.50866  -0.43280  -3.62526
   0.58348  -0.46273  -3.43073
   0.64333  -0.49266  -3.20628
   0.68823  -0.46273  -2.96686
   0.76304  -0.50762  -2.74240
   0.82290  -0.50762  -2.51794
   0.86779  -0.49266  -2.27852
   0.94261  -0.49266  -1.99421
   0.95757  -0.53755  -1.69494
   1.01743  -0.50762  -1.42559
   1.04736  -0.55251  -1.11135
   1.06232  -0.56748  -0.84200
   1.07728  -0.49266  -0.57265
   1.04736  -0.52259  -0.24345
   1.04736  -0.50762   0.02590
   1.04736  -0.49266   0.32517
   1.01743  -0.49266   0.62445
   1.00246  -0.43280   0.87883
   0.95757  -0.47769   1.19307
   0.88275  -0.46273   1.44745
   0.85283  -0.41784   1.73176
   0.79297  -0.44777   2.07593
   0.73312  -0.38791   2.27046
   0.65830  -0.35798   2.53981
   0.62837  -0.35798   2.80916
   0.53859  -0.32806   3.04858
   0.50866  -0.28317   3.30296
   0.40391  -0.26820   3.51245
   0.34406  -0.23827   3.70698
   0.29917  -0.19338   3.88655
   0.22435  -0.14849   4.05115
   0.17946  -0.10360   4.20078
   0.13457  -0.07367   4.30553
   0.07471  -0.07367   4.39531
   0.07471  -0.01382   4.45517
   0.05975   0.00115   4.52999
   0.01486   0.03107   4.54495
  -1.1E-40   0.09093   4.54495
  -1.1E-40   0.06100   4.52999
  -0.03004   0.12086   4.47013
  -0.03004   0.13582   4.41028
  -0.01507   0.16575   4.30553
  -1.1E-40   0.18071   4.24568
   0.01486   0.19567   4.12597
   0.02982   0.22560   4.00626
   0.04478   0.19567   3.88655
   0.02982   0.19567   3.73691
   0.05975   0.19567   3.58727
   0.07471   0.19567   3.43763
   0.08967   0.18071   3.27303
   0.10464   0.19567   3.06354
   0.11960   0.22560   2.83908
   0.13457   0.21064   2.62959
   0.17946   0.21064   2.39017
   0.16449   0.19567   2.21060
   0.20939   0.24057   1.97118
   0.25428   0.21064   1.74673
   0.28420   0.21064   1.49234
   0.31413   0.22560   1.25292
   0.34406   0.24057   0.98358
   0.37399   0.21064   0.77408
   0.40391   0.22560   0.51970
   0.43384   0.22560   0.28028
   0.44881   0.21064   0.05582
   0.46377   0.24057  -0.18360
   0.47873   0.24057  -0.37813
   0.47873   0.19567  -0.55769
   0.49370   0.19567  -0.79711
   0.46377   0.19567  -0.96171
   0.46377   0.22560  -1.17121
   0.50866   0.24057  -1.32084
   0.47873   0.19567  -1.48544
   0.47873   0.18071  -1.60515
   0.49370   0.19567  -1.73983
   0.47873   0.22560  -1.90443
   0.46377   0.21064  -2.05407
   0.47873   0.19567  -2.09896
   0.44881   0.13582  -2.20370
   0.41888   0.13582  -2.29349
   0.43384   0.16575  -2.36831
   0.44881   0.15078  -2.41320
   0.40391   0.10589  -2.47305
   0.37399   0.09093  -2.51794
   0.37399   0.07596  -2.53291
   0.31413   0.09093  -2.54787
   0.31413   0.10589  -2.57780
   0.28420   0.10589  -2.60773
   0.26924   0.09093  -2.59276
   0.25428   0.06100  -2.56283
   0.26924   0.07596  -2.53291
   0.25428   0.13582  -2.50298
   0.28420   0.10589  -2.47305
   0.28420   0.15078  -2.45809
   0.35902   0.15078  -2.42816
   0.37399   0.13582  -2.36831
   0.38895   0.16575  -2.32341
   0.44881   0.18071  -2.27852
   0.46377   0.16575  -2.23363
   0.52362   0.21064  -2.23363
   0.56852   0.21064  -2.17378
   0.59844   0.24057  -2.14385
   0.59844   0.24057  -2.05407
   0.64333   0.25553  -1.97925
   0.64333   0.25553  -1.93436
   0.61341   0.25553  -1.85954
   0.61341   0.28546  -1.73983
   0.61341   0.27049  -1.63508
   0.56852   0.28546  -1.53034
   0.55355   0.28546  -1.39566
   0.50866   0.28546  -1.30588
   0.46377   0.30042  -1.18617
   0.44881   0.30042  -1.06646
   0.41888   0.30042  -0.94675
   0.34406   0.34531  -0.84200
   0.26924   0.31538  -0.73726
   0.22435   0.31538  -0.60258
   0.19442   0.33035  -0.52776
   0.16449   0.33035  -0.46791
   0.13457   0.36028  -0.36316
   0.10464   0.39020  -0.28834
   0.05975   0.39020  -0.24345
   0.02982   0.39020  -0.15367
  -0.01507   0.42013  -0.07885
  -0.03004   0.47999  -0.03396
  -0.05996   0.50991   0.02590
  -0.05996   0.50991   0.08575
  -0.08989   0.50991   0.17553
  -0.10485   0.53984   0.23539
  -0.10485   0.53984   0.31021
  -0.14975   0.53984   0.42992
  -0.14975   0.52488   0.48977
  -0.17967   0.53984   0.57955
  -0.17967   0.49495   0.68430
  -0.20960   0.46502   0.77408
  -0.22456   0.45006   0.87883
  -0.23953   0.42013   0.96861
  -0.26946   0.34531   1.05840
  -0.26946   0.33035   1.14818
  -0.26946   0.25553   1.22300
  -0.31435   0.19567   1.28285
  -0.29938   0.16575   1.35767
  -0.29938   0.13582   1.44745
  -0.35924   0.06100   1.50731
  -0.34427   0.04604   1.56716
  -0.38917  -0.01382   1.59709
  -0.38917  -0.02878   1.64198
  -0.44902  -0.04375   1.68687
  -0.49391  -0.11856   1.71680
  -0.55377  -0.08864   1.70184
  -0.56873  -0.08864   1.71680
  -0.61362  -0.13353   1.71680
  -0.68844  -0.11856   1.68687
  -0.73333  -0.16346   1.67191
  -0.76326  -0.13353   1.64198
  -0.77822  -0.14849   1.56716
  -0.86801  -0.16346   1.50731
  -0.89793  -0.14849   1.44745
  -0.91290  -0.16346   1.38760
  -0.97275  -0.20835   1.34271
  -1.00268  -0.19338   1.25292
  -1.00268  -0.22331   1.17811
  -1.04757  -0.23827   1.13321
  -1.01764  -0.28317   1.07336
  -1.10743  -0.32806   0.99854
  -1.09246  -0.35798   0.95365
  -1.07750  -0.32806   0.86387
  -1.13735  -0.35798   0.77408
  -1.13735  -0.41784   0.72919
  -1.15232  -0.44777   0.66934
  -1.15232  -0.40288   0.60948
  -1.16728  -0.47769   0.54963
  -1.19721  -0.47769   0.44488
  -1.18224  -0.47769   0.38503
  -1.18224  -0.46273   0.31021
  -1.16728  -0.50762   0.23539
  -1.19721  -0.52259   0.16057
  -1.18224  -0.47769   0.07079
  -1.15232  -0.46273  -0.01900
  -1.16728  -0.47769  -0.09381
  -1.10743  -0.47769  -0.19856
  -1.09246  -0.46273  -0.27338
  -1.06253  -0.43280  -0.34820
  -1.06253  -0.41784  -0.48287
  -1.00268  -0.43280  -0.54273
  -1.00268  -0.41784  -0.61755
  -0.97275  -0.35798  -0.73726
  -0.95779  -0.37295  -0.84200
  -0.92786  -0.37295  -0.91682
  -0.92786  -0.34302  -1.00660
  -0.89793  -0.32806  -1.06646
  -0.86801  -0.31309  -1.18617
  -0.82311  -0.31309  -1.29092
  -0.82311  -0.31309  -1.36573
  -0.74830  -0.29813  -1.45552
  -0.74830  -0.23827  -1.57523
  -0.67348  -0.25324  -1.65005
  -0.64355  -0.25324  -1.73983
  -0.58369  -0.19338  -1.81465
  -0.53880  -0.19338  -1.88947
  -0.50888  -0.19338  -1.96428
  -0.47895  -0.10360  -2.05407
  -0.44902  -0.10360  -2.09896
  -0.43406  -0.11856  -2.15881
  -0.44902  -0.07367  -2.20370
  -0.40413  -0.08864  -2.21867
  -0.40413  -0.07367  -2.26356
  -0.38917  -0.07367  -2.24860
  -0.40413  -0.04375  -2.23363
  -0.40413  -0.01382  -2.26356
  -0.40413   0.00115  -2.27852
  -0.37420   0.01611  -2.26356
  -0.40413   0.01611  -2.24860
  -0.40413  -0.01382  -2.17378
  -0.40413   0.03107  -2.18874
  -0.34427   0.06100  -2.14385
  -0.35924   0.03107  -2.12889
  -0.35924   0.00115  -2.09896
  -0.35924   0.01611  -2.06903
  -0.32931   0.04604  -2.05407
  -0.29938   0.04604  -1.99421
  -0.25449   0.03107  -1.91939
  -0.25449   0.07596  -1.91939
  -0.26946   0.07596  -1.82961
  -0.20960   0.06100  -1.73983
  -0.20960   0.06100  -1.63508
  -0.20960   0.09093  -1.56026
  -0.20960   0.12086  -1.47048
  -0.17967   0.12086  -1.35077
  -0.19464   0.12086  -1.18617
  -0.19464   0.12086  -1.08142
  -0.17967   0.13582  -0.93178
  -0.16471   0.15078  -0.78215
  -0.16471   0.15078  -0.60258
  -0.13478   0.16575  -0.45294
  -0.10485   0.15078  -0.27338
  -0.11982   0.15078  -0.10878
  -0.10485   0.18071   0.02590
  -0.10485   0.15078   0.20546
  -0.08989   0.15078   0.32517
  -0.11982   0.16575   0.47481
  -0.14975   0.15078   0.60948
  -0.13478   0.18071   0.74416
  -0.13478   0.16575   0.89379
  -0.19464   0.12086   1.04343
  -0.19464   0.15078   1.19307
  -0.23953   0.15078   1.31278
  -0.25449   0.10589   1.46242
  -0.31435   0.07596   1.59709
  -0.31435   0.07596   1.74673
  -0.37420   0.03107   1.94126
  -0.38917   0.03107   2.04600
  -0.41909  -0.01382   2.21060
  -0.43406  -0.01382   2.34528
  -0.44902  -0.05871   2.46499
  -0.46398  -0.04375   2.58470
  -0.47895  -0.07367   2.70441
  -0.50888  -0.07367   2.77923
  -0.53880  -0.08864   2.88397
  -0.50888  -0.08864   2.94383
  -0.49391  -0.13353   3.03361
  -0.50888  -0.13353   3.07850
  -0.47895  -0.16346   3.16829
  -0.47895  -0.13353   3.18325
  -0.50888  -0.14849   3.21318
  -0.52384  -0.13353   3.24310
  -0.47895  -0.11856   3.24310
  -0.43406  -0.10360   3.25807
  -0.43406  -0.07367   3.22814
  -0.38917  -0.07367   3.19821
  -0.35924  -0.05871   3.18325
  -0.31435  -0.02878   3.15332
  -0.26946  -0.04375   3.04858
  -0.16471  -0.02878   2.98872
  -0.08989   0.03107   2.89894
  -1.1E-40   0.12086   2.76426
   0.11960   0.09093   2.67448
   0.19442   0.15078   2.52484
   0.32910   0.13582   2.42010
   0.41888   0.12086   2.27046
   0.49370   0.13582   2.12082
   0.58348   0.16575   1.94126
   0.70319   0.18071   1.82155
   0.82290   0.18071   1.64198
   0.89772   0.19567   1.49234
   0.97254   0.18071   1.32774
   1.06232   0.19567   1.14818
   1.12217   0.15078   1.01350
   1.15210   0.15078   0.83394
   1.21196   0.13582   0.65437
   1.25685   0.12086   0.50474
   1.31670   0.13582   0.35510
   1.34663   0.07596   0.19050
   1.36159   0.09093   0.02590
   1.43641   0.09093  -0.12374
   1.48130   0.06100  -0.30331
   1.48130   0.06100  -0.48287
   1.54116   0.06100  -0.63251
   1.58605   0.03107  -0.81207
   1.60101   0.03107  -0.96171
   1.63094  -0.01382  -1.12631
   1.66087  -0.01382  -1.29092
   1.69080  -0.02878  -1.42559
   1.70576   0.00115  -1.59019
   1.72072  -0.02878  -1.69494
   1.75065   0.00115  -1.87450
   1.78058   0.00115  -1.99421
   1.76562  -0.01382  -2.09896
   1.79554  -0.02878  -2.21867
   1.81051  -0.01382  -2.26356
   1.82547  -0.02878  -2.38327
   1.84043  -0.01382  -2.44312
   1.84043  -0.02878  -2.53291
   1.84043  -0.05871  -2.56283
   1.84043   0.00115  -2.62269
   1.84043  -0.01382  -2.68254
   1.84043   0.00115  -2.66758
   1.81051  -0.01382  -2.69751
   1.78058   0.03107  -2.69751
   1.73569  -0.02878  -2.66758
   1.70576  -0.01382  -2.66758
   1.67583   0.01611  -2.65262
   1.61598  -0.01382  -2.59276
   1.55612  -0.02878  -2.53291
   1.51123  -0.02878  -2.45809
   1.43641  -0.01382  -2.41320
   1.36159   0.01611  -2.35334
   1.31670  -0.01382  -2.26356
   1.22692  -0.02878  -2.14385
   1.15210  -0.01382  -2.03910
   1.06232  -0.01382  -1.96428
   0.97254   0.00115  -1.85954
   0.86779  -0.01382  -1.72486
   0.80794  -0.04375  -1.59019
   0.71815  -0.05871  -1.48544
   0.61341  -0.07367  -1.35077
   0.53859  -0.10360  -1.20113
   0.46377  -0.05871  -1.06646
   0.40391  -0.07367  -0.93178
   0.32910  -0.07367  -0.81207
   0.23931  -0.08864  -0.61755
   0.16449  -0.13353  -0.43798
   0.05975  -0.13353  -0.27338
  -0.01507  -0.14849  -0.10878
  -0.08989  -0.16346   0.07079
  -0.10485  -0.14849   0.26532
  -0.17967  -0.16346   0.42992
  -0.23953  -0.14849   0.60948
  -0.26946  -0.16346   0.80401
  -0.32931  -0.20835   0.98358
  -0.37420  -0.22331   1.14818
  -0.40413  -0.17842   1.29782
  -0.40413  -0.19338   1.47738
  -0.44902  -0.17842   1.64198
  -0.47895  -0.19338   1.79162
  -0.52384  -0.20835   1.94126
  -0.53880  -0.13353   2.04600
  -0.53880  -0.14849   2.19564
  -0.58369  -0.14849   2.31535
  -0.58369  -0.16346   2.40513
  -0.59866  -0.13353   2.50988
  -0.64355  -0.10360   2.58470
  -0.64355  -0.07367   2.64455
  -0.68844  -0.05871   2.70441
  -0.68844  -0.05871   2.76426
  -0.70340  -0.07367   2.80916
  -0.73333  -0.04375   2.83908
  -0.71837  -0.02878   2.82412
  -0.71837  -0.02878   2.85405
  -0.71837  -0.04375   2.82412
  -0.74830  -0.02878   2.79419
  -0.71837  -0.01382   2.79419
  -0.71837  -0.01382   2.71937
  -0.68844  -0.04375   2.68945
  -0.67348  -0.04375   2.59966
  -0.67348  -0.01382   2.49492
  -0.59866   0.01611   2.39017
  -0.58369  -0.02878   2.30039
  -0.55377  -0.01382   2.16571
  -0.52384  -0.01382   2.01608
  -0.50888  -0.01382   1.89637
  -0.44902  -0.01382   1.76169
  -0.43406   0.00115   1.62702
  -0.40413   0.03107   1.46242
  -0.38917   0.04604   1.29782
  -0.31435   0.04604   1.14818
  -0.32931   0.03107   0.99854
  -0.28442   0.07596   0.81898
  -0.23953   0.09093   0.65437
  -0.23953   0.12086   0.48977
  -0.16471   0.10589   0.31021
  -0.19464   0.07596   0.14561
  -0.16471   0.13582  -0.01900
  -0.14975   0.07596  -0.18360
  -0.13478   0.12086  -0.34820
  -0.10485   0.12086  -0.51280
  -0.08989   0.12086  -0.69236
  -0.08989   0.10589  -0.82704
  -0.07493   0.13582  -1.02157
  -0.08989   0.12086  -1.15624
  -0.08989   0.10589  -1.29092
  -0.07493   0.15078  -1.45552
  -0.05996   0.13582  -1.56026
  -0.08989   0.18071  -1.72486
  -0.07493   0.15078  -1.84457
  -0.07493   0.13582  -1.97925
  -0.07493   0.19567  -2.08399
  -0.08989   0.21064  -2.20370
  -0.10485   0.22560  -2.32341
  -0.05996   0.19567  -2.41320
  -0.04500   0.22560  -2.50298
  -0.04500   0.24057  -2.59276
  -0.03004   0.21064  -2.66758
  -0.05996   0.22560  -2.72744
  -0.03004   0.24057  -2.77233
  -0.05996   0.19567  -2.83218
  -0.04500   0.15078  -2.81722
  -0.07493   0.15078  -2.86211
  -0.07493   0.12086  -2.89204
  -0.10485   0.10589  -2.90700
  -0.14975   0.10589  -2.90700
  -0.13478   0.10589  -2.89204
  -0.14975   0.15078  -2.89204
  -0.17967   0.10589  -2.86211
  -0.22456   0.10589  -2.80225
  -0.19464   0.06100  -2.75736
  -0.22456   0.07596  -2.74240
  -0.25449   0.09093  -2.66758
  -0.26946   0.09093  -2.60773
  -0.25449   0.06100  -2.54787
  -0.26946   0.04604  -2.44312
  -0.31435   0.04604  -2.36831
  -0.28442   0.03107  -2.30845
  -0.29938   0.06100  -2.20370
  -0.28442   0.06100  -2.08399
  -0.28442   0.07596  -1.99421
  -0.28442   0.06100  -1.84457
  -0.29938   0.01611  -1.69494
  -0.29938   0.00115  -1.56026
  -0.31435   0.03107  -1.42559
  -0.34427   0.00115  -1.27595
  -0.35924   0.03107  -1.12631
  -0.34427   0.01611  -0.94675
  -0.41909   0.00115  -0.76718
  -0.46398   0.00115  -0.61755
  -0.44902  -0.01382  -0.40805
  -0.47895  -0.05871  -0.22849
  -0.49391  -0.02878  -0.07885
  -0.47895  -0.05871   0.11568
  -0.53880  -0.07367   0.25035
  -0.50888  -0.04375   0.42992
  -0.49391  -0.05871   0.59452
  -0.50888  -0.04375   0.74416
  -0.55377  -0.04375   0.90876
  -0.49391  -0.05871   1.02847
  -0.52384  -0.07367   1.16314
  -0.53880  -0.05871   1.29782
  -0.50888  -0.01382   1.41753
  -0.47895   0.01611   1.52227
  -0.44902  -0.01382   1.67191
  -0.43406   0.01611   1.76169
  -0.40413  -0.02878   1.89637
  -0.38917   0.00115   2.00111
  -0.34427   0.03107   2.10586
  -0.32931   0.00115   2.21060
  -0.25449   0.01611   2.30039
  -0.20960  -0.01382   2.39017
  -0.16471   0.00115   2.46499
  -0.10485   0.04604   2.52484
  -0.01507   0.03107   2.58470
   0.04478   0.04604   2.64455
   0.10464   0.04604   2.71937
   0.17946   0.04604   2.74930
   0.26924   0.06100   2.74930
   0.34406   0.12086   2.76426
   0.41888   0.09093   2.79419
   0.46377   0.07596   2.79419
   0.50866   0.04604   2.76426
   0.56852   0.09093   2.74930
   0.61341   0.06100   2.76426
   0.64333   0.06100   2.71937
   0.68823   0.09093   2.64455
   0.71815   0.04604   2.64455
   0.74808   0.07596   2.52484
   0.79297   0.10589   2.47995
   0.79297   0.07596   2.40513
   0.80794   0.10589   2.31535
   0.83786   0.07596   2.25550
   0.82290   0.07596   2.13579
   0.82290   0.12086   2.00111
   0.80794   0.13582   1.86644
   0.83786   0.13582   1.71680
   0.82290   0.16575   1.56716
   0.79297   0.13582   1.40256
   0.79297   0.18071   1.23796
   0.79297   0.16575   1.05840
   0.76304   0.16575   0.86387
   0.74808   0.13582   0.68430
   0.70319   0.12086   0.48977
   0.68823   0.10589   0.29524
   0.65830   0.10589   0.08575
   0.65830   0.10589  -0.13871
   0.59844   0.10589  -0.31827
   0.59844   0.06100  -0.54273
   0.53859   0.06100  -0.70733
   0.52362   0.06100  -0.88689
   0.49370   0.06100  -1.06646
   0.44881   0.00115  -1.21610
   0.37399  -0.01382  -1.36573
   0.32910  -0.01382  -1.48544
   0.25428  -0.07367  -1.59019
   0.17946  -0.10360  -1.72486
   0.10464  -0.08864  -1.85954
   0.02982  -0.08864  -1.97925
  -0.08989  -0.14849  -2.08399
  -0.17967  -0.17842  -2.18874
  -0.26946  -0.16346  -2.27852
  -0.35924  -0.17842  -2.38327
  -0.47895  -0.19338  -2.47305
  -0.58369  -0.19338  -2.53291
  -0.71837  -0.20835  -2.59276
  -0.85304  -0.22331  -2.65262
  -0.97275  -0.22331  -2.69751
  -1.09246  -0.25324  -2.75736
  -1.19721  -0.22331  -2.72744
  -1.30195  -0.26820  -2.78729
  -1.42166  -0.23827  -2.77233
  -1.52641  -0.25324  -2.72744
  -1.63116  -0.26820  -2.69751
  -1.70598  -0.25324  -2.65262
  -1.75087  -0.25324  -2.59276
  -1.81072  -0.25324  -2.50298
  -1.87058  -0.25324  -2.41320
  -1.93043  -0.25324  -2.29349
  -1.94540  -0.23827  -2.18874
  -1.96036  -0.26820  -2.06903
  -1.97532  -0.25324  -1.93436
  -1.99029  -0.23827  -1.79968
  -1.97532  -0.23827  -1.67997
  -1.94540  -0.22331  -1.51537
  -1.94540  -0.16346  -1.41063
  -1.90051  -0.16346  -1.26099
  -1.88554  -0.17842  -1.09639
  -1.87058  -0.14849  -0.96171
  -1.82569  -0.13353  -0.79711
  -1.75087  -0.07367  -0.69236
  -1.67605  -0.07367  -0.51280
  -1.61619  -0.05871  -0.40805
  -1.55634  -0.05871  -0.22849
  -1.45159  -0.04375  -0.07885
  -1.40670  -0.01382   0.02590
  -1.31692  -0.01382   0.19050
  -1.16728   0.01611   0.31021
  -1.10743   0.00115   0.45984
  -0.98772   0.01611   0.60948
  -0.86801   0.04604   0.72919
  -0.76326   0.04604   0.83394
  -0.65851   0.04604   0.98358
  -0.52384   0.06100   1.10329
  -0.40413   0.04604   1.19307
  -0.31435   0.03107   1.32774
  -0.19464   0.01611   1.44745
  -0.08989   0.00115   1.52227
   0.02982   0.01611   1.58213
   0.20939  -0.01382   1.67191
   0.29917  -0.01382   1.74673
   0.43384  -0.05871   1.83651
   0.56852  -0.07367   1.92629
   0.71815  -0.10360   2.01608
   0.83786  -0.08864   2.06097
   0.97254  -0.07367   2.12082
   1.10721  -0.07367   2.13579
   1.25685  -0.11856   2.22557
   1.39152  -0.04375   2.27046
   1.48130  -0.10360   2.34528
   1.61598  -0.05871   2.37521
   1.72072  -0.05871   2.39017
   1.81051  -0.04375   2.40513
   1.91525  -0.01382   2.42010
   2.00504   0.04604   2.45002
   2.10978   0.04604   2.45002
   2.18460   0.03107   2.46499
   2.25942   0.06100   2.49492
   2.33424   0.12086   2.45002
   2.40906   0.13582   2.45002
   2.45395   0.15078   2.45002
   2.51380   0.13582   2.42010
   2.54373   0.15078   2.39017
   2.58862   0.15078   2.34528
   2.61855   0.12086   2.27046
   2.64848   0.13582   2.21060
   2.67841   0.12086   2.18068
   2.67841   0.13582   2.09089
   2.63351   0.10589   1.98615
   2.63351   0.06100   1.92629
   2.58862   0.01611   1.83651
   2.54373   0.03107   1.71680
   2.49884   0.01611   1.62702
   2.43899   0.01611   1.47738
   2.37913  -0.05871   1.37263
   2.30431  -0.08864   1.23796
   2.22949  -0.08864   1.08832
   2.15467  -0.11856   0.96861
   2.02000  -0.17842   0.78905
   1.88533  -0.19338   0.68430
   1.73569  -0.22331   0.53466
   1.57109  -0.25324   0.35510
   1.43641  -0.25324   0.17553
   1.28678  -0.26820   0.02590
   1.09225  -0.32806  -0.12374
   0.92765  -0.29813  -0.31827
   0.74808  -0.26820  -0.48287
   0.50866  -0.34302  -0.63251
   0.28420  -0.29813  -0.81207
   0.08967  -0.23827  -0.93178
  -0.16471  -0.26820  -1.09639
  -0.37420  -0.28317  -1.26099
  -0.62859  -0.23827  -1.41063
  -0.85304  -0.26820  -1.54530
  -1.06253  -0.26820  -1.73983
  -1.28699  -0.22331  -1.88947
  -1.49648  -0.22331  -2.00918
  -1.70598  -0.22331  -2.15881
  -1.87058  -0.16346  -2.26356
  -2.08007  -0.17842  -2.39823
  -2.24467  -0.16346  -2.51794
  -2.42424  -0.16346  -2.60773
  -2.54395  -0.11856  -2.71247
  -2.70855  -0.13353  -2.78729
  -2.84322  -0.14849  -2.80225
  -2.94797  -0.14849  -2.84715
  -3.06768  -0.13353  -2.87707
  -3.21732  -0.11856  -2.89204
  -3.27717  -0.11856  -2.84715
  -3.36695  -0.07367  -2.84715
  -3.41184  -0.05871  -2.80225
  -3.50163  -0.08864  -2.75736
  -3.54652  -0.07367  -2.71247
  -3.56148  -0.07367  -2.63765
  -3.54652  -0.05871  -2.53291
  -3.50163  -0.05871  -2.42816
  -3.45674  -0.08864  -2.32341
  -3.41184  -0.04375  -2.23363
  -3.36695  -0.04375  -2.11392
  -3.24724  -0.02878  -1.97925
  -3.17242  -0.01382  -1.82961
  -3.02279   0.00115  -1.66501
  -2.87315   0.00115  -1.50041
  -2.70855  -0.01382  -1.32084
  -2.58884   0.00115  -1.17121
  -2.42424   0.00115  -0.99164
  -2.25964   0.03107  -0.85697
  -2.06511   0.04604  -0.66244
  -1.88554   0.03107  -0.49784
  -1.69101   0.09093  -0.30331
  -1.51145   0.07596  -0.12374
  -1.25706   0.07596   0.01093
  -1.06253   0.10589   0.16057
  -0.80815   0.12086   0.29524
  -0.59866   0.13582   0.42992
  -0.35924   0.19567   0.50474
  -0.10485   0.21064   0.63941
   0.14953   0.21064   0.80401
   0.38895   0.22560   0.87883
   0.65830   0.21064   0.99854
   0.92765   0.22560   1.07336
   1.15210   0.27049   1.17811
   1.39152   0.24057   1.25292
   1.64591   0.27049   1.32774
   1.87036   0.28546   1.41753
   2.04993   0.27049   1.47738
   2.25942   0.27049   1.56716
   2.45395   0.27049   1.65695
   2.64848   0.24057   1.70184
   2.82804   0.27049   1.74673
   3.00761   0.27049   1.82155
   3.11235   0.24057   1.86644
   3.21710   0.27049   1.92629
   3.33681   0.19567   2.00111
   3.41163   0.21064   2.03104
   3.50141   0.18071   2.04600
   3.56127   0.16575   2.10586
   3.62112   0.16575   2.10586
   3.66601   0.15078   2.13579
   3.69594   0.18071   2.12082
   3.74083   0.15078   2.15075
   3.72587   0.10589   2.18068
   3.71090   0.09093   2.18068
   3.69594   0.07596   2.21060
   3.66601   0.09093   2.18068
   3.62112   0.10589   2.18068
   3.53134   0.07596   2.12082
   3.44156   0.04604   2.12082
   3.33681   0.03107   2.07593
   3.26199   0.01611   2.01608
   3.14228   0.01611   1.97118
   2.99264  -0.01382   1.92629
   2.85797   0.00115   1.83651
   2.69337  -0.01382   1.74673
   2.51380  -0.02878   1.67191
   2.33424   0.00115   1.56716
   2.16964  -0.02878   1.44745
   2.02000  -0.02878   1.37263
   1.79554  -0.04375   1.25292
   1.63094  -0.04375   1.16314
   1.42145  -0.05871   1.04343
   1.18203  -0.05871   0.92372
   1.01743  -0.04375   0.78905
   0.77801  -0.05871   0.63941
   0.56852  -0.08864   0.53466
   0.35902  -0.08864   0.41495
   0.13457  -0.07367   0.31021
  -0.08989  -0.05871   0.16057
  -0.31435  -0.05871   0.01093
  -0.56873  -0.07367  -0.09381
  -0.76326  -0.05871  -0.24345
  -0.95779  -0.05871  -0.37813
  -1.19721  -0.04375  -0.54273
  -1.42166  -0.07367  -0.64747
  -1.66108  -0.07367  -0.79711
  -1.85561  -0.05871  -0.90186
  -2.05014  -0.04375  -1.05149
  -2.25964  -0.01382  -1.17121
  -2.40927  -0.04375  -1.26099
  -2.57387  -0.05871  -1.38070
  -2.73848  -0.05871  -1.47048
  -2.87315  -0.05871  -1.57523
  -3.03775  -0.07367  -1.65005
  -3.15746  -0.05871  -1.75479
  -3.26221  -0.02878  -1.84457
  -3.38192  -0.05871  -1.90443
  -3.47170  -0.05871  -1.96428
  -3.54652  -0.07367  -2.00918
  -3.59141  -0.02878  -2.08399
  -3.69616  -0.05871  -2.11392
  -3.68119  -0.08864  -2.15881
  -3.68119  -0.07367  -2.18874
  -3.71112  -0.07367  -2.21867
  -3.69616  -0.05871  -2.21867
  -3.65127  -0.05871  -2.26356
  -3.62134  -0.07367  -2.27852
  -3.53156  -0.05871  -2.26356
  -3.45674  -0.07367  -2.27852
  -3.35199  -0.07367  -2.23363
  -3.24724  -0.05871  -2.26356
  -3.11257  -0.05871  -2.23363
  -2.97790  -0.04375  -2.20370
  -2.81329  -0.05871  -2.15881
  -2.64869  -0.04375  -2.14385
  -2.45416  -0.04375  -2.06903
  -2.28956   0.00115  -2.03910
  -2.11000  -0.01382  -1.99421
  -1.94540  -0.01382  -1.90443
  -1.72094   0.01611  -1.85954
  -1.52641   0.04604  -1.78472
  -1.31692   0.06100  -1.70990
  -1.12239   0.07596  -1.62012
  -0.91290   0.04604  -1.53034
  -0.70340   0.06100  -1.44055
  -0.49391   0.04604  -1.32084
  -0.29938   0.06100  -1.24602
  -0.08989   0.07596  -1.15624
   0.07471   0.09093  -1.09639
   0.31413   0.09093  -1.00660
   0.49370   0.03107  -0.88689
   0.70319   0.01611  -0.79711
   0.89772   0.07596  -0.72229
   1.07728   0.07596  -0.66244
   1.21196   0.06100  -0.58762
   1.39152   0.04604  -0.45294
   1.57109   0.06100  -0.39309
   1.70576   0.03107  -0.30331
   1.87036   0.04604  -0.19856
   2.02000   0.13582  -0.15367
   2.12475   0.07596  -0.01900
   2.24446   0.10589   0.04086
   2.34920   0.10589   0.14561
   2.46891   0.09093   0.23539
   2.55870   0.10589   0.34013
   2.63351   0.13582   0.42992
   2.73826   0.13582   0.48977
   2.78315   0.12086   0.57955
   2.84301   0.10589   0.65437
   2.88790   0.09093   0.77408
   2.93279   0.06100   0.84890
   2.93279   0.07596   0.90876
   2.94775   0.09093   0.99854
   2.93279   0.06100   1.07336
   2.91783   0.03107   1.13321
   2.88790   0.04604   1.17811
   2.87293   0.03107   1.23796
   2.81308   0.01611   1.28285
   2.78315   0.04604   1.28285
   2.70833   0.01611   1.35767
   2.63351  -0.01382   1.38760
   2.55870  -0.01382   1.38760
   2.45395   0.00115   1.40256
   2.36417  -0.01382   1.40256
   2.30431  -0.02878   1.41753
   2.18460  -0.10360   1.44745
   2.09482  -0.11856   1.40256
   1.99007  -0.07367   1.37263
   1.91525  -0.07367   1.37263
   1.81051  -0.11856   1.32774
   1.66087  -0.07367   1.26789
   1.54116  -0.08864   1.23796
   1.45138  -0.04375   1.17811
   1.36159  -0.02878   1.11825
   1.28678  -0.04375   1.04343
   1.16707  -0.02878   0.99854
   1.03239  -0.04375   0.93869
   0.89772  -0.01382   0.83394
   0.79297   0.04604   0.74416
   0.67326   0.01611   0.69926
   0.52362   0.01611   0.62445
   0.40391   0.04604   0.51970
   0.26924   0.06100   0.44488
   0.13457   0.04604   0.35510
  -0.04500   0.04604   0.28028
  -0.14975   0.07596   0.17553
  -0.23953   0.07596   0.11568
  -0.41909   0.09093   0.02590
  -0.53880   0.09093  -0.07885
  -0.67348   0.09093  -0.12374
  -0.80815   0.09093  -0.25842
  -0.91290   0.09093  -0.30331
  -1.07750   0.12086  -0.42302
  -1.16728   0.07596  -0.51280
  -1.27203   0.12086  -0.60258
  -1.40670   0.09093  -0.61755
  -1.54137   0.07596  -0.69236
  -1.60123   0.10589  -0.75222
  -1.70598   0.09093  -0.78215
  -1.79576   0.07596  -0.82704
  -1.88554   0.10589  -0.84200
  -1.97532   0.10589  -0.88689
  -2.03518   0.13582  -0.90186
  -2.13993   0.09093  -0.90186
  -2.19978   0.13582  -0.88689
  -2.24467   0.10589  -0.85697
  -2.31949   0.09093  -0.82704
  -2.39431   0.07596  -0.79711
  -2.42424   0.09093  -0.79711
  -2.45416   0.09093  -0.75222
  -2.49906   0.09093  -0.70733
  -2.52898   0.10589  -0.66244
  -2.51402   0.12086  -0.64747
  -2.55891   0.12086  -0.61755
  -2.54395   0.12086  -0.55769
  -2.51402   0.07596  -0.52776
  -2.51402   0.07596  -0.42302
  -2.45416   0.06100  -0.36316
  -2.40927   0.04604  -0.27338
  -2.34942   0.07596  -0.24345
  -2.28956   0.09093  -0.19856
  -2.22971   0.06100  -0.16863
  -2.13993   0.06100  -0.07885
  -2.08007   0.04604   0.01093
  -2.00525   0.04604   0.04086
  -1.90051   0.07596   0.08575
  -1.81072   0.06100   0.17553
  -1.72094   0.07596   0.22042
  -1.64612   0.06100   0.28028
  -1.58627   0.06100   0.29524
  -1.46656   0.07596   0.34013
  -1.34685   0.09093   0.38503
  -1.22714   0.06100   0.39999
  -1.10743   0.07596   0.47481
  -0.97275   0.09093   0.50474
  -0.83808   0.06100   0.53466
  -0.70340   0.10589   0.54963
  -0.58369   0.10589   0.59452
  -0.41909   0.09093   0.59452
  -0.23953   0.13582   0.62445
  -0.07493   0.15078   0.65437
   0.11960   0.18071   0.69926
   0.26924   0.16575   0.68430
   0.44881   0.10589   0.72919
   0.58348   0.07596   0.77408
   0.77801   0.09093   0.77408
   0.91268   0.07596   0.75912
   1.06232   0.06100   0.78905
   1.21196   0.06100   0.75912
   1.37656   0.04604   0.75912
   1.52620   0.04604   0.74416
   1.61598   0.03107   0.72919
   1.78058   0.03107   0.71423
   1.90029   0.06100   0.66934
   2.02000   0.04604   0.66934
   2.10978   0.04604   0.63941
   2.21453   0.01611   0.63941
   2.31928   0.01611   0.62445
   2.42402   0.03107   0.56459
   2.49884  -0.04375   0.53466
   2.60359   0.00115   0.51970
   2.67841  -0.02878   0.48977
   2.76819  -0.02878   0.48977
   2.81308  -0.05871   0.45984
   2.90286  -0.10360   0.45984
   2.94775  -0.10360   0.41495
   2.99264  -0.11856   0.38503
   3.03754  -0.13353   0.37006
   3.05250  -0.13353   0.34013
   3.08243  -0.13353   0.31021
   3.02257  -0.13353   0.26532
   3.00761  -0.16346   0.23539
   2.96272  -0.17842   0.17553
   2.91783  -0.13353   0.14561
   2.84301  -0.11856   0.10071
   2.76819  -0.13353   0.08575
   2.67841  -0.16346   0.08575
   2.60359  -0.17842   0.04086
   2.51380  -0.17842   0.02590
   2.36417  -0.14849  -0.01900
   2.22949  -0.14849  -0.01900
   2.09482  -0.17842  -0.01900
   1.96015  -0.20835  -0.00403
   1.76562  -0.22331  -0.00403
   1.63094  -0.14849   0.01093
   1.45138  -0.16346   0.04086
   1.30174  -0.17842   0.10071
   1.09225  -0.17842   0.11568
   0.92765  -0.13353   0.16057
   0.71815  -0.10360   0.16057
   0.52362  -0.11856   0.19050
   0.31413  -0.13353   0.25035
   0.14953  -0.11856   0.26532
  -0.05996  -0.10360   0.34013
  -0.25449  -0.08864   0.38503
  -0.49391  -0.07367   0.39999
  -0.65851  -0.04375   0.44488
  -0.85304  -0.04375   0.50474
  -1.07750  -0.04375   0.51970
  -1.25706  -0.01382   0.56459
  -1.46656  -0.02878   0.59452
  -1.64612   0.01611   0.62445
  -1.82569   0.03107   0.69926
  -2.00525   0.00115   0.72919
  -2.18482   0.00115   0.80401
  -2.33445  -0.01382   0.83394
  -2.49906   0.00115   0.84890
  -2.63373   0.01611   0.86387
  -2.73848  -0.01382   0.89379
  -2.85819  -0.04375   0.92372
  -2.93300  -0.05871   0.93869
  -3.05271  -0.07367   0.89379
  -3.14250  -0.11856   0.93869
  -3.20235  -0.10360   0.93869
  -3.26221  -0.11856   0.93869
  -3.27717  -0.16346   0.93869
  -3.30710  -0.16346   0.90876
  -3.32206  -0.13353   0.87883
  -3.33703  -0.14849   0.90876
  -3.32206  -0.17842   0.84890
  -3.32206  -0.17842   0.83394
  -3.27717  -0.16346   0.81898
  -3.18739  -0.14849   0.75912
  -3.15746  -0.16346   0.72919
  -3.11257  -0.07367   0.65437
  -3.05271  -0.08864   0.65437
  -2.97790  -0.11856   0.56459
  -2.88811  -0.07367   0.50474
  -2.82826  -0.05871   0.44488
  -2.73848  -0.04375   0.37006
  -2.63373  -0.02878   0.31021
  -2.48409   0.01611   0.20546
  -2.40927   0.00115   0.13064
  -2.25964  -0.01382   0.05582
  -2.13993   0.01611  -0.01900
  -2.00525   0.00115  -0.09381
  -1.85561   0.01611  -0.16863
  -1.70598   0.03107  -0.24345
  -1.52641   0.01611  -0.28834
  -1.33188   0.01611  -0.34820
  -1.18224   0.00115  -0.43798
  -1.01764   0.01611  -0.49784
  -0.82311   0.01611  -0.54273
  -0.61362  -0.01382  -0.58762
  -0.40413   0.04604  -0.64747
  -0.19464   0.01611  -0.72229
  -1.1E-40  -0.02878  -0.75222
   0.22435   0.00115  -0.85697
   0.49370   0.00115  -0.88689
   0.65830  -0.02878  -0.96171
   0.88275  -0.04375  -0.97668
   1.04736  -0.01382  -1.09639
   1.24188  -0.04375  -1.15624
   1.40649  -0.05871  -1.23106
   1.58605  -0.02878  -1.33581
   1.72072  -0.02878  -1.36573
   1.88533  -0.01382  -1.45552
   2.02000  -0.04375  -1.48544
   2.12475  -0.05871  -1.50041
   2.27438  -0.04375  -1.54530
   2.36417  -0.04375  -1.60515
   2.48388  -0.04375  -1.60515
   2.58862  -0.01382  -1.63508
   2.66344  -0.04375  -1.66501
   2.73826  -0.04375  -1.65005
   2.81308  -0.04375  -1.63508
   2.88790  -0.05871  -1.60515
   2.96272  -0.04375  -1.62012
   3.02257  -0.04375  -1.60515
   3.05250  -0.10360  -1.57523
   3.08243  -0.07367  -1.54530
   3.14228  -0.07367  -1.53034
   3.15725  -0.05871  -1.50041
   3.17221  -0.05871  -1.44055
   3.18717  -0.04375  -1.41063
   3.17221  -0.04375  -1.36573
   3.14228  -0.02878  -1.32084
   3.12732  -0.02878  -1.24602
   3.09739  -0.01382  -1.18617
   3.05250  -0.01382  -1.09639
   2.99264   0.00115  -1.05149
   2.93279   0.00115  -0.97668
   2.87293   0.01611  -0.90186
   2.82804   0.04604  -0.84200
   2.73826   0.01611  -0.76718
   2.67841   0.01611  -0.67740
   2.55870   0.00115  -0.60258
   2.48388   0.04604  -0.54273
   2.34920   0.03107  -0.42302
   2.24446   0.04604  -0.37813
   2.13971   0.03107  -0.28834
   2.00504   0.03107  -0.21352
   1.88533   0.06100  -0.16863
   1.73569   0.01611  -0.04892
   1.60101   0.04604   0.04086
   1.40649  -0.01382   0.14561
   1.22692   0.04604   0.19050
   1.09225   0.01611   0.29524
   0.89772   0.03107   0.42992
   0.74808   0.01611   0.53466
   0.58348   0.04604   0.62445
   0.35902   0.03107   0.71423
   0.14953   0.07596   0.78905
  -1.1E-40   0.10589   0.89379
  -0.20960   0.07596   0.98358
  -0.38917   0.12086   1.02847
  -0.58369   0.09093   1.11825
  -0.76326   0.10589   1.17811
  -0.92786   0.15078   1.23796
  -1.07750   0.15078   1.31278
  -1.25706   0.13582   1.37263
  -1.39174   0.12086   1.38760
  -1.57130   0.18071   1.38760
  -1.70598   0.19567   1.41753
  -1.84065   0.16575   1.43249
  -1.94540   0.15078   1.46242
  -2.08007   0.18071   1.44745
  -2.15489   0.18071   1.47738
  -2.30453   0.16575   1.47738
  -2.37935   0.18071   1.46242
  -2.48409   0.24057   1.43249
  -2.54395   0.21064   1.40256
  -2.61877   0.24057   1.40256
  -2.66366   0.22560   1.35767
  -2.72351   0.21064   1.35767
  -2.75344   0.19567   1.34271
  -2.81329   0.16575   1.29782
  -2.84322   0.16575   1.25292
  -2.85819   0.18071   1.19307
  -2.85819   0.22560   1.11825
  -2.87315   0.19567   1.04343
  -2.87315   0.16575   0.99854
  -2.85819   0.19567   0.89379
  -2.84322   0.22560   0.80401
  -2.82826   0.19567   0.72919
  -2.79833   0.16575   0.65437
  -2.75344   0.18071   0.57955
  -2.70855   0.18071   0.50474
  -2.67862   0.13582   0.41495
  -2.60380   0.15078   0.34013
  -2.52898   0.12086   0.25035
  -2.46913   0.12086   0.17553
  -2.39431   0.10589   0.07079
  -2.34942   0.07596  -0.00403
  -2.24467   0.07596  -0.09381
  -2.13993   0.09093  -0.18360
  -2.03518   0.04604  -0.24345
  -1.94540   0.03107  -0.31827
  -1.84065   0.03107  -0.40805
  -1.73590   0.01611  -0.46791
  -1.60123   0.00115  -0.52776
  -1.48152  -0.01382  -0.58762
  -1.36181  -0.02878  -0.67740
  -1.24210  -0.02878  -0.70733
  -1.09246  -0.07367  -0.75222
  -0.94282  -0.07367  -0.81207
  -0.80815  -0.05871  -0.87193
  -0.68844  -0.11856  -0.90186
  -0.55377  -0.11856  -0.96171
  -0.38917  -0.10360  -1.00660
  -0.28442  -0.14849  -1.05149
  -0.16471  -0.14849  -1.08142
  -1.1E-40  -0.17842  -1.11135
   0.11960  -0.19338  -1.11135
   0.23931  -0.20835  -1.17121
   0.38895  -0.20835  -1.17121
   0.52362  -0.20835  -1.18617
   0.64333  -0.19338  -1.18617
   0.76304  -0.23827  -1.20113
   0.85283  -0.29813  -1.15624
   0.97254  -0.31309  -1.17121
   1.06232  -0.29813  -1.15624
   1.18203  -0.37295  -1.14128
   1.25685  -0.34302  -1.12631
   1.39152  -0.31309  -1.14128
   1.48130  -0.34302  -1.09639
   1.55612  -0.35798  -1.09639
   1.64591  -0.32806  -1.08142
   1.75065  -0.35798  -1.06646
   1.79554  -0.35798  -1.03653
   1.87036  -0.35798  -1.00660
   1.91525  -0.35798  -0.97668
   1.96015  -0.32806  -1.00660
   2.03496  -0.32806  -0.97668
   2.06489  -0.32806  -0.97668
   2.07986  -0.31309  -0.96171
   2.10978  -0.29813  -0.94675
   2.10978  -0.31309  -0.93178
   2.10978  -0.28317  -0.91682
   2.12475  -0.32806  -0.88689
   2.10978  -0.28317  -0.88689
   2.07986  -0.25324  -0.88689
   2.06489  -0.28317  -0.84200
   2.00504  -0.25324  -0.82704
   1.99007  -0.22331  -0.79711
   1.94518  -0.20835  -0.76718
   1.88533  -0.23827  -0.72229
   1.82547  -0.19338  -0.67740
   1.79554  -0.16346  -0.64747
   1.70576  -0.13353  -0.58762
   1.61598  -0.11856  -0.54273
   1.51123  -0.10360  -0.46791
   1.42145  -0.07367  -0.39309
   1.33167  -0.04375  -0.34820
   1.22692  -0.08864  -0.27338
   1.15210  -0.04375  -0.24345
   1.06232  -0.01382  -0.21352
   0.97254  -0.04375  -0.15367
   0.83786  -0.04375  -0.10878
   0.68823  -0.01382  -0.06389
   0.62837  -0.01382  -0.01900
   0.50866  -0.01382   0.02590
   0.38895  -0.01382   0.05582
   0.28420   0.03107   0.08575
   0.14953   0.06100   0.13064
   0.07471   0.06100   0.17553
  -0.01507   0.03107   0.23539
  -0.13478   0.06100   0.25035
  -0.22456   0.00115   0.32517
  -0.28442   0.01611   0.38503
  -0.40413   0.01611   0.41495
  -0.49391   0.04604   0.47481
  -0.59866   0.03107   0.51970
  -0.68844   0.03107   0.57955
  -0.76326   0.00115   0.63941
  -0.83808   0.04604   0.68430
  -0.88297   0.06100   0.74416
  -0.97275   0.00115   0.80401
  -1.01764   0.01611   0.83394
  -1.10743   0.03107   0.84890
  -1.13735   0.00115   0.90876
  -1.19721   0.04604   0.89379
  -1.22714   0.07596   0.95365
  -1.24210   0.04604   0.96861
  -1.28699   0.01611   0.98358
  -1.33188   0.06100   1.02847
  -1.34685   0.07596   1.05840
  -1.37677   0.04604   1.10329
  -1.37677   0.04604   1.11825
  -1.40670   0.06100   1.19307
  -1.40670   0.03107   1.22300
  -1.43663   0.01611   1.25292
  -1.45159   0.01611   1.28285
  -1.46656  -0.01382   1.34271
  -1.48152   0.01611   1.35767
  -1.45159  -0.01382   1.40256
  -1.46656  -0.04375   1.43249
  -1.45159  -0.01382   1.47738
  -1.43663  -0.05871   1.47738
  -1.39174   0.00115   1.47738
  -1.36181  -0.04375   1.50731
  -1.34685  -0.05871   1.53724
  -1.31692  -0.05871   1.56716
  -1.25706  -0.04375   1.56716
  -1.19721  -0.08864   1.59709
  -1.12239  -0.05871   1.59709
  -1.04757  -0.04375   1.58213
  -0.98772  -0.08864   1.59709
  -0.88297  -0.05871   1.61205
  -0.79319  -0.02878   1.58213
  -0.71837  -0.04375   1.59709
  -0.61362  -0.02878   1.58213
  -0.52384  -0.04375   1.58213
  -0.44902  -0.02878   1.58213
  -0.35924  -0.04375   1.55220
  -0.25449   0.00115   1.52227
  -0.14975   0.00115   1.49234
  -0.08989   0.01611   1.46242
   0.02982   0.03107   1.41753
   0.14953   0.06100   1.35767
   0.26924   0.03107   1.34271
   0.34406   0.01611   1.28285
   0.46377   0.06100   1.19307
   0.58348   0.06100   1.14818
   0.67326   0.07596   1.08832
   0.77801   0.01611   1.01350
   0.85283   0.04604   0.90876
   0.95757   0.04604   0.78905
   1.04736   0.01611   0.72919
   1.12217   0.04604   0.60948
   1.22692   0.04604   0.51970
   1.28678   0.04604   0.44488
   1.34663   0.03107   0.32517
   1.39152   0.04604   0.25035
   1.43641   0.03107   0.11568
   1.51123   0.00115   0.04086
   1.54116   0.01611  -0.07885
   1.58605   0.03107  -0.16863
   1.60101   0.04604  -0.27338
   1.61598   0.01611  -0.39309
   1.64591   0.00115  -0.49784
   1.64591   0.00115  -0.60258
   1.66087   0.03107  -0.70733
   1.69080   0.04604  -0.84200
   1.69080   0.04604  -0.94675
   1.67583   0.03107  -1.05149
   1.69080   0.06100  -1.15624
   1.70576   0.10589  -1.21610
   1.67583   0.07596  -1.32084
   1.66087   0.10589  -1.39566
   1.66087   0.07596  -1.45552
   1.66087   0.09093  -1.51537
   1.64591   0.10589  -1.59019
   1.60101   0.09093  -1.62012
   1.57109   0.10589  -1.67997
   1.54116   0.13582  -1.70990
   1.52620   0.15078  -1.78472
   1.46634   0.13582  -1.78472
   1.42145   0.13582  -1.82961
   1.37656   0.13582  -1.84457
   1.31670   0.18071  -1.88947
   1.28678   0.16575  -1.90443
   1.22692   0.15078  -1.90443
   1.16707   0.21064  -1.93436
   1.15210   0.18071  -1.94932
   1.07728   0.15078  -1.90443
   1.04736   0.16575  -1.91939
   0.97254   0.19567  -1.90443
   0.94261   0.21064  -1.88947
   0.88275   0.15078  -1.82961
   0.86779   0.13582  -1.79968
   0.83786   0.19567  -1.78472
   0.79297   0.16575  -1.70990
   0.76304   0.19567  -1.67997
   0.74808   0.18071  -1.60515
   0.65830   0.19567  -1.56026
   0.61341   0.18071  -1.50041
   0.58348   0.16575  -1.45552
   0.53859   0.15078  -1.39566
   0.47873   0.12086  -1.32084
   0.40391   0.12086  -1.26099
   0.34406   0.10589  -1.17121
   0.25428   0.07596  -1.09639
   0.22435   0.09093  -1.03653
   0.13457   0.07596  -0.99164
   0.07471   0.06100  -0.88689
   0.01486   0.04604  -0.81207
  -1.1E-40   0.00115  -0.67740
  -0.08989  -0.01382  -0.61755
  -0.13478   0.03107  -0.52776
  -0.20960   0.01611  -0.45294
  -0.25449  -0.01382  -0.30331
  -0.34427   0.00115  -0.22849
  -0.38917   0.00115  -0.12374
  -0.44902   0.01611  -0.03396
  -0.47895   0.06100   0.01093
  -0.53880   0.06100   0.10071
  -0.61362   0.04604   0.17553
  -0.65851   0.07596   0.26532
  -0.70340   0.04604   0.34013
  -0.79319   0.04604   0.42992
  -0.82311   0.06100   0.47481
  -0.88297   0.04604   0.51970
  -0.92786   0.10589   0.54963
  -1.00268   0.10589   0.60948
  -1.03261   0.12086   0.66934
  -1.06253   0.10589   0.74416
  -1.13735   0.07596   0.83394
  -1.18224   0.07596   0.87883
  -1.21217   0.10589   0.95365
  -1.25706   0.09093   0.99854
  -1.27203   0.07596   1.07336
  -1.30195   0.06100   1.10329
  -1.30195   0.03107   1.13321
  -1.33188   0.06100   1.17811
  -1.36181   0.06100   1.19307
  -1.33188   0.09093   1.20803
  -1.33188   0.09093   1.23796
  -1.31692   0.09093   1.23796
  -1.28699   0.06100   1.23796
  -1.28699   0.09093   1.20803
  -1.27203   0.07596   1.22300
  -1.24210   0.06100   1.20803
  -1.19721   0.06100   1.22300
  -1.16728   0.01611   1.20803
  -1.13735   0.04604   1.17811
  -1.13735   0.00115   1.16314
  -1.07750  -0.01382   1.11825
  -1.01764  -0.04375   1.10329
  -0.97275  -0.04375   1.04343
  -0.88297  -0.02878   0.99854
  -0.82311  -0.04375   0.95365
  -0.77822  -0.02878   0.89379
  -0.70340  -0.01382   0.83394
  -0.71837  -0.01382   0.81898
  -0.68844   0.03107   0.75912
  -0.65851  -0.01382   0.72919
  -0.64355   0.01611   0.65437
  -0.61362  -0.01382   0.59452
  -0.56873   0.00115   0.50474
  -0.53880  -0.02878   0.41495
  -0.50888  -0.01382   0.35510
  -0.49391  -0.04375   0.32517
  -0.46398  -0.05871   0.22042
  -0.47895  -0.05871   0.16057
  -0.47895  -0.08864   0.13064
  -0.49391  -0.07367   0.08575
  -0.49391  -0.10360   0.01093
  -0.46398  -0.11856  -0.01900
  -0.40413  -0.10360  -0.04892
  -0.38917  -0.08864  -0.09381
  -0.40413  -0.08864  -0.12374
  -0.43406  -0.07367  -0.15367
  -0.41909  -0.04375  -0.19856
  -0.43406  -0.02878  -0.22849
  -0.43406  -0.04375  -0.19856
  -0.40413  -0.01382  -0.25842
  -0.43406  -0.01382  -0.31827
  -0.41909  -0.01382  -0.36316
  -0.41909   0.03107  -0.40805
  -0.40413   0.04604  -0.42302
  -0.43406   0.12086  -0.46791
  -0.38917   0.18071  -0.54273
  -0.37420   0.18071  -0.51280
  -0.38917   0.21064  -0.52776
  -0.38917   0.21064  -0.52776
  -0.38917   0.19567  -0.57265
  -0.40413   0.19567  -0.60258
  -0.37420   0.19567  -0.64747
  -0.34427   0.16575  -0.66244
  -0.29938   0.15078  -0.67740
  -0.26946   0.16575  -0.70733
  -0.23953   0.19567  -0.75222
  -0.25449   0.19567  -0.76718
  -0.23953   0.19567  -0.82704
  -0.20960   0.18071  -0.81207
  -0.16471   0.21064  -0.82704
  -0.14975   0.21064  -0.84200
  -0.14975   0.21064  -0.87193
  -0.14975   0.15078  -0.87193
  -0.14975   0.13582  -0.87193
  -0.14975   0.04604  -0.87193
  -0.13478   0.04604  -0.90186
  -0.05996   0.00115  -0.85697
  -0.07493  -0.01382  -0.82704
  -0.04500  -0.02878  -0.82704
  -0.04500  -0.02878  -0.81207
  -1.1E-40  -0.04375  -0.79711
   0.02982  -0.01382  -0.78215
  -0.03004  -0.02878  -0.76718
  -1.1E-40   0.00115  -0.73726
   0.04478   0.00115  -0.67740
   0.07471   0.01611  -0.63251
   0.10464   0.03107  -0.60258
   0.10464   0.00115  -0.52776
   0.16449   0.03107  -0.46791
   0.16449  -0.01382  -0.40805
   0.16449   0.01611  -0.33323
   0.16449   0.00115  -0.31827
   0.25428   0.01611  -0.22849
   0.31413   0.00115  -0.18360
   0.31413   0.00115  -0.15367
   0.38895  -0.01382  -0.07885
   0.40391  -0.01382  -0.04892
   0.49370   0.00115  -0.04892
   0.52362   0.04604  -0.00403
   0.52362   0.00115   0.07079
   0.52362   0.00115   0.11568
   0.55355  -0.02878   0.16057
   0.55355  -0.02878   0.17553
   0.61341  -0.07367   0.25035
   0.62837  -0.05871   0.25035
   0.61341  -0.07367   0.26532
   0.62837  -0.16346   0.26532
   0.64333  -0.14849   0.31021
   0.62837  -0.14849   0.31021
   0.58348  -0.17842   0.31021
   0.53859  -0.16346   0.28028
   0.52362  -0.17842   0.28028
   0.52362  -0.19338   0.28028
   0.52362  -0.22331   0.29524
   0.49370  -0.25324   0.28028
   0.41888  -0.25324   0.26532
   0.40391  -0.25324   0.26532
   0.38895  -0.26820   0.26532
   0.34406  -0.29813   0.25035
   0.25428  -0.32806   0.26532
   0.19442  -0.29813   0.23539
   0.14953  -0.29813   0.25035
   0.10464  -0.25324   0.23539
   0.05975  -0.23827   0.25035
  -0.03004  -0.28317   0.25035
  -0.05996  -0.28317   0.25035
  -0.07493  -0.26820   0.28028
  -0.10485  -0.25324   0.29524
  -0.16471  -0.23827   0.26532
  -0.20960  -0.19338   0.29524
  -0.23953  -0.19338   0.32517
  -0.29938  -0.16346   0.34013
  -0.34427  -0.14849   0.35510
  -0.40413  -0.13353   0.37006
  -0.43406  -0.10360   0.37006
  -0.47895  -0.10360   0.38503
  -0.52384  -0.10360   0.44488
  -0.53880  -0.08864   0.44488
  -0.58369  -0.11856   0.47481
  -0.55377  -0.08864   0.47481
  -0.56873  -0.10360   0.50474
  -0.59866  -0.07367   0.51970
  -0.61362  -0.05871   0.53466
  -0.62859  -0.07367   0.60948
  -0.62859  -0.04375   0.60948
  -0.61362  -0.07367   0.66934
  -0.62859  -0.05871   0.68430
  -0.64355  -0.05871   0.71423
  -0.62859  -0.04375   0.75912
  -0.61362  -0.02878   0.81898
  -0.61362  -0.02878   0.81898
  -0.61362  -0.04375   0.86387
  -0.58369  -0.05871   0.86387
  -0.55377  -0.05871   0.89379
  -0.53880  -0.08864   0.93869
  -0.52384  -0.08864   0.92372
  -0.49391  -0.07367   0.93869
  -0.49391  -0.02878   0.90876
  -0.44902  -0.04375   0.92372
  -0.43406  -0.08864   0.89379
  -0.40413  -0.08864   0.87883
  -0.34427  -0.08864   0.83394
  -0.29938  -0.07367   0.80401
  -0.22456  -0.07367   0.77408
  -0.16471  -0.07367   0.77408
  -0.11982  -0.07367   0.74416
  -0.05996  -0.08864   0.74416
  -1.1E-40  -0.08864   0.69926
   0.05975  -0.08864   0.68430
   0.14953  -0.05871   0.65437
   0.20939  -0.07367   0.59452
   0.26924   0.00115   0.54963
   0.35902   0.03107   0.54963
   0.40391   0.04604   0.50474
   0.46377   0.04604   0.50474
   0.50866   0.04604   0.51970
   0.55355   0.06100   0.47481
   0.62837   0.10589   0.44488
   0.70319   0.10589   0.42992
   0.73312   0.12086   0.39999
   0.77801   0.12086   0.38503
   0.80794   0.12086   0.37006
   0.88275   0.13582   0.29524
   0.94261   0.18071   0.23539
   0.95757   0.13582   0.20546
   0.97254   0.18071   0.14561
   1.00246   0.22560   0.10071
   1.03239   0.21064   0.05582
   1.07728   0.19567   0.01093
   1.09225   0.18071  -0.01900
   1.10721   0.13582  -0.09381
   1.12217   0.16575  -0.13871
   1.13714   0.15078  -0.22849
   1.13714   0.10589  -0.25842
   1.16707   0.09093  -0.36316
   1.16707   0.06100  -0.40805
   1.13714   0.07596  -0.52776
   1.16707   0.03107  -0.61755
   1.15210   0.00115  -0.67740
   1.12217   0.00115  -0.75222
   1.10721  -0.01382  -0.85697
   1.06232   0.01611  -0.93178
   1.04736   0.00115  -0.99164
   1.01743  -0.02878  -1.08142
   1.01743  -0.04375  -1.15624
   1.00246  -0.02878  -1.23106
   0.97254  -0.02878  -1.26099
   0.91268  -0.05871  -1.32084
   0.89772  -0.04375  -1.36573
   0.83786  -0.05871  -1.41063
   0.82290  -0.04375  -1.48544
   0.79297  -0.02878  -1.54530
   0.76304  -0.02878  -1.59019
   0.73312  -0.01382  -1.63508
   0.70319   0.00115  -1.66501
   0.71815   0.01611  -1.66501
   0.65830   0.00115  -1.69494
   0.64333  -0.02878  -1.67997
   0.64333  -0.02878  -1.66501
   0.61341  -0.02878  -1.66501
   0.58348  -0.01382  -1.60515
   0.59844   0.00115  -1.57523
   0.55355  -0.01382  -1.53034
   0.52362   0.00115  -1.47048
   0.52362  -0.02878  -1.41063
   0.49370  -0.02878  -1.33581
   0.47873  -0.01382  -1.23106
   0.46377  -0.05871  -1.15624
   0.43384  -0.05871  -1.03653
   0.40391  -0.07367  -0.93178
   0.35902  -0.08864  -0.82704
   0.32910  -0.08864  -0.69236
   0.26924  -0.10360  -0.57265
   0.23931  -0.13353  -0.40805
   0.23931  -0.14849  -0.27338
   0.17946  -0.10360  -0.15367
   0.13457  -0.10360  -0.03396
   0.07471  -0.14849   0.14561
   0.02982  -0.13353   0.25035
  -0.03004  -0.14849   0.39999
  -0.08989  -0.13353   0.50474
  -0.10485  -0.11856   0.57955
  -0.16471  -0.08864   0.71423
  -0.20960  -0.13353   0.80401
  -0.25449  -0.08864   0.90876
  -0.31435  -0.07367   0.99854
  -0.37420  -0.05871   1.11825
  -0.41909  -0.05871   1.19307
  -0.44902  -0.05871   1.26789
  -0.49391  -0.05871   1.32774
  -0.53880  -0.04375   1.41753
  -0.58369  -0.04375   1.47738
  -0.62859  -0.05871   1.55220
  -0.62859  -0.02878   1.56716
  -0.68844  -0.01382   1.61205
  -0.70340   0.00115   1.65695
  -0.73333   0.00115   1.67191
  -0.77822   0.03107   1.71680
  -0.80815  -0.01382   1.76169
  -0.80815   0.01611   1.77666
  -0.88297   0.03107   1.77666
  -0.89793   0.03107   1.82155
  -0.89793   0.04604   1.82155
  -0.89793   0.07596   1.83651
  -0.94282   0.07596   1.83651
  -0.91290   0.09093   1.82155
  -0.89793   0.06100   1.82155
  -0.91290   0.06100   1.79162
  -0.95779   0.06100   1.77666
  -0.94282   0.04604   1.74673
  -0.95779   0.04604   1.70184
  -0.92786   0.06100   1.64198
  -0.89793   0.09093   1.56716
  -0.88297   0.06100   1.50731
  -0.86801   0.04604   1.47738
  -0.85304   0.04604   1.40256
  -0.80815   0.07596   1.29782
  -0.77822   0.03107   1.23796
  -0.76326   0.06100   1.14818
  -0.74830   0.09093   1.04343
  -0.73333   0.07596   0.95365
  -0.68844   0.10589   0.86387
  -0.68844   0.06100   0.75912
  -0.65851   0.09093   0.65437
  -0.67348   0.06100   0.54963
  -0.64355   0.07596   0.41495
  -0.62859   0.07596   0.32517
  -0.59866   0.10589   0.20546
  -0.58369   0.09093   0.10071
  -0.59866   0.06100  -0.03396
  -0.56873   0.06100  -0.15367
  -0.52384   0.06100  -0.30331
  -0.50888   0.04604  -0.45294
  -0.47895   0.04604  -0.60258
  -0.44902   0.03107  -0.73726
  -0.40413   0.06100  -0.87193
  -0.35924   0.06100  -1.00660
  -0.34427   0.01611  -1.11135
  -0.32931   0.03107  -1.21610
  -0.23953   0.06100  -1.33581
  -0.17967   0.03107  -1.42559
  -0.11982   0.06100  -1.53034
  -0.08989   0.09093  -1.65005
  -0.04500   0.09093  -1.72486
  -1.1E-40   0.10589  -1.78472
   0.04478   0.12086  -1.88947
   0.13457   0.12086  -1.94932
   0.16449   0.15078  -2.05407
   0.23931   0.15078  -2.15881
   0.32910   0.12086  -2.17378
   0.38895   0.10589  -2.26356
   0.44881   0.12086  -2.33838
   0.49370   0.13582  -2.35334
   0.56852   0.13582  -2.42816
   0.64333   0.13582  -2.47305
   0.71815   0.16575  -2.51794
   0.76304   0.16575  -2.54787
   0.82290   0.16575  -2.54787
   0.86779   0.13582  -2.54787
   0.92765   0.13582  -2.53291
   0.97254   0.09093  -2.48802
   0.98750   0.06100  -2.47305
   1.04736   0.03107  -2.38327
   1.07728   0.01611  -2.35334
   1.09225   0.01611  -2.30845
   1.12217  -0.01382  -2.20370
   1.12217  -0.02878  -2.15881
   1.13714  -0.04375  -2.03910
   1.15210  -0.07367  -1.91939
   1.15210  -0.10360  -1.81465
   1.16707  -0.10360  -1.70990
   1.16707  -0.07367  -1.62012
   1.15210  -0.08864  -1.45552
   1.12217  -0.08864  -1.32084
   1.10721  -0.11856  -1.18617
   1.06232  -0.10360  -1.03653
   1.03239  -0.08864  -0.85697
   1.00246  -0.10360  -0.70733
   0.97254  -0.08864  -0.52776
   0.92765  -0.05871  -0.30331
   0.86779  -0.04375  -0.13871
   0.80794  -0.04375   0.07079
   0.76304   0.00115   0.29524
   0.70319   0.00115   0.44488
   0.61341   0.04604   0.66934
   0.53859   0.09093   0.81898
   0.52362   0.10589   1.02847
   0.43384   0.09093   1.22300
   0.40391   0.15078   1.38760
   0.31413   0.12086   1.55220
   0.22435   0.13582   1.70184
   0.17946   0.13582   1.86644
   0.10464   0.13582   2.00111
  -1.1E-40   0.16575   2.09089
  -0.07493   0.21064   2.19564
  -0.11982   0.19567   2.31535
  -0.19464   0.18071   2.45002
  -0.29938   0.18071   2.52484
  -0.37420   0.16575   2.59966
  -0.41909   0.16575   2.65952
  -0.49391   0.15078   2.70441
  -0.58369   0.12086   2.79419
  -0.64355   0.09093   2.82412
  -0.68844   0.10589   2.85405
  -0.71837   0.10589   2.88397
  -0.79319   0.07596   2.91390
  -0.82311   0.09093   2.88397
  -0.88297   0.06100   2.91390
  -0.97275   0.06100   2.86901
  -1.07750   0.04604   2.86901
  -1.09246  -0.01382   2.85405
  -1.10743  -0.02878   2.82412
  -1.10743   0.00115   2.73434
  -1.19721  -0.04375   2.70441
  -1.21217   0.01611   2.59966
  -1.25706   0.03107   2.53981
  -1.31692   0.04604   2.45002
  -1.31692   0.01611   2.33031
  -1.36181   0.00115   2.25550
  -1.39174   0.03107   2.13579
  -1.39174   0.01611   2.04600
  -1.39174   0.01611   1.94126
  -1.36181   0.04604   1.77666
  -1.34685   0.06100   1.65695
  -1.37677   0.03107   1.53724
  -1.34685   0.04604   1.40256
  -1.30195   0.04604   1.25292
  -1.24210   0.01611   1.11825
  -1.19721   0.00115   0.98358
  -1.19721  -0.01382   0.86387
  -1.10743  -0.02878   0.71423
  -1.06253  -0.07367   0.57955
  -0.98772  -0.10360   0.42992
  -0.92786  -0.04375   0.23539
  -0.85304  -0.05871   0.13064
  -0.77822  -0.04375  -0.04892
  -0.73333  -0.04375  -0.21352
  -0.68844  -0.05871  -0.37813
  -0.64355  -0.02878  -0.52776
  -0.55377  -0.07367  -0.72229
  -0.46398  -0.04375  -0.87193
  -0.38917  -0.04375  -0.99164
  -0.29938  -0.07367  -1.17121
  -0.20960  -0.05871  -1.29092
  -0.17967  -0.02878  -1.47048
  -0.10485  -0.05871  -1.62012
  -0.04500  -0.07367  -1.75479
   0.04478  -0.05871  -1.88947
   0.13457  -0.08864  -2.02414
   0.19442  -0.07367  -2.15881
   0.26924  -0.05871  -2.27852
   0.34406  -0.10360  -2.39823
   0.40391  -0.05871  -2.51794
   0.46377  -0.07367  -2.60773
   0.52362  -0.08864  -2.68254
   0.58348  -0.08864  -2.75736
   0.62837  -0.10360  -2.83218
   0.67326  -0.08864  -2.90700
   0.70319  -0.11856  -2.93693
   0.73312  -0.14849  -2.96686
   0.77801  -0.14849  -2.96686
   0.82290  -0.14849  -3.02671
   0.88275  -0.16346  -3.05664
   0.91268  -0.19338  -3.04168
   0.92765  -0.14849  -3.04168
   0.95757  -0.17842  -3.02671
   0.97254  -0.17842  -2.96686
   0.95757  -0.14849  -2.93693
   0.97254  -0.13353  -2.87707
   0.97254  -0.14849  -2.80225
   0.98750  -0.10360  -2.75736
   0.97254  -0.07367  -2.66758
   0.97254  -0.08864  -2.57780
   0.94261  -0.10360  -2.47305
   0.94261  -0.11856  -2.36831
   0.94261  -0.08864  -2.27852
   0.94261  -0.05871  -2.14385
   0.89772  -0.08864  -2.00918
   0.85283  -0.05871  -1.91939
   0.83786  -0.08864  -1.75479
   0.79297  -0.08864  -1.60515
   0.79297  -0.11856  -1.47048
   0.79297  -0.10360  -1.33581
   0.77801  -0.05871  -1.15624
   0.79297  -0.05871  -1.02157
   0.73312  -0.04375  -0.88689
   0.70319  -0.01382  -0.69236
   0.62837   0.00115  -0.57265
   0.58348   0.01611  -0.42302
   0.52362  -0.02878  -0.24345
   0.53859   0.01611  -0.07885
   0.50866   0.00115   0.07079
   0.49370   0.04604   0.20546
   0.47873   0.03107   0.37006
   0.43384   0.06100   0.50474
   0.35902   0.07596   0.63941
   0.34406   0.07596   0.78905
   0.34406   0.12086   0.93869
   0.25428   0.12086   1.07336
   0.20939   0.12086   1.20803
   0.19442   0.10589   1.34271
   0.14953   0.10589   1.44745
   0.10464   0.09093   1.59709
   0.05975   0.13582   1.71680
   0.05975   0.15078   1.83651
   0.01486   0.13582   1.95622
  -0.01507   0.10589   2.07593
  -0.08989   0.15078   2.12082
  -0.13478   0.10589   2.22557
  -0.16471   0.16575   2.30039
  -0.14975   0.15078   2.37521
  -0.19464   0.10589   2.42010
  -0.20960   0.13582   2.49492
  -0.25449   0.09093   2.52484
  -0.26946   0.10589   2.56974
  -0.26946   0.13582   2.61463
  -0.28442   0.12086   2.62959
  -0.32931   0.07596   2.67448
  -0.38917   0.10589   2.68945
  -0.41909   0.13582   2.65952
  -0.43406   0.10589   2.64455
  -0.44902   0.10589   2.65952
  -0.46398   0.04604   2.61463
  -0.49391   0.03107   2.59966
  -0.56873   0.01611   2.56974
  -0.58369  -0.02878   2.53981
  -0.56873  -0.02878   2.43506
  -0.56873  -0.04375   2.37521
  -0.59866  -0.04375   2.28542
  -0.64355  -0.05871   2.22557
  -0.62859  -0.08864   2.10586
  -0.64355  -0.08864   2.01608
  -0.62859  -0.11856   1.86644
  -0.64355  -0.08864   1.76169
  -0.62859  -0.05871   1.64198
  -0.61362  -0.10360   1.50731
  -0.62859  -0.10360   1.38760
  -0.64355  -0.08864   1.25292
  -0.65851  -0.08864   1.13321
  -0.65851  -0.07367   0.98358
  -0.61362  -0.10360   0.86387
  -0.64355  -0.11856   0.71423
  -0.61362  -0.11856   0.59452
  -0.61362  -0.13353   0.48977
  -0.58369  -0.10360   0.37006
  -0.52384  -0.13353   0.26532
  -0.49391  -0.11856   0.13064
  -0.46398  -0.14849   0.02590
  -0.43406  -0.14849  -0.10878
  -0.37420  -0.13353  -0.19856
  -0.34427  -0.14849  -0.28834
  -0.29938  -0.14849  -0.40805
  -0.23953  -0.14849  -0.51280
  -0.17967  -0.16346  -0.60258
  -0.14975  -0.14849  -0.70733
  -0.08989  -0.17842  -0.75222
  -0.03004  -0.14849  -0.82704
   0.01486  -0.16346  -0.88689
   0.08967  -0.13353  -0.94675
   0.11960  -0.16346  -1.00660
   0.19442  -0.11856  -1.05149
   0.20939  -0.13353  -1.08142
   0.29917  -0.14849  -1.12631
   0.34406  -0.13353  -1.14128
   0.38895  -0.08864  -1.18617
   0.43384  -0.11856  -1.18617
   0.44881  -0.08864  -1.23106
   0.50866  -0.07367  -1.18617
   0.52362  -0.05871  -1.21610
   0.59844  -0.04375  -1.20113
   0.59844  -0.07367  -1.18617
   0.65830  -0.01382  -1.17121
   0.70319  -0.02878  -1.14128
   0.68823   0.01611  -1.12631
   0.70319   0.00115  -1.09639
   0.74808   0.00115  -1.08142
   0.76304   0.03107  -1.03653
   0.76304   0.04604  -0.99164
   0.79297   0.04604  -0.96171
   0.82290   0.07596  -0.91682
   0.80794   0.07596  -0.85697
   0.85283   0.09093  -0.78215
   0.83786   0.09093  -0.73726
   0.85283   0.12086  -0.67740
   0.82290   0.09093  -0.63251
   0.82290   0.13582  -0.58762
   0.80794   0.13582  -0.52776
   0.77801   0.10589  -0.48287
   0.79297   0.10589  -0.40805
   0.73312   0.15078  -0.34820
   0.73312   0.12086  -0.27338
   0.70319   0.10589  -0.21352
   0.68823   0.15078  -0.15367
   0.64333   0.15078  -0.09381
   0.62837   0.12086  -0.01900
   0.58348   0.10589   0.05582
   0.50866   0.12086   0.13064
   0.53859   0.13582   0.17553
   0.49370   0.13582   0.25035
   0.44881   0.16575   0.31021
   0.41888   0.18071   0.35510
   0.35902   0.16575   0.41495
   0.32910   0.19567   0.42992
   0.31413   0.18071   0.45984
   0.23931   0.15078   0.50474
   0.19442   0.18071   0.51970
   0.13457   0.21064   0.50474
   0.08967   0.16575   0.54963
   0.07471   0.18071   0.53466
   0.04478   0.13582   0.53466
  -0.03004   0.15078   0.53466
  -0.03004   0.15078   0.50474
  -0.01507   0.15078   0.47481
  -0.07493   0.12086   0.47481
  -0.13478   0.07596   0.44488
  -0.13478   0.12086   0.42992
  -0.16471   0.10589   0.39999
  -0.20960   0.06100   0.35510
  -0.23953   0.03107   0.32517
  -0.23953   0.04604   0.28028
  -0.26946   0.06100   0.22042
  -0.29938   0.07596   0.16057
  -0.32931   0.04604   0.14561
  -0.35924   0.01611   0.10071
  -0.34427   0.01611   0.05582
  -0.38917  -0.01382  -0.00403
  -0.40413  -0.04375  -0.00403
  -0.46398  -0.04375  -0.10878
  -0.47895  -0.02878  -0.18360
  -0.46398  -0.02878  -0.24345
  -0.49391  -0.05871  -0.30331
  -0.53880  -0.04375  -0.36316
  -0.53880  -0.08864  -0.40805
  -0.56873  -0.08864  -0.43798
  -0.58369  -0.07367  -0.52776
  -0.59866  -0.08864  -0.57265
  -0.59866  -0.10360  -0.61755
  -0.61362  -0.04375  -0.64747
  -0.59866  -0.07367  -0.67740
  -0.64355  -0.08864  -0.69236
  -0.62859  -0.10360  -0.67740
  -0.65851  -0.08864  -0.72229
  -0.65851  -0.10360  -0.72229
  -0.62859  -0.07367  -0.73726
  -0.61362  -0.11856  -0.73726
  -0.61362  -0.07367  -0.76718
  -0.61362  -0.08864  -0.76718
  -0.59866  -0.04375  -0.76718
  -0.62859  -0.05871  -0.75222
  -0.58369  -0.08864  -0.70733
  -0.56873  -0.07367  -0.67740
  -0.55377  -0.07367  -0.67740
  -0.55377  -0.07367  -0.66244
  -0.55377  -0.05871  -0.66244
  -0.52384  -0.05871  -0.61755
  -0.50888  -0.08864  -0.60258
  -0.47895  -0.07367  -0.60258
  -0.46398  -0.05871  -0.57265
  -0.41909  -0.04375  -0.55769
  -0.40413  -0.07367  -0.51280
  -0.38917  -0.04375  -0.52776
  -0.32931  -0.04375  -0.48287
  -0.28442  -0.04375  -0.46791
  -0.28442  -0.04375  -0.42302
  -0.26946  -0.01382  -0.43798
  -0.22456  -0.02878  -0.37813
  -0.20960   0.00115  -0.34820
  -0.16471   0.04604  -0.31827
  -0.13478   0.01611  -0.28834
  -0.11982   0.04604  -0.24345
  -0.11982   0.06100  -0.24345
  -0.08989   0.09093  -0.21352
  -0.07493   0.07596  -0.16863
  -0.04500   0.10589  -0.18360
  -0.03004   0.10589  -0.13871
  -0.03004   0.09093  -0.09381
  -1.1E-40   0.06100  -0.06389
  -0.01507   0.06100  -0.01900
   0.02982   0.07596  -0.00403
   0.02982   0.07596   0.02590
   0.02982   0.06100   0.05582
   0.04478   0.10589   0.10071
   0.05975   0.12086   0.13064
   0.05975   0.06100   0.16057
   0.10464   0.09093   0.17553
   0.10464   0.06100   0.19050
   0.08967   0.07596   0.25035
   0.11960   0.07596   0.25035
   0.10464   0.07596   0.29524
   0.10464   0.07596   0.31021
   0.10464   0.10589   0.32517
   0.08967   0.10589   0.39999
   0.08967   0.09093   0.42992
   0.07471   0.09093   0.44488
   0.07471   0.07596   0.45984
   0.07471   0.09093   0.48977
   0.05975   0.04604   0.51970
   0.04478   0.04604   0.51970
   0.05975   0.06100   0.53466
   0.05975   0.03107   0.54963
   0.05975   0.03107   0.56459
   0.04478   0.03107   0.53466
   0.07471   0.04604   0.53466
   0.07471   0.00115   0.53466
   0.05975  -0.02878   0.54963
   0.07471  -0.02878   0.50474
   0.05975  -0.04375   0.48977
   0.07471  -0.01382   0.45984
   0.05975  -0.01382   0.42992
   0.08967  -0.05871   0.38503
   0.08967  -0.04375   0.34013
   0.08967  -0.07367   0.29524
   0.10464  -0.11856   0.26532
   0.08967  -0.11856   0.23539
   0.05975  -0.13353   0.22042
   0.05975  -0.11856   0.11568
   0.07471  -0.14849   0.10071
   0.05975  -0.17842   0.04086
   0.05975  -0.17842  -0.00403
   0.02982  -0.20835  -0.04892
   0.07471  -0.17842  -0.10878
   0.07471  -0.20835  -0.12374
   0.02982  -0.22331  -0.21352
   0.05975  -0.23827  -0.22849
   0.04478  -0.23827  -0.30331
   0.04478  -0.22331  -0.33323
   0.02982  -0.20835  -0.36316
   0.01486  -0.20835  -0.42302
   0.01486  -0.22331  -0.43798
   0.01486  -0.22331  -0.48287
  -1.1E-40  -0.23827  -0.49784
  -0.01507  -0.22331  -0.51280
  -0.03004  -0.20835  -0.52776
  -0.04500  -0.17842  -0.54273
  -0.05996  -0.16346  -0.57265
  -0.05996  -0.20835  -0.55769
  -0.10485  -0.22331  -0.60258
  -0.10485  -0.17842  -0.60258
  -0.13478  -0.20835  -0.55769
  -0.13478  -0.20835  -0.54273
  -0.14975  -0.20835  -0.54273
  -0.16471  -0.16346  -0.51280
  -0.17967  -0.16346  -0.49784
  -0.20960  -0.17842  -0.48287
  -0.17967  -0.17842  -0.43798
  -0.22456  -0.19338  -0.40805
  -0.22456  -0.16346  -0.42302
  -0.22456  -0.17842  -0.33323
  -0.25449  -0.16346  -0.31827
  -0.23953  -0.19338  -0.28834
  -0.23953  -0.19338  -0.25842
  -0.23953  -0.17842  -0.22849
  -0.25449  -0.20835  -0.18360
  -0.28442  -0.20835  -0.15367
  -0.28442  -0.17842  -0.10878
  -0.29938  -0.14849  -0.09381
  -0.28442  -0.16346  -0.06389
  -0.31435  -0.14849  -0.03396
  -0.31435  -0.16346  -0.01900
  -0.32931  -0.17842   0.04086
  -0.34427  -0.13353   0.04086
  -0.34427  -0.14849   0.05582
  -0.34427  -0.08864   0.08575
  -0.34427  -0.13353   0.14561
  -0.35924  -0.04375   0.11568
  -0.32931  -0.04375   0.17553
  -0.31435  -0.01382   0.17553
  -0.29938  -0.01382   0.17553
  -0.29938  -0.01382   0.17553
  -0.28442   0.03107   0.20546
  -0.29938   0.00115   0.22042
  -0.32931   0.03107   0.22042
  -0.34427   0.07596   0.20546
  -0.29938   0.07596   0.22042
  -0.28442   0.07596   0.26532
  -0.28442   0.07596   0.22042
  -0.29938   0.10589   0.20546
  -0.29938   0.09093   0.20546
  -0.28442   0.07596   0.20546
  -0.28442   0.07596   0.19050
  -0.29938   0.07596   0.16057
  -0.26946   0.09093   0.17553
  -0.26946   0.10589   0.11568
  -0.25449   0.09093   0.16057
  -0.22456   0.10589   0.13064
  -0.20960   0.07596   0.16057
  -0.17967   0.07596   0.14561
  -0.16471   0.09093   0.13064
  -0.11982   0.09093   0.14561
  -0.08989   0.12086   0.10071
  -0.07493   0.10589   0.10071
  -0.03004   0.06100   0.10071
   0.04478   0.07596   0.14561
   0.07471   0.06100   0.14561
   0.11960   0.03107   0.14561
   0.17946   0.04604   0.14561
   0.22435   0.03107   0.16057
   0.32910   0.01611   0.14561
   0.37399   0.00115   0.10071
   0.41888  -0.02878   0.13064
   0.49370  -0.01382   0.14561
   0.58348  -0.04375   0.13064
   0.64333  -0.02878   0.10071
   0.70319  -0.04375   0.11568
   0.74808  -0.07367   0.10071
   0.79297  -0.05871   0.07079
   0.83786  -0.04375   0.02590
   0.88275  -0.04375   0.04086
   0.94261  -0.04375  -0.00403
   0.94261  -0.05871  -0.01900
   0.98750  -0.07367  -0.01900
   1.01743  -0.04375  -0.04892
   1.06232  -0.04375  -0.04892
   1.13714  -0.04375  -0.07885
   1.12217  -0.05871  -0.07885
   1.13714  -0.07367  -0.06389
   1.13714  -0.04375  -0.09381
   1.16707  -0.02878  -0.13871
   1.18203   0.00115  -0.15367
   1.18203   0.01611  -0.13871
   1.16707  -0.01382  -0.13871
   1.15210  -0.01382  -0.12374
   1.18203   0.03107  -0.15367
   1.13714   0.06100  -0.16863
   1.10721   0.07596  -0.15367
   1.06232   0.06100  -0.16863
   1.04736   0.06100  -0.13871
   1.01743   0.01611  -0.10878
   0.94261   0.04604  -0.13871
   0.88275   0.04604  -0.15367
   0.82290   0.09093  -0.15367
   0.77801   0.12086  -0.15367
   0.67326   0.07596  -0.13871
   0.58348   0.07596  -0.13871
   0.53859   0.07596  -0.12374
   0.46377   0.09093  -0.12374
   0.37399   0.10589  -0.13871
   0.32910   0.12086  -0.13871
   0.23931   0.12086  -0.09381
   0.14953   0.13582  -0.09381
   0.08967   0.15078  -0.09381
  -0.01507   0.16575  -0.04892
  -0.07493   0.10589  -0.03396
  -0.16471   0.16575   0.01093
  -0.23953   0.12086   0.02590
  -0.29938   0.18071   0.08575
  -0.37420   0.19567   0.10071
  -0.43406   0.21064   0.14561
  -0.52384   0.18071   0.17553
  -0.59866   0.18071   0.20546
  -0.62859   0.21064   0.25035
  -0.70340   0.19567   0.29524
  -0.77822   0.24057   0.29524
  -0.82311   0.22560   0.35510
  -0.89793   0.24057   0.38503
  -0.97275   0.27049   0.38503
  -1.00268   0.27049   0.42992
  -1.03261   0.31538   0.48977
  -1.09246   0.30042   0.51970
  -1.13735   0.33035   0.53466
  -1.15232   0.34531   0.57955
  -1.18224   0.34531   0.60948
  -1.21217   0.37524   0.63941
  -1.22714   0.37524   0.68430
  -1.22714   0.36028   0.72919
  -1.22714   0.36028   0.72919
  -1.27203   0.34531   0.77408
  -1.28699   0.36028   0.77408
  -1.25706   0.37524   0.80401
  -1.25706   0.39020   0.84890
  -1.22714   0.39020   0.84890
  -1.21217   0.36028   0.87883
  -1.19721   0.40517   0.84890
  -1.15232   0.37524   0.87883
  -1.09246   0.34531   0.90876
  -1.04757   0.34531   0.90876
  -1.01764   0.33035   0.93869
  -0.95779   0.31538   0.93869
  -0.88297   0.30042   0.96861
  -0.80815   0.28546   0.95365
  -0.73333   0.28546   0.95365
  -0.65851   0.24057   0.98358
  -0.56873   0.22560   0.99854
  -0.49391   0.25553   0.99854
  -0.43406   0.22560   1.01350
  -0.37420   0.21064   0.99854
  -0.26946   0.21064   0.98358
  -0.19464   0.21064   0.96861
  -0.13478   0.21064   0.96861
  -0.07493   0.18071   0.93869
  -0.01507   0.13582   0.92372
   0.02982   0.16575   0.90876
   0.07471   0.18071   0.80401
   0.14953   0.15078   0.77408
   0.23931   0.12086   0.71423
   0.23931   0.13582   0.68430
   0.29917   0.13582   0.60948
   0.37399   0.12086   0.54963
   0.38895   0.12086   0.50474
   0.44881   0.10589   0.47481
   0.49370   0.10589   0.39999
   0.50866   0.10589   0.29524
   0.52362   0.09093   0.28028
   0.56852   0.07596   0.20546
   0.61341   0.07596   0.13064
   0.61341   0.04604   0.05582
   0.61341   0.04604  -0.04892
   0.64333   0.03107  -0.09381
   0.70319   0.01611  -0.16863
   0.68823   0.01611  -0.24345
   0.70319   0.01611  -0.33323
   0.70319  -0.05871  -0.42302
   0.71815  -0.01382  -0.48287
   0.71815  -0.01382  -0.58762
   0.71815  -0.02878  -0.66244
   0.71815  -0.02878  -0.72229
   0.74808  -0.05871  -0.76718
   0.73312  -0.05871  -0.82704
   0.73312  -0.07367  -0.90186
   0.71815  -0.08864  -0.96171
   0.74808  -0.10360  -1.00660
   0.70319  -0.11856  -1.06646
   0.70319  -0.08864  -1.12631
   0.70319  -0.13353  -1.12631
   0.67326  -0.16346  -1.17121
   0.67326  -0.11856  -1.21610
   0.61341  -0.16346  -1.26099
   0.62837  -0.14849  -1.26099
   0.61341  -0.14849  -1.26099
   0.56852  -0.16346  -1.30588
   0.58348  -0.17842  -1.32084
   0.56852  -0.13353  -1.32084
   0.53859  -0.17842  -1.35077
   0.52362  -0.16346  -1.33581
   0.50866  -0.19338  -1.32084
   0.49370  -0.16346  -1.29092
   0.47873  -0.13353  -1.27595
   0.44881  -0.14849  -1.27595
   0.41888  -0.16346  -1.23106
   0.40391  -0.16346  -1.20113
   0.34406  -0.16346  -1.15624
   0.34406  -0.16346  -1.11135
   0.32910  -0.11856  -1.05149
   0.29917  -0.16346  -0.96171
   0.26924  -0.11856  -0.94675
   0.23931  -0.08864  -0.90186
   0.22435  -0.08864  -0.84200
   0.19442  -0.13353  -0.75222
   0.16449  -0.11856  -0.69236
   0.11960  -0.10360  -0.64747
   0.10464  -0.08864  -0.58762
   0.07471  -0.08864  -0.52776
   0.04478  -0.10360  -0.40805
   0.04478  -0.10360  -0.33323
   0.02982  -0.08864  -0.27338
  -0.04500  -0.10360  -0.21352
  -0.04500  -0.10360  -0.13871
  -0.04500  -0.04375  -0.07885
  -0.04500  -0.05871   0.02590
  -0.05996  -0.07367   0.08575
  -0.05996  -0.11856   0.16057
  -0.05996  -0.08864   0.22042
  -0.08989  -0.08864   0.29524
  -0.07493  -0.08864   0.34013
  -0.08989  -0.07367   0.37006
  -0.10485  -0.10360   0.39999
  -0.10485  -0.11856   0.45984
  -0.10485  -0.13353   0.53466
  -0.08989  -0.13353   0.56459
  -0.11982  -0.17842   0.62445
  -0.13478  -0.17842   0.63941
  -0.13478  -0.16346   0.65437
  -0.13478  -0.17842   0.71423
  -0.16471  -0.19338   0.72919
  -0.19464  -0.17842   0.75912
  -0.20960  -0.16346   0.75912
  -0.20960  -0.19338   0.80401
  -0.28442  -0.23827   0.81898
  -0.31435  -0.23827   0.81898
  -0.32931  -0.22331   0.84890
  -0.35924  -0.22331   0.86387
  -0.40413  -0.25324   0.87883
  -0.44902  -0.26820   0.89379
  -0.47895  -0.31309   0.95365
  -0.50888  -0.29813   0.95365
  -0.53880  -0.29813   0.96861
  -0.58369  -0.29813   0.93869
  -0.62859  -0.31309   0.95365
  -0.59866  -0.29813   0.93869
  -0.59866  -0.29813   0.95365
  -0.64355  -0.31309   0.96861
  -0.65851  -0.32806   0.93869
  -0.67348  -0.32806   0.95365
  -0.71837  -0.32806   0.93869
  -0.68844  -0.32806   0.86387
  -0.68844  -0.35798   0.90876
  -0.70340  -0.37295   0.89379
  -0.68844  -0.34302   0.86387
  -0.68844  -0.35798   0.86387
  -0.68844  -0.34302   0.81898
  -0.64355  -0.35798   0.80401
  -0.62859  -0.32806   0.77408
  -0.64355  -0.34302   0.74416
  -0.53880  -0.29813   0.69926
  -0.49391  -0.32806   0.68430
  -0.44902  -0.32806   0.63941
  -0.41909  -0.35798   0.59452
  -0.38917  -0.34302   0.56459
  -0.31435  -0.31309   0.50474
  -0.23953  -0.31309   0.45984
  -0.16471  -0.31309   0.41495
  -0.07493  -0.37295   0.39999
  -0.03004  -0.37295   0.32517
   0.04478  -0.34302   0.26532
   0.11960  -0.34302   0.19050
   0.19442  -0.34302   0.13064
   0.26924  -0.34302   0.04086
   0.37399  -0.31309  -0.04892
   0.43384  -0.26820  -0.10878
   0.50866  -0.23827  -0.19856
   0.58348  -0.20835  -0.27338
   0.65830  -0.23827  -0.34820
   0.71815  -0.20835  -0.45294
   0.79297  -0.20835  -0.51280
   0.83786  -0.20835  -0.58762
   0.91268  -0.17842  -0.67740
   0.94261  -0.19338  -0.75222
   1.01743  -0.17842  -0.82704
   1.06232  -0.16346  -0.88689
   1.10721  -0.11856  -0.94675
   1.15210  -0.13353  -1.02157
   1.19699  -0.10360  -1.11135
   1.22692  -0.08864  -1.15624
   1.25685  -0.07367  -1.18617
   1.24188  -0.04375  -1.24602
   1.24188  -0.04375  -1.26099
   1.22692  -0.04375  -1.32084
   1.22692   0.00115  -1.33581
   1.22692   0.01611  -1.36573
   1.22692   0.00115  -1.39566
   1.16707  -0.01382  -1.41063
   1.12217   0.04604  -1.42559
   1.07728   0.01611  -1.41063
   1.04736   0.04604  -1.42559
   0.97254   0.07596  -1.44055
   0.92765   0.07596  -1.36573
   0.86779   0.04604  -1.36573
   0.77801   0.07596  -1.38070
   0.71815   0.06100  -1.32084
   0.61341   0.07596  -1.29092
   0.55355   0.10589  -1.24602
   0.46377   0.07596  -1.23106
   0.37399   0.09093  -1.21610
   0.31413   0.09093  -1.17121
   0.17946   0.09093  -1.12631
   0.08967   0.06100  -1.06646
   0.02982   0.06100  -1.02157
  -0.03004   0.04604  -0.99164
  -0.11982   0.04604  -0.90186
  -0.17967   0.07596  -0.87193
  -0.25449   0.07596  -0.84200
  -0.31435   0.06100  -0.78215
  -0.37420   0.04604  -0.73726
  -0.46398   0.04604  -0.66244
  -0.52384   0.03107  -0.60258
  -0.55377  -0.01382  -0.49784
  -0.61362  -0.01382  -0.45294
  -0.68844   0.00115  -0.40805
  -0.71837  -0.02878  -0.30331
  -0.76326  -0.01382  -0.27338
  -0.82311  -0.05871  -0.16863
  -0.85304  -0.05871  -0.09381
  -0.89793  -0.04375  -0.03396
  -0.91290  -0.02878   0.01093
  -0.95779   0.00115   0.07079
  -1.00268   0.03107   0.10071
  -1.03261   0.03107   0.14561
  -1.03261   0.04604   0.23539
  -1.09246   0.03107   0.28028
  -1.12239   0.03107   0.29524
  -1.13735   0.04604   0.38503
  -1.12239   0.06100   0.41495
  -1.15232   0.12086   0.44488
  -1.15232   0.09093   0.51970
  -1.16728   0.10589   0.56459
  -1.15232   0.09093   0.62445
  -1.13735   0.13582   0.63941
  -1.12239   0.15078   0.69926
  -1.10743   0.16575   0.72919
  -1.10743   0.16575   0.77408
  -1.09246   0.16575   0.81898
  -1.06253   0.13582   0.86387
  -1.04757   0.13582   0.90876
  -1.01764   0.15078   0.95365
  -0.98772   0.21064   0.96861
  -0.97275   0.18071   1.01350
  -0.94282   0.18071   1.04343
  -0.89793   0.19567   1.05840
  -0.85304   0.19567   1.10329
  -0.79319   0.18071   1.11825
  -0.73333   0.16575   1.14818
  -0.68844   0.16575   1.17811
  -0.62859   0.16575   1.17811
  -0.61362   0.16575   1.20803
  -0.56873   0.15078   1.22300
  -0.47895   0.15078   1.23796
  -0.41909   0.13582   1.26789
  -0.34427   0.15078   1.26789
  -0.31435   0.16575   1.25292
  -0.23953   0.15078   1.26789
  -0.19464   0.13582   1.22300
  -0.10485   0.13582   1.22300
  -0.05996   0.18071   1.19307
   0.02982   0.18071   1.16314
   0.08967   0.19567   1.16314
   0.13457   0.19567   1.10329
   0.19442   0.16575   1.10329
   0.28420   0.19567   1.02847
   0.38895   0.19567   0.98358
   0.41888   0.18071   0.93869
   0.43384   0.19567   0.89379
   0.52362   0.19567   0.84890
   0.59844   0.16575   0.77408
   0.65830   0.16575   0.77408
   0.71815   0.13582   0.68430
   0.73312   0.15078   0.60948
   0.79297   0.10589   0.54963
   0.83786   0.10589   0.47481
   0.88275   0.10589   0.39999
   0.88275   0.09093   0.31021
   0.89772   0.12086   0.23539
   0.92765   0.12086   0.16057
   0.92765   0.07596   0.08575
   0.94261   0.09093   0.01093
   0.95757   0.09093  -0.07885
   0.95757   0.07596  -0.15367
   0.98750   0.10589  -0.22849
   0.95757   0.10589  -0.27338
   0.94261   0.13582  -0.34820
   0.92765   0.15078  -0.40805
   0.94261   0.13582  -0.43798
   0.95757   0.10589  -0.51280
   0.98750   0.15078  -0.55769
   0.94261   0.15078  -0.58762
   0.88275   0.13582  -0.63251
   0.88275   0.16575  -0.66244
   0.86779   0.12086  -0.72229
   0.83786   0.18071  -0.73726
   0.80794   0.22560  -0.75222
   0.77801   0.21064  -0.79711
   0.71815   0.18071  -0.82704
   0.67326   0.21064  -0.85697
   0.67326   0.21064  -0.84200
   0.59844   0.21064  -0.84200
   0.56852   0.24057  -0.84200
   0.53859   0.24057  -0.90186
   0.53859   0.27049  -0.90186
   0.46377   0.27049  -0.93178
   0.41888   0.27049  -0.91682
   0.38895   0.30042  -0.93178
   0.34406   0.30042  -0.91682
   0.31413   0.27049  -0.90186
   0.28420   0.28546  -0.88689
   0.19442   0.27049  -0.90186
   0.16449   0.24057  -0.88689
   0.14953   0.22560  -0.91682
   0.16449   0.21064  -0.87193
   0.13457   0.24057  -0.84200
   0.05975   0.25553  -0.84200
   0.01486   0.24057  -0.82704
   0.04478   0.25553  -0.79711
   0.05975   0.25553  -0.76718
  -0.01507   0.28546  -0.73726
  -0.07493   0.24057  -0.69236
  -0.10485   0.22560  -0.66244
  -0.10485   0.22560  -0.58762
  -0.11982   0.19567  -0.52776
  -0.17967   0.15078  -0.45294
  -0.20960   0.15078  -0.42302
  -0.22456   0.18071  -0.37813
  -0.19464   0.13582  -0.30331
  -0.23953   0.12086  -0.22849
  -0.37420   0.21064  -0.18360
  -0.41909   0.16575  -0.07885
  -0.38917   0.10589  -0.01900
  -0.37420   0.12086   0.04086
  -0.40413   0.16575   0.13064
  -0.44902   0.15078   0.19050
  -0.43406   0.12086   0.25035
  -0.46398   0.19567   0.29524
  -0.47895   0.16575   0.37006
  -0.55377   0.16575   0.45984
  -0.59866   0.12086   0.54963
  -0.61362   0.10589   0.60948
  -0.58369   0.12086   0.63941
  -0.61362   0.12086   0.72919
  -0.61362   0.12086   0.80401
  -0.61362   0.09093   0.84890
  -0.61362   0.10589   0.87883
  -0.62859   0.07596   0.92372
  -0.68844   0.06100   1.01350
  -0.73333   0.06100   1.04343
  -0.65851   0.00115   1.08832
  -0.71837   0.00115   1.13321
  -0.70340  -0.02878   1.20803
  -0.64355  -0.02878   1.22300
  -0.71837  -0.01382   1.20803
  -0.73333  -0.04375   1.22300
  -0.65851  -0.07367   1.23796
  -0.58369  -0.10360   1.28285
  -0.64355  -0.05871   1.23796
  -0.70340  -0.07367   1.25292
  -0.64355  -0.11856   1.28285
  -0.53880  -0.13353   1.22300
  -0.50888  -0.08864   1.22300
  -0.58369  -0.08864   1.22300
  -0.50888  -0.10360   1.17811
  -0.38917  -0.10360   1.13321
  -0.32931  -0.10360   1.08832
  -0.34427  -0.13353   1.11825
  -0.32931  -0.10360   1.07336
  -0.28442  -0.13353   0.99854
  -0.19464  -0.13353   0.93869
  -0.13478  -0.13353   0.93869
  -0.16471  -0.13353   0.89379
  -0.11982  -0.13353   0.78905
  -0.04500  -0.11856   0.69926
  -0.04500  -0.11856   0.65437
  -0.01507  -0.11856   0.59452
   0.04478  -0.10360   0.51970
   0.07471  -0.08864   0.44488
   0.10464  -0.07367   0.42992
   0.11960  -0.07367   0.35510
   0.14953  -0.08864   0.28028
   0.13457  -0.08864   0.19050
   0.13457  -0.11856   0.14561
   0.20939  -0.11856   0.04086
   0.23931  -0.11856  -0.01900
   0.25428  -0.16346  -0.06389
   0.29917  -0.17842  -0.13871
   0.29917  -0.14849  -0.18360
   0.32910  -0.20835  -0.22849
   0.37399  -0.19338  -0.31827
   0.41888  -0.23827  -0.37813
   0.43384  -0.20835  -0.43798
   0.47873  -0.22331  -0.48287
   0.55355  -0.17842  -0.55769
   0.58348  -0.17842  -0.60258
   0.58348  -0.16346  -0.64747
   0.55355  -0.22331  -0.67740
   0.62837  -0.20835  -0.72229
   0.65830  -0.20835  -0.78215
   0.64333  -0.16346  -0.85697
   0.64333  -0.19338  -0.90186
   0.67326  -0.17842  -0.96171
   0.68823  -0.19338  -1.00660
   0.71815  -0.17842  -1.00660
   0.73312  -0.17842  -1.05149
   0.71815  -0.14849  -1.09639
   0.74808  -0.10360  -1.15624
   0.74808  -0.10360  -1.17121
   0.73312  -0.10360  -1.18617
   0.71815  -0.08864  -1.20113
   0.73312  -0.08864  -1.18617
   0.73312  -0.08864  -1.20113
   0.76304  -0.05871  -1.20113
   0.77801  -0.05871  -1.17121
   0.76304  -0.07367  -1.12631
   0.74808  -0.04375  -1.12631
   0.71815  -0.01382  -1.11135
   0.67326  -0.01382  -1.12631
   0.65830  -0.05871  -1.08142
   0.65830  -0.07367  -1.02157
   0.61341  -0.07367  -1.02157
   0.61341  -0.04375  -0.99164
   0.59844  -0.07367  -0.94675
   0.56852  -0.08864  -0.91682
   0.53859  -0.11856  -0.85697
   0.49370  -0.08864  -0.81207
   0.47873  -0.08864  -0.73726
   0.46377  -0.07367  -0.69236
   0.37399  -0.08864  -0.69236
   0.35902  -0.07367  -0.60258
   0.25428  -0.05871  -0.54273
   0.25428  -0.08864  -0.46791
   0.22435  -0.10360  -0.39309
   0.14953  -0.08864  -0.31827
   0.08967  -0.07367  -0.25842
   0.02982  -0.08864  -0.19856
   0.04478  -0.05871  -0.15367
  -0.07493  -0.07367  -0.06389
  -0.10485  -0.04375  -0.00403
  -0.14975  -0.04375   0.05582
  -0.23953  -0.04375   0.08575
  -0.28442  -0.02878   0.11568
  -0.38917  -0.01382   0.17553
  -0.46398   0.00115   0.22042
  -0.53880   0.00115   0.29524
  -0.62859  -0.04375   0.31021
  -0.67348  -0.02878   0.35510
  -0.67348  -0.01382   0.38503
  -0.71837  -0.01382   0.41495
  -0.80815   0.01611   0.44488
  -0.88297  -0.02878   0.48977
  -0.92786  -0.02878   0.50474
  -0.98772  -0.01382   0.50474
  -1.01764  -0.01382   0.51970
  -1.00268  -0.01382   0.53466
  -1.03261   0.00115   0.54963
  -1.10743   0.04604   0.51970
  -1.13735   0.03107   0.53466
  -1.15232   0.00115   0.51970
  -1.09246  -0.04375   0.50474
  -1.13735  -0.04375   0.53466
  -1.15232  -0.02878   0.53466
  -1.15232  -0.04375   0.45984
  -1.13735  -0.05871   0.44488
  -1.16728  -0.07367   0.44488
  -1.16728  -0.10360   0.39999
  -1.13735  -0.07367   0.32517
  -1.10743  -0.05871   0.29524
  -1.10743  -0.05871   0.25035
  -1.10743  -0.01382   0.20546
  -1.12239  -0.04375   0.13064
  -1.09246   0.00115   0.02590
  -1.06253   0.00115  -0.03396
  -1.04757  -0.01382  -0.10878
  -1.01764  -0.01382  -0.18360
  -1.01764  -0.04375  -0.22849
  -0.98772  -0.02878  -0.30331
  -0.91290  -0.01382  -0.36316
  -0.85304  -0.02878  -0.40805
  -0.80815  -0.04375  -0.49784
  -0.79319  -0.05871  -0.52776
  -0.77822  -0.07367  -0.60258
  -0.70340  -0.10360  -0.64747
  -0.65851  -0.10360  -0.72229
  -0.62859  -0.08864  -0.79711
  -0.59866  -0.04375  -0.85697
  -0.52384  -0.08864  -0.85697
  -0.41909  -0.08864  -0.84200
  -0.35924  -0.10360  -0.85697
  -0.31435  -0.08864  -0.88689
  -0.25449  -0.07367  -0.90186
  -0.22456  -0.07367  -0.91682
  -0.14975  -0.10360  -0.91682
  -0.11982  -0.13353  -0.91682
  -0.05996  -0.13353  -0.87193
   0.01486  -0.13353  -0.84200
   0.11960  -0.13353  -0.81207
   0.17946  -0.11856  -0.75222
   0.17946  -0.11856  -0.75222
   0.23931  -0.11856  -0.72229
   0.29917  -0.13353  -0.73726
   0.40391  -0.14849  -0.70733
   0.46377  -0.11856  -0.63251
   0.49370  -0.08864  -0.63251
   0.55355  -0.08864  -0.60258
   0.59844  -0.02878  -0.58762
   0.61341  -0.05871  -0.52776
   0.62837  -0.02878  -0.49784
   0.67326  -0.01382  -0.45294
   0.70319  -0.02878  -0.42302
   0.76304  -0.01382  -0.40805
   0.74808  -0.01382  -0.39309
   0.76304  -0.01382  -0.36316
   0.74808  -0.05871  -0.31827
   0.77801   0.00115  -0.31827
   0.80794  -0.02878  -0.27338
   0.79297  -0.04375  -0.24345
   0.82290  -0.05871  -0.18360
   0.85283  -0.08864  -0.13871
   0.83786  -0.08864  -0.13871
   0.80794  -0.10360  -0.09381
   0.83786  -0.08864  -0.04892
   0.82290  -0.05871   0.01093
   0.80794  -0.07367   0.01093
   0.80794  -0.08864   0.04086
   0.79297  -0.11856   0.10071
   0.77801  -0.10360   0.11568
   0.76304  -0.14849   0.14561
   0.71815  -0.16346   0.19050
   0.68823  -0.14849   0.22042
   0.67326  -0.16346   0.25035
   0.65830  -0.14849   0.23539
   0.65830  -0.11856   0.29524
   0.64333  -0.07367   0.31021
   0.58348  -0.08864   0.39999
   0.53859  -0.08864   0.41495
   0.52362  -0.01382   0.41495
   0.52362  -0.01382   0.47481
   0.50866  -0.01382   0.53466
   0.46377  -0.04375   0.60948
   0.40391  -0.02878   0.62445
   0.37399   0.01611   0.66934
   0.31413   0.03107   0.66934
   0.31413   0.04604   0.71423
   0.26924   0.03107   0.78905
   0.23931   0.00115   0.83394
   0.19442   0.03107   0.81898
   0.17946   0.07596   0.87883
   0.13457   0.04604   0.92372
   0.05975   0.03107   0.93869
   0.02982  -0.01382   1.01350
  -0.01507   0.00115   1.01350
  -0.07493  -0.04375   1.01350
  -0.11982   0.00115   0.99854
  -0.14975  -0.05871   1.04343
  -0.22456  -0.07367   1.07336
  -0.29938  -0.01382   0.99854
  -0.31435  -0.04375   1.04343
  -0.37420  -0.07367   1.05840
  -0.40413  -0.08864   1.04343
  -0.44902  -0.08864   1.04343
  -0.50888  -0.08864   1.02847
  -0.52384  -0.05871   0.99854
  -0.59866  -0.04375   0.95365
  -0.64355  -0.02878   0.95365
  -0.64355  -0.05871   0.93869
  -0.67348  -0.04375   0.89379
  -0.67348  -0.02878   0.92372
  -0.71837  -0.07367   0.87883
  -0.73333  -0.05871   0.84890
  -0.73333  -0.04375   0.80401
  -0.73333  -0.05871   0.78905
  -0.73333  -0.05871   0.75912
  -0.74830  -0.04375   0.69926
  -0.71837   0.00115   0.66934
  -0.70340  -0.02878   0.65437
  -0.67348  -0.02878   0.57955
  -0.65851   0.01611   0.53466
  -0.61362   0.09093   0.53466
  -0.58369   0.13582   0.48977
  -0.62859   0.09093   0.42992
  -0.58369   0.03107   0.38503
  -0.46398   0.04604   0.38503
  -0.37420   0.06100   0.35510
  -0.37420   0.09093   0.34013
  -0.35924   0.12086   0.28028
  -0.31435   0.15078   0.26532
  -0.25449   0.13582   0.25035
  -0.19464   0.15078   0.20546
  -0.16471   0.13582   0.19050
  -0.05996   0.15078   0.19050
  -0.03004   0.12086   0.17553
   0.01486   0.16575   0.13064
   0.04478   0.16575   0.11568
   0.08967   0.19567   0.08575
   0.11960   0.18071   0.04086
   0.20939   0.19567   0.05582
   0.25428   0.13582   0.04086
   0.31413   0.15078  -0.01900
   0.34406   0.15078  -0.07885
   0.38895   0.16575  -0.10878
   0.46377   0.15078  -0.10878
   0.52362   0.15078  -0.07885
   0.56852   0.13582  -0.07885
   0.55355   0.12086  -0.12374
   0.61341   0.09093  -0.13871
   0.64333   0.09093  -0.16863
   0.67326   0.12086  -0.15367
   0.65830   0.13582  -0.21352
   0.65830   0.10589  -0.21352
   0.70319   0.13582  -0.18360
   0.70319   0.13582  -0.19856
   0.74808   0.15078  -0.21352
   0.74808   0.13582  -0.21352
   0.79297   0.16575  -0.19856
   0.77801   0.16575  -0.19856
   0.77801   0.19567  -0.19856
   0.76304   0.19567  -0.21352
   0.73312   0.19567  -0.21352
   0.71815   0.16575  -0.19856
   0.70319   0.16575  -0.22849
   0.68823   0.16575  -0.25842
   0.67326   0.21064  -0.27338
   0.65830   0.15078  -0.25842
   0.64333   0.15078  -0.24345
   0.59844   0.16575  -0.27338
   0.58348   0.19567  -0.27338
   0.64333   0.15078  -0.21352
   0.58348   0.18071  -0.19856
   0.50866   0.21064  -0.21352
   0.43384   0.18071  -0.21352
   0.43384   0.12086  -0.16863
   0.49370   0.12086  -0.15367
   0.47873   0.07596  -0.12374
   0.44881   0.09093  -0.12374
   0.41888   0.09093  -0.09381
   0.37399   0.07596  -0.07885
   0.34406   0.07596  -0.07885
   0.35902   0.03107  -0.06389
   0.32910   0.04604  -0.03396
   0.31413   0.03107  -0.03396
   0.25428   0.03107  -0.03396
   0.22435   0.01611  -0.04892
   0.22435   0.06100  -0.04892
   0.14953   0.04604  -0.03396
   0.17946  -0.04375  -0.00403
   0.22435  -0.08864   0.05582
   0.23931  -0.05871   0.11568
   0.20939   0.04604   0.11568
   0.10464   0.12086   0.05582
  -0.03004   0.09093  -0.00403
  -0.05996   0.06100   0.02590
  -1.1E-40   0.00115   0.08575
   0.07471   0.00115   0.14561
   0.13457  -0.01382   0.19050
   0.08967   0.04604   0.17553
  -0.01507   0.10589   0.20546
  -0.16471   0.15078   0.17553
  -0.23953   0.10589   0.11568
  -0.17967  -0.01382   0.16057
  -0.16471  -0.05871   0.25035
  -0.17967  -0.07367   0.22042
  -0.26946  -0.04375   0.17553
  -0.28442  -0.01382   0.17553
  -0.32931   0.00115   0.13064
  -0.37420   0.00115   0.10071
  -0.34427  -0.01382   0.13064
  -0.34427   0.01611   0.14561
  -0.40413   0.03107   0.11568
  -0.52384   0.07596   0.07079
  -0.49391   0.06100   0.08575
  -0.47895   0.07596   0.04086
  -0.55377   0.06100   0.05582
  -0.56873   0.03107   0.04086
  -0.52384   0.00115   0.02590
  -0.50888   0.01611  -0.00403
  -0.56873   0.01611  -0.00403
  -0.53880  -0.01382  -0.00403
  -0.52384   0.00115  -0.03396
  -0.55377   0.03107  -0.09381
  -0.55377   0.06100  -0.10878
  -0.53880   0.09093  -0.18360
  -0.44902   0.10589  -0.21352
  -0.44902   0.09093  -0.21352
  -0.44902   0.06100  -0.21352
  -0.40413   0.07596  -0.25842
  -0.35924   0.10589  -0.28834
  -0.32931   0.10589  -0.27338
  -0.29938   0.04604  -0.27338
  -0.25449   0.13582  -0.27338
  -0.22456   0.12086  -0.22849
  -0.11982   0.10589  -0.25842
  -0.08989   0.12086  -0.27338
  -0.11982   0.18071  -0.30331
  -0.16471   0.15078  -0.34820
  -1.1E-40   0.09093  -0.33323
   0.10464   0.07596  -0.27338
   0.16449   0.12086  -0.22849
   0.17946   0.18071  -0.28834
   0.14953   0.21064  -0.33323
   0.13457   0.22560  -0.39309
   0.16449   0.09093  -0.37813
   0.25428   0.04604  -0.39309
   0.38895   0.01611  -0.40805
   0.43384   0.09093  -0.45294
   0.40391   0.10589  -0.43798
   0.40391   0.06100  -0.46791
   0.44881   0.06100  -0.42302
   0.49370   0.01611  -0.40805
   0.55355   0.03107  -0.37813
   0.56852   0.04604  -0.40805
   0.56852   0.06100  -0.42302
   0.58348   0.04604  -0.39309
   0.56852   0.03107  -0.39309
   0.56852   0.00115  -0.40805
   0.56852  -0.04375  -0.39309
   0.61341  -0.08864  -0.36316
   0.65830  -0.05871  -0.36316
   0.62837   0.00115  -0.36316
   0.61341   0.01611  -0.37813
   0.68823  -0.01382  -0.34820
   0.68823   0.00115  -0.31827
   0.59844   0.00115  -0.34820
   0.58348  -0.02878  -0.30331
   0.59844  -0.04375  -0.25842
   0.61341  -0.07367  -0.24345
   0.64333  -0.13353  -0.19856
   0.65830  -0.13353  -0.16863
   0.67326  -0.10360  -0.13871
   0.62837  -0.10360  -0.10878
   0.61341  -0.05871  -0.04892
   0.62837  -0.05871  -0.04892
   0.61341  -0.08864   0.01093
   0.59844  -0.07367   0.07079
   0.53859  -0.08864   0.08575
   0.46377  -0.08864   0.08575
   0.41888  -0.08864   0.13064
   0.41888  -0.10360   0.14561
   0.37399  -0.11856   0.19050
   0.32910  -0.19338   0.23539
   0.32910  -0.23827   0.29524
   0.31413  -0.26820   0.35510
   0.26924  -0.23827   0.38503
   0.17946  -0.20835   0.42992
   0.10464  -0.22331   0.50474
   0.05975  -0.20835   0.50474
  -0.01507  -0.22331   0.51970
  -0.10485  -0.19338   0.54963
  -0.14975  -0.20835   0.54963
  -0.22456  -0.16346   0.62445
  -0.31435  -0.11856   0.71423
  -0.44902  -0.14849   0.72919
  -0.50888  -0.11856   0.69926
  -0.56873  -0.17842   0.71423
  -0.62859  -0.19338   0.72919
  -0.71837  -0.25324   0.77408
  -0.80815  -0.22331   0.80401
  -0.88297  -0.22331   0.81898
  -0.94282  -0.19338   0.81898
  -1.01764  -0.19338   0.81898
  -1.09246  -0.14849   0.78905
  -1.18224  -0.07367   0.78905
  -1.28699  -0.07367   0.72919
  -1.39174  -0.05871   0.71423
  -1.45159  -0.05871   0.68430
  -1.48152  -0.11856   0.69926
  -1.48152  -0.11856   0.66934
  -1.45159  -0.10360   0.62445
  -1.51145  -0.10360   0.56459
  -1.54137  -0.04375   0.53466
  -1.61619  -0.02878   0.51970
  -1.63116   0.01611   0.48977
  -1.66108  -0.05871   0.47481
  -1.66108  -0.04375   0.39999
  -1.64612  -0.05871   0.35510
  -1.63116  -0.08864   0.29524
  -1.61619  -0.08864   0.23539
  -1.55634  -0.04375   0.19050
  -1.54137  -0.05871   0.19050
  -1.48152  -0.05871   0.14561
  -1.45159  -0.07367   0.10071
  -1.39174  -0.08864   0.02590
  -1.33188  -0.07367  -0.01900
  -1.25706  -0.02878  -0.04892
  -1.22714  -0.02878  -0.06389
  -1.21217   0.01611  -0.13871
  -1.10743   0.03107  -0.21352
  -0.98772   0.01611  -0.25842
  -0.89793   0.01611  -0.30331
  -0.85304  -0.02878  -0.36316
  -0.74830  -0.02878  -0.39309
  -0.61362  -0.02878  -0.40805
  -0.50888  -0.01382  -0.45294
  -0.35924  -0.01382  -0.45294
  -0.31435  -0.04375  -0.51280
  -0.23953  -0.04375  -0.55769
  -0.17967  -0.04375  -0.57265
  -0.08989   0.01611  -0.60258
   0.02982  -0.01382  -0.60258
   0.08967  -0.02878  -0.60258
   0.19442  -0.01382  -0.60258
   0.25428  -0.04375  -0.63251
   0.31413  -0.07367  -0.64747
   0.38895  -0.07367  -0.64747
   0.47873  -0.07367  -0.64747
   0.55355  -0.07367  -0.64747
   0.61341  -0.11856  -0.64747
   0.67326  -0.05871  -0.66244
   0.76304  -0.07367  -0.67740
   0.80794  -0.05871  -0.67740
   0.83786  -0.05871  -0.66244
   0.86779  -0.04375  -0.63251
   0.89772  -0.07367  -0.61755
   0.95757  -0.07367  -0.60258
   1.01743  -0.13353  -0.55769
   1.10721  -0.14849  -0.52776
   1.15210  -0.11856  -0.51280
   1.16707  -0.05871  -0.52776
   1.21196  -0.02878  -0.46791
   1.21196  -0.07367  -0.43798
   1.22692  -0.07367  -0.43798
   1.27181  -0.04375  -0.37813
   1.25685  -0.07367  -0.34820
   1.28678  -0.08864  -0.31827
   1.28678  -0.07367  -0.28834
   1.28678  -0.05871  -0.24345
   1.33167  -0.05871  -0.16863
   1.28678  -0.08864  -0.12374
   1.28678  -0.07367  -0.09381
   1.31670  -0.08864  -0.09381
   1.27181  -0.08864  -0.06389
   1.25685  -0.10360  -0.04892
   1.22692  -0.11856  -0.01900
   1.16707  -0.14849   0.02590
   1.13714  -0.11856   0.02590
   1.09225  -0.14849   0.07079
   1.04736  -0.14849   0.04086
   0.98750  -0.11856   0.04086
   0.92765  -0.10360   0.04086
   0.83786  -0.16346   0.05582
   0.77801  -0.14849   0.01093
   0.77801  -0.16346   0.05582
   0.73312  -0.16346   0.05582
   0.64333  -0.13353   0.01093
   0.56852  -0.11856  -0.00403
   0.50866  -0.10360  -0.03396
   0.43384  -0.13353  -0.04892
   0.37399  -0.08864  -0.07885
   0.34406  -0.08864  -0.04892
   0.20939  -0.04375  -0.07885
   0.14953  -0.04375  -0.15367
   0.04478   0.01611  -0.18360
  -1.1E-40  -0.02878  -0.19856
  -0.07493  -0.04375  -0.19856
  -0.13478  -0.02878  -0.22849
  -0.17967  -0.02878  -0.25842
  -0.23953  -0.04375  -0.30331
  -0.28442  -0.01382  -0.28834
  -0.31435   0.00115  -0.37813
  -0.35924   0.01611  -0.37813
  -0.40413   0.00115  -0.34820
  -0.44902   0.00115  -0.36316
  -0.46398   0.01611  -0.42302
  -0.47895   0.06100  -0.46791
  -0.49391   0.10589  -0.48287
  -0.53880   0.09093  -0.48287
  -0.55377   0.07596  -0.51280
  -0.56873   0.12086  -0.49784
  -0.56873   0.07596  -0.49784
  -0.58369   0.09093  -0.51280
  -0.56873   0.13582  -0.52776
  -0.55377   0.16575  -0.51280
  -0.56873   0.13582  -0.52776
  -0.62859   0.16575  -0.52776
  -0.62859   0.09093  -0.51280
  -0.62859   0.06100  -0.46791
  -0.62859   0.06100  -0.45294
  -0.58369   0.07596  -0.43798
  -0.56873   0.06100  -0.43798
  -0.58369   0.06100  -0.39309
  -0.56873   0.07596  -0.37813
  -0.58369   0.07596  -0.34820
  -0.55377   0.03107  -0.30331
  -0.53880   0.03107  -0.28834
  -0.52384   0.06100  -0.28834
  -0.49391   0.04604  -0.27338
  -0.47895   0.04604  -0.24345
  -0.47895   0.04604  -0.21352
  -0.49391   0.06100  -0.16863
  -0.44902   0.06100  -0.13871
  -0.44902   0.06100  -0.10878
  -0.41909   0.06100  -0.07885
  -0.41909   0.03107  -0.01900
  -0.34427   0.04604  -0.00403
  -0.28442   0.06100   0.04086
  -0.28442   0.01611   0.10071
  -0.25449   0.04604   0.16057
  -0.26946   0.06100   0.20546
  -0.20960   0.07596   0.22042
  -0.20960   0.09093   0.26532
  -0.20960   0.15078   0.29524
  -0.14975   0.09093   0.37006
  -0.16471   0.09093   0.44488
  -0.14975   0.10589   0.47481
  -0.07493   0.13582   0.51970
  -0.04500   0.12086   0.53466
  -1.1E-40   0.16575   0.53466
   0.08967   0.13582   0.54963
   0.14953   0.15078   0.60948
   0.20939   0.18071   0.68430
   0.26924   0.18071   0.71423
   0.28420   0.13582   0.72919
   0.31413   0.12086   0.74416
   0.37399   0.18071   0.77408
   0.44881   0.16575   0.81898
   0.49370   0.15078   0.89379
   0.53859   0.13582   0.89379
   0.56852   0.18071   0.90876
   0.61341   0.13582   0.93869
   0.65830   0.15078   0.89379
   0.71815   0.15078   0.95365
   0.74808   0.13582   0.96861
   0.83786   0.10589   0.98358
   0.82290   0.10589   1.01350
   0.83786   0.10589   0.98358
   0.88275   0.12086   0.99854
   0.88275   0.12086   0.96861
   0.91268   0.12086   0.95365
   0.94261   0.12086   0.96861
   0.98750   0.12086   0.98358
   0.98750   0.12086   0.96861
   1.00246   0.12086   0.93869
   0.97254   0.12086   0.92372
   0.97254   0.10589   0.90876
   0.91268   0.15078   0.90876
   0.89772   0.15078   0.83394
   0.92765   0.19567   0.75912
   0.88275   0.15078   0.71423
   0.80794   0.13582   0.62445
   0.74808   0.10589   0.62445
   0.79297   0.12086   0.53466
   0.71815   0.16575   0.45984
   0.65830   0.13582   0.44488
   0.56852   0.13582   0.42992
   0.52362   0.12086   0.37006
   0.43384   0.16575   0.26532
   0.35902   0.19567   0.19050
   0.32910   0.19567   0.17553
   0.26924   0.13582   0.14561
   0.19442   0.16575   0.04086
   0.10464   0.16575  -0.04892
   0.05975   0.16575  -0.10878
   0.02982   0.12086  -0.15367
  -0.01507   0.06100  -0.19856
  -0.04500   0.12086  -0.28834
  -0.11982   0.13582  -0.31827
  -0.22456   0.13582  -0.34820
  -0.28442   0.12086  -0.43798
  -0.29938   0.12086  -0.49784
  -0.34427   0.10589  -0.52776
  -0.44902   0.09093  -0.57265
  -0.50888   0.09093  -0.64747
  -0.58369   0.06100  -0.69236
  -0.59866   0.06100  -0.72229
  -0.65851   0.00115  -0.70733
  -0.65851   0.00115  -0.73726
  -0.73333   0.04604  -0.79711
  -0.76326   0.01611  -0.81207
  -0.83808   0.04604  -0.84200
  -0.88297  -0.02878  -0.84200
  -0.91290  -0.02878  -0.85697
  -0.94282   0.01611  -0.88689
  -0.98772  -0.01382  -0.93178
  -1.03261  -0.01382  -0.91682
  -1.06253  -0.01382  -0.91682
  -1.06253  -0.02878  -0.88689
  -1.10743  -0.05871  -0.85697
  -1.15232  -0.05871  -0.85697
  -1.15232  -0.07367  -0.81207
  -1.19721  -0.07367  -0.81207
  -1.18224  -0.04375  -0.78215
  -1.19721  -0.13353  -0.75222
  -1.19721  -0.10360  -0.72229
  -1.22714  -0.10360  -0.70733
  -1.22714  -0.13353  -0.63251
  -1.24210  -0.14849  -0.58762
  -1.19721  -0.14849  -0.55769
  -1.19721  -0.19338  -0.49784
  -1.22714  -0.14849  -0.42302
  -1.21217  -0.19338  -0.40805
  -1.16728  -0.17842  -0.34820
  -1.15232  -0.17842  -0.25842
  -1.09246  -0.17842  -0.21352
  -1.09246  -0.14849  -0.22849
  -1.04757  -0.14849  -0.19856
  -1.00268  -0.19338  -0.12374
  -0.95779  -0.17842  -0.06389
  -0.89793  -0.17842   0.01093
  -0.83808  -0.17842   0.04086
  -0.79319  -0.20835   0.08575
  -0.74830  -0.16346   0.11568
  -0.70340  -0.19338   0.19050
  -0.65851  -0.19338   0.22042
  -0.59866  -0.14849   0.26532
  -0.50888  -0.14849   0.28028
  -0.44902  -0.13353   0.32517
  -0.40413  -0.16346   0.37006
  -0.34427  -0.17842   0.41495
  -0.28442  -0.16346   0.44488
  -0.20960  -0.16346   0.50474
  -0.11982  -0.17842   0.51970
  -0.05996  -0.19338   0.57955
  -0.01507  -0.16346   0.56459
   0.05975  -0.13353   0.59452
   0.13457  -0.17842   0.62445
   0.20939  -0.19338   0.66934
   0.26924  -0.17842   0.69926
   0.37399  -0.16346   0.69926
   0.43384  -0.20835   0.72919
   0.47873  -0.22331   0.74416
   0.53859  -0.17842   0.75912
   0.58348  -0.19338   0.77408
   0.62837  -0.23827   0.78905
   0.68823  -0.17842   0.78905
   0.74808  -0.20835   0.81898
   0.76304  -0.16346   0.78905
   0.79297  -0.17842   0.81898
   0.82290  -0.16346   0.77408
   0.80794  -0.11856   0.75912
   0.85283  -0.14849   0.77408
   0.86779  -0.11856   0.72919
   0.85283  -0.11856   0.71423
   0.85283  -0.07367   0.69926
   0.86779  -0.10360   0.69926
   0.88275  -0.08864   0.69926
   0.89772  -0.05871   0.68430
   0.91268  -0.05871   0.65437
   0.91268  -0.05871   0.62445
   0.91268  -0.04375   0.59452
   0.92765  -0.02878   0.56459
   0.92765  -0.04375   0.53466
   0.92765  -0.01382   0.51970
   0.92765  -0.04375   0.48977
   0.94261  -0.05871   0.44488
   0.92765  -0.01382   0.41495
   0.95757   0.00115   0.35510
   0.94261  -0.05871   0.34013
   0.92765  -0.01382   0.26532
   0.92765  -0.04375   0.22042
   0.88275  -0.04375   0.19050
   0.86779  -0.05871   0.16057
   0.85283  -0.04375   0.11568
   0.85283  -0.05871   0.10071
   0.83786  -0.05871   0.04086
   0.79297  -0.01382  -0.03396
   0.77801  -0.04375  -0.06389
   0.74808  -0.07367  -0.06389
   0.73312  -0.07367  -0.10878
   0.68823  -0.04375  -0.10878
   0.65830  -0.04375  -0.18360
   0.61341  -0.02878  -0.19856
   0.59844  -0.05871  -0.22849
   0.52362  -0.05871  -0.25842
   0.49370  -0.04375  -0.28834
   0.41888  -0.01382  -0.30331
   0.40391  -0.04375  -0.33323
   0.37399  -0.01382  -0.36316
   0.29917   0.00115  -0.39309
   0.22435   0.01611  -0.39309
   0.19442   0.01611  -0.42302
   0.11960   0.00115  -0.43798
   0.08967   0.04604  -0.43798
   0.04478   0.03107  -0.45294
  -1.1E-40   0.07596  -0.46791
  -0.04500   0.06100  -0.51280
  -0.11982   0.04604  -0.52776
  -0.17967   0.07596  -0.49784
  -0.22456   0.09093  -0.51280
  -0.25449   0.09093  -0.48287
  -0.29938   0.06100  -0.48287
  -0.32931   0.07596  -0.49784
  -0.37420   0.09093  -0.49784
  -0.41909   0.10589  -0.46791
  -0.47895   0.07596  -0.43798
  -0.52384   0.06100  -0.43798
  -0.55377   0.10589  -0.42302
  -0.59866   0.09093  -0.36316
  -0.65851   0.10589  -0.34820
  -0.67348   0.13582  -0.31827
  -0.73333   0.10589  -0.27338
  -0.76326   0.09093  -0.24345
  -0.79319   0.13582  -0.24345
  -0.83808   0.13582  -0.19856
  -0.82311   0.13582  -0.16863
  -0.86801   0.12086  -0.12374
  -0.88297   0.12086  -0.09381
  -0.88297   0.12086  -0.07885
  -0.91290   0.12086  -0.01900
  -0.92786   0.10589  -0.01900
  -0.95779   0.09093   0.01093
  -0.94282   0.13582   0.02590
  -0.92786   0.12086   0.04086
  -0.92786   0.09093   0.08575
  -0.94282   0.12086   0.10071
  -0.91290   0.12086   0.11568
  -0.91290   0.10589   0.13064
  -0.88297   0.10589   0.16057
  -0.88297   0.10589   0.17553
  -0.83808   0.09093   0.22042
  -0.82311   0.10589   0.22042
  -0.82311   0.12086   0.23539
  -0.77822   0.13582   0.23539
  -0.76326   0.09093   0.28028
  -0.73333   0.07596   0.26532
  -0.68844   0.09093   0.28028
  -0.64355   0.13582   0.28028
  -0.62859   0.10589   0.28028
  -0.59866   0.10589   0.28028
  -0.55377   0.13582   0.28028
  -0.49391   0.13582   0.26532
  -0.44902   0.07596   0.25035
  -0.41909   0.06100   0.25035
  -0.40413   0.07596   0.22042
  -0.32931   0.06100   0.22042
  -0.26946   0.06100   0.22042
  -0.20960   0.07596   0.16057
  -0.14975   0.12086   0.13064
  -0.08989   0.09093   0.11568
  -0.01507   0.07596   0.13064
   0.01486   0.07596   0.10071
   0.10464   0.09093   0.05582
   0.14953   0.10589   0.05582
   0.26924   0.09093   0.02590
   0.29917   0.10589   0.02590
   0.35902   0.07596  -0.00403
   0.43384   0.09093  -0.03396
   0.47873   0.10589  -0.04892
   0.53859   0.09093  -0.06389
   0.58348   0.09093  -0.09381
   0.64333   0.10589  -0.13871
   0.70319   0.07596  -0.15367
   0.74808   0.07596  -0.15367
   0.77801   0.04604  -0.19856
   0.86779   0.06100  -0.21352
   0.91268   0.07596  -0.24345
   0.92765   0.09093  -0.27338
   0.98750   0.10589  -0.27338
   1.06232   0.09093  -0.27338
   1.07728   0.06100  -0.25842
   1.12217   0.04604  -0.27338
   1.12217   0.07596  -0.27338
   1.18203   0.09093  -0.28834
   1.19699   0.06100  -0.31827
   1.22692   0.06100  -0.30331
   1.27181   0.07596  -0.28834
   1.30174   0.04604  -0.28834
   1.30174   0.04604  -0.30331
   1.33167   0.03107  -0.28834
   1.33167   0.04604  -0.30331
   1.31670   0.03107  -0.28834
   1.30174  -0.01382  -0.28834
   1.28678  -0.02878  -0.27338
   1.28678  -0.05871  -0.24345
   1.28678  -0.04375  -0.24345
   1.27181  -0.02878  -0.25842
   1.25685  -0.02878  -0.21352
   1.21196  -0.04375  -0.19856
   1.21196  -0.07367  -0.18360
   1.15210  -0.04375  -0.16863
   1.10721  -0.02878  -0.13871
   1.07728  -0.08864  -0.09381
   1.03239  -0.05871  -0.07885
   0.98750  -0.05871  -0.03396
   0.94261  -0.04375  -0.00403
   0.89772  -0.04375  -0.00403
   0.86779  -0.05871   0.05582
   0.80794  -0.10360   0.11568
   0.74808  -0.08864   0.11568
   0.64333  -0.07367   0.16057
   0.62837  -0.04375   0.16057
   0.56852  -0.01382   0.22042
   0.49370  -0.04375   0.22042
   0.43384  -0.04375   0.22042
   0.35902  -0.02878   0.25035
   0.25428  -0.01382   0.26532
   0.19442  -0.04375   0.28028
   0.08967  -0.02878   0.26532
   0.02982  -0.02878   0.26532
  -0.03004  -0.04375   0.28028
  -0.13478  -0.02878   0.23539
  -0.20960  -0.01382   0.25035
  -0.28442  -0.02878   0.22042
  -0.38917  -0.05871   0.25035
  -0.43406  -0.02878   0.25035
  -0.50888  -0.02878   0.22042
  -0.62859  -0.04375   0.20546
  -0.65851  -0.04375   0.20546
  -0.76326  -0.05871   0.19050
  -0.82311  -0.08864   0.16057
  -0.89793  -0.05871   0.16057
  -0.95779  -0.07367   0.14561
  -1.03261  -0.05871   0.11568
  -1.07750  -0.05871   0.08575
  -1.12239  -0.13353   0.10071
  -1.19721  -0.10360   0.05582
  -1.22714  -0.08864  -0.00403
  -1.28699  -0.10360  -0.00403
  -1.33188  -0.13353  -0.07885
  -1.34685  -0.13353  -0.06389
  -1.36181  -0.19338  -0.06389
  -1.37677  -0.13353  -0.10878
  -1.37677  -0.10360  -0.12374
  -1.42166  -0.10360  -0.15367
  -1.42166  -0.11856  -0.16863
  -1.42166  -0.16346  -0.18360
  -1.45159  -0.14849  -0.19856
  -1.42166  -0.14849  -0.22849
  -1.39174  -0.13353  -0.22849
  -1.37677  -0.14849  -0.19856
  -1.36181  -0.14849  -0.21352
  -1.36181  -0.16346  -0.22849
  -1.33188  -0.14849  -0.25842
  -1.33188  -0.13353  -0.25842
  -1.28699  -0.14849  -0.30331
  -1.27203  -0.17842  -0.28834
  -1.19721  -0.22331  -0.28834
  -1.13735  -0.22331  -0.27338
  -1.06253  -0.23827  -0.28834
  -1.01764  -0.22331  -0.27338
  -0.95779  -0.23827  -0.30331
  -0.88297  -0.23827  -0.28834
  -0.79319  -0.23827  -0.28834
  -0.74830  -0.22331  -0.25842
  -0.68844  -0.23827  -0.28834
  -0.64355  -0.28317  -0.27338
  -0.59866  -0.25324  -0.25842
  -0.52384  -0.28317  -0.28834
  -0.41909  -0.25324  -0.25842
  -0.29938  -0.26820  -0.24345
  -0.26946  -0.20835  -0.22849
  -0.20960  -0.19338  -0.27338
  -0.19464  -0.19338  -0.31827
  -0.11982  -0.16346  -0.33323
  -0.11982  -0.16346  -0.36316
  -0.03004  -0.16346  -0.31827
   0.04478  -0.16346  -0.30331
   0.11960  -0.14849  -0.30331
   0.22435  -0.11856  -0.28834
   0.28420  -0.07367  -0.31827
   0.28420  -0.01382  -0.33323
   0.31413  -0.02878  -0.33323
   0.37399   0.00115  -0.36316
   0.41888  -0.02878  -0.31827
   0.46377  -0.01382  -0.28834
   0.52362   0.04604  -0.24345
   0.55355   0.09093  -0.24345
   0.61341   0.13582  -0.24345
   0.64333   0.15078  -0.24345
   0.68823   0.16575  -0.25842
   0.70319   0.15078  -0.21352
   0.71815   0.16575  -0.21352
   0.74808   0.13582  -0.16863
   0.82290   0.13582  -0.13871
   0.82290   0.15078  -0.12374
   0.92765   0.19567  -0.12374
   0.98750   0.21064  -0.07885
   1.04736   0.22560  -0.03396
   1.07728   0.24057   0.01093
   1.01743   0.19567   0.02590
   1.04736   0.24057   0.02590
   1.01743   0.22560   0.07079
   1.10721   0.25553   0.14561
   1.15210   0.27049   0.19050
   1.16707   0.28546   0.23539
   1.15210   0.34531   0.23539
   1.18203   0.33035   0.23539
   1.21196   0.28546   0.28028
   1.18203   0.30042   0.28028
   1.21196   0.31538   0.35510
   1.21196   0.31538   0.39999
   1.19699   0.33035   0.38503
   1.15210   0.36028   0.38503
   1.10721   0.34531   0.42992
   1.06232   0.33035   0.41495
   1.06232   0.31538   0.38503
   1.09225   0.27049   0.41495
   1.06232   0.22560   0.44488
   1.01743   0.30042   0.44488
   0.98750   0.27049   0.50474
   0.89772   0.27049   0.50474
   0.83786   0.27049   0.50474
   0.79297   0.22560   0.44488
   0.77801   0.27049   0.45984
   0.73312   0.27049   0.45984
   0.68823   0.24057   0.45984
   0.59844   0.25553   0.45984
   0.50866   0.27049   0.42992
   0.43384   0.27049   0.39999
   0.37399   0.21064   0.39999
   0.29917   0.19567   0.38503
   0.28420   0.13582   0.41495
   0.22435   0.13582   0.38503
   0.17946   0.13582   0.41495
   0.10464   0.12086   0.41495
   0.02982   0.13582   0.37006
  -0.05996   0.09093   0.39999
  -0.13478   0.12086   0.38503
  -0.16471   0.10589   0.37006
  -0.25449   0.06100   0.37006
  -0.29938   0.07596   0.39999
  -0.38917   0.07596   0.41495
  -0.44902   0.03107   0.41495
  -0.52384   0.03107   0.39999
  -0.55377   0.03107   0.37006
  -0.61362   0.04604   0.37006
  -0.70340   0.04604   0.37006
  -0.71837   0.03107   0.35510
  -0.77822  -0.02878   0.35510
  -0.83808  -0.02878   0.31021
  -0.88297  -0.01382   0.31021
  -0.91290  -0.05871   0.29524
  -0.94282  -0.05871   0.28028
  -0.94282  -0.07367   0.26532
  -0.97275  -0.10360   0.26532
  -1.03261  -0.10360   0.28028
  -1.03261  -0.07367   0.20546
  -1.04757  -0.08864   0.22042
  -1.09246  -0.08864   0.20546
  -1.10743  -0.08864   0.20546
  -1.09246  -0.11856   0.19050
  -1.07750  -0.10360   0.17553
  -1.09246  -0.05871   0.17553
  -1.09246  -0.05871   0.16057
  -1.12239  -0.07367   0.11568
  -1.15232  -0.04375   0.10071
  -1.15232  -0.05871   0.04086
  -1.12239  -0.08864   0.01093
  -1.15232  -0.10360   0.01093
  -1.15232  -0.10360  -0.03396
  -1.06253  -0.13353  -0.06389
  -1.01764  -0.13353  -0.07885
  -0.95779  -0.16346  -0.09381
  -0.91290  -0.16346  -0.10878
  -0.86801  -0.14849  -0.16863
  -0.86801  -0.08864  -0.22849
  -0.82311  -0.08864  -0.27338
  -0.80815  -0.08864  -0.25842
  -0.74830  -0.11856  -0.24345
  -0.68844  -0.08864  -0.25842
  -0.65851  -0.11856  -0.30331
  -0.58369  -0.05871  -0.31827
  -0.55377  -0.07367  -0.34820
  -0.47895  -0.08864  -0.37813
  -0.41909  -0.07367  -0.42302
  -0.35924  -0.07367  -0.48287
  -0.25449  -0.07367  -0.45294
  -0.19464  -0.08864  -0.43798
  -0.11982  -0.10360  -0.43798
  -0.03004  -0.04375  -0.46791
   0.05975  -0.01382  -0.45294
   0.17946   0.01611  -0.46791
   0.23931   0.03107  -0.45294
   0.23931   0.07596  -0.45294
   0.28420   0.07596  -0.42302
   0.29917   0.01611  -0.43798
   0.37399   0.00115  -0.45294
   0.43384   0.00115  -0.40805
   0.47873   0.01611  -0.37813
   0.52362   0.01611  -0.34820
   0.56852   0.01611  -0.39309
   0.59844   0.03107  -0.42302
   0.64333   0.04604  -0.40805
   0.68823   0.04604  -0.36316
   0.70319   0.03107  -0.33323
   0.73312   0.04604  -0.33323
   0.73312   0.09093  -0.30331
   0.73312   0.10589  -0.27338
   0.73312   0.12086  -0.24345
   0.73312   0.07596  -0.22849
   0.77801   0.06100  -0.21352
   0.77801   0.04604  -0.21352
   0.77801   0.07596  -0.22849
   0.79297   0.10589  -0.18360
   0.77801   0.09093  -0.15367
   0.73312   0.07596  -0.13871
   0.76304   0.07596  -0.10878
   0.77801   0.04604  -0.12374
   0.79297   0.06100  -0.10878
   0.76304   0.06100  -0.06389
   0.73312   0.09093  -0.07885
   0.68823   0.06100  -0.01900
   0.65830   0.06100  -0.03396
   0.64333   0.06100  -0.01900
   0.64333   0.01611   0.02590
   0.64333   0.04604   0.02590
   0.62837   0.07596   0.02590
   0.61341   0.06100   0.05582
   0.52362   0.09093   0.04086
   0.50866   0.07596   0.05582
   0.46377   0.03107   0.07079
   0.38895   0.06100   0.10071
   0.35902   0.07596   0.11568
   0.28420   0.04604   0.14561
   0.22435   0.04604   0.14561
   0.16449   0.07596   0.10071
   0.10464   0.03107   0.16057
   0.05975   0.09093   0.10071
  -1.1E-40   0.06100   0.13064
  -0.04500   0.03107   0.16057
  -0.13478   0.04604   0.17553
  -0.17967   0.03107   0.19050
  -0.19464   0.01611   0.19050
  -0.25449   0.00115   0.22042
  -0.31435  -0.02878   0.25035
  -0.37420  -0.07367   0.26532
  -0.38917  -0.05871   0.29524
  -0.41909  -0.07367   0.29524
  -0.49391  -0.13353   0.32517
  -0.52384  -0.14849   0.34013
  -0.56873  -0.16346   0.34013
  -0.56873  -0.11856   0.32517
  -0.59866  -0.14849   0.37006
  -0.67348  -0.17842   0.38503
  -0.67348  -0.17842   0.35510
  -0.68844  -0.19338   0.37006
  -0.70340  -0.19338   0.37006
  -0.73333  -0.19338   0.39999
  -0.76326  -0.16346   0.37006
  -0.79319  -0.17842   0.37006
  -0.80815  -0.17842   0.37006
  -0.83808  -0.16346   0.35510
  -0.82311  -0.16346   0.35510
  -0.82311  -0.17842   0.35510
  -0.82311  -0.16346   0.35510
  -0.85304  -0.17842   0.32517
  -0.85304  -0.17842   0.31021
  -0.82311  -0.14849   0.32517
  -0.82311  -0.19338   0.29524
  -0.80815  -0.16346   0.29524
  -0.83808  -0.16346   0.28028
  -0.77822  -0.16346   0.28028
  -0.79319  -0.13353   0.26532
  -0.76326  -0.14849   0.23539
  -0.71837  -0.16346   0.22042
  -0.70340  -0.11856   0.17553
  -0.67348  -0.16346   0.17553
  -0.65851  -0.13353   0.11568
  -0.58369  -0.11856   0.10071
  -0.55377  -0.11856   0.10071
  -0.50888  -0.17842   0.08575
  -0.46398  -0.16346   0.07079
  -0.41909  -0.13353   0.01093
  -0.34427  -0.14849   0.01093
  -0.26946  -0.13353  -0.03396
  -0.17967  -0.10360  -0.01900
  -0.14975  -0.10360  -0.03396
  -0.08989  -0.05871  -0.07885
  -0.03004  -0.07367  -0.10878
   0.01486  -0.07367  -0.10878
   0.05975  -0.02878  -0.16863
   0.10464  -0.04375  -0.15367
   0.20939  -0.04375  -0.13871
   0.28420  -0.04375  -0.18360
   0.34406  -0.02878  -0.18360
   0.41888   0.01611  -0.21352
   0.47873   0.01611  -0.24345
   0.52362   0.03107  -0.27338
   0.59844   0.03107  -0.25842
   0.64333   0.06100  -0.27338
   0.67326   0.06100  -0.30331
   0.76304   0.01611  -0.27338
   0.82290   0.03107  -0.27338
   0.86779   0.06100  -0.30331
   0.89772   0.10589  -0.31827
   0.94261   0.13582  -0.31827
   0.98750   0.10589  -0.33323
   0.98750   0.07596  -0.31827
   1.01743   0.13582  -0.34820
   1.04736   0.10589  -0.33323
   1.04736   0.07596  -0.34820
   1.06232   0.07596  -0.34820
   1.10721   0.09093  -0.37813
   1.09225   0.07596  -0.36316
   1.07728   0.10589  -0.37813
   1.04736   0.09093  -0.40805
   1.06232   0.09093  -0.40805
   1.01743   0.06100  -0.40805
   0.97254   0.06100  -0.37813
   0.94261   0.04604  -0.34820
   0.89772   0.06100  -0.39309
   0.91268   0.04604  -0.36316
   0.86779   0.06100  -0.34820
   0.82290   0.01611  -0.33323
   0.82290   0.04604  -0.37813
   0.80794   0.03107  -0.36316
   0.74808   0.01611  -0.33323
   0.68823  -0.01382  -0.30331
   0.67326   0.00115  -0.33323
   0.65830   0.01611  -0.36316
   0.64333   0.03107  -0.34820
   0.58348  -0.04375  -0.33323
   0.56852  -0.01382  -0.34820
   0.55355  -0.02878  -0.33323
   0.50866  -0.04375  -0.33323
   0.47873  -0.01382  -0.34820
   0.41888  -0.01382  -0.36316
   0.40391  -0.02878  -0.33323
   0.35902  -0.04375  -0.30331
   0.29917  -0.01382  -0.33323
   0.26924  -0.01382  -0.28834
   0.19442  -0.04375  -0.30331
   0.17946  -0.02878  -0.28834
   0.10464  -0.07367  -0.25842
   0.05975  -0.05871  -0.22849
   0.01486  -0.05871  -0.24345
  -0.03004  -0.05871  -0.24345
  -0.03004  -0.05871  -0.22849
  -0.05996  -0.07367  -0.18360
  -0.13478  -0.08864  -0.15367
  -0.19464  -0.10360  -0.13871
  -0.20960  -0.08864  -0.12374
  -0.23953  -0.13353  -0.09381
  -0.29938  -0.14849  -0.04892
  -0.31435  -0.13353  -0.01900
  -0.34427  -0.13353  -0.00403
  -0.38917  -0.16346   0.04086
  -0.43406  -0.14849   0.07079
  -0.50888  -0.07367   0.08575
  -0.52384  -0.07367   0.11568
  -0.58369  -0.08864   0.17553
  -0.65851  -0.11856   0.23539
  -0.68844  -0.08864   0.25035
  -0.73333  -0.07367   0.29524
  -0.74830  -0.05871   0.31021
  -0.79319  -0.07367   0.37006
  -0.80815  -0.04375   0.39999
  -0.83808  -0.10360   0.44488
  -0.86801  -0.08864   0.47481
  -0.91290  -0.10360   0.48977
  -0.91290  -0.08864   0.51970
  -0.92786  -0.13353   0.60948
  -0.92786  -0.10360   0.63941
  -0.94282  -0.05871   0.63941
  -0.89793  -0.05871   0.66934
  -0.92786  -0.02878   0.68430
  -0.95779   0.01611   0.69926
  -0.97275   0.01611   0.71423
  -0.97275   0.01611   0.71423
  -0.95779  -0.01382   0.71423
  -0.92786  -0.02878   0.72919
  -0.92786   0.00115   0.72919
  -0.89793  -0.02878   0.74416
  -0.83808  -0.02878   0.69926
  -0.82311  -0.02878   0.72919
  -0.73333   0.03107   0.69926
  -0.71837   0.00115   0.74416
  -0.70340   0.00115   0.71423
  -0.64355   0.01611   0.71423
  -0.64355  -0.02878   0.74416
  -0.61362   0.01611   0.68430
  -0.59866   0.06100   0.63941
  -0.55377   0.06100   0.62445
  -0.49391   0.04604   0.65437
  -0.41909   0.06100   0.60948
  -0.40413  -0.01382   0.57955
  -0.35924   0.00115   0.51970
  -0.34427   0.04604   0.47481
  -0.29938   0.06100   0.50474
  -0.25449   0.07596   0.45984
  -0.22456   0.03107   0.47481
  -0.20960   0.03107   0.42992
  -0.14975   0.03107   0.35510
  -0.11982   0.01611   0.31021
  -0.07493   0.09093   0.29524
  -0.03004   0.06100   0.29524
  -0.01507   0.09093   0.25035
   0.01486   0.06100   0.19050
   0.07471   0.07596   0.13064
   0.08967   0.09093   0.11568
   0.14953   0.01611   0.11568
   0.19442   0.03107   0.05582
   0.23931   0.04604  -0.00403
   0.23931   0.03107  -0.04892
   0.28420   0.01611  -0.07885
   0.31413   0.04604  -0.13871
   0.34406   0.04604  -0.16863
   0.37399   0.03107  -0.18360
   0.41888   0.04604  -0.22849
   0.46377   0.03107  -0.27338
   0.50866   0.04604  -0.30331
   0.59844   0.01611  -0.30331
   0.58348   0.00115  -0.36316
   0.64333   0.01611  -0.39309
   0.67326   0.00115  -0.37813
   0.71815   0.00115  -0.39309
   0.76304  -0.01382  -0.42302
   0.74808  -0.01382  -0.48287
   0.77801  -0.02878  -0.49784
   0.79297  -0.01382  -0.54273
   0.79297  -0.04375  -0.54273
   0.80794  -0.02878  -0.57265
   0.85283  -0.05871  -0.57265
   0.85283  -0.05871  -0.58762
   0.86779  -0.05871  -0.60258
   0.89772  -0.05871  -0.60258
   0.88275  -0.07367  -0.61755
   0.91268  -0.05871  -0.63251
   0.89772  -0.05871  -0.63251
   0.91268  -0.08864  -0.60258
   0.91268  -0.10360  -0.58762
   0.91268  -0.07367  -0.61755
   0.86779  -0.10360  -0.61755
   0.86779  -0.08864  -0.61755
   0.91268  -0.08864  -0.60258
   0.89772  -0.11856  -0.55769
   0.89772  -0.10360  -0.55769
   0.91268  -0.08864  -0.54273
   0.91268  -0.08864  -0.51280
   0.86779  -0.07367  -0.48287
   0.82290  -0.08864  -0.45294
   0.79297  -0.07367  -0.43798
   0.80794  -0.07367  -0.40805
   0.77801  -0.07367  -0.36316
   0.77801  -0.04375  -0.31827
   0.76304  -0.07367  -0.28834
   0.73312  -0.04375  -0.24345
   0.68823  -0.04375  -0.21352
   0.65830  -0.04375  -0.15367
   0.61341  -0.05871  -0.13871
   0.56852  -0.02878  -0.07885
   0.53859  -0.05871  -0.00403
   0.50866  -0.07367   0.04086
   0.46377  -0.04375   0.08575
   0.46377  -0.01382   0.10071
   0.38895  -0.04375   0.11568
   0.34406   0.00115   0.14561
   0.34406   0.00115   0.22042
   0.26924  -0.01382   0.26532
   0.20939  -0.01382   0.32517
   0.16449   0.00115   0.37006
   0.17946  -0.02878   0.39999
   0.13457  -0.02878   0.45984
   0.07471   0.00115   0.47481
   0.02982   0.04604   0.48977
  -0.03004   0.06100   0.53466
  -0.07493   0.06100   0.56459
  -0.16471   0.01611   0.56459
  -0.19464   0.03107   0.63941
  -0.25449   0.01611   0.66934
  -0.29938   0.00115   0.69926
  -0.35924   0.03107   0.69926
  -0.38917   0.06100   0.72919
  -0.40413   0.06100   0.72919
  -0.46398   0.01611   0.75912
  -0.52384   0.01611   0.75912
  -0.58369  -0.01382   0.74416
  -0.61362   0.04604   0.75912
  -0.65851   0.01611   0.77408
  -0.68844   0.03107   0.80401
  -0.70340   0.03107   0.78905
  -0.73333   0.06100   0.80401
  -0.77822   0.06100   0.77408
  -0.82311   0.03107   0.77408
  -0.85304   0.04604   0.77408
  -0.85304   0.07596   0.74416
  -0.83808   0.09093   0.72919
  -0.88297   0.07596   0.71423
  -0.91290   0.07596   0.66934
  -0.92786   0.06100   0.63941
  -0.97275   0.10589   0.54963
  -0.97275   0.10589   0.51970
  -0.97275   0.12086   0.47481
  -1.00268   0.10589   0.47481
  -1.01764   0.10589   0.42992
  -1.04757   0.15078   0.38503
  -1.06253   0.15078   0.29524
  -1.06253   0.18071   0.23539
  -1.06253   0.15078   0.19050
  -1.06253   0.12086   0.13064
  -1.04757   0.15078   0.08575
  -1.03261   0.16575   0.05582
  -1.03261   0.18071  -0.03396
  -1.01764   0.19567  -0.09381
  -1.01764   0.24057  -0.16863
  -1.00268   0.21064  -0.22849
  -0.98772   0.21064  -0.28834
  -0.97275   0.22560  -0.36316
  -0.94282   0.24057  -0.42302
  -0.92786   0.25553  -0.51280
  -0.86801   0.21064  -0.54273
  -0.83808   0.21064  -0.60258
  -0.82311   0.25553  -0.69236
  -0.76326   0.25553  -0.67740
  -0.74830   0.24057  -0.70733
  -0.70340   0.27049  -0.78215
  -0.64355   0.27049  -0.79711
  -0.58369   0.27049  -0.81207
  -0.53880   0.28546  -0.82704
  -0.46398   0.31538  -0.84200
  -0.43406   0.28546  -0.79711
  -0.37420   0.31538  -0.82704
  -0.26946   0.31538  -0.84200
  -0.22456   0.31538  -0.84200
  -0.13478   0.28546  -0.85697
  -0.08989   0.25553  -0.82704
  -0.01507   0.24057  -0.81207
   0.01486   0.28546  -0.82704
   0.11960   0.24057  -0.78215
   0.16449   0.24057  -0.73726
   0.23931   0.24057  -0.75222
   0.31413   0.16575  -0.73726
   0.38895   0.21064  -0.70733
   0.43384   0.22560  -0.67740
   0.52362   0.19567  -0.61755
   0.55355   0.16575  -0.58762
   0.61341   0.18071  -0.54273
   0.64333   0.16575  -0.51280
   0.65830   0.10589  -0.49784
   0.73312   0.12086  -0.42302
   0.74808   0.09093  -0.40805
   0.77801   0.07596  -0.37813
   0.80794   0.09093  -0.36316
   0.83786   0.09093  -0.34820
   0.86779   0.10589  -0.31827
   0.89772   0.07596  -0.25842
   0.88275   0.04604  -0.21352
   0.89772   0.06100  -0.19856
   0.94261   0.01611  -0.15367
   0.95757   0.00115  -0.13871
   0.97254  -0.02878  -0.10878
   0.97254  -0.02878  -0.07885
   0.98750   0.00115  -0.07885
   0.98750  -0.05871  -0.06389
   1.00246  -0.04375  -0.06389
   0.95757  -0.02878  -0.03396
   0.97254  -0.02878   0.01093
   0.95757  -0.04375   0.04086
   0.91268  -0.07367   0.08575
   0.92765  -0.08864   0.10071
   0.91268  -0.05871   0.08575
   0.88275  -0.07367   0.08575
   0.86779  -0.11856   0.14561
   0.82290  -0.11856   0.19050
   0.85283  -0.10360   0.20546
   0.83786  -0.08864   0.23539
   0.76304  -0.11856   0.26532
   0.74808  -0.10360   0.26532
   0.68823  -0.07367   0.31021
   0.65830  -0.05871   0.32517
   0.61341  -0.05871   0.34013
   0.58348  -0.08864   0.39999
   0.53859  -0.07367   0.38503
   0.47873  -0.02878   0.37006
   0.44881  -0.05871   0.41495
   0.38895  -0.04375   0.45984
   0.38895  -0.02878   0.41495
   0.32910  -0.05871   0.42992
   0.26924  -0.05871   0.41495
   0.17946  -0.04375   0.42992
   0.14953  -0.02878   0.42992
   0.08967   0.03107   0.41495
   0.02982   0.00115   0.42992
  -1.1E-40   0.00115   0.39999
  -0.05996  -0.01382   0.42992
  -0.11982   0.00115   0.41495
  -0.17967  -0.01382   0.37006
  -0.22456  -0.01382   0.39999
  -0.25449   0.01611   0.38503
  -0.34427  -0.02878   0.38503
  -0.38917   0.00115   0.35510
  -0.46398   0.00115   0.34013
  -0.53880  -0.02878   0.34013
  -0.56873  -0.05871   0.35510
  -0.62859  -0.05871   0.31021
  -0.67348  -0.01382   0.29524
  -0.73333   0.00115   0.26532
  -0.76326  -0.02878   0.28028
  -0.83808  -0.07367   0.28028
  -0.88297  -0.05871   0.25035
  -0.89793  -0.11856   0.22042
  -0.91290  -0.10360   0.19050
  -0.92786  -0.05871   0.17553
  -0.95779  -0.08864   0.14561
  -0.97275  -0.08864   0.14561
  -1.00268  -0.10360   0.10071
  -0.98772  -0.10360   0.10071
  -0.95779  -0.07367   0.04086
  -0.98772  -0.08864   0.02590
  -0.94282  -0.10360  -0.00403
  -0.95779  -0.10360  -0.03396
  -0.95779  -0.10360  -0.04892
  -0.94282  -0.11856  -0.07885
  -0.88297  -0.08864  -0.12374
  -0.86801  -0.11856  -0.10878
  -0.83808  -0.08864  -0.15367
  -0.80815  -0.11856  -0.15367
  -0.77822  -0.10360  -0.18360
  -0.74830  -0.14849  -0.19856
  -0.71837  -0.11856  -0.21352
  -0.65851  -0.13353  -0.24345
  -0.62859  -0.16346  -0.24345
  -0.58369  -0.11856  -0.25842
  -0.50888  -0.11856  -0.28834
  -0.44902  -0.11856  -0.28834
  -0.41909  -0.10360  -0.25842
  -0.37420  -0.11856  -0.28834
  -0.29938  -0.16346  -0.25842
  -0.28442  -0.14849  -0.27338
  -0.22456  -0.14849  -0.28834
  -0.13478  -0.16346  -0.28834
  -0.08989  -0.17842  -0.30331
  -0.05996  -0.17842  -0.27338
   0.01486  -0.17842  -0.27338
   0.04478  -0.16346  -0.27338
   0.16449  -0.17842  -0.25842
   0.16449  -0.20835  -0.21352
   0.19442  -0.20835  -0.24345
   0.23931  -0.20835  -0.24345
   0.26924  -0.20835  -0.19856
   0.34406  -0.20835  -0.18360
   0.38895  -0.23827  -0.18360
   0.41888  -0.23827  -0.10878
   0.46377  -0.22331  -0.12374
   0.49370  -0.23827  -0.10878
   0.55355  -0.26820  -0.09381
   0.56852  -0.22331  -0.06389
   0.62837  -0.23827  -0.03396
   0.64333  -0.25324  -0.03396
   0.68823  -0.22331   0.01093
   0.71815  -0.20835   0.01093
   0.76304  -0.20835   0.02590
   0.77801  -0.23827   0.07079
   0.79297  -0.23827   0.08575
   0.83786  -0.20835   0.11568
   0.80794  -0.20835   0.13064
   0.82290  -0.19338   0.13064
   0.85283  -0.20835   0.16057
   0.88275  -0.17842   0.14561
   0.89772  -0.13353   0.17553
   0.88275  -0.14849   0.20546
   0.85283  -0.14849   0.22042
   0.85283  -0.10360   0.20546
   0.83786  -0.11856   0.20546
   0.85283  -0.10360   0.22042
   0.85283  -0.07367   0.23539
   0.83786  -0.05871   0.25035
   0.79297  -0.07367   0.25035
   0.77801  -0.07367   0.25035
   0.77801  -0.08864   0.25035
   0.77801  -0.04375   0.25035
   0.74808  -0.01382   0.31021
   0.74808  -0.08864   0.34013
   0.73312  -0.08864   0.34013
   0.67326  -0.04375   0.31021
   0.64333  -0.01382   0.29524
   0.61341  -0.04375   0.29524
   0.55355   0.00115   0.26532
   0.52362   0.03107   0.28028
   0.52362   0.03107   0.31021
   0.41888   0.04604   0.32517
   0.40391   0.00115   0.37006
   0.40391  -0.01382   0.34013
   0.35902   0.00115   0.34013
   0.35902   0.03107   0.31021
   0.29917  -0.01382   0.35510
   0.23931   0.03107   0.32517
   0.19442   0.06100   0.34013
   0.13457   0.06100   0.35510
   0.08967   0.06100   0.34013
   0.07471   0.06100   0.34013
   0.02982   0.03107   0.34013
   0.01486   0.03107   0.32517
  -0.01507   0.01611   0.34013
  -0.04500   0.06100   0.31021
  -0.07493   0.04604   0.34013
  -0.14975   0.03107   0.32517
  -0.16471   0.04604   0.34013
  -0.14975   0.04604   0.32517
  -0.17967   0.01611   0.35510
  -0.20960   0.03107   0.34013
  -0.23953   0.00115   0.34013
  -0.26946   0.01611   0.31021
  -0.28442   0.01611   0.28028
  -0.34427   0.03107   0.25035
  -0.34427   0.04604   0.26532
  -0.34427   0.03107   0.26532
  -0.37420   0.00115   0.26532
  -0.37420   0.01611   0.25035
  -0.43406   0.06100   0.23539
  -0.41909   0.04604   0.19050
  -0.46398   0.03107   0.14561
  -0.46398   0.04604   0.13064
  -0.52384   0.04604   0.13064
  -0.56873   0.01611   0.13064
  -0.58369   0.03107   0.07079
  -0.56873   0.06100   0.07079
  -0.56873   0.04604   0.04086
  -0.61362   0.01611   0.02590
  -0.65851   0.06100  -0.01900
  -0.64355   0.07596  -0.04892
  -0.65851   0.07596  -0.04892
  -0.67348   0.03107  -0.07885
  -0.68844   0.09093  -0.15367
  -0.65851   0.06100  -0.16863
  -0.68844   0.04604  -0.18360
  -0.68844   0.09093  -0.22849
  -0.67348   0.04604  -0.24345
  -0.68844   0.04604  -0.22849
  -0.68844   0.06100  -0.33323
  -0.67348   0.03107  -0.30331
  -0.64355   0.06100  -0.34820
  -0.65851   0.03107  -0.33323
  -0.64355   0.07596  -0.37813
  -0.64355   0.07596  -0.39309
  -0.62859   0.07596  -0.43798
  -0.62859   0.12086  -0.40805
  -0.61362   0.06100  -0.34820
  -0.56873   0.07596  -0.37813
  -0.58369   0.06100  -0.43798
  -0.55377   0.04604  -0.45294
  -0.53880   0.04604  -0.48287
  -0.50888   0.09093  -0.52776
  -0.49391   0.12086  -0.49784
  -0.46398   0.10589  -0.46791
  -0.43406   0.06100  -0.48287
  -0.44902   0.09093  -0.49784
  -0.40413   0.07596  -0.54273
  -0.34427   0.10589  -0.54273
  -0.32931   0.06100  -0.55769
  -0.31435   0.12086  -0.57265
  -0.28442   0.10589  -0.55769
  -0.23953   0.10589  -0.54273
  -0.17967   0.10589  -0.54273
  -0.14975   0.09093  -0.55769
  -0.08989   0.09093  -0.54273
  -0.04500   0.07596  -0.51280
   0.02982   0.07596  -0.48287
   0.07471   0.07596  -0.51280
   0.11960   0.12086  -0.52776
   0.16449   0.09093  -0.51280
   0.20939   0.12086  -0.49784
   0.28420   0.18071  -0.46791
   0.34406   0.15078  -0.46791
   0.37399   0.12086  -0.42302
   0.41888   0.12086  -0.40805
   0.44881   0.15078  -0.40805
   0.50866   0.15078  -0.39309
   0.55355   0.10589  -0.34820
   0.56852   0.06100  -0.30331
   0.61341   0.07596  -0.28834
   0.65830   0.12086  -0.30331
   0.67326   0.09093  -0.24345
   0.71815   0.06100  -0.21352
   0.74808   0.06100  -0.19856
   0.77801   0.06100  -0.18360
   0.82290   0.04604  -0.15367
   0.82290   0.10589  -0.12374
   0.82290   0.13582  -0.10878
   0.86779   0.12086  -0.04892
   0.85283   0.07596  -0.03396
   0.82290   0.07596  -0.00403
   0.82290   0.04604  -0.01900
   0.85283   0.03107  -0.00403
   0.82290   0.06100   0.02590
   0.83786   0.06100   0.02590
   0.77801   0.07596   0.04086
   0.77801   0.03107   0.07079
   0.73312   0.03107   0.08575
   0.70319   0.04604   0.07079
   0.67326   0.03107   0.08575
   0.62837   0.00115   0.10071
   0.56852   0.03107   0.10071
   0.52362   0.03107   0.07079
   0.52362   0.04604   0.07079
   0.46377   0.01611   0.11568
   0.40391   0.04604   0.13064
   0.35902   0.01611   0.11568
   0.26924   0.00115   0.13064
   0.22435   0.07596   0.14561
   0.19442   0.04604   0.14561
   0.08967   0.04604   0.16057
   0.02982   0.09093   0.17553
  -0.04500   0.07596   0.17553
  -0.10485   0.07596   0.19050
  -0.17967   0.09093   0.17553
  -0.23953   0.10589   0.20546
  -0.29938   0.09093   0.22042
  -0.37420   0.12086   0.22042
  -0.41909   0.09093   0.23539
  -0.46398   0.06100   0.26532
  -0.55377   0.10589   0.28028
  -0.59866   0.07596   0.28028
  -0.65851   0.01611   0.31021
  -0.64355   0.03107   0.31021
  -0.68844   0.01611   0.35510
  -0.73333   0.04604   0.35510
  -0.73333   0.07596   0.32517
  -0.76326   0.03107   0.35510
  -0.79319   0.03107   0.37006
  -0.80815   0.04604   0.34013
  -0.82311   0.04604   0.39999
  -0.82311   0.06100   0.42992
  -0.83808   0.01611   0.42992
  -0.86801   0.00115   0.39999
  -0.86801   0.00115   0.39999
  -0.86801  -0.01382   0.42992
  -0.85304   0.00115   0.41495
  -0.82311  -0.01382   0.45984
  -0.79319  -0.04375   0.44488
  -0.77822   0.00115   0.41495
  -0.77822  -0.05871   0.44488
  -0.74830  -0.04375   0.44488
  -0.71837  -0.02878   0.42992
  -0.67348  -0.01382   0.41495
  -0.67348   0.00115   0.42992
  -0.59866   0.01611   0.42992
  -0.58369  -0.02878   0.39999
  -0.53880  -0.01382   0.38503
  -0.49391   0.00115   0.35510
  -0.44902  -0.01382   0.34013
  -0.40413   0.01611   0.31021
  -0.37420   0.01611   0.28028
  -0.31435   0.04604   0.23539
  -0.25449   0.01611   0.25035
  -0.22456  -0.01382   0.23539
  -0.16471   0.00115   0.19050
  -0.08989  -0.02878   0.17553
  -0.07493  -0.01382   0.16057
  -0.03004   0.00115   0.13064
   0.04478   0.00115   0.11568
   0.10464   0.03107   0.10071
   0.13457  -0.01382   0.08575
   0.16449   0.00115   0.05582
   0.26924  -0.01382   0.04086
   0.31413  -0.01382   0.02590
   0.38895  -0.01382   0.01093
   0.40391  -0.01382  -0.01900
   0.47873  -0.02878  -0.01900
   0.52362  -0.01382  -0.03396
   0.53859  -0.05871  -0.00403
   0.58348  -0.04375  -0.06389
   0.59844  -0.04375  -0.04892
   0.64333  -0.08864  -0.04892
   0.65830  -0.05871  -0.07885
   0.71815  -0.08864  -0.07885
   0.74808  -0.08864  -0.07885
   0.76304  -0.08864  -0.09381
   0.79297  -0.05871  -0.10878
   0.79297  -0.08864  -0.13871
   0.83786  -0.04375  -0.10878
   0.83786  -0.08864  -0.09381
   0.85283  -0.05871  -0.12374
   0.83786  -0.10360  -0.10878
   0.83786  -0.05871  -0.09381
   0.83786  -0.08864  -0.07885
   0.85283  -0.08864  -0.09381
   0.82290  -0.11856  -0.07885
   0.82290  -0.08864  -0.09381
   0.82290  -0.10360  -0.07885
   0.79297  -0.13353  -0.07885
   0.79297  -0.10360  -0.07885
   0.74808  -0.11856  -0.06389
   0.71815  -0.08864  -0.07885
   0.71815  -0.13353  -0.04892
   0.68823  -0.11856  -0.06389
   0.64333  -0.11856  -0.03396
   0.62837  -0.08864  -0.03396
   0.56852  -0.11856  -0.00403
   0.56852  -0.11856  -0.00403
   0.52362  -0.08864  -0.01900
   0.44881  -0.08864  -0.00403
   0.38895  -0.07367  -0.01900
   0.37399  -0.10360   0.01093
   0.31413  -0.08864  -0.00403
   0.25428  -0.05871  -0.00403
   0.17946  -0.08864   0.02590
   0.13457  -0.07367   0.02590
   0.11960  -0.10360   0.04086
   0.04478  -0.11856   0.02590
   0.01486  -0.07367   0.02590
  -0.01507  -0.05871   0.02590
  -0.05996  -0.05871   0.02590
  -0.08989  -0.08864   0.01093
  -0.14975  -0.08864   0.02590
  -0.17967  -0.07367   0.02590
  -0.20960  -0.05871   0.02590
  -0.20960  -0.07367   0.02590
  -0.28442  -0.08864   0.04086
  -0.32931  -0.02878   0.02590
  -0.34427  -0.05871   0.04086
  -0.34427  -0.04375   0.02590
  -0.38917  -0.10360   0.04086
  -0.40413  -0.04375   0.04086
  -0.40413  -0.07367   0.04086
  -0.46398  -0.05871   0.01093
  -0.44902  -0.08864   0.04086
  -0.46398  -0.05871   0.02590
  -0.47895  -0.07367   0.05582
  -0.50888  -0.07367   0.05582
  -0.47895  -0.07367   0.05582
  -0.52384  -0.05871   0.05582
  -0.52384  -0.05871   0.07079
  -0.53880  -0.08864   0.07079
  -0.53880  -0.07367   0.07079
  -0.49391  -0.04375   0.07079
  -0.53880  -0.04375   0.07079
  -0.50888  -0.04375   0.10071
  -0.49391  -0.02878   0.08575
  -0.49391  -0.01382   0.10071
  -0.52384  -0.04375   0.08575
  -0.50888  -0.08864   0.10071
  -0.47895  -0.01382   0.10071
  -0.46398  -0.02878   0.11568
  -0.47895  -0.08864   0.13064
  -0.47895  -0.08864   0.11568
  -0.44902  -0.08864   0.13064
  -0.40413  -0.01382   0.11568
  -0.41909  -0.04375   0.11568
  -0.38917  -0.02878   0.10071
  -0.38917  -0.02878   0.11568
  -0.34427  -0.04375   0.11568
  -0.35924  -0.07367   0.11568
  -0.35924  -0.07367   0.10071
  -0.32931  -0.02878   0.10071
  -0.31435  -0.04375   0.10071
  -0.31435  -0.04375   0.11568
  -0.26946  -0.01382   0.11568
  -0.26946  -0.04375   0.13064
  -0.26946  -0.04375   0.14561
  -0.23953  -0.02878   0.11568
  -0.28442  -0.01382   0.11568
  -0.22456   0.01611   0.11568
  -0.20960   0.01611   0.13064
  -0.20960   0.01611   0.10071
  -0.19464   0.01611   0.10071
  -0.16471   0.01611   0.10071
  -0.16471   0.01611   0.10071
  -0.17967   0.01611   0.10071
  -0.16471   0.03107   0.07079
  -0.14975   0.04604   0.10071
  -0.17967   0.03107   0.07079
  -0.16471   0.01611   0.07079
  -0.17967   0.01611   0.07079
  -0.13478   0.01611   0.07079
  -0.13478   0.03107   0.07079
  -0.14975   0.03107   0.05582
  -0.14975   0.01611   0.04086
  -0.10485   0.06100   0.01093
  -0.10485   0.04604  -0.00403
  -0.11982   0.01611  -0.00403
  -0.07493   0.03107   0.01093
  -0.07493   0.01611   0.02590
  -0.05996   0.03107  -0.01900
  -0.05996   0.00115  -0.04892
  -0.07493   0.03107  -0.03396
  -0.05996   0.04604  -0.06389
  -0.04500   0.06100  -0.06389
  -0.03004   0.04604  -0.09381
  -0.01507   0.04604  -0.10878
   0.02982   0.04604  -0.10878
   0.01486   0.03107  -0.12374
   0.02982   0.06100  -0.13871
  -1.1E-40   0.03107  -0.15367
  -1.1E-40   0.07596  -0.18360
   0.02982   0.07596  -0.22849
   0.01486   0.04604  -0.19856
  -1.1E-40   0.04604  -0.22849
  -1.1E-40   0.10589  -0.27338
  -1.1E-40   0.10589  -0.30331
  -1.1E-40   0.12086  -0.33323
  -0.03004   0.09093  -0.34820
  -0.01507   0.12086  -0.39309
  -1.1E-40   0.10589  -0.43798
  -0.03004   0.09093  -0.43798
  -0.01507   0.09093  -0.48287
  -0.01507   0.10589  -0.49784
  -0.04500   0.04604  -0.51280
  -0.03004   0.07596  -0.55769
  -0.01507   0.06100  -0.57265
  -1.1E-40   0.03107  -0.55769
  -1.1E-40   0.04604  -0.58762
  -0.01507   0.01611  -0.58762
   0.01486   0.00115  -0.58762
   0.04478   0.03107  -0.61755
   0.02982   0.06100  -0.58762
   0.05975   0.07596  -0.63251
   0.07471   0.03107  -0.61755
   0.05975   0.03107  -0.57265
   0.08967   0.04604  -0.58762
   0.05975   0.03107  -0.58762
   0.10464   0.03107  -0.55769
   0.08967   0.04604  -0.57265
   0.10464   0.03107  -0.52776
   0.10464   0.03107  -0.48287
   0.08967   0.01611  -0.45294
   0.11960   0.04604  -0.45294
   0.11960   0.01611  -0.40805
   0.13457   0.01611  -0.36316
   0.08967   0.00115  -0.33323
   0.08967   0.03107  -0.30331
   0.10464   0.06100  -0.27338
   0.11960   0.03107  -0.19856
   0.10464   0.00115  -0.18360
   0.07471   0.01611  -0.15367
   0.05975   0.03107  -0.15367
   0.10464   0.04604  -0.09381
   0.08967  -0.02878  -0.04892
   0.08967   0.04604  -0.01900
   0.05975   0.01611   0.04086
   0.05975  -0.01382   0.08575
   0.07471  -0.01382   0.10071
   0.07471   0.03107   0.13064
   0.05975  -0.01382   0.16057
   0.02982   0.00115   0.20546
   0.04478   0.00115   0.22042
  -1.1E-40   0.00115   0.25035
   0.01486   0.03107   0.28028
  -1.1E-40   0.00115   0.29524
  -0.01507  -0.01382   0.32517
  -0.01507   0.00115   0.34013
  -0.03004   0.03107   0.35510
  -0.03004   0.01611   0.35510
  -0.01507   0.01611   0.41495
  -1.1E-40  -0.02878   0.44488
  -0.03004   0.00115   0.44488
  -0.04500  -0.01382   0.44488
  -0.04500  -0.02878   0.48977
  -0.07493   0.00115   0.45984
  -0.04500   0.03107   0.50474
  -0.05996   0.01611   0.48977
  -0.04500   0.01611   0.50474
  -0.03004  -0.01382   0.51970
  -0.03004   0.01611   0.51970
  -0.04500  -0.01382   0.54963
  -0.01507   0.04604   0.53466
  -0.01507   0.03107   0.51970
   0.01486   0.00115   0.51970
   0.01486   0.03107   0.51970
   0.07471   0.04604   0.50474
   0.08967   0.01611   0.50474
   0.08967   0.01611   0.50474
   0.10464   0.06100   0.50474
   0.16449   0.06100   0.51970
   0.19442   0.03107   0.51970
   0.19442   0.03107   0.47481
   0.25428   0.04604   0.47481
   0.26924   0.03107   0.48977
   0.28420   0.04604   0.42992
   0.32910   0.01611   0.42992
   0.34406   0.03107   0.42992
   0.38895   0.04604   0.41495
   0.37399   0.01611   0.37006
   0.40391   0.06100   0.34013
   0.41888   0.06100   0.29524
   0.43384   0.04604   0.29524
   0.44881   0.01611   0.26532
   0.46377   0.04604   0.20546
   0.44881   0.03107   0.17553
   0.46377   0.06100   0.14561
   0.44881   0.03107   0.10071
   0.44881   0.03107   0.05582
   0.47873  -0.01382   0.07079
   0.44881  -0.02878   0.04086
   0.43384   0.00115  -0.01900
   0.44881   0.00115  -0.06389
   0.41888  -0.01382  -0.04892
   0.35902  -0.02878  -0.10878
   0.37399   0.00115  -0.12374
   0.37399  -0.04375  -0.12374
   0.34406  -0.01382  -0.16863
   0.28420  -0.04375  -0.18360
   0.26924  -0.07367  -0.18360
   0.25428  -0.07367  -0.21352
   0.20939  -0.02878  -0.24345
   0.19442  -0.04375  -0.25842
   0.14953  -0.05871  -0.24345
   0.11960  -0.10360  -0.25842
   0.07471  -0.07367  -0.25842
   0.05975  -0.05871  -0.28834
   0.01486  -0.08864  -0.25842
  -0.01507  -0.05871  -0.27338
  -0.05996  -0.07367  -0.28834
  -0.08989  -0.05871  -0.31827
  -0.08989  -0.07367  -0.28834
  -0.10485  -0.04375  -0.30331
  -0.13478  -0.07367  -0.28834
  -0.16471  -0.10360  -0.27338
  -0.17967  -0.07367  -0.30331
  -0.17967  -0.07367  -0.28834
  -0.19464  -0.05871  -0.28834
  -0.22456  -0.05871  -0.28834
  -0.25449  -0.05871  -0.27338
  -0.25449  -0.05871  -0.27338
  -0.28442  -0.05871  -0.27338
  -0.31435  -0.05871  -0.28834
  -0.29938  -0.07367  -0.25842
  -0.29938  -0.04375  -0.25842
  -0.28442  -0.07367  -0.24345
  -0.32931  -0.08864  -0.24345
  -0.35924  -0.07367  -0.24345
  -0.35924  -0.08864  -0.24345
  -0.35924  -0.07367  -0.24345
  -0.35924  -0.05871  -0.22849
  -0.35924  -0.08864  -0.21352
  -0.37420  -0.05871  -0.19856
  -0.35924  -0.07367  -0.19856
  -0.38917  -0.04375  -0.19856
  -0.35924  -0.04375  -0.19856
  -0.35924  -0.08864  -0.16863
  -0.34427  -0.07367  -0.18360
  -0.35924  -0.05871  -0.19856
  -0.32931  -0.04375  -0.19856
  -0.31435  -0.04375  -0.18360
  -0.32931  -0.02878  -0.19856
  -0.28442  -0.02878  -0.18360
  -0.29938  -0.04375  -0.13871
  -0.28442  -0.01382  -0.18360
  -0.25449  -0.01382  -0.16863
  -0.25449  -0.05871  -0.15367
  -0.20960  -0.01382  -0.13871
  -0.20960  -0.04375  -0.10878
  -0.17967  -0.02878  -0.15367
  -0.17967  -0.05871  -0.12374
  -0.13478  -0.01382  -0.10878
  -0.11982  -0.01382  -0.07885
  -0.08989   0.01611  -0.10878
  -0.07493  -0.01382  -0.06389
  -0.07493   0.01611  -0.06389
  -0.01507   0.04604  -0.04892
  -0.03004   0.01611  -0.04892
   0.01486  -0.01382  -0.00403
   0.07471   0.03107  -0.03396
   0.05975   0.04604   0.01093
   0.08967   0.04604  -0.00403
   0.13457   0.06100   0.02590
   0.13457   0.04604   0.05582
   0.14953   0.04604   0.05582
   0.17946   0.06100   0.05582
   0.20939   0.03107   0.08575
   0.19442   0.06100   0.08575
   0.20939   0.10589   0.05582
   0.20939   0.10589   0.07079
   0.22435   0.09093   0.10071
   0.19442   0.10589   0.08575
   0.23931   0.10589   0.10071
   0.22435   0.12086   0.10071
   0.22435   0.09093   0.11568
   0.23931   0.15078   0.07079
   0.22435   0.15078   0.07079
   0.20939   0.13582   0.10071
   0.19442   0.15078   0.08575
   0.20939   0.13582   0.08575
   0.17946   0.15078   0.08575
   0.19442   0.13582   0.10071
   0.16449   0.09093   0.10071
   0.16449   0.12086   0.07079
   0.16449   0.13582   0.07079
   0.17946   0.10589   0.07079
   0.14953   0.10589   0.04086
   0.14953   0.13582   0.04086
   0.16449   0.09093   0.05582
   0.11960   0.12086   0.04086
   0.11960   0.10589   0.02590
   0.08967   0.10589   0.02590
   0.08967   0.10589   0.01093
   0.05975   0.10589  -0.00403
   0.02982   0.09093   0.01093
   0.01486   0.12086  -0.01900
  -0.01507   0.10589  -0.00403
  -0.03004   0.07596  -0.00403
  -0.01507   0.06100  -0.01900
  -0.01507   0.09093  -0.03396
  -0.03004   0.07596  -0.01900
  -0.04500   0.10589  -0.01900
  -0.03004   0.07596  -0.03396
  -0.04500   0.06100  -0.00403
  -0.04500   0.07596  -0.01900
  -0.01507   0.09093   0.01093
  -0.03004   0.06100   0.04086
  -0.04500   0.06100   0.04086
  -0.03004   0.07596   0.05582
  -0.04500   0.04604   0.08575
  -0.04500   0.06100   0.07079
  -0.01507   0.04604   0.11568
  -0.03004   0.01611   0.16057
  -0.03004   0.00115   0.16057
  -0.01507   0.03107   0.19050
  -0.01507  -0.01382   0.23539
  -1.1E-40   0.00115   0.22042
   0.01486   0.00115   0.23539
   0.01486   0.01611   0.26532
   0.01486   0.00115   0.31021
  -1.1E-40  -0.02878   0.29524
  -1.1E-40  -0.01382   0.29524
   0.02982  -0.02878   0.31021
   0.01486  -0.02878   0.31021
   0.01486  -0.04375   0.34013
  -0.01507  -0.04375   0.31021
   0.02982  -0.01382   0.34013
  -1.1E-40  -0.07367   0.35510
   0.01486  -0.05871   0.32517
  -0.01507  -0.08864   0.32517
  -0.04500  -0.05871   0.34013
  -1.1E-40  -0.04375   0.31021
  -0.03004  -0.05871   0.32517
  -0.04500  -0.07367   0.32517
  -0.03004  -0.02878   0.26532
  -0.04500  -0.05871   0.31021
  -0.03004  -0.04375   0.26532
  -0.03004  -0.05871   0.25035
  -0.03004  -0.04375   0.22042
  -0.05996  -0.05871   0.19050
  -0.04500  -0.05871   0.16057
  -0.03004  -0.08864   0.14561
  -0.04500  -0.11856   0.11568
  -0.03004  -0.08864   0.08575
  -0.03004  -0.11856   0.10071
  -0.04500  -0.10360   0.05582
  -0.01507  -0.11856   0.01093
  -0.03004  -0.10360  -0.00403
  -0.03004  -0.08864  -0.01900
  -0.01507  -0.14849  -0.03396
   0.01486  -0.16346  -0.06389
  -0.03004  -0.14849  -0.09381
   0.01486  -0.11856  -0.09381
   0.01486  -0.13353  -0.09381
   0.01486  -0.14849  -0.09381
  -1.1E-40  -0.10360  -0.13871
   0.02982  -0.14849  -0.13871
   0.02982  -0.11856  -0.16863
   0.02982  -0.16346  -0.16863
   0.07471  -0.13353  -0.16863
   0.07471  -0.16346  -0.18360
   0.08967  -0.17842  -0.16863
   0.08967  -0.16346  -0.16863
   0.10464  -0.14849  -0.21352
   0.11960  -0.11856  -0.19856
   0.14953  -0.13353  -0.19856
   0.14953  -0.14849  -0.21352
   0.16449  -0.16346  -0.22849
   0.16449  -0.14849  -0.22849
   0.19442  -0.13353  -0.22849
   0.19442  -0.13353  -0.24345
   0.22435  -0.14849  -0.19856
   0.23931  -0.13353  -0.22849
   0.23931  -0.10360  -0.21352
   0.25428  -0.14849  -0.21352
   0.26924  -0.14849  -0.24345
   0.26924  -0.11856  -0.19856
   0.29917  -0.14849  -0.16863
   0.37399  -0.13353  -0.18360
   0.37399  -0.11856  -0.18360
   0.37399  -0.10360  -0.19856
   0.38895  -0.10360  -0.18360
   0.40391  -0.11856  -0.13871
   0.37399  -0.11856  -0.16863
   0.40391  -0.08864  -0.15367
   0.41888  -0.07367  -0.13871
   0.40391  -0.05871  -0.12374
   0.41888  -0.07367  -0.10878
   0.41888  -0.08864  -0.07885
   0.41888  -0.04375  -0.07885
   0.43384  -0.02878  -0.07885
   0.41888  -0.07367  -0.06389
   0.38895  -0.04375  -0.04892
   0.38895  -0.01382  -0.04892
   0.37399  -0.01382  -0.01900
   0.35902   0.00115  -0.00403
   0.34406  -0.04375   0.05582
   0.29917  -0.01382   0.04086
   0.34406   0.01611   0.05582
   0.29917  -0.02878   0.08575
   0.25428  -0.01382   0.05582
   0.23931   0.01611   0.11568
   0.19442   0.04604   0.10071
   0.17946   0.06100   0.11568
   0.14953   0.06100   0.11568
   0.13457   0.04604   0.13064
   0.10464   0.07596   0.14561
   0.05975   0.07596   0.19050
   0.02982   0.07596   0.16057
  -1.1E-40   0.07596   0.20546
  -0.04500   0.03107   0.20546
  -0.07493   0.06100   0.22042
  -0.07493   0.06100   0.23539
  -0.11982   0.06100   0.23539
  -0.16471   0.06100   0.26532
  -0.17967   0.07596   0.26532
  -0.17967   0.07596   0.26532
  -0.23953   0.04604   0.28028
  -0.26946   0.03107   0.29524
  -0.28442   0.07596   0.28028
  -0.32931   0.04604   0.28028
  -0.34427   0.04604   0.31021
  -0.40413   0.06100   0.28028
  -0.46398   0.07596   0.25035
  -0.46398   0.06100   0.28028
  -0.52384   0.09093   0.25035
  -0.52384   0.09093   0.23539
  -0.56873   0.06100   0.22042
  -0.61362   0.06100   0.22042
  -0.64355   0.06100   0.22042
  -0.64355   0.06100   0.20546
  -0.67348   0.09093   0.16057
  -0.68844   0.06100   0.16057
  -0.73333   0.06100   0.13064
  -0.71837   0.07596   0.11568
  -0.74830   0.07596   0.08575
  -0.77822   0.07596   0.05582
  -0.76326   0.09093   0.05582
  -0.77822   0.09093   0.02590
  -0.79319   0.03107   0.02590
  -0.80815   0.06100   0.01093
  -0.79319   0.07596  -0.01900
  -0.77822   0.09093  -0.03396
  -0.77822   0.09093  -0.07885
  -0.79319   0.09093  -0.09381
  -0.74830   0.10589  -0.09381
  -0.74830   0.06100  -0.10878
  -0.71837   0.06100  -0.13871
  -0.68844   0.07596  -0.13871
  -0.64355   0.07596  -0.13871
  -0.64355   0.06100  -0.16863
  -0.59866   0.10589  -0.18360
  -0.55377   0.07596  -0.16863
  -0.52384   0.12086  -0.19856
  -0.43406   0.10589  -0.18360
  -0.43406   0.10589  -0.18360
  -0.40413   0.12086  -0.21352
  -0.34427   0.10589  -0.16863
  -0.28442   0.15078  -0.19856
  -0.25449   0.12086  -0.19856
  -0.19464   0.10589  -0.18360
  -0.17967   0.12086  -0.18360
  -0.10485   0.16575  -0.21352
  -0.07493   0.13582  -0.16863
  -0.03004   0.15078  -0.15367
   0.02982   0.12086  -0.13871
   0.04478   0.10589  -0.13871
   0.11960   0.10589  -0.13871
   0.17946   0.10589  -0.09381
   0.20939   0.07596  -0.10878
   0.23931   0.07596  -0.10878
   0.29917   0.09093  -0.07885
   0.34406   0.10589  -0.07885
   0.35902   0.10589  -0.04892
   0.41888   0.12086  -0.01900
   0.44881   0.10589  -0.01900
   0.47873   0.06100   0.01093
   0.53859   0.04604   0.05582
   0.55355   0.06100   0.07079
   0.58348   0.07596   0.02590
   0.59844   0.04604   0.07079
   0.61341   0.03107   0.08575
   0.65830   0.03107   0.10071
   0.65830   0.01611   0.13064
   0.65830   0.01611   0.14561
   0.68823   0.00115   0.16057
   0.67326  -0.02878   0.17553
   0.68823   0.00115   0.17553
   0.70319  -0.01382   0.19050
   0.67326   0.00115   0.20546
   0.67326   0.01611   0.17553
   0.68823   0.01611   0.22042
   0.67326   0.01611   0.20546
   0.67326   0.03107   0.23539
   0.67326   0.03107   0.26532
   0.65830   0.00115   0.26532
   0.64333  -0.01382   0.28028
   0.61341   0.01611   0.26532
   0.58348   0.03107   0.26532
   0.59844   0.07596   0.29524
   0.53859   0.01611   0.31021
   0.50866   0.03107   0.29524
   0.49370   0.06100   0.28028
   0.47873   0.07596   0.31021
   0.47873   0.04604   0.31021
   0.41888   0.04604   0.31021
   0.43384   0.03107   0.31021
   0.35902   0.04604   0.32517
   0.35902   0.04604   0.31021
   0.29917   0.06100   0.26532
   0.29917   0.04604   0.28028
   0.26924   0.06100   0.29524
   0.23931   0.06100   0.29524
   0.20939   0.07596   0.28028
   0.19442   0.09093   0.26532
   0.17946   0.06100   0.25035
   0.13457   0.07596   0.23539
   0.10464   0.10589   0.22042
   0.10464   0.09093   0.19050
   0.10464   0.10589   0.16057
   0.08967   0.12086   0.16057
   0.05975   0.12086   0.16057
   0.01486   0.06100   0.16057
  -1.1E-40   0.04604   0.14561
  -0.04500   0.06100   0.11568
  -0.03004   0.04604   0.10071
  -0.07493   0.04604   0.08575
  -0.11982   0.04604   0.05582
  -0.13478   0.03107   0.08575
  -0.16471   0.07596   0.04086
  -0.19464   0.06100   0.01093
  -0.20960   0.04604  -0.00403
  -0.20960   0.04604  -0.04892
  -0.19464   0.04604  -0.06389
  -0.25449  -0.01382  -0.04892
  -0.25449   0.03107  -0.09381
  -0.29938   0.01611  -0.10878
  -0.26946   0.00115  -0.12374
  -0.26946   0.04604  -0.15367
  -0.25449   0.04604  -0.16863
  -0.28442   0.04604  -0.16863
  -0.28442   0.03107  -0.18360
  -0.28442   0.00115  -0.18360
  -0.28442   0.01611  -0.19856
  -0.26946   0.04604  -0.21352
  -0.23953   0.01611  -0.21352
  -0.26946   0.01611  -0.22849
  -0.23953   0.00115  -0.22849
  -0.25449   0.03107  -0.25842
  -0.19464   0.06100  -0.24345
  -0.20960   0.03107  -0.25842
  -0.20960   0.06100  -0.27338
  -0.19464   0.03107  -0.27338
  -0.17967   0.04604  -0.25842
  -0.14975   0.01611  -0.25842
  -0.11982  -0.01382  -0.27338
  -0.10485   0.03107  -0.22849
  -0.08989   0.07596  -0.28834
  -0.05996   0.03107  -0.25842
  -0.05996   0.03107  -0.25842
  -0.01507   0.06100  -0.22849
  -1.1E-40   0.06100  -0.24345
   0.02982   0.04604  -0.22849
   0.04478   0.03107  -0.19856
   0.04478   0.03107  -0.18360
   0.05975   0.06100  -0.18360
   0.10464   0.03107  -0.16863
   0.10464   0.03107  -0.15367
   0.11960   0.01611  -0.13871
   0.11960   0.00115  -0.12374
   0.14953   0.00115  -0.12374
   0.13457  -0.01382  -0.09381
   0.19442   0.01611  -0.09381
   0.19442   0.00115  -0.09381
   0.17946   0.00115  -0.10878
   0.19442   0.01611  -0.09381
   0.23931   0.01611  -0.09381
   0.22435  -0.02878  -0.07885
   0.28420  -0.02878  -0.04892
   0.26924  -0.02878  -0.06389
   0.26924  -0.02878  -0.06389
   0.28420  -0.01382  -0.09381
   0.28420   0.00115  -0.04892
   0.28420  -0.01382  -0.06389
   0.31413  -0.04375  -0.06389
   0.28420  -0.04375  -0.04892
   0.25428  -0.05871  -0.07885
   0.23931  -0.04375  -0.07885
   0.20939  -0.04375  -0.04892
   0.17946  -0.04375  -0.04892
   0.13457  -0.05871  -0.01900
   0.11960  -0.08864  -0.03396
   0.07471  -0.10360  -0.03396
   0.04478  -0.08864  -0.01900
   0.02982  -0.07367   0.01093
  -0.04500  -0.11856   0.01093
  -0.05996  -0.13353   0.02590
  -0.08989  -0.13353   0.02590
  -0.16471  -0.16346   0.02590
  -0.19464  -0.16346   0.02590
  -0.26946  -0.13353   0.01093
  -0.26946  -0.13353  -0.00403
  -0.29938  -0.14849   0.04086
  -0.37420  -0.17842   0.02590
  -0.41909  -0.16346   0.05582
  -0.44902  -0.17842   0.04086
  -0.47895  -0.16346   0.07079
  -0.53880  -0.17842   0.04086
  -0.58369  -0.19338   0.02590
  -0.58369  -0.16346   0.07079
  -0.62859  -0.17842   0.05582
  -0.70340  -0.16346   0.04086
  -0.70340  -0.13353   0.07079
  -0.71837  -0.14849   0.08575
  -0.77822  -0.14849   0.07079
  -0.79319  -0.14849   0.07079
  -0.83808  -0.14849   0.11568
  -0.83808  -0.14849   0.10071
  -0.80815  -0.14849   0.10071
  -0.82311  -0.14849   0.10071
  -0.83808  -0.11856   0.10071
  -0.85304  -0.11856   0.10071
  -0.85304  -0.14849   0.13064
  -0.82311  -0.14849   0.13064
  -0.83808  -0.10360   0.11568
  -0.83808  -0.14849   0.13064
  -0.80815  -0.14849   0.14561
  -0.79319  -0.11856   0.16057
  -0.80815  -0.13353   0.16057
  -0.76326  -0.16346   0.17553
  -0.74830  -0.16346   0.19050
  -0.73333  -0.16346   0.20546
  -0.70340  -0.17842   0.23539
  -0.67348  -0.16346   0.20546
  -0.67348  -0.20835   0.26532
  -0.61362  -0.19338   0.26532
  -0.61362  -0.22331   0.25035
  -0.56873  -0.17842   0.25035
  -0.50888  -0.19338   0.28028
  -0.47895  -0.19338   0.29524
  -0.44902  -0.22331   0.31021
  -0.40413  -0.17842   0.29524
  -0.32931  -0.14849   0.29524
  -0.29938  -0.17842   0.31021
  -0.25449  -0.20835   0.35510
  -0.20960  -0.20835   0.35510
  -0.16471  -0.20835   0.35510
  -0.10485  -0.19338   0.35510
  -0.05996  -0.20835   0.34013
  -0.01507  -0.17842   0.34013
   0.04478  -0.16346   0.32517
   0.10464  -0.19338   0.34013
   0.11960  -0.17842   0.35510
   0.19442  -0.19338   0.34013
   0.25428  -0.20835   0.35510
   0.28420  -0.19338   0.31021
   0.37399  -0.20835   0.31021
   0.44881  -0.17842   0.28028
   0.49370  -0.13353   0.28028
   0.50866  -0.17842   0.26532
   0.53859  -0.16346   0.23539
   0.58348  -0.16346   0.22042
   0.64333  -0.20835   0.23539
   0.68823  -0.17842   0.22042
   0.73312  -0.14849   0.16057
   0.79297  -0.13353   0.13064
   0.79297  -0.14849   0.13064
   0.80794  -0.13353   0.08575
   0.85283  -0.11856   0.04086
   0.88275  -0.10360   0.04086
   0.88275  -0.13353   0.04086
   0.91268  -0.11856  -0.01900
   0.94261  -0.11856  -0.04892
   0.95757  -0.11856  -0.06389
   0.94261  -0.10360  -0.09381
   0.97254  -0.11856  -0.12374
   1.01743  -0.11856  -0.15367
   0.98750  -0.07367  -0.21352
   1.00246  -0.05871  -0.19856
   1.00246  -0.05871  -0.21352
   1.00246  -0.05871  -0.25842
   0.97254  -0.07367  -0.25842
   0.94261  -0.04375  -0.30331
   0.97254  -0.05871  -0.31827
   0.95757  -0.04375  -0.33323
   0.94261  -0.02878  -0.37813
   0.86779  -0.02878  -0.39309
   0.86779   0.00115  -0.42302
   0.82290   0.01611  -0.45294
   0.77801   0.03107  -0.45294
   0.76304   0.04604  -0.51280
   0.73312   0.03107  -0.51280
   0.64333   0.03107  -0.51280
   0.62837   0.07596  -0.54273
   0.59844   0.06100  -0.55769
   0.55355   0.07596  -0.54273
   0.53859   0.07596  -0.52776
   0.47873   0.09093  -0.57265
   0.40391   0.10589  -0.55769
   0.35902   0.10589  -0.57265
   0.26924   0.12086  -0.57265
   0.20939   0.12086  -0.54273
   0.14953   0.10589  -0.57265
   0.07471   0.10589  -0.55769
  -1.1E-40   0.12086  -0.55769
  -0.05996   0.13582  -0.58762
  -0.07493   0.18071  -0.55769
  -0.14975   0.13582  -0.55769
  -0.19464   0.12086  -0.57265
  -0.26946   0.15078  -0.54273
  -0.29938   0.13582  -0.55769
  -0.35924   0.13582  -0.54273
  -0.41909   0.16575  -0.52776
  -0.46398   0.18071  -0.51280
  -0.47895   0.21064  -0.51280
  -0.52384   0.21064  -0.49784
  -0.55377   0.19567  -0.43798
  -0.62859   0.24057  -0.42302
  -0.64355   0.16575  -0.39309
  -0.65851   0.19567  -0.33323
  -0.68844   0.18071  -0.31827
  -0.70340   0.19567  -0.27338
  -0.74830   0.18071  -0.22849
  -0.73333   0.19567  -0.19856
  -0.79319   0.19567  -0.15367
  -0.79319   0.19567  -0.12374
  -0.77822   0.19567  -0.07885
  -0.77822   0.24057  -0.01900
  -0.77822   0.25553   0.01093
  -0.80815   0.24057   0.05582
  -0.79319   0.24057   0.10071
  -0.76326   0.27049   0.16057
  -0.76326   0.24057   0.23539
  -0.77822   0.28546   0.29524
  -0.74830   0.27049   0.34013
  -0.74830   0.27049   0.42992
  -0.71837   0.27049   0.45984
  -0.68844   0.30042   0.53466
  -0.65851   0.25553   0.57955
  -0.67348   0.24057   0.62445
  -0.61362   0.27049   0.68430
  -0.55377   0.28546   0.72919
  -0.55377   0.27049   0.78905
  -0.52384   0.22560   0.80401
  -0.49391   0.24057   0.84890
  -0.44902   0.24057   0.87883
  -0.40413   0.25553   0.90876
  -0.35924   0.25553   0.95365
  -0.34427   0.21064   1.01350
  -0.31435   0.19567   1.01350
  -0.23953   0.19567   1.04343
  -0.20960   0.21064   1.04343
  -0.14975   0.22560   1.07336
  -0.10485   0.22560   1.10329
  -0.05996   0.21064   1.10329
  -0.01507   0.21064   1.10329
   0.01486   0.21064   1.11825
   0.05975   0.24057   1.10329
   0.10464   0.21064   1.07336
   0.14953   0.22560   1.07336
   0.17946   0.18071   1.10329
   0.23931   0.18071   1.08832
   0.23931   0.16575   1.02847
   0.31413   0.21064   0.99854
   0.34406   0.16575   0.93869
   0.38895   0.19567   0.93869
   0.43384   0.13582   0.87883
   0.46377   0.16575   0.84890
   0.49370   0.16575   0.81898
   0.49370   0.12086   0.74416
   0.55355   0.13582   0.69926
   0.55355   0.10589   0.62445
   0.59844   0.09093   0.54963
   0.61341   0.12086   0.48977
   0.65830   0.07596   0.42992
   0.67326   0.07596   0.37006
   0.67326   0.09093   0.31021
   0.71815   0.06100   0.25035
   0.71815   0.06100   0.19050
   0.74808   0.06100   0.08575
   0.76304   0.03107  -0.00403
   0.79297   0.06100  -0.09381
   0.76304   0.06100  -0.16863
   0.79297   0.04604  -0.24345
   0.76304   0.06100  -0.34820
   0.79297   0.04604  -0.40805
   0.79297   0.06100  -0.48287
   0.77801   0.06100  -0.57265
   0.77801   0.01611  -0.64747
   0.73312  -0.01382  -0.69236
   0.71815  -0.01382  -0.75222
   0.70319  -0.01382  -0.81207
   0.65830  -0.02878  -0.88689
   0.65830  -0.02878  -0.94675
   0.59844  -0.02878  -1.00660
   0.58348  -0.04375  -1.08142
   0.52362  -0.04375  -1.14128
   0.50866  -0.01382  -1.18617
   0.46377  -0.05871  -1.20113
   0.43384  -0.04375  -1.27595
   0.35902  -0.05871  -1.30588
   0.34406  -0.05871  -1.35077
   0.29917  -0.07367  -1.38070
   0.25428  -0.04375  -1.38070
   0.20939  -0.10360  -1.39566
   0.17946  -0.07367  -1.39566
   0.10464  -0.08864  -1.41063
   0.04478  -0.11856  -1.42559
  -1.1E-40  -0.13353  -1.45552
  -0.04500  -0.16346  -1.42559
  -0.08989  -0.14849  -1.41063
  -0.14975  -0.16346  -1.41063
  -0.19464  -0.19338  -1.39566
  -0.22456  -0.17842  -1.38070
  -0.26946  -0.19338  -1.36573
  -0.28442  -0.20835  -1.32084
  -0.32931  -0.17842  -1.30588
  -0.38917  -0.17842  -1.24602
  -0.40413  -0.17842  -1.20113
  -0.43406  -0.20835  -1.17121
  -0.49391  -0.19338  -1.11135
  -0.53880  -0.19338  -1.08142
  -0.56873  -0.19338  -1.03653
  -0.61362  -0.19338  -0.97668
  -0.65851  -0.20835  -0.93178
  -0.68844  -0.20835  -0.88689
  -0.74830  -0.19338  -0.81207
  -0.79319  -0.23827  -0.70733
  -0.82311  -0.22331  -0.66244
  -0.85304  -0.22331  -0.63251
  -0.88297  -0.20835  -0.54273
  -0.89793  -0.20835  -0.49784
  -0.89793  -0.19338  -0.42302
  -0.95779  -0.22331  -0.39309
  -0.97275  -0.20835  -0.28834
  -0.97275  -0.22331  -0.19856
  -0.95779  -0.20835  -0.13871
  -0.98772  -0.17842  -0.04892
  -0.95779  -0.17842   0.02590
  -1.01764  -0.20835   0.07079
  -1.01764  -0.20835   0.16057
  -1.00268  -0.20835   0.26532
  -0.95779  -0.20835   0.32517
  -0.97275  -0.17842   0.35510
  -0.94282  -0.19338   0.44488
  -0.91290  -0.19338   0.51970
  -0.89793  -0.17842   0.56459
  -0.86801  -0.16346   0.65437
  -0.86801  -0.16346   0.72919
  -0.82311  -0.13353   0.78905
  -0.77822  -0.16346   0.86387
  -0.73333  -0.17842   0.92372
  -0.71837  -0.14849   0.99854
  -0.65851  -0.14849   1.04343
  -0.62859  -0.13353   1.07336
  -0.56873  -0.10360   1.11825
  -0.58369  -0.10360   1.14818
  -0.52384  -0.13353   1.19307
  -0.50888  -0.08864   1.22300
  -0.43406  -0.07367   1.23796
  -0.37420  -0.07367   1.25292
  -0.34427  -0.08864   1.28285
  -0.29938  -0.11856   1.31278
  -0.22456  -0.05871   1.31278
  -0.17967  -0.04375   1.32774
  -0.11982  -0.04375   1.34271
  -0.05996  -0.07367   1.34271
  -0.01507  -0.08864   1.34271
   0.01486  -0.05871   1.32774
   0.07471  -0.05871   1.32774
   0.13457  -0.04375   1.28285
   0.16449  -0.01382   1.26789
   0.22435  -0.04375   1.23796
   0.26924  -0.02878   1.19307
   0.34406  -0.01382   1.16314
   0.37399  -0.01382   1.10329
   0.43384  -0.01382   1.05840
   0.49370   0.01611   0.98358
   0.55355  -0.02878   0.96861
   0.58348   0.00115   0.92372
   0.64333  -0.01382   0.83394
   0.67326   0.00115   0.77408
   0.70319   0.00115   0.71423
   0.74808  -0.01382   0.63941
   0.79297   0.00115   0.60948
   0.82290   0.00115   0.54963
   0.83786   0.00115   0.48977
   0.88275  -0.01382   0.41495
   0.92765   0.01611   0.35510
   0.94261   0.04604   0.28028
   0.97254   0.03107   0.22042
   1.00246   0.00115   0.16057
   0.98750  -0.01382   0.08575
   0.98750   0.00115  -0.00403
   0.97254   0.00115  -0.03396
   1.01743   0.01611  -0.09381
   1.01743   0.04604  -0.16863
   0.98750  -0.01382  -0.21352
   1.00246   0.00115  -0.27338
   0.97254   0.00115  -0.31827
   0.95757  -0.01382  -0.36316
   0.94261  -0.01382  -0.43798
   0.91268  -0.02878  -0.46791
   0.86779  -0.01382  -0.54273
   0.83786   0.01611  -0.61755
   0.82290   0.01611  -0.64747
   0.77801  -0.01382  -0.66244
   0.73312  -0.01382  -0.70733
   0.68823  -0.02878  -0.70733
   0.62837  -0.05871  -0.75222
   0.59844  -0.02878  -0.78215
   0.55355  -0.02878  -0.85697
   0.47873  -0.01382  -0.88689
   0.43384   0.01611  -0.91682
   0.34406  -0.01382  -0.90186
   0.26924  -0.04375  -0.90186
   0.22435  -0.01382  -0.93178
   0.14953  -0.02878  -0.91682
   0.10464  -0.04375  -0.91682
   0.02982  -0.01382  -0.94675
  -0.05996  -0.01382  -0.94675
  -0.10485  -0.05871  -0.91682
  -0.16471  -0.05871  -0.91682
  -0.22456  -0.02878  -0.91682
  -0.32931  -0.04375  -0.90186
  -0.38917  -0.02878  -0.91682
  -0.43406  -0.04375  -0.88689
  -0.52384  -0.05871  -0.84200
  -0.59866  -0.05871  -0.82704
  -0.61362  -0.02878  -0.81207
  -0.67348  -0.02878  -0.75222
  -0.73333  -0.04375  -0.73726
  -0.76326  -0.02878  -0.67740
  -0.80815  -0.05871  -0.61755
  -0.86801  -0.10360  -0.54273
  -0.86801  -0.05871  -0.48287
  -0.89793  -0.05871  -0.43798
  -0.94282  -0.04375  -0.37813
  -0.97275  -0.08864  -0.31827
  -0.98772  -0.08864  -0.25842
  -1.00268  -0.07367  -0.21352
  -1.01764  -0.05871  -0.18360
  -1.03261  -0.07367  -0.09381
  -1.01764  -0.02878  -0.03396
  -1.00268  -0.04375   0.04086
  -0.98772  -0.04375   0.10071
  -0.98772  -0.02878   0.16057
  -0.92786  -0.01382   0.23539
  -0.94282  -0.07367   0.31021
  -0.91290  -0.04375   0.35510
  -0.89793  -0.04375   0.39999
  -0.83808  -0.02878   0.45984
  -0.83808   0.01611   0.47481
  -0.80815   0.00115   0.51970
  -0.73333   0.03107   0.56459
  -0.68844   0.01611   0.60948
  -0.65851   0.01611   0.63941
  -0.59866   0.00115   0.68430
  -0.55377   0.04604   0.69926
  -0.50888   0.04604   0.72919
  -0.41909   0.03107   0.75912
  -0.37420   0.06100   0.77408
  -0.32931   0.04604   0.78905
  -0.23953   0.06100   0.80401
  -0.19464   0.07596   0.83394
  -0.13478   0.04604   0.81898
  -0.04500   0.04604   0.81898
   0.02982   0.04604   0.83394
   0.05975   0.06100   0.81898
   0.19442   0.07596   0.80401
   0.25428   0.07596   0.80401
   0.31413   0.07596   0.77408
   0.38895   0.04604   0.77408
   0.47873   0.07596   0.75912
   0.52362   0.10589   0.72919
   0.59844   0.10589   0.71423
   0.65830   0.07596   0.69926
   0.71815   0.07596   0.66934
   0.76304   0.09093   0.63941
   0.82290   0.12086   0.62445
   0.86779   0.12086   0.57955
   0.88275   0.13582   0.53466
   0.92765   0.13582   0.50474
   0.97254   0.13582   0.47481
   1.01743   0.18071   0.42992
   1.07728   0.15078   0.38503
   1.06232   0.13582   0.35510
   1.07728   0.15078   0.29524
   1.13714   0.16575   0.26532
   1.15210   0.15078   0.25035
   1.15210   0.15078   0.20546
   1.16707   0.16575   0.14561
   1.18203   0.18071   0.10071
   1.18203   0.16575   0.07079
   1.19699   0.16575   0.02590
   1.16707   0.15078  -0.01900
   1.15210   0.15078  -0.06389
   1.15210   0.13582  -0.12374
   1.12217   0.13582  -0.16863
   1.10721   0.16575  -0.21352
   1.06232   0.19567  -0.28834
   1.06232   0.16575  -0.30331
   1.03239   0.12086  -0.33323
   1.01743   0.16575  -0.39309
   0.98750   0.18071  -0.42302
   0.95757   0.16575  -0.46791
   0.94261   0.18071  -0.51280
   0.85283   0.13582  -0.52776
   0.79297   0.10589  -0.57265
   0.76304   0.12086  -0.60258
   0.71815   0.12086  -0.63251
   0.65830   0.10589  -0.63251
   0.62837   0.12086  -0.66244
   0.52362   0.12086  -0.70733
   0.50866   0.13582  -0.72229
   0.43384   0.12086  -0.73726
   0.35902   0.12086  -0.73726
   0.29917   0.12086  -0.76718
   0.22435   0.12086  -0.76718
   0.14953   0.07596  -0.75222
   0.11960   0.06100  -0.76718
   0.07471   0.03107  -0.76718
  -0.03004   0.04604  -0.81207
  -0.04500   0.06100  -0.82704
  -0.08989   0.07596  -0.81207
  -0.14975   0.03107  -0.78215
  -0.25449  -0.01382  -0.76718
  -0.28442   0.00115  -0.78215
  -0.35924   0.01611  -0.75222
  -0.40413  -0.02878  -0.72229
  -0.46398  -0.04375  -0.72229
  -0.49391   0.00115  -0.73726
  -0.56873   0.00115  -0.67740
  -0.59866   0.00115  -0.67740
  -0.64355  -0.02878  -0.64747
  -0.68844  -0.02878  -0.60258
  -0.70340   0.00115  -0.60258
  -0.73333  -0.01382  -0.57265
  -0.76326   0.00115  -0.54273
  -0.80815  -0.04375  -0.48287
  -0.80815  -0.04375  -0.46791
  -0.82311  -0.07367  -0.39309
  -0.85304  -0.05871  -0.36316
  -0.86801  -0.02878  -0.33323
  -0.89793  -0.04375  -0.28834
  -0.86801  -0.04375  -0.25842
  -0.88297  -0.05871  -0.19856
  -0.91290  -0.07367  -0.16863
  -0.89793  -0.04375  -0.12374
  -0.85304  -0.04375  -0.09381
  -0.83808  -0.05871  -0.01900
  -0.83808  -0.05871  -0.00403
  -0.80815  -0.05871   0.05582
  -0.80815  -0.02878   0.08575
  -0.79319  -0.04375   0.11568
  -0.77822  -0.02878   0.16057
  -0.74830  -0.04375   0.20546
  -0.73333  -0.04375   0.25035
  -0.67348  -0.05871   0.32517
  -0.65851  -0.02878   0.37006
  -0.64355  -0.05871   0.41495
  -0.59866  -0.02878   0.44488
  -0.58369  -0.01382   0.47481
  -0.56873  -0.04375   0.48977
  -0.52384  -0.05871   0.53466
  -0.49391  -0.08864   0.56459
  -0.43406  -0.04375   0.59452
  -0.38917  -0.04375   0.59452
  -0.34427  -0.04375   0.62445
  -0.28442  -0.04375   0.66934
  -0.23953  -0.04375   0.71423
  -0.17967  -0.05871   0.74416
  -0.13478  -0.07367   0.74416
  -0.10485  -0.04375   0.74416
  -0.04500  -0.02878   0.75912
  -0.01507  -0.05871   0.75912
   0.07471  -0.05871   0.75912
   0.11960  -0.05871   0.78905
   0.16449  -0.04375   0.78905
   0.20939  -0.04375   0.77408
   0.28420  -0.02878   0.80401
   0.31413  -0.05871   0.77408
   0.35902  -0.08864   0.75912
   0.43384  -0.07367   0.75912
   0.49370  -0.08864   0.75912
   0.55355  -0.08864   0.75912
   0.59844  -0.10360   0.74416
   0.67326  -0.08864   0.77408
   0.67326  -0.08864   0.74416
   0.71815  -0.07367   0.72919
   0.76304  -0.08864   0.72919
   0.76304  -0.11856   0.68430
   0.80794  -0.10360   0.62445
   0.83786  -0.11856   0.65437
   0.89772  -0.10360   0.62445
   0.91268  -0.08864   0.62445
   0.94261  -0.04375   0.60948
   0.91268  -0.08864   0.59452
   0.89772  -0.11856   0.56459
   0.91268  -0.10360   0.51970
   0.92765  -0.11856   0.50474
   0.91268  -0.11856   0.48977
   0.91268  -0.10360   0.45984
   0.91268  -0.08864   0.47481
   0.88275  -0.08864   0.42992
   0.88275  -0.05871   0.37006
   0.83786  -0.07367   0.31021
   0.82290  -0.05871   0.26532
   0.82290  -0.07367   0.26532
   0.74808  -0.07367   0.16057
   0.71815  -0.07367   0.14561
   0.68823  -0.08864   0.11568
   0.65830  -0.08864   0.05582
   0.62837  -0.10360   0.02590
   0.59844  -0.13353   0.01093
   0.59844  -0.10360  -0.01900
   0.52362  -0.11856  -0.06389
   0.46377  -0.10360  -0.10878
   0.41888  -0.07367  -0.16863
   0.38895  -0.07367  -0.19856
   0.32910  -0.04375  -0.25842
   0.26924  -0.02878  -0.25842
   0.19442  -0.04375  -0.30331
   0.13457  -0.01382  -0.36316
   0.10464   0.01611  -0.40805
   0.02982   0.03107  -0.49784
  -0.03004   0.01611  -0.54273
  -0.04500   0.00115  -0.55769
  -0.10485   0.00115  -0.58762
  -0.16471  -0.01382  -0.61755
  -0.20960   0.01611  -0.63251
  -0.25449   0.00115  -0.61755
  -0.29938   0.00115  -0.66244
  -0.31435   0.00115  -0.61755
  -0.40413  -0.01382  -0.63251
  -0.43406   0.03107  -0.64747
  -0.49391   0.04604  -0.64747
  -0.52384   0.00115  -0.63251
  -0.52384   0.01611  -0.64747
  -0.58369   0.03107  -0.63251
  -0.62859  -0.01382  -0.60258
  -0.65851  -0.01382  -0.58762
  -0.67348   0.01611  -0.58762
  -0.71837   0.00115  -0.55769
  -0.76326   0.00115  -0.55769
  -0.74830   0.01611  -0.52776
  -0.76326   0.00115  -0.48287
  -0.80815   0.00115  -0.43798
  -0.82311   0.01611  -0.37813
  -0.83808   0.07596  -0.37813
  -0.85304   0.04604  -0.33323
  -0.86801   0.07596  -0.31827
  -0.86801   0.06100  -0.27338
  -0.89793   0.04604  -0.25842
  -0.91290   0.03107  -0.21352
  -0.92786   0.00115  -0.16863
  -0.89793   0.04604  -0.15367
  -0.89793   0.00115  -0.09381
  -0.86801   0.04604  -0.03396
  -0.88297   0.03107  -0.01900
  -0.89793   0.07596   0.04086
  -0.85304   0.06100   0.11568
  -0.85304   0.03107   0.16057
  -0.83808   0.09093   0.17553
  -0.82311   0.09093   0.17553
  -0.80815   0.07596   0.22042
  -0.74830   0.10589   0.22042
  -0.76326   0.12086   0.26532
  -0.71837   0.10589   0.28028
  -0.68844   0.07596   0.29524
  -0.67348   0.04604   0.35510
  -0.64355   0.04604   0.35510
  -0.58369   0.01611   0.37006
  -0.55377   0.01611   0.41495
  -0.49391   0.01611   0.44488
  -0.44902   0.01611   0.44488
  -0.40413   0.01611   0.48977
  -0.34427   0.06100   0.47481
  -0.28442   0.06100   0.48977
  -0.23953   0.09093   0.47481
  -0.17967   0.03107   0.50474
  -0.13478   0.04604   0.48977
  -0.07493   0.03107   0.47481
  -0.01507   0.03107   0.50474
   0.04478   0.04604   0.50474
   0.07471   0.03107   0.47481
   0.13457   0.04604   0.45984
   0.22435   0.04604   0.42992
   0.23931   0.04604   0.45984
   0.26924   0.04604   0.38503
   0.31413   0.06100   0.34013
   0.37399   0.04604   0.37006
   0.40391   0.04604   0.32517
   0.47873   0.04604   0.26532
   0.53859   0.01611   0.26532
   0.56852   0.03107   0.23539
   0.62837   0.01611   0.20546
   0.65830   0.03107   0.17553
   0.70319   0.01611   0.19050
   0.73312   0.03107   0.13064
   0.77801   0.00115   0.10071
   0.79297   0.03107   0.05582
   0.82290   0.01611   0.05582
   0.79297   0.01611  -0.00403
   0.83786   0.04604  -0.03396
   0.83786   0.01611  -0.04892
   0.85283   0.04604  -0.06389
   0.85283   0.01611  -0.09381
   0.86779   0.01611  -0.13871
   0.83786   0.01611  -0.15367
   0.80794   0.06100  -0.21352
   0.82290   0.04604  -0.19856
   0.79297   0.03107  -0.24345
   0.77801   0.03107  -0.27338
   0.74808   0.06100  -0.28834
   0.70319   0.01611  -0.31827
   0.70319   0.03107  -0.34820
   0.65830   0.03107  -0.36316
   0.62837   0.00115  -0.34820
   0.59844   0.01611  -0.36316
   0.56852   0.01611  -0.37813
   0.50866   0.00115  -0.39309
   0.44881   0.01611  -0.45294
   0.41888   0.01611  -0.45294
   0.38895   0.03107  -0.46791
   0.32910  -0.01382  -0.45294
   0.25428   0.01611  -0.45294
   0.19442   0.04604  -0.49784
   0.13457   0.03107  -0.46791
   0.07471   0.00115  -0.46791
   0.01486   0.00115  -0.46791
  -0.04500   0.01611  -0.48287
  -0.08989   0.01611  -0.49784
  -0.16471  -0.01382  -0.45294
  -0.19464   0.00115  -0.46791
  -0.23953   0.03107  -0.48287
  -0.32931   0.01611  -0.46791
  -0.34427   0.03107  -0.45294
  -0.38917  -0.01382  -0.45294
  -0.43406   0.01611  -0.45294
  -0.50888   0.06100  -0.48287
  -0.55377   0.03107  -0.46791
  -0.58369   0.03107  -0.43798
  -0.61362   0.03107  -0.42302
  -0.67348   0.01611  -0.43798
  -0.70340   0.03107  -0.39309
  -0.71837   0.06100  -0.40805
  -0.77822   0.04604  -0.39309
  -0.79319   0.01611  -0.36316
  -0.80815   0.06100  -0.33323
  -0.85304   0.04604  -0.31827
  -0.85304   0.04604  -0.31827
  -0.86801   0.01611  -0.25842
  -0.88297  -0.01382  -0.22849
  -0.86801   0.03107  -0.21352
  -0.92786   0.00115  -0.19856
  -0.92786   0.04604  -0.18360
  -0.91290   0.00115  -0.15367
  -0.91290   0.04604  -0.13871
  -0.95779   0.03107  -0.13871
  -0.94282   0.03107  -0.10878
  -0.91290   0.00115  -0.06389
  -0.88297   0.01611  -0.03396
  -0.89793   0.00115  -0.01900
  -0.89793   0.01611  -0.01900
  -0.88297   0.01611   0.01093
  -0.85304   0.04604   0.01093
  -0.82311   0.06100   0.04086
  -0.79319   0.04604   0.04086
  -0.74830   0.03107   0.02590
  -0.73333   0.03107   0.07079
  -0.70340   0.03107   0.07079
  -0.65851   0.04604   0.08575
  -0.61362   0.01611   0.05582
  -0.56873   0.03107   0.05582
  -0.49391   0.01611   0.05582
  -0.46398   0.00115   0.08575
  -0.38917  -0.04375   0.11568
  -0.35924   0.04604   0.07079
  -0.28442   0.01611   0.08575
  -0.25449  -0.01382   0.08575
  -0.16471  -0.02878   0.11568
  -0.10485  -0.01382   0.13064
  -0.05996   0.03107   0.08575
  -1.1E-40   0.01611   0.10071
   0.04478   0.00115   0.10071
   0.11960  -0.01382   0.11568
   0.19442  -0.01382   0.14561
   0.25428   0.00115   0.10071
   0.32910  -0.02878   0.08575
   0.38895   0.01611   0.10071
   0.44881   0.00115   0.08575
   0.52362   0.00115   0.10071
   0.58348   0.00115   0.11568
   0.64333  -0.04375   0.11568
   0.67326  -0.02878   0.11568
   0.73312  -0.05871   0.13064
   0.80794  -0.05871   0.11568
   0.86779  -0.02878   0.13064
   0.89772  -0.04375   0.11568
   0.94261   0.00115   0.10071
   0.97254  -0.01382   0.11568
   1.01743  -0.05871   0.13064
   1.01743  -0.02878   0.16057
   1.04736  -0.02878   0.10071
   1.06232  -0.02878   0.14561
   1.10721  -0.02878   0.13064
   1.12217  -0.02878   0.14561
   1.15210  -0.04375   0.16057
   1.10721  -0.07367   0.16057
   1.13714  -0.02878   0.14561
   1.13714  -0.08864   0.16057
   1.07728  -0.08864   0.17553
   1.09225  -0.08864   0.17553
   1.06232  -0.02878   0.16057
   1.04736  -0.08864   0.17553
   1.01743  -0.08864   0.20546
   1.03239  -0.07367   0.19050
   0.97254  -0.05871   0.17553
   0.91268  -0.05871   0.16057
   0.88275  -0.07367   0.16057
   0.82290  -0.05871   0.17553
   0.74808  -0.07367   0.16057
   0.71815  -0.07367   0.17553
   0.65830  -0.04375   0.14561
   0.58348  -0.08864   0.16057
   0.55355  -0.05871   0.13064
   0.50866  -0.07367   0.11568
   0.46377  -0.07367   0.11568
   0.37399  -0.08864   0.13064
   0.29917  -0.11856   0.11568
   0.20939  -0.10360   0.10071
   0.16449  -0.11856   0.08575
   0.10464  -0.08864   0.07079
   0.04478  -0.05871   0.02590
  -0.01507  -0.05871   0.04086
  -0.08989  -0.05871   0.02590
  -0.13478  -0.07367  -0.00403
  -0.20960  -0.07367   0.01093
  -0.25449  -0.05871  -0.01900
  -0.31435  -0.04375  -0.00403
  -0.37420  -0.05871  -0.01900
  -0.40413  -0.05871  -0.01900
  -0.47895  -0.02878  -0.04892
  -0.52384  -0.02878  -0.06389
  -0.56873  -0.02878  -0.09381
  -0.64355  -0.02878  -0.09381
  -0.67348  -0.04375  -0.09381
  -0.73333  -0.04375  -0.12374
  -0.76326  -0.01382  -0.12374
  -0.82311  -0.02878  -0.10878
  -0.85304  -0.02878  -0.16863
  -0.85304  -0.04375  -0.09381
  -0.89793  -0.07367  -0.10878
  -0.92786  -0.05871  -0.12374
  -0.95779  -0.04375  -0.10878
  -0.97275  -0.07367  -0.07885
  -0.98772  -0.08864  -0.06389
  -0.95779  -0.05871  -0.07885
  -1.03261  -0.08864  -0.04892
  -1.01764  -0.04375  -0.06389
  -1.03261  -0.08864  -0.06389
  -1.06253  -0.07367  -0.06389
  -1.07750  -0.04375  -0.03396
  -1.04757  -0.05871  -0.03396
  -1.03261  -0.05871  -0.00403
  -1.04757  -0.08864   0.01093
  -1.03261  -0.05871  -0.00403
  -1.00268  -0.07367   0.02590
  -0.98772  -0.11856   0.04086
  -0.95779  -0.05871   0.05582
  -0.92786  -0.10360   0.08575
  -0.88297  -0.08864   0.07079
  -0.83808  -0.05871   0.10071
  -0.80815  -0.10360   0.11568
  -0.80815  -0.07367   0.13064
  -0.71837  -0.02878   0.14561
  -0.68844  -0.07367   0.16057
  -0.61362  -0.07367   0.20546
  -0.56873  -0.08864   0.22042
  -0.52384  -0.04375   0.23539
  -0.47895  -0.04375   0.23539
  -0.38917  -0.01382   0.23539
  -0.31435   0.00115   0.26532
  -0.25449  -0.01382   0.29524
  -0.20960  -0.01382   0.31021
  -0.14975  -0.02878   0.32517
  -0.08989   0.01611   0.31021
  -0.03004   0.03107   0.31021
   0.04478   0.04604   0.29524
   0.11960   0.03107   0.34013
   0.19442   0.03107   0.32517
   0.25428   0.07596   0.29524
   0.32910   0.03107   0.31021
   0.40391   0.04604   0.31021
   0.44881   0.01611   0.32517
   0.50866   0.03107   0.32517
   0.58348   0.03107   0.34013
   0.68823   0.00115   0.37006
   0.67326   0.03107   0.35510
   0.73312   0.04604   0.35510
   0.82290   0.01611   0.35510
   0.85283   0.01611   0.34013
   0.89772   0.04604   0.34013
   0.97254   0.04604   0.35510
   1.00246   0.06100   0.38503
   1.00246   0.04604   0.37006
   1.03239   0.03107   0.38503
   1.09225   0.03107   0.39999
   1.13714   0.04604   0.39999
   1.16707   0.01611   0.38503
   1.18203   0.03107   0.39999
   1.19699   0.03107   0.42992
   1.22692   0.06100   0.41495
   1.21196   0.00115   0.42992
   1.21196   0.00115   0.41495
   1.24188   0.06100   0.38503
   1.18203   0.03107   0.39999
   1.21196   0.01611   0.41495
   1.21196   0.01611   0.41495
   1.19699   0.04604   0.38503
   1.21196   0.03107   0.42992
   1.18203   0.03107   0.37006
   1.18203   0.06100   0.38503
   1.16707   0.01611   0.38503
   1.13714   0.03107   0.37006
   1.12217   0.03107   0.38503
   1.10721   0.06100   0.37006
   1.07728   0.03107   0.34013
   1.01743   0.00115   0.35510
   0.97254   0.00115   0.32517
   0.97254   0.01611   0.32517
   0.89772   0.03107   0.26532
   0.86779   0.00115   0.28028
   0.80794  -0.01382   0.26532
   0.76304   0.01611   0.25035
   0.71815  -0.01382   0.26532
   0.67326  -0.02878   0.25035
   0.64333   0.03107   0.20546
   0.59844   0.03107   0.19050
   0.55355   0.01611   0.16057
   0.50866   0.03107   0.14561
   0.44881   0.04604   0.13064
   0.38895   0.03107   0.11568
   0.29917   0.04604   0.11568
   0.25428   0.06100   0.08575
   0.17946   0.06100   0.05582
   0.14953   0.01611   0.04086
   0.07471   0.01611   0.05582
   0.02982   0.04604   0.02590
  -0.01507   0.03107  -0.03396
  -0.08989   0.03107  -0.01900
  -0.13478   0.03107  -0.04892
  -0.20960   0.01611  -0.06389
  -0.20960   0.04604  -0.07885
  -0.29938  -0.02878  -0.09381
  -0.34427   0.00115  -0.10878
  -0.37420   0.00115  -0.13871
  -0.44902  -0.01382  -0.15367
  -0.49391   0.01611  -0.16863
  -0.52384   0.00115  -0.16863
  -0.56873   0.03107  -0.19856
  -0.59866   0.00115  -0.22849
  -0.61362   0.00115  -0.21352
  -0.62859  -0.01382  -0.21352
  -0.67348  -0.01382  -0.25842
  -0.67348  -0.02878  -0.27338
  -0.67348   0.00115  -0.28834
  -0.67348   0.01611  -0.30331
  -0.70340   0.00115  -0.33323
  -0.67348  -0.01382  -0.30331
  -0.68844   0.00115  -0.34820
  -0.65851  -0.01382  -0.33323
  -0.70340  -0.02878  -0.34820
  -0.68844  -0.02878  -0.37813
  -0.67348   0.01611  -0.37813
  -0.67348  -0.01382  -0.37813
  -0.65851   0.01611  -0.37813
  -0.64355   0.03107  -0.37813
  -0.64355  -0.02878  -0.37813
  -0.59866   0.00115  -0.39309
  -0.56873  -0.02878  -0.40805
  -0.59866  -0.04375  -0.40805
  -0.55377  -0.02878  -0.46791
  -0.50888   0.00115  -0.43798
  -0.50888  -0.01382  -0.40805
  -0.47895  -0.01382  -0.36316
  -0.43406   0.03107  -0.39309
  -0.40413   0.04604  -0.39309
  -0.38917   0.00115  -0.40805
  -0.32931   0.00115  -0.42302
  -0.26946   0.00115  -0.37813
  -0.26946   0.00115  -0.36316
  -0.22456   0.04604  -0.33323
  -0.17967   0.06100  -0.31827
  -0.14975   0.04604  -0.28834
  -0.11982   0.07596  -0.31827
  -0.08989   0.03107  -0.30331
  -0.04500   0.04604  -0.28834
  -0.03004   0.04604  -0.27338
  -1.1E-40   0.06100  -0.24345
   0.07471   0.07596  -0.19856
   0.10464   0.07596  -0.18360
   0.11960   0.09093  -0.18360
   0.19442   0.10589  -0.15367
   0.22435   0.04604  -0.12374
   0.23931   0.04604  -0.13871
   0.25428   0.09093  -0.15367
   0.34406   0.04604  -0.10878
   0.37399   0.06100  -0.07885
   0.41888   0.07596  -0.04892
   0.43384   0.09093  -0.01900
   0.46377   0.07596   0.01093
   0.47873   0.12086  -0.06389
   0.49370   0.07596  -0.03396
   0.52362   0.10589  -0.04892
   0.55355   0.09093  -0.03396
   0.56852   0.07596  -0.03396
   0.58348   0.07596   0.02590
   0.59844   0.10589   0.04086
   0.61341   0.10589   0.04086
   0.59844   0.16575   0.01093
   0.58348   0.10589  -0.00403
   0.56852   0.12086  -0.03396
   0.59844   0.09093  -0.01900
   0.58348   0.07596   0.02590
   0.56852   0.07596   0.05582
   0.59844   0.10589   0.04086
   0.56852   0.12086   0.05582
   0.50866   0.10589   0.01093
   0.50866   0.10589   0.02590
   0.47873   0.10589   0.01093
   0.44881   0.12086   0.01093
   0.43384   0.06100  -0.00403
   0.40391   0.10589  -0.00403
   0.35902   0.09093   0.01093
   0.32910   0.09093  -0.03396
   0.26924   0.09093  -0.01900
   0.20939   0.06100  -0.01900
   0.19442   0.09093  -0.04892
   0.14953   0.04604  -0.09381
   0.11960   0.09093  -0.07885
   0.07471   0.07596  -0.07885
   0.01486   0.06100  -0.07885
  -0.04500   0.09093  -0.07885
  -0.07493   0.09093  -0.09381
  -0.11982   0.07596  -0.15367
  -0.19464   0.06100  -0.15367
  -0.22456   0.03107  -0.13871
  -0.23953   0.03107  -0.12374
  -0.25449   0.04604  -0.15367
  -0.28442   0.06100  -0.12374
  -0.32931   0.03107  -0.18360
  -0.41909   0.00115  -0.19856
  -0.44902   0.03107  -0.22849
  -0.46398   0.04604  -0.21352
  -0.53880   0.00115  -0.24345
  -0.52384  -0.01382  -0.22849
  -0.56873   0.06100  -0.25842
  -0.59866   0.03107  -0.24345
  -0.62859   0.03107  -0.25842
  -0.64355   0.01611  -0.27338
  -0.68844   0.01611  -0.27338
  -0.67348   0.01611  -0.28834
  -0.70340  -0.01382  -0.24345
  -0.71837   0.00115  -0.27338
  -0.74830  -0.02878  -0.27338
  -0.74830  -0.04375  -0.27338
  -0.79319   0.00115  -0.28834
  -0.77822   0.00115  -0.28834
  -0.77822  -0.02878  -0.27338
  -0.79319  -0.04375  -0.25842
  -0.77822  -0.04375  -0.24345
  -0.76326  -0.01382  -0.25842
  -0.80815  -0.04375  -0.24345
  -0.80815  -0.04375  -0.19856
  -0.82311  -0.02878  -0.16863
  -0.82311   0.00115  -0.16863
  -0.79319  -0.04375  -0.13871
  -0.77822  -0.01382  -0.12374
  -0.77822  -0.01382  -0.12374
  -0.77822  -0.04375  -0.12374
  -0.76326  -0.05871  -0.09381
  -0.73333  -0.10360  -0.04892
  -0.70340  -0.07367  -0.00403
  -0.68844  -0.07367  -0.00403
  -0.68844  -0.08864   0.04086
  -0.67348  -0.05871   0.05582
  -0.62859  -0.07367   0.07079
  -0.59866  -0.10360   0.14561
  -0.56873  -0.11856   0.14561
  -0.52384  -0.10360   0.19050
  -0.49391  -0.08864   0.19050
  -0.44902  -0.10360   0.22042
  -0.44902  -0.14849   0.25035
  -0.43406  -0.13353   0.31021
  -0.38917  -0.14849   0.29524
  -0.31435  -0.14849   0.34013
  -0.29938  -0.17842   0.38503
  -0.26946  -0.14849   0.35510
  -0.20960  -0.16346   0.38503
  -0.20960  -0.17842   0.38503
  -0.14975  -0.14849   0.39999
  -0.08989  -0.16346   0.44488
  -0.08989  -0.13353   0.41495
  -0.04500  -0.16346   0.42992
  -1.1E-40  -0.14849   0.41495
   0.02982  -0.16346   0.44488
   0.02982  -0.13353   0.41495
   0.05975  -0.13353   0.42992
   0.08967  -0.14849   0.42992
   0.10464  -0.11856   0.39999
   0.13457  -0.11856   0.42992
   0.16449  -0.11856   0.39999
   0.17946  -0.11856   0.39999
   0.19442  -0.11856   0.38503
   0.26924  -0.08864   0.38503
   0.25428  -0.13353   0.38503
   0.26924  -0.11856   0.37006
   0.32910  -0.11856   0.37006
   0.32910  -0.11856   0.35510
   0.32910  -0.11856   0.31021
   0.35902  -0.14849   0.32517
   0.34406  -0.10360   0.32517
   0.37399  -0.11856   0.31021
   0.35902  -0.10360   0.26532
   0.38895  -0.10360   0.26532
   0.37399  -0.10360   0.25035
   0.37399  -0.08864   0.22042
   0.40391  -0.04375   0.22042
   0.40391  -0.07367   0.22042
   0.40391  -0.08864   0.19050
   0.38895  -0.04375   0.13064
   0.40391  -0.04375   0.13064
   0.38895  -0.02878   0.14561
   0.37399  -0.05871   0.14561
   0.40391  -0.05871   0.08575
   0.37399  -0.02878   0.08575
   0.38895  -0.04375   0.08575
   0.40391  -0.02878   0.05582
   0.40391  -0.05871   0.02590
   0.38895  -0.04375   0.02590
   0.40391  -0.04375  -0.01900
   0.37399  -0.08864  -0.00403
   0.35902  -0.04375  -0.04892
   0.32910  -0.02878  -0.07885
   0.34406  -0.08864  -0.06389
   0.32910  -0.04375  -0.12374
   0.31413  -0.05871  -0.10878
   0.31413  -0.10360  -0.10878
   0.28420  -0.08864  -0.12374
   0.23931  -0.07367  -0.13871
   0.26924  -0.07367  -0.15367
   0.19442  -0.08864  -0.16863
   0.20939  -0.04375  -0.19856
   0.19442  -0.05871  -0.16863
   0.16449  -0.04375  -0.18360
   0.13457  -0.04375  -0.19856
   0.10464  -0.05871  -0.18360
   0.08967  -0.02878  -0.19856
   0.07471  -0.02878  -0.21352
   0.04478  -0.02878  -0.18360
   0.01486  -0.01382  -0.19856
  -0.01507   0.01611  -0.19856
  -0.01507   0.01611  -0.19856
  -0.04500   0.00115  -0.18360
  -0.07493   0.01611  -0.15367
  -0.10485   0.06100  -0.16863
  -0.13478   0.06100  -0.18360
  -0.11982   0.07596  -0.15367
  -0.16471   0.04604  -0.10878
  -0.19464   0.07596  -0.12374
  -0.19464   0.09093  -0.10878
  -0.20960   0.12086  -0.10878
  -0.23953   0.10589  -0.07885
  -0.26946   0.09093  -0.01900
  -0.29938   0.09093  -0.01900
  -0.31435   0.07596  -0.00403
  -0.31435   0.13582  -0.00403
  -0.32931   0.06100   0.04086
  -0.32931   0.09093   0.04086
  -0.34427   0.09093   0.08575
  -0.35924   0.10589   0.02590
  -0.38917   0.13582   0.07079
  -0.37420   0.09093   0.07079
  -0.41909   0.10589   0.10071
  -0.38917   0.09093   0.11568
  -0.43406   0.13582   0.07079
  -0.38917   0.15078   0.10071
  -0.41909   0.13582   0.13064
  -0.43406   0.15078   0.08575
  -0.41909   0.16575   0.11568
  -0.43406   0.12086   0.14561
  -0.40413   0.15078   0.11568
  -0.43406   0.13582   0.11568
  -0.46398   0.13582   0.10071
  -0.44902   0.15078   0.10071
  -0.44902   0.13582   0.07079
  -0.43406   0.13582   0.07079
  -0.47895   0.09093   0.05582
  -0.44902   0.12086   0.01093
  -0.43406   0.13582   0.01093
  -0.43406   0.10589  -0.00403
  -0.41909   0.15078  -0.00403
  -0.43406   0.10589  -0.00403
  -0.44902   0.09093  -0.03396
  -0.41909   0.13582  -0.04892
  -0.40413   0.12086  -0.04892
  -0.41909   0.09093  -0.04892
  -0.40413   0.09093  -0.06389
  -0.38917   0.13582  -0.10878
  -0.34427   0.12086  -0.10878
  -0.37420   0.07596  -0.12374
  -0.35924   0.07596  -0.12374
  -0.32931   0.09093  -0.15367
  -0.31435   0.10589  -0.16863
  -0.29938   0.09093  -0.18360
  -0.29938   0.09093  -0.16863
  -0.28442   0.09093  -0.21352
  -0.25449   0.04604  -0.22849
  -0.25449   0.07596  -0.24345
  -0.20960   0.07596  -0.24345
  -0.20960   0.04604  -0.24345
  -0.17967   0.04604  -0.24345
  -0.19464   0.06100  -0.27338
  -0.16471   0.06100  -0.28834
  -0.13478   0.04604  -0.27338
  -0.11982   0.03107  -0.27338
  -0.10485   0.03107  -0.28834
  -0.07493   0.04604  -0.30331
  -0.05996   0.03107  -0.28834
  -0.07493   0.01611  -0.33323
  -0.03004   0.04604  -0.33323
  -0.01507   0.01611  -0.31827
   0.02982  -0.01382  -0.28834
   0.02982  -0.02878  -0.30331
   0.08967  -0.02878  -0.30331
   0.10464  -0.01382  -0.28834
   0.10464  -0.01382  -0.27338
   0.13457  -0.04375  -0.28834
   0.16449  -0.01382  -0.28834
   0.20939  -0.01382  -0.24345
   0.23931   0.01611  -0.25842
   0.28420  -0.05871  -0.22849
   0.31413  -0.01382  -0.22849
   0.34406  -0.02878  -0.19856
   0.34406   0.00115  -0.19856
   0.38895  -0.01382  -0.16863
   0.43384   0.00115  -0.13871
   0.44881  -0.02878  -0.10878
   0.47873   0.00115  -0.10878
   0.52362  -0.02878  -0.06389
   0.53859  -0.02878  -0.01900
   0.55355  -0.04375   0.01093
   0.55355  -0.01382   0.01093
   0.58348   0.01611   0.04086
   0.61341  -0.01382   0.11568
   0.62837   0.00115   0.13064
   0.62837  -0.02878   0.17553
   0.62837  -0.01382   0.19050
   0.62837  -0.01382   0.22042
   0.65830   0.00115   0.26532
   0.67326   0.01611   0.26532
   0.70319  -0.01382   0.29524
   0.70319  -0.02878   0.34013
   0.70319   0.00115   0.35510
   0.73312  -0.01382   0.39999
   0.71815   0.01611   0.38503
   0.71815  -0.02878   0.42992
   0.71815  -0.01382   0.41495
   0.73312  -0.01382   0.45984
   0.73312  -0.01382   0.47481
   0.71815  -0.02878   0.45984
   0.71815  -0.02878   0.47481
   0.71815  -0.01382   0.50474
   0.67326  -0.02878   0.48977
   0.70319  -0.02878   0.47481
   0.68823  -0.02878   0.48977
   0.67326  -0.04375   0.48977
   0.67326  -0.02878   0.45984
   0.62837  -0.02878   0.44488
   0.62837  -0.04375   0.45984
   0.59844  -0.04375   0.44488
   0.58348  -0.05871   0.45984
   0.56852  -0.02878   0.44488
   0.55355  -0.01382   0.42992
   0.53859  -0.01382   0.41495
   0.50866   0.00115   0.38503
   0.52362   0.00115   0.38503
   0.46377  -0.04375   0.38503
   0.44881  -0.04375   0.38503
   0.41888  -0.04375   0.37006
   0.38895  -0.02878   0.34013
   0.37399  -0.01382   0.32517
   0.34406  -0.04375   0.31021
   0.29917  -0.02878   0.31021
   0.26924  -0.01382   0.26532
   0.23931   0.00115   0.26532
   0.20939  -0.02878   0.28028
   0.16449  -0.04375   0.23539
   0.13457  -0.02878   0.20546
   0.11960  -0.02878   0.20546
   0.07471  -0.04375   0.16057
   0.04478  -0.04375   0.14561
  -1.1E-40  -0.04375   0.14561
  -1.1E-40  -0.05871   0.11568
  -0.05996  -0.07367   0.07079
  -0.08989  -0.07367   0.04086
  -0.08989  -0.08864   0.04086
  -0.14975  -0.10360  -0.00403
  -0.17967  -0.08864  -0.03396
  -0.17967  -0.10360  -0.03396
  -0.23953  -0.08864  -0.07885
  -0.25449  -0.10360  -0.12374
  -0.26946  -0.08864  -0.15367
  -0.31435  -0.11856  -0.15367
  -0.32931  -0.11856  -0.15367
  -0.37420  -0.11856  -0.19856
  -0.37420  -0.13353  -0.19856
  -0.40413  -0.14849  -0.21352
  -0.44902  -0.10360  -0.27338
  -0.44902  -0.10360  -0.27338
  -0.47895  -0.10360  -0.30331
  -0.47895  -0.11856  -0.27338
  -0.52384  -0.11856  -0.30331
  -0.55377  -0.08864  -0.31827
  -0.53880  -0.08864  -0.37813
  -0.56873  -0.10360  -0.34820
  -0.56873  -0.08864  -0.42302
  -0.56873  -0.10360  -0.39309
  -0.58369  -0.11856  -0.36316
  -0.56873  -0.08864  -0.43798
  -0.58369  -0.10360  -0.40805
  -0.59866  -0.07367  -0.40805
  -0.59866  -0.08864  -0.43798
  -0.56873  -0.08864  -0.42302
  -0.56873  -0.08864  -0.42302
  -0.56873  -0.07367  -0.42302
  -0.56873  -0.08864  -0.42302
  -0.56873  -0.08864  -0.37813
  -0.56873  -0.05871  -0.40805
  -0.53880  -0.05871  -0.37813
  -0.52384  -0.08864  -0.33323
  -0.52384  -0.07367  -0.33323
  -0.49391  -0.05871  -0.28834
  -0.49391  -0.07367  -0.24345
  -0.47895  -0.08864  -0.24345
  -0.47895  -0.04375  -0.22849
  -0.44902  -0.04375  -0.21352
  -0.41909  -0.07367  -0.16863
  -0.41909  -0.05871  -0.15367
  -0.40413  -0.02878  -0.16863
  -0.35924  -0.04375  -0.07885
  -0.37420  -0.04375  -0.04892
  -0.35924  -0.02878  -0.03396
  -0.32931  -0.04375  -0.01900
  -0.29938  -0.02878   0.01093
  -0.26946  -0.01382   0.04086
  -0.25449  -0.04375   0.08575
  -0.25449  -0.01382   0.10071
  -0.22456  -0.02878   0.13064
  -0.20960  -0.01382   0.16057
  -0.19464   0.01611   0.17553
  -0.14975   0.01611   0.20546
  -0.13478   0.00115   0.22042
  -0.11982   0.04604   0.23539
  -0.08989   0.00115   0.26532
  -0.07493   0.00115   0.28028
  -0.05996   0.03107   0.26532
  -0.03004   0.04604   0.29524
  -1.1E-40   0.03107   0.31021
  -1.1E-40   0.00115   0.34013
   0.05975   0.00115   0.34013
   0.05975   0.03107   0.37006
   0.07471   0.00115   0.37006
   0.10464   0.01611   0.37006
   0.14953   0.00115   0.39999
   0.14953   0.00115   0.39999
   0.16449   0.03107   0.42992
   0.19442   0.03107   0.42992
   0.23931   0.01611   0.39999
   0.26924  -0.01382   0.42992
   0.26924   0.03107   0.41495
   0.31413   0.03107   0.44488
   0.32910   0.01611   0.42992
   0.37399   0.04604   0.39999
   0.35902   0.03107   0.42992
   0.40391   0.04604   0.41495
   0.43384   0.07596   0.39999
   0.46377   0.03107   0.39999
   0.47873   0.04604   0.39999
   0.47873   0.01611   0.38503
   0.50866   0.06100   0.35510
   0.50866   0.04604   0.34013
   0.52362   0.04604   0.32517
   0.53859   0.01611   0.32517
   0.56852   0.04604   0.28028
   0.56852   0.03107   0.28028
   0.56852   0.01611   0.26532
   0.56852   0.01611   0.25035
   0.58348   0.00115   0.23539
   0.58348   0.01611   0.22042
   0.55355   0.01611   0.20546
   0.58348   0.01611   0.19050
   0.55355   0.01611   0.14561
   0.55355   0.00115   0.19050
   0.53859   0.01611   0.13064
   0.50866   0.00115   0.11568
   0.52362   0.04604   0.07079
   0.46377  -0.01382   0.05582
   0.46377   0.01611   0.04086
   0.43384  -0.01382   0.04086
   0.41888   0.01611  -0.00403
   0.38895  -0.01382  -0.00403
   0.35902   0.01611  -0.01900
   0.28420  -0.01382  -0.04892
   0.28420   0.01611  -0.06389
   0.23931   0.01611  -0.07885
   0.20939   0.03107  -0.12374
   0.14953  -0.01382  -0.10878
   0.14953   0.00115  -0.13871
   0.10464   0.01611  -0.16863
   0.08967   0.01611  -0.18360
   0.02982  -0.02878  -0.18360
   0.01486  -0.01382  -0.22849
  -1.1E-40  -0.02878  -0.22849
  -1.1E-40   0.00115  -0.22849
  -0.05996  -0.02878  -0.21352
  -0.08989  -0.01382  -0.24345
  -0.07493  -0.04375  -0.24345
  -0.13478  -0.04375  -0.28834
  -0.13478  -0.04375  -0.25842
  -0.16471  -0.04375  -0.24345
  -0.16471  -0.01382  -0.25842
  -0.16471  -0.01382  -0.27338
  -0.17967  -0.02878  -0.25842
  -0.17967  -0.02878  -0.24345
  -0.19464  -0.02878  -0.25842
  -0.20960   0.00115  -0.25842
  -0.25449   0.00115  -0.24345
  -0.26946   0.03107  -0.24345
  -0.23953  -0.02878  -0.19856
  -0.28442  -0.02878  -0.21352
  -0.26946   0.00115  -0.21352
  -0.25449  -0.01382  -0.19856
  -0.26946  -0.01382  -0.19856
  -0.25449  -0.04375  -0.19856
  -0.29938  -0.02878  -0.18360
  -0.28442   0.01611  -0.19856
  -0.32931  -0.04375  -0.16863
  -0.28442  -0.02878  -0.13871
  -0.28442   0.00115  -0.15367
  -0.28442  -0.01382  -0.15367
  -0.31435  -0.04375  -0.10878
  -0.28442   0.00115  -0.13871
  -0.26946  -0.01382  -0.10878
  -0.26946   0.00115  -0.10878
  -0.26946   0.03107  -0.10878
  -0.29938  -0.01382  -0.07885
  -0.28442   0.00115  -0.07885
  -0.25449   0.01611  -0.07885
  -0.22456  -0.02878  -0.03396
  -0.20960   0.01611  -0.06389
  -0.17967   0.00115  -0.06389
  -0.17967   0.00115  -0.04892
  -0.17967   0.01611  -0.06389
  -0.14975   0.03107  -0.04892
  -0.13478   0.01611  -0.09381
  -0.14975   0.04604  -0.04892
  -0.11982   0.03107  -0.07885
  -0.13478   0.04604  -0.07885
  -0.13478   0.04604  -0.06389
  -0.08989   0.04604  -0.07885
  -0.07493   0.06100  -0.06389
  -0.04500   0.07596  -0.09381
  -0.04500   0.03107  -0.06389
  -0.03004   0.06100  -0.09381
  -0.03004   0.09093  -0.10878
  -0.03004   0.07596  -0.12374
  -1.1E-40   0.06100  -0.09381
   0.01486   0.04604  -0.07885
   0.01486   0.04604  -0.07885
   0.05975   0.04604  -0.06389
   0.04478   0.04604  -0.04892
   0.05975   0.03107  -0.06389
   0.07471   0.06100  -0.06389
   0.10464   0.04604  -0.04892
   0.11960   0.04604  -0.04892
   0.08967   0.03107  -0.03396
   0.11960   0.03107  -0.00403
   0.11960   0.04604  -0.01900
   0.11960   0.01611   0.01093
   0.13457   0.03107  -0.01900
   0.14953   0.01611  -0.00403
   0.16449   0.01611   0.02590
   0.17946   0.00115   0.02590
   0.16449   0.03107   0.04086
   0.16449   0.00115   0.04086
   0.16449   0.00115   0.04086
   0.16449   0.01611   0.04086
   0.16449  -0.02878   0.08575
   0.16449   0.00115   0.08575
   0.16449  -0.01382   0.08575
   0.14953   0.00115   0.10071
   0.13457   0.00115   0.11568
   0.14953  -0.02878   0.13064
   0.16449   0.01611   0.13064
   0.13457   0.01611   0.14561
   0.13457   0.00115   0.14561
   0.08967   0.00115   0.16057
   0.13457   0.00115   0.17553
   0.10464  -0.01382   0.20546
   0.11960   0.00115   0.23539
   0.08967   0.01611   0.22042
   0.07471  -0.01382   0.22042
   0.07471   0.01611   0.22042
   0.04478   0.01611   0.23539
   0.05975   0.01611   0.22042
   0.04478   0.03107   0.23539
   0.07471   0.01611   0.26532
  -1.1E-40   0.01611   0.26532
  -1.1E-40   0.00115   0.23539
  -1.1E-40   0.03107   0.25035
   0.01486   0.01611   0.28028
  -0.03004   0.00115   0.26532
  -1.1E-40   0.00115   0.28028
  -0.01507   0.01611   0.26532
  -0.01507   0.00115   0.26532
  -0.01507  -0.01382   0.26532
  -0.04500  -0.02878   0.25035
  -0.04500   0.00115   0.23539
  -0.04500  -0.04375   0.25035
  -0.04500  -0.02878   0.25035
  -0.03004   0.01611   0.20546
  -0.04500  -0.02878   0.22042
  -0.01507  -0.01382   0.22042
  -0.04500  -0.04375   0.17553
  -1.1E-40  -0.04375   0.20546
  -0.03004  -0.02878   0.17553
  -1.1E-40  -0.05871   0.17553
  -0.01507  -0.07367   0.17553
  -0.01507  -0.07367   0.14561
  -1.1E-40  -0.02878   0.16057
   0.02982  -0.07367   0.14561
  -1.1E-40  -0.04375   0.10071
   0.01486  -0.05871   0.14561
   0.02982  -0.08864   0.11568
  -1.1E-40  -0.04375   0.08575
   0.01486  -0.05871   0.10071
  -1.1E-40  -0.05871   0.08575
   0.02982  -0.04375   0.05582
   0.02982  -0.05871   0.05582
   0.02982  -0.04375   0.02590
   0.04478  -0.04375   0.05582
   0.02982  -0.02878   0.02590
   0.02982  -0.01382  -0.00403
   0.04478  -0.01382   0.01093
   0.05975  -0.01382   0.01093
   0.07471   0.01611  -0.00403
   0.05975  -0.04375  -0.00403
   0.04478   0.00115  -0.04892
   0.10464   0.00115  -0.03396
   0.07471  -0.02878  -0.01900
   0.10464   0.00115  -0.04892
   0.11960  -0.01382  -0.06389
   0.10464  -0.01382  -0.07885
   0.11960   0.01611  -0.09381
   0.11960  -0.02878  -0.07885
   0.13457   0.00115  -0.12374
   0.14953   0.03107  -0.12374
   0.13457  -0.01382  -0.07885
   0.16449   0.03107  -0.10878
   0.17946   0.03107  -0.10878
   0.19442  -0.01382  -0.10878
   0.20939   0.00115  -0.10878
   0.19442   0.01611  -0.15367
   0.17946   0.03107  -0.16863
   0.20939   0.04604  -0.15367
   0.22435   0.01611  -0.15367
   0.23931   0.03107  -0.16863
   0.23931   0.01611  -0.15367
   0.20939   0.01611  -0.16863
   0.19442   0.01611  -0.16863
   0.20939   0.04604  -0.19856
   0.20939   0.04604  -0.16863
   0.20939   0.00115  -0.15367
   0.20939   0.03107  -0.16863
   0.19442   0.03107  -0.19856
   0.14953   0.01611  -0.18360
   0.13457   0.03107  -0.18360
   0.10464   0.06100  -0.21352
   0.10464   0.06100  -0.19856
   0.11960   0.03107  -0.18360
   0.07471   0.04604  -0.21352
   0.05975   0.03107  -0.18360
   0.04478   0.06100  -0.22849
   0.01486   0.03107  -0.16863
   0.01486   0.06100  -0.19856
  -0.04500   0.07596  -0.19856
  -0.03004   0.04604  -0.18360
  -0.05996   0.01611  -0.16863
  -0.08989   0.04604  -0.18360
  -0.10485   0.07596  -0.21352
  -0.10485   0.07596  -0.16863
  -0.11982   0.04604  -0.15367
  -0.16471   0.07596  -0.18360
  -0.14975   0.06100  -0.16863
  -0.16471   0.07596  -0.18360
  -0.22456   0.03107  -0.15367
  -0.20960   0.06100  -0.12374
  -0.20960   0.06100  -0.16863
  -0.22456   0.09093  -0.13871
  -0.23953   0.09093  -0.16863
  -0.25449   0.06100  -0.13871
  -0.25449   0.07596  -0.09381
  -0.25449   0.09093  -0.12374
  -0.28442   0.07596  -0.10878
  -0.28442   0.07596  -0.09381
  -0.29938   0.06100  -0.07885
  -0.34427   0.03107  -0.07885
  -0.32931   0.04604  -0.06389
  -0.34427   0.07596  -0.06389
  -0.35924   0.04604  -0.03396
  -0.38917   0.06100  -0.06389
  -0.37420   0.04604  -0.04892
  -0.37420   0.03107  -0.00403
  -0.40413   0.03107   0.01093
  -0.41909   0.06100  -0.01900
  -0.40413   0.03107  -0.00403
  -0.43406   0.04604   0.01093
  -0.44902   0.03107   0.05582
  -0.41909   0.06100   0.02590
  -0.43406   0.06100   0.07079
  -0.46398   0.06100   0.08575
  -0.43406   0.03107   0.10071
  -0.44902   0.01611   0.11568
  -0.44902   0.03107   0.10071
  -0.46398   0.04604   0.11568
  -0.43406   0.06100   0.11568
  -0.43406   0.04604   0.14561
  -0.43406   0.03107   0.16057
  -0.43406   0.06100   0.14561
  -0.41909   0.09093   0.14561
  -0.38917   0.07596   0.14561
  -0.41909   0.01611   0.17553
  -0.40413   0.06100   0.17553
  -0.38917   0.03107   0.17553
  -0.40413   0.04604   0.19050
  -0.38917   0.03107   0.19050
  -0.35924   0.06100   0.14561
  -0.31435   0.03107   0.17553
  -0.29938   0.03107   0.19050
  -0.31435   0.04604   0.17553
  -0.26946   0.04604   0.16057
  -0.23953   0.00115   0.19050
  -0.22456  -0.02878   0.16057
  -0.20960   0.01611   0.16057
  -0.19464  -0.01382   0.14561
  -0.16471  -0.05871   0.17553
  -0.14975   0.00115   0.14561
  -0.13478  -0.01382   0.10071
  -0.10485   0.00115   0.13064
  -0.07493  -0.04375   0.14561
  -0.07493  -0.04375   0.13064
  -0.07493  -0.02878   0.10071
  -0.04500  -0.02878   0.11568
  -1.1E-40  -0.01382   0.11568
   0.01486  -0.04375   0.13064
   0.02982  -0.05871   0.11568
   0.05975  -0.02878   0.13064
   0.10464  -0.07367   0.13064
   0.07471  -0.07367   0.11568
   0.11960  -0.04375   0.13064
   0.13457  -0.05871   0.14561
   0.17946  -0.02878   0.14561
   0.16449  -0.07367   0.14561
   0.17946  -0.05871   0.13064
   0.19442  -0.07367   0.13064
   0.20939  -0.02878   0.14561
   0.25428  -0.04375   0.14561
   0.25428  -0.08864   0.16057
   0.23931  -0.07367   0.20546
   0.28420   0.00115   0.17553
   0.28420  -0.02878   0.19050
   0.29917  -0.04375   0.19050
   0.31413   0.00115   0.17553
   0.32910   0.00115   0.17553
   0.35902  -0.01382   0.20546
   0.34406  -0.02878   0.17553
   0.35902   0.00115   0.19050
   0.35902   0.01611   0.19050
   0.31413   0.01611   0.22042
   0.32910   0.01611   0.20546
   0.32910   0.03107   0.19050
   0.34406   0.03107   0.17553
   0.34406   0.04604   0.17553
   0.34406   0.01611   0.20546
   0.31413   0.03107   0.16057
   0.31413   0.04604   0.14561
   0.28420   0.06100   0.14561
   0.28420   0.06100   0.10071
   0.26924   0.06100   0.11568
   0.26924   0.09093   0.08575
   0.26924   0.06100   0.08575
   0.22435   0.07596   0.04086
   0.20939   0.09093   0.01093
   0.23931   0.06100  -0.01900
   0.16449   0.06100  -0.00403
   0.16449   0.09093  -0.06389
   0.16449   0.09093  -0.09381
   0.14953   0.12086  -0.10878
   0.11960   0.09093  -0.12374
   0.11960   0.09093  -0.15367
   0.10464   0.04604  -0.16863
   0.07471   0.07596  -0.18360
   0.04478   0.06100  -0.21352
   0.05975   0.04604  -0.21352
   0.04478   0.06100  -0.25842
   0.01486   0.06100  -0.31827
  -1.1E-40   0.07596  -0.33323
  -0.01507   0.06100  -0.33323
  -0.03004   0.04604  -0.33323
  -0.07493   0.01611  -0.39309
  -0.05996   0.01611  -0.40805
  -0.08989   0.03107  -0.43798
  -0.11982   0.04604  -0.45294
  -0.11982   0.06100  -0.49784
  -0.13478   0.04604  -0.52776
  -0.14975   0.03107  -0.51280
  -0.19464   0.03107  -0.51280
  -0.19464   0.04604  -0.52776
  -0.17967   0.03107  -0.54273
  -0.20960   0.03107  -0.54273
  -0.20960   0.01611  -0.54273
  -0.19464   0.00115  -0.52776
  -0.19464   0.04604  -0.54273
  -0.22456   0.03107  -0.54273
  -0.23953   0.04604  -0.55769
  -0.26946   0.04604  -0.55769
  -0.25449   0.03107  -0.54273
  -0.25449   0.01611  -0.51280
  -0.28442   0.00115  -0.51280
  -0.29938   0.01611  -0.48287
  -0.29938   0.01611  -0.46791
  -0.28442   0.01611  -0.48287
  -0.26946   0.00115  -0.43798
  -0.26946   0.00115  -0.42302
  -0.28442  -0.01382  -0.39309
  -0.28442   0.00115  -0.40805
  -0.26946   0.00115  -0.36316
  -0.26946  -0.01382  -0.33323
  -0.26946  -0.04375  -0.27338
  -0.22456  -0.01382  -0.28834
  -0.23953  -0.02878  -0.27338
  -0.19464  -0.05871  -0.22849
  -0.17967  -0.07367  -0.19856
  -0.17967  -0.07367  -0.15367
  -0.16471  -0.02878  -0.15367
  -0.16471  -0.07367  -0.12374
  -0.14975  -0.05871  -0.07885
  -0.14975  -0.07367  -0.04892
  -0.11982  -0.04375  -0.01900
  -0.05996  -0.04375   0.02590
  -0.04500  -0.08864   0.07079
  -0.07493  -0.11856   0.10071
  -0.04500  -0.07367   0.11568
  -0.03004  -0.07367   0.13064
  -1.1E-40  -0.05871   0.19050
   0.04478  -0.10360   0.20546
   0.08967  -0.08864   0.25035
   0.04478  -0.10360   0.28028
   0.08967  -0.10360   0.31021
   0.08967  -0.05871   0.31021
   0.10464  -0.07367   0.34013
   0.11960  -0.07367   0.38503
   0.11960  -0.07367   0.39999
   0.10464  -0.08864   0.42992
   0.11960  -0.08864   0.47481
   0.13457  -0.05871   0.45984
   0.13457  -0.04375   0.45984
   0.13457  -0.07367   0.50474
   0.13457  -0.05871   0.51970
   0.13457  -0.01382   0.51970
   0.17946  -0.05871   0.56459
   0.11960  -0.05871   0.56459
   0.13457  -0.01382   0.56459
   0.13457  -0.02878   0.59452
   0.11960  -0.02878   0.57955
   0.11960  -0.04375   0.60948
   0.11960  -0.01382   0.59452
   0.08967  -0.04375   0.60948
   0.08967  -0.01382   0.59452
   0.07471  -0.05871   0.59452
   0.05975   0.00115   0.59452
   0.07471  -0.02878   0.59452
   0.01486  -0.02878   0.59452
   0.01486   0.01611   0.57955
  -0.03004  -0.02878   0.59452
  -0.03004  -0.02878   0.57955
  -0.04500  -0.01382   0.53466
  -0.04500   0.00115   0.56459
  -0.07493   0.00115   0.50474
  -0.07493   0.00115   0.51970
  -0.08989  -0.02878   0.51970
  -0.10485  -0.01382   0.47481
  -0.13478  -0.02878   0.44488
  -0.13478  -0.01382   0.44488
  -0.14975  -0.02878   0.41495
  -0.16471  -0.01382   0.38503
  -0.16471  -0.01382   0.34013
  -0.16471  -0.01382   0.34013
  -0.19464  -0.02878   0.32517
  -0.17967   0.00115   0.29524
  -0.19464  -0.01382   0.25035
  -0.19464   0.01611   0.22042
  -0.19464  -0.01382   0.17553
  -0.17967  -0.01382   0.19050
  -0.20960  -0.01382   0.11568
  -0.17967   0.00115   0.08575
  -0.17967   0.00115   0.10071
  -0.19464  -0.02878   0.05582
  -0.17967  -0.04375   0.02590
  -0.16471   0.00115  -0.01900
  -0.17967  -0.04375  -0.04892
  -0.16471  -0.01382  -0.07885
  -0.16471  -0.01382  -0.12374
  -0.13478   0.00115  -0.13871
  -0.13478  -0.02878  -0.19856
  -0.11982   0.00115  -0.21352
  -0.10485   0.03107  -0.22849
  -0.08989  -0.01382  -0.27338
  -0.05996  -0.01382  -0.25842
  -0.04500   0.01611  -0.33323
  -0.01507   0.01611  -0.34820
  -0.03004  -0.01382  -0.37813
  -0.01507   0.00115  -0.39309
  -1.1E-40   0.01611  -0.42302
   0.05975   0.01611  -0.43798
   0.08967   0.06100  -0.46791
   0.10464   0.04604  -0.48287
   0.11960   0.04604  -0.51280
   0.10464   0.01611  -0.49784
   0.13457   0.01611  -0.51280
   0.16449   0.03107  -0.54273
   0.17946   0.01611  -0.52776
   0.19442   0.06100  -0.54273
   0.22435   0.06100  -0.54273
   0.23931   0.03107  -0.51280
   0.28420   0.03107  -0.54273
   0.31413   0.04604  -0.49784
   0.34406   0.01611  -0.48287
   0.34406   0.03107  -0.46791
   0.35902   0.06100  -0.49784
   0.40391   0.04604  -0.49784
   0.40391   0.01611  -0.45294
   0.43384   0.03107  -0.43798
   0.46377   0.07596  -0.40805
   0.46377   0.03107  -0.36316
   0.47873   0.04604  -0.36316
   0.49370   0.04604  -0.34820
   0.50866   0.06100  -0.30331
   0.53859   0.00115  -0.25842
   0.52362   0.04604  -0.25842
   0.55355   0.03107  -0.22849
   0.55355   0.01611  -0.21352
   0.55355   0.03107  -0.16863
   0.55355   0.04604  -0.16863
   0.61341   0.03107  -0.12374
   0.59844   0.01611  -0.06389
   0.61341   0.06100  -0.03396
   0.61341   0.01611  -0.00403
   0.59844   0.01611   0.05582
   0.58348   0.04604   0.04086
   0.56852   0.04604   0.08575
   0.59844   0.01611   0.10071
   0.59844   0.03107   0.13064
   0.58348   0.04604   0.16057
   0.59844   0.03107   0.19050
   0.56852   0.00115   0.20546
   0.55355   0.00115   0.23539
   0.55355   0.04604   0.22042
   0.53859   0.03107   0.26532
   0.50866   0.03107   0.29524
   0.49370   0.04604   0.31021
   0.44881   0.06100   0.29524
   0.46377   0.04604   0.31021
   0.47873   0.04604   0.32517
   0.40391   0.01611   0.34013
   0.35902   0.06100   0.34013
   0.35902   0.07596   0.31021
   0.32910   0.04604   0.34013
   0.26924   0.07596   0.34013
   0.23931   0.07596   0.35510
   0.20939   0.10589   0.32517
   0.17946   0.10589   0.35510
   0.13457   0.07596   0.37006
   0.11960   0.12086   0.38503
   0.05975   0.10589   0.37006
   0.02982   0.04604   0.38503
  -0.01507   0.04604   0.34013
  -0.01507   0.09093   0.32517
  -0.04500   0.03107   0.32517
  -0.05996   0.01611   0.34013
  -0.08989   0.04604   0.31021
  -0.13478   0.01611   0.32517
  -0.16471   0.01611   0.29524
  -0.17967   0.01611   0.31021
  -0.23953   0.00115   0.25035
  -0.28442   0.00115   0.25035
  -0.26946   0.00115   0.25035
  -0.29938   0.00115   0.22042
  -0.35924   0.00115   0.20546
  -0.37420   0.00115   0.20546
  -0.37420  -0.01382   0.17553
  -0.43406  -0.01382   0.16057
  -0.43406  -0.02878   0.16057
  -0.47895  -0.02878   0.16057
  -0.49391   0.00115   0.13064
  -0.50888  -0.01382   0.11568
  -0.55377  -0.01382   0.10071
  -0.53880   0.00115   0.10071
  -0.56873  -0.05871   0.08575
  -0.59866  -0.01382   0.07079
  -0.58369  -0.02878   0.05582
  -0.61362   0.00115   0.05582
  -0.59866  -0.02878   0.04086
  -0.62859  -0.01382   0.04086
  -0.62859  -0.01382   0.04086
  -0.61362  -0.05871   0.02590
  -0.61362  -0.01382   0.01093
  -0.61362  -0.02878  -0.01900
  -0.59866  -0.07367   0.01093
  -0.64355  -0.02878  -0.01900
  -0.61362  -0.04375  -0.01900
  -0.61362  -0.04375  -0.01900
  -0.59866  -0.04375  -0.01900
  -0.58369  -0.02878  -0.06389
  -0.56873  -0.04375  -0.04892
  -0.58369  -0.04375  -0.04892
  -0.55377  -0.02878  -0.04892
  -0.52384  -0.05871  -0.04892
  -0.50888  -0.04375  -0.04892
  -0.49391  -0.07367  -0.04892
  -0.47895  -0.08864  -0.04892
  -0.44902  -0.07367  -0.03396
  -0.44902  -0.08864  -0.04892
  -0.40413  -0.07367  -0.01900
  -0.37420  -0.10360  -0.01900
  -0.34427  -0.08864  -0.03396
  -0.32931  -0.08864  -0.00403
  -0.29938  -0.08864  -0.01900
  -0.28442  -0.08864  -0.00403
  -0.25449  -0.10360  -0.01900
  -0.20960  -0.08864   0.01093
  -0.19464  -0.08864  -0.03396
  -0.14975  -0.08864  -0.00403
  -0.13478  -0.07367   0.02590
  -0.11982  -0.08864   0.04086
  -0.07493  -0.08864   0.04086
  -0.04500  -0.08864   0.04086
  -0.01507  -0.05871   0.05582
  -0.01507  -0.07367   0.04086
   0.02982  -0.04375   0.05582
   0.02982  -0.07367   0.02590
   0.07471  -0.04375   0.02590
   0.11960  -0.07367   0.05582
   0.11960  -0.04375   0.07079
   0.17946  -0.05871   0.08575
   0.19442  -0.04375   0.07079
   0.19442  -0.05871   0.07079
   0.23931  -0.05871   0.04086
   0.26924  -0.05871   0.04086
   0.28420  -0.10360   0.05582
   0.31413  -0.07367   0.04086
   0.35902  -0.02878   0.01093
   0.35902  -0.05871   0.02590
   0.37399  -0.05871   0.01093
   0.37399  -0.05871   0.02590
   0.40391  -0.07367  -0.01900
   0.40391  -0.07367  -0.01900
   0.37399  -0.02878  -0.03396
   0.40391  -0.01382  -0.06389
   0.40391  -0.01382  -0.04892
   0.40391   0.01611  -0.06389
   0.40391   0.00115  -0.06389
   0.38895   0.01611  -0.07885
   0.37399   0.00115  -0.06389
   0.35902   0.00115  -0.09381
   0.32910   0.00115  -0.10878
   0.34406   0.01611  -0.12374
   0.32910  -0.01382  -0.10878
   0.31413   0.01611  -0.15367
   0.31413   0.00115  -0.15367
   0.29917   0.00115  -0.16863
   0.28420   0.01611  -0.16863
   0.25428   0.03107  -0.15367
   0.26924   0.01611  -0.18360
   0.23931   0.01611  -0.18360
   0.20939   0.01611  -0.21352
   0.19442   0.00115  -0.18360
   0.17946   0.04604  -0.22849
   0.14953   0.01611  -0.21352
   0.14953   0.01611  -0.22849
   0.11960   0.03107  -0.24345
   0.11960   0.01611  -0.19856
   0.05975   0.01611  -0.21352
   0.07471   0.03107  -0.19856
   0.01486   0.01611  -0.21352
  -0.01507   0.00115  -0.18360
  -0.01507   0.01611  -0.18360
  -0.03004   0.01611  -0.18360
  -0.04500   0.00115  -0.22849
  -0.07493   0.00115  -0.19856
  -0.08989   0.01611  -0.21352
  -0.13478   0.01611  -0.22849
  -0.13478   0.00115  -0.21352
  -0.11982   0.03107  -0.19856
  -0.14975   0.03107  -0.19856
  -0.19464   0.03107  -0.22849
  -0.20960   0.03107  -0.22849
  -0.23953   0.01611  -0.24345
  -0.20960   0.04604  -0.24345
  -0.23953   0.04604  -0.24345
  -0.23953   0.04604  -0.19856
  -0.25449   0.03107  -0.21352
  -0.25449   0.06100  -0.21352
  -0.28442   0.03107  -0.21352
  -0.28442   0.03107  -0.21352
  -0.32931   0.03107  -0.19856
  -0.29938   0.04604  -0.19856
  -0.31435   0.01611  -0.18360
  -0.31435   0.04604  -0.19856
  -0.29938   0.04604  -0.19856
  -0.29938   0.01611  -0.15367
  -0.31435   0.04604  -0.13871
  -0.31435   0.03107  -0.13871
  -0.29938   0.01611  -0.15367
  -0.34427   0.04604  -0.12374
  -0.31435   0.04604  -0.09381
  -0.31435  -0.01382  -0.06389
  -0.29938   0.03107  -0.07885
  -0.25449   0.00115  -0.04892
  -0.31435   0.00115  -0.06389
  -0.29938   0.00115  -0.04892
  -0.29938   0.01611  -0.01900
  -0.26946  -0.01382   0.01093
  -0.26946   0.00115   0.02590
  -0.23953   0.00115   0.05582
  -0.22456  -0.01382   0.07079
  -0.20960  -0.01382   0.05582
  -0.17967  -0.01382   0.10071
  -0.19464  -0.02878   0.11568
  -0.19464  -0.04375   0.11568
  -0.16471  -0.01382   0.10071
  -0.14975  -0.02878   0.14561
  -0.08989  -0.01382   0.13064
  -0.11982  -0.01382   0.16057
  -0.08989  -0.01382   0.17553
  -0.08989  -0.01382   0.20546
  -0.05996  -0.02878   0.22042
  -0.04500   0.00115   0.22042
  -0.03004  -0.01382   0.25035
   0.01486   0.01611   0.25035
   0.01486  -0.04375   0.28028
   0.02982  -0.05871   0.29524
   0.04478  -0.01382   0.29524
   0.04478  -0.05871   0.34013
   0.04478  -0.04375   0.32517
   0.05975  -0.02878   0.31021
   0.08967  -0.02878   0.32517
   0.10464  -0.07367   0.35510
   0.11960  -0.05871   0.32517
   0.08967  -0.04375   0.34013
   0.10464  -0.08864   0.35510
   0.11960  -0.08864   0.35510
   0.14953  -0.11856   0.37006
   0.13457  -0.10360   0.37006
   0.13457  -0.10360   0.34013
   0.13457  -0.10360   0.34013
   0.16449  -0.08864   0.34013
   0.13457  -0.14849   0.35510
   0.13457  -0.10360   0.29524
   0.13457  -0.11856   0.37006
   0.11960  -0.10360   0.31021
   0.11960  -0.08864   0.31021
   0.10464  -0.08864   0.29524
   0.11960  -0.08864   0.31021
   0.05975  -0.07367   0.29524
   0.07471  -0.07367   0.31021
   0.05975  -0.08864   0.29524
   0.05975  -0.07367   0.26532
   0.02982  -0.07367   0.25035
   0.02982  -0.05871   0.26532
  -1.1E-40  -0.07367   0.25035
  -0.01507  -0.05871   0.22042
  -0.01507  -0.05871   0.20546
  -0.03004  -0.04375   0.22042
  -0.03004  -0.02878   0.17553
  -0.03004  -0.05871   0.17553
  -0.04500  -0.02878   0.13064
  -0.04500  -0.02878   0.17553
  -0.07493  -0.02878   0.16057
  -0.08989  -0.02878   0.11568
  -0.10485  -0.04375   0.11568
  -0.11982  -0.01382   0.10071
  -0.11982  -0.04375   0.10071
  -0.11982   0.00115   0.07079
  -0.13478  -0.02878   0.07079
  -0.13478  -0.01382   0.05582
  -0.14975  -0.02878   0.02590
  -0.13478  -0.02878   0.04086
  -0.14975   0.00115   0.01093
  -0.13478   0.01611  -0.00403
  -0.14975  -0.01382   0.01093
  -0.16471   0.01611  -0.00403
  -0.14975   0.01611  -0.00403
  -0.16471  -0.02878  -0.01900
  -0.17967  -0.01382  -0.03396
  -0.17967   0.00115  -0.04892
  -0.17967   0.01611  -0.09381
  -0.14975   0.00115  -0.07885
  -0.16471  -0.01382  -0.09381
  -0.16471   0.01611  -0.09381
  -0.16471   0.01611  -0.10878
  -0.11982   0.01611  -0.12374
  -0.16471  -0.01382  -0.09381
  -0.13478   0.00115  -0.13871
  -0.11982   0.03107  -0.15367
  -0.11982   0.03107  -0.15367
  -0.08989   0.01611  -0.18360
  -0.08989   0.01611  -0.21352
  -0.04500   0.04604  -0.21352
  -0.03004   0.03107  -0.18360
   0.01486   0.06100  -0.21352
   0.04478   0.04604  -0.21352
   0.05975   0.00115  -0.19856
   0.05975   0.04604  -0.22849
   0.10464   0.03107  -0.25842
   0.13457   0.06100  -0.25842
   0.16449   0.03107  -0.25842
   0.17946   0.04604  -0.30331
   0.23931   0.04604  -0.27338
   0.25428   0.01611  -0.27338
   0.29917   0.03107  -0.27338
   0.29917   0.04604  -0.28834
   0.31413   0.01611  -0.25842
   0.37399   0.04604  -0.28834
   0.41888   0.06100  -0.30331
   0.44881   0.06100  -0.27338
   0.47873   0.06100  -0.24345
   0.49370   0.04604  -0.25842
   0.49370   0.07596  -0.24345
   0.53859   0.06100  -0.21352
   0.56852   0.06100  -0.22849
   0.56852   0.04604  -0.19856
   0.59844   0.07596  -0.21352
   0.62837   0.04604  -0.18360
   0.62837   0.04604  -0.18360
   0.64333   0.06100  -0.15367
   0.64333   0.07596  -0.18360
   0.65830   0.07596  -0.16863
   0.65830   0.06100  -0.15367
   0.65830   0.07596  -0.10878
   0.67326   0.04604  -0.10878
   0.65830   0.04604  -0.06389
   0.67326   0.06100  -0.04892
   0.67326   0.03107  -0.03396
   0.65830   0.01611  -0.01900
   0.64333   0.03107  -0.03396
   0.64333   0.03107  -0.00403
   0.58348   0.03107   0.02590
   0.58348   0.00115   0.07079
   0.56852   0.01611   0.07079
   0.58348   0.00115   0.10071
   0.52362   0.01611   0.08575
   0.49370  -0.01382   0.11568
   0.47873   0.00115   0.16057
   0.44881  -0.02878   0.16057
   0.38895  -0.04375   0.19050
   0.37399  -0.01382   0.19050
   0.32910  -0.01382   0.20546
   0.28420  -0.02878   0.23539
   0.25428  -0.04375   0.23539
   0.19442  -0.02878   0.26532
   0.13457  -0.04375   0.25035
   0.10464  -0.01382   0.28028
   0.07471  -0.02878   0.28028
   0.02982  -0.07367   0.31021
  -0.03004  -0.07367   0.31021
  -0.04500  -0.07367   0.31021
  -0.08989  -0.05871   0.32517
  -0.11982  -0.02878   0.34013
  -0.14975  -0.02878   0.35510
  -0.17967  -0.02878   0.35510
  -0.19464  -0.04375   0.37006
  -0.23953   0.00115   0.35510
  -0.26946  -0.04375   0.37006
  -0.29938   0.00115   0.37006
  -0.32931   0.00115   0.37006
  -0.34427  -0.01382   0.38503
  -0.37420  -0.01382   0.39999
  -0.38917   0.01611   0.38503
  -0.40413   0.01611   0.38503
  -0.43406   0.01611   0.37006
  -0.43406   0.00115   0.38503
  -0.44902   0.03107   0.35510
  -0.47895   0.00115   0.38503
  -0.50888   0.03107   0.34013
  -0.49391   0.01611   0.35510
  -0.50888   0.03107   0.29524
  -0.50888   0.00115   0.29524
  -0.50888   0.03107   0.29524
  -0.52384   0.03107   0.31021
  -0.55377   0.01611   0.29524
  -0.53880   0.06100   0.23539
  -0.52384   0.04604   0.22042
  -0.55377   0.01611   0.22042
  -0.52384   0.04604   0.17553
  -0.55377   0.06100   0.17553
  -0.52384   0.03107   0.17553
  -0.52384   0.07596   0.13064
  -0.50888   0.04604   0.11568
  -0.50888   0.04604   0.08575
  -0.50888   0.04604   0.07079
  -0.47895   0.06100   0.05582
  -0.47895   0.09093   0.02590
  -0.46398   0.06100   0.01093
  -0.44902   0.12086  -0.01900
  -0.46398   0.07596  -0.00403
  -0.44902   0.09093  -0.06389
  -0.41909   0.07596  -0.04892
  -0.40413   0.10589  -0.07885
  -0.41909   0.09093  -0.09381
  -0.38917   0.12086  -0.12374
  -0.37420   0.10589  -0.12374
  -0.35924   0.13582  -0.18360
  -0.32931   0.12086  -0.16863
  -0.31435   0.10589  -0.16863
  -0.31435   0.10589  -0.18360
  -0.29938   0.16575  -0.19856
  -0.22456   0.12086  -0.22849
  -0.23953   0.09093  -0.19856
  -0.17967   0.13582  -0.22849
  -0.19464   0.10589  -0.22849
  -0.14975   0.13582  -0.24345
  -0.14975   0.13582  -0.27338
  -0.10485   0.09093  -0.24345
  -0.05996   0.12086  -0.27338
  -0.01507   0.10589  -0.25842
  -0.01507   0.09093  -0.25842
   0.01486   0.09093  -0.28834
   0.04478   0.09093  -0.27338
   0.08967   0.13582  -0.31827
   0.13457   0.06100  -0.27338
   0.14953   0.09093  -0.28834
   0.19442   0.09093  -0.30331
   0.19442   0.04604  -0.31827
   0.23931   0.10589  -0.31827
   0.26924   0.04604  -0.31827
   0.32910   0.07596  -0.28834
   0.35902   0.06100  -0.28834
   0.35902   0.06100  -0.30331
   0.40391   0.07596  -0.28834
   0.43384   0.07596  -0.27338
   0.43384   0.07596  -0.27338
   0.47873   0.06100  -0.28834
   0.50866   0.09093  -0.27338
   0.47873   0.07596  -0.24345
   0.53859   0.06100  -0.24345
   0.53859   0.06100  -0.25842
   0.56852   0.06100  -0.24345
   0.53859   0.04604  -0.24345
   0.56852   0.03107  -0.21352
   0.61341   0.04604  -0.21352
   0.59844   0.01611  -0.19856
   0.61341   0.01611  -0.19856
   0.59844   0.01611  -0.19856
   0.61341   0.00115  -0.19856
   0.61341  -0.01382  -0.18360
   0.59844  -0.01382  -0.15367
   0.62837  -0.02878  -0.13871
   0.58348  -0.05871  -0.15367
   0.58348  -0.04375  -0.10878
   0.55355  -0.05871  -0.12374
   0.55355  -0.01382  -0.12374
   0.53859  -0.05871  -0.10878
   0.52362  -0.04375  -0.12374
   0.53859  -0.05871  -0.12374
   0.50866  -0.05871  -0.12374
   0.47873  -0.02878  -0.12374
   0.43384  -0.07367  -0.10878
   0.44881  -0.02878  -0.12374
   0.44881  -0.02878  -0.09381
   0.41888  -0.08864  -0.09381
   0.38895  -0.08864  -0.07885
   0.34406  -0.07367  -0.07885
   0.34406  -0.04375  -0.09381
   0.29917  -0.05871  -0.10878
   0.26924  -0.04375  -0.09381
   0.25428  -0.04375  -0.09381
   0.22435  -0.04375  -0.07885
   0.17946  -0.05871  -0.06389
   0.16449  -0.02878  -0.09381
   0.10464  -0.04375  -0.07885
   0.07471  -0.04375  -0.06389
   0.04478  -0.04375  -0.07885
   0.02982  -0.02878  -0.07885
   0.04478  -0.07367  -0.04892
  -1.1E-40  -0.08864  -0.06389
  -0.03004  -0.10360  -0.04892
  -0.07493  -0.11856  -0.07885
  -0.11982  -0.07367  -0.07885
  -0.14975  -0.10360  -0.07885
  -0.16471  -0.07367  -0.10878
  -0.19464  -0.10360  -0.06389
  -0.17967  -0.05871  -0.06389
  -0.20960  -0.10360  -0.07885
  -0.20960  -0.11856  -0.04892
  -0.26946  -0.07367  -0.07885
  -0.26946  -0.08864  -0.06389
  -0.28442  -0.08864  -0.04892
  -0.34427  -0.08864  -0.07885
  -0.34427  -0.02878  -0.06389
  -0.35924  -0.07367  -0.04892
  -0.38917  -0.05871  -0.01900
  -0.40413  -0.04375  -0.03396
  -0.37420  -0.04375  -0.00403
  -0.40413  -0.05871   0.01093
  -0.40413  -0.02878   0.02590
  -0.43406  -0.05871   0.02590
  -0.44902  -0.07367   0.04086
  -0.46398  -0.04375   0.04086
  -0.43406  -0.02878   0.07079
  -0.44902  -0.02878   0.08575
  -0.41909  -0.05871   0.13064
  -0.41909  -0.08864   0.16057
  -0.44902  -0.05871   0.16057
  -0.44902  -0.08864   0.14561
  -0.41909  -0.07367   0.13064
  -0.46398  -0.07367   0.16057
  -0.41909  -0.05871   0.17553
  -0.41909  -0.04375   0.19050
  -0.35924  -0.05871   0.22042
  -0.37420  -0.05871   0.23539
  -0.35924  -0.08864   0.22042
  -0.37420  -0.04375   0.22042
  -0.32931  -0.07367   0.22042
  -0.32931  -0.01382   0.20546
  -0.31435  -0.02878   0.20546
  -0.28442  -0.02878   0.23539
  -0.25449  -0.01382   0.23539
  -0.23953  -0.02878   0.25035
  -0.25449  -0.05871   0.23539
  -0.20960  -0.02878   0.25035
  -0.17967  -0.01382   0.23539
  -0.16471  -0.01382   0.22042
  -0.14975  -0.02878   0.25035
  -0.10485  -0.01382   0.28028
  -0.08989  -0.02878   0.25035
  -0.10485   0.00115   0.25035
  -0.05996   0.03107   0.28028
  -0.03004  -0.01382   0.28028
  -0.01507   0.00115   0.28028
   0.02982   0.00115   0.28028
   0.04478   0.00115   0.28028
   0.07471   0.01611   0.26532
   0.05975  -0.01382   0.25035
   0.07471   0.03107   0.26532
   0.11960   0.03107   0.26532
   0.13457   0.00115   0.28028
   0.13457   0.03107   0.26532
   0.14953   0.01611   0.26532
   0.16449   0.01611   0.25035
   0.19442   0.00115   0.26532
   0.19442   0.01611   0.23539
   0.20939   0.03107   0.22042
   0.16449   0.00115   0.19050
   0.20939   0.01611   0.17553
   0.22435  -0.02878   0.20546
   0.26924   0.00115   0.16057
   0.25428   0.01611   0.11568
   0.25428   0.03107   0.11568
   0.28420   0.03107   0.08575
   0.28420   0.03107   0.05582
   0.28420   0.01611   0.07079
   0.25428   0.04604   0.04086
   0.26924   0.04604   0.02590
   0.26924   0.06100  -0.00403
   0.26924   0.03107  -0.00403
   0.23931   0.06100  -0.01900
   0.23931   0.06100  -0.01900
   0.20939   0.03107  -0.04892
   0.19442   0.06100  -0.07885
   0.16449   0.04604  -0.07885
   0.17946   0.09093  -0.12374
   0.11960   0.04604  -0.15367
   0.10464   0.07596  -0.15367
   0.13457   0.10589  -0.19856
   0.05975   0.06100  -0.19856
   0.05975   0.07596  -0.21352
   0.05975   0.06100  -0.21352
   0.01486   0.06100  -0.21352
  -1.1E-40   0.01611  -0.24345
  -0.03004   0.04604  -0.28834
  -0.03004   0.06100  -0.28834
  -0.07493   0.03107  -0.28834
  -0.11982   0.04604  -0.31827
  -0.08989   0.01611  -0.28834
  -0.16471   0.03107  -0.30331
  -0.17967   0.04604  -0.30331
  -0.19464   0.03107  -0.28834
  -0.23953   0.03107  -0.31827
  -0.23953   0.01611  -0.30331
  -0.25449   0.04604  -0.30331
  -0.28442  -0.01382  -0.25842
  -0.29938   0.03107  -0.25842
  -0.32931   0.01611  -0.24345
  -0.35924   0.03107  -0.27338
  -0.38917   0.00115  -0.22849
  -0.38917   0.03107  -0.21352
  -0.38917   0.06100  -0.18360
  -0.38917   0.01611  -0.12374
  -0.40413   0.01611  -0.13871
  -0.41909   0.01611  -0.09381
  -0.43406   0.01611  -0.06389
  -0.41909   0.03107  -0.04892
  -0.41909   0.03107  -0.01900
  -0.43406   0.04604   0.01093
  -0.43406   0.06100  -0.00403
  -0.41909   0.04604   0.02590
  -0.43406   0.01611   0.07079
  -0.44902   0.03107   0.08575
  -0.43406   0.06100   0.10071
  -0.38917   0.04604   0.14561
  -0.43406   0.01611   0.14561
  -0.40413   0.06100   0.14561
  -0.40413   0.04604   0.17553
  -0.40413   0.04604   0.17553
  -0.38917   0.03107   0.20546
  -0.35924   0.06100   0.22042
  -0.35924   0.03107   0.22042
  -0.35924   0.03107   0.25035
  -0.34427   0.00115   0.28028
  -0.31435   0.03107   0.25035
  -0.29938   0.00115   0.26532
  -0.31435   0.01611   0.26532
  -0.25449   0.03107   0.29524
  -0.26946   0.00115   0.32517
  -0.23953   0.03107   0.31021
  -0.22456   0.03107   0.31021
  -0.17967   0.01611   0.32517
  -0.17967   0.04604   0.31021
  -0.13478   0.06100   0.32517
  -0.14975   0.03107   0.32517
  -0.14975   0.04604   0.34013
  -0.10485   0.06100   0.34013
  -0.07493   0.03107   0.37006
  -0.04500   0.04604   0.35510
  -0.04500   0.03107   0.37006
   0.02982   0.04604   0.38503
   0.05975   0.04604   0.38503
   0.07471   0.06100   0.38503
   0.07471   0.03107   0.37006
   0.08967   0.01611   0.37006
   0.14953   0.06100   0.35510
   0.17946   0.06100   0.35510
   0.20939   0.06100   0.35510
   0.25428   0.06100   0.34013
   0.23931   0.03107   0.32517
   0.29917   0.06100   0.32517
   0.29917   0.01611   0.31021
   0.29917   0.01611   0.28028
   0.35902   0.03107   0.28028
   0.34406   0.00115   0.29524
   0.35902   0.00115   0.25035
   0.37399   0.03107   0.23539
   0.37399   0.00115   0.22042
   0.38895  -0.02878   0.22042
   0.41888   0.03107   0.17553
   0.40391   0.01611   0.17553
   0.41888  -0.02878   0.14561
   0.43384   0.01611   0.11568
   0.43384   0.03107   0.10071
   0.44881  -0.01382   0.10071
   0.44881  -0.02878   0.08575
   0.43384   0.01611   0.05582
   0.43384   0.03107   0.01093
   0.41888   0.01611  -0.00403
   0.41888   0.01611  -0.00403
   0.41888   0.01611  -0.04892
   0.44881   0.03107  -0.07885
   0.41888   0.04604  -0.09381
   0.44881   0.00115  -0.09381
   0.41888   0.03107  -0.12374
   0.43384   0.00115  -0.12374
   0.40391   0.01611  -0.16863
   0.38895   0.00115  -0.16863
   0.40391   0.01611  -0.18360
   0.32910  -0.02878  -0.21352
   0.34406   0.00115  -0.22849
   0.35902  -0.02878  -0.24345
   0.32910  -0.01382  -0.24345
   0.32910  -0.01382  -0.27338
   0.29917  -0.04375  -0.28834
   0.28420  -0.02878  -0.31827
   0.23931  -0.02878  -0.28834
   0.23931   0.01611  -0.33323
   0.20939  -0.01382  -0.30331
   0.19442  -0.02878  -0.30331
   0.14953   0.00115  -0.34820
   0.14953   0.01611  -0.34820
   0.13457   0.00115  -0.33323
   0.11960   0.01611  -0.37813
   0.10464  -0.02878  -0.36316
   0.07471  -0.01382  -0.34820
   0.04478   0.01611  -0.37813
   0.01486   0.00115  -0.33323
  -0.01507  -0.01382  -0.33323
  -0.01507   0.00115  -0.33323
  -0.04500   0.00115  -0.31827
  -0.05996   0.01611  -0.31827
  -0.10485   0.00115  -0.31827
  -0.13478   0.04604  -0.30331
  -0.13478   0.04604  -0.28834
  -0.16471   0.04604  -0.27338
  -0.17967   0.04604  -0.25842
  -0.22456   0.04604  -0.25842
  -0.23953   0.03107  -0.24345
  -0.28442   0.04604  -0.21352
  -0.26946   0.07596  -0.21352
  -0.29938   0.04604  -0.19856
  -0.34427   0.03107  -0.16863
  -0.32931   0.04604  -0.15367
  -0.35924   0.04604  -0.13871
  -0.35924   0.03107  -0.12374
  -0.34427   0.03107  -0.12374
  -0.35924   0.01611  -0.07885
  -0.38917   0.03107  -0.07885
  -0.40413   0.00115  -0.03396
  -0.40413   0.00115  -0.03396
  -0.40413  -0.02878   0.01093
  -0.41909   0.00115   0.01093
  -0.40413  -0.01382   0.02590
  -0.37420  -0.01382   0.04086
  -0.38917  -0.01382   0.05582
  -0.38917  -0.01382   0.10071
  -0.37420   0.00115   0.08575
  -0.35924  -0.04375   0.13064
  -0.35924   0.01611   0.14561
  -0.34427   0.00115   0.14561
  -0.34427  -0.04375   0.17553
  -0.32931   0.00115   0.19050
  -0.29938   0.00115   0.22042
  -0.26946  -0.01382   0.23539
  -0.25449  -0.02878   0.25035
  -0.23953  -0.01382   0.26532
  -0.22456  -0.01382   0.28028
  -0.20960   0.00115   0.29524
  -0.17967  -0.01382   0.31021
  -0.16471  -0.01382   0.37006
  -0.13478   0.00115   0.32517
  -0.11982  -0.02878   0.35510
  -0.10485  -0.02878   0.37006
  -0.07493  -0.01382   0.37006
  -0.05996  -0.02878   0.38503
  -0.03004  -0.02878   0.39999
  -1.1E-40   0.00115   0.38503
   0.02982  -0.01382   0.41495
   0.02982  -0.04375   0.39999
   0.04478  -0.01382   0.37006
   0.07471  -0.01382   0.39999
   0.05975  -0.04375   0.38503
   0.07471  -0.04375   0.38503
   0.08967  -0.01382   0.34013
   0.10464  -0.02878   0.35510
   0.14953  -0.02878   0.34013
   0.13457  -0.02878   0.34013
   0.14953  -0.04375   0.32517
   0.17946  -0.02878   0.31021
   0.20939  -0.02878   0.29524
   0.22435  -0.04375   0.29524
   0.22435  -0.04375   0.26532
   0.25428  -0.02878   0.26532
   0.23931  -0.04375   0.22042
   0.28420  -0.04375   0.20546
   0.28420  -0.02878   0.16057
   0.29917  -0.01382   0.16057
   0.29917  -0.02878   0.14561
   0.32910  -0.01382   0.13064
   0.34406  -0.04375   0.10071
   0.34406  -0.02878   0.04086
   0.32910  -0.04375   0.05582
   0.37399  -0.02878   0.02590
   0.32910  -0.05871  -0.00403
   0.35902  -0.01382  -0.04892
   0.35902  -0.02878  -0.01900
   0.34406  -0.02878  -0.06389
   0.32910  -0.02878  -0.06389
   0.37399  -0.01382  -0.09381
   0.35902  -0.02878  -0.12374
   0.32910  -0.05871  -0.18360
   0.34406  -0.05871  -0.18360
   0.32910  -0.04375  -0.18360
   0.32910  -0.05871  -0.21352
   0.29917  -0.07367  -0.21352
   0.31413  -0.04375  -0.24345
   0.32910  -0.05871  -0.24345
   0.28420  -0.07367  -0.25842
   0.28420  -0.07367  -0.25842
   0.26924  -0.05871  -0.27338
   0.22435  -0.08864  -0.27338
   0.20939  -0.05871  -0.28834
   0.19442  -0.07367  -0.28834
   0.19442  -0.05871  -0.30331
   0.14953  -0.08864  -0.30331
   0.13457  -0.07367  -0.31827
   0.10464  -0.07367  -0.30331
   0.13457  -0.10360  -0.27338
   0.10464  -0.07367  -0.30331
   0.05975  -0.05871  -0.31827
   0.07471  -0.07367  -0.30331
   0.02982  -0.05871  -0.30331
   0.04478  -0.07367  -0.31827
   0.01486  -0.07367  -0.30331
   0.02982  -0.07367  -0.28834
   0.01486  -0.05871  -0.28834
  -0.01507  -0.05871  -0.28834
  -0.01507  -0.04375  -0.28834
  -1.1E-40  -0.07367  -0.25842
  -0.03004  -0.07367  -0.25842
  -0.07493  -0.07367  -0.24345
  -0.05996  -0.04375  -0.22849
  -0.04500  -0.05871  -0.22849
  -0.05996  -0.02878  -0.21352
  -0.07493  -0.04375  -0.22849
  -0.07493  -0.02878  -0.21352
  -0.10485  -0.02878  -0.18360
  -0.11982  -0.04375  -0.16863
  -0.13478  -0.05871  -0.15367
  -0.11982  -0.02878  -0.16863
  -0.13478  -0.04375  -0.12374
  -0.08989  -0.02878  -0.10878
  -0.11982  -0.04375  -0.10878
  -0.13478  -0.02878  -0.10878
  -0.08989  -0.02878  -0.07885
  -0.13478  -0.02878  -0.06389
  -0.10485   0.00115  -0.03396
  -0.13478  -0.02878  -0.06389
  -0.10485  -0.02878  -0.01900
  -0.13478  -0.02878   0.01093
  -0.11982  -0.01382  -0.00403
  -0.10485  -0.04375   0.02590
  -0.10485  -0.01382   0.04086
  -0.08989   0.03107   0.07079
  -0.11982  -0.01382   0.07079
  -0.08989   0.00115   0.08575
  -0.08989   0.00115   0.10071
  -0.07493   0.01611   0.11568
  -0.04500   0.00115   0.11568
  -0.05996   0.01611   0.14561
  -0.04500   0.03107   0.14561
  -0.05996   0.03107   0.13064
  -0.03004   0.04604   0.14561
  -0.05996   0.03107   0.16057
  -0.01507   0.03107   0.17553
  -0.03004   0.04604   0.16057
  -0.01507   0.03107   0.17553
   0.01486   0.04604   0.17553
  -0.03004   0.06100   0.17553
  -0.04500   0.04604   0.20546
  -0.01507   0.09093   0.20546
  -0.01507   0.04604   0.22042
  -0.01507   0.04604   0.23539
  -0.04500   0.07596   0.22042
  -0.01507   0.07596   0.25035
  -0.04500   0.04604   0.23539
  -0.07493   0.06100   0.23539
  -0.07493   0.06100   0.23539
  -0.05996   0.04604   0.20546
  -0.07493   0.03107   0.20546
  -0.08989   0.04604   0.20546
  -0.08989   0.09093   0.17553
  -0.08989   0.07596   0.16057
  -0.10485   0.04604   0.16057
  -0.10485   0.06100   0.14561
  -0.08989   0.06100   0.13064
  -0.11982   0.04604   0.10071
  -0.11982   0.07596   0.08575
  -0.11982   0.06100   0.08575
  -0.11982   0.06100   0.05582
  -0.11982   0.04604   0.04086
  -0.16471   0.04604   0.02590
  -0.13478   0.04604   0.02590
  -0.14975   0.04604  -0.01900
  -0.13478   0.04604  -0.01900
  -0.11982   0.06100  -0.01900
  -0.13478   0.04604  -0.04892
  -0.11982   0.04604  -0.04892
  -0.13478   0.06100  -0.06389
  -0.13478   0.06100  -0.06389
  -0.11982   0.06100  -0.07885
  -0.13478   0.04604  -0.09381
  -0.11982   0.03107  -0.09381
  -0.13478   0.03107  -0.13871
  -0.11982   0.06100  -0.12374
  -0.11982   0.04604  -0.09381
  -0.10485   0.06100  -0.12374
  -0.10485   0.01611  -0.09381
  -0.11982   0.04604  -0.12374
  -0.10485   0.01611  -0.10878
  -0.07493   0.03107  -0.10878
  -0.11982   0.01611  -0.10878
  -0.08989   0.04604  -0.10878
  -0.07493   0.03107  -0.09381
  -0.08989   0.00115  -0.09381
  -0.07493   0.03107  -0.06389
  -0.05996   0.00115  -0.06389
  -0.08989   0.01611  -0.06389
  -0.05996  -0.01382  -0.04892
  -0.05996   0.00115  -0.04892
  -0.03004  -0.01382  -0.03396
  -0.03004   0.01611  -0.03396
  -0.03004  -0.02878  -0.01900
  -0.03004   0.00115  -0.00403
   0.01486  -0.02878  -0.00403
   0.01486  -0.02878  -0.00403
   0.02982  -0.04375   0.01093
   0.04478  -0.04375   0.04086
   0.05975  -0.02878   0.04086
   0.07471  -0.02878   0.07079
   0.07471  -0.04375   0.08575
   0.07471  -0.05871   0.08575
   0.10464  -0.07367   0.11568
   0.11960  -0.08864   0.13064
   0.13457  -0.05871   0.13064
   0.13457  -0.05871   0.14561
   0.14953  -0.05871   0.16057
   0.13457  -0.04375   0.17553
   0.16449  -0.05871   0.16057
   0.14953  -0.07367   0.20546
   0.16449  -0.05871   0.22042
   0.16449  -0.04375   0.22042
   0.16449  -0.02878   0.23539
   0.17946  -0.02878   0.25035
   0.16449  -0.04375   0.28028
   0.17946   0.00115   0.26532
   0.19442  -0.04375   0.28028
   0.17946  -0.02878   0.26532
   0.17946  -0.04375   0.31021
   0.17946  -0.05871   0.29524
   0.17946  -0.02878   0.32517
   0.17946  -0.02878   0.29524
   0.16449  -0.05871   0.29524
   0.17946  -0.04375   0.32517
   0.14953  -0.04375   0.31021
   0.16449  -0.04375   0.32517
   0.16449  -0.05871   0.34013
   0.13457  -0.08864   0.34013
   0.11960  -0.07367   0.32517
   0.14953  -0.05871   0.32517
   0.11960  -0.05871   0.32517
   0.10464  -0.07367   0.28028
   0.10464  -0.05871   0.29524
   0.10464  -0.05871   0.28028
   0.10464  -0.04375   0.26532
   0.08967  -0.05871   0.28028
   0.05975  -0.02878   0.23539
   0.07471  -0.02878   0.22042
   0.02982  -0.02878   0.20546
   0.02982  -0.02878   0.19050
   0.04478  -0.02878   0.17553
   0.01486  -0.02878   0.14561
   0.01486  -0.02878   0.13064
  -1.1E-40  -0.04375   0.10071
  -0.03004  -0.02878   0.11568
  -0.03004   0.00115   0.08575
  -0.07493  -0.01382   0.05582
  -0.04500   0.00115   0.02590
  -0.04500  -0.01382  -0.00403
  -0.07493  -0.02878  -0.01900
  -0.08989   0.00115  -0.04892
  -0.10485   0.00115  -0.06389
  -0.11982   0.01611  -0.07885
  -0.10485   0.03107  -0.07885
  -0.13478   0.03107  -0.12374
  -0.11982   0.00115  -0.12374
  -0.13478   0.04604  -0.15367
  -0.14975   0.04604  -0.18360
  -0.13478   0.01611  -0.19856
  -0.11982   0.04604  -0.22849
  -0.13478   0.01611  -0.21352
  -0.14975   0.01611  -0.24345
  -0.13478   0.03107  -0.25842
  -0.16471   0.03107  -0.27338
  -0.13478   0.01611  -0.28834
  -0.14975   0.03107  -0.31827
  -0.13478   0.03107  -0.28834
  -0.10485   0.01611  -0.28834
  -0.14975   0.03107  -0.36316
  -0.11982   0.00115  -0.36316
  -0.11982   0.03107  -0.31827
  -0.13478   0.03107  -0.34820
  -0.08989   0.04604  -0.34820
  -0.08989   0.03107  -0.37813
  -0.10485   0.01611  -0.36316
  -0.08989   0.04604  -0.37813
  -0.05996   0.03107  -0.34820
  -0.05996   0.03107  -0.36316
  -0.05996   0.04604  -0.39309
  -0.05996   0.03107  -0.36316
  -0.03004   0.06100  -0.34820
  -0.04500   0.03107  -0.33323
  -0.05996   0.07596  -0.36316
  -0.03004   0.04604  -0.31827
  -0.01507   0.09093  -0.33323
  -0.01507   0.04604  -0.33323
  -1.1E-40   0.06100  -0.33323
  -0.01507   0.06100  -0.27338
  -1.1E-40   0.06100  -0.28834
   0.01486   0.03107  -0.24345
   0.01486   0.01611  -0.24345
   0.01486   0.03107  -0.21352
  -1.1E-40   0.04604  -0.21352
   0.01486   0.03107  -0.16863
   0.02982   0.06100  -0.13871
   0.04478   0.06100  -0.13871
   0.02982   0.01611  -0.09381
   0.02982   0.06100  -0.09381
   0.02982   0.06100  -0.07885
   0.05975   0.03107  -0.03396
   0.05975   0.01611   0.01093
   0.04478   0.04604   0.01093
   0.07471   0.04604   0.02590
   0.04478  -0.01382   0.07079
   0.04478   0.04604   0.07079
   0.02982   0.01611   0.11568
   0.04478   0.04604   0.10071
   0.04478   0.03107   0.11568
   0.04478   0.01611   0.14561
   0.04478   0.00115   0.16057
   0.07471   0.00115   0.19050
   0.07471   0.00115   0.19050
   0.07471   0.01611   0.22042
   0.08967  -0.01382   0.25035
   0.05975  -0.01382   0.23539
   0.07471   0.00115   0.26532
   0.08967   0.00115   0.28028
   0.05975  -0.02878   0.29524
   0.04478  -0.02878   0.29524
   0.04478   0.01611   0.26532
   0.04478  -0.01382   0.28028
   0.04478   0.00115   0.29524
   0.04478   0.03107   0.23539
   0.05975   0.01611   0.26532
   0.04478   0.00115   0.31021
   0.02982   0.01611   0.26532
   0.02982  -0.01382   0.28028
   0.01486  -0.01382   0.28028
   0.04478   0.03107   0.23539
   0.01486   0.03107   0.23539
   0.02982   0.00115   0.23539
   0.01486   0.03107   0.23539
  -0.01507   0.00115   0.20546
  -1.1E-40   0.04604   0.20546
  -0.03004   0.00115   0.19050
  -0.01507   0.01611   0.16057
  -0.03004   0.01611   0.16057
  -0.03004   0.00115   0.14561
  -0.03004   0.01611   0.14561
  -0.04500   0.00115   0.13064
  -0.03004   0.00115   0.10071
  -0.04500   0.00115   0.10071
  -0.08989   0.00115   0.08575
  -0.05996  -0.01382   0.07079
  -0.07493   0.01611   0.07079
  -0.10485   0.01611   0.01093
  -0.07493   0.00115   0.01093
  -0.05996   0.00115   0.01093
  -0.07493  -0.01382  -0.00403
  -0.07493   0.01611  -0.03396
  -0.05996   0.04604  -0.03396
  -0.08989   0.01611  -0.01900
  -0.07493   0.00115  -0.04892
  -0.07493   0.00115  -0.04892
  -0.08989   0.03107  -0.09381
  -0.05996   0.00115  -0.09381
  -0.10485   0.00115  -0.12374
  -0.08989   0.06100  -0.12374
  -0.07493   0.01611  -0.12374
  -0.10485   0.01611  -0.12374
  -0.10485   0.00115  -0.15367
  -0.08989   0.03107  -0.15367
  -0.07493   0.01611  -0.16863
  -0.08989   0.00115  -0.16863
  -0.08989   0.00115  -0.19856
  -0.05996   0.03107  -0.21352
  -0.05996   0.03107  -0.21352
  -0.08989   0.01611  -0.25842
  -0.04500   0.01611  -0.22849
  -0.04500   0.00115  -0.24345
  -0.04500  -0.01382  -0.25842
  -0.03004   0.01611  -0.28834
  -0.05996   0.00115  -0.28834
  -0.07493   0.01611  -0.33323
  -0.05996   0.00115  -0.33323
  -0.05996   0.00115  -0.33323
  -0.04500   0.01611  -0.36316
  -0.03004  -0.04375  -0.34820
  -0.07493  -0.02878  -0.36316
  -0.07493   0.00115  -0.39309
  -0.05996   0.01611  -0.40805
  -0.05996  -0.01382  -0.37813
  -0.08989  -0.02878  -0.42302
  -0.04500   0.01611  -0.43798
  -0.05996   0.00115  -0.40805
  -0.05996   0.00115  -0.45294
  -0.04500   0.00115  -0.42302
  -0.04500   0.03107  -0.43798
  -0.05996   0.06100  -0.43798
  -0.05996  -0.01382  -0.39309
  -0.05996  -0.01382  -0.40805
  -0.05996   0.01611  -0.42302
  -0.05996   0.01611  -0.37813
  -0.04500   0.03107  -0.40805
  -0.03004   0.03107  -0.36316
  -0.07493   0.04604  -0.36316
  -0.07493   0.03107  -0.37813
  -0.05996   0.04604  -0.34820
  -0.04500   0.03107  -0.31827
  -0.05996   0.03107  -0.31827
  -0.04500   0.06100  -0.33323
  -0.05996   0.06100  -0.30331
  -0.04500   0.06100  -0.27338
  -0.05996   0.01611  -0.24345
  -0.05996   0.03107  -0.22849
  -0.04500   0.07596  -0.19856
  -0.03004   0.07596  -0.18360
  -0.04500   0.09093  -0.16863
  -0.04500   0.07596  -0.15367
  -0.03004   0.06100  -0.10878
  -0.05996   0.07596  -0.10878
  -0.04500   0.07596  -0.09381
  -0.04500   0.07596  -0.06389
  -0.04500   0.06100  -0.03396
  -0.04500   0.06100  -0.01900
  -0.03004   0.04604   0.01093
  -0.03004   0.03107   0.05582
  -0.03004   0.03107   0.08575
  -0.03004   0.03107   0.08575
  -0.01507   0.06100   0.10071
  -1.1E-40   0.04604   0.13064
   0.02982   0.03107   0.16057
   0.01486   0.01611   0.19050
   0.01486   0.04604   0.20546
   0.04478   0.04604   0.25035
   0.07471   0.06100   0.25035
   0.04478   0.03107   0.28028
   0.08967   0.04604   0.29524
   0.05975   0.03107   0.34013
   0.07471   0.04604   0.34013
   0.07471   0.06100   0.35510
   0.07471   0.04604   0.38503
   0.08967   0.01611   0.42992
   0.08967   0.06100   0.42992
   0.10464   0.04604   0.44488
   0.07471   0.01611   0.44488
   0.08967   0.01611   0.47481
   0.08967   0.03107   0.48977
   0.10464   0.01611   0.48977
   0.05975   0.01611   0.48977
   0.05975   0.01611   0.51970
   0.04478  -0.01382   0.53466
   0.05975  -0.01382   0.53466
   0.02982  -0.01382   0.54963
   0.02982   0.01611   0.51970
  -0.01507  -0.04375   0.56459
  -0.01507  -0.02878   0.57955
  -0.03004  -0.02878   0.54963
  -0.04500  -0.04375   0.56459
  -0.08989  -0.04375   0.54963
  -0.05996  -0.04375   0.56459
  -0.10485  -0.04375   0.54963
  -0.11982   0.00115   0.53466
  -0.13478  -0.05871   0.53466
  -0.14975  -0.05871   0.51970
  -0.13478  -0.04375   0.51970
  -0.19464  -0.04375   0.50474
  -0.17967  -0.02878   0.45984
  -0.20960  -0.05871   0.45984
  -0.20960  -0.02878   0.42992
  -0.19464  -0.07367   0.41495
  -0.22456  -0.07367   0.38503
  -0.23953  -0.04375   0.38503
  -0.20960  -0.04375   0.32517
  -0.23953  -0.04375   0.31021
  -0.26946  -0.02878   0.26532
  -0.26946  -0.02878   0.25035
  -0.25449  -0.02878   0.23539
  -0.25449  -0.02878   0.19050
  -0.28442  -0.02878   0.13064
  -0.25449  -0.02878   0.14561
  -0.25449  -0.04375   0.10071
  -0.26946  -0.04375   0.05582
  -0.26946  -0.01382  -0.00403
  -0.26946  -0.02878  -0.01900
  -0.26946  -0.04375  -0.03396
  -0.26946  -0.04375  -0.04892
  -0.23953  -0.02878  -0.09381
  -0.22456  -0.04375  -0.12374
  -0.23953  -0.04375  -0.13871
  -0.22456  -0.04375  -0.18360
  -0.23953  -0.07367  -0.18360
  -0.20960  -0.04375  -0.24345
  -0.17967  -0.04375  -0.24345
  -0.19464  -0.07367  -0.24345
  -0.17967  -0.07367  -0.25842
  -0.17967  -0.10360  -0.28834
  -0.16471  -0.08864  -0.30331
  -0.14975  -0.10360  -0.31827
  -0.13478  -0.08864  -0.30331
  -0.13478  -0.11856  -0.30331
  -0.11982  -0.10360  -0.30331
  -0.08989  -0.10360  -0.30331
  -0.08989  -0.10360  -0.31827
  -0.05996  -0.08864  -0.33323
  -0.05996  -0.08864  -0.31827
  -0.04500  -0.07367  -0.30331
  -0.03004  -0.11856  -0.27338
  -1.1E-40  -0.10360  -0.27338
  -1.1E-40  -0.05871  -0.30331
   0.02982  -0.08864  -0.25842
   0.04478  -0.07367  -0.22849
   0.05975  -0.07367  -0.24345
   0.10464  -0.05871  -0.21352
   0.08967  -0.11856  -0.18360
   0.11960  -0.04375  -0.16863
   0.13457  -0.07367  -0.13871
   0.14953  -0.13353  -0.12374
   0.19442  -0.08864  -0.09381
   0.16449  -0.10360  -0.07885
   0.17946  -0.07367  -0.07885
   0.23931  -0.08864  -0.00403
   0.22435  -0.11856   0.01093
   0.22435  -0.05871   0.04086
   0.22435  -0.07367   0.04086
   0.28420  -0.05871   0.08575
   0.28420  -0.02878   0.10071
   0.32910  -0.05871   0.11568
   0.32910  -0.05871   0.17553
   0.32910  -0.04375   0.17553
   0.35902  -0.05871   0.22042
   0.35902  -0.02878   0.22042
   0.38895  -0.05871   0.28028
   0.38895  -0.05871   0.31021
   0.41888  -0.02878   0.31021
   0.43384  -0.07367   0.34013
   0.41888  -0.05871   0.38503
   0.41888  -0.05871   0.38503
   0.43384  -0.05871   0.39999
   0.41888  -0.04375   0.45984
   0.46377  -0.02878   0.45984
   0.44881  -0.02878   0.45984
   0.43384  -0.02878   0.47481
   0.43384  -0.04375   0.48977
   0.44881  -0.01382   0.47481
   0.41888  -0.02878   0.51970
   0.43384   0.00115   0.50474
   0.40391  -0.01382   0.51970
   0.41888  -0.01382   0.50474
   0.38895  -0.01382   0.48977
   0.41888  -0.01382   0.51970
   0.40391  -0.02878   0.53466
   0.40391   0.00115   0.51970
   0.37399  -0.01382   0.51970
   0.35902  -0.02878   0.50474
   0.32910   0.00115   0.47481
   0.34406   0.01611   0.45984
   0.32910   0.01611   0.45984
   0.32910   0.00115   0.47481
   0.29917   0.01611   0.42992
   0.28420   0.03107   0.39999
   0.28420   0.01611   0.37006
   0.25428   0.03107   0.34013
   0.22435  -0.01382   0.34013
   0.20939   0.04604   0.31021
   0.16449   0.00115   0.29524
   0.14953   0.03107   0.25035
   0.13457   0.03107   0.20546
   0.13457   0.01611   0.19050
   0.10464   0.00115   0.14561
   0.08967   0.03107   0.08575
   0.05975   0.00115   0.08575
   0.01486   0.00115   0.02590
   0.02982   0.00115  -0.03396
   0.01486   0.00115  -0.03396
  -0.01507  -0.02878  -0.09381
  -0.04500  -0.01382  -0.10878
  -0.05996  -0.04375  -0.12374
  -0.08989  -0.01382  -0.19856
  -0.10485   0.00115  -0.22849
  -0.13478   0.00115  -0.30331
  -0.16471   0.01611  -0.33323
  -0.14975  -0.04375  -0.33323
  -0.19464   0.00115  -0.39309
  -0.19464  -0.01382  -0.42302
  -0.19464  -0.01382  -0.45294
  -0.23953  -0.01382  -0.48287
  -0.23953   0.03107  -0.51280
  -0.22456  -0.02878  -0.54273
  -0.23953  -0.01382  -0.58762
  -0.26946   0.01611  -0.57265
  -0.23953   0.01611  -0.57265
  -0.28442   0.00115  -0.63251
  -0.28442   0.03107  -0.63251
  -0.29938   0.03107  -0.63251
  -0.29938  -0.01382  -0.60258
  -0.29938  -0.02878  -0.61755
  -0.29938  -0.01382  -0.61755
  -0.28442   0.00115  -0.61755
  -0.28442   0.00115  -0.63251
  -0.29938   0.00115  -0.61755
  -0.31435  -0.01382  -0.60258
  -0.29938   0.01611  -0.61755
  -0.28442   0.01611  -0.58762
  -0.26946   0.04604  -0.57265
  -0.26946   0.01611  -0.57265
  -0.28442  -0.01382  -0.52776
  -0.29938   0.03107  -0.54273
  -0.26946  -0.01382  -0.48287
  -0.26946   0.01611  -0.49784
  -0.26946   0.01611  -0.46791
  -0.23953   0.00115  -0.42302
  -0.22456  -0.01382  -0.37813
  -0.20960   0.00115  -0.34820
  -0.20960   0.00115  -0.30331
  -0.16471   0.01611  -0.31827
  -0.14975   0.03107  -0.25842
  -0.14975   0.06100  -0.27338
  -0.11982   0.03107  -0.24345
  -0.08989   0.07596  -0.22849
  -0.05996   0.06100  -0.18360
  -0.08989   0.04604  -0.16863
  -0.05996   0.06100  -0.10878
   0.01486   0.06100  -0.09381
  -1.1E-40   0.04604  -0.04892
  -1.1E-40   0.04604  -0.04892
   0.05975   0.06100  -0.00403
   0.07471   0.10589  -0.00403
   0.08967   0.06100   0.05582
   0.10464   0.06100   0.05582
   0.10464   0.09093   0.08575
   0.16449   0.09093   0.13064
   0.20939   0.10589   0.16057
   0.23931   0.09093   0.20546
   0.25428   0.09093   0.17553
   0.28420   0.09093   0.22042
   0.28420   0.07596   0.25035
   0.32910   0.10589   0.25035
   0.34406   0.10589   0.31021
   0.34406   0.09093   0.31021
   0.35902   0.10589   0.31021
   0.37399   0.13582   0.31021
   0.40391   0.09093   0.34013
   0.43384   0.09093   0.38503
   0.40391   0.09093   0.39999
   0.41888   0.10589   0.38503
   0.43384   0.10589   0.41495
   0.44881   0.09093   0.39999
   0.43384   0.12086   0.41495
   0.43384   0.09093   0.42992
   0.43384   0.10589   0.41495
   0.41888   0.06100   0.42992
   0.43384   0.07596   0.44488
   0.43384   0.07596   0.41495
   0.43384   0.07596   0.42992
   0.40391   0.09093   0.42992
   0.43384   0.09093   0.41495
   0.41888   0.12086   0.41495
   0.37399   0.06100   0.39999
   0.37399   0.07596   0.38503
   0.32910   0.07596   0.38503
   0.32910   0.07596   0.39999
   0.31413   0.07596   0.37006
   0.26924   0.07596   0.37006
   0.28420   0.04604   0.37006
   0.26924   0.07596   0.34013
   0.22435   0.07596   0.32517
   0.19442   0.04604   0.31021
   0.20939   0.06100   0.32517
   0.17946   0.09093   0.28028
   0.14953   0.03107   0.28028
   0.13457   0.04604   0.25035
   0.10464   0.01611   0.23539
   0.07471   0.01611   0.22042
   0.05975   0.04604   0.17553
   0.05975   0.04604   0.19050
   0.01486   0.03107   0.16057
   0.01486   0.00115   0.16057
  -0.01507   0.03107   0.14561
  -0.01507   0.01611   0.13064
  -0.05996   0.01611   0.08575
  -0.05996   0.01611   0.07079
  -0.07493   0.01611   0.07079
  -0.10485   0.01611   0.05582
  -0.11982   0.04604   0.02590
  -0.13478   0.03107   0.02590
  -0.11982  -0.01382   0.01093
  -0.16471   0.01611  -0.01900
  -0.19464   0.00115  -0.01900
  -0.19464   0.03107  -0.06389
  -0.19464   0.01611  -0.04892
  -0.23953   0.01611  -0.04892
  -0.23953   0.01611  -0.09381
  -0.25449  -0.01382  -0.06389
  -0.28442   0.03107  -0.12374
  -0.29938   0.00115  -0.10878
  -0.29938   0.03107  -0.13871
  -0.29938  -0.01382  -0.13871
  -0.29938   0.00115  -0.16863
  -0.32931  -0.01382  -0.16863
  -0.31435   0.00115  -0.15367
  -0.35924   0.00115  -0.18360
  -0.32931   0.03107  -0.19856
  -0.34427  -0.02878  -0.22849
  -0.31435   0.00115  -0.19856
  -0.34427   0.00115  -0.25842
  -0.34427  -0.01382  -0.25842
  -0.32931   0.01611  -0.27338
  -0.32931  -0.01382  -0.25842
  -0.34427   0.00115  -0.30331
  -0.32931  -0.02878  -0.28834
  -0.32931   0.00115  -0.31827
  -0.31435  -0.01382  -0.33323
  -0.31435  -0.02878  -0.34820
  -0.29938   0.00115  -0.34820
  -0.28442  -0.01382  -0.36316
  -0.28442  -0.04375  -0.36316
  -0.28442  -0.02878  -0.37813
  -0.23953  -0.02878  -0.37813
  -0.23953   0.01611  -0.40805
  -0.22456   0.00115  -0.40805
  -0.22456  -0.02878  -0.43798
  -0.19464   0.00115  -0.42302
  -0.17967  -0.02878  -0.40805
  -0.16471   0.00115  -0.42302
  -0.14975  -0.02878  -0.43798
  -0.14975  -0.01382  -0.40805
  -0.14975   0.00115  -0.37813
  -0.16471  -0.01382  -0.39309
  -0.13478   0.01611  -0.39309
  -0.11982  -0.01382  -0.39309
  -0.11982   0.00115  -0.37813
  -0.13478   0.00115  -0.34820
  -0.11982  -0.01382  -0.34820
  -0.11982  -0.01382  -0.31827
  -0.13478  -0.01382  -0.30331
  -0.10485  -0.04375  -0.28834
  -0.13478  -0.05871  -0.24345
  -0.10485  -0.04375  -0.21352
  -0.13478  -0.04375  -0.19856
  -0.14975  -0.05871  -0.18360
  -0.13478  -0.04375  -0.18360
  -0.13478  -0.01382  -0.15367
  -0.14975  -0.05871  -0.15367
  -0.13478  -0.05871  -0.10878
  -0.14975  -0.07367  -0.07885
  -0.14975  -0.01382  -0.04892
  -0.14975  -0.05871  -0.03396
  -0.16471  -0.05871  -0.01900
  -0.16471  -0.07367   0.04086
  -0.17967  -0.05871   0.04086
  -0.17967  -0.07367   0.07079
  -0.19464  -0.07367   0.07079
  -0.20960  -0.08864   0.10071
  -0.20960  -0.07367   0.13064
  -0.19464  -0.07367   0.14561
  -0.23953  -0.07367   0.19050
  -0.22456  -0.07367   0.19050
  -0.23953  -0.08864   0.19050
  -0.22456  -0.05871   0.23539
  -0.23953  -0.11856   0.25035
  -0.23953  -0.08864   0.29524
  -0.22456  -0.07367   0.28028
  -0.22456  -0.08864   0.26532
  -0.20960  -0.07367   0.29524
  -0.22456  -0.08864   0.32517
  -0.23953  -0.04375   0.32517
  -0.25449  -0.05871   0.32517
  -0.23953  -0.05871   0.35510
  -0.26946  -0.04375   0.37006
  -0.23953  -0.07367   0.37006
  -0.25449  -0.05871   0.37006
  -0.28442  -0.04375   0.35510
  -0.29938  -0.02878   0.35510
  -0.25449  -0.02878   0.38503
  -0.28442  -0.05871   0.41495
  -0.28442  -0.04375   0.41495
  -0.28442  -0.01382   0.42992
  -0.26946  -0.05871   0.44488
  -0.26946  -0.04375   0.42992
  -0.28442  -0.05871   0.41495
  -0.25449  -0.02878   0.42992
  -0.25449  -0.01382   0.42992
  -0.25449  -0.04375   0.41495
  -0.25449  -0.01382   0.38503
  -0.22456   0.00115   0.39999
  -0.22456  -0.01382   0.38503
  -0.22456  -0.04375   0.38503
  -0.22456  -0.01382   0.38503
  -0.22456  -0.01382   0.37006
  -0.22456   0.04604   0.34013
  -0.19464  -0.02878   0.35510
  -0.17967  -0.01382   0.34013
  -0.19464   0.00115   0.34013
  -0.17967  -0.01382   0.31021
  -0.16471   0.01611   0.31021
  -0.11982   0.01611   0.29524
  -0.11982   0.03107   0.23539
  -0.11982   0.06100   0.22042
  -0.07493   0.06100   0.17553
  -0.05996   0.06100   0.16057
  -0.04500   0.04604   0.14561
  -1.1E-40   0.06100   0.13064
   0.02982   0.09093   0.10071
   0.04478   0.04604   0.07079
   0.04478   0.03107   0.04086
   0.07471   0.09093   0.01093
   0.10464   0.07596  -0.03396
   0.11960   0.04604  -0.04892
   0.14953   0.07596  -0.06389
   0.17946   0.07596  -0.09381
   0.22435   0.06100  -0.10878
   0.23931   0.04604  -0.13871
   0.26924   0.04604  -0.18360
   0.28420   0.06100  -0.19856
   0.32910   0.04604  -0.19856
   0.31413   0.00115  -0.22849
   0.37399   0.04604  -0.27338
   0.35902   0.00115  -0.28834
   0.38895   0.03107  -0.30331
   0.43384   0.03107  -0.31827
   0.41888   0.01611  -0.34820
   0.43384   0.03107  -0.33323
   0.46377   0.03107  -0.36316
   0.46377   0.03107  -0.39309
   0.49370   0.04604  -0.40805
   0.47873   0.07596  -0.42302
   0.49370   0.04604  -0.40805
   0.47873   0.01611  -0.43798
   0.49370   0.06100  -0.46791
   0.52362   0.04604  -0.46791
   0.53859   0.01611  -0.45294
   0.49370   0.04604  -0.46791
   0.49370   0.04604  -0.45294
   0.49370   0.03107  -0.43798
   0.49370   0.03107  -0.46791
   0.50866   0.04604  -0.45294
   0.44881   0.03107  -0.43798
   0.47873  -0.01382  -0.40805
   0.46377   0.01611  -0.42302
   0.43384   0.00115  -0.40805
   0.44881   0.04604  -0.40805
   0.44881   0.04604  -0.39309
   0.43384   0.04604  -0.39309
   0.40391   0.00115  -0.34820
   0.40391   0.01611  -0.31827
   0.40391   0.01611  -0.36316
   0.37399   0.00115  -0.31827
   0.31413   0.01611  -0.31827
   0.34406   0.01611  -0.30331
   0.32910  -0.01382  -0.25842
   0.31413   0.00115  -0.24345
   0.26924   0.00115  -0.27338
   0.26924   0.01611  -0.25842
   0.28420   0.03107  -0.21352
   0.23931   0.01611  -0.19856
   0.22435  -0.01382  -0.18360
   0.23931  -0.01382  -0.15367
   0.20939   0.00115  -0.16863
   0.17946   0.00115  -0.15367
   0.17946   0.00115  -0.12374
   0.14953   0.01611  -0.10878
   0.13457   0.00115  -0.07885
   0.08967   0.00115  -0.09381
   0.11960   0.01611  -0.07885
   0.10464  -0.01382  -0.03396
   0.07471  -0.01382  -0.01900
   0.05975   0.04604  -0.01900
   0.04478   0.01611  -0.03396
   0.07471   0.00115   0.04086
   0.02982  -0.02878   0.04086
   0.01486  -0.02878   0.07079
  -0.03004   0.00115   0.10071
  -0.03004   0.04604   0.10071
  -0.03004   0.00115   0.11568
  -0.03004   0.00115   0.13064
  -0.07493   0.00115   0.17553
  -0.07493   0.01611   0.16057
  -0.10485   0.01611   0.16057
  -0.11982   0.04604   0.17553
  -0.11982   0.04604   0.20546
  -0.11982   0.03107   0.20546
  -0.11982   0.00115   0.25035
  -0.16471   0.01611   0.25035
  -0.20960   0.00115   0.26532
  -0.16471   0.01611   0.25035
  -0.16471   0.04604   0.25035
  -0.17967   0.06100   0.26532
  -0.19464   0.06100   0.26532
  -0.17967   0.04604   0.29524
  -0.17967   0.03107   0.29524
  -0.17967   0.04604   0.29524
  -0.17967   0.01611   0.32517
  -0.19464   0.01611   0.31021
  -0.19464   0.04604   0.28028
  -0.17967  -0.01382   0.31021
  -0.17967   0.01611   0.28028
  -0.17967  -0.01382   0.28028
  -0.17967  -0.02878   0.29524
  -0.17967   0.01611   0.25035
  -0.14975  -0.01382   0.29524
  -0.13478  -0.04375   0.31021
  -0.11982  -0.02878   0.28028
  -0.13478  -0.02878   0.28028
  -0.11982  -0.02878   0.25035
  -0.11982  -0.04375   0.26532
  -0.10485  -0.02878   0.25035
  -0.10485  -0.07367   0.26532
  -0.08989  -0.05871   0.23539
  -0.07493  -0.04375   0.22042
  -0.07493  -0.05871   0.22042
  -0.05996  -0.04375   0.17553
  -0.04500  -0.02878   0.20546
  -0.03004  -0.07367   0.17553
  -0.01507  -0.05871   0.16057
   0.01486  -0.01382   0.14561
  -1.1E-40  -0.04375   0.16057
  -1.1E-40  -0.04375   0.13064
  -1.1E-40  -0.05871   0.14561
  -1.1E-40  -0.04375   0.11568
   0.02982  -0.04375   0.11568
   0.01486  -0.04375   0.10071
  -1.1E-40  -0.07367   0.11568
   0.01486  -0.05871   0.07079
   0.04478  -0.01382   0.08575
   0.02982  -0.04375   0.05582
   0.04478  -0.07367   0.08575
   0.04478  -0.08864   0.08575
   0.01486  -0.08864   0.11568
   0.01486  -0.04375   0.07079
   0.02982  -0.07367   0.07079
  -1.1E-40  -0.07367   0.08575
   0.02982  -0.04375   0.04086
  -1.1E-40  -0.07367   0.08575
  -1.1E-40  -0.05871   0.07079
   0.01486  -0.07367   0.07079
  -0.03004  -0.08864   0.07079
   0.01486  -0.11856   0.07079
  -1.1E-40  -0.04375   0.05582
  -0.04500  -0.07367   0.05582
  -0.01507  -0.04375   0.02590
  -0.01507  -0.07367   0.07079
  -0.05996  -0.07367   0.02590
  -0.04500  -0.07367   0.01093
  -0.05996  -0.07367   0.04086
  -0.05996  -0.07367   0.02590
  -0.03004  -0.04375   0.01093
  -0.05996  -0.08864   0.01093
  -0.03004  -0.05871   0.02590
  -0.05996  -0.04375   0.01093
  -0.05996  -0.07367   0.01093
  -0.07493  -0.05871   0.02590
  -0.04500  -0.04375   0.02590
  -0.07493  -0.04375  -0.00403
  -0.04500  -0.05871  -0.00403
  -0.08989  -0.04375  -0.00403
  -0.04500  -0.07367  -0.00403
  -0.05996  -0.07367   0.02590
  -0.05996  -0.05871   0.01093
  -0.08989  -0.07367  -0.01900
  -0.07493  -0.04375  -0.01900
  -0.07493  -0.07367  -0.00403
  -0.07493  -0.05871  -0.00403
  -0.05996  -0.04375  -0.03396
  -0.05996  -0.05871   0.01093
  -0.08989  -0.04375   0.01093
  -0.07493  -0.05871  -0.00403
  -0.04500  -0.01382  -0.01900
  -0.03004  -0.02878   0.01093
  -0.07493  -0.04375   0.04086
  -0.08989  -0.01382   0.01093
  -0.07493  -0.02878   0.01093
  -0.08989  -0.02878   0.02590
  -0.10485  -0.04375   0.01093
  -0.07493   0.01611   0.02590
  -0.10485  -0.02878   0.05582
  -0.10485  -0.04375   0.02590
  -0.13478  -0.02878   0.07079
  -0.11982   0.03107   0.04086
  -0.10485   0.00115   0.04086
  -0.10485   0.00115   0.04086
  -0.13478   0.00115   0.05582
  -0.13478  -0.01382   0.04086
  -0.11982   0.03107   0.05582
  -0.11982   0.03107   0.07079
  -0.13478   0.04604   0.07079
  -0.13478   0.04604   0.05582
  -0.08989   0.06100   0.05582
  -0.11982   0.04604   0.04086
  -0.13478   0.01611   0.07079
  -0.11982   0.04604   0.05582
  -0.10485   0.04604   0.04086
  -0.10485   0.04604   0.05582
  -0.13478   0.01611   0.05582
  -0.13478   0.03107   0.07079
  -0.11982   0.03107   0.05582
  -0.11982   0.03107   0.04086
  -0.11982   0.06100   0.04086
  -0.10485   0.01611   0.05582
  -0.11982   0.01611   0.08575
  -0.11982   0.01611   0.05582
  -0.08989   0.00115   0.05582
  -0.10485  -0.01382   0.08575
  -0.11982   0.00115   0.07079
  -0.10485   0.01611   0.07079
  -0.11982  -0.01382   0.08575
  -0.14975   0.00115   0.08575
  -0.13478  -0.02878   0.07079
  -0.13478  -0.01382   0.08575
  -0.13478   0.00115   0.07079
  -0.10485   0.00115   0.08575
  -0.13478  -0.02878   0.07079
  -0.11982  -0.01382   0.11568
  -0.08989   0.00115   0.05582
  -0.11982  -0.01382   0.08575
  -0.14975  -0.01382   0.08575
  -0.13478  -0.02878   0.08575
  -0.11982  -0.01382   0.08575
  -0.13478   0.00115   0.07079
  -0.13478   0.01611   0.07079
  -0.13478   0.01611   0.07079
  -0.13478   0.01611   0.07079
  -0.13478  -0.01382   0.10071
  -0.14975   0.03107   0.08575
  -0.11982   0.03107   0.05582
  -0.13478   0.00115   0.05582
  -0.11982   0.00115   0.07079
  -0.10485   0.04604   0.05582
  -0.08989   0.03107   0.04086
  -0.07493   0.01611   0.05582
  -0.11982   0.03107   0.04086
  -0.08989   0.03107   0.05582
  -0.10485   0.04604   0.04086
  -0.08989   0.03107   0.05582
  -0.07493   0.07596   0.04086
  -0.07493   0.07596   0.01093
  -0.04500   0.04604   0.01093
  -0.07493   0.07596   0.01093
  -0.05996   0.04604   0.01093
  -0.01507   0.04604   0.02590
   0.01486   0.07596   0.02590
   0.02982   0.06100   0.01093
   0.02982   0.04604   0.02590
   0.04478   0.07596  -0.00403
   0.04478   0.04604   0.01093
   0.07471   0.06100  -0.01900
   0.13457   0.07596   0.01093
   0.11960   0.04604   0.01093
   0.13457   0.04604   0.01093
   0.16449   0.06100   0.02590
   0.16449   0.09093  -0.00403
   0.19442   0.09093  -0.00403
   0.22435   0.06100   0.02590
   0.25428   0.07596   0.01093
   0.26924   0.10589   0.02590
   0.29917   0.06100   0.02590
   0.26924   0.07596   0.01093
   0.32910   0.06100   0.05582
   0.35902   0.09093   0.02590
   0.35902   0.09093   0.01093
   0.37399   0.06100   0.04086
   0.38895   0.09093   0.05582
   0.40391   0.10589   0.01093
   0.43384   0.07596   0.05582
   0.43384   0.09093   0.04086
   0.44881   0.07596   0.05582
   0.44881   0.04604   0.04086
   0.44881   0.04604   0.07079
   0.46377   0.07596   0.05582
   0.47873   0.07596   0.02590
   0.47873   0.03107   0.04086
   0.46377   0.06100   0.05582
   0.49370   0.04604   0.04086
   0.49370   0.03107   0.05582
   0.47873   0.03107   0.05582
   0.49370   0.01611   0.07079
   0.44881   0.03107   0.04086
   0.44881   0.03107   0.07079
   0.41888   0.00115   0.05582
   0.43384  -0.01382   0.07079
   0.40391   0.00115   0.07079
   0.38895   0.01611   0.05582
   0.35902  -0.02878   0.05582
   0.32910  -0.01382   0.05582
   0.32910  -0.01382   0.05582
   0.26924  -0.02878   0.04086
   0.22435  -0.01382   0.02590
   0.22435  -0.02878   0.04086
   0.19442   0.01611   0.01093
   0.16449  -0.01382   0.02590
   0.14953   0.01611   0.02590
   0.10464  -0.01382   0.04086
   0.07471  -0.01382   0.01093
   0.01486  -0.01382  -0.00403
   0.01486  -0.01382  -0.01900
  -1.1E-40  -0.02878  -0.00403
  -0.04500  -0.02878  -0.00403
  -0.07493  -0.02878  -0.01900
  -0.08989  -0.02878  -0.01900
  -0.14975  -0.02878  -0.01900
  -0.16471   0.00115  -0.04892
  -0.20960  -0.04375  -0.03396
  -0.22456   0.00115  -0.04892
  -0.22456  -0.02878  -0.03396
  -0.26946  -0.05871  -0.06389
  -0.28442  -0.04375  -0.09381
  -0.31435  -0.01382  -0.07885
  -0.32931  -0.01382  -0.09381
  -0.32931  -0.01382  -0.09381
  -0.35924  -0.02878  -0.07885
  -0.38917   0.00115  -0.07885
  -0.40413  -0.02878  -0.10878
  -0.41909  -0.05871  -0.07885
  -0.41909  -0.04375  -0.10878
  -0.46398  -0.04375  -0.10878
  -0.47895  -0.05871  -0.07885
  -0.47895  -0.01382  -0.09381
  -0.47895  -0.02878  -0.10878
  -0.50888  -0.05871  -0.09381
  -0.50888  -0.02878  -0.12374
  -0.55377  -0.04375  -0.12374
  -0.52384  -0.01382  -0.13871
  -0.58369  -0.02878  -0.10878
  -0.55377  -0.01382  -0.09381
  -0.55377   0.00115  -0.13871
  -0.56873   0.00115  -0.13871
  -0.56873  -0.01382  -0.15367
  -0.56873  -0.01382  -0.13871
  -0.55377  -0.01382  -0.13871
  -0.52384   0.00115  -0.15367
  -0.55377  -0.01382  -0.16863
  -0.52384  -0.01382  -0.18360
  -0.49391   0.00115  -0.16863
  -0.49391  -0.01382  -0.15367
  -0.47895  -0.01382  -0.19856
  -0.44902  -0.02878  -0.21352
  -0.43406  -0.02878  -0.19856
  -0.41909  -0.02878  -0.21352
  -0.38917  -0.01382  -0.21352
  -0.35924  -0.01382  -0.21352
  -0.32931  -0.04375  -0.21352
  -0.29938  -0.01382  -0.25842
  -0.26946  -0.05871  -0.22849
  -0.23953  -0.01382  -0.24345
  -0.23953  -0.05871  -0.22849
  -0.16471  -0.02878  -0.22849
  -0.14975  -0.02878  -0.24345
  -0.10485  -0.04375  -0.21352
  -0.05996  -0.02878  -0.22849
  -0.03004   0.00115  -0.22849
   0.01486  -0.04375  -0.21352
   0.04478   0.00115  -0.21352
   0.08967  -0.01382  -0.22849
   0.14953  -0.01382  -0.21352
   0.13457   0.00115  -0.19856
   0.20939  -0.01382  -0.21352
   0.26924  -0.01382  -0.18360
   0.26924  -0.02878  -0.18360
   0.32910  -0.01382  -0.16863
   0.31413  -0.04375  -0.13871
   0.38895   0.00115  -0.15367
   0.41888   0.00115  -0.15367
   0.43384  -0.01382  -0.12374
   0.46377   0.01611  -0.09381
   0.50866   0.01611  -0.10878
   0.49370  -0.01382  -0.07885
   0.53859   0.04604  -0.07885
   0.55355   0.01611  -0.04892
   0.56852   0.03107  -0.04892
   0.55355   0.00115  -0.01900
   0.59844   0.01611  -0.01900
   0.59844   0.03107  -0.01900
   0.61341   0.03107   0.02590
   0.59844   0.03107   0.04086
   0.61341   0.01611   0.05582
   0.62837   0.06100   0.04086
   0.61341   0.03107   0.05582
   0.58348   0.04604   0.05582
   0.61341   0.00115   0.10071
   0.58348   0.03107   0.10071
   0.59844   0.03107   0.10071
   0.58348   0.04604   0.11568
   0.56852   0.03107   0.13064
   0.55355   0.01611   0.16057
   0.53859   0.01611   0.16057
   0.53859   0.06100   0.13064
   0.52362   0.07596   0.14561
   0.52362   0.09093   0.13064
   0.52362   0.06100   0.17553
   0.49370   0.06100   0.19050
   0.46377   0.07596   0.17553
   0.44881   0.06100   0.16057
   0.43384   0.07596   0.17553
   0.43384   0.10589   0.17553
   0.38895   0.09093   0.19050
   0.38895   0.09093   0.19050
   0.37399   0.09093   0.16057
   0.35902   0.09093   0.19050
   0.32910   0.06100   0.20546
   0.28420   0.07596   0.17553
   0.25428   0.10589   0.19050
   0.26924   0.12086   0.16057
   0.25428   0.07596   0.14561
   0.22435   0.09093   0.16057
   0.19442   0.13582   0.13064
   0.19442   0.12086   0.13064
   0.14953   0.07596   0.13064
   0.14953   0.07596   0.13064
   0.08967   0.06100   0.11568
   0.08967   0.10589   0.07079
   0.10464   0.12086   0.05582
   0.07471   0.09093   0.02590
   0.02982   0.06100   0.04086
   0.01486   0.07596   0.02590
  -1.1E-40   0.06100   0.01093
  -0.03004   0.06100   0.01093
  -0.03004   0.07596  -0.01900
  -0.05996   0.10589  -0.04892
  -0.07493   0.07596  -0.04892
  -0.08989   0.07596  -0.09381
  -0.13478   0.06100  -0.06389
  -0.14975   0.07596  -0.12374
  -0.14975   0.06100  -0.12374
  -0.19464   0.04604  -0.10878
  -0.22456   0.04604  -0.15367
  -0.22456   0.06100  -0.12374
  -0.23953   0.07596  -0.18360
  -0.26946   0.01611  -0.15367
  -0.29938   0.03107  -0.15367
  -0.29938   0.04604  -0.18360
  -0.31435   0.04604  -0.19856
  -0.29938   0.03107  -0.19856
  -0.35924   0.01611  -0.19856
  -0.38917   0.01611  -0.21352
  -0.34427   0.06100  -0.21352
  -0.35924   0.01611  -0.19856
  -0.35924  -0.01382  -0.19856
  -0.35924   0.00115  -0.21352
  -0.35924  -0.01382  -0.19856
  -0.35924   0.04604  -0.19856
  -0.34427  -0.02878  -0.19856
  -0.38917  -0.01382  -0.21352
  -0.35924   0.01611  -0.22849
  -0.37420  -0.01382  -0.18360
  -0.37420   0.01611  -0.19856
  -0.37420  -0.01382  -0.18360
  -0.35924   0.00115  -0.16863
  -0.34427  -0.02878  -0.15367
  -0.37420  -0.02878  -0.16863
  -0.35924  -0.04375  -0.15367
  -0.35924  -0.02878  -0.15367
  -0.37420  -0.07367  -0.10878
  -0.35924  -0.01382  -0.12374
  -0.32931  -0.04375  -0.09381
  -0.31435  -0.05871  -0.06389
  -0.32931  -0.04375  -0.09381
  -0.34427  -0.07367  -0.07885
  -0.34427  -0.07367  -0.04892
  -0.31435  -0.10360  -0.03396
  -0.32931  -0.07367  -0.01900
  -0.32931  -0.05871  -0.01900
  -0.32931  -0.07367  -0.00403
  -0.32931  -0.05871   0.01093
  -0.34427  -0.10360   0.02590
  -0.32931  -0.08864   0.02590
  -0.32931  -0.08864   0.05582
  -0.35924  -0.07367   0.05582
  -0.32931  -0.05871   0.05582
  -0.34427  -0.10360   0.07079
  -0.32931  -0.08864   0.08575
  -0.31435  -0.05871   0.08575
  -0.31435  -0.05871   0.08575
  -0.26946  -0.07367   0.10071
  -0.29938  -0.10360   0.11568
  -0.32931  -0.08864   0.11568
  -0.29938  -0.04375   0.11568
  -0.26946  -0.04375   0.11568
  -0.29938  -0.08864   0.16057
  -0.23953  -0.08864   0.14561
  -0.25449  -0.08864   0.17553
  -0.23953  -0.08864   0.14561
  -0.26946  -0.07367   0.17553
  -0.26946  -0.07367   0.14561
  -0.23953  -0.07367   0.14561
  -0.19464  -0.05871   0.17553
  -0.20960  -0.05871   0.19050
  -0.22456  -0.05871   0.17553
  -0.22456  -0.07367   0.19050
  -0.19464  -0.07367   0.17553
  -0.17967  -0.05871   0.19050
  -0.17967  -0.08864   0.22042
  -0.11982  -0.05871   0.22042
  -0.16471  -0.02878   0.22042
  -0.08989  -0.08864   0.20546
  -0.08989  -0.05871   0.22042
  -0.08989  -0.07367   0.23539
  -0.04500  -0.05871   0.23539
  -0.03004  -0.07367   0.23539
  -0.01507  -0.05871   0.26532
  -0.01507  -0.05871   0.22042
   0.02982  -0.04375   0.22042
   0.04478  -0.04375   0.28028
   0.05975  -0.02878   0.22042
   0.07471  -0.02878   0.22042
   0.07471  -0.01382   0.22042
   0.10464  -0.02878   0.23539
   0.11960  -0.04375   0.23539
   0.14953  -0.05871   0.20546
   0.16449  -0.01382   0.22042
   0.17946  -0.04375   0.23539
   0.17946  -0.02878   0.19050
   0.20939  -0.02878   0.20546
   0.19442  -0.04375   0.20546
   0.23931  -0.01382   0.19050
   0.19442  -0.05871   0.19050
   0.23931  -0.02878   0.14561
   0.28420  -0.02878   0.16057
   0.28420  -0.05871   0.14561
   0.25428  -0.01382   0.11568
   0.28420  -0.02878   0.10071
   0.28420  -0.04375   0.13064
   0.28420  -0.02878   0.08575
   0.26924  -0.02878   0.10071
   0.26924  -0.02878   0.05582
   0.28420  -0.02878   0.05582
   0.26924  -0.02878   0.07079
   0.29917   0.00115   0.02590
   0.28420  -0.04375   0.02590
   0.26924  -0.02878   0.01093
   0.25428  -0.02878   0.01093
   0.25428  -0.02878  -0.00403
   0.26924  -0.01382  -0.00403
   0.28420  -0.02878  -0.00403
   0.22435  -0.01382  -0.01900
   0.25428   0.00115  -0.01900
   0.23931  -0.04375  -0.04892
   0.23931   0.00115  -0.04892
   0.22435  -0.02878  -0.03396
   0.20939   0.00115  -0.07885
   0.17946  -0.01382  -0.04892
   0.19442   0.00115  -0.09381
   0.17946  -0.01382  -0.09381
   0.16449  -0.02878  -0.09381
   0.16449   0.01611  -0.10878
   0.14953  -0.02878  -0.07885
   0.08967  -0.01382  -0.07885
   0.11960   0.01611  -0.09381
   0.07471  -0.01382  -0.12374
   0.07471  -0.02878  -0.10878
   0.08967  -0.01382  -0.12374
   0.04478  -0.02878  -0.07885
   0.02982  -0.01382  -0.07885
   0.05975   0.00115  -0.07885
   0.01486   0.01611  -0.07885
  -1.1E-40  -0.04375  -0.09381
  -0.03004  -0.01382  -0.07885
  -0.01507  -0.02878  -0.04892
  -0.01507  -0.02878  -0.04892
  -0.01507  -0.02878  -0.03396
  -0.03004  -0.02878  -0.03396
  -0.05996  -0.01382  -0.03396
  -0.05996  -0.01382  -0.04892
  -0.03004  -0.02878  -0.03396
  -0.08989  -0.01382  -0.00403
  -0.08989   0.00115  -0.01900
  -0.08989  -0.02878   0.01093
  -0.10485   0.01611   0.02590
  -0.10485   0.00115   0.04086
  -0.11982   0.03107   0.02590
  -0.11982   0.01611   0.07079
  -0.11982   0.01611   0.07079
  -0.14975  -0.01382   0.10071
  -0.13478   0.04604   0.10071
  -0.14975   0.01611   0.14561
  -0.16471   0.01611   0.16057
  -0.16471   0.03107   0.16057
  -0.17967   0.04604   0.16057
  -0.14975   0.03107   0.19050
  -0.13478   0.03107   0.20546
  -0.13478   0.03107   0.22042
  -0.13478   0.03107   0.23539
  -0.16471   0.01611   0.25035
  -0.16471   0.03107   0.25035
  -0.14975   0.04604   0.28028
  -0.14975   0.01611   0.29524
  -0.14975   0.01611   0.32517
  -0.14975   0.01611   0.32517
  -0.14975   0.04604   0.32517
  -0.14975   0.04604   0.34013
  -0.13478   0.01611   0.37006
  -0.13478   0.01611   0.37006
  -0.10485   0.04604   0.35510
  -0.10485   0.01611   0.39999
  -0.11982   0.00115   0.39999
  -0.11982   0.04604   0.38503
  -0.11982   0.03107   0.41495
  -0.11982   0.03107   0.42992
  -0.11982   0.03107   0.42992
  -0.10485   0.04604   0.41495
  -0.11982   0.06100   0.38503
  -0.11982   0.07596   0.39999
  -0.08989   0.04604   0.42992
  -0.08989   0.03107   0.41495
  -0.08989   0.06100   0.41495
  -0.08989   0.03107   0.42992
  -0.08989   0.06100   0.38503
  -0.04500   0.06100   0.39999
  -0.07493   0.03107   0.39999
  -0.05996   0.06100   0.38503
  -0.05996   0.06100   0.37006
  -0.07493   0.04604   0.37006
  -0.05996   0.09093   0.34013
  -0.05996   0.04604   0.34013
  -0.04500   0.04604   0.29524
  -0.05996   0.04604   0.28028
  -0.04500   0.04604   0.28028
  -0.04500   0.06100   0.25035
  -1.1E-40   0.04604   0.25035
  -0.03004   0.09093   0.20546
  -0.03004   0.07596   0.19050
  -0.05996   0.06100   0.19050
  -0.03004   0.09093   0.16057
  -0.01507   0.07596   0.13064
  -0.03004   0.07596   0.08575
  -0.01507   0.04604   0.07079
  -1.1E-40   0.06100   0.05582
  -1.1E-40   0.06100   0.01093
   0.01486   0.04604   0.01093
  -1.1E-40   0.04604  -0.01900
   0.02982   0.07596  -0.06389
   0.04478   0.04604  -0.09381
   0.02982   0.09093  -0.13871
   0.04478   0.06100  -0.16863
   0.05975   0.04604  -0.16863
   0.04478   0.07596  -0.21352
   0.08967   0.06100  -0.22849
   0.08967   0.03107  -0.24345
   0.08967   0.04604  -0.25842
   0.10464   0.06100  -0.28834
   0.10464   0.01611  -0.27338
   0.11960   0.04604  -0.30331
   0.13457   0.06100  -0.31827
   0.16449   0.04604  -0.31827
   0.14953   0.01611  -0.33323
   0.16449   0.01611  -0.33323
   0.16449   0.01611  -0.36316
   0.16449   0.06100  -0.33323
   0.20939   0.04604  -0.36316
   0.22435   0.03107  -0.33323
   0.20939   0.03107  -0.34820
   0.19442  -0.01382  -0.34820
   0.22435  -0.01382  -0.34820
   0.25428   0.01611  -0.33323
   0.25428   0.03107  -0.34820
   0.25428   0.03107  -0.33323
   0.25428   0.03107  -0.30331
   0.25428   0.03107  -0.31827
   0.25428   0.01611  -0.31827
   0.28420   0.00115  -0.25842
   0.28420   0.04604  -0.25842
   0.23931   0.00115  -0.24345
   0.25428   0.04604  -0.22849
   0.25428  -0.01382  -0.18360
   0.26924   0.00115  -0.19856
   0.23931   0.01611  -0.18360
   0.22435   0.00115  -0.16863
   0.25428   0.01611  -0.15367
   0.22435   0.00115  -0.12374
   0.20939   0.00115  -0.10878
   0.19442  -0.01382  -0.06389
   0.17946   0.03107  -0.07885
   0.17946   0.00115  -0.06389
   0.14953  -0.02878  -0.01900
   0.14953  -0.01382  -0.04892
   0.14953   0.00115  -0.00403
   0.13457   0.01611  -0.00403
   0.11960   0.00115   0.01093
   0.11960   0.01611   0.05582
   0.05975  -0.04375   0.08575
   0.05975   0.01611   0.05582
   0.05975   0.00115   0.05582
   0.05975  -0.01382   0.07079
   0.02982  -0.01382   0.11568
  -0.01507   0.00115   0.10071
  -0.01507   0.00115   0.13064
   0.01486   0.03107   0.11568
  -0.04500   0.00115   0.11568
  -0.07493  -0.01382   0.14561
  -0.07493   0.01611   0.13064
  -0.07493   0.01611   0.14561
  -0.08989   0.01611   0.16057
  -0.10485   0.01611   0.14561
  -0.11982   0.01611   0.13064
  -0.11982   0.03107   0.13064
  -0.13478   0.03107   0.13064
  -0.14975   0.06100   0.13064
  -0.13478   0.01611   0.14561
  -0.17967  -0.02878   0.14561
  -0.17967   0.03107   0.11568
  -0.14975   0.01611   0.10071
  -0.16471   0.00115   0.13064
  -0.19464   0.00115   0.11568
  -0.19464   0.04604   0.08575
  -0.19464   0.00115   0.10071
  -0.22456   0.00115   0.10071
  -0.22456   0.01611   0.07079
  -0.20960   0.00115   0.05582
  -0.23953  -0.01382   0.05582
  -0.22456   0.00115   0.08575
  -0.22456  -0.01382   0.05582
  -0.20960   0.00115   0.02590
  -0.16471   0.00115   0.02590
  -0.20960  -0.02878   0.01093
  -0.19464   0.01611   0.01093
  -0.19464  -0.02878   0.01093
  -0.16471   0.00115  -0.00403
  -0.17967  -0.02878  -0.03396
  -0.17967  -0.01382  -0.01900
  -0.19464  -0.01382  -0.04892
  -0.17967   0.00115  -0.03396
  -0.14975  -0.01382  -0.04892
  -0.14975  -0.01382  -0.09381
  -0.14975  -0.04375  -0.07885
  -0.16471  -0.02878  -0.06389
  -0.11982  -0.02878  -0.09381
  -0.14975  -0.04375  -0.09381
  -0.13478  -0.04375  -0.09381
  -0.11982  -0.04375  -0.07885
  -0.13478  -0.04375  -0.10878
  -0.10485  -0.02878  -0.12374
  -0.07493  -0.04375  -0.12374
  -0.07493  -0.01382  -0.15367
  -0.05996  -0.05871  -0.12374
  -0.05996  -0.02878  -0.13871
  -0.04500  -0.04375  -0.12374
  -0.04500  -0.02878  -0.13871
  -1.1E-40  -0.02878  -0.13871
   0.01486  -0.02878  -0.13871
   0.02982  -0.02878  -0.12374
   0.02982  -0.02878  -0.13871
   0.05975  -0.04375  -0.15367
   0.10464  -0.02878  -0.10878
   0.08967  -0.02878  -0.10878
   0.11960  -0.02878  -0.12374
   0.11960  -0.02878  -0.13871
   0.14953  -0.05871  -0.12374
   0.17946  -0.02878  -0.09381
   0.17946  -0.02878  -0.09381
   0.17946  -0.02878  -0.12374
   0.20939  -0.01382  -0.09381
   0.19442  -0.04375  -0.07885
   0.23931  -0.01382  -0.09381
   0.23931  -0.02878  -0.09381
   0.28420  -0.02878  -0.07885
   0.28420  -0.02878  -0.04892
   0.29917  -0.01382  -0.06389
   0.29917   0.00115  -0.04892
   0.31413   0.00115  -0.06389
   0.31413   0.00115  -0.03396
   0.32910  -0.01382  -0.01900
   0.29917  -0.02878  -0.01900
   0.34406   0.00115  -0.01900
   0.34406   0.01611  -0.01900
   0.34406   0.01611   0.01093
   0.32910   0.00115  -0.01900
   0.32910   0.00115  -0.00403
   0.32910   0.00115   0.01093
   0.32910  -0.01382   0.01093
   0.31413   0.00115   0.02590
   0.31413   0.01611   0.02590
   0.29917  -0.01382   0.04086
   0.28420   0.01611   0.01093
   0.26924   0.03107   0.01093
   0.26924   0.04604   0.02590
   0.26924   0.00115   0.02590
   0.20939  -0.01382   0.04086
   0.19442   0.00115   0.04086
   0.14953  -0.02878   0.02590
   0.19442   0.01611   0.02590
   0.16449  -0.01382   0.04086
   0.11960   0.00115   0.04086
   0.10464   0.03107   0.01093
   0.10464   0.03107   0.01093
   0.07471   0.00115  -0.01900
   0.04478   0.03107  -0.03396
   0.02982   0.03107  -0.01900
   0.01486   0.01611  -0.01900
  -0.03004   0.01611  -0.01900
  -0.04500  -0.01382  -0.01900
  -0.04500   0.03107  -0.04892
  -0.05996   0.00115  -0.03396
  -0.08989   0.01611  -0.04892
  -0.10485   0.00115  -0.06389
  -0.11982   0.04604  -0.07885
  -0.14975   0.01611  -0.06389
  -0.17967   0.01611  -0.06389
  -0.16471   0.03107  -0.09381
  -0.20960   0.03107  -0.07885
  -0.19464   0.03107  -0.09381
  -0.22456   0.04604  -0.10878
  -0.23953   0.03107  -0.07885
  -0.26946   0.01611  -0.07885
  -0.25449   0.04604  -0.07885
  -0.26946   0.03107  -0.09381
  -0.28442   0.04604  -0.10878
  -0.28442   0.00115  -0.09381
  -0.31435   0.04604  -0.10878
  -0.29938   0.01611  -0.10878
  -0.32931   0.01611  -0.10878
  -0.32931   0.04604  -0.12374
  -0.32931   0.06100  -0.10878
  -0.34427   0.00115  -0.10878
  -0.31435   0.04604  -0.15367
  -0.31435   0.03107  -0.13871
  -0.34427   0.01611  -0.15367
  -0.34427   0.03107  -0.13871
  -0.34427   0.03107  -0.10878
  -0.34427   0.00115  -0.13871
  -0.32931   0.04604  -0.12374
  -0.34427  -0.01382  -0.13871
  -0.31435   0.04604  -0.15367
  -0.29938   0.03107  -0.13871
  -0.28442   0.00115  -0.13871
  -0.29938   0.03107  -0.09381
  -0.29938  -0.01382  -0.10878
  -0.29938   0.01611  -0.09381
  -0.25449   0.03107  -0.09381
  -0.25449  -0.01382  -0.09381
  -0.23953   0.00115  -0.07885
  -0.23953  -0.02878  -0.06389
  -0.22456  -0.01382  -0.06389
  -0.19464  -0.01382  -0.06389
  -0.17967  -0.02878  -0.06389
  -0.16471  -0.02878  -0.03396
  -0.13478  -0.02878  -0.04892
  -0.11982  -0.04375  -0.03396
  -0.10485  -0.04375  -0.01900
  -0.07493  -0.02878  -0.00403
  -0.07493  -0.01382  -0.00403
  -0.04500  -0.02878  -0.00403
  -0.01507  -0.04375   0.02590
  -0.04500  -0.05871   0.04086
  -0.01507  -0.04375   0.02590
   0.01486  -0.01382   0.05582
   0.02982  -0.07367   0.04086
   0.01486  -0.05871   0.05582
   0.04478  -0.02878   0.05582
   0.05975  -0.05871   0.05582
   0.07471  -0.08864   0.05582
   0.05975  -0.08864   0.08575
   0.07471  -0.05871   0.05582
   0.11960  -0.07367   0.05582
   0.14953  -0.08864   0.11568
   0.10464  -0.07367   0.08575
   0.13457  -0.08864   0.08575
   0.13457  -0.08864   0.08575
   0.14953  -0.04375   0.08575
   0.14953  -0.07367   0.07079
   0.17946  -0.07367   0.05582
   0.17946  -0.08864   0.05582
   0.14953  -0.10360   0.08575
   0.14953  -0.07367   0.05582
   0.16449  -0.05871   0.05582
   0.16449  -0.07367   0.07079
   0.16449  -0.02878   0.05582
   0.14953  -0.05871   0.02590
   0.14953  -0.05871   0.05582
   0.13457  -0.07367   0.02590
   0.13457  -0.01382   0.01093
   0.13457  -0.04375   0.02590
   0.11960  -0.05871   0.04086
   0.11960  -0.04375   0.04086
   0.07471  -0.04375   0.04086
   0.05975  -0.02878  -0.00403
   0.07471  -0.04375  -0.00403
   0.04478  -0.04375  -0.00403
   0.02982  -0.02878   0.02590
   0.02982   0.00115  -0.04892
  -0.01507  -0.02878  -0.00403
  -1.1E-40  -0.02878  -0.01900
  -0.01507   0.00115  -0.01900
  -0.01507  -0.01382  -0.01900
  -0.04500   0.01611  -0.04892
  -0.04500   0.01611  -0.04892
  -0.04500   0.00115  -0.04892
  -0.04500   0.00115  -0.06389
  -0.07493  -0.02878  -0.04892
  -0.10485   0.01611  -0.06389
  -0.07493   0.01611  -0.09381
  -0.08989   0.01611  -0.07885
  -0.05996   0.00115  -0.07885
  -0.10485   0.00115  -0.06389
  -0.08989   0.01611  -0.06389
  -0.08989   0.01611  -0.09381
  -0.10485   0.01611  -0.07885
  -0.11982   0.01611  -0.04892
  -0.13478   0.03107  -0.06389
  -0.11982   0.01611  -0.06389
  -0.13478   0.06100  -0.09381
  -0.11982   0.04604  -0.06389
  -0.14975   0.06100  -0.09381
  -0.13478   0.06100  -0.09381
  -0.14975   0.07596  -0.09381
  -0.11982   0.06100  -0.04892
  -0.13478   0.04604  -0.06389
  -0.14975   0.07596  -0.06389
  -0.11982   0.09093  -0.06389
  -0.10485   0.07596  -0.03396
  -0.14975   0.03107  -0.03396
  -0.13478   0.04604  -0.01900
  -0.13478   0.06100  -0.00403
  -0.11982   0.04604   0.01093
  -0.13478   0.04604   0.02590
  -0.11982   0.03107   0.01093
  -0.11982   0.06100   0.05582
  -0.10485   0.07596   0.05582
  -0.10485   0.04604   0.07079
  -0.10485   0.07596   0.05582
  -0.11982   0.01611   0.08575
  -0.08989   0.03107   0.10071
  -0.10485   0.01611   0.13064
  -0.10485   0.01611   0.14561
  -0.10485   0.06100   0.11568
  -0.08989   0.03107   0.13064
  -0.07493   0.04604   0.14561
  -0.07493   0.00115   0.16057
  -0.07493   0.01611   0.17553
  -0.07493   0.04604   0.16057
  -0.05996   0.01611   0.17553
  -0.04500   0.01611   0.17553
  -0.05996   0.03107   0.19050
  -0.05996   0.03107   0.17553
  -0.01507   0.03107   0.17553
  -0.01507   0.04604   0.20546
  -0.03004   0.04604   0.19050
  -0.01507   0.03107   0.19050
  -1.1E-40   0.03107   0.20546
  -0.01507   0.03107   0.20546
   0.01486   0.01611   0.19050
   0.01486   0.03107   0.20546
   0.01486   0.04604   0.20546
   0.04478   0.03107   0.20546
   0.04478   0.04604   0.19050
   0.04478   0.06100   0.19050
   0.04478   0.04604   0.19050
   0.05975   0.04604   0.17553
   0.04478   0.07596   0.16057
   0.07471   0.06100   0.14561
   0.08967   0.04604   0.14561
   0.07471   0.01611   0.17553
   0.07471   0.03107   0.13064
   0.11960   0.01611   0.13064
   0.08967   0.03107   0.11568
   0.08967  -0.01382   0.11568
   0.08967   0.00115   0.10071
   0.10464   0.00115   0.10071
   0.08967   0.01611   0.08575
   0.10464   0.01611   0.02590
   0.08967   0.01611   0.01093
   0.10464   0.01611   0.01093
   0.13457   0.00115  -0.00403
   0.10464  -0.01382  -0.00403
   0.07471  -0.05871  -0.03396
   0.10464  -0.01382  -0.04892
   0.08967  -0.04375  -0.04892
   0.08967  -0.04375  -0.04892
   0.07471  -0.04375  -0.04892
   0.05975  -0.01382  -0.09381
   0.07471   0.00115  -0.09381
   0.07471  -0.04375  -0.10878
   0.05975  -0.05871  -0.10878
   0.05975   0.01611  -0.10878
   0.05975  -0.04375  -0.12374
   0.02982  -0.01382  -0.13871
   0.02982   0.00115  -0.13871
   0.04478  -0.01382  -0.13871
   0.02982  -0.02878  -0.13871
   0.02982   0.01611  -0.13871
  -1.1E-40   0.00115  -0.13871
  -1.1E-40   0.01611  -0.12374
   0.01486   0.01611  -0.16863
   0.04478   0.01611  -0.13871
   0.01486   0.03107  -0.12374
   0.01486   0.00115  -0.10878
  -1.1E-40   0.00115  -0.10878
  -1.1E-40   0.00115  -0.12374
  -0.03004   0.01611  -0.12374
  -1.1E-40   0.04604  -0.13871
  -0.01507   0.00115  -0.10878
  -0.04500   0.04604  -0.10878
   0.01486   0.06100  -0.10878
  -0.01507   0.03107  -0.07885
  -0.03004   0.01611  -0.06389
  -0.01507   0.06100  -0.07885
  -1.1E-40   0.03107  -0.06389
  -0.01507   0.00115  -0.04892
  -1.1E-40   0.01611  -0.00403
  -0.01507   0.03107  -0.00403
  -0.01507   0.04604   0.01093
  -0.03004   0.03107  -0.00403
  -1.1E-40   0.03107   0.04086
   0.01486   0.03107   0.04086
   0.02982  -0.01382   0.07079
   0.01486   0.00115   0.07079
  -0.01507   0.01611   0.08575
  -1.1E-40  -0.01382   0.13064
   0.01486   0.01611   0.10071
  -1.1E-40  -0.02878   0.11568
   0.01486   0.01611   0.11568
  -1.1E-40  -0.01382   0.13064
   0.01486   0.03107   0.11568
  -1.1E-40   0.00115   0.14561
   0.02982   0.03107   0.13064
   0.01486   0.00115   0.17553
  -1.1E-40   0.03107   0.13064
   0.02982   0.01611   0.17553
   0.02982   0.06100   0.17553
   0.05975   0.01611   0.19050
   0.04478   0.03107   0.16057
   0.05975   0.03107   0.17553
   0.07471   0.01611   0.17553
   0.04478   0.00115   0.20546
   0.05975   0.04604   0.19050
   0.05975   0.00115   0.22042
   0.05975   0.01611   0.22042
   0.05975   0.00115   0.22042
   0.07471   0.03107   0.22042
   0.07471  -0.01382   0.23539
   0.07471   0.03107   0.23539
   0.05975  -0.01382   0.26532
   0.07471   0.01611   0.23539
   0.05975  -0.02878   0.26532
   0.08967   0.03107   0.23539
   0.05975  -0.01382   0.25035
   0.08967   0.01611   0.25035
   0.07471  -0.02878   0.28028
   0.07471  -0.01382   0.25035
   0.05975   0.00115   0.29524
   0.07471  -0.02878   0.26532
   0.07471  -0.01382   0.25035
   0.07471  -0.01382   0.29524
   0.05975  -0.01382   0.28028
   0.05975  -0.01382   0.25035
   0.05975   0.01611   0.26532
   0.05975  -0.01382   0.26532
   0.07471  -0.01382   0.26532
   0.05975  -0.01382   0.26532
   0.07471  -0.01382   0.22042
   0.08967  -0.01382   0.23539
   0.05975  -0.01382   0.20546
   0.07471  -0.01382   0.20546
   0.07471   0.00115   0.20546
   0.07471   0.01611   0.17553
   0.10464  -0.02878   0.17553
   0.08967  -0.01382   0.17553
   0.08967   0.00115   0.14561
   0.10464  -0.01382   0.14561
   0.10464  -0.04375   0.11568
   0.08967  -0.01382   0.08575
   0.07471  -0.01382   0.08575
   0.11960  -0.02878   0.05582
   0.08967  -0.02878   0.07079
   0.11960  -0.05871   0.04086
   0.10464  -0.02878  -0.00403
   0.14953  -0.02878  -0.00403
   0.08967  -0.04375  -0.00403
   0.14953  -0.02878  -0.04892
   0.11960  -0.07367  -0.03396
   0.10464  -0.01382  -0.06389
   0.14953  -0.02878  -0.06389
   0.13457  -0.02878  -0.09381
   0.11960  -0.01382  -0.09381
   0.13457  -0.01382  -0.07885
   0.10464  -0.02878  -0.12374
   0.14953  -0.01382  -0.09381
   0.10464  -0.02878  -0.09381
   0.11960   0.00115  -0.12374
   0.11960   0.00115  -0.12374
   0.11960   0.03107  -0.12374
   0.13457   0.01611  -0.13871
   0.11960   0.03107  -0.13871
   0.14953  -0.01382  -0.10878
   0.08967   0.01611  -0.13871
   0.10464   0.01611  -0.12374
   0.10464  -0.04375  -0.13871
   0.10464   0.01611  -0.13871
   0.08967  -0.01382  -0.10878
   0.10464   0.03107  -0.12374
   0.11960  -0.01382  -0.10878
   0.08967   0.00115  -0.10878
   0.10464   0.01611  -0.10878
   0.08967  -0.01382  -0.09381
   0.07471   0.01611  -0.12374
   0.07471   0.04604  -0.13871
   0.05975   0.03107  -0.12374
   0.05975   0.00115  -0.12374
   0.05975   0.06100  -0.13871
   0.04478   0.01611  -0.12374
   0.02982   0.00115  -0.12374
   0.05975   0.04604  -0.12374
   0.02982   0.03107  -0.10878
   0.02982   0.04604  -0.12374
  -1.1E-40   0.04604  -0.13871
   0.01486   0.06100  -0.13871
   0.01486   0.04604  -0.10878
   0.01486   0.04604  -0.10878
   0.01486   0.04604  -0.09381
  -0.04500   0.04604  -0.06389
  -0.03004   0.03107  -0.06389
  -0.05996   0.04604  -0.07885
  -0.03004   0.04604  -0.09381
  -0.04500   0.06100  -0.09381
  -0.05996   0.06100  -0.09381
  -0.05996   0.04604  -0.09381
  -0.05996   0.04604  -0.06389
  -0.07493   0.07596  -0.07885
  -0.08989   0.04604  -0.06389
  -0.11982   0.06100  -0.07885
  -0.10485   0.03107  -0.04892
  -0.10485   0.06100  -0.09381
  -0.13478   0.09093  -0.06389
  -0.13478   0.06100  -0.03396
  -0.14975   0.07596  -0.07885
  -0.13478   0.06100  -0.04892
  -0.14975   0.06100  -0.03396
  -0.16471   0.07596  -0.06389
  -0.16471   0.04604  -0.01900
  -0.16471   0.04604  -0.01900
  -0.17967   0.06100  -0.01900
  -0.16471   0.07596  -0.04892
  -0.19464   0.04604  -0.01900
  -0.17967   0.10589  -0.04892
  -0.20960   0.04604  -0.01900
  -0.22456   0.06100  -0.04892
  -0.20960   0.07596  -0.01900
  -0.22456   0.04604  -0.01900
  -0.23953   0.04604  -0.01900
  -0.22456   0.06100  -0.00403
  -0.26946   0.04604  -0.01900
  -0.20960   0.04604  -0.00403
  -0.25449   0.01611  -0.00403
  -0.25449   0.00115  -0.00403
  -0.28442   0.04604   0.01093
  -0.26946   0.04604  -0.00403
  -0.26946  -0.01382   0.01093
  -0.26946   0.01611  -0.00403
  -0.26946   0.03107  -0.00403
  -0.25449   0.04604   0.01093
  -0.28442  -0.01382   0.01093
  -0.26946   0.03107   0.01093
  -0.26946   0.00115   0.04086
  -0.28442   0.00115   0.02590
  -0.23953   0.01611   0.01093
  -0.25449   0.01611   0.02590
  -0.23953  -0.01382   0.02590
  -0.23953  -0.01382   0.02590
  -0.23953   0.03107   0.04086
  -0.22456   0.00115   0.04086
  -0.20960   0.00115   0.05582
  -0.22456  -0.01382   0.02590
  -0.20960   0.00115   0.02590
  -0.17967  -0.02878   0.07079
  -0.19464  -0.02878   0.05582
  -0.14975   0.00115   0.04086
  -0.16471  -0.02878   0.07079
  -0.11982  -0.01382   0.07079
  -0.10485  -0.02878   0.07079
  -0.08989   0.00115   0.04086
  -0.07493  -0.04375   0.07079
  -0.07493   0.00115   0.04086
  -0.05996   0.00115   0.02590
  -0.03004  -0.01382   0.05582
  -0.01507  -0.02878   0.05582
  -0.01507   0.00115   0.04086
   0.01486   0.00115   0.04086
   0.02982  -0.01382   0.01093
   0.05975  -0.01382   0.02590
   0.05975   0.00115   0.01093
   0.10464   0.00115  -0.00403
   0.11960  -0.02878   0.02590
   0.11960   0.03107  -0.00403
   0.13457   0.00115  -0.01900
   0.17946   0.00115  -0.01900
   0.19442   0.01611  -0.03396
   0.22435   0.01611  -0.03396
   0.22435   0.03107  -0.07885
   0.26924   0.01611  -0.07885
   0.25428   0.01611  -0.07885
   0.26924   0.01611  -0.09381
   0.25428   0.01611  -0.07885
   0.31413   0.01611  -0.09381
   0.32910   0.03107  -0.12374
   0.32910   0.01611  -0.12374
   0.32910   0.00115  -0.12374
   0.32910   0.01611  -0.13871
   0.32910   0.01611  -0.13871
   0.37399   0.03107  -0.16863
   0.35902   0.00115  -0.18360
   0.34406   0.00115  -0.15367
   0.37399  -0.01382  -0.18360
   0.37399  -0.02878  -0.18360
   0.35902  -0.02878  -0.18360
   0.35902  -0.01382  -0.19856
   0.38895  -0.04375  -0.18360
   0.35902   0.00115  -0.21352
   0.34406  -0.02878  -0.21352
   0.35902  -0.01382  -0.19856
   0.37399  -0.02878  -0.21352
   0.32910  -0.02878  -0.19856
   0.29917  -0.02878  -0.24345
   0.29917  -0.04375  -0.19856
   0.26924  -0.04375  -0.21352
   0.25428  -0.04375  -0.18360
   0.25428  -0.01382  -0.18360
   0.19442  -0.02878  -0.18360
   0.19442  -0.04375  -0.18360
   0.19442  -0.04375  -0.15367
   0.13457  -0.05871  -0.15367
   0.13457  -0.05871  -0.13871
   0.11960  -0.02878  -0.13871
   0.07471  -0.05871  -0.12374
   0.07471  -0.02878  -0.12374
   0.04478  -0.02878  -0.10878
   0.02982  -0.04375  -0.09381
  -0.01507  -0.04375  -0.09381
  -0.04500  -0.01382  -0.07885
  -0.03004  -0.02878  -0.06389
  -0.08989  -0.04375  -0.01900
  -0.11982  -0.02878  -0.03396
  -0.14975  -0.02878   0.02590
  -0.14975  -0.05871   0.02590
  -0.17967  -0.02878   0.02590
  -0.20960  -0.02878   0.05582
  -0.20960  -0.02878   0.07079
  -0.22456  -0.04375   0.10071
  -0.23953  -0.02878   0.08575
  -0.25449  -0.02878   0.14561
  -0.26946  -0.02878   0.14561
  -0.25449  -0.04375   0.17553
  -0.32931  -0.04375   0.14561
  -0.29938  -0.02878   0.16057
  -0.31435  -0.04375   0.20546
  -0.32931  -0.04375   0.19050
  -0.31435  -0.02878   0.23539
  -0.34427   0.00115   0.22042
  -0.32931   0.00115   0.23539
  -0.32931  -0.04375   0.25035
  -0.32931  -0.02878   0.25035
  -0.32931   0.00115   0.23539
  -0.32931  -0.02878   0.28028
  -0.32931   0.01611   0.28028
  -0.31435   0.01611   0.29524
  -0.29938   0.00115   0.29524
  -0.29938   0.00115   0.32517
  -0.29938   0.01611   0.29524
  -0.28442   0.01611   0.31021
  -0.28442   0.00115   0.32517
  -0.26946   0.01611   0.34013
  -0.25449   0.03107   0.31021
  -0.26946   0.01611   0.31021
  -0.25449   0.03107   0.34013
  -0.22456   0.01611   0.34013
  -0.23953  -0.02878   0.34013
  -0.22456   0.03107   0.32517
  -0.17967   0.01611   0.34013
  -0.17967   0.00115   0.34013
  -0.19464  -0.01382   0.34013
  -0.14975   0.00115   0.32517
  -0.14975  -0.02878   0.35510
  -0.14975  -0.02878   0.31021
  -0.13478  -0.01382   0.31021
  -0.13478  -0.02878   0.31021
  -0.11982  -0.02878   0.32517
  -0.10485  -0.04375   0.31021
  -0.07493  -0.05871   0.29524
  -0.07493  -0.02878   0.29524
  -0.07493  -0.01382   0.26532
  -0.05996  -0.05871   0.26532
  -0.04500  -0.07367   0.25035
  -0.04500  -0.04375   0.25035
  -0.01507  -0.02878   0.20546
  -0.01507  -0.04375   0.22042
   0.01486  -0.01382   0.19050
   0.01486  -0.04375   0.17553
  -1.1E-40  -0.04375   0.13064
   0.02982  -0.04375   0.14561
   0.04478  -0.04375   0.11568
   0.02982  -0.02878   0.10071
   0.05975   0.01611   0.08575
   0.05975  -0.02878   0.08575
   0.05975  -0.01382   0.05582
   0.05975  -0.04375   0.05582
   0.08967  -0.01382   0.02590
   0.10464  -0.01382   0.04086
   0.07471  -0.01382  -0.00403
   0.10464  -0.02878  -0.00403
   0.10464  -0.04375  -0.01900
   0.11960  -0.01382  -0.03396
   0.10464   0.00115  -0.04892
   0.13457  -0.02878  -0.07885
   0.10464  -0.02878  -0.06389
   0.10464  -0.01382  -0.09381
   0.11960  -0.02878  -0.06389
   0.14953   0.01611  -0.10878
   0.11960  -0.02878  -0.07885
   0.13457  -0.01382  -0.09381
   0.13457   0.00115  -0.09381
   0.13457  -0.04375  -0.10878
   0.11960  -0.02878  -0.10878
   0.11960   0.00115  -0.12374
   0.13457  -0.01382  -0.10878
   0.13457  -0.02878  -0.12374
   0.10464  -0.02878  -0.12374
   0.11960  -0.01382  -0.12374
   0.07471  -0.01382  -0.10878
   0.11960  -0.01382  -0.13871
   0.07471  -0.02878  -0.12374
   0.07471  -0.01382  -0.12374
   0.08967  -0.02878  -0.10878
   0.05975  -0.01382  -0.10878
   0.05975   0.00115  -0.09381
   0.04478  -0.01382  -0.09381
   0.05975  -0.01382  -0.06389
   0.04478  -0.02878  -0.06389
   0.01486  -0.02878  -0.06389
   0.02982   0.00115  -0.06389
   0.02982  -0.01382  -0.06389
   0.04478  -0.01382  -0.03396
   0.01486  -0.02878  -0.04892
  -1.1E-40  -0.01382  -0.03396
  -1.1E-40   0.01611  -0.01900
  -0.01507  -0.01382  -0.03396
  -0.03004   0.00115  -0.01900
  -0.03004  -0.04375   0.01093
  -0.03004  -0.02878  -0.03396
  -0.03004   0.01611  -0.01900
  -0.04500  -0.01382  -0.00403
  -0.05996   0.00115  -0.00403
  -0.07493  -0.02878   0.05582
  -0.07493   0.00115   0.01093
  -0.05996   0.00115   0.02590
  -0.07493  -0.04375   0.02590
  -0.07493  -0.02878   0.01093
  -0.08989  -0.02878   0.04086
  -0.08989  -0.02878   0.04086
  -0.08989  -0.05871   0.07079
  -0.07493  -0.05871   0.05582
  -0.07493  -0.04375   0.02590
  -0.07493  -0.01382   0.04086
  -0.08989  -0.07367   0.01093
  -0.08989  -0.05871   0.04086
  -0.07493  -0.04375   0.02590
  -0.08989  -0.04375  -0.00403
  -0.07493  -0.05871  -0.00403
  -0.07493  -0.02878  -0.00403
  -0.05996  -0.08864   0.02590
  -0.07493  -0.05871  -0.00403
  -0.05996  -0.07367  -0.01900
  -0.05996  -0.04375  -0.00403
  -0.07493  -0.04375   0.01093
  -0.05996  -0.05871  -0.03396
  -0.04500  -0.02878  -0.03396
  -0.04500  -0.07367  -0.03396
  -0.01507  -0.02878  -0.03396
   0.01486  -0.01382  -0.04892
   0.02982  -0.01382  -0.06389
   0.01486  -0.02878  -0.06389
  -1.1E-40  -0.04375  -0.06389
   0.04478  -0.02878  -0.04892
   0.01486  -0.02878  -0.06389
   0.02982  -0.04375  -0.04892
   0.02982  -0.02878  -0.10878
   0.02982  -0.04375  -0.09381
   0.04478  -0.05871  -0.09381
   0.05975  -0.04375  -0.12374
   0.04478  -0.04375  -0.10878
   0.04478   0.00115  -0.12374
   0.05975  -0.02878  -0.13871
   0.10464   0.00115  -0.10878
   0.10464   0.00115  -0.12374
   0.11960   0.00115  -0.12374
   0.13457   0.01611  -0.15367
   0.11960  -0.02878  -0.15367
   0.13457   0.00115  -0.15367
   0.13457   0.01611  -0.15367
   0.16449  -0.01382  -0.18360
   0.16449  -0.01382  -0.16863
   0.14953   0.01611  -0.19856
   0.20939   0.00115  -0.19856
   0.19442  -0.01382  -0.16863
   0.19442   0.00115  -0.16863
   0.19442  -0.01382  -0.16863
   0.22435   0.01611  -0.19856
   0.25428   0.00115  -0.19856
   0.23931   0.00115  -0.18360
   0.25428   0.00115  -0.18360
   0.25428   0.03107  -0.18360
   0.29917   0.03107  -0.19856
   0.26924   0.06100  -0.19856
   0.31413   0.04604  -0.18360
   0.29917   0.01611  -0.18360
   0.26924   0.03107  -0.18360
   0.29917   0.03107  -0.13871
   0.31413   0.04604  -0.16863
   0.31413   0.06100  -0.16863
   0.29917   0.01611  -0.15367
   0.29917   0.09093  -0.15367
   0.28420   0.04604  -0.12374
   0.28420   0.03107  -0.10878
   0.22435   0.06100  -0.10878
   0.25428   0.07596  -0.10878
   0.25428   0.04604  -0.07885
   0.22435   0.03107  -0.06389
   0.19442   0.06100  -0.04892
   0.17946   0.06100  -0.04892
   0.14953   0.03107  -0.01900
   0.14953   0.06100   0.01093
   0.10464   0.03107   0.02590
   0.10464   0.03107   0.07079
   0.08967   0.07596   0.04086
   0.07471   0.04604   0.04086
   0.04478   0.06100   0.05582
   0.01486   0.06100   0.08575
  -0.03004   0.04604   0.10071
  -0.03004   0.04604   0.08575
  -0.05996   0.01611   0.10071
  -0.05996   0.04604   0.11568
  -0.10485   0.06100   0.13064
  -0.08989   0.03107   0.13064
  -0.11982   0.07596   0.16057
  -0.11982   0.03107   0.13064
  -0.16471   0.06100   0.14561
  -0.14975   0.03107   0.16057
  -0.19464   0.03107   0.14561
  -0.19464   0.03107   0.16057
  -0.22456   0.04604   0.14561
  -0.22456   0.07596   0.13064
  -0.25449   0.04604   0.14561
  -0.25449   0.04604   0.17553
  -0.26946   0.07596   0.16057
  -0.26946   0.10589   0.14561
  -0.26946   0.09093   0.16057
  -0.29938   0.04604   0.19050
  -0.29938   0.06100   0.19050
  -0.29938   0.07596   0.13064
  -0.29938   0.09093   0.16057
  -0.29938   0.07596   0.14561
  -0.29938   0.09093   0.14561
  -0.29938   0.07596   0.14561
  -0.28442   0.06100   0.13064
  -0.28442   0.06100   0.14561
  -0.29938   0.04604   0.16057
  -0.29938   0.07596   0.17553
  -0.28442   0.07596   0.16057
  -0.26946   0.10589   0.11568
  -0.26946   0.09093   0.14561
  -0.25449   0.04604   0.14561
  -0.23953   0.06100   0.13064
  -0.25449   0.09093   0.13064
  -0.22456   0.06100   0.08575
  -0.19464   0.06100   0.13064
  -0.20960   0.06100   0.11568
  -0.19464   0.07596   0.11568
  -0.14975   0.06100   0.11568
  -0.17967   0.07596   0.11568
  -0.13478   0.06100   0.10071
  -0.11982   0.07596   0.10071
  -0.10485   0.04604   0.11568
  -0.10485   0.06100   0.08575
  -0.07493   0.06100   0.08575
  -0.08989   0.06100   0.10071
  -0.04500   0.04604   0.10071
  -0.05996   0.04604   0.08575
  -0.01507   0.04604   0.07079
   0.02982   0.04604   0.10071
  -0.01507   0.03107   0.08575
   0.02982   0.04604   0.07079
   0.02982   0.07596   0.05582
   0.02982   0.06100   0.05582
   0.02982   0.04604   0.07079
   0.04478   0.07596   0.04086
   0.05975   0.07596   0.02590
   0.07471   0.04604   0.04086
   0.05975   0.03107   0.02590
   0.08967   0.07596  -0.00403
   0.10464   0.04604   0.02590
   0.07471   0.03107   0.01093
   0.13457   0.03107  -0.01900
   0.11960   0.06100  -0.03396
   0.13457   0.06100  -0.03396
   0.11960   0.04604  -0.06389
   0.14953   0.04604  -0.06389
   0.13457   0.03107  -0.06389
   0.13457   0.04604  -0.09381
   0.16449   0.07596  -0.09381
   0.14953   0.06100  -0.12374
   0.17946   0.03107  -0.09381
   0.17946   0.01611  -0.10878
   0.17946   0.06100  -0.15367
   0.19442   0.03107  -0.13871
   0.17946   0.01611  -0.13871
   0.19442   0.03107  -0.16863
   0.19442   0.00115  -0.15367
   0.19442   0.04604  -0.19856
   0.16449   0.01611  -0.18360
   0.19442   0.04604  -0.19856
   0.17946   0.01611  -0.18360
   0.19442   0.06100  -0.19856
   0.20939   0.04604  -0.19856
   0.16449   0.01611  -0.21352
   0.17946   0.04604  -0.19856
   0.16449   0.00115  -0.22849
   0.16449   0.03107  -0.19856
   0.14953   0.01611  -0.19856
   0.13457  -0.01382  -0.15367
   0.11960   0.04604  -0.21352
   0.11960   0.04604  -0.19856
   0.11960   0.06100  -0.19856
   0.11960   0.01611  -0.18360
   0.07471   0.03107  -0.18360
   0.07471   0.00115  -0.16863
   0.07471   0.01611  -0.18360
   0.05975  -0.02878  -0.13871
   0.02982   0.00115  -0.18360
   0.04478   0.00115  -0.15367
   0.02982  -0.01382  -0.13871
   0.01486  -0.02878  -0.13871
  -0.01507  -0.04375  -0.07885
  -0.01507  -0.01382  -0.10878
  -0.03004  -0.01382  -0.09381
  -0.04500  -0.02878  -0.09381
  -0.03004  -0.01382  -0.03396
  -0.05996  -0.04375  -0.01900
  -0.05996  -0.02878  -0.04892
  -0.07493  -0.04375  -0.00403
  -0.07493  -0.01382  -0.03396
  -0.10485  -0.01382  -0.00403
  -0.11982  -0.02878   0.01093
  -0.10485  -0.02878   0.07079
  -0.08989  -0.02878   0.02590
  -0.10485  -0.04375   0.05582
  -0.10485  -0.02878   0.05582
  -0.10485  -0.02878   0.07079
  -0.10485  -0.04375   0.07079
  -0.08989  -0.01382   0.08575
  -0.10485  -0.02878   0.11568
  -0.10485  -0.05871   0.11568
  -0.11982  -0.04375   0.13064
  -0.11982  -0.05871   0.16057
  -0.11982  -0.05871   0.16057
  -0.11982  -0.02878   0.14561
  -0.10485  -0.04375   0.16057
  -0.13478  -0.05871   0.20546
  -0.11982  -0.04375   0.17553
  -0.10485  -0.05871   0.20546
  -0.11982  -0.07367   0.20546
  -0.13478  -0.04375   0.20546
  -0.13478  -0.02878   0.22042
  -0.10485  -0.05871   0.25035
  -0.08989  -0.02878   0.25035
  -0.11982  -0.04375   0.25035
  -0.13478  -0.05871   0.25035
  -0.11982  -0.04375   0.25035
  -0.11982  -0.05871   0.29524
  -0.10485  -0.07367   0.28028
  -0.11982  -0.05871   0.29524
  -0.11982  -0.04375   0.28028
  -0.10485  -0.05871   0.31021
  -0.13478  -0.04375   0.29524
  -0.10485  -0.02878   0.28028
  -0.13478  -0.05871   0.31021
  -0.10485  -0.05871   0.29524
  -0.11982  -0.05871   0.29524
  -0.10485  -0.05871   0.32517
  -0.13478  -0.05871   0.26532
  -0.14975  -0.10360   0.29524
  -0.11982  -0.08864   0.28028
  -0.14975  -0.05871   0.25035
  -0.16471  -0.08864   0.26532
  -0.11982  -0.07367   0.22042
  -0.11982  -0.07367   0.22042
  -0.11982  -0.05871   0.19050
  -0.14975  -0.05871   0.19050
  -0.10485  -0.04375   0.16057
  -0.08989  -0.07367   0.19050
  -0.08989  -0.08864   0.19050
  -0.11982  -0.05871   0.14561
  -0.10485  -0.05871   0.14561
  -0.10485  -0.01382   0.08575
  -0.11982  -0.05871   0.10071
  -0.07493  -0.05871   0.08575
  -0.08989  -0.04375   0.04086
  -0.07493  -0.05871   0.05582
  -0.10485  -0.04375   0.02590
  -0.07493  -0.04375   0.02590
  -0.07493  -0.04375  -0.01900
  -0.05996  -0.04375  -0.01900
  -0.05996  -0.04375  -0.04892
  -0.04500  -0.02878  -0.04892
  -0.01507  -0.05871  -0.07885
  -0.03004  -0.04375  -0.09381
  -0.01507  -0.02878  -0.12374
  -0.04500  -0.04375  -0.12374
  -1.1E-40  -0.01382  -0.15367
  -0.03004  -0.04375  -0.16863
  -0.01507   0.03107  -0.18360
   0.02982  -0.02878  -0.15367
   0.01486  -0.01382  -0.21352
   0.01486  -0.04375  -0.21352
   0.02982  -0.01382  -0.24345
   0.02982  -0.04375  -0.22849
   0.02982  -0.04375  -0.24345
   0.04478  -0.01382  -0.25842
   0.04478   0.00115  -0.28834
   0.07471  -0.04375  -0.28834
   0.05975  -0.02878  -0.25842
   0.04478  -0.01382  -0.28834
   0.02982  -0.04375  -0.30331
   0.07471  -0.04375  -0.30331
   0.07471  -0.02878  -0.30331
   0.05975  -0.01382  -0.31827
   0.07471  -0.01382  -0.31827
   0.04478  -0.04375  -0.30331
   0.05975   0.01611  -0.31827
   0.08967  -0.02878  -0.30331
   0.07471   0.00115  -0.30331
   0.08967  -0.01382  -0.30331
   0.08967  -0.01382  -0.31827
   0.10464   0.00115  -0.27338
   0.10464   0.04604  -0.28834
   0.11960   0.00115  -0.27338
   0.10464   0.00115  -0.25842
   0.11960   0.03107  -0.27338
   0.13457   0.03107  -0.24345
   0.13457   0.01611  -0.22849
   0.10464   0.00115  -0.24345
   0.11960   0.04604  -0.22849
   0.11960   0.04604  -0.22849
   0.14953   0.04604  -0.19856
   0.13457   0.04604  -0.16863
   0.14953   0.06100  -0.16863
   0.14953   0.01611  -0.15367
   0.10464  -0.01382  -0.10878
   0.13457   0.03107  -0.12374
   0.14953   0.01611  -0.10878
   0.11960   0.00115  -0.09381
   0.10464   0.03107  -0.06389
   0.11960   0.03107  -0.07885
   0.11960   0.03107  -0.06389
   0.13457   0.00115  -0.04892
   0.08967  -0.01382   0.01093
   0.07471   0.03107  -0.00403
   0.10464   0.00115  -0.01900
   0.10464   0.03107  -0.00403
   0.10464   0.01611   0.02590
   0.07471   0.00115   0.04086
   0.07471   0.00115   0.05582
   0.08967   0.03107   0.05582
   0.05975   0.01611   0.08575
   0.04478   0.04604   0.07079
   0.04478   0.01611   0.10071
   0.04478   0.03107   0.10071
   0.01486   0.00115   0.10071
   0.02982   0.00115   0.14561
   0.01486   0.03107   0.13064
  -1.1E-40   0.03107   0.14561
  -0.01507   0.03107   0.11568
  -0.03004   0.03107   0.13064
  -0.01507   0.03107   0.16057
  -0.03004  -0.01382   0.16057
  -0.04500   0.01611   0.17553
  -0.04500   0.03107   0.17553
  -0.05996  -0.04375   0.20546
  -0.07493   0.00115   0.17553
  -0.08989   0.00115   0.17553
  -0.10485   0.01611   0.16057
  -0.10485   0.00115   0.19050
  -0.10485   0.00115   0.19050
  -0.10485  -0.01382   0.20546
  -0.14975  -0.02878   0.20546
  -0.13478   0.01611   0.19050
  -0.13478  -0.01382   0.19050
  -0.17967  -0.01382   0.20546
  -0.16471  -0.01382   0.17553
  -0.17967  -0.01382   0.20546
  -0.14975   0.00115   0.19050
  -0.17967  -0.02878   0.17553
  -0.17967   0.00115   0.17553
  -0.19464  -0.01382   0.17553
  -0.17967  -0.01382   0.13064
  -0.17967  -0.02878   0.19050
  -0.17967  -0.04375   0.16057
  -0.17967  -0.01382   0.13064
  -0.16471  -0.02878   0.13064
  -0.16471  -0.01382   0.11568
  -0.14975   0.01611   0.11568
  -0.14975  -0.04375   0.13064
  -0.13478   0.00115   0.11568
  -0.16471  -0.01382   0.08575
  -0.16471   0.00115   0.05582
  -0.10485   0.01611   0.10071
  -0.13478   0.00115   0.07079
  -0.10485   0.00115   0.05582
  -0.10485  -0.02878   0.07079
  -0.10485   0.00115   0.04086
  -0.08989   0.03107   0.02590
  -0.10485   0.00115   0.01093
  -0.07493   0.03107  -0.00403
  -0.07493   0.06100  -0.00403
  -0.05996   0.04604  -0.01900
  -0.07493   0.03107  -0.00403
  -0.05996   0.01611  -0.00403
  -0.05996   0.04604  -0.04892
  -0.03004   0.06100  -0.04892
  -0.03004   0.04604  -0.03396
  -1.1E-40   0.01611  -0.04892
  -0.03004   0.03107  -0.06389