********************************************************************************
               CENTRO DE INSTRUMENTACION Y REGISTRO SISMICO  A.C.  
                       Coordinacion de Servicios Tecnicos
     Anaxagoras 814, Col. Narvarte, Benito Juarez, C.P. 03020 Mexico, D.F.
            Tels. 667 45 42/ 687 45  82             Fax. 669 25 12
********************************************************************************
ARCHIVO ESTANDAR DE ACELERACION:
VERSION DEL FORMATO                    : 2.0
NOMBRE DEL ARCHIVO                     : MY190103.061
FECHA Y HORA DE CREACION               : 05/JUL/04, 11:50
REF. CATALOGO ACELEROGRAMAS, SMIS 1996 : REGISTRO No.     /PAG.


================================================================================
DATOS DE LA ESTACION:
NOMBRE DE LA ESTACION                  : MEYEHUALCO
CLAVE DE LA ESTACION                   : MY19
LOCALIZACION DE LA ESTACION            : AVENIDA 6 ENTRE CALLES 71 Y 73 , SANTA
                                       : CRUZ MEYEHUALCO.
                                       :
                                       :
                                       :
COORDENADAS DE LA ESTACION             : 19.346 LAT. N 
                                       : 99.043 LONG. W 
ALTITUD (msnm)                         : 2237
TIPO DE SUELO                          : TERRENO BLANDO, MATERIAL COMPRESIBLE
                                       : (ARCILLAS)
                                       : 
INSTITUCION RESPONSABLE                : CIRES 
                                       :

================================================================================
DATOS DEL ACELEROGRAFO:
MODELO DEL ACELEROGRAFO                : SSA-1
NUMERO DE SERIE DEL ACELEROGRAFO       : 675
NUMERO DE CANALES                      : 3
ORIENTACION C1-C6 (rumbo;orientacion)  : /N00E/+V/N90E
ORIENTACION C7-C12 (rumbo;orientacion) :
VEL. DE MUESTREO, C1-C6 (muestras/s)   : /200/200/200
VEL. DE MUESTREO, C7-C12 (muestras/s)  :
ESC. COMPLETA DE SENSORES, C1-C6, (g)  : /2/2/2
ESC. COMPLETA DE SENSORES, C7-C12, (g) :
FREC. NAT. DE SENSORES, C1-C6, (Hz)    : /53.84/51.82/50.63
FREC. NAT. DE SENSORES, C7-C12, (Hz)   :
AMORTIGUAMIENTO DE SENSORES, C1-C6     : /.5747/.5698/.5715
AMORTIGUAMIENTO DE SENSORES, C7-C12    :
INTERVALO DE MUESTREO, C1-C6, (s)      : /0.005/0.005/0.005
INTERVALO DE MUESTREO, C7-C12, (s)     :
UMBRAL DE DISPARO, C1-C6, (Gal)        : /1/1/1
UMBRAL DE DISPARO, C7-C12, (Gal)       :
MEMORIA DE PREEVENTO (s)               : 15
TIEMPO DE POSEVENTO (s)                : 60


================================================================================
DATOS DEL SISMO:
FECHA DEL SISMO (GMT)                  : 06/MAR/01
HORA EPICENTRO (GMT)                   : 21:57:56,9
MAGNITUD(ES)                           : /Mb=5.1/Ms=4.5/Mc=5.1/Ma=4.9/Me=5.3
COORDENADAS DEL EPICENTRO              : 17.14 LAT. N
                                       : 100.10 LONG. W
PROFUNDIDAD FOCAL (km)                 : 32
FUENTE DE LOS DATOS EPICENTRALES       : SSN
                                       : INSTITUTO DE GEOFISICA, UNAM 

================================================================================
DATOS DE ESTE REGISTRO:
HORA DE LA PRIMERA MUESTRA (GMT)       : 22:00:33.00
EXACTITUD DEL TIEMPO (s)               :     
DURACION DEL REGISTRO (s), C1-C6       : /78.08/78.08/78.08
DURACION DEL REGISTRO (s), C7-C12      :
NUM. TOTAL DE MUESTRAS, C1-C6          : /15616/15616/15616
NUM. TOTAL DE MUESTRAS, C7-C12         :
ACEL. MAX. (Gal), C1-C6                : /1.88701/1.34962/1.24016
ACEL. MAX., C1-C6, EN LA MUESTRA       :
ACEL. MAX. (Gal), C7-C12               :
ACEL. MAX., C7-C12, EN LA MUESTRA      :
UNIDADES DE LOS DATOS                  : Gal (cm/s/s)
FACTOR DE DECIMACION                   : 1
FORMATO DATOS (FORTRAN,10 campos/dato) : 3F10.5


================================================================================
CALIDAD DEL ACELEROGRAMA:
REGISTRO DIGITAL COMPLETO, CARECE DE TIEMPO ABSOLUTO.


================================================================================
COMENTARIOS:














================================================================================
DATOS DE ACELERACION:
---------+---------+---------+---------+---------+---------+---------+---------+
   CANAL-1   CANAL-2   CANAL-3   CANAL-4   CANAL-5   CANAL-6   CANAL-7   CANAL-8
      N00E        +V      N90E
---------+---------+---------+---------+---------+---------+---------+---------+
  -0.02299  -0.09038  -0.19984
  -0.02299  -0.09038  -0.19984
  -0.02299  -0.09038  -0.19984
  -0.02299  -0.09038  -0.19984
  -0.26299  -0.09038  -0.19984
  -0.02299  -0.09038  -0.19984
  -0.02299  -0.09038  -0.19984
  -0.02299  -0.09038  -0.19984
  -0.02299  -0.09038  -0.19984
  -0.02299  -0.09038  -0.19984
  -0.02299  -0.09038  -0.19984
  -0.02299  -0.09038  -0.19984
  -0.02299  -0.09038  -0.19984
  -0.02299  -0.09038  -0.19984
  -0.02299  -0.09038  -0.19984
  -0.02299  -0.09038  -0.19984
  -0.02299  -0.09038  -0.19984
  -0.02299  -0.09038  -0.19984
  -0.02299  -0.33038  -0.19984
  -0.02299  -0.09038  -0.19984
  -0.02299  -0.33038  -0.19984
  -0.02299  -0.09038  -0.19984
  -0.02299  -0.33038  -0.19984
   0.21701  -0.09038  -0.19984
  -0.02299  -0.33038  -0.19984
  -0.02299  -0.33038  -0.19984
  -0.02299  -0.33038  -0.19984
   0.21701  -0.33038  -0.19984
  -0.02299  -0.33038  -0.19984
   0.21701  -0.33038  -0.19984
  -0.02299  -0.33038  -0.19984
   0.21701  -0.33038  -0.19984
  -0.02299  -0.57038  -0.19984
  -0.02299  -0.33038  -0.19984
  -0.02299  -0.33038  -0.19984
  -0.02299  -0.33038  -0.19984
  -0.02299  -0.33038  -0.19984
  -0.02299  -0.33038  -0.19984
  -0.02299  -0.33038  -0.19984
  -0.02299  -0.33038   0.04016
  -0.02299  -0.33038   0.04016
  -0.02299  -0.33038   0.04016
  -0.02299  -0.33038  -0.19984
  -0.02299  -0.33038   0.04016
  -0.26299  -0.33038   0.04016
  -0.02299  -0.09038   0.04016
  -0.26299  -0.33038   0.04016
  -0.26299  -0.33038   0.04016
  -0.26299  -0.33038   0.04016
  -0.26299  -0.09038   0.04016
  -0.26299  -0.33038   0.04016
  -0.26299  -0.09038   0.04016
  -0.26299  -0.33038   0.04016
  -0.02299  -0.09038   0.04016
  -0.26299  -0.33038   0.04016
  -0.26299  -0.09038   0.04016
  -0.26299  -0.33038   0.04016
  -0.26299  -0.09038   0.04016
  -0.26299  -0.09038   0.04016
  -0.26299  -0.09038   0.04016
  -0.26299  -0.33038   0.04016
  -0.26299  -0.09038  -0.19984
  -0.26299  -0.09038   0.04016
  -0.26299  -0.09038   0.04016
  -0.26299  -0.09038  -0.19984
  -0.26299  -0.09038   0.04016
  -0.26299  -0.09038  -0.19984
  -0.26299  -0.09038  -0.19984
  -0.26299  -0.09038  -0.19984
  -0.26299  -0.09038  -0.19984
  -0.50299  -0.09038  -0.19984
  -0.26299  -0.09038  -0.19984
  -0.26299  -0.09038  -0.19984
  -0.50299  -0.09038  -0.19984
  -0.50299  -0.09038  -0.19984
  -0.26299  -0.09038  -0.19984
  -0.50299  -0.09038  -0.19984
  -0.50299  -0.09038  -0.19984
  -0.26299  -0.09038  -0.19984
  -0.26299  -0.09038  -0.19984
  -0.26299  -0.33038  -0.19984
  -0.26299  -0.09038  -0.19984
  -0.26299  -0.33038  -0.19984
  -0.26299  -0.33038  -0.19984
  -0.26299  -0.33038  -0.19984
  -0.26299  -0.09038  -0.19984
  -0.26299  -0.33038  -0.19984
  -0.26299  -0.09038  -0.19984
  -0.26299  -0.33038  -0.19984
  -0.26299  -0.09038  -0.19984
  -0.26299  -0.33038  -0.19984
  -0.26299  -0.09038   0.04016
  -0.26299  -0.33038  -0.19984
  -0.26299  -0.09038   0.04016
  -0.26299  -0.33038   0.04016
  -0.26299  -0.09038   0.04016
  -0.26299  -0.33038   0.04016
  -0.26299  -0.09038   0.04016
  -0.26299  -0.33038   0.04016
  -0.26299  -0.09038   0.04016
  -0.26299  -0.33038   0.04016
  -0.26299  -0.09038   0.04016
  -0.26299  -0.33038  -0.19984
  -0.02299  -0.33038   0.04016
  -0.02299  -0.33038  -0.19984
  -0.02299  -0.09038  -0.19984
  -0.26299  -0.33038  -0.19984
  -0.02299  -0.09038   0.04016
  -0.02299  -0.33038  -0.19984
  -0.02299  -0.09038  -0.19984
  -0.02299  -0.33038  -0.19984
  -0.02299  -0.09038  -0.19984
  -0.02299  -0.09038  -0.19984
  -0.02299  -0.09038  -0.19984
  -0.02299  -0.09038  -0.19984
   0.21701  -0.09038   0.04016
  -0.02299  -0.09038  -0.19984
   0.21701  -0.09038  -0.19984
  -0.02299  -0.09038  -0.19984
   0.21701  -0.09038   0.04016
   0.21701  -0.09038  -0.19984
   0.21701  -0.09038   0.04016
   0.21701  -0.09038  -0.19984
   0.21701  -0.09038  -0.19984
   0.21701  -0.09038   0.04016
   0.21701   0.14962   0.04016
   0.21701  -0.09038   0.04016
   0.21701  -0.09038   0.04016
   0.21701  -0.09038   0.04016
   0.21701  -0.09038   0.04016
  -0.02299  -0.09038   0.04016
   0.21701  -0.09038   0.04016
   0.21701  -0.09038   0.04016
   0.21701   0.14962   0.04016
   0.21701  -0.09038  -0.19984
   0.21701   0.14962   0.04016
   0.21701  -0.09038   0.04016
   0.21701   0.14962   0.04016
   0.21701  -0.09038   0.04016
   0.21701   0.14962   0.04016
   0.21701  -0.09038   0.04016
   0.21701   0.14962   0.04016
   0.21701  -0.09038   0.04016
   0.21701   0.14962   0.04016
   0.21701   0.14962   0.04016
   0.21701   0.14962   0.04016
   0.21701  -0.09038   0.04016
   0.21701   0.14962   0.04016
   0.21701  -0.09038   0.04016
   0.21701   0.14962   0.04016
   0.21701  -0.09038   0.04016
   0.21701   0.14962   0.04016
   0.21701  -0.09038   0.04016
   0.21701   0.14962   0.04016
   0.21701   0.14962   0.04016
   0.21701   0.14962   0.04016
   0.21701   0.14962   0.04016
   0.21701   0.14962   0.04016
   0.21701   0.14962   0.04016
   0.21701   0.14962   0.04016
   0.21701   0.14962   0.04016
   0.21701   0.14962   0.04016
   0.21701   0.14962   0.04016
   0.21701   0.14962   0.04016
   0.21701   0.14962   0.04016
   0.21701   0.14962   0.04016
   0.21701   0.14962   0.04016
   0.21701   0.14962   0.04016
   0.21701   0.14962   0.04016
   0.45701   0.14962   0.04016
   0.21701   0.14962   0.04016
   0.45701   0.14962   0.04016
   0.21701   0.14962  -0.19984
   0.45701   0.14962  -0.19984
   0.21701   0.14962  -0.19984
   0.21701   0.14962  -0.19984
   0.21701  -0.09038  -0.19984
   0.21701   0.14962  -0.19984
   0.21701   0.14962  -0.19984
   0.21701   0.14962  -0.19984
   0.21701  -0.09038  -0.19984
   0.21701   0.14962  -0.19984
   0.21701  -0.09038  -0.19984
   0.21701   0.14962  -0.19984
  -0.02299  -0.09038  -0.19984
  -0.02299   0.14962  -0.19984
  -0.02299  -0.09038  -0.19984
  -0.02299   0.14962  -0.19984
  -0.02299  -0.09038  -0.19984
  -0.02299   0.14962  -0.19984
  -0.26299  -0.09038  -0.19984
  -0.02299   0.14962  -0.19984
  -0.26299  -0.09038  -0.19984
  -0.26299   0.14962   0.04016
  -0.26299  -0.09038  -0.19984
  -0.26299   0.14962   0.04016
  -0.26299  -0.09038   0.04016
  -0.26299   0.14962  -0.19984
  -0.50299  -0.09038   0.04016
  -0.26299  -0.09038   0.04016
  -0.50299  -0.09038   0.04016
  -0.26299  -0.09038   0.04016
  -0.50299  -0.09038   0.04016
  -0.26299  -0.09038   0.04016
  -0.50299  -0.09038   0.04016
  -0.26299  -0.09038   0.04016
  -0.50299  -0.09038   0.04016
  -0.50299  -0.09038   0.04016
  -0.50299  -0.09038   0.04016
  -0.50299  -0.09038   0.04016
  -0.50299  -0.33038   0.04016
  -0.26299  -0.33038   0.04016
  -0.50299  -0.33038   0.04016
  -0.50299  -0.33038   0.04016
  -0.50299  -0.33038   0.04016
  -0.26299  -0.09038   0.04016
  -0.50299  -0.33038   0.04016
  -0.50299  -0.33038   0.04016
  -0.50299  -0.33038   0.04016
  -0.50299  -0.09038   0.04016
  -0.50299  -0.33038   0.04016
  -0.50299  -0.09038   0.04016
  -0.50299  -0.33038   0.04016
  -0.50299  -0.33038   0.04016
  -0.50299  -0.33038   0.04016
  -0.26299  -0.09038   0.04016
  -0.50299  -0.33038   0.04016
  -0.26299  -0.09038   0.04016
  -0.50299  -0.33038   0.04016
  -0.50299  -0.09038   0.04016
  -0.50299  -0.33038   0.04016
  -0.50299  -0.33038   0.04016
  -0.50299  -0.33038   0.04016
  -0.50299  -0.33038   0.04016
  -0.50299  -0.33038   0.04016
  -0.50299  -0.33038   0.28016
  -0.50299  -0.33038   0.04016
  -0.50299  -0.33038   0.04016
  -0.50299  -0.33038   0.04016
  -0.26299  -0.33038   0.28016
  -0.50299  -0.33038   0.04016
  -0.50299  -0.33038   0.28016
  -0.26299  -0.33038   0.28016
  -0.26299  -0.09038   0.28016
  -0.26299  -0.33038   0.28016
  -0.26299  -0.09038   0.04016
  -0.26299  -0.33038   0.04016
  -0.26299  -0.09038   0.28016
  -0.26299  -0.33038   0.04016
  -0.26299  -0.09038   0.28016
  -0.26299  -0.09038   0.04016
  -0.26299  -0.09038   0.04016
  -0.26299  -0.09038   0.04016
  -0.26299  -0.09038   0.04016
  -0.26299  -0.09038   0.04016
  -0.26299  -0.09038   0.04016
  -0.26299  -0.09038   0.04016
  -0.26299  -0.09038   0.04016
  -0.26299  -0.09038   0.04016
  -0.26299  -0.09038   0.04016
  -0.26299  -0.09038   0.04016
  -0.26299  -0.09038   0.04016
  -0.26299  -0.09038   0.04016
  -0.26299  -0.09038   0.04016
  -0.26299  -0.09038  -0.19984
  -0.02299  -0.09038   0.04016
  -0.02299  -0.09038  -0.19984
  -0.02299  -0.09038  -0.19984
  -0.02299  -0.09038  -0.19984
  -0.02299  -0.09038  -0.19984
  -0.02299  -0.09038  -0.19984
  -0.02299  -0.09038  -0.19984
  -0.02299  -0.09038  -0.19984
  -0.02299  -0.09038  -0.19984
  -0.02299  -0.09038  -0.19984
  -0.02299  -0.09038  -0.19984
  -0.02299  -0.09038  -0.19984
  -0.02299  -0.09038  -0.19984
  -0.02299  -0.09038  -0.19984
  -0.02299  -0.09038  -0.19984
  -0.02299  -0.33038  -0.19984
  -0.02299  -0.09038  -0.19984
  -0.02299  -0.33038  -0.19984
  -0.02299  -0.09038  -0.19984
  -0.02299  -0.33038  -0.19984
   0.21701  -0.33038  -0.19984
   0.21701  -0.33038  -0.19984
   0.21701  -0.33038  -0.19984
   0.21701  -0.33038  -0.19984
   0.21701  -0.33038  -0.19984
   0.21701  -0.33038  -0.19984
   0.21701  -0.33038  -0.19984
   0.21701  -0.57038  -0.19984
   0.21701  -0.33038  -0.19984
   0.21701  -0.33038  -0.19984
   0.21701  -0.33038   0.04016
   0.21701  -0.33038  -0.19984
   0.45701  -0.33038   0.04016
   0.21701  -0.33038  -0.19984
   0.45701  -0.09038   0.04016
   0.21701  -0.33038   0.04016
   0.45701  -0.09038   0.04016
   0.21701  -0.09038   0.04016
   0.45701  -0.09038   0.04016
   0.21701  -0.09038   0.04016
   0.21701  -0.09038   0.04016
   0.21701  -0.09038   0.04016
   0.21701   0.14962   0.04016
   0.21701  -0.09038   0.04016
   0.21701   0.14962   0.04016
   0.21701   0.14962   0.04016
   0.21701   0.14962   0.04016
   0.21701   0.14962   0.04016
   0.21701   0.14962   0.04016
  -0.02299   0.14962   0.04016
   0.21701   0.14962   0.04016
   0.21701   0.14962   0.04016
   0.21701   0.14962   0.28016
   0.21701   0.14962   0.04016
   0.21701   0.14962   0.28016
   0.21701   0.14962   0.28016
   0.21701   0.14962   0.28016
  -0.02299  -0.09038   0.28016
   0.21701   0.14962   0.28016
  -0.02299  -0.09038   0.28016
   0.21701  -0.09038   0.28016
  -0.02299  -0.09038   0.28016
   0.21701  -0.09038   0.28016
  -0.02299  -0.09038   0.28016
   0.21701  -0.09038   0.28016
  -0.02299  -0.09038   0.28016
  -0.02299  -0.09038   0.28016
  -0.02299  -0.09038   0.28016
  -0.02299  -0.09038   0.28016
  -0.02299  -0.09038   0.28016
  -0.02299  -0.09038   0.28016
  -0.02299  -0.09038   0.28016
  -0.02299  -0.09038   0.28016
  -0.02299  -0.09038   0.28016
  -0.02299  -0.09038   0.28016
  -0.02299  -0.09038   0.04016
  -0.02299  -0.09038   0.04016
  -0.02299  -0.09038   0.04016
  -0.02299  -0.09038   0.04016
  -0.02299  -0.09038   0.04016
  -0.02299  -0.09038   0.04016
  -0.02299  -0.09038   0.04016
  -0.02299  -0.09038   0.04016
  -0.02299  -0.09038   0.04016
  -0.02299  -0.09038   0.04016
  -0.02299  -0.09038   0.04016
  -0.02299  -0.09038   0.04016
  -0.02299  -0.09038   0.04016
  -0.02299   0.14962   0.04016
  -0.02299  -0.09038   0.04016
  -0.02299  -0.09038   0.04016
  -0.02299  -0.09038   0.04016
  -0.02299   0.14962   0.04016
  -0.02299  -0.09038   0.04016
  -0.02299   0.14962   0.04016
  -0.02299  -0.09038   0.04016
  -0.02299   0.14962   0.28016
  -0.02299   0.14962   0.28016
  -0.02299   0.14962   0.28016
  -0.02299   0.14962   0.28016
  -0.02299   0.14962   0.28016
  -0.02299   0.14962   0.28016
  -0.02299   0.14962   0.28016
  -0.02299   0.14962   0.28016
  -0.02299   0.14962   0.28016
  -0.02299   0.14962   0.28016
  -0.02299   0.14962   0.28016
  -0.02299   0.14962   0.28016
  -0.02299   0.14962   0.28016
  -0.02299   0.14962   0.28016
  -0.02299   0.14962   0.28016
  -0.02299   0.14962   0.28016
   0.21701   0.38962   0.28016
  -0.02299   0.14962   0.28016
  -0.02299   0.14962   0.28016
  -0.02299   0.14962   0.28016
   0.21701   0.38962   0.28016
   0.21701   0.14962   0.28016
   0.21701   0.14962   0.28016
  -0.02299   0.14962   0.28016
   0.21701   0.38962   0.28016
   0.21701   0.14962   0.28016
   0.21701   0.38962   0.04016
  -0.02299   0.14962   0.04016
  -0.02299   0.38962   0.28016
  -0.02299   0.14962   0.04016
  -0.02299   0.14962   0.04016
  -0.02299   0.14962   0.04016
  -0.02299   0.14962   0.04016
  -0.02299   0.14962   0.04016
  -0.02299   0.14962   0.04016
  -0.02299   0.14962   0.04016
  -0.26299   0.14962   0.04016
  -0.02299   0.14962   0.04016
  -0.02299   0.14962   0.04016
  -0.02299  -0.09038   0.04016
  -0.02299  -0.09038   0.04016
  -0.02299  -0.09038  -0.19984
  -0.26299  -0.09038  -0.19984
  -0.26299  -0.09038  -0.19984
  -0.02299  -0.09038  -0.19984
  -0.26299  -0.09038  -0.19984
  -0.02299  -0.09038  -0.19984
  -0.02299  -0.33038  -0.43984
  -0.02299  -0.09038  -0.19984
  -0.02299  -0.33038  -0.19984
  -0.02299  -0.33038  -0.19984
  -0.02299  -0.33038  -0.19984
  -0.02299  -0.33038   0.04016
  -0.02299  -0.33038   0.04016
  -0.02299  -0.33038   0.04016
  -0.02299  -0.33038   0.04016
  -0.02299  -0.33038   0.04016
  -0.26299  -0.33038  -0.19984
  -0.02299  -0.33038   0.04016
  -0.02299  -0.33038   0.04016
  -0.02299  -0.09038   0.04016
  -0.26299  -0.33038  -0.19984
  -0.02299  -0.09038   0.04016
  -0.02299  -0.33038  -0.19984
  -0.02299  -0.09038   0.04016
  -0.26299  -0.33038  -0.19984
  -0.02299  -0.09038   0.04016
  -0.26299  -0.09038  -0.19984
  -0.26299  -0.09038  -0.19984
  -0.26299  -0.09038  -0.19984
  -0.26299  -0.09038  -0.19984
  -0.26299  -0.09038  -0.19984
  -0.26299   0.14962  -0.19984
  -0.26299  -0.09038  -0.19984
  -0.26299   0.14962  -0.19984
  -0.26299   0.14962  -0.19984
  -0.26299   0.14962  -0.19984
  -0.26299   0.14962  -0.43984
  -0.26299   0.14962  -0.43984
  -0.26299   0.14962  -0.43984
  -0.26299   0.14962  -0.43984
  -0.26299   0.14962  -0.43984
  -0.26299   0.14962  -0.43984
  -0.26299   0.14962  -0.43984
  -0.26299   0.14962  -0.43984
  -0.26299   0.14962  -0.67984
  -0.26299   0.14962  -0.43984
  -0.26299   0.14962  -0.67984
  -0.26299   0.14962  -0.67984
  -0.26299   0.14962  -0.67984
  -0.02299   0.14962  -0.67984
  -0.26299   0.14962  -0.67984
  -0.02299   0.14962  -0.67984
  -0.02299   0.14962  -0.67984
  -0.02299   0.14962  -0.67984
  -0.26299  -0.09038  -0.67984
  -0.02299   0.14962  -0.43984
  -0.02299  -0.09038  -0.67984
  -0.02299   0.14962  -0.43984
  -0.02299  -0.09038  -0.43984
  -0.02299   0.14962  -0.43984
  -0.02299  -0.09038  -0.43984
  -0.02299  -0.09038  -0.43984
  -0.02299  -0.09038  -0.43984
  -0.02299  -0.09038  -0.43984
  -0.02299  -0.33038  -0.67984
  -0.02299  -0.09038  -0.43984
  -0.02299  -0.33038  -0.43984
  -0.02299  -0.33038  -0.43984
  -0.02299  -0.57038  -0.43984
  -0.02299  -0.33038  -0.43984
  -0.02299  -0.57038  -0.43984
  -0.02299  -0.57038  -0.43984
  -0.02299  -0.57038  -0.67984
  -0.02299  -0.57038  -0.43984
  -0.02299  -0.57038  -0.67984
  -0.02299  -0.57038  -0.67984
  -0.02299  -0.81038  -0.67984
  -0.02299  -0.57038  -0.67984
  -0.02299  -0.81038  -0.67984
  -0.02299  -0.57038  -0.67984
  -0.02299  -0.81038  -0.67984
  -0.02299  -0.57038  -0.67984
  -0.02299  -0.81038  -0.67984
  -0.02299  -0.57038  -0.67984
  -0.02299  -0.57038  -0.67984
  -0.02299  -0.57038  -0.67984
  -0.02299  -0.57038  -0.67984
   0.21701  -0.57038  -0.43984
  -0.02299  -0.57038  -0.43984
  -0.02299  -0.57038  -0.43984
  -0.02299  -0.57038  -0.43984
   0.21701  -0.33038  -0.43984
  -0.02299  -0.57038  -0.43984
   0.21701  -0.33038  -0.43984
   0.21701  -0.57038  -0.43984
  -0.02299  -0.33038  -0.19984
   0.21701  -0.33038  -0.43984
   0.21701  -0.33038  -0.19984
   0.21701  -0.33038  -0.43984
   0.21701  -0.09038  -0.19984
   0.21701  -0.33038  -0.19984
  -0.02299  -0.09038  -0.19984
  -0.02299  -0.09038  -0.19984
   0.21701  -0.09038  -0.19984
  -0.02299  -0.09038  -0.19984
  -0.02299   0.14962  -0.19984
  -0.02299  -0.09038   0.04016
  -0.02299   0.14962   0.04016
  -0.02299   0.14962  -0.19984
  -0.02299   0.14962   0.04016
  -0.26299  -0.09038  -0.19984
  -0.02299   0.14962   0.04016
  -0.02299   0.14962   0.04016
  -0.02299   0.14962   0.04016
  -0.26299  -0.09038   0.04016
  -0.26299   0.14962   0.04016
  -0.26299   0.14962   0.04016
  -0.26299   0.14962   0.04016
  -0.26299  -0.09038   0.04016
  -0.26299   0.14962   0.04016
  -0.26299  -0.09038   0.04016
  -0.26299   0.14962   0.04016
  -0.26299  -0.09038   0.04016
  -0.26299   0.14962   0.28016
  -0.26299  -0.09038   0.28016
  -0.02299  -0.09038   0.28016
  -0.26299  -0.09038   0.28016
  -0.02299  -0.09038   0.28016
  -0.02299  -0.09038   0.28016
  -0.02299  -0.09038   0.28016
  -0.02299  -0.09038   0.28016
  -0.02299  -0.09038   0.28016
  -0.02299  -0.09038   0.28016
  -0.02299  -0.09038   0.52016
  -0.02299  -0.09038   0.28016
  -0.02299  -0.09038   0.52016
  -0.02299  -0.09038   0.52016
  -0.02299  -0.09038   0.52016
  -0.02299  -0.09038   0.28016
  -0.02299   0.14962   0.28016
  -0.02299  -0.09038   0.28016
  -0.02299   0.14962   0.28016
  -0.02299  -0.09038   0.28016
  -0.02299  -0.09038   0.28016
  -0.02299  -0.09038   0.28016
  -0.02299   0.14962   0.28016
  -0.02299  -0.09038   0.28016
   0.21701   0.14962   0.52016
  -0.02299  -0.09038   0.28016
   0.21701   0.14962   0.52016
   0.21701  -0.09038   0.28016
   0.21701   0.14962   0.52016
   0.21701  -0.09038   0.28016
   0.21701   0.14962   0.52016
   0.21701   0.14962   0.28016
   0.21701   0.14962   0.28016
   0.21701   0.14962   0.28016
   0.21701   0.14962   0.28016
   0.21701   0.14962   0.28016
   0.21701   0.14962   0.52016
   0.21701   0.14962   0.28016
   0.21701   0.14962   0.52016
   0.21701   0.14962   0.28016
   0.21701   0.14962   0.28016
   0.21701   0.14962   0.28016
   0.21701   0.14962   0.28016
   0.21701  -0.09038   0.28016
   0.21701   0.14962   0.28016
   0.21701   0.14962   0.28016
   0.21701   0.14962   0.04016
   0.21701  -0.09038   0.04016
   0.21701   0.14962   0.04016
  -0.02299  -0.09038   0.04016
   0.21701   0.14962   0.04016
  -0.02299  -0.09038  -0.19984
   0.21701  -0.09038  -0.19984
  -0.02299  -0.09038  -0.19984
  -0.02299  -0.09038  -0.19984
  -0.02299  -0.09038  -0.19984
  -0.02299  -0.09038  -0.19984
  -0.02299  -0.33038  -0.19984
  -0.02299  -0.09038  -0.43984
  -0.02299  -0.33038  -0.43984
  -0.02299  -0.33038  -0.43984
  -0.02299  -0.33038  -0.43984
   0.21701  -0.09038  -0.43984
  -0.02299  -0.33038  -0.43984
  -0.02299  -0.09038  -0.43984
  -0.02299  -0.33038  -0.43984
  -0.02299  -0.33038  -0.43984
  -0.02299  -0.33038  -0.67984
  -0.02299  -0.09038  -0.43984
  -0.02299  -0.33038  -0.67984
   0.21701  -0.09038  -0.43984
  -0.02299  -0.33038  -0.67984
  -0.02299  -0.09038  -0.43984
  -0.02299  -0.33038  -0.67984
  -0.02299  -0.09038  -0.43984
  -0.02299  -0.09038  -0.67984
  -0.02299  -0.09038  -0.43984
  -0.02299  -0.09038  -0.67984
  -0.02299  -0.09038  -0.43984
  -0.02299  -0.09038  -0.43984
  -0.02299  -0.09038  -0.43984
  -0.02299  -0.09038  -0.43984
  -0.02299  -0.09038  -0.43984
  -0.02299  -0.09038  -0.43984
  -0.26299  -0.09038  -0.43984
  -0.26299  -0.09038  -0.43984
  -0.02299  -0.09038  -0.43984
  -0.26299  -0.09038  -0.43984
  -0.26299  -0.09038  -0.43984
  -0.26299  -0.09038  -0.43984
  -0.26299  -0.09038  -0.43984
  -0.26299  -0.33038  -0.43984
  -0.26299  -0.09038  -0.43984
  -0.26299  -0.33038  -0.43984
  -0.26299  -0.09038  -0.43984
  -0.26299  -0.33038  -0.43984
  -0.26299  -0.09038  -0.19984
  -0.50299  -0.33038  -0.43984
  -0.26299  -0.09038  -0.19984
  -0.26299  -0.33038  -0.43984
  -0.26299  -0.09038  -0.19984
  -0.26299  -0.09038  -0.19984
  -0.26299  -0.09038   0.04016
  -0.26299  -0.33038  -0.19984
  -0.26299  -0.09038   0.04016
  -0.26299  -0.09038   0.04016
  -0.26299  -0.09038   0.04016
  -0.26299  -0.33038   0.04016
  -0.26299  -0.09038   0.04016
  -0.26299  -0.09038   0.04016
  -0.26299  -0.09038   0.04016
  -0.26299  -0.33038   0.04016
  -0.26299  -0.09038   0.04016
  -0.26299  -0.09038   0.04016
  -0.26299  -0.09038   0.28016
  -0.26299  -0.09038   0.04016
  -0.26299  -0.09038   0.28016
  -0.26299  -0.09038   0.04016
  -0.26299  -0.09038   0.28016
  -0.26299  -0.09038   0.04016
  -0.02299   0.14962   0.28016
  -0.26299  -0.09038   0.28016
  -0.02299   0.14962   0.28016
  -0.26299  -0.09038   0.28016
  -0.02299   0.14962   0.28016
  -0.26299  -0.09038   0.28016
  -0.02299  -0.09038   0.28016
  -0.26299   0.14962   0.28016
  -0.26299   0.14962   0.28016
  -0.26299   0.14962   0.28016
  -0.26299   0.14962   0.28016
  -0.26299  -0.09038   0.28016
  -0.26299   0.14962   0.28016
  -0.26299   0.14962   0.28016
  -0.26299   0.14962   0.28016
  -0.26299  -0.09038   0.28016
  -0.26299  -0.09038   0.52016
  -0.26299  -0.09038   0.28016
  -0.26299   0.14962   0.52016
  -0.26299  -0.09038   0.28016
  -0.26299   0.14962   0.52016
  -0.26299  -0.09038   0.28016
  -0.26299  -0.09038   0.52016
  -0.50299  -0.09038   0.28016
  -0.26299  -0.09038   0.28016
  -0.50299  -0.09038   0.28016
  -0.50299   0.14962   0.52016
  -0.50299  -0.09038   0.28016
  -0.50299   0.14962   0.52016
  -0.50299  -0.09038   0.28016
  -0.50299   0.14962   0.52016
  -0.50299  -0.09038   0.28016
  -0.50299   0.14962   0.52016
  -0.50299  -0.09038   0.28016
  -0.50299   0.14962   0.28016
  -0.50299  -0.09038   0.28016
  -0.50299  -0.09038   0.28016
  -0.74299  -0.09038   0.28016
  -0.50299  -0.33038   0.28016
  -0.74299  -0.09038   0.28016
  -0.50299  -0.09038   0.28016
  -0.74299  -0.33038   0.28016
  -0.74299  -0.09038   0.28016
  -0.74299  -0.33038   0.28016
  -0.50299  -0.33038   0.28016
  -0.74299  -0.33038   0.28016
  -0.50299  -0.33038   0.52016
  -0.50299  -0.57038   0.28016
  -0.50299  -0.33038   0.28016
  -0.50299  -0.57038   0.28016
  -0.50299  -0.57038   0.28016
  -0.50299  -0.57038   0.28016
  -0.26299  -0.33038   0.28016
  -0.26299  -0.57038   0.28016
  -0.26299  -0.33038   0.28016
  -0.26299  -0.33038   0.28016
  -0.02299  -0.33038   0.28016
  -0.26299  -0.57038   0.28016
  -0.02299  -0.33038   0.28016
  -0.02299  -0.33038   0.28016
   0.21701  -0.33038   0.28016
   0.21701  -0.33038   0.28016
   0.21701  -0.09038   0.28016
   0.21701  -0.33038   0.04016
   0.21701  -0.09038   0.28016
   0.21701  -0.09038   0.04016
   0.45701  -0.09038   0.28016
   0.21701  -0.09038   0.04016
   0.45701  -0.09038   0.04016
   0.21701  -0.09038   0.04016
   0.45701   0.14962   0.04016
   0.45701  -0.09038   0.04016
   0.45701   0.14962   0.04016
   0.21701  -0.09038  -0.19984
   0.45701   0.14962   0.04016
   0.45701  -0.09038  -0.19984
   0.45701   0.14962  -0.19984
   0.21701   0.14962  -0.19984
   0.45701   0.14962  -0.19984
   0.21701   0.14962  -0.19984
   0.21701   0.14962  -0.19984
   0.21701   0.14962  -0.19984
   0.21701   0.14962  -0.19984
   0.21701   0.14962  -0.19984
   0.21701   0.14962  -0.19984
   0.21701  -0.09038  -0.43984
   0.21701   0.14962  -0.19984
   0.21701  -0.09038  -0.43984
   0.21701   0.14962  -0.19984
   0.21701  -0.09038  -0.43984
   0.21701   0.14962  -0.43984
   0.21701  -0.09038  -0.43984
   0.21701   0.14962  -0.43984
   0.21701  -0.09038  -0.43984
   0.21701   0.14962  -0.43984
   0.21701  -0.09038  -0.43984
   0.21701  -0.09038  -0.43984
   0.21701  -0.09038  -0.43984
   0.21701  -0.09038  -0.43984
   0.21701  -0.09038  -0.43984
   0.21701   0.14962  -0.43984
   0.21701  -0.09038  -0.43984
   0.21701  -0.09038  -0.43984
   0.21701  -0.09038  -0.43984
   0.45701  -0.09038  -0.43984
   0.21701  -0.09038  -0.43984
   0.45701  -0.09038  -0.19984
   0.45701  -0.09038  -0.43984
   0.45701  -0.09038  -0.19984
   0.21701  -0.09038  -0.19984
   0.45701  -0.09038  -0.19984
   0.45701  -0.09038  -0.19984
   0.45701  -0.09038  -0.19984
   0.21701  -0.09038  -0.19984
   0.45701  -0.09038  -0.19984
   0.45701  -0.09038  -0.19984
   0.45701  -0.09038  -0.19984
   0.21701  -0.33038  -0.19984
   0.45701  -0.33038  -0.19984
   0.21701  -0.33038  -0.19984
   0.45701  -0.33038  -0.19984
   0.45701  -0.33038  -0.19984
   0.21701  -0.33038  -0.19984
   0.21701  -0.33038  -0.19984
   0.21701  -0.33038  -0.19984
   0.21701  -0.33038  -0.19984
   0.21701  -0.09038  -0.19984
   0.21701  -0.33038  -0.43984
   0.21701  -0.09038  -0.19984
   0.21701  -0.33038  -0.43984
   0.21701  -0.09038  -0.43984
   0.21701  -0.33038  -0.43984
   0.21701  -0.09038  -0.43984
   0.21701  -0.33038  -0.43984
   0.21701  -0.09038  -0.43984
   0.21701  -0.09038  -0.43984
   0.21701  -0.09038  -0.43984
   0.21701  -0.09038  -0.43984
   0.21701  -0.09038  -0.43984
   0.21701  -0.09038  -0.43984
   0.21701  -0.09038  -0.43984
   0.21701  -0.09038  -0.43984
   0.21701  -0.09038  -0.43984
   0.21701  -0.09038  -0.43984
   0.21701  -0.09038  -0.43984
   0.21701  -0.09038  -0.43984
   0.21701  -0.09038  -0.43984
   0.21701  -0.09038  -0.43984
   0.21701  -0.09038  -0.43984
   0.21701  -0.09038  -0.43984
   0.21701   0.14962  -0.43984
   0.21701  -0.09038  -0.43984
   0.21701   0.14962  -0.43984
   0.21701   0.14962  -0.43984
   0.45701   0.14962  -0.43984
   0.21701   0.14962  -0.43984
   0.21701   0.14962  -0.19984
   0.21701   0.14962  -0.19984
   0.21701   0.38962  -0.19984
   0.21701   0.14962  -0.19984
   0.21701   0.38962  -0.19984
   0.21701   0.14962  -0.19984
   0.21701   0.38962  -0.19984
   0.21701   0.38962  -0.19984
   0.21701   0.38962  -0.19984
  -0.02299   0.38962  -0.19984
  -0.02299   0.38962  -0.19984
  -0.02299   0.38962  -0.19984
  -0.02299   0.38962   0.04016
  -0.02299   0.38962  -0.19984
  -0.02299   0.38962   0.04016
  -0.02299   0.14962  -0.19984
  -0.02299   0.14962   0.04016
  -0.26299   0.14962  -0.19984
  -0.26299   0.14962   0.04016
  -0.26299  -0.09038   0.04016
  -0.26299  -0.09038   0.04016
  -0.26299  -0.09038   0.04016
  -0.26299  -0.09038   0.04016
  -0.26299  -0.09038   0.04016
  -0.50299  -0.09038   0.28016
  -0.50299  -0.33038   0.28016
  -0.50299  -0.09038   0.28016
  -0.50299  -0.33038   0.28016
  -0.50299  -0.33038   0.28016
  -0.74299  -0.33038   0.28016
  -0.74299  -0.09038   0.28016
  -0.74299  -0.33038   0.28016
  -0.74299  -0.33038   0.28016
  -0.74299  -0.33038   0.28016
  -0.74299  -0.33038   0.28016
  -0.74299  -0.33038   0.28016
  -0.74299  -0.33038   0.28016
  -0.98299  -0.33038   0.28016
  -0.98299  -0.33038   0.52016
  -0.98299  -0.33038   0.28016
  -0.98299  -0.33038   0.52016
  -0.98299  -0.33038   0.52016
  -0.98299  -0.33038   0.52016
  -0.98299  -0.57038   0.28016
  -0.98299  -0.33038   0.52016
  -0.98299  -0.57038   0.28016
  -0.98299  -0.33038   0.52016
  -0.98299  -0.57038   0.28016
  -0.98299  -0.33038   0.52016
  -0.98299  -0.57038   0.28016
  -0.98299  -0.33038   0.28016
  -0.98299  -0.57038   0.28016
  -0.98299  -0.33038   0.28016
  -0.98299  -0.57038   0.28016
  -0.98299  -0.57038   0.28016
  -0.98299  -0.57038   0.28016
  -0.98299  -0.33038   0.28016
  -0.98299  -0.57038   0.28016
  -0.98299  -0.33038   0.28016
  -0.98299  -0.57038   0.04016
  -0.98299  -0.33038   0.04016
  -0.98299  -0.33038   0.04016
  -0.98299  -0.33038   0.04016
  -0.98299  -0.33038   0.04016
  -0.74299  -0.33038   0.04016
  -0.74299  -0.33038   0.04016
  -0.74299  -0.33038   0.04016
  -0.74299  -0.33038   0.04016
  -0.50299  -0.33038   0.04016
  -0.50299  -0.33038   0.04016
  -0.50299  -0.33038   0.04016
  -0.50299  -0.33038   0.04016
  -0.26299  -0.09038   0.04016
  -0.26299  -0.33038   0.04016
  -0.26299  -0.09038   0.04016
  -0.26299  -0.33038   0.04016
  -0.02299  -0.09038   0.04016
  -0.02299  -0.33038   0.04016
  -0.02299  -0.09038   0.04016
  -0.02299  -0.09038  -0.19984
  -0.02299  -0.09038  -0.19984
  -0.02299  -0.09038   0.04016
   0.21701  -0.09038   0.04016
  -0.02299  -0.09038  -0.19984
   0.21701  -0.09038  -0.19984
   0.21701  -0.09038  -0.19984
   0.21701   0.14962  -0.19984
   0.21701  -0.09038  -0.19984
   0.21701   0.14962  -0.19984
   0.21701   0.14962  -0.19984
   0.45701   0.14962  -0.19984
   0.45701   0.14962  -0.19984
   0.45701   0.14962  -0.19984
   0.45701   0.14962  -0.19984
   0.69701   0.14962  -0.19984
   0.69701   0.14962  -0.19984
   0.69701   0.14962  -0.19984
   0.69701   0.14962  -0.19984
   0.69701   0.14962  -0.19984
   0.69701   0.14962  -0.19984
   0.93701   0.14962  -0.19984
   0.93701   0.14962  -0.19984
   0.93701   0.14962  -0.19984
   0.93701   0.14962  -0.19984
   0.93701   0.14962   0.04016
   0.93701   0.14962  -0.19984
   0.93701   0.14962  -0.19984
   0.93701   0.14962  -0.19984
   0.93701   0.38962  -0.19984
   0.93701   0.14962  -0.19984
   0.93701   0.38962  -0.19984
   0.93701   0.14962  -0.19984
   0.93701   0.38962  -0.19984
   0.69701   0.14962  -0.19984
   0.69701   0.38962  -0.19984
   0.69701   0.14962  -0.19984
   0.69701   0.14962  -0.19984
   0.69701   0.14962  -0.19984
   0.69701   0.14962  -0.19984
   0.69701   0.14962  -0.19984
   0.69701   0.14962  -0.19984
   0.45701   0.14962  -0.19984
   0.69701   0.14962  -0.19984
   0.45701   0.14962  -0.43984
   0.45701   0.14962  -0.19984
   0.45701   0.14962  -0.19984
   0.45701   0.14962  -0.19984
   0.21701  -0.09038  -0.43984
   0.21701   0.14962  -0.19984
   0.21701  -0.09038  -0.43984
   0.21701   0.14962  -0.19984
   0.21701  -0.09038  -0.43984
   0.21701   0.14962  -0.43984
   0.21701  -0.09038  -0.43984
   0.21701   0.14962  -0.43984
   0.21701  -0.09038  -0.43984
   0.21701   0.14962  -0.43984
  -0.02299   0.14962  -0.43984
  -0.02299   0.14962  -0.43984
  -0.02299   0.14962  -0.43984
  -0.02299   0.14962  -0.43984
  -0.02299   0.14962  -0.43984
  -0.26299   0.14962  -0.43984
  -0.26299   0.14962  -0.43984
  -0.26299   0.14962  -0.43984
  -0.26299   0.14962  -0.43984
  -0.02299   0.14962  -0.43984
  -0.26299   0.14962  -0.43984
  -0.26299   0.14962  -0.43984
  -0.26299   0.14962  -0.43984
  -0.26299   0.14962  -0.43984
  -0.26299   0.14962  -0.43984
  -0.26299   0.14962  -0.43984
  -0.26299  -0.09038  -0.43984
  -0.26299   0.14962  -0.43984
  -0.26299  -0.09038  -0.43984
  -0.26299   0.14962  -0.43984
  -0.26299  -0.09038  -0.43984
  -0.02299   0.14962  -0.43984
  -0.02299  -0.09038  -0.43984
  -0.02299   0.14962  -0.43984
  -0.02299   0.14962  -0.43984
  -0.02299   0.14962  -0.43984
  -0.02299  -0.09038  -0.43984
  -0.02299   0.14962  -0.19984
  -0.02299  -0.09038  -0.43984
  -0.02299   0.14962  -0.19984
  -0.02299   0.14962  -0.43984
  -0.02299   0.14962  -0.19984
  -0.02299  -0.09038  -0.43984
  -0.02299   0.14962  -0.19984
  -0.02299  -0.09038  -0.19984
   0.21701   0.14962  -0.19984
  -0.02299  -0.09038  -0.19984
  -0.02299   0.14962  -0.19984
  -0.02299  -0.09038  -0.19984
   0.21701   0.14962  -0.19984
  -0.02299  -0.09038  -0.19984
   0.21701   0.14962  -0.19984
  -0.02299  -0.09038  -0.19984
   0.21701  -0.09038   0.04016
  -0.02299  -0.09038   0.04016
  -0.02299  -0.09038   0.04016
  -0.02299  -0.09038   0.04016
   0.21701  -0.09038   0.04016
  -0.02299  -0.09038   0.04016
  -0.02299  -0.09038   0.04016
  -0.02299  -0.33038   0.04016
  -0.02299  -0.09038   0.28016
  -0.02299  -0.33038   0.28016
  -0.02299  -0.33038   0.28016
  -0.26299  -0.33038   0.28016
  -0.02299  -0.33038   0.28016
  -0.26299  -0.57038   0.28016
  -0.26299  -0.33038   0.52016
  -0.26299  -0.57038   0.52016
  -0.26299  -0.33038   0.28016
  -0.26299  -0.57038   0.52016
  -0.26299  -0.33038   0.52016
  -0.50299  -0.57038   0.28016
  -0.50299  -0.57038   0.28016
  -0.50299  -0.57038   0.28016
  -0.50299  -0.57038   0.28016
  -0.50299  -0.57038   0.28016
  -0.50299  -0.57038   0.28016
  -0.50299  -0.57038   0.28016
  -0.50299  -0.57038   0.28016
  -0.50299  -0.57038   0.28016
  -0.50299  -0.57038   0.28016
  -0.50299  -0.57038   0.28016
  -0.50299  -0.57038   0.28016
  -0.50299  -0.57038   0.28016
  -0.50299  -0.33038   0.04016
  -0.50299  -0.57038   0.04016
  -0.26299  -0.33038   0.04016
  -0.50299  -0.57038   0.04016
  -0.26299  -0.33038   0.04016
  -0.50299  -0.33038   0.04016
  -0.26299  -0.09038   0.04016
  -0.26299  -0.33038   0.04016
  -0.50299  -0.09038   0.04016
  -0.26299  -0.09038   0.04016
  -0.26299   0.14962   0.04016
  -0.26299  -0.09038  -0.19984
  -0.26299   0.14962  -0.19984
  -0.26299   0.14962  -0.19984
  -0.26299   0.14962   0.04016
  -0.26299   0.14962  -0.19984
  -0.26299   0.14962  -0.19984
  -0.26299   0.14962  -0.19984
  -0.26299   0.14962   0.04016
  -0.26299   0.14962  -0.19984
  -0.26299   0.14962  -0.19984
  -0.26299   0.14962  -0.19984
  -0.26299   0.14962   0.04016
  -0.26299   0.14962  -0.19984
  -0.26299   0.14962  -0.19984
  -0.26299   0.14962  -0.19984
  -0.02299   0.14962  -0.19984
  -0.26299  -0.09038  -0.19984
  -0.02299   0.14962  -0.19984
  -0.02299  -0.09038  -0.19984
  -0.02299   0.14962  -0.19984
  -0.02299  -0.09038  -0.19984
  -0.02299   0.14962  -0.19984
  -0.02299  -0.09038  -0.19984
  -0.02299   0.14962  -0.19984
  -0.02299   0.14962  -0.19984
  -0.02299   0.14962  -0.19984
  -0.02299   0.14962  -0.19984
  -0.02299   0.14962  -0.19984
  -0.02299   0.14962  -0.43984
  -0.02299   0.14962  -0.43984
  -0.02299  -0.09038  -0.43984
  -0.02299   0.14962  -0.43984
  -0.02299  -0.09038  -0.43984
  -0.02299   0.14962  -0.43984
  -0.02299  -0.09038  -0.43984
  -0.02299   0.14962  -0.43984
  -0.02299  -0.09038  -0.43984
  -0.02299   0.14962  -0.43984
  -0.02299  -0.09038  -0.43984
  -0.02299   0.14962  -0.43984
  -0.02299  -0.09038  -0.43984
  -0.02299   0.14962  -0.43984
  -0.02299  -0.09038  -0.43984
   0.21701   0.14962  -0.19984
   0.21701  -0.09038  -0.19984
   0.21701  -0.09038  -0.19984
   0.21701  -0.09038  -0.19984
   0.21701  -0.09038  -0.19984
   0.21701  -0.09038  -0.19984
   0.21701  -0.09038  -0.19984
   0.21701  -0.33038  -0.19984
   0.45701  -0.09038   0.04016
   0.45701  -0.33038   0.04016
   0.45701  -0.09038   0.04016
   0.21701  -0.33038   0.04016
   0.45701  -0.09038   0.04016
   0.45701  -0.33038   0.04016
   0.45701  -0.09038   0.04016
   0.21701  -0.33038   0.04016
   0.45701  -0.09038   0.04016
   0.21701  -0.33038   0.04016
   0.21701  -0.33038   0.04016
   0.21701  -0.33038   0.04016
   0.21701  -0.33038   0.04016
   0.21701  -0.33038   0.04016
   0.21701  -0.33038   0.04016
   0.21701  -0.33038   0.04016
   0.21701  -0.33038   0.04016
  -0.02299  -0.33038   0.04016
   0.21701  -0.09038   0.04016
  -0.02299  -0.33038   0.04016
  -0.02299  -0.09038   0.04016
  -0.02299  -0.33038  -0.19984
  -0.02299  -0.09038   0.04016
  -0.02299  -0.33038   0.04016
  -0.02299  -0.09038   0.04016
  -0.02299  -0.33038  -0.19984
  -0.02299  -0.09038   0.04016
  -0.26299  -0.09038  -0.19984
  -0.02299  -0.09038   0.04016
  -0.26299  -0.09038  -0.19984
  -0.02299  -0.09038  -0.19984
  -0.26299  -0.09038  -0.19984
  -0.26299  -0.09038  -0.19984
  -0.02299  -0.09038  -0.19984
  -0.02299   0.14962   0.04016
  -0.02299  -0.09038  -0.19984
  -0.02299   0.14962   0.04016
  -0.02299   0.14962   0.04016
  -0.02299   0.14962   0.04016
  -0.02299   0.14962   0.04016
  -0.02299   0.14962   0.04016
  -0.02299   0.14962  -0.19984
  -0.02299   0.14962   0.04016
   0.21701   0.14962   0.04016
   0.21701   0.38962   0.04016
   0.21701   0.38962   0.04016
   0.21701   0.38962   0.28016
   0.21701   0.38962   0.28016
   0.21701   0.38962   0.28016
   0.21701   0.38962   0.04016
   0.21701   0.38962   0.28016
   0.21701   0.14962   0.04016
   0.45701   0.38962   0.28016
   0.21701   0.38962   0.04016
   0.21701   0.38962   0.04016
   0.21701   0.38962   0.04016
   0.21701   0.38962   0.04016
   0.45701   0.38962   0.04016
   0.21701   0.38962   0.04016
   0.21701   0.14962   0.04016
   0.45701   0.38962   0.04016
   0.21701   0.14962   0.04016
   0.45701   0.14962   0.04016
   0.45701   0.38962   0.04016
   0.21701   0.38962   0.04016
   0.21701   0.14962   0.04016
   0.21701   0.14962   0.04016
   0.21701   0.14962   0.04016
   0.21701   0.14962   0.04016
   0.21701   0.14962   0.04016
   0.45701   0.14962   0.04016
   0.21701  -0.09038   0.04016
   0.45701  -0.09038   0.04016
   0.21701  -0.09038   0.04016
   0.45701  -0.09038   0.28016
   0.21701  -0.09038   0.04016
   0.21701  -0.09038   0.28016
   0.21701  -0.09038   0.28016
   0.21701  -0.09038   0.28016
   0.21701  -0.09038   0.28016
  -0.02299  -0.09038   0.28016
  -0.02299  -0.09038   0.28016
  -0.02299  -0.09038   0.52016
  -0.02299  -0.09038   0.52016
  -0.02299  -0.09038   0.52016
  -0.26299  -0.33038   0.52016
  -0.26299  -0.09038   0.52016
  -0.26299  -0.33038   0.52016
  -0.26299  -0.09038   0.76016
  -0.50299  -0.33038   0.76016
  -0.50299  -0.33038   0.76016
  -0.50299  -0.33038   0.76016
  -0.50299  -0.33038   0.76016
  -0.50299  -0.33038   0.76016
  -0.50299  -0.33038   0.76016
  -0.50299  -0.57038   0.76016
  -0.50299  -0.57038   0.76016
  -0.50299  -0.57038   0.76016
  -0.50299  -0.57038   0.76016
  -0.50299  -0.81038   0.52016
  -0.50299  -0.57038   0.52016
  -0.74299  -0.81038   0.52016
  -0.50299  -0.81038   0.52016
  -0.50299  -0.81038   0.52016
  -0.50299  -0.81038   0.52016
  -0.50299  -0.81038   0.28016
  -0.50299  -0.81038   0.28016
  -0.74299  -1.05038   0.28016
  -0.50299  -1.05038   0.04016
  -0.74299  -1.05038   0.04016
  -0.74299  -1.05038   0.04016
  -0.74299  -1.05038   0.04016
  -0.74299  -1.05038   0.04016
  -0.74299  -1.05038   0.04016
  -0.74299  -0.81038   0.04016
  -0.74299  -1.05038  -0.19984
  -0.74299  -0.81038  -0.19984
  -0.74299  -1.05038  -0.19984
  -0.74299  -1.05038  -0.19984
  -0.50299  -0.81038  -0.19984
  -0.50299  -0.81038  -0.19984
  -0.50299  -0.81038  -0.19984
  -0.50299  -0.81038  -0.19984
  -0.50299  -0.81038  -0.19984
  -0.50299  -0.57038  -0.19984
  -0.50299  -0.81038  -0.19984
  -0.50299  -0.57038  -0.19984
  -0.50299  -0.57038  -0.19984
  -0.50299  -0.57038  -0.19984
  -0.50299  -0.57038  -0.19984
  -0.50299  -0.57038  -0.19984
  -0.50299  -0.57038  -0.19984
  -0.50299  -0.33038  -0.19984
  -0.50299  -0.33038  -0.19984
  -0.26299  -0.33038  -0.19984
  -0.50299  -0.33038  -0.19984
  -0.26299  -0.09038  -0.19984
  -0.26299  -0.09038  -0.19984
  -0.26299  -0.09038  -0.19984
  -0.26299  -0.09038  -0.19984
  -0.26299   0.14962  -0.19984
  -0.26299   0.14962  -0.19984
  -0.26299   0.14962  -0.19984
  -0.02299   0.14962  -0.43984
  -0.02299   0.38962  -0.43984
  -0.26299   0.14962  -0.43984
  -0.02299   0.38962  -0.43984
  -0.02299   0.38962  -0.43984
  -0.02299   0.38962  -0.43984
  -0.02299   0.38962  -0.43984
   0.21701   0.38962  -0.43984
   0.21701   0.38962  -0.43984
   0.21701   0.38962  -0.43984
   0.21701   0.38962  -0.43984
   0.21701   0.38962  -0.43984
   0.21701   0.38962  -0.43984
   0.21701   0.38962  -0.43984
   0.21701   0.38962  -0.43984
   0.21701   0.38962  -0.43984
   0.21701   0.38962  -0.43984
   0.21701   0.38962  -0.43984
   0.21701   0.14962  -0.43984
   0.21701   0.38962  -0.43984
   0.21701   0.14962  -0.43984
   0.21701   0.14962  -0.43984
   0.45701   0.14962  -0.43984
   0.45701   0.14962  -0.19984
   0.21701   0.14962  -0.43984
   0.45701   0.14962  -0.19984
   0.21701   0.14962  -0.19984
   0.21701   0.14962  -0.19984
   0.21701   0.14962  -0.19984
   0.21701   0.14962  -0.19984
   0.21701   0.14962  -0.19984
   0.45701   0.14962   0.04016
   0.21701   0.14962   0.04016
   0.21701   0.14962   0.04016
   0.21701   0.14962   0.04016
   0.21701   0.14962   0.04016
   0.21701   0.14962   0.04016
   0.21701   0.14962   0.04016
   0.21701   0.14962   0.04016
   0.21701   0.14962   0.28016
   0.21701   0.14962   0.28016
   0.21701   0.38962   0.28016
   0.21701   0.38962   0.28016
   0.21701   0.38962   0.28016
   0.21701   0.38962   0.28016
   0.21701   0.38962   0.28016
  -0.02299   0.14962   0.28016
  -0.02299   0.38962   0.28016
  -0.02299   0.14962   0.28016
  -0.02299   0.38962   0.28016
  -0.02299   0.14962   0.28016
  -0.02299   0.14962   0.28016
  -0.02299   0.14962   0.28016
  -0.02299   0.14962   0.28016
  -0.02299   0.14962   0.28016
  -0.02299   0.14962   0.28016
  -0.02299   0.14962   0.28016
  -0.02299   0.14962   0.28016
  -0.02299  -0.09038   0.28016
  -0.02299   0.14962   0.28016
  -0.02299  -0.09038   0.28016
  -0.02299  -0.09038   0.28016
  -0.02299  -0.09038   0.28016
  -0.02299  -0.09038   0.28016
  -0.02299  -0.09038   0.04016
  -0.02299  -0.09038   0.28016
  -0.02299  -0.33038   0.04016
  -0.02299  -0.33038   0.04016
  -0.02299  -0.33038   0.04016
  -0.02299  -0.33038   0.04016
  -0.02299  -0.57038   0.04016
  -0.02299  -0.33038   0.04016
  -0.02299  -0.57038   0.04016
  -0.02299  -0.57038   0.04016
  -0.02299  -0.57038   0.04016
   0.21701  -0.33038   0.04016
  -0.02299  -0.57038   0.04016
   0.21701  -0.33038   0.04016
   0.21701  -0.57038   0.04016
   0.21701  -0.33038   0.04016
   0.21701  -0.57038   0.04016
   0.21701  -0.33038   0.04016
   0.21701  -0.33038   0.04016
   0.21701  -0.33038   0.04016
   0.21701  -0.57038   0.04016
   0.21701  -0.33038   0.04016
   0.21701  -0.33038   0.04016
   0.21701  -0.33038   0.04016
   0.21701  -0.33038   0.04016
   0.21701  -0.33038   0.04016
   0.21701  -0.33038   0.04016
   0.21701  -0.09038   0.04016
  -0.02299  -0.33038   0.04016
  -0.02299  -0.09038   0.04016
  -0.02299  -0.09038  -0.19984
  -0.02299  -0.09038   0.04016
  -0.02299  -0.09038  -0.19984
  -0.02299  -0.09038  -0.19984
  -0.02299  -0.09038  -0.19984
  -0.02299  -0.09038  -0.19984
  -0.02299  -0.09038  -0.43984
  -0.02299  -0.09038  -0.19984
  -0.02299  -0.09038  -0.43984
  -0.02299   0.14962  -0.43984
  -0.02299  -0.09038  -0.43984
  -0.02299   0.14962  -0.43984
  -0.02299   0.14962  -0.43984
  -0.02299   0.14962  -0.43984
  -0.26299  -0.09038  -0.67984
  -0.26299   0.14962  -0.43984
  -0.26299   0.14962  -0.67984
  -0.26299   0.14962  -0.67984
  -0.26299  -0.09038  -0.67984
  -0.26299   0.14962  -0.67984
  -0.26299   0.14962  -0.67984
  -0.26299   0.14962  -0.67984
  -0.26299   0.14962  -0.67984
  -0.26299   0.14962  -0.67984
  -0.26299   0.14962  -0.67984
  -0.26299   0.14962  -0.43984
  -0.26299   0.14962  -0.43984
  -0.26299   0.38962  -0.43984
  -0.26299   0.14962  -0.43984
  -0.26299   0.38962  -0.43984
  -0.50299   0.14962  -0.43984
  -0.26299   0.38962  -0.19984
  -0.26299   0.38962  -0.19984
  -0.26299   0.38962  -0.19984
  -0.26299   0.38962  -0.19984
  -0.26299   0.38962   0.04016
  -0.50299   0.14962  -0.19984
  -0.26299   0.38962   0.04016
  -0.50299   0.14962   0.04016
  -0.50299   0.38962   0.04016
  -0.50299   0.14962   0.04016
  -0.50299   0.14962   0.28016
  -0.50299   0.14962   0.28016
  -0.50299   0.14962   0.28016
  -0.50299  -0.09038   0.28016
  -0.50299   0.14962   0.28016
  -0.50299  -0.09038   0.28016
  -0.50299  -0.09038   0.28016
  -0.50299  -0.33038   0.28016
  -0.50299  -0.09038   0.28016
  -0.50299  -0.33038   0.28016
  -0.50299  -0.33038   0.28016
  -0.50299  -0.33038   0.28016
  -0.50299  -0.33038   0.28016
  -0.50299  -0.57038   0.04016
  -0.50299  -0.33038   0.28016
  -0.50299  -0.57038   0.28016
  -0.26299  -0.33038   0.28016
  -0.50299  -0.57038   0.04016
  -0.26299  -0.33038   0.28016
  -0.26299  -0.57038   0.04016
  -0.26299  -0.33038   0.04016
  -0.26299  -0.57038   0.04016
  -0.26299  -0.33038   0.04016
  -0.26299  -0.33038   0.04016
  -0.02299  -0.33038   0.04016
  -0.02299  -0.33038   0.04016
  -0.02299  -0.33038   0.04016
  -0.02299  -0.57038   0.04016
  -0.02299  -0.33038   0.04016
  -0.02299  -0.33038   0.04016
  -0.02299  -0.33038   0.04016
  -0.02299  -0.57038   0.04016
  -0.02299  -0.33038   0.28016
   0.21701  -0.33038   0.28016
   0.21701  -0.09038   0.28016
   0.21701  -0.33038   0.04016
   0.21701  -0.09038   0.28016
   0.21701  -0.09038   0.04016
   0.21701  -0.09038   0.04016
   0.21701  -0.09038   0.04016
   0.21701   0.14962   0.04016
   0.21701   0.14962   0.04016
   0.21701   0.14962   0.04016
  -0.02299   0.14962   0.04016
  -0.02299   0.14962   0.04016
  -0.02299   0.14962   0.04016
  -0.02299   0.14962   0.04016
  -0.02299   0.14962   0.04016
  -0.02299   0.14962   0.04016
  -0.26299   0.14962   0.04016
  -0.02299   0.14962   0.04016
  -0.02299   0.14962  -0.19984
  -0.02299   0.14962   0.04016
  -0.26299   0.14962  -0.19984
  -0.02299   0.14962  -0.19984
  -0.02299   0.14962  -0.19984
  -0.02299   0.14962  -0.19984
  -0.02299   0.14962  -0.19984
  -0.02299   0.14962  -0.19984
  -0.02299  -0.09038  -0.19984
  -0.02299   0.14962   0.04016
  -0.02299  -0.09038  -0.19984
  -0.02299   0.14962   0.04016
  -0.02299  -0.09038  -0.19984
   0.21701   0.14962  -0.19984
  -0.02299  -0.09038  -0.19984
   0.21701  -0.09038  -0.19984
   0.21701  -0.09038  -0.19984
   0.21701  -0.09038  -0.19984
   0.21701  -0.09038  -0.19984
   0.21701  -0.09038  -0.19984
   0.21701  -0.09038  -0.43984
   0.21701  -0.09038  -0.43984
   0.21701  -0.09038  -0.43984
   0.21701  -0.09038  -0.43984
   0.21701  -0.33038  -0.43984
   0.21701  -0.33038  -0.43984
   0.21701  -0.33038  -0.43984
   0.21701  -0.33038  -0.43984
   0.21701  -0.33038  -0.43984
   0.21701  -0.33038  -0.43984
  -0.02299  -0.57038  -0.43984
   0.21701  -0.33038  -0.43984
   0.21701  -0.33038  -0.43984
   0.21701  -0.33038  -0.43984
   0.21701  -0.33038  -0.43984
  -0.02299  -0.33038  -0.43984
   0.21701  -0.33038  -0.43984
   0.21701  -0.33038  -0.43984
   0.21701  -0.33038  -0.43984
  -0.02299  -0.09038  -0.43984
  -0.02299  -0.33038  -0.43984
  -0.02299  -0.09038  -0.43984
  -0.02299  -0.09038  -0.43984
  -0.02299  -0.09038  -0.43984
  -0.02299  -0.09038  -0.43984
  -0.02299   0.14962  -0.19984
  -0.02299  -0.09038  -0.19984
  -0.02299   0.14962  -0.19984
  -0.02299  -0.09038  -0.19984
  -0.02299   0.14962  -0.19984
  -0.02299  -0.09038  -0.19984
  -0.02299   0.14962  -0.19984
  -0.02299  -0.09038  -0.19984
  -0.02299   0.14962  -0.19984
  -0.02299   0.14962  -0.19984
  -0.26299  -0.09038  -0.19984
  -0.02299  -0.09038  -0.19984
  -0.02299   0.14962  -0.19984
  -0.02299   0.14962  -0.19984
  -0.02299   0.14962  -0.19984
  -0.02299  -0.09038  -0.19984
  -0.02299   0.14962  -0.19984
  -0.02299   0.14962  -0.19984
  -0.02299   0.14962  -0.19984
  -0.02299  -0.09038  -0.19984
  -0.02299   0.14962  -0.19984
  -0.02299   0.14962  -0.19984
  -0.02299   0.14962  -0.19984
  -0.02299  -0.09038  -0.19984
  -0.02299   0.14962  -0.19984
  -0.02299  -0.09038  -0.43984
  -0.02299  -0.09038  -0.43984
  -0.26299  -0.09038  -0.43984
  -0.02299  -0.09038  -0.43984
  -0.26299  -0.09038  -0.43984
  -0.26299  -0.09038  -0.43984
  -0.26299  -0.09038  -0.43984
  -0.02299  -0.09038  -0.19984
  -0.26299  -0.33038  -0.19984
  -0.26299  -0.33038  -0.19984
  -0.26299  -0.33038  -0.19984
  -0.26299  -0.33038  -0.19984
  -0.26299  -0.33038  -0.19984
  -0.02299  -0.33038  -0.19984
  -0.26299  -0.57038  -0.19984
  -0.02299  -0.33038  -0.19984
  -0.02299  -0.57038  -0.19984
  -0.02299  -0.57038   0.04016
  -0.02299  -0.57038   0.04016
  -0.02299  -0.57038   0.04016
  -0.02299  -0.57038   0.04016
  -0.02299  -0.57038   0.04016
  -0.02299  -0.57038   0.04016
  -0.02299  -0.57038   0.28016
  -0.02299  -0.57038   0.28016
   0.21701  -0.57038   0.28016
   0.21701  -0.81038   0.28016
   0.21701  -0.57038   0.28016
   0.21701  -0.57038   0.28016
   0.21701  -0.57038   0.28016
   0.21701  -0.57038   0.28016
   0.21701  -0.57038   0.28016
   0.21701  -0.57038   0.28016
   0.45701  -0.57038   0.28016
   0.45701  -0.57038   0.28016
   0.45701  -0.33038   0.28016
   0.45701  -0.57038   0.28016
   0.45701  -0.33038   0.28016
   0.45701  -0.33038   0.28016
   0.45701  -0.33038   0.28016
   0.45701  -0.33038   0.28016
   0.45701  -0.09038   0.28016
   0.45701  -0.33038   0.28016
   0.45701  -0.09038   0.28016
   0.45701  -0.09038   0.28016
   0.45701  -0.09038   0.28016
   0.45701  -0.09038   0.28016
   0.45701   0.14962   0.28016
   0.45701  -0.09038   0.28016
   0.45701   0.14962   0.28016
   0.45701   0.14962   0.04016
   0.45701   0.14962   0.28016
   0.45701   0.14962   0.04016
   0.45701   0.38962   0.04016
   0.45701   0.14962   0.04016
   0.45701   0.38962   0.28016
   0.45701   0.38962   0.04016
   0.45701   0.38962   0.28016
   0.45701   0.38962   0.28016
   0.45701   0.38962   0.04016
   0.21701   0.38962   0.28016
   0.45701   0.38962   0.28016
   0.45701   0.38962   0.28016
   0.45701   0.38962   0.04016
   0.21701   0.38962   0.28016
   0.45701   0.38962   0.28016
   0.21701   0.14962   0.28016
   0.21701   0.38962   0.28016
   0.21701   0.14962   0.28016
   0.21701   0.38962   0.28016
   0.21701   0.14962   0.28016
   0.21701   0.38962   0.28016
   0.21701   0.38962   0.28016
   0.21701   0.38962   0.28016
   0.21701   0.14962   0.04016
   0.21701   0.38962   0.28016
   0.21701   0.14962   0.04016
   0.21701   0.14962   0.04016
  -0.02299   0.14962   0.04016
   0.21701   0.14962   0.04016
  -0.02299   0.14962   0.04016
  -0.02299   0.14962   0.04016
  -0.02299   0.14962   0.04016
  -0.02299   0.14962  -0.19984
  -0.02299   0.14962   0.04016
  -0.02299   0.14962   0.04016
  -0.26299  -0.09038   0.04016
  -0.02299   0.14962   0.04016
  -0.26299   0.14962  -0.19984
  -0.02299   0.14962   0.04016
  -0.26299  -0.09038  -0.19984
  -0.26299   0.14962   0.04016
  -0.26299  -0.09038  -0.19984
  -0.26299   0.14962   0.04016
  -0.26299  -0.09038  -0.19984
  -0.26299   0.14962   0.04016
  -0.26299  -0.09038   0.04016
  -0.26299   0.14962   0.04016
  -0.50299  -0.09038   0.04016
  -0.50299  -0.09038   0.04016
  -0.50299  -0.09038   0.04016
  -0.50299  -0.09038   0.04016
  -0.50299  -0.09038   0.04016
  -0.50299  -0.09038   0.04016
  -0.50299  -0.09038   0.04016
  -0.50299  -0.09038   0.04016
  -0.50299  -0.09038   0.04016
  -0.50299  -0.09038   0.04016
  -0.50299  -0.09038   0.04016
  -0.50299  -0.09038   0.28016
  -0.50299  -0.09038   0.04016
  -0.74299  -0.09038   0.28016
  -0.50299  -0.09038   0.28016
  -0.50299  -0.09038   0.04016
  -0.50299  -0.09038   0.04016
  -0.50299  -0.09038   0.28016
  -0.50299  -0.09038   0.04016
  -0.50299  -0.09038   0.04016
  -0.50299  -0.33038   0.04016
  -0.26299  -0.09038   0.28016
  -0.50299  -0.33038   0.04016
  -0.26299  -0.09038   0.04016
  -0.50299  -0.33038   0.04016
  -0.26299  -0.09038   0.04016
  -0.50299  -0.33038   0.04016
  -0.26299  -0.09038   0.04016
  -0.26299  -0.09038   0.04016
  -0.02299  -0.09038   0.04016
  -0.02299  -0.09038   0.04016
  -0.02299  -0.09038   0.04016
  -0.02299  -0.09038   0.04016
  -0.02299  -0.09038   0.04016
  -0.26299  -0.09038   0.04016
  -0.02299  -0.09038   0.04016
  -0.02299  -0.09038   0.04016
  -0.02299  -0.09038   0.04016
  -0.02299  -0.09038   0.04016
  -0.02299  -0.09038   0.04016
  -0.02299  -0.09038   0.04016
  -0.02299  -0.09038   0.28016
  -0.02299  -0.09038   0.04016
  -0.02299  -0.09038   0.28016
  -0.02299  -0.09038   0.04016
   0.21701  -0.09038   0.28016
  -0.02299  -0.09038   0.28016
   0.21701  -0.09038   0.28016
   0.21701  -0.09038   0.04016
   0.21701  -0.09038   0.28016
   0.21701  -0.09038   0.04016
   0.21701  -0.09038   0.04016
   0.21701  -0.09038   0.04016
   0.21701  -0.09038   0.28016
   0.21701  -0.09038   0.04016
   0.45701  -0.09038   0.04016
   0.21701  -0.09038   0.04016
   0.45701  -0.09038   0.04016
   0.21701  -0.09038   0.04016
   0.21701  -0.09038   0.04016
   0.21701  -0.09038   0.04016
   0.21701   0.14962   0.04016
   0.21701  -0.09038  -0.19984
   0.21701   0.14962   0.04016
   0.21701   0.14962  -0.19984
   0.21701   0.14962  -0.19984
   0.21701   0.14962  -0.19984
   0.21701   0.14962  -0.19984
   0.21701   0.14962  -0.19984
   0.21701   0.14962  -0.19984
   0.21701   0.14962  -0.19984
   0.21701   0.14962  -0.19984
  -0.02299   0.14962  -0.19984
   0.21701   0.14962  -0.19984
   0.21701   0.14962  -0.19984
   0.21701   0.14962  -0.19984
  -0.02299   0.14962  -0.43984
  -0.02299   0.14962  -0.19984
  -0.02299   0.38962  -0.43984
  -0.02299   0.38962  -0.43984
  -0.02299   0.14962  -0.43984
  -0.02299   0.38962  -0.43984
  -0.02299   0.14962  -0.43984
  -0.02299   0.38962  -0.43984
  -0.26299   0.14962  -0.43984
  -0.02299   0.38962  -0.43984
  -0.26299   0.14962  -0.67984
  -0.26299   0.14962  -0.43984
  -0.26299   0.14962  -0.67984
  -0.26299   0.14962  -0.67984
  -0.26299   0.14962  -0.67984
  -0.50299   0.14962  -0.43984
  -0.26299   0.14962  -0.67984
  -0.26299   0.14962  -0.67984
  -0.50299   0.14962  -0.67984
  -0.50299   0.14962  -0.67984
  -0.50299   0.14962  -0.67984
  -0.50299   0.14962  -0.67984
  -0.50299  -0.09038  -0.67984
  -0.50299  -0.09038  -0.67984
  -0.50299  -0.09038  -0.67984
  -0.50299  -0.09038  -0.67984
  -0.50299  -0.09038  -0.67984
  -0.50299  -0.09038  -0.67984
  -0.74299  -0.09038  -0.67984
  -0.74299  -0.09038  -0.67984
  -0.74299  -0.33038  -0.67984
  -0.50299  -0.09038  -0.43984
  -0.74299  -0.33038  -0.43984
  -0.74299  -0.33038  -0.43984
  -0.74299  -0.33038  -0.43984
  -0.74299  -0.33038  -0.43984
  -0.74299  -0.33038  -0.43984
  -0.74299  -0.57038  -0.43984
  -0.74299  -0.57038  -0.43984
  -0.74299  -0.33038  -0.43984
  -0.74299  -0.57038  -0.43984
  -0.74299  -0.57038  -0.43984
  -0.74299  -0.57038  -0.43984
  -0.74299  -0.57038  -0.19984
  -0.74299  -0.81038  -0.19984
  -0.74299  -0.57038  -0.19984
  -0.74299  -0.81038  -0.19984
  -0.74299  -0.81038  -0.19984
  -0.74299  -1.05038  -0.19984
  -0.74299  -0.81038  -0.19984
  -0.74299  -0.81038  -0.19984
  -0.50299  -0.81038  -0.19984
  -0.50299  -1.05038  -0.19984
  -0.50299  -0.81038  -0.19984
  -0.50299  -0.81038  -0.19984
  -0.50299  -0.81038  -0.19984
  -0.50299  -0.81038  -0.19984
  -0.26299  -0.57038  -0.19984
  -0.26299  -0.81038  -0.19984
  -0.26299  -0.57038  -0.19984
  -0.26299  -0.57038  -0.19984
  -0.26299  -0.57038  -0.19984
  -0.26299  -0.57038  -0.19984
  -0.26299  -0.33038  -0.19984
  -0.26299  -0.57038  -0.19984
  -0.26299  -0.33038  -0.19984
  -0.26299  -0.33038  -0.19984
  -0.26299  -0.33038  -0.19984
  -0.26299  -0.33038  -0.19984
  -0.02299  -0.33038  -0.19984
  -0.02299  -0.33038  -0.43984
  -0.02299  -0.09038  -0.19984
  -0.02299  -0.33038  -0.19984
  -0.02299  -0.09038  -0.19984
  -0.02299  -0.09038  -0.19984
  -0.02299  -0.09038  -0.19984
  -0.02299  -0.09038  -0.19984
  -0.02299   0.14962  -0.19984
  -0.02299  -0.09038  -0.19984
   0.21701  -0.09038  -0.19984
   0.21701  -0.09038  -0.19984
   0.21701   0.14962  -0.19984
  -0.02299  -0.09038  -0.19984
   0.21701   0.14962  -0.19984
   0.21701  -0.09038  -0.19984
   0.45701   0.14962  -0.19984
   0.21701   0.14962  -0.19984
   0.45701   0.14962  -0.19984
   0.45701   0.14962  -0.19984
   0.45701   0.14962  -0.19984
   0.45701   0.14962  -0.19984
   0.69701   0.14962  -0.19984
   0.45701   0.14962  -0.19984
   0.69701   0.14962  -0.19984
   0.69701   0.14962  -0.19984
   0.69701   0.14962  -0.19984
   0.69701   0.14962  -0.43984
   0.69701   0.14962  -0.43984
   0.69701   0.14962  -0.43984
   0.69701   0.14962  -0.43984
   0.69701   0.14962  -0.43984
   0.93701   0.38962  -0.43984
   0.93701   0.14962  -0.43984
   0.93701   0.38962  -0.43984
   0.93701   0.14962  -0.43984
   0.93701   0.38962  -0.43984
   0.93701   0.14962  -0.43984
   0.93701   0.38962  -0.43984
   0.93701   0.14962  -0.43984
   0.93701   0.14962  -0.43984
   0.93701   0.14962  -0.43984
   0.93701   0.14962  -0.43984
   0.93701   0.14962  -0.43984
   0.93701   0.14962  -0.43984
   0.93701   0.14962  -0.43984
   0.93701   0.14962  -0.43984
   0.93701   0.14962  -0.67984
   0.93701   0.14962  -0.67984
   0.93701   0.14962  -0.67984
   0.93701   0.14962  -0.43984
   0.93701   0.14962  -0.67984
   0.93701   0.14962  -0.43984
   0.93701   0.14962  -0.67984
   0.93701   0.14962  -0.43984
   0.93701   0.14962  -0.67984
   0.93701   0.14962  -0.43984
   0.69701  -0.09038  -0.67984
   0.69701   0.14962  -0.43984
   0.69701  -0.09038  -0.43984
   0.69701  -0.09038  -0.43984
   0.45701  -0.09038  -0.67984
   0.69701  -0.09038  -0.43984
   0.45701  -0.33038  -0.43984
   0.45701  -0.09038  -0.43984
   0.45701  -0.33038  -0.43984
   0.45701  -0.33038  -0.43984
   0.45701  -0.33038  -0.43984
   0.21701  -0.33038  -0.43984
   0.21701  -0.33038  -0.43984
   0.21701  -0.33038  -0.43984
  -0.02299  -0.57038  -0.43984
  -0.02299  -0.33038  -0.43984
  -0.02299  -0.57038  -0.43984
  -0.02299  -0.33038  -0.43984
  -0.02299  -0.57038  -0.43984
  -0.02299  -0.57038  -0.43984
  -0.26299  -0.57038  -0.43984
  -0.26299  -0.57038  -0.19984
  -0.26299  -0.57038  -0.19984
  -0.26299  -0.57038  -0.19984
  -0.50299  -0.57038  -0.19984
  -0.50299  -0.57038  -0.19984
  -0.50299  -0.57038  -0.19984
  -0.50299  -0.57038  -0.19984
  -0.50299  -0.57038  -0.19984
  -0.50299  -0.57038   0.04016
  -0.74299  -0.57038   0.04016
  -0.74299  -0.57038   0.04016
  -0.74299  -0.81038   0.04016
  -0.74299  -0.57038   0.04016
  -0.74299  -0.57038   0.04016
  -0.74299  -0.57038   0.04016
  -0.98299  -0.57038   0.04016
  -0.98299  -0.57038   0.28016
  -0.98299  -0.57038   0.28016
  -0.98299  -0.57038   0.28016
  -0.98299  -0.57038   0.28016
  -0.98299  -0.33038   0.28016
  -0.98299  -0.57038   0.28016
  -0.98299  -0.33038   0.52016
  -0.98299  -0.33038   0.52016
  -0.98299  -0.33038   0.52016
  -0.98299  -0.33038   0.52016
  -0.98299  -0.33038   0.52016
  -0.98299  -0.33038   0.52016
  -0.98299  -0.33038   0.52016
  -1.22299  -0.33038   0.52016
  -0.98299  -0.09038   0.52016
  -0.98299  -0.09038   0.52016
  -0.98299  -0.09038   0.52016
  -1.22299  -0.09038   0.52016
  -0.98299  -0.09038   0.52016
  -0.98299  -0.09038   0.52016
  -0.98299  -0.09038   0.52016
  -0.98299  -0.09038   0.52016
  -0.98299   0.14962   0.52016
  -0.98299  -0.09038   0.52016
  -0.98299   0.14962   0.52016
  -0.98299  -0.09038   0.52016
  -0.74299   0.14962   0.52016
  -0.98299   0.14962   0.52016
  -0.74299   0.14962   0.52016
  -0.74299   0.14962   0.28016
  -0.74299   0.14962   0.52016
  -0.74299   0.14962   0.52016
  -0.50299   0.14962   0.52016
  -0.50299   0.14962   0.52016
  -0.50299   0.38962   0.52016
  -0.50299   0.14962   0.52016
  -0.50299   0.38962   0.52016
  -0.50299   0.38962   0.28016
  -0.26299   0.38962   0.52016
  -0.26299   0.38962   0.52016
  -0.26299   0.38962   0.52016
  -0.26299   0.38962   0.28016
  -0.02299   0.38962   0.52016
  -0.02299   0.38962   0.28016
  -0.02299   0.62962   0.52016
  -0.02299   0.38962   0.28016
  -0.02299   0.62962   0.52016
  -0.02299   0.38962   0.52016
   0.21701   0.62962   0.52016
  -0.02299   0.38962   0.52016
   0.21701   0.62962   0.52016
   0.21701   0.38962   0.52016
   0.21701   0.62962   0.52016
   0.21701   0.38962   0.52016
   0.21701   0.62962   0.52016
   0.21701   0.38962   0.52016
   0.21701   0.62962   0.76016
   0.21701   0.38962   0.52016
   0.21701   0.38962   0.76016
   0.21701   0.38962   0.52016
   0.21701   0.38962   0.76016
   0.21701   0.38962   0.76016
   0.21701   0.38962   0.76016
   0.21701   0.14962   0.52016
   0.21701   0.38962   0.76016
   0.21701   0.14962   0.52016
   0.21701   0.14962   0.52016
   0.21701   0.14962   0.52016
   0.21701   0.14962   0.52016
   0.21701  -0.09038   0.52016
   0.45701  -0.09038   0.52016
   0.45701  -0.09038   0.28016
   0.45701  -0.09038   0.28016
   0.21701  -0.33038   0.28016
   0.45701  -0.33038   0.28016
   0.45701  -0.33038   0.28016
   0.45701  -0.33038   0.28016
   0.45701  -0.33038   0.04016
   0.45701  -0.33038   0.04016
   0.45701  -0.33038   0.04016
   0.45701  -0.57038   0.04016
   0.21701  -0.57038   0.04016
   0.45701  -0.33038   0.04016
   0.21701  -0.57038   0.04016
   0.21701  -0.33038   0.04016
   0.21701  -0.57038  -0.19984
   0.21701  -0.33038   0.04016
   0.21701  -0.33038   0.04016
   0.21701  -0.33038   0.04016
   0.21701  -0.57038   0.04016
   0.21701  -0.33038   0.04016
   0.21701  -0.33038   0.04016
   0.21701  -0.33038   0.04016
  -0.02299  -0.33038  -0.19984
  -0.02299  -0.33038   0.04016
  -0.02299  -0.33038   0.04016
  -0.02299  -0.33038   0.04016
  -0.02299  -0.33038   0.04016
  -0.02299  -0.33038   0.04016
  -0.02299  -0.33038  -0.19984
  -0.02299  -0.33038  -0.19984
  -0.02299  -0.33038  -0.19984
  -0.02299  -0.33038  -0.19984
  -0.26299  -0.33038  -0.19984
  -0.02299  -0.09038  -0.19984
  -0.26299  -0.33038  -0.19984
  -0.26299  -0.09038  -0.19984
  -0.26299  -0.33038  -0.19984
  -0.26299  -0.09038  -0.19984
  -0.50299  -0.33038  -0.19984
  -0.26299  -0.09038  -0.19984
  -0.50299  -0.09038  -0.19984
  -0.50299  -0.09038  -0.19984
  -0.50299  -0.09038  -0.19984
  -0.50299  -0.09038  -0.19984
  -0.50299  -0.09038  -0.43984
  -0.50299  -0.09038  -0.19984
  -0.50299  -0.09038  -0.43984
  -0.50299  -0.09038  -0.43984
  -0.50299  -0.09038  -0.43984
  -0.50299   0.14962  -0.43984
  -0.74299  -0.09038  -0.43984
  -0.50299   0.14962  -0.43984
  -0.50299   0.14962  -0.43984
  -0.50299   0.14962  -0.19984
  -0.50299   0.14962  -0.43984
  -0.50299   0.14962  -0.19984
  -0.50299   0.14962  -0.19984
  -0.50299   0.14962  -0.19984
  -0.50299   0.14962  -0.19984
  -0.50299   0.14962  -0.19984
  -0.50299   0.14962  -0.19984
  -0.50299   0.14962  -0.19984
  -0.50299   0.14962  -0.19984
  -0.50299   0.14962  -0.19984
  -0.50299   0.14962  -0.19984
  -0.50299   0.14962  -0.19984
  -0.50299   0.14962  -0.19984
  -0.26299   0.14962  -0.19984
  -0.50299   0.14962  -0.19984
  -0.50299   0.14962  -0.19984
  -0.50299   0.14962  -0.19984
  -0.26299   0.14962  -0.19984
  -0.50299   0.14962  -0.19984
  -0.26299   0.14962  -0.19984
  -0.26299   0.14962  -0.43984
  -0.26299   0.14962  -0.19984
  -0.26299   0.14962  -0.19984
  -0.26299   0.14962  -0.19984
  -0.26299  -0.09038  -0.19984
  -0.26299   0.14962  -0.19984
  -0.26299  -0.09038  -0.19984
  -0.26299   0.14962  -0.19984
  -0.02299  -0.09038  -0.19984
  -0.02299  -0.09038  -0.19984
  -0.26299  -0.09038  -0.19984
  -0.02299  -0.09038  -0.19984
  -0.02299  -0.09038   0.04016
  -0.02299  -0.09038   0.04016
  -0.02299  -0.33038   0.04016
  -0.02299  -0.09038   0.04016
  -0.02299  -0.33038   0.04016
  -0.02299  -0.09038   0.04016
  -0.02299  -0.33038   0.04016
  -0.02299  -0.33038   0.04016
  -0.02299  -0.33038   0.04016
  -0.02299  -0.33038   0.28016
  -0.02299  -0.33038   0.04016
  -0.02299  -0.33038   0.28016
  -0.02299  -0.33038   0.04016
  -0.02299  -0.33038   0.28016
  -0.02299  -0.57038   0.04016
  -0.02299  -0.33038   0.28016
  -0.02299  -0.57038   0.04016
  -0.02299  -0.33038   0.28016
  -0.02299  -0.57038   0.04016
  -0.02299  -0.33038   0.28016
  -0.02299  -0.57038   0.04016
  -0.02299  -0.33038   0.28016
  -0.02299  -0.57038   0.04016
   0.21701  -0.33038   0.28016
   0.21701  -0.33038   0.28016
   0.21701  -0.33038   0.28016
   0.21701  -0.33038   0.28016
   0.21701  -0.33038   0.28016
   0.21701  -0.33038   0.28016
   0.21701  -0.09038   0.28016
   0.21701  -0.33038   0.28016
   0.45701  -0.09038   0.28016
   0.45701  -0.09038   0.28016
   0.45701  -0.09038   0.28016
   0.45701  -0.09038   0.28016
   0.45701   0.14962   0.28016
   0.45701  -0.09038   0.28016
   0.45701   0.14962   0.52016
   0.45701   0.14962   0.28016
   0.45701   0.14962   0.52016
   0.45701   0.14962   0.52016
   0.45701   0.14962   0.52016
   0.45701   0.14962   0.52016
   0.45701   0.14962   0.52016
   0.21701   0.14962   0.52016
   0.21701   0.14962   0.52016
   0.21701   0.14962   0.52016
   0.45701   0.14962   0.52016
   0.21701   0.14962   0.52016
   0.45701   0.14962   0.52016
   0.21701   0.14962   0.52016
   0.45701   0.14962   0.52016
   0.21701   0.14962   0.52016
   0.45701   0.14962   0.52016
   0.21701   0.14962   0.52016
   0.45701   0.14962   0.52016
   0.45701   0.14962   0.52016
   0.45701   0.14962   0.52016
   0.21701  -0.09038   0.52016
   0.45701   0.14962   0.52016
   0.21701  -0.09038   0.52016
   0.45701   0.14962   0.52016
   0.21701  -0.09038   0.52016
   0.45701  -0.09038   0.52016
   0.21701  -0.09038   0.52016
   0.45701  -0.09038   0.52016
   0.21701  -0.09038   0.52016
   0.45701  -0.09038   0.52016
   0.45701  -0.09038   0.52016
   0.45701  -0.09038   0.52016
   0.45701  -0.09038   0.52016
   0.45701  -0.09038   0.52016
   0.45701  -0.09038   0.52016
   0.45701  -0.09038   0.52016
   0.21701  -0.09038   0.52016
   0.21701  -0.09038   0.52016
   0.21701  -0.09038   0.52016
   0.45701  -0.09038   0.52016
   0.21701  -0.09038   0.52016
   0.21701  -0.09038   0.52016
   0.21701  -0.09038   0.52016
   0.21701  -0.09038   0.52016
   0.21701  -0.09038   0.52016
   0.21701  -0.09038   0.52016
   0.21701  -0.09038   0.52016
   0.21701  -0.09038   0.52016
   0.21701  -0.33038   0.52016
   0.21701  -0.09038   0.52016
  -0.02299  -0.09038   0.52016
   0.21701  -0.09038   0.52016
   0.21701  -0.09038   0.52016
   0.21701  -0.33038   0.52016
   0.21701  -0.09038   0.52016
   0.21701  -0.09038   0.52016
   0.21701  -0.33038   0.52016
   0.21701  -0.09038   0.52016
   0.21701  -0.33038   0.28016
   0.21701  -0.09038   0.28016
   0.21701  -0.33038   0.28016
   0.21701  -0.09038   0.28016
   0.21701  -0.33038   0.28016
   0.21701  -0.33038   0.28016
   0.21701  -0.33038   0.28016
   0.21701  -0.09038   0.28016
   0.21701  -0.33038   0.28016
   0.21701  -0.09038   0.28016
   0.21701  -0.33038   0.04016
   0.21701  -0.33038   0.04016
   0.21701  -0.33038   0.04016
   0.21701  -0.09038   0.04016
   0.21701  -0.33038   0.04016
   0.21701  -0.33038   0.04016
  -0.02299  -0.33038  -0.19984
  -0.02299  -0.33038  -0.19984
  -0.02299  -0.33038  -0.19984
  -0.02299  -0.33038  -0.19984
  -0.02299  -0.33038  -0.43984
  -0.26299  -0.33038  -0.43984
  -0.26299  -0.33038  -0.43984
  -0.26299  -0.33038  -0.43984
  -0.26299  -0.33038  -0.43984
  -0.26299  -0.33038  -0.43984
  -0.50299  -0.33038  -0.67984
  -0.26299  -0.33038  -0.67984
  -0.26299  -0.33038  -0.67984
  -0.26299  -0.33038  -0.67984
  -0.26299  -0.33038  -0.67984
  -0.50299  -0.09038  -0.67984
  -0.50299  -0.33038  -0.67984
  -0.50299  -0.33038  -0.67984
  -0.50299  -0.33038  -0.67984
  -0.50299  -0.09038  -0.67984
  -0.50299  -0.33038  -0.91984
  -0.50299  -0.09038  -0.67984
  -0.50299  -0.09038  -0.91984
  -0.50299  -0.09038  -0.67984
  -0.50299  -0.09038  -0.91984
  -0.50299  -0.09038  -0.91984
  -0.50299  -0.09038  -0.91984
  -0.50299  -0.09038  -0.67984
  -0.50299  -0.09038  -0.91984
  -0.50299  -0.09038  -0.67984
  -0.50299  -0.09038  -0.91984
  -0.50299  -0.09038  -0.67984
  -0.50299  -0.09038  -0.91984
  -0.50299  -0.09038  -0.67984
  -0.50299  -0.09038  -0.67984
  -0.50299  -0.09038  -0.67984
  -0.50299  -0.09038  -0.67984
  -0.50299   0.14962  -0.67984
  -0.50299  -0.09038  -0.67984
  -0.50299   0.14962  -0.67984
  -0.26299   0.14962  -0.67984
  -0.26299   0.14962  -0.67984
  -0.50299   0.14962  -0.67984
  -0.26299   0.14962  -0.67984
  -0.26299   0.14962  -0.67984
  -0.26299   0.38962  -0.67984
  -0.26299   0.14962  -0.91984
  -0.26299   0.38962  -0.67984
  -0.26299   0.14962  -0.67984
  -0.26299   0.38962  -0.67984
  -0.26299   0.38962  -0.67984
  -0.02299   0.38962  -0.67984
  -0.02299   0.14962  -0.67984
  -0.02299   0.38962  -0.67984
  -0.26299   0.14962  -0.67984
  -0.02299   0.38962  -0.43984
  -0.02299   0.14962  -0.67984
   0.21701   0.38962  -0.43984
  -0.02299   0.38962  -0.67984
   0.21701   0.38962  -0.43984
   0.21701   0.38962  -0.67984
   0.21701   0.38962  -0.43984
   0.21701   0.14962  -0.67984
   0.21701   0.38962  -0.43984
   0.21701   0.14962  -0.67984
   0.21701   0.38962  -0.43984
   0.21701   0.14962  -0.43984
   0.21701   0.14962  -0.43984
   0.21701   0.14962  -0.67984
   0.45701   0.14962  -0.43984
   0.45701   0.14962  -0.67984
   0.45701   0.14962  -0.43984
   0.45701   0.14962  -0.67984
   0.45701   0.14962  -0.43984
   0.45701  -0.09038  -0.67984
   0.69701  -0.09038  -0.67984
   0.45701  -0.09038  -0.67984
   0.69701  -0.09038  -0.43984
   0.69701  -0.33038  -0.67984
   0.69701  -0.33038  -0.43984
   0.69701  -0.33038  -0.67984
   0.69701  -0.33038  -0.67984
   0.69701  -0.33038  -0.43984
   0.69701  -0.33038  -0.43984
   0.69701  -0.57038  -0.43984
   0.69701  -0.57038  -0.43984
   0.69701  -0.57038  -0.43984
   0.69701  -0.57038  -0.43984
   0.69701  -0.81038  -0.43984
   0.69701  -0.57038  -0.43984
   0.69701  -0.81038  -0.43984
   0.69701  -0.57038  -0.43984
   0.69701  -0.81038  -0.43984
   0.69701  -0.81038  -0.19984
   0.69701  -0.81038  -0.19984
   0.69701  -0.81038  -0.19984
   0.45701  -0.81038  -0.19984
   0.69701  -0.57038  -0.19984
   0.45701  -0.81038  -0.19984
   0.45701  -0.57038  -0.19984
   0.45701  -0.57038  -0.19984
   0.45701  -0.57038   0.04016
   0.45701  -0.57038  -0.19984
   0.45701  -0.57038  -0.19984
   0.45701  -0.57038  -0.19984
   0.45701  -0.57038   0.04016
   0.21701  -0.57038   0.04016
   0.21701  -0.57038   0.04016
   0.21701  -0.57038   0.04016
   0.21701  -0.33038   0.04016
   0.21701  -0.57038  -0.19984
   0.21701  -0.33038   0.04016
   0.21701  -0.57038  -0.19984
   0.21701  -0.33038   0.04016
  -0.02299  -0.57038  -0.19984
   0.21701  -0.33038  -0.19984
  -0.02299  -0.33038  -0.19984
  -0.02299  -0.33038  -0.19984
  -0.02299  -0.33038  -0.19984
  -0.02299  -0.33038  -0.19984
  -0.02299  -0.33038  -0.19984
  -0.02299  -0.33038  -0.19984
  -0.02299  -0.33038  -0.19984
  -0.02299  -0.33038  -0.19984
  -0.26299  -0.57038  -0.19984
  -0.02299  -0.33038  -0.19984
  -0.26299  -0.33038  -0.19984
  -0.26299  -0.33038  -0.19984
  -0.26299  -0.33038  -0.19984
  -0.26299  -0.33038  -0.19984
  -0.26299  -0.57038  -0.19984
  -0.26299  -0.33038  -0.19984
  -0.26299  -0.33038  -0.19984
  -0.26299  -0.33038  -0.19984
  -0.26299  -0.33038  -0.19984
  -0.26299  -0.33038   0.04016
  -0.26299  -0.33038   0.04016
  -0.26299  -0.09038   0.04016
  -0.26299  -0.33038   0.04016
  -0.26299  -0.09038   0.04016
  -0.26299  -0.33038   0.04016
  -0.26299  -0.09038   0.04016
  -0.26299  -0.33038   0.04016
  -0.26299  -0.09038   0.04016
  -0.26299  -0.09038   0.04016
  -0.26299  -0.09038   0.28016
  -0.26299  -0.33038   0.04016
  -0.26299  -0.09038   0.28016
  -0.26299  -0.33038   0.04016
  -0.26299  -0.09038   0.28016
  -0.26299  -0.33038   0.04016
  -0.26299  -0.09038   0.28016
  -0.26299  -0.33038   0.04016
  -0.26299  -0.09038   0.28016
  -0.26299  -0.09038   0.28016
  -0.26299  -0.09038   0.28016
  -0.26299  -0.09038   0.28016
  -0.26299  -0.09038   0.28016
  -0.26299  -0.09038   0.04016
  -0.02299  -0.09038   0.28016
  -0.26299  -0.09038   0.28016
  -0.02299   0.14962   0.28016
  -0.02299  -0.09038   0.28016
  -0.02299   0.14962   0.28016
  -0.02299  -0.09038   0.28016
  -0.02299   0.14962   0.28016
  -0.02299   0.14962   0.28016
  -0.02299   0.14962   0.28016
  -0.02299   0.14962   0.28016
  -0.02299   0.14962   0.28016
  -0.02299   0.14962   0.28016
   0.21701   0.14962   0.28016
   0.21701   0.14962   0.28016
   0.21701   0.38962   0.28016
   0.21701   0.38962   0.28016
   0.21701   0.38962   0.28016
   0.21701   0.38962   0.28016
   0.21701   0.38962   0.28016
   0.21701   0.38962   0.28016
   0.21701   0.62962   0.28016
   0.21701   0.38962   0.28016
   0.21701   0.62962   0.28016
   0.21701   0.38962   0.28016
   0.21701   0.38962   0.28016
   0.21701   0.38962   0.28016
   0.45701   0.62962   0.28016
   0.45701   0.38962   0.28016
   0.45701   0.38962   0.28016
   0.21701   0.38962   0.28016
   0.45701   0.38962   0.28016
   0.45701   0.38962   0.28016
   0.45701   0.38962   0.28016
   0.45701   0.38962   0.28016
   0.45701   0.38962   0.28016
   0.45701   0.38962   0.28016
   0.45701   0.38962   0.28016
   0.21701   0.14962   0.28016
   0.45701   0.38962   0.28016
   0.21701   0.14962   0.28016
   0.45701   0.38962   0.28016
   0.21701   0.14962   0.28016
   0.21701   0.14962   0.04016
   0.21701   0.14962   0.28016
   0.21701   0.14962   0.28016
   0.21701   0.14962   0.28016
   0.21701   0.14962   0.28016
  -0.02299  -0.09038   0.28016
  -0.02299   0.14962   0.28016
  -0.02299  -0.09038   0.04016
  -0.02299   0.14962   0.28016
  -0.26299  -0.09038   0.04016
  -0.02299   0.14962   0.28016
  -0.26299  -0.09038   0.04016
  -0.26299  -0.09038  -0.19984
  -0.26299  -0.09038   0.04016
  -0.50299  -0.09038  -0.19984
  -0.50299  -0.09038   0.04016
  -0.50299  -0.09038  -0.19984
  -0.50299  -0.09038   0.04016
  -0.50299  -0.09038  -0.19984
  -0.50299  -0.09038  -0.19984
  -0.50299  -0.09038  -0.19984
  -0.50299  -0.09038  -0.19984
  -0.50299  -0.09038  -0.19984
  -0.74299  -0.09038  -0.19984
  -0.50299  -0.09038  -0.19984
  -0.74299  -0.09038  -0.19984
  -0.50299  -0.09038  -0.19984
  -0.74299  -0.09038  -0.19984
  -0.50299   0.14962  -0.19984
  -0.50299  -0.09038  -0.19984
  -0.74299   0.14962  -0.19984
  -0.74299  -0.09038  -0.19984
  -0.50299   0.14962  -0.19984
  -0.50299   0.14962  -0.19984
  -0.50299   0.14962  -0.19984
  -0.50299   0.14962  -0.19984
  -0.50299   0.14962  -0.19984
  -0.50299   0.14962  -0.43984
  -0.50299   0.14962  -0.19984
  -0.50299   0.14962  -0.43984
  -0.74299   0.38962  -0.43984
  -0.50299   0.14962  -0.43984
  -0.50299   0.14962  -0.43984
  -0.74299   0.38962  -0.43984
  -0.74299   0.38962  -0.43984
  -0.74299   0.38962  -0.43984
  -0.50299   0.38962  -0.43984
  -0.74299   0.38962  -0.43984
  -0.74299   0.38962  -0.43984
  -0.74299   0.38962  -0.43984
  -0.50299   0.38962  -0.43984
  -0.74299   0.38962  -0.43984
  -0.74299   0.38962  -0.43984
  -0.74299   0.38962  -0.43984
  -0.74299   0.38962  -0.43984
  -0.74299   0.14962  -0.43984
  -0.50299   0.38962  -0.43984
  -0.74299   0.14962  -0.43984
  -0.50299   0.14962  -0.43984
  -0.50299   0.14962  -0.43984
  -0.50299   0.14962  -0.43984
  -0.74299   0.14962  -0.43984
  -0.50299   0.14962  -0.43984
  -0.74299  -0.09038  -0.43984
  -0.50299  -0.09038  -0.43984
  -0.50299  -0.09038  -0.43984
  -0.50299  -0.09038  -0.43984
  -0.50299  -0.09038  -0.43984
  -0.50299  -0.09038  -0.43984
  -0.50299  -0.33038  -0.43984
  -0.50299  -0.09038  -0.43984
  -0.50299  -0.33038  -0.43984
  -0.50299  -0.09038  -0.43984
  -0.50299  -0.33038  -0.43984
  -0.50299  -0.09038  -0.43984
  -0.50299  -0.33038  -0.67984
  -0.50299  -0.09038  -0.43984
  -0.50299  -0.33038  -0.67984
  -0.50299  -0.33038  -0.67984
  -0.50299  -0.33038  -0.67984
  -0.50299  -0.09038  -0.67984
  -0.50299  -0.33038  -0.67984
  -0.50299  -0.09038  -0.67984
  -0.50299  -0.33038  -0.67984
  -0.50299  -0.09038  -0.43984
  -0.50299  -0.33038  -0.43984
  -0.50299  -0.09038  -0.43984
  -0.50299  -0.09038  -0.43984
  -0.50299  -0.09038  -0.43984
  -0.50299  -0.09038  -0.43984
  -0.26299  -0.09038  -0.43984
  -0.50299  -0.33038  -0.43984
  -0.26299  -0.09038  -0.43984
  -0.26299  -0.09038  -0.43984
  -0.02299  -0.09038  -0.19984
  -0.26299  -0.33038  -0.19984
  -0.02299  -0.09038  -0.19984
  -0.02299  -0.09038  -0.19984
  -0.02299  -0.09038  -0.19984
  -0.02299  -0.09038  -0.19984
  -0.02299  -0.09038  -0.19984
  -0.02299  -0.33038  -0.19984
  -0.02299  -0.09038   0.04016
  -0.02299  -0.09038   0.04016
  -0.02299  -0.09038   0.04016
  -0.02299  -0.09038   0.04016
  -0.02299  -0.09038   0.04016
  -0.02299  -0.09038   0.04016
  -0.02299  -0.09038   0.28016
  -0.02299  -0.09038   0.04016
  -0.02299  -0.09038   0.28016
  -0.02299  -0.09038   0.28016
  -0.02299  -0.09038   0.28016
  -0.02299  -0.09038   0.28016
  -0.02299  -0.09038   0.52016
  -0.02299  -0.09038   0.28016
  -0.02299  -0.09038   0.52016
  -0.02299  -0.33038   0.52016
   0.21701  -0.09038   0.52016
  -0.02299  -0.09038   0.52016
   0.21701  -0.09038   0.52016
  -0.02299  -0.09038   0.52016
   0.21701  -0.09038   0.52016
  -0.02299  -0.09038   0.52016
   0.21701  -0.09038   0.76016
   0.21701  -0.33038   0.52016
   0.21701  -0.09038   0.76016
   0.21701  -0.09038   0.76016
   0.21701  -0.09038   0.76016
   0.21701  -0.09038   0.76016
   0.21701  -0.09038   0.76016
   0.21701  -0.09038   0.76016
   0.21701  -0.09038   0.76016
   0.21701  -0.09038   0.76016
   0.21701   0.14962   0.76016
   0.21701  -0.09038   0.76016
   0.21701   0.14962   1.00016
   0.21701   0.14962   1.00016
   0.21701   0.14962   1.00016
   0.21701  -0.09038   1.00016
   0.21701  -0.09038   1.00016
   0.21701  -0.09038   1.00016
   0.21701  -0.09038   1.00016
   0.21701  -0.09038   1.00016
  -0.02299  -0.09038   1.00016
  -0.02299  -0.09038   0.76016
  -0.02299  -0.09038   0.76016
  -0.02299  -0.09038   0.76016
  -0.02299  -0.09038   1.00016
  -0.02299  -0.09038   0.76016
  -0.02299  -0.09038   1.00016
  -0.26299  -0.33038   0.76016
  -0.26299  -0.33038   0.76016
  -0.26299  -0.33038   0.76016
  -0.26299  -0.33038   0.76016
  -0.26299  -0.33038   0.76016
  -0.26299  -0.33038   0.76016
  -0.50299  -0.57038   0.52016
  -0.50299  -0.57038   0.52016
  -0.50299  -0.57038   0.52016
  -0.50299  -0.33038   0.52016
  -0.50299  -0.57038   0.28016
  -0.50299  -0.57038   0.28016
  -0.74299  -0.57038   0.28016
  -0.74299  -0.57038   0.28016
  -0.74299  -0.57038   0.28016
  -0.74299  -0.33038   0.04016
  -0.74299  -0.57038   0.04016
  -0.74299  -0.33038   0.04016
  -0.74299  -0.57038   0.04016
  -0.74299  -0.57038   0.04016
  -0.74299  -0.81038   0.04016
  -0.74299  -0.57038   0.04016
  -0.74299  -0.57038  -0.19984
  -0.74299  -0.57038  -0.19984
  -0.74299  -0.57038  -0.19984
  -0.74299  -0.57038  -0.19984
  -0.74299  -0.57038  -0.19984
  -0.74299  -0.57038  -0.19984
  -0.74299  -0.57038  -0.19984
  -0.74299  -0.33038  -0.19984
  -0.74299  -0.57038  -0.19984
  -0.50299  -0.33038  -0.19984
  -0.50299  -0.57038  -0.43984
  -0.50299  -0.33038  -0.43984
  -0.50299  -0.33038  -0.43984
  -0.50299  -0.33038  -0.43984
  -0.50299  -0.33038  -0.43984
  -0.50299  -0.33038  -0.43984
  -0.50299  -0.33038  -0.43984
  -0.26299  -0.33038  -0.43984
  -0.50299  -0.33038  -0.43984
  -0.26299  -0.33038  -0.43984
  -0.26299  -0.33038  -0.43984
  -0.26299  -0.09038  -0.43984
  -0.26299  -0.33038  -0.43984
  -0.02299  -0.09038  -0.43984
  -0.26299  -0.33038  -0.43984
  -0.02299  -0.09038  -0.43984
  -0.26299  -0.09038  -0.43984
  -0.02299  -0.09038  -0.43984
  -0.02299  -0.09038  -0.43984
  -0.02299  -0.09038  -0.43984
  -0.02299  -0.09038  -0.43984
   0.21701   0.14962  -0.43984
   0.21701  -0.09038  -0.43984
   0.21701   0.14962  -0.43984
   0.21701   0.14962  -0.43984
   0.45701   0.14962  -0.43984
   0.45701   0.14962  -0.43984
   0.45701   0.14962  -0.43984
   0.45701   0.14962  -0.43984
   0.69701   0.38962  -0.43984
   0.69701   0.38962  -0.43984
   0.69701   0.38962  -0.43984
   0.69701   0.38962  -0.67984
   0.69701   0.62962  -0.43984
   0.93701   0.62962  -0.43984
   0.93701   0.62962  -0.43984
   0.93701   0.62962  -0.43984
   0.93701   0.62962  -0.43984
   0.93701   0.62962  -0.43984
   1.17701   0.62962  -0.43984
   1.17701   0.62962  -0.67984
   1.17701   0.62962  -0.43984
   1.17701   0.62962  -0.43984
   1.17701   0.86962  -0.43984
   1.17701   0.62962  -0.43984
   1.17701   0.86962  -0.43984
   1.17701   0.62962  -0.43984
   1.17701   0.62962  -0.43984
   1.17701   0.62962  -0.43984
   1.17701   0.62962  -0.43984
   1.17701   0.62962  -0.43984
   1.17701   0.62962  -0.19984
   0.93701   0.62962  -0.43984
   1.17701   0.62962  -0.43984
   0.93701   0.38962  -0.43984
   0.93701   0.62962  -0.43984
   0.93701   0.38962  -0.43984
   0.93701   0.38962  -0.43984
   0.93701   0.38962  -0.43984
   0.93701   0.38962  -0.19984
   0.69701   0.14962  -0.43984
   0.93701   0.14962  -0.19984
   0.69701   0.14962  -0.43984
   0.69701   0.14962  -0.19984
   0.69701  -0.09038  -0.19984
   0.69701  -0.09038  -0.19984
   0.69701  -0.09038  -0.19984
   0.69701  -0.09038  -0.19984
   0.69701  -0.33038  -0.19984
   0.69701  -0.09038  -0.19984
   0.45701  -0.33038  -0.19984
   0.69701  -0.33038  -0.19984
   0.69701  -0.33038  -0.19984
   0.69701  -0.33038  -0.19984
   0.45701  -0.57038  -0.19984
   0.45701  -0.57038  -0.19984
   0.45701  -0.57038  -0.19984
   0.45701  -0.57038  -0.19984
   0.45701  -0.81038  -0.19984
   0.45701  -0.57038  -0.19984
   0.45701  -0.81038  -0.19984
   0.45701  -0.57038  -0.19984
   0.21701  -0.81038  -0.19984
   0.45701  -0.81038  -0.19984
   0.21701  -0.81038  -0.19984
   0.21701  -0.81038  -0.19984
   0.21701  -0.81038  -0.19984
   0.21701  -0.57038  -0.19984
  -0.02299  -0.81038  -0.19984
  -0.02299  -0.57038  -0.19984
  -0.26299  -0.81038  -0.19984
  -0.02299  -0.57038  -0.19984
  -0.26299  -0.57038  -0.19984
  -0.26299  -0.57038  -0.19984
  -0.26299  -0.57038  -0.19984
  -0.26299  -0.57038  -0.19984
  -0.50299  -0.57038  -0.19984
  -0.50299  -0.57038  -0.19984
  -0.50299  -0.57038  -0.19984
  -0.74299  -0.57038  -0.19984
  -0.74299  -0.57038  -0.19984
  -0.74299  -0.57038  -0.19984
  -0.74299  -0.57038  -0.19984
  -0.74299  -0.33038  -0.19984
  -0.74299  -0.57038  -0.19984
  -0.74299  -0.33038  -0.19984
  -0.74299  -0.33038  -0.19984
  -0.74299  -0.33038  -0.19984
  -0.98299  -0.33038  -0.19984
  -0.74299  -0.33038  -0.43984
  -0.74299  -0.33038  -0.19984
  -0.74299  -0.09038  -0.19984
  -0.74299  -0.09038  -0.43984
  -0.74299  -0.09038  -0.19984
  -0.74299  -0.09038  -0.43984
  -0.74299  -0.09038  -0.19984
  -0.74299  -0.09038  -0.43984
  -0.74299  -0.09038  -0.19984
  -0.74299  -0.09038  -0.43984
  -0.74299  -0.09038  -0.19984
  -0.74299  -0.33038  -0.43984
  -0.74299  -0.09038  -0.19984
  -0.74299  -0.09038  -0.19984
  -0.50299  -0.09038  -0.19984
  -0.74299  -0.09038  -0.19984
  -0.50299  -0.09038  -0.19984
  -0.74299  -0.33038  -0.19984
  -0.50299  -0.09038   0.04016
  -0.74299  -0.33038  -0.19984
  -0.50299  -0.09038   0.04016
  -0.74299  -0.09038   0.04016
  -0.50299  -0.09038   0.04016
  -0.74299  -0.33038   0.04016
  -0.74299  -0.09038   0.04016
  -0.74299  -0.33038   0.04016
  -0.74299  -0.09038   0.04016
  -0.74299  -0.33038   0.04016
  -0.74299  -0.09038   0.28016
  -0.74299  -0.33038   0.04016
  -0.74299  -0.33038   0.28016
  -0.74299  -0.33038   0.28016
  -0.74299  -0.33038   0.28016
  -0.74299  -0.33038   0.28016
  -0.50299  -0.33038   0.28016
  -0.74299  -0.33038   0.28016
  -0.50299  -0.09038   0.28016
  -0.74299  -0.33038   0.28016
  -0.74299  -0.09038   0.28016
  -0.74299  -0.33038   0.28016
  -0.50299  -0.09038   0.52016
  -0.74299  -0.33038   0.28016
  -0.50299  -0.09038   0.28016
  -0.50299  -0.33038   0.28016
  -0.50299  -0.33038   0.28016
  -0.50299  -0.33038   0.28016
  -0.50299  -0.33038   0.28016
  -0.50299  -0.33038   0.28016
  -0.50299  -0.33038   0.28016
  -0.26299  -0.33038   0.28016
  -0.26299  -0.33038   0.28016
  -0.26299  -0.33038   0.28016
  -0.26299  -0.33038   0.28016
  -0.26299  -0.33038   0.28016
  -0.02299  -0.33038   0.28016
  -0.26299  -0.57038   0.28016
  -0.02299  -0.33038   0.28016
  -0.02299  -0.57038   0.04016
  -0.02299  -0.57038   0.28016
  -0.02299  -0.57038   0.04016
  -0.02299  -0.33038   0.04016
  -0.02299  -0.57038   0.04016
  -0.02299  -0.57038   0.04016
   0.21701  -0.57038   0.04016
   0.21701  -0.33038   0.04016
   0.21701  -0.57038   0.04016
   0.21701  -0.33038   0.04016
   0.21701  -0.57038   0.04016
   0.45701  -0.33038   0.04016
   0.45701  -0.57038   0.04016
   0.45701  -0.33038   0.04016
   0.45701  -0.57038   0.04016
   0.69701  -0.33038   0.04016
   0.69701  -0.33038   0.04016
   0.69701  -0.33038   0.04016
   0.69701  -0.33038   0.04016
   0.93701  -0.33038   0.04016
   0.93701  -0.33038   0.04016
   0.93701  -0.09038   0.04016
   0.93701  -0.33038   0.04016
   1.17701  -0.09038   0.04016
   1.17701  -0.09038   0.04016
   1.17701  -0.09038   0.04016
   1.17701  -0.33038   0.04016
   1.17701  -0.09038   0.04016
   1.17701  -0.09038   0.04016
   1.17701  -0.09038   0.04016
   1.17701  -0.09038   0.04016
   1.17701  -0.09038   0.04016
   1.17701  -0.09038  -0.19984
   1.17701  -0.33038  -0.19984
   1.17701  -0.09038  -0.19984
   1.17701  -0.09038   0.04016
   1.17701  -0.09038  -0.19984
   1.17701   0.14962   0.04016
   1.17701   0.14962  -0.19984
   1.17701   0.14962   0.04016
   0.93701   0.14962  -0.19984
   1.17701   0.14962  -0.19984
   0.93701   0.14962  -0.19984
   0.93701   0.14962  -0.19984
   1.17701   0.38962  -0.19984
   0.93701   0.38962  -0.19984
   0.93701   0.14962  -0.19984
   0.93701   0.38962  -0.19984
   0.93701   0.14962  -0.19984
   0.93701   0.38962  -0.19984
   0.93701   0.38962  -0.19984
   0.93701   0.38962  -0.19984
   0.69701   0.38962  -0.19984
   0.93701   0.62962  -0.19984
   0.93701   0.38962  -0.19984
   0.69701   0.62962  -0.19984
   0.69701   0.38962  -0.19984
   0.69701   0.62962   0.04016
   0.69701   0.38962  -0.19984
   0.69701   0.38962  -0.19984
   0.69701   0.38962  -0.19984
   0.45701   0.62962   0.04016
   0.45701   0.38962  -0.19984
   0.45701   0.62962   0.04016
   0.45701   0.38962  -0.19984
   0.45701   0.62962  -0.19984
   0.45701   0.38962  -0.19984
   0.45701   0.38962   0.04016
   0.45701   0.38962  -0.19984
   0.21701   0.38962  -0.19984
   0.21701   0.38962  -0.19984
   0.21701   0.38962   0.04016
   0.21701   0.38962   0.04016
   0.21701   0.38962   0.04016
   0.21701   0.38962   0.04016
   0.21701   0.38962   0.04016
   0.21701   0.38962   0.04016
   0.21701   0.38962   0.04016
  -0.02299   0.14962   0.04016
   0.21701   0.38962   0.04016
  -0.02299   0.14962   0.04016
   0.21701   0.38962   0.04016
  -0.02299   0.14962   0.04016
  -0.02299   0.38962   0.04016
  -0.02299   0.14962   0.04016
  -0.02299   0.14962   0.04016
  -0.02299   0.14962   0.28016
  -0.02299   0.38962   0.28016
  -0.26299   0.14962   0.28016
  -0.02299   0.14962   0.28016
  -0.26299   0.14962   0.28016
  -0.02299   0.38962   0.28016
  -0.26299   0.14962   0.28016
  -0.26299   0.14962   0.28016
  -0.26299   0.14962   0.28016
  -0.26299   0.38962   0.28016
  -0.26299   0.14962   0.28016
  -0.50299   0.14962   0.28016
  -0.50299   0.14962   0.28016
  -0.50299   0.14962   0.28016
  -0.50299   0.14962   0.28016
  -0.50299   0.38962   0.28016
  -0.74299   0.14962   0.28016
  -0.50299   0.38962   0.28016
  -0.74299   0.14962   0.28016
  -0.50299   0.38962   0.28016
  -0.74299   0.14962   0.28016
  -0.74299   0.38962   0.52016
  -0.74299   0.14962   0.28016
  -0.74299   0.38962   0.28016
  -0.74299   0.14962   0.28016
  -0.74299   0.38962   0.52016
  -0.74299   0.14962   0.28016
  -0.98299   0.38962   0.52016
  -0.98299   0.14962   0.28016
  -0.98299   0.14962   0.52016
  -0.98299   0.14962   0.28016
  -0.98299   0.14962   0.52016
  -0.98299   0.14962   0.52016
  -0.98299   0.14962   0.52016
  -0.98299   0.14962   0.28016
  -0.98299   0.14962   0.52016
  -0.98299   0.14962   0.52016
  -0.98299   0.14962   0.52016
  -0.98299   0.14962   0.28016
  -0.98299   0.14962   0.28016
  -0.98299   0.14962   0.28016
  -0.98299   0.14962   0.28016
  -0.98299   0.14962   0.28016
  -0.98299   0.14962   0.28016
  -0.98299   0.14962   0.28016
  -0.98299   0.14962   0.28016
  -0.98299   0.14962   0.28016
  -0.98299   0.14962   0.28016
  -0.98299  -0.09038   0.28016
  -0.98299   0.14962   0.28016
  -0.98299  -0.09038   0.28016
  -0.98299   0.14962   0.28016
  -0.98299   0.14962   0.28016
  -0.98299   0.14962   0.28016
  -0.98299  -0.09038   0.28016
  -0.74299   0.14962   0.28016
  -0.74299   0.14962   0.04016
  -0.74299   0.14962   0.28016
  -0.98299   0.14962   0.04016
  -0.74299   0.14962   0.28016
  -0.74299   0.14962   0.04016
  -0.74299   0.14962   0.04016
  -0.74299  -0.09038   0.04016
  -0.74299   0.14962   0.04016
  -0.74299   0.14962   0.04016
  -0.74299   0.14962   0.04016
  -0.74299  -0.09038   0.04016
  -0.74299   0.14962   0.04016
  -0.74299  -0.09038  -0.19984
  -0.74299  -0.09038  -0.19984
  -0.74299  -0.09038  -0.19984
  -0.74299  -0.09038  -0.19984
  -0.50299  -0.09038  -0.19984
  -0.50299  -0.09038  -0.19984
  -0.74299  -0.09038  -0.19984
  -0.50299  -0.09038  -0.19984
  -0.50299  -0.09038  -0.43984
  -0.50299  -0.09038  -0.43984
  -0.50299  -0.09038  -0.43984
  -0.50299  -0.09038  -0.43984
  -0.50299  -0.09038  -0.43984
  -0.26299  -0.09038  -0.43984
  -0.26299  -0.09038  -0.43984
  -0.26299  -0.09038  -0.43984
  -0.26299  -0.09038  -0.43984
  -0.26299  -0.09038  -0.43984
  -0.26299  -0.33038  -0.43984
  -0.26299  -0.09038  -0.43984
  -0.26299  -0.33038  -0.43984
  -0.02299  -0.33038  -0.43984
  -0.26299  -0.33038  -0.43984
  -0.02299  -0.33038  -0.43984
  -0.02299  -0.57038  -0.43984
  -0.02299  -0.33038  -0.43984
  -0.02299  -0.57038  -0.43984
  -0.02299  -0.57038  -0.43984
  -0.02299  -0.57038  -0.43984
  -0.02299  -0.57038  -0.43984
  -0.02299  -0.57038  -0.43984
   0.21701  -0.57038  -0.43984
  -0.02299  -0.57038  -0.43984
   0.21701  -0.57038  -0.43984
   0.21701  -0.57038  -0.43984
   0.21701  -0.57038  -0.43984
   0.21701  -0.81038  -0.43984
   0.45701  -0.57038  -0.43984
   0.45701  -0.81038  -0.43984
   0.45701  -0.81038  -0.43984
   0.45701  -0.81038  -0.43984
   0.45701  -0.81038  -0.43984
   0.45701  -0.81038  -0.43984
   0.45701  -0.81038  -0.43984
   0.45701  -0.81038  -0.43984
   0.69701  -0.81038  -0.19984
   0.45701  -0.81038  -0.19984
   0.69701  -0.81038  -0.19984
   0.69701  -0.81038  -0.19984
   0.69701  -0.81038  -0.19984
   0.69701  -0.81038  -0.19984
   0.69701  -0.81038  -0.19984
   0.69701  -0.81038  -0.19984
   0.69701  -0.81038  -0.19984
   0.69701  -0.81038  -0.19984
   0.69701  -0.81038   0.04016
   0.69701  -0.81038   0.04016
   0.69701  -0.81038   0.04016
   0.69701  -0.81038   0.04016
   0.69701  -0.81038   0.04016
   0.69701  -0.81038   0.04016
   0.69701  -0.81038   0.04016
   0.69701  -0.81038   0.04016
   0.69701  -0.81038   0.04016
   0.69701  -0.81038   0.04016
   0.69701  -0.81038   0.04016
   0.69701  -0.81038   0.04016
   0.69701  -0.81038   0.28016
   0.69701  -0.81038   0.04016
   0.69701  -0.81038   0.28016
   0.45701  -0.81038   0.28016
   0.69701  -0.81038   0.28016
   0.45701  -0.81038   0.28016
   0.69701  -0.81038   0.28016
   0.45701  -0.81038   0.28016
   0.69701  -0.57038   0.28016
   0.45701  -0.81038   0.28016
   0.45701  -0.57038   0.28016
   0.45701  -0.81038   0.28016
   0.45701  -0.57038   0.28016
   0.45701  -0.81038   0.28016
   0.45701  -0.57038   0.28016
   0.45701  -0.81038   0.28016
   0.21701  -0.57038   0.28016
   0.21701  -0.81038   0.04016
   0.21701  -0.57038   0.28016
   0.21701  -0.81038   0.04016
   0.21701  -0.57038   0.28016
   0.21701  -0.81038   0.28016
   0.21701  -0.57038   0.28016
   0.21701  -0.81038   0.04016
   0.21701  -0.57038   0.28016
   0.21701  -0.81038   0.04016
   0.21701  -0.57038   0.28016
  -0.02299  -0.81038   0.04016
  -0.02299  -0.57038   0.04016
  -0.02299  -0.81038   0.04016
  -0.02299  -0.57038   0.04016
  -0.02299  -0.57038   0.04016
  -0.02299  -0.33038   0.04016
  -0.02299  -0.33038   0.04016
  -0.02299  -0.33038   0.04016
  -0.02299  -0.33038   0.04016
  -0.02299  -0.09038   0.04016
  -0.26299  -0.09038  -0.19984
  -0.02299   0.14962   0.04016
  -0.02299   0.14962   0.04016
  -0.02299   0.14962   0.04016
  -0.26299   0.14962   0.04016
  -0.26299   0.14962   0.04016
  -0.26299   0.14962  -0.19984
  -0.26299   0.38962   0.04016
  -0.26299   0.38962   0.04016
  -0.26299   0.38962   0.04016
  -0.26299   0.38962   0.04016
  -0.26299   0.62962   0.04016
  -0.26299   0.62962   0.04016
  -0.26299   0.62962   0.04016
  -0.26299   0.62962   0.04016
  -0.26299   0.62962   0.04016
  -0.26299   0.62962   0.04016
  -0.26299   0.62962   0.04016
  -0.26299   0.62962   0.04016
  -0.26299   0.86962   0.04016
  -0.26299   0.62962   0.04016
  -0.26299   0.86962   0.04016
  -0.26299   0.62962   0.04016
  -0.26299   0.86962   0.04016
  -0.26299   0.62962   0.04016
  -0.26299   0.86962   0.28016
  -0.50299   0.86962   0.04016
  -0.26299   0.86962   0.28016
  -0.26299   0.86962   0.28016
  -0.26299   0.86962   0.28016
  -0.26299   0.86962   0.28016
  -0.26299   0.86962   0.28016
  -0.26299   0.62962   0.28016
  -0.26299   0.86962   0.52016
  -0.26299   0.86962   0.52016
  -0.26299   0.86962   0.52016
  -0.26299   0.62962   0.52016
  -0.26299   0.86962   0.52016
  -0.26299   0.62962   0.52016
  -0.26299   0.62962   0.52016
  -0.26299   0.62962   0.52016
  -0.26299   0.62962   0.76016
  -0.26299   0.62962   0.76016
  -0.26299   0.62962   0.76016
  -0.26299   0.62962   0.52016
  -0.26299   0.62962   0.52016
  -0.50299   0.62962   0.52016
  -0.50299   0.62962   0.52016
  -0.50299   0.62962   0.52016
  -0.50299   0.62962   0.52016
  -0.50299   0.38962   0.52016
  -0.50299   0.62962   0.52016
  -0.50299   0.38962   0.28016
  -0.50299   0.38962   0.28016
  -0.50299   0.38962   0.28016
  -0.50299   0.38962   0.28016
  -0.50299   0.38962   0.04016
  -0.50299   0.38962   0.28016
  -0.74299   0.14962   0.04016
  -0.50299   0.38962   0.04016
  -0.74299   0.14962   0.04016
  -0.74299   0.38962   0.04016
  -0.74299   0.14962  -0.19984
  -0.74299   0.14962  -0.19984
  -0.74299   0.14962  -0.19984
  -0.74299   0.14962  -0.19984
  -0.74299   0.14962  -0.43984
  -0.74299   0.14962  -0.43984
  -0.74299   0.14962  -0.43984
  -0.74299   0.14962  -0.43984
  -0.98299   0.14962  -0.67984
  -0.74299   0.14962  -0.43984
  -0.74299   0.14962  -0.67984
  -0.74299   0.14962  -0.67984
  -0.98299  -0.09038  -0.67984
  -0.74299   0.14962  -0.43984
  -0.98299  -0.09038  -0.67984
  -0.74299  -0.09038  -0.67984
  -0.98299  -0.09038  -0.67984
  -0.98299  -0.09038  -0.67984
  -0.98299  -0.09038  -0.67984
  -0.98299  -0.09038  -0.67984
  -0.98299  -0.33038  -0.67984
  -0.98299  -0.09038  -0.67984
  -0.98299  -0.09038  -0.67984
  -0.98299  -0.09038  -0.91984
  -0.98299  -0.09038  -0.67984
  -0.98299  -0.09038  -0.67984
  -0.98299  -0.09038  -0.67984
  -0.98299  -0.09038  -0.67984
  -0.98299  -0.09038  -0.67984
  -0.98299  -0.09038  -0.67984
  -0.98299  -0.33038  -0.67984
  -0.98299  -0.09038  -0.67984
  -0.98299  -0.33038  -0.67984
  -0.98299  -0.33038  -0.67984
  -0.98299  -0.33038  -0.67984
  -0.98299  -0.33038  -0.67984
  -0.98299  -0.33038  -0.67984
  -0.74299  -0.33038  -0.67984
  -0.98299  -0.33038  -0.67984
  -0.74299  -0.33038  -0.67984
  -0.74299  -0.33038  -0.67984
  -0.74299  -0.33038  -0.67984
  -0.74299  -0.57038  -0.67984
  -0.74299  -0.57038  -0.91984
  -0.74299  -0.57038  -0.67984
  -0.74299  -0.33038  -0.67984
  -0.74299  -0.57038  -0.67984
  -0.74299  -0.33038  -0.67984
  -0.74299  -0.57038  -0.67984
  -0.74299  -0.57038  -0.67984
  -0.74299  -0.57038  -0.67984
  -0.74299  -0.33038  -0.67984
  -0.74299  -0.57038  -0.67984
  -0.74299  -0.57038  -0.67984
  -0.74299  -0.57038  -0.67984
  -0.74299  -0.57038  -0.67984
  -0.74299  -0.57038  -0.67984
  -0.50299  -0.57038  -0.67984
  -0.74299  -0.57038  -0.67984
  -0.50299  -0.57038  -0.67984
  -0.74299  -0.57038  -0.67984
  -0.50299  -0.57038  -0.67984
  -0.50299  -0.57038  -0.67984
  -0.50299  -0.57038  -0.67984
  -0.50299  -0.57038  -0.91984
  -0.50299  -0.57038  -0.67984
  -0.50299  -0.57038  -0.67984
  -0.26299  -0.57038  -0.67984
  -0.26299  -0.57038  -0.67984
  -0.26299  -0.57038  -0.67984
  -0.26299  -0.57038  -0.67984
  -0.26299  -0.57038  -0.67984
  -0.26299  -0.57038  -0.67984
  -0.26299  -0.57038  -0.67984
  -0.26299  -0.81038  -0.67984
  -0.26299  -0.57038  -0.67984
  -0.26299  -0.81038  -0.67984
  -0.26299  -0.81038  -0.67984
  -0.26299  -0.81038  -0.67984
  -0.26299  -0.81038  -0.67984
  -0.26299  -0.81038  -0.67984
  -0.02299  -0.81038  -0.67984
  -0.02299  -0.81038  -0.67984
  -0.02299  -0.81038  -0.43984
  -0.02299  -0.81038  -0.67984
  -0.02299  -0.81038  -0.43984
  -0.02299  -0.81038  -0.43984
   0.21701  -0.81038  -0.43984
   0.21701  -0.81038  -0.43984
   0.21701  -0.81038  -0.43984
   0.21701  -0.81038  -0.43984
   0.21701  -0.81038  -0.43984
   0.21701  -0.81038  -0.43984
   0.45701  -0.81038  -0.43984
   0.45701  -1.05038  -0.43984
   0.45701  -0.81038  -0.19984
   0.45701  -1.05038  -0.19984
   0.45701  -0.81038  -0.19984
   0.45701  -1.05038  -0.19984
   0.45701  -0.81038  -0.19984
   0.69701  -0.81038  -0.19984
   0.69701  -0.81038  -0.19984
   0.69701  -0.81038  -0.19984
   0.69701  -0.81038   0.04016
   0.69701  -0.81038  -0.19984
   0.69701  -0.81038   0.04016
   0.93701  -0.81038   0.04016
   0.93701  -0.81038   0.04016
   0.93701  -0.81038   0.04016
   0.93701  -0.81038   0.04016
   0.93701  -0.81038   0.04016
   1.17701  -0.81038   0.04016
   0.93701  -0.81038   0.04016
   1.17701  -0.57038   0.04016
   1.17701  -0.57038   0.04016
   1.17701  -0.57038   0.04016
   1.17701  -0.57038   0.04016
   1.40701  -0.57038   0.28016
   1.40701  -0.57038   0.04016
   1.40701  -0.57038   0.28016
   1.40701  -0.33038   0.04016
   1.40701  -0.33038   0.04016
   1.40701  -0.09038   0.28016
   1.64701   0.14962   0.52016
   1.64701   0.14962   0.52016
   1.64701   0.14962   0.52016
   1.64701  -0.09038   0.28016
   1.64701   0.14962   0.52016
   1.64701   0.14962   0.52016
   1.64701   0.14962   0.52016
   1.64701   0.14962   0.52016
   1.64701   0.38962   0.52016
   1.88701   0.38962   0.52016
   1.88701   0.38962   0.52016
   1.64701   0.38962   0.52016
   1.64701   0.38962   0.52016
   1.64701   0.38962   0.52016
   1.64701   0.38962   0.52016
   1.64701   0.38962   0.52016
   1.64701   0.62962   0.52016
   1.64701   0.38962   0.52016
   1.64701   0.38962   0.52016
   1.64701   0.62962   0.76016
   1.64701   0.62962   0.76016
   1.64701   0.62962   0.76016
   1.40701   0.62962   0.76016
   1.40701   0.62962   0.52016
   1.17701   0.62962   0.52016
   1.40701   0.86962   0.76016
   1.17701   0.86962   0.76016
   1.17701   0.86962   0.76016
   1.17701   0.86962   0.76016
   0.93701   0.86962   0.52016
   0.93701   0.86962   0.76016
   0.93701   0.86962   0.76016
   0.93701   0.86962   0.76016
   0.93701   0.86962   0.76016
   0.69701   0.86962   0.76016
   0.69701   0.86962   0.52016
   0.69701   0.86962   0.52016
   0.69701   0.86962   0.76016
   0.69701   0.86962   0.76016
   0.45701   0.86962   0.52016
   0.45701   0.86962   0.52016
   0.21701   0.62962   0.52016
   0.21701   0.62962   0.52016
   0.21701   0.62962   0.52016
   0.21701   0.86962   0.52016
   0.21701   0.86962   0.52016
   0.21701   0.62962   0.52016
  -0.02299   0.62962   0.52016
  -0.02299   0.62962   0.52016
  -0.02299   0.62962   0.52016
  -0.02299   0.62962   0.52016
  -0.02299   0.62962   0.52016
  -0.26299   0.86962   0.28016
  -0.26299   0.62962   0.28016
  -0.26299   0.62962   0.52016
  -0.26299   0.62962   0.52016
  -0.26299   0.86962   0.28016
  -0.50299   0.62962   0.28016
  -0.50299   0.86962   0.52016
  -0.50299   0.62962   0.28016
  -0.50299   0.62962   0.28016
  -0.50299   0.62962   0.28016
  -0.50299   0.86962   0.28016
  -0.74299   0.62962   0.28016
  -0.74299   0.86962   0.28016
  -0.74299   0.62962   0.04016
  -0.74299   0.62962   0.04016
  -0.74299   0.86962   0.04016
  -0.74299   0.86962   0.04016
  -0.74299   0.86962   0.04016
  -0.74299   0.86962   0.04016
  -0.74299   0.86962  -0.19984
  -0.74299   0.86962  -0.19984
  -0.74299   0.86962  -0.19984
  -0.74299   0.86962  -0.19984
  -0.74299   0.86962  -0.19984
  -0.74299   1.10962  -0.19984
  -0.74299   0.86962  -0.19984
  -0.74299   0.86962  -0.19984
  -0.74299   1.10962  -0.19984
  -0.74299   1.10962  -0.19984
  -0.74299   0.86962  -0.19984
  -0.50299   1.10962  -0.19984
  -0.50299   0.86962  -0.43984
  -0.50299   0.86962  -0.43984
  -0.50299   0.86962  -0.43984
  -0.50299   0.86962  -0.19984
  -0.50299   0.86962  -0.19984
  -0.50299   0.86962  -0.19984
  -0.50299   0.62962  -0.43984
  -0.50299   0.86962  -0.19984
  -0.26299   0.86962  -0.19984
  -0.26299   0.86962  -0.19984
  -0.26299   0.62962  -0.19984
  -0.26299   0.62962  -0.19984
  -0.26299   0.62962  -0.19984
  -0.26299   0.62962  -0.19984
  -0.26299   0.38962  -0.19984
  -0.02299   0.62962  -0.19984
  -0.02299   0.62962  -0.19984
  -0.02299   0.62962  -0.19984
  -0.02299   0.38962  -0.19984
  -0.02299   0.38962   0.04016
  -0.02299   0.38962   0.04016
   0.21701   0.38962   0.04016
   0.21701   0.38962   0.04016
   0.21701   0.38962   0.04016
   0.21701   0.14962   0.04016
   0.21701   0.14962   0.04016
   0.21701   0.14962   0.04016
   0.21701   0.14962   0.04016
   0.21701   0.14962   0.04016
   0.21701   0.14962   0.04016
   0.21701  -0.09038   0.04016
   0.21701  -0.09038   0.04016
   0.21701  -0.09038   0.04016
   0.21701  -0.09038  -0.19984
   0.45701  -0.09038   0.04016
   0.45701  -0.09038   0.04016
   0.45701  -0.09038   0.04016
   0.45701  -0.09038   0.04016
   0.45701  -0.33038   0.04016
   0.45701  -0.33038   0.04016
   0.45701  -0.33038   0.04016
   0.69701  -0.33038   0.04016
   0.45701  -0.57038   0.04016
   0.69701  -0.57038   0.04016
   0.45701  -0.81038   0.04016
   0.69701  -0.81038   0.04016
   0.69701  -0.81038   0.04016
   0.69701  -0.81038   0.04016
   0.69701  -0.81038   0.04016
   0.69701  -0.81038   0.04016
   0.69701  -1.05038   0.04016
   0.69701  -1.05038   0.04016
   0.69701  -1.05038   0.04016
   0.69701  -1.05038   0.04016
   0.69701  -1.05038   0.04016
   0.69701  -1.05038   0.04016
   0.45701  -1.29038   0.04016
   0.69701  -1.29038   0.04016
   0.69701  -1.29038   0.04016
   0.69701  -1.29038   0.04016
   0.69701  -1.29038   0.04016
   0.69701  -1.29038   0.04016
   0.69701  -1.29038   0.04016
   0.69701  -1.29038   0.04016
   0.69701  -1.29038   0.04016
   0.69701  -1.29038   0.04016
   0.69701  -1.29038   0.04016
   0.69701  -1.29038   0.04016
   0.69701  -1.29038   0.04016
   0.69701  -1.29038   0.04016
   0.69701  -1.29038   0.04016
   0.69701  -1.29038   0.04016
   0.69701  -1.05038   0.04016
   0.93701  -1.05038   0.04016
   0.69701  -1.05038   0.04016
   0.69701  -1.05038   0.04016
   0.69701  -1.05038   0.04016
   0.69701  -0.81038   0.04016
   0.69701  -0.81038   0.04016
   0.69701  -0.81038   0.04016
   0.69701  -0.81038  -0.19984
   0.69701  -0.81038  -0.19984
   0.69701  -0.81038  -0.19984
   0.69701  -0.57038   0.04016
   0.69701  -0.81038   0.04016
   0.69701  -0.57038  -0.19984
   0.45701  -0.81038  -0.19984
   0.45701  -0.57038  -0.19984
   0.45701  -0.57038  -0.19984
   0.45701  -0.57038  -0.19984
   0.45701  -0.57038  -0.19984
   0.45701  -0.57038   0.04016
   0.45701  -0.57038  -0.19984
   0.45701  -0.57038  -0.19984
   0.21701  -0.57038  -0.19984
   0.45701  -0.57038  -0.19984
   0.45701  -0.33038   0.04016
   0.21701  -0.33038   0.04016
   0.21701  -0.33038  -0.19984
   0.21701  -0.33038  -0.19984
   0.21701  -0.33038  -0.19984
   0.21701  -0.09038   0.04016
   0.45701  -0.09038   0.04016
   0.21701  -0.09038   0.04016
   0.21701  -0.09038  -0.19984
   0.21701  -0.09038   0.04016
   0.45701  -0.09038   0.04016
   0.45701   0.14962   0.04016
   0.21701  -0.09038   0.04016
   0.45701   0.14962   0.04016
   0.45701   0.14962   0.04016
   0.45701   0.14962   0.04016
   0.45701   0.38962   0.04016
   0.45701   0.38962   0.04016
   0.45701   0.62962   0.04016
   0.45701   0.62962   0.04016
   0.45701   0.62962   0.04016
   0.45701   0.62962   0.04016
   0.21701   0.62962   0.04016
   0.45701   0.62962   0.04016
   0.21701   0.86962   0.04016
   0.45701   0.62962   0.04016
   0.21701   0.62962   0.04016
   0.21701   0.86962   0.04016
   0.21701   0.62962   0.04016
   0.21701   0.62962   0.04016
   0.21701   0.86962   0.04016
  -0.02299   0.86962   0.04016
  -0.02299   0.86962   0.28016
  -0.02299   0.86962   0.28016
  -0.02299   0.86962   0.04016
  -0.02299   0.62962   0.04016
  -0.02299   0.62962   0.04016
  -0.26299   0.86962   0.04016
  -0.26299   0.62962   0.04016
  -0.26299   0.62962   0.04016
  -0.50299   0.62962   0.04016
  -0.50299   0.62962   0.28016
  -0.50299   0.38962   0.28016
  -0.50299   0.38962   0.28016
  -0.50299   0.38962   0.28016
  -0.50299   0.38962   0.28016
  -0.50299   0.14962   0.28016
  -0.74299   0.14962   0.28016
  -0.74299   0.14962   0.28016
  -0.74299   0.14962   0.28016
  -0.74299   0.14962   0.28016
  -0.74299   0.14962   0.28016
  -0.98299  -0.09038   0.04016
  -0.74299  -0.09038   0.04016
  -0.98299  -0.33038   0.04016
  -0.98299  -0.33038   0.04016
  -0.98299  -0.33038   0.04016
  -0.98299  -0.33038   0.28016
  -0.98299  -0.57038   0.04016
  -0.98299  -0.57038   0.04016
  -0.98299  -0.57038   0.04016
  -0.98299  -0.57038   0.04016
  -0.98299  -0.57038   0.04016
  -0.98299  -0.57038   0.04016
  -0.98299  -0.57038   0.04016
  -0.98299  -0.57038   0.04016
  -0.98299  -0.57038   0.04016
  -0.98299  -0.57038   0.28016
  -0.98299  -0.57038   0.28016
  -0.98299  -0.57038   0.28016
  -0.98299  -0.81038   0.28016
  -0.98299  -0.81038   0.28016
  -0.74299  -0.57038   0.28016
  -0.74299  -0.57038   0.28016
  -0.74299  -0.57038   0.28016
  -0.74299  -0.57038   0.28016
  -0.74299  -0.57038   0.28016
  -0.74299  -0.57038   0.04016
  -0.74299  -0.33038   0.28016
  -0.74299  -0.33038   0.28016
  -0.74299  -0.33038   0.28016
  -0.74299  -0.33038   0.04016
  -0.74299  -0.33038   0.04016
  -0.74299  -0.09038   0.04016
  -0.74299  -0.09038   0.04016
  -0.74299  -0.09038   0.28016
  -0.74299  -0.09038   0.04016
  -0.74299   0.14962   0.04016
  -0.74299   0.14962   0.04016
  -0.74299   0.14962   0.28016
  -0.74299   0.14962   0.28016
  -0.74299   0.14962   0.28016
  -0.74299   0.14962   0.28016
  -0.50299   0.14962   0.28016
  -0.74299   0.14962   0.28016
  -0.74299   0.38962   0.28016
  -0.74299   0.38962   0.28016
  -0.50299   0.38962   0.04016
  -0.50299   0.38962   0.28016
  -0.50299   0.38962   0.28016
  -0.74299   0.38962   0.28016
  -0.50299   0.38962   0.28016
  -0.50299   0.38962   0.28016
  -0.50299   0.38962   0.28016
  -0.26299   0.38962   0.28016
  -0.26299   0.62962   0.28016
  -0.26299   0.38962   0.28016
  -0.26299   0.38962   0.28016
  -0.26299   0.38962   0.28016
  -0.26299   0.62962   0.28016
  -0.26299   0.38962   0.28016
  -0.26299   0.62962   0.28016
  -0.26299   0.62962   0.04016
  -0.26299   0.62962   0.28016
  -0.26299   0.38962   0.28016
  -0.26299   0.62962   0.28016
  -0.26299   0.62962   0.28016
  -0.26299   0.62962   0.28016
  -0.26299   0.62962   0.04016
  -0.26299   0.62962   0.28016
  -0.26299   0.62962   0.28016
  -0.26299   0.62962   0.28016
  -0.26299   0.62962   0.28016
  -0.26299   0.86962   0.28016
  -0.26299   0.62962   0.04016
  -0.26299   0.62962   0.04016
  -0.26299   0.62962   0.28016
  -0.50299   0.62962   0.04016
  -0.26299   0.62962   0.04016
  -0.26299   0.62962   0.04016
  -0.50299   0.38962   0.04016
  -0.50299   0.62962   0.04016
  -0.50299   0.38962   0.04016
  -0.50299   0.38962   0.04016
  -0.50299   0.38962   0.04016
  -0.50299   0.38962   0.04016
  -0.50299   0.14962   0.04016
  -0.50299   0.14962   0.04016
  -0.50299   0.14962   0.04016
  -0.50299   0.14962   0.04016
  -0.50299   0.14962   0.04016
  -0.50299   0.14962   0.04016
  -0.50299   0.14962  -0.19984
  -0.50299   0.14962  -0.19984
  -0.50299   0.14962  -0.19984
  -0.74299  -0.09038  -0.19984
  -0.50299   0.14962  -0.19984
  -0.50299   0.14962  -0.19984
  -0.74299  -0.09038  -0.43984
  -0.50299  -0.09038  -0.19984
  -0.50299  -0.09038  -0.19984
  -0.50299   0.14962  -0.19984
  -0.74299  -0.09038  -0.19984
  -0.74299  -0.09038  -0.19984
  -0.74299  -0.09038  -0.43984
  -0.74299  -0.09038  -0.19984
  -0.74299  -0.33038  -0.19984
  -0.74299  -0.09038  -0.19984
  -0.74299  -0.33038  -0.19984
  -0.74299  -0.09038  -0.19984
  -0.74299  -0.33038  -0.19984
  -0.74299  -0.33038  -0.19984
  -0.74299  -0.33038  -0.19984
  -0.74299  -0.33038  -0.19984
  -0.74299  -0.33038  -0.19984
  -0.74299  -0.33038  -0.19984
  -0.74299  -0.57038  -0.19984
  -0.74299  -0.57038  -0.19984
  -0.50299  -0.57038  -0.19984
  -0.74299  -0.57038  -0.19984
  -0.50299  -0.57038  -0.19984
  -0.50299  -0.57038  -0.19984
  -0.50299  -0.57038  -0.19984
  -0.50299  -0.57038  -0.19984
  -0.50299  -0.57038  -0.19984
  -0.50299  -0.57038  -0.19984
  -0.26299  -0.57038  -0.19984
  -0.26299  -0.57038  -0.19984
  -0.26299  -0.57038  -0.19984
  -0.26299  -0.57038  -0.19984
  -0.26299  -0.57038  -0.19984
  -0.26299  -0.33038  -0.19984
  -0.26299  -0.57038  -0.19984
  -0.02299  -0.57038  -0.19984
  -0.26299  -0.57038  -0.19984
  -0.02299  -0.57038  -0.19984
  -0.02299  -0.57038  -0.19984
  -0.02299  -0.57038  -0.19984
  -0.02299  -0.57038  -0.19984
  -0.02299  -0.57038  -0.19984
  -0.02299  -0.57038  -0.43984
  -0.02299  -0.57038  -0.19984
  -0.02299  -0.57038  -0.43984
  -0.02299  -0.57038  -0.19984
  -0.02299  -0.57038  -0.19984
  -0.02299  -0.57038  -0.19984
  -0.02299  -0.57038  -0.19984
  -0.02299  -0.33038  -0.19984
  -0.02299  -0.57038  -0.43984
  -0.02299  -0.57038  -0.19984
  -0.02299  -0.33038  -0.19984
  -0.26299  -0.33038  -0.19984
  -0.26299  -0.33038  -0.19984
  -0.26299  -0.33038  -0.19984
  -0.26299  -0.57038  -0.43984
  -0.26299  -0.33038  -0.19984
  -0.26299  -0.33038  -0.19984
  -0.26299  -0.09038  -0.19984
  -0.26299  -0.09038  -0.19984
  -0.26299  -0.09038  -0.19984
  -0.26299  -0.33038  -0.19984
  -0.26299  -0.09038  -0.19984
  -0.50299  -0.09038  -0.19984
  -0.26299  -0.09038  -0.19984
  -0.26299  -0.09038   0.04016
  -0.26299   0.14962   0.04016
  -0.50299  -0.09038   0.04016
  -0.26299  -0.09038   0.04016
  -0.26299  -0.09038   0.04016
  -0.26299   0.14962   0.04016
  -0.02299   0.14962   0.04016
  -0.02299   0.14962   0.04016
  -0.02299   0.14962   0.04016
  -0.02299   0.14962   0.28016
  -0.02299   0.14962   0.04016
  -0.02299   0.14962   0.28016
  -0.02299   0.14962   0.28016
  -0.02299   0.14962   0.28016
   0.21701   0.14962   0.28016
   0.21701   0.14962   0.28016
   0.21701   0.14962   0.28016
   0.21701   0.14962   0.28016
   0.21701   0.14962   0.28016
   0.45701   0.14962   0.52016
   0.21701   0.14962   0.28016
   0.45701   0.14962   0.52016
   0.21701   0.14962   0.28016
   0.45701   0.14962   0.28016
   0.45701   0.14962   0.52016
   0.45701   0.14962   0.52016
   0.45701   0.14962   0.28016
   0.45701   0.14962   0.52016
   0.21701   0.14962   0.28016
   0.21701   0.14962   0.52016
   0.45701   0.38962   0.52016
   0.45701   0.38962   0.52016
   0.21701   0.38962   0.52016
   0.21701   0.38962   0.52016
   0.45701   0.38962   0.52016
   0.21701   0.38962   0.28016
   0.21701   0.38962   0.28016
   0.45701   0.38962   0.28016
   0.45701   0.38962   0.52016
   0.45701   0.38962   0.28016
   0.21701   0.38962   0.28016
   0.45701   0.38962   0.28016
   0.45701   0.38962   0.28016
   0.45701   0.38962   0.28016
   0.45701   0.38962   0.52016
   0.45701   0.38962   0.28016
   0.45701   0.38962   0.28016
   0.45701   0.38962   0.28016
   0.45701   0.38962   0.28016
   0.45701   0.38962   0.28016
   0.45701   0.38962   0.28016
   0.45701   0.38962   0.28016
   0.45701   0.38962   0.28016
   0.45701   0.38962   0.28016
   0.45701   0.38962   0.28016
   0.45701   0.38962   0.52016
   0.45701   0.38962   0.28016
   0.69701   0.38962   0.52016
   0.69701   0.38962   0.28016
   0.69701   0.38962   0.28016
   0.69701   0.38962   0.28016
   0.69701   0.38962   0.52016
   0.69701   0.38962   0.52016
   0.69701   0.38962   0.52016
   0.69701   0.38962   0.52016
   0.69701   0.38962   0.52016
   0.69701   0.38962   0.52016
   0.69701   0.38962   0.52016
   0.93701   0.38962   0.52016
   0.93701   0.38962   0.52016
   0.69701   0.38962   0.52016
   0.69701   0.38962   0.52016
   0.69701   0.38962   0.52016
   0.93701   0.38962   0.52016
   0.69701   0.38962   0.52016
   0.69701   0.38962   0.52016
   0.69701   0.14962   0.52016
   0.69701   0.38962   0.52016
   0.69701   0.38962   0.52016
   0.69701   0.38962   0.52016
   0.93701   0.38962   0.52016
   0.69701   0.38962   0.52016
   0.69701   0.38962   0.52016
   0.69701   0.38962   0.52016
   0.69701   0.38962   0.52016
   0.69701   0.38962   0.52016
   0.69701   0.38962   0.52016
   0.45701   0.38962   0.52016
   0.45701   0.38962   0.28016
   0.69701   0.38962   0.28016
   0.45701   0.38962   0.28016
   0.45701   0.38962   0.28016
   0.45701   0.38962   0.28016
   0.45701   0.38962   0.28016
   0.45701   0.38962   0.28016
   0.45701   0.38962   0.28016
   0.45701   0.38962   0.28016
   0.45701   0.38962   0.28016
   0.45701   0.38962   0.04016
   0.45701   0.62962   0.28016
   0.45701   0.38962   0.04016
   0.45701   0.62962   0.28016
   0.45701   0.38962   0.04016
   0.45701   0.62962   0.28016
   0.45701   0.62962   0.04016
   0.45701   0.62962   0.04016
   0.45701   0.38962   0.04016
   0.45701   0.62962   0.04016
   0.45701   0.38962   0.04016
   0.45701   0.62962   0.04016
   0.45701   0.38962  -0.19984
   0.45701   0.62962  -0.19984
   0.45701   0.38962  -0.19984
   0.45701   0.38962  -0.19984
   0.45701   0.38962  -0.43984
   0.45701   0.38962  -0.19984
   0.45701   0.14962  -0.19984
   0.45701   0.14962  -0.19984
   0.45701   0.14962  -0.43984
   0.45701   0.14962  -0.43984
   0.45701   0.14962  -0.43984
   0.45701   0.14962  -0.43984
   0.45701  -0.09038  -0.43984
   0.45701  -0.09038  -0.43984
   0.45701  -0.09038  -0.43984
   0.45701  -0.09038  -0.43984
   0.45701  -0.09038  -0.43984
   0.45701  -0.09038  -0.43984
   0.45701  -0.33038  -0.43984
   0.45701  -0.33038  -0.43984
   0.45701  -0.33038  -0.43984
   0.21701  -0.33038  -0.43984
   0.45701  -0.33038  -0.43984
   0.21701  -0.33038  -0.67984
   0.21701  -0.57038  -0.67984
   0.21701  -0.57038  -0.67984
   0.21701  -0.57038  -0.67984
   0.21701  -0.57038  -0.67984
   0.21701  -0.57038  -0.67984
   0.21701  -0.33038  -0.67984
   0.21701  -0.57038  -0.67984
   0.21701  -0.57038  -0.67984
   0.21701  -0.57038  -0.67984
   0.21701  -0.57038  -0.67984
  -0.02299  -0.33038  -0.67984
   0.21701  -0.33038  -0.67984
  -0.02299  -0.33038  -0.67984
   0.21701  -0.33038  -0.67984
  -0.02299  -0.33038  -0.91984
  -0.02299  -0.33038  -0.67984
  -0.02299  -0.09038  -0.67984
   0.21701  -0.09038  -0.67984
  -0.02299  -0.09038  -0.67984
  -0.02299  -0.09038  -0.67984
  -0.02299  -0.09038  -0.67984
  -0.02299  -0.09038  -0.67984
  -0.02299  -0.09038  -0.67984
  -0.02299  -0.09038  -0.67984
  -0.02299   0.14962  -0.67984
  -0.02299   0.14962  -0.67984
  -0.02299   0.14962  -0.91984
  -0.02299   0.14962  -0.67984
  -0.02299   0.14962  -0.91984
  -0.02299   0.14962  -0.67984
  -0.02299   0.14962  -0.67984
  -0.02299   0.14962  -0.67984
  -0.02299   0.14962  -0.91984
  -0.02299   0.14962  -0.91984
  -0.02299   0.14962  -0.91984
  -0.02299   0.14962  -0.91984
  -0.02299   0.14962  -0.91984
  -0.02299   0.14962  -0.91984
  -0.02299  -0.09038  -0.91984
  -0.02299  -0.09038  -0.91984
  -0.02299  -0.09038  -0.91984
  -0.02299   0.14962  -0.91984
  -0.02299  -0.09038  -0.91984
  -0.02299  -0.09038  -0.91984
  -0.02299  -0.09038  -0.91984
  -0.02299  -0.09038  -0.91984
  -0.02299  -0.09038  -0.91984
  -0.02299  -0.09038  -0.91984
  -0.02299  -0.33038  -0.91984
  -0.26299  -0.09038  -0.91984
  -0.26299  -0.33038  -0.91984
  -0.02299  -0.33038  -0.67984
  -0.02299  -0.33038  -0.67984
  -0.26299  -0.33038  -0.67984
  -0.26299  -0.33038  -0.43984
  -0.26299  -0.33038  -0.43984
  -0.26299  -0.57038  -0.43984
  -0.26299  -0.57038  -0.43984
  -0.26299  -0.57038  -0.43984
  -0.26299  -0.33038  -0.43984
  -0.26299  -0.33038  -0.43984
  -0.50299  -0.57038  -0.43984
  -0.50299  -0.57038  -0.43984
  -0.50299  -0.33038  -0.43984
  -0.50299  -0.57038  -0.43984
  -0.50299  -0.33038  -0.19984
  -0.26299  -0.33038  -0.19984
  -0.26299  -0.33038  -0.19984
  -0.26299  -0.33038  -0.19984
  -0.26299  -0.33038  -0.19984
  -0.50299  -0.33038  -0.19984
  -0.50299  -0.33038  -0.19984
  -0.50299  -0.33038  -0.19984
  -0.26299  -0.09038  -0.19984
  -0.50299  -0.33038  -0.19984
  -0.50299  -0.09038  -0.19984
  -0.50299  -0.33038  -0.19984
  -0.50299  -0.33038   0.04016
  -0.50299  -0.09038  -0.19984
  -0.26299  -0.09038  -0.19984
  -0.26299  -0.33038   0.04016
  -0.26299  -0.09038   0.04016
  -0.50299  -0.09038  -0.19984
  -0.26299  -0.09038   0.04016
  -0.26299  -0.09038   0.04016
  -0.26299  -0.09038   0.04016
  -0.26299  -0.09038   0.04016
  -0.26299  -0.09038   0.04016
  -0.02299  -0.33038   0.04016
  -0.02299  -0.09038   0.04016
  -0.02299  -0.09038   0.28016
  -0.02299  -0.09038   0.28016
  -0.02299  -0.09038   0.28016
  -0.02299  -0.09038   0.28016
  -0.02299  -0.09038   0.28016
  -0.02299  -0.09038   0.28016
   0.21701  -0.09038   0.28016
   0.21701  -0.09038   0.52016
   0.21701  -0.33038   0.52016
   0.21701  -0.09038   0.52016
   0.21701  -0.09038   0.52016
   0.21701  -0.09038   0.52016
   0.21701  -0.33038   0.52016
   0.21701  -0.09038   0.52016
   0.45701  -0.09038   0.52016
   0.45701  -0.09038   0.52016
   0.45701  -0.09038   0.76016
   0.45701  -0.09038   0.76016
   0.45701  -0.09038   0.76016
   0.45701  -0.09038   0.76016
   0.69701  -0.09038   0.76016
   0.69701  -0.09038   0.76016
   0.69701  -0.09038   0.76016
   0.45701  -0.09038   0.76016
   0.69701  -0.09038   0.76016
   0.69701  -0.09038   1.00016
   0.69701  -0.09038   0.76016
   0.69701  -0.09038   1.00016
   0.69701  -0.09038   1.00016
   0.93701  -0.09038   1.00016
   0.69701  -0.09038   0.76016
   0.93701  -0.09038   0.76016
   0.93701  -0.09038   1.00016
   0.93701  -0.09038   1.00016
   0.69701  -0.09038   1.00016
   0.93701   0.14962   1.00016
   0.69701  -0.09038   1.00016
   0.93701   0.14962   0.76016
   0.93701   0.14962   1.00016
   0.69701   0.14962   1.00016
   0.93701   0.14962   1.00016
   0.93701   0.38962   1.24016
   0.69701   0.14962   1.00016
   0.69701   0.14962   1.00016
   0.69701   0.14962   1.00016
   0.69701   0.38962   1.00016
   0.69701   0.14962   1.00016
   0.69701   0.14962   1.00016
   0.69701   0.14962   1.00016
   0.69701   0.14962   1.00016
   0.45701   0.14962   1.00016
   0.45701   0.14962   1.00016
   0.45701   0.14962   1.00016
   0.45701   0.14962   1.00016
   0.45701   0.14962   1.00016
   0.45701   0.14962   1.00016
   0.21701   0.14962   0.76016
   0.21701   0.14962   1.00016
   0.21701   0.14962   1.00016
   0.21701   0.14962   0.76016
   0.21701   0.14962   0.76016
   0.21701   0.14962   0.76016
   0.21701   0.14962   0.76016
  -0.02299   0.14962   0.76016
  -0.02299   0.14962   0.76016
  -0.02299   0.14962   0.76016
  -0.02299  -0.09038   0.76016
  -0.02299   0.14962   0.76016
  -0.02299   0.14962   0.76016
  -0.26299   0.14962   0.76016
  -0.26299   0.14962   0.76016
  -0.26299   0.14962   0.76016
  -0.26299   0.14962   0.76016
  -0.26299   0.14962   0.76016
  -0.26299   0.14962   0.76016
  -0.26299   0.14962   0.52016
  -0.26299   0.14962   0.52016
  -0.26299  -0.09038   0.52016
  -0.26299  -0.09038   0.52016
  -0.26299   0.14962   0.76016
  -0.26299   0.14962   0.76016
  -0.26299   0.14962   0.52016
  -0.50299  -0.09038   0.52016
  -0.50299   0.14962   0.52016
  -0.50299  -0.09038   0.52016
  -0.50299  -0.09038   0.52016
  -0.50299   0.14962   0.52016
  -0.50299   0.14962   0.52016
  -0.50299   0.14962   0.52016
  -0.50299   0.14962   0.52016
  -0.50299  -0.09038   0.28016
  -0.50299   0.14962   0.28016
  -0.50299  -0.09038   0.28016
  -0.50299   0.14962   0.28016
  -0.50299  -0.09038   0.28016
  -0.50299   0.14962   0.28016
  -0.74299  -0.09038   0.04016
  -0.74299  -0.09038   0.28016
  -0.74299  -0.09038   0.28016
  -0.50299  -0.09038   0.28016
  -0.50299  -0.09038   0.04016
  -0.50299  -0.09038   0.28016
  -0.74299  -0.09038   0.04016
  -0.50299  -0.09038   0.04016
  -0.50299  -0.09038   0.04016
  -0.50299  -0.09038   0.04016
  -0.50299  -0.09038   0.04016
  -0.50299  -0.09038   0.04016
  -0.74299  -0.33038   0.04016
  -0.50299  -0.09038   0.04016
  -0.50299  -0.09038   0.04016
  -0.50299  -0.09038   0.04016
  -0.74299  -0.33038   0.04016
  -0.50299  -0.09038   0.04016
  -0.50299  -0.33038  -0.19984
  -0.50299  -0.09038  -0.19984
  -0.50299  -0.09038  -0.19984
  -0.50299  -0.09038  -0.19984
  -0.50299  -0.09038  -0.19984
  -0.50299  -0.09038  -0.19984
  -0.50299  -0.09038  -0.19984
  -0.50299  -0.09038  -0.19984
  -0.50299  -0.09038  -0.43984
  -0.50299  -0.09038  -0.19984
  -0.50299  -0.09038  -0.43984
  -0.26299  -0.09038  -0.43984
  -0.26299  -0.09038  -0.43984
  -0.26299  -0.09038  -0.43984
  -0.26299  -0.09038  -0.43984
  -0.26299   0.14962  -0.43984
  -0.26299  -0.09038  -0.43984
  -0.26299   0.14962  -0.43984
  -0.26299   0.14962  -0.43984
  -0.26299   0.14962  -0.67984
  -0.26299  -0.09038  -0.67984
  -0.26299   0.14962  -0.43984
  -0.26299   0.14962  -0.67984
  -0.26299   0.14962  -0.67984
  -0.26299   0.14962  -0.67984
  -0.26299   0.14962  -0.67984
  -0.26299   0.14962  -0.67984
  -0.26299   0.14962  -0.91984
  -0.26299   0.14962  -0.91984
  -0.02299   0.14962  -0.91984
  -0.02299   0.14962  -0.91984
  -0.26299   0.14962  -0.91984
  -0.02299   0.14962  -0.91984
  -0.02299   0.14962  -0.91984
  -0.02299   0.14962  -0.91984
  -0.02299   0.14962  -0.91984
  -0.02299   0.14962  -0.91984
  -0.02299   0.14962  -0.91984
  -0.02299   0.14962  -0.91984
  -0.02299   0.14962  -0.91984
  -0.02299   0.38962  -0.91984
  -0.26299   0.38962  -0.91984
  -0.26299   0.38962  -0.91984
  -0.02299   0.38962  -0.91984
  -0.26299   0.38962  -0.91984
  -0.26299   0.38962  -0.67984
  -0.26299   0.38962  -0.91984
  -0.02299   0.38962  -0.67984
  -0.02299   0.14962  -0.67984
  -0.26299   0.14962  -0.67984
  -0.02299   0.14962  -0.67984
  -0.02299   0.38962  -0.67984
  -0.02299   0.38962  -0.67984
  -0.26299   0.38962  -0.67984
  -0.26299   0.14962  -0.67984
  -0.02299   0.38962  -0.43984
  -0.26299   0.14962  -0.43984
  -0.02299   0.38962  -0.43984
  -0.02299   0.38962  -0.19984
  -0.02299   0.38962  -0.19984
  -0.02299   0.38962  -0.19984
  -0.02299   0.14962  -0.19984
  -0.02299   0.14962  -0.19984
  -0.02299   0.14962  -0.19984
  -0.02299   0.14962  -0.19984
  -0.02299   0.14962  -0.19984
  -0.02299   0.14962  -0.19984
  -0.02299   0.14962   0.04016
  -0.26299   0.14962   0.04016
  -0.02299   0.14962   0.04016
  -0.02299   0.14962   0.04016
  -0.02299   0.14962   0.04016
  -0.02299   0.14962   0.04016
  -0.02299   0.14962   0.04016
  -0.02299   0.14962  -0.19984
  -0.02299   0.14962   0.04016
  -0.02299   0.14962   0.04016
  -0.02299   0.14962   0.04016
  -0.02299   0.14962   0.04016
  -0.02299   0.14962   0.04016
  -0.02299  -0.09038   0.04016
  -0.02299  -0.09038   0.04016
  -0.02299  -0.09038   0.04016
  -0.02299  -0.09038   0.04016
  -0.02299  -0.09038   0.04016
   0.21701  -0.09038   0.04016
  -0.02299  -0.09038   0.04016
  -0.02299  -0.09038   0.04016
   0.21701  -0.09038   0.04016
   0.21701  -0.09038   0.28016
   0.21701  -0.09038   0.04016
   0.21701  -0.09038   0.04016
  -0.02299  -0.09038   0.04016
   0.21701  -0.33038   0.04016
  -0.02299  -0.09038   0.04016
  -0.02299   0.14962   0.04016
  -0.02299   0.14962   0.04016
  -0.02299   0.14962   0.04016
  -0.02299  -0.09038   0.04016
  -0.02299   0.14962   0.04016
  -0.02299   0.14962   0.04016
  -0.02299   0.14962  -0.19984
  -0.02299   0.14962   0.04016
  -0.02299   0.14962   0.04016
  -0.02299  -0.09038  -0.19984
  -0.02299  -0.09038  -0.19984
  -0.02299   0.14962  -0.19984
  -0.02299   0.14962  -0.19984
  -0.02299   0.14962  -0.19984
  -0.02299   0.14962  -0.19984
  -0.02299   0.14962  -0.19984
  -0.02299   0.14962  -0.19984
  -0.26299   0.38962  -0.19984
  -0.02299   0.38962  -0.19984
  -0.02299   0.38962  -0.19984
  -0.26299   0.38962  -0.19984
  -0.26299   0.38962  -0.19984
  -0.26299   0.38962  -0.19984
  -0.26299   0.38962  -0.19984
  -0.26299   0.38962  -0.19984
  -0.26299   0.38962  -0.43984
  -0.26299   0.38962  -0.19984
  -0.26299   0.38962  -0.43984
  -0.26299   0.38962  -0.43984
  -0.26299   0.38962  -0.43984
  -0.26299   0.38962  -0.19984
  -0.26299   0.38962  -0.19984
  -0.26299   0.38962  -0.19984
  -0.26299   0.38962  -0.19984
  -0.26299   0.38962  -0.19984
  -0.26299   0.38962  -0.19984
  -0.26299   0.62962  -0.19984
  -0.26299   0.38962  -0.19984
  -0.26299   0.62962  -0.19984
  -0.26299   0.38962  -0.19984
  -0.26299   0.38962  -0.19984
  -0.26299   0.38962  -0.19984
  -0.02299   0.38962  -0.19984
  -0.26299   0.38962  -0.19984
  -0.02299   0.38962  -0.19984
  -0.02299   0.38962  -0.19984
  -0.02299   0.38962  -0.19984
  -0.02299   0.38962   0.04016
  -0.02299   0.38962   0.04016
  -0.02299   0.38962   0.04016
  -0.02299   0.38962   0.04016
  -0.26299   0.38962  -0.19984
  -0.02299   0.38962   0.04016
  -0.02299   0.62962   0.04016
  -0.02299   0.38962   0.04016
  -0.02299   0.38962   0.04016
  -0.02299   0.38962   0.04016
  -0.02299   0.38962   0.04016
  -0.02299   0.38962   0.04016
  -0.02299   0.38962   0.04016
  -0.02299   0.38962   0.04016
  -0.02299   0.38962   0.04016
  -0.02299   0.38962   0.04016
  -0.02299   0.38962   0.04016
  -0.02299   0.38962   0.04016
  -0.02299   0.38962   0.04016
  -0.02299   0.38962   0.04016
  -0.02299   0.38962   0.04016
  -0.02299   0.14962   0.04016
  -0.02299   0.14962   0.04016
  -0.02299   0.14962   0.28016
  -0.02299   0.14962   0.04016
  -0.02299   0.14962   0.04016
  -0.02299   0.14962   0.28016
  -0.02299   0.14962   0.28016
  -0.26299  -0.09038   0.04016
  -0.02299  -0.09038   0.28016
  -0.02299  -0.09038   0.28016
  -0.02299  -0.09038   0.28016
  -0.02299  -0.33038   0.28016
  -0.02299  -0.09038   0.28016
  -0.26299  -0.33038   0.28016
  -0.02299  -0.33038   0.28016
  -0.02299  -0.33038   0.28016
  -0.02299  -0.57038   0.28016
  -0.26299  -0.57038   0.28016
  -0.02299  -0.57038   0.28016
  -0.02299  -0.57038   0.28016
  -0.02299  -0.57038   0.28016
  -0.02299  -0.81038   0.28016
  -0.02299  -0.81038   0.28016
  -0.02299  -0.81038   0.28016
  -0.02299  -0.81038   0.28016
  -0.02299  -1.05038   0.04016
  -0.02299  -1.05038   0.28016
  -0.02299  -1.05038   0.04016
  -0.02299  -1.05038   0.04016
  -0.02299  -1.05038   0.04016
  -0.02299  -1.05038   0.04016
  -0.02299  -1.29038   0.04016
  -0.02299  -1.05038   0.28016
  -0.02299  -1.29038   0.04016
  -0.02299  -1.29038   0.04016
  -0.02299  -1.29038   0.04016
  -0.02299  -1.05038   0.04016
  -0.02299  -1.05038   0.04016
  -0.02299  -1.05038   0.04016
  -0.02299  -1.05038   0.04016
  -0.02299  -1.29038   0.04016
  -0.02299  -1.05038   0.04016
  -0.02299  -1.05038   0.04016
  -0.02299  -1.05038   0.04016
  -0.02299  -0.81038   0.04016
  -0.02299  -1.05038   0.04016
  -0.02299  -1.05038   0.04016
  -0.02299  -0.81038   0.04016
  -0.02299  -0.81038   0.04016
  -0.02299  -0.81038   0.04016
  -0.02299  -0.81038   0.04016
  -0.02299  -0.81038   0.04016
  -0.02299  -0.57038   0.04016
  -0.02299  -0.57038   0.04016
  -0.02299  -0.57038   0.04016
  -0.02299  -0.57038   0.04016
  -0.02299  -0.57038   0.04016
  -0.02299  -0.57038   0.04016
  -0.02299  -0.57038   0.04016
  -0.02299  -0.57038   0.28016
  -0.02299  -0.33038   0.28016
  -0.02299  -0.33038   0.28016
  -0.02299  -0.33038   0.28016
  -0.02299  -0.33038   0.04016
  -0.02299  -0.33038   0.04016
  -0.02299  -0.09038   0.28016
  -0.02299  -0.09038   0.28016
  -0.02299  -0.09038   0.28016
  -0.02299   0.14962   0.28016
  -0.02299  -0.09038   0.28016
  -0.02299   0.14962   0.28016
  -0.02299   0.14962   0.52016
  -0.02299   0.14962   0.52016
  -0.02299   0.14962   0.52016
  -0.02299   0.38962   0.52016
  -0.02299   0.14962   0.52016
  -0.02299   0.38962   0.52016
  -0.02299   0.38962   0.52016
  -0.02299   0.38962   0.28016
  -0.02299   0.62962   0.52016
  -0.02299   0.62962   0.52016
  -0.02299   0.38962   0.52016
  -0.02299   0.62962   0.28016
  -0.02299   0.62962   0.52016
  -0.02299   0.62962   0.52016
  -0.02299   0.62962   0.52016
  -0.02299   0.62962   0.52016
  -0.02299   0.62962   0.52016
  -0.02299   0.62962   0.52016
  -0.02299   0.62962   0.52016
  -0.02299   0.86962   0.52016
  -0.02299   0.86962   0.52016
  -0.02299   0.86962   0.52016
  -0.02299   0.86962   0.52016
  -0.02299   0.86962   0.52016
  -0.02299   0.86962   0.52016
   0.21701   0.86962   0.52016
  -0.02299   0.86962   0.52016
   0.21701   0.86962   0.52016
  -0.02299   0.86962   0.28016
   0.21701   0.86962   0.52016
  -0.02299   0.62962   0.28016
   0.21701   0.86962   0.28016
   0.21701   0.62962   0.28016
   0.21701   0.86962   0.28016
   0.21701   0.86962   0.28016
   0.21701   0.62962   0.28016
   0.21701   0.62962   0.28016
   0.21701   0.62962   0.28016
   0.21701   0.62962   0.28016
   0.21701   0.62962   0.28016
   0.21701   0.38962   0.04016
   0.21701   0.38962   0.04016
   0.21701   0.38962   0.04016
   0.21701   0.38962   0.04016
   0.21701   0.38962   0.04016
   0.45701   0.38962   0.04016
   0.21701   0.14962  -0.19984
   0.21701   0.14962   0.04016
   0.21701   0.14962   0.04016
   0.21701   0.14962   0.04016
   0.21701   0.14962  -0.19984
   0.45701  -0.09038   0.04016
   0.45701   0.14962   0.04016
   0.45701  -0.09038   0.04016
   0.21701  -0.33038   0.04016
   0.21701  -0.09038   0.04016
   0.45701  -0.09038   0.04016
   0.45701  -0.33038   0.04016
   0.21701  -0.33038   0.04016
   0.21701  -0.09038   0.28016
   0.21701  -0.33038   0.04016
   0.21701  -0.33038   0.04016
   0.21701  -0.33038   0.04016
   0.45701  -0.33038   0.28016
   0.21701  -0.33038   0.28016
   0.21701  -0.33038   0.28016
   0.21701  -0.57038   0.28016
   0.21701  -0.57038   0.28016
   0.21701  -0.57038   0.28016
   0.21701  -0.33038   0.28016
   0.21701  -0.57038   0.28016
   0.21701  -0.33038   0.28016
   0.21701  -0.57038   0.28016
   0.21701  -0.57038   0.28016
   0.21701  -0.57038   0.28016
   0.21701  -0.33038   0.28016
   0.21701  -0.57038   0.28016
   0.21701  -0.33038   0.28016
   0.21701  -0.57038   0.04016
   0.21701  -0.33038   0.28016
   0.21701  -0.33038   0.28016
   0.21701  -0.33038   0.28016
   0.21701  -0.33038   0.28016
   0.21701  -0.09038   0.28016
   0.21701  -0.33038   0.04016
   0.21701  -0.09038   0.28016
   0.21701  -0.09038   0.28016
   0.21701  -0.09038   0.28016
   0.21701  -0.09038   0.04016
   0.21701   0.14962   0.04016
   0.21701  -0.09038   0.04016
   0.21701   0.14962   0.04016
   0.21701   0.14962   0.04016
   0.21701   0.14962   0.04016
   0.21701   0.14962   0.04016
   0.21701   0.14962   0.04016
   0.21701   0.14962   0.04016
   0.21701   0.38962   0.04016
   0.45701   0.38962   0.04016
   0.45701   0.38962   0.04016
   0.45701   0.38962   0.04016
   0.45701   0.62962   0.04016
   0.45701   0.62962   0.04016
   0.45701   0.62962   0.04016
   0.45701   0.62962   0.04016
   0.45701   0.62962   0.04016
   0.45701   0.62962   0.04016
   0.45701   0.62962   0.04016
   0.45701   0.62962   0.04016
   0.45701   0.62962   0.04016
   0.45701   0.62962   0.04016
   0.45701   0.62962   0.04016
   0.45701   0.62962   0.04016
   0.69701   0.86962  -0.19984
   0.45701   0.62962  -0.19984
   0.69701   0.62962   0.04016
   0.45701   0.62962   0.04016
   0.69701   0.86962  -0.19984
   0.69701   0.62962   0.04016
   0.45701   0.62962   0.04016
   0.69701   0.62962  -0.19984
   0.69701   0.62962  -0.19984
   0.69701   0.62962  -0.19984
   0.69701   0.62962  -0.19984
   0.69701   0.62962  -0.19984
   0.69701   0.62962  -0.19984
   0.45701   0.38962  -0.19984
   0.69701   0.38962  -0.19984
   0.45701   0.38962  -0.19984
   0.69701   0.38962  -0.19984
   0.69701   0.38962  -0.19984
   0.45701   0.38962  -0.19984
   0.45701   0.38962  -0.19984
   0.45701   0.38962  -0.19984
   0.45701   0.14962  -0.19984
   0.45701   0.14962  -0.19984
   0.45701   0.14962  -0.19984
   0.45701   0.14962  -0.19984
   0.45701  -0.09038  -0.19984
   0.45701  -0.09038  -0.19984
   0.45701  -0.09038  -0.19984
   0.45701  -0.09038  -0.19984
   0.45701  -0.09038  -0.19984
   0.45701  -0.09038  -0.19984
   0.45701  -0.33038  -0.19984
   0.45701  -0.33038  -0.19984
   0.45701  -0.33038  -0.19984
   0.21701  -0.33038  -0.19984
   0.45701  -0.33038  -0.19984
   0.45701  -0.33038  -0.19984
   0.21701  -0.57038  -0.19984
   0.45701  -0.57038  -0.19984
   0.45701  -0.57038  -0.19984
   0.21701  -0.57038   0.04016
   0.45701  -0.57038   0.04016
   0.45701  -0.57038   0.04016
   0.21701  -0.57038   0.04016
   0.21701  -0.57038   0.04016
   0.21701  -0.57038   0.04016
   0.45701  -0.57038   0.04016
   0.21701  -0.57038   0.04016
   0.21701  -0.57038   0.04016
   0.21701  -0.81038   0.04016
   0.45701  -0.57038   0.04016
   0.45701  -0.57038   0.04016
   0.45701  -0.57038   0.04016
   0.45701  -0.57038   0.04016
   0.45701  -0.57038   0.04016
   0.45701  -0.57038   0.04016
   0.45701  -0.57038   0.28016
   0.45701  -0.57038   0.04016
   0.45701  -0.33038   0.28016
   0.45701  -0.33038   0.04016
   0.21701  -0.57038   0.04016
   0.21701  -0.33038   0.04016
   0.45701  -0.33038   0.04016
   0.21701  -0.33038   0.04016
   0.21701  -0.33038   0.04016
   0.21701  -0.33038   0.04016
   0.21701  -0.09038   0.04016
   0.21701  -0.09038   0.04016
   0.21701  -0.09038  -0.19984
   0.21701  -0.09038  -0.19984
   0.21701  -0.09038  -0.19984
   0.21701  -0.09038  -0.19984
   0.21701  -0.09038  -0.19984
   0.21701  -0.09038  -0.19984
   0.21701  -0.09038   0.04016
   0.21701  -0.09038  -0.19984
   0.21701  -0.09038  -0.19984
   0.21701   0.14962  -0.19984
   0.21701   0.14962   0.04016
   0.21701   0.14962  -0.19984
   0.21701   0.14962  -0.19984
  -0.02299  -0.09038  -0.19984
  -0.02299   0.14962  -0.19984
  -0.02299   0.14962  -0.19984
  -0.02299   0.14962  -0.19984
  -0.02299   0.14962  -0.19984
  -0.02299   0.14962  -0.19984
  -0.26299  -0.09038  -0.19984
  -0.02299   0.14962  -0.19984
  -0.02299   0.14962  -0.19984
  -0.02299   0.14962  -0.19984
  -0.26299   0.14962  -0.19984
  -0.26299   0.14962  -0.19984
  -0.26299   0.14962  -0.19984
  -0.26299   0.14962  -0.19984
  -0.26299   0.14962  -0.19984
  -0.26299   0.14962  -0.19984
  -0.26299   0.14962  -0.19984
  -0.26299   0.14962  -0.19984
  -0.26299   0.14962  -0.19984
  -0.26299   0.14962  -0.19984
  -0.50299  -0.09038  -0.19984
  -0.26299   0.14962  -0.19984
  -0.50299   0.14962  -0.19984
  -0.50299   0.14962  -0.19984
  -0.74299  -0.09038  -0.43984
  -0.50299   0.14962  -0.43984
  -0.74299  -0.09038  -0.43984
  -0.74299  -0.09038  -0.43984
  -0.74299  -0.09038  -0.43984
  -0.74299  -0.09038  -0.43984
  -0.74299  -0.09038  -0.43984
  -0.74299   0.14962  -0.43984
  -0.74299  -0.09038  -0.43984
  -0.74299  -0.09038  -0.43984
  -0.74299  -0.09038  -0.43984
  -0.98299  -0.09038  -0.43984
  -0.98299  -0.09038  -0.43984
  -0.98299  -0.09038  -0.43984
  -0.98299  -0.09038  -0.43984
  -0.98299  -0.09038  -0.43984
  -0.98299  -0.09038  -0.43984
  -0.98299  -0.09038  -0.19984
  -0.98299  -0.09038  -0.43984
  -0.98299  -0.09038  -0.19984
  -0.98299  -0.09038  -0.43984
  -0.98299  -0.09038  -0.43984
  -0.98299  -0.09038  -0.19984
  -0.98299  -0.33038  -0.19984
  -0.98299  -0.09038  -0.19984
  -1.22299  -0.09038  -0.19984
  -1.22299  -0.33038  -0.43984
  -1.22299  -0.33038  -0.43984
  -1.22299  -0.33038  -0.19984
  -0.98299  -0.09038  -0.19984
  -1.22299  -0.33038  -0.19984
  -1.22299  -0.33038  -0.19984
  -1.22299  -0.33038  -0.19984
  -0.98299  -0.33038  -0.19984
  -1.22299  -0.33038  -0.19984
  -1.22299  -0.33038  -0.19984
  -1.22299  -0.33038  -0.19984
  -0.98299  -0.33038  -0.19984
  -1.22299  -0.33038  -0.43984
  -0.98299  -0.33038  -0.43984
  -0.98299  -0.33038  -0.43984
  -0.98299  -0.33038  -0.19984
  -0.98299  -0.33038  -0.43984
  -0.98299  -0.33038  -0.19984
  -0.98299  -0.33038  -0.43984
  -0.98299  -0.33038  -0.19984
  -0.98299  -0.33038  -0.19984
  -0.98299  -0.09038  -0.19984
  -0.98299  -0.33038  -0.19984
  -0.74299  -0.09038  -0.43984
  -0.98299  -0.33038  -0.43984
  -0.74299  -0.33038  -0.43984
  -0.98299  -0.09038  -0.43984
  -0.74299  -0.09038  -0.43984
  -0.74299  -0.09038  -0.43984
  -0.74299  -0.09038  -0.43984
  -0.74299  -0.09038  -0.43984
  -0.74299  -0.09038  -0.43984
  -0.50299  -0.09038  -0.19984
  -0.50299   0.14962  -0.19984
  -0.50299  -0.09038  -0.43984
  -0.50299   0.14962  -0.19984
  -0.50299   0.14962  -0.43984
  -0.50299   0.14962  -0.43984
  -0.26299   0.14962  -0.19984
  -0.26299   0.14962  -0.19984
  -0.26299   0.14962  -0.43984
  -0.26299   0.14962  -0.19984
  -0.26299   0.14962  -0.43984
  -0.02299   0.14962  -0.19984
  -0.02299   0.38962  -0.19984
  -0.26299   0.38962  -0.19984
  -0.02299   0.38962  -0.19984
  -0.02299   0.38962  -0.19984
  -0.02299   0.38962  -0.19984
  -0.02299   0.38962  -0.19984
   0.21701   0.38962  -0.19984
   0.21701   0.62962  -0.19984
   0.21701   0.62962  -0.19984
   0.21701   0.62962  -0.19984
   0.21701   0.38962  -0.19984
   0.21701   0.38962  -0.19984
   0.21701   0.62962  -0.19984
   0.45701   0.62962  -0.19984
   0.21701   0.62962  -0.19984
   0.45701   0.62962  -0.19984
   0.21701   0.62962  -0.19984
   0.45701   0.62962  -0.19984
   0.45701   0.62962   0.04016
   0.45701   0.62962  -0.19984
   0.45701   0.62962   0.04016
   0.45701   0.62962   0.04016
   0.45701   0.62962   0.04016
   0.45701   0.62962  -0.19984
   0.45701   0.62962   0.04016
   0.45701   0.62962   0.04016
   0.45701   0.62962   0.04016
   0.45701   0.62962   0.04016
   0.45701   0.62962   0.04016
   0.21701   0.62962   0.04016
   0.45701   0.62962   0.04016
   0.45701   0.86962   0.28016
   0.45701   0.62962   0.04016
   0.45701   0.62962   0.28016
   0.21701   0.62962   0.04016
   0.21701   0.62962   0.04016
   0.21701   0.62962   0.04016
   0.45701   0.62962   0.28016
   0.21701   0.62962   0.04016
   0.45701   0.62962   0.28016
   0.21701   0.38962   0.28016
   0.21701   0.38962   0.28016
   0.21701   0.38962   0.28016
   0.45701   0.38962   0.28016
   0.21701   0.38962   0.28016
   0.21701   0.38962   0.28016
   0.21701   0.14962   0.28016
   0.21701   0.14962   0.28016
   0.21701   0.14962   0.28016
   0.45701   0.14962   0.28016
   0.21701   0.14962   0.28016
   0.45701   0.14962   0.52016
   0.21701   0.14962   0.28016
   0.21701  -0.09038   0.52016
   0.21701   0.14962   0.52016
   0.45701   0.14962   0.52016
   0.21701   0.14962   0.52016
   0.21701   0.14962   0.52016
   0.21701   0.14962   0.52016
   0.21701   0.14962   0.52016
   0.21701   0.14962   0.52016
   0.45701   0.14962   0.52016
   0.45701   0.14962   0.52016
   0.45701   0.14962   0.52016
   0.45701   0.14962   0.52016
   0.45701   0.14962   0.52016
   0.45701   0.14962   0.52016
   0.45701   0.14962   0.52016
   0.45701   0.14962   0.52016
   0.69701   0.14962   0.52016
   0.45701   0.14962   0.52016
   0.69701   0.14962   0.52016
   0.69701   0.14962   0.52016
   0.69701   0.14962   0.76016
   0.69701   0.14962   0.52016
   0.69701   0.14962   0.76016
   0.69701   0.14962   0.52016
   0.69701   0.14962   0.76016
   0.69701   0.14962   0.76016
   0.69701   0.14962   0.76016
   0.69701   0.14962   0.76016
   0.69701   0.38962   0.76016
   0.69701   0.14962   0.52016
   0.69701   0.14962   0.76016
   0.69701   0.14962   0.76016
   0.69701   0.14962   0.76016
   0.69701   0.14962   0.76016
   0.69701   0.14962   0.76016
   0.69701   0.14962   0.76016
   0.69701   0.14962   0.76016
   0.69701   0.14962   0.76016
   0.69701   0.14962   0.76016
   0.69701   0.14962   0.76016
   0.69701   0.14962   0.76016
   0.45701   0.14962   0.52016
   0.45701   0.14962   0.52016
   0.45701   0.14962   0.52016
   0.45701   0.14962   0.52016
   0.45701   0.14962   0.52016
   0.45701   0.14962   0.52016
   0.45701  -0.09038   0.52016
   0.45701   0.14962   0.52016
   0.45701   0.14962   0.52016
   0.45701   0.14962   0.52016
   0.45701   0.14962   0.52016
   0.45701   0.14962   0.52016
   0.45701   0.14962   0.52016
   0.45701   0.14962   0.52016
   0.45701   0.14962   0.52016
   0.45701   0.14962   0.52016
   0.45701   0.14962   0.52016
   0.45701   0.14962   0.52016
   0.21701  -0.09038   0.52016
  -0.02299  -0.09038   0.52016
   0.21701  -0.09038   0.52016
   0.21701  -0.09038   0.52016
   0.21701  -0.09038   0.28016
   0.21701  -0.09038   0.52016
   0.21701  -0.33038   0.28016
   0.21701  -0.09038   0.28016
   0.21701  -0.09038   0.28016
   0.21701  -0.09038   0.28016
   0.21701  -0.09038   0.28016
   0.21701  -0.09038   0.28016
  -0.02299  -0.09038   0.28016
   0.21701  -0.09038   0.28016
  -0.02299  -0.33038   0.28016
  -0.02299  -0.33038   0.28016
  -0.02299  -0.33038   0.04016
  -0.02299  -0.33038   0.28016
  -0.02299  -0.33038   0.04016
  -0.02299  -0.33038   0.04016
  -0.02299  -0.33038   0.04016
  -0.02299  -0.33038   0.04016
  -0.02299  -0.33038   0.04016
  -0.02299  -0.33038   0.04016
  -0.02299  -0.33038   0.04016
  -0.02299  -0.33038   0.04016
  -0.02299  -0.33038   0.04016
   0.21701  -0.33038   0.04016
   0.21701  -0.33038   0.04016
  -0.02299  -0.33038   0.04016
  -0.02299  -0.33038   0.04016
  -0.02299  -0.33038   0.04016
   0.21701  -0.33038   0.04016
   0.21701  -0.33038   0.04016
   0.21701  -0.57038   0.04016
   0.21701  -0.33038   0.04016
   0.21701  -0.33038   0.04016
   0.21701  -0.33038   0.04016
   0.21701  -0.33038   0.04016
   0.21701  -0.33038   0.04016
   0.21701  -0.57038  -0.19984
   0.21701  -0.33038   0.04016
   0.21701  -0.33038   0.04016
   0.21701  -0.33038   0.04016
   0.21701  -0.57038   0.04016
   0.21701  -0.57038   0.04016
   0.21701  -0.57038  -0.19984
   0.21701  -0.57038  -0.19984
   0.21701  -0.57038  -0.19984
   0.21701  -0.57038   0.04016
   0.21701  -0.57038   0.04016
   0.45701  -0.57038   0.04016
   0.21701  -0.57038  -0.19984
   0.21701  -0.57038  -0.19984
   0.21701  -0.57038   0.04016
   0.21701  -0.57038   0.04016
   0.21701  -0.57038   0.04016
   0.21701  -0.57038   0.04016
   0.21701  -0.57038   0.04016
   0.21701  -0.57038   0.04016
   0.21701  -0.57038   0.04016
   0.21701  -0.57038   0.04016
   0.21701  -0.57038   0.04016
   0.21701  -0.33038   0.04016
   0.21701  -0.57038   0.04016
   0.21701  -0.57038   0.04016
   0.21701  -0.33038   0.28016
   0.21701  -0.33038   0.28016
   0.21701  -0.33038   0.28016
  -0.02299  -0.33038   0.28016
  -0.02299  -0.33038   0.28016
  -0.02299  -0.33038   0.28016
  -0.02299  -0.33038   0.28016
  -0.02299  -0.33038   0.28016
  -0.02299  -0.33038   0.28016
  -0.02299  -0.33038   0.28016
  -0.02299  -0.33038   0.04016
  -0.26299  -0.33038   0.04016
  -0.26299  -0.33038   0.28016
  -0.26299  -0.57038   0.28016
  -0.26299  -0.33038   0.04016
  -0.26299  -0.33038   0.28016
  -0.26299  -0.57038   0.04016
  -0.26299  -0.57038   0.04016
  -0.26299  -0.33038   0.28016
  -0.26299  -0.33038   0.28016
  -0.26299  -0.33038   0.04016
  -0.26299  -0.33038   0.28016
  -0.50299  -0.57038   0.04016
  -0.26299  -0.57038   0.04016
  -0.50299  -0.33038   0.04016
  -0.26299  -0.33038   0.04016
  -0.26299  -0.33038   0.04016
  -0.26299  -0.33038   0.04016
  -0.50299  -0.57038   0.04016
  -0.50299  -0.33038   0.04016
  -0.50299  -0.57038   0.04016
  -0.26299  -0.33038   0.04016
  -0.26299  -0.33038   0.04016
  -0.26299  -0.33038   0.04016
  -0.50299  -0.33038   0.04016
  -0.50299  -0.33038   0.04016
  -0.26299  -0.33038   0.04016
  -0.26299  -0.09038   0.04016
  -0.50299  -0.33038   0.04016
  -0.50299  -0.09038   0.04016
  -0.50299  -0.09038  -0.19984
  -0.50299  -0.09038   0.04016
  -0.26299  -0.09038   0.04016
  -0.26299  -0.09038   0.04016
  -0.26299  -0.09038  -0.19984
  -0.26299   0.14962   0.04016
  -0.50299  -0.09038  -0.19984
  -0.26299   0.14962  -0.19984
  -0.50299   0.14962  -0.19984
  -0.26299   0.14962  -0.19984
  -0.26299   0.14962  -0.19984
  -0.26299   0.14962  -0.19984
  -0.26299   0.14962  -0.19984
  -0.26299   0.14962  -0.19984
  -0.26299   0.14962  -0.19984
  -0.26299   0.38962  -0.19984
  -0.26299   0.38962  -0.19984
  -0.26299   0.38962  -0.19984
  -0.26299   0.38962  -0.43984
  -0.26299   0.38962  -0.43984
  -0.26299   0.38962  -0.19984
  -0.26299   0.38962  -0.19984
  -0.26299   0.38962  -0.19984
  -0.02299   0.38962  -0.19984
  -0.26299   0.38962  -0.43984
  -0.26299   0.38962  -0.43984
  -0.02299   0.38962  -0.43984
  -0.02299   0.38962  -0.19984
  -0.02299   0.38962  -0.19984
  -0.02299   0.38962  -0.19984
  -0.02299   0.38962  -0.19984
  -0.02299   0.38962  -0.19984
  -0.02299   0.38962  -0.19984
  -0.02299   0.38962  -0.19984
  -0.02299   0.38962  -0.19984
  -0.02299   0.38962  -0.19984
  -0.02299   0.38962  -0.19984
  -0.02299   0.38962  -0.19984
  -0.02299   0.38962  -0.19984
  -0.02299   0.38962  -0.19984
  -0.02299   0.38962  -0.19984
  -0.02299   0.38962  -0.19984
  -0.02299   0.14962  -0.19984
  -0.02299   0.14962  -0.19984
  -0.02299   0.14962  -0.19984
  -0.02299   0.14962  -0.19984
  -0.02299   0.14962  -0.19984
  -0.02299   0.14962   0.04016
  -0.02299   0.14962  -0.19984
  -0.02299   0.14962  -0.19984
  -0.02299   0.14962  -0.19984
  -0.02299   0.14962  -0.19984
  -0.02299   0.14962  -0.19984
  -0.02299   0.14962  -0.19984
  -0.26299  -0.09038  -0.19984
  -0.02299   0.14962  -0.19984
  -0.26299   0.14962  -0.19984
  -0.02299   0.14962  -0.19984
  -0.02299   0.14962  -0.19984
  -0.02299   0.14962   0.04016
  -0.26299   0.14962  -0.19984
  -0.02299   0.14962   0.04016
  -0.02299   0.14962   0.04016
  -0.02299   0.14962   0.04016
  -0.02299   0.14962   0.04016
  -0.02299   0.14962   0.04016
  -0.26299   0.14962   0.04016
  -0.26299   0.14962   0.04016
  -0.26299   0.14962   0.04016
  -0.02299   0.14962   0.04016
  -0.02299   0.14962   0.04016
  -0.26299   0.38962   0.04016
  -0.26299   0.14962   0.04016
  -0.02299   0.14962   0.04016
  -0.26299   0.38962   0.04016
  -0.26299   0.38962   0.04016
  -0.02299   0.38962   0.04016
  -0.02299   0.38962   0.04016
  -0.26299   0.38962   0.04016
  -0.02299   0.38962   0.04016
  -0.02299   0.38962   0.04016
  -0.02299   0.38962   0.04016
  -0.02299   0.38962  -0.19984
  -0.02299   0.38962   0.04016
  -0.02299   0.38962   0.04016
  -0.02299   0.38962   0.04016
  -0.02299   0.38962   0.04016
  -0.02299   0.38962   0.04016
  -0.02299   0.38962   0.04016
  -0.02299   0.38962   0.04016
  -0.02299   0.38962  -0.19984
  -0.02299   0.38962  -0.19984
  -0.02299   0.38962  -0.19984
  -0.02299   0.62962  -0.19984
  -0.02299   0.38962  -0.19984
  -0.02299   0.62962  -0.19984
  -0.02299   0.38962  -0.19984
  -0.02299   0.38962  -0.19984
  -0.02299   0.38962  -0.19984
  -0.02299   0.62962  -0.19984
  -0.02299   0.62962  -0.19984
  -0.02299   0.62962  -0.19984
  -0.02299   0.62962  -0.19984
  -0.02299   0.62962  -0.19984
  -0.26299   0.38962  -0.19984
  -0.26299   0.38962  -0.19984
  -0.26299   0.38962  -0.19984
  -0.26299   0.62962  -0.19984
  -0.26299   0.38962  -0.19984
  -0.26299   0.62962  -0.19984
  -0.26299   0.38962  -0.19984
  -0.26299   0.38962  -0.43984
  -0.26299   0.38962  -0.19984
  -0.26299   0.38962  -0.43984
  -0.26299   0.38962  -0.19984
  -0.50299   0.38962  -0.19984
  -0.50299   0.38962  -0.43984
  -0.26299   0.38962  -0.43984
  -0.26299   0.38962  -0.43984
  -0.50299   0.38962  -0.43984
  -0.26299   0.38962  -0.43984
  -0.26299   0.38962  -0.43984
  -0.50299   0.14962  -0.43984
  -0.50299   0.14962  -0.43984
  -0.50299   0.14962  -0.43984
  -0.50299  -0.09038  -0.43984
  -0.50299   0.14962  -0.43984
  -0.50299   0.14962  -0.43984
  -0.50299   0.14962  -0.43984
  -0.50299   0.14962  -0.43984
  -0.50299  -0.09038  -0.43984
  -0.50299   0.14962  -0.43984
  -0.50299   0.14962  -0.43984
  -0.50299   0.14962  -0.43984
  -0.50299  -0.09038  -0.43984
  -0.50299  -0.09038  -0.43984
  -0.50299  -0.09038  -0.43984
  -0.50299  -0.09038  -0.19984
  -0.50299  -0.09038  -0.43984
  -0.50299  -0.09038  -0.19984
  -0.50299  -0.09038  -0.43984
  -0.50299  -0.09038  -0.19984
  -0.50299  -0.09038  -0.19984
  -0.50299  -0.09038  -0.19984
  -0.50299  -0.33038  -0.43984
  -0.50299  -0.33038  -0.19984
  -0.50299  -0.57038  -0.43984
  -0.50299  -0.33038  -0.43984
  -0.50299  -0.33038  -0.43984
  -0.50299  -0.33038  -0.43984
  -0.50299  -0.33038  -0.43984
  -0.50299  -0.33038  -0.43984
  -0.50299  -0.57038  -0.43984
  -0.50299  -0.33038  -0.43984
  -0.50299  -0.33038  -0.43984
  -0.50299  -0.33038  -0.43984
  -0.50299  -0.33038  -0.43984
  -0.50299  -0.33038  -0.43984
  -0.50299  -0.33038  -0.43984
  -0.26299  -0.33038  -0.43984
  -0.26299  -0.33038  -0.43984
  -0.26299  -0.33038  -0.43984
  -0.26299  -0.33038  -0.43984
  -0.26299  -0.33038  -0.43984
  -0.26299  -0.33038  -0.43984
  -0.26299  -0.33038  -0.43984
  -0.26299  -0.09038  -0.43984
  -0.02299  -0.09038  -0.43984
  -0.02299  -0.09038  -0.43984
  -0.02299  -0.09038  -0.43984
  -0.02299  -0.09038  -0.43984
  -0.02299  -0.09038  -0.43984
  -0.02299  -0.09038  -0.43984
  -0.02299  -0.09038  -0.43984
  -0.02299  -0.09038  -0.43984
  -0.02299  -0.09038  -0.43984
  -0.02299  -0.09038  -0.67984
  -0.02299  -0.09038  -0.43984
   0.21701  -0.09038  -0.43984
   0.21701   0.14962  -0.43984
   0.21701   0.14962  -0.67984
   0.21701   0.14962  -0.43984
   0.45701   0.14962  -0.43984
   0.45701   0.14962  -0.43984
   0.45701  -0.09038  -0.43984
   0.45701  -0.09038  -0.43984
   0.45701  -0.09038  -0.43984
   0.45701  -0.09038  -0.43984
   0.45701  -0.09038  -0.43984
   0.45701   0.14962  -0.43984
   0.45701  -0.09038  -0.43984
   0.45701  -0.09038  -0.43984
   0.45701   0.14962  -0.43984
   0.69701   0.14962  -0.19984
   0.69701  -0.09038  -0.19984
   0.69701   0.14962  -0.19984
   0.69701  -0.09038  -0.19984
   0.69701  -0.09038  -0.19984
   0.69701  -0.09038  -0.19984
   0.69701  -0.09038   0.04016
   0.69701  -0.09038  -0.19984
   0.69701   0.14962   0.04016
   0.69701  -0.09038   0.04016
   0.69701  -0.09038   0.04016
   0.69701  -0.09038   0.04016
   0.69701  -0.09038   0.04016
   0.69701  -0.09038   0.04016
   0.69701  -0.09038   0.04016
   0.69701  -0.09038   0.04016
   0.69701  -0.09038   0.04016
   0.69701  -0.09038   0.04016
   0.69701  -0.09038   0.04016
   0.69701  -0.09038   0.04016
   0.69701  -0.09038   0.28016
   0.69701  -0.09038   0.04016
   0.69701  -0.09038   0.28016
   0.69701  -0.09038   0.28016
   0.69701  -0.09038   0.28016
   0.45701  -0.09038   0.28016
   0.45701  -0.09038   0.28016
   0.45701  -0.09038   0.28016
   0.45701  -0.09038   0.28016
   0.45701  -0.09038   0.28016
   0.45701  -0.09038   0.52016
   0.45701  -0.09038   0.52016
   0.45701  -0.09038   0.52016
   0.45701  -0.09038   0.28016
   0.45701  -0.09038   0.52016
   0.69701  -0.09038   0.52016
   0.45701  -0.09038   0.52016
   0.45701  -0.33038   0.52016
   0.45701  -0.09038   0.52016
   0.45701  -0.33038   0.52016
   0.45701  -0.33038   0.52016
   0.45701  -0.09038   0.52016
   0.45701  -0.09038   0.52016
   0.45701  -0.09038   0.52016
   0.45701  -0.09038   0.52016
   0.45701  -0.33038   0.52016
   0.45701  -0.33038   0.52016
   0.45701  -0.09038   0.76016
   0.45701  -0.09038   0.76016
   0.45701  -0.09038   0.76016
   0.45701  -0.09038   0.76016
   0.45701  -0.09038   0.52016
   0.45701  -0.09038   0.76016
   0.45701  -0.09038   0.76016
   0.45701   0.14962   0.76016
   0.45701  -0.09038   0.76016
   0.21701  -0.09038   0.76016
   0.21701  -0.09038   0.76016
   0.21701   0.14962   0.76016
   0.21701   0.14962   0.76016
   0.21701   0.14962   0.76016
   0.21701   0.14962   0.76016
   0.21701   0.14962   1.00016
   0.21701   0.14962   0.76016
   0.21701   0.14962   1.00016
   0.21701   0.14962   1.00016
   0.21701   0.14962   1.00016
   0.21701   0.14962   1.00016
   0.21701   0.14962   1.00016
  -0.02299   0.14962   0.76016
  -0.02299   0.14962   1.00016
  -0.02299   0.14962   1.00016
  -0.02299   0.14962   1.00016
  -0.02299   0.14962   1.00016
  -0.02299   0.14962   1.00016
  -0.02299   0.14962   1.00016
  -0.02299   0.14962   1.00016
  -0.02299   0.38962   1.00016
  -0.02299   0.38962   1.00016
  -0.02299   0.38962   1.00016
  -0.26299   0.38962   1.00016
  -0.26299   0.38962   1.00016
  -0.26299   0.38962   1.00016
  -0.26299   0.38962   1.00016
  -0.26299   0.38962   1.00016
  -0.26299   0.38962   1.00016
  -0.26299   0.38962   1.00016
  -0.26299   0.38962   1.00016
  -0.26299   0.38962   1.00016
  -0.26299   0.38962   1.00016
  -0.26299   0.38962   1.00016
  -0.26299   0.38962   1.00016
  -0.26299   0.38962   1.00016
  -0.26299   0.38962   1.00016
  -0.26299   0.38962   0.76016
  -0.50299   0.38962   0.76016
  -0.26299   0.38962   0.76016
  -0.50299   0.38962   0.76016
  -0.50299   0.62962   0.76016
  -0.50299   0.38962   0.76016
  -0.50299   0.38962   0.76016
  -0.50299   0.38962   0.76016
  -0.50299   0.62962   0.76016
  -0.26299   0.62962   0.76016
  -0.26299   0.62962   0.76016
  -0.50299   0.38962   0.76016
  -0.26299   0.38962   0.76016
  -0.50299   0.38962   0.76016
  -0.50299   0.62962   0.76016
  -0.26299   0.38962   0.76016
  -0.26299   0.62962   0.76016
  -0.26299   0.62962   0.76016
  -0.50299   0.38962   0.76016
  -0.26299   0.38962   0.52016
  -0.26299   0.38962   0.76016
  -0.26299   0.38962   0.52016
  -0.26299   0.38962   0.76016
  -0.26299   0.38962   0.52016
  -0.26299   0.14962   0.52016
  -0.26299   0.14962   0.52016
  -0.26299   0.14962   0.52016
  -0.26299   0.38962   0.52016
  -0.02299   0.38962   0.52016
  -0.02299   0.38962   0.52016
  -0.26299   0.38962   0.52016
  -0.26299   0.14962   0.28016
  -0.26299   0.14962   0.52016
  -0.02299   0.14962   0.28016
  -0.02299   0.14962   0.52016
  -0.02299   0.14962   0.28016
  -0.02299   0.14962   0.28016
  -0.02299   0.14962   0.28016
  -0.02299   0.14962   0.28016
  -0.02299   0.14962   0.28016
  -0.02299   0.14962   0.04016
  -0.02299  -0.09038   0.04016
  -0.02299   0.14962   0.04016
  -0.02299  -0.09038   0.04016
  -0.02299  -0.09038   0.04016
  -0.02299  -0.09038  -0.19984
  -0.02299  -0.09038  -0.19984
  -0.02299  -0.09038  -0.19984
  -0.02299  -0.09038  -0.19984
  -0.02299  -0.33038  -0.19984
  -0.02299  -0.33038  -0.19984
  -0.02299  -0.33038  -0.19984
   0.21701  -0.33038  -0.19984
  -0.02299  -0.33038  -0.19984
   0.21701  -0.33038  -0.43984
  -0.02299  -0.57038  -0.43984
  -0.02299  -0.57038  -0.43984
   0.21701  -0.57038  -0.43984
   0.21701  -0.57038  -0.43984
   0.21701  -0.57038  -0.67984
   0.21701  -0.57038  -0.67984
   0.21701  -0.57038  -0.67984
   0.21701  -0.57038  -0.67984
   0.21701  -0.57038  -0.67984
   0.21701  -0.57038  -0.67984
  -0.02299  -0.57038  -0.67984
   0.21701  -0.57038  -0.67984
  -0.02299  -0.57038  -0.91984
   0.21701  -0.57038  -0.91984
  -0.02299  -0.57038  -0.91984
  -0.02299  -0.57038  -0.91984
  -0.02299  -0.57038  -0.91984
  -0.02299  -0.57038  -0.91984
  -0.02299  -0.57038  -0.91984
  -0.26299  -0.57038  -0.91984
  -0.02299  -0.57038  -0.91984
  -0.02299  -0.33038  -0.91984
  -0.02299  -0.33038  -0.91984
  -0.02299  -0.33038  -0.91984
  -0.02299  -0.57038  -0.91984
  -0.02299  -0.33038  -0.91984
  -0.02299  -0.33038  -0.91984
  -0.02299  -0.33038  -0.91984
  -0.02299  -0.33038  -0.91984
  -0.02299  -0.33038  -0.91984
  -0.02299  -0.33038  -0.91984
  -0.02299  -0.33038  -0.91984
  -0.02299  -0.33038  -0.91984
  -0.02299  -0.33038  -0.91984
  -0.02299  -0.09038  -0.91984
  -0.02299  -0.09038  -0.67984
  -0.26299  -0.09038  -0.67984
  -0.02299  -0.09038  -0.67984
  -0.02299  -0.09038  -0.67984
  -0.02299  -0.09038  -0.67984
  -0.02299  -0.09038  -0.67984
  -0.02299  -0.09038  -0.67984
  -0.02299  -0.09038  -0.67984
  -0.02299  -0.09038  -0.91984
  -0.02299  -0.09038  -0.67984
  -0.02299   0.14962  -0.67984
  -0.02299  -0.09038  -0.67984
  -0.02299   0.14962  -0.67984
  -0.02299  -0.09038  -0.67984
  -0.02299  -0.09038  -0.67984
  -0.02299   0.14962  -0.67984
  -0.02299   0.14962  -0.67984
  -0.02299  -0.09038  -0.67984
  -0.02299  -0.09038  -0.67984
  -0.02299  -0.09038  -0.67984
  -0.02299  -0.09038  -0.67984
   0.21701   0.14962  -0.67984
   0.21701   0.14962  -0.67984
   0.21701  -0.09038  -0.67984
   0.21701  -0.09038  -0.67984
  -0.02299  -0.09038  -0.67984
   0.21701  -0.09038  -0.67984
   0.21701  -0.09038  -0.67984
   0.21701  -0.09038  -0.67984
   0.21701  -0.09038  -0.67984
   0.21701  -0.09038  -0.43984
   0.21701  -0.09038  -0.67984
   0.21701  -0.09038  -0.43984
   0.21701  -0.09038  -0.43984
   0.45701  -0.09038  -0.43984
   0.21701  -0.09038  -0.43984
   0.45701  -0.09038  -0.67984
   0.45701  -0.09038  -0.43984
   0.45701  -0.09038  -0.43984
   0.45701  -0.09038  -0.43984
   0.45701  -0.09038  -0.43984
   0.45701  -0.33038  -0.43984
   0.45701  -0.09038  -0.43984
   0.21701  -0.33038  -0.43984
   0.45701  -0.33038  -0.43984
   0.45701  -0.33038  -0.43984
   0.45701  -0.09038  -0.19984
   0.21701  -0.33038  -0.19984
   0.45701  -0.33038  -0.19984
   0.21701  -0.33038  -0.19984
   0.45701  -0.33038  -0.19984
   0.45701  -0.33038  -0.19984
   0.45701  -0.09038  -0.19984
   0.21701  -0.33038  -0.19984
   0.21701  -0.09038  -0.19984
   0.21701  -0.33038   0.04016
   0.21701  -0.33038   0.04016
   0.21701  -0.33038   0.04016
   0.45701  -0.33038   0.04016
   0.45701  -0.09038   0.04016
   0.45701  -0.09038   0.04016
   0.21701  -0.09038   0.04016
   0.45701  -0.09038   0.04016
   0.45701  -0.09038   0.04016
   0.21701  -0.09038   0.04016
   0.21701  -0.09038   0.28016
   0.21701  -0.09038   0.28016
   0.21701  -0.09038   0.28016
   0.21701  -0.09038   0.28016
   0.21701  -0.09038   0.28016
   0.21701  -0.09038   0.28016
   0.21701  -0.09038   0.28016
   0.21701   0.14962   0.28016
   0.21701   0.14962   0.28016
   0.21701   0.14962   0.28016
   0.21701   0.14962   0.28016
   0.21701   0.14962   0.28016
   0.21701   0.14962   0.28016
   0.21701   0.14962   0.52016
   0.21701   0.14962   0.52016
   0.21701   0.14962   0.52016
  -0.02299   0.14962   0.52016
  -0.02299   0.14962   0.52016
  -0.02299   0.38962   0.52016
  -0.02299   0.38962   0.52016
  -0.02299   0.38962   0.52016
  -0.02299   0.38962   0.52016
  -0.02299   0.14962   0.52016
  -0.02299   0.14962   0.52016
  -0.02299   0.38962   0.52016
  -0.02299   0.38962   0.52016
  -0.02299   0.38962   0.52016
  -0.02299   0.38962   0.52016
  -0.02299   0.14962   0.52016
  -0.02299   0.14962   0.52016
  -0.02299   0.14962   0.52016
  -0.02299   0.38962   0.52016
  -0.02299   0.38962   0.52016
  -0.02299   0.38962   0.52016
  -0.02299   0.14962   0.28016
  -0.02299   0.38962   0.52016
  -0.02299   0.38962   0.52016
  -0.02299   0.38962   0.52016
  -0.02299   0.62962   0.52016
  -0.02299   0.62962   0.52016
  -0.02299   0.38962   0.52016
  -0.02299   0.38962   0.52016
  -0.02299   0.38962   0.52016
   0.21701   0.62962   0.52016
  -0.02299   0.38962   0.52016
   0.21701   0.62962   0.52016
   0.21701   0.38962   0.28016
   0.21701   0.38962   0.28016
   0.21701   0.38962   0.28016
   0.21701   0.62962   0.52016
   0.21701   0.62962   0.52016
   0.45701   0.62962   0.52016
   0.21701   0.62962   0.28016
   0.45701   0.62962   0.52016
   0.21701   0.62962   0.28016
   0.21701   0.62962   0.28016
   0.45701   0.62962   0.28016
   0.45701   0.62962   0.28016
   0.45701   0.62962   0.28016
   0.45701   0.62962   0.28016
   0.45701   0.62962   0.28016
   0.45701   0.62962   0.28016
   0.45701   0.62962   0.28016
   0.69701   0.62962   0.28016
   0.45701   0.62962   0.28016
   0.69701   0.62962   0.28016
   0.45701   0.62962   0.28016
   0.45701   0.38962   0.28016
   0.45701   0.62962   0.28016
   0.45701   0.62962   0.28016
   0.69701   0.38962   0.04016
   0.69701   0.38962   0.04016
   0.69701   0.38962   0.04016
   0.69701   0.38962   0.04016
   0.45701   0.38962   0.04016
   0.69701   0.38962   0.04016
   0.69701   0.38962   0.04016
   0.69701   0.38962   0.04016
   0.69701   0.14962  -0.19984
   0.69701   0.14962  -0.19984
   0.69701   0.14962  -0.19984
   0.69701   0.14962  -0.19984
   0.69701   0.14962  -0.19984
   0.69701   0.14962  -0.19984
   0.69701   0.14962  -0.19984
   0.45701   0.14962  -0.43984
   0.45701   0.14962  -0.43984
   0.69701   0.14962  -0.43984
   0.69701   0.14962  -0.43984
   0.69701   0.14962  -0.43984
   0.45701  -0.09038  -0.43984
   0.69701  -0.09038  -0.43984
   0.45701  -0.09038  -0.43984
   0.69701   0.14962  -0.43984
   0.69701  -0.09038  -0.43984
   0.69701  -0.09038  -0.43984
   0.69701  -0.09038  -0.43984
   0.45701  -0.09038  -0.43984
   0.69701  -0.09038  -0.43984
   0.69701  -0.09038  -0.43984
   0.69701  -0.09038  -0.43984
   0.69701  -0.09038  -0.43984
   0.69701  -0.33038  -0.43984
   0.69701  -0.09038  -0.43984
   0.69701  -0.09038  -0.43984
   0.69701  -0.09038  -0.43984
   0.45701  -0.09038  -0.43984
   0.69701  -0.09038  -0.43984
   0.45701  -0.33038  -0.43984
   0.45701  -0.33038  -0.43984
   0.45701  -0.33038  -0.43984
   0.45701  -0.09038  -0.43984
   0.45701  -0.33038  -0.43984
   0.45701  -0.33038  -0.43984
   0.21701  -0.33038  -0.43984
   0.21701  -0.33038  -0.43984
   0.21701  -0.33038  -0.43984
   0.21701  -0.33038  -0.19984
   0.21701  -0.33038  -0.43984
   0.21701  -0.33038  -0.43984
  -0.02299  -0.33038  -0.43984
   0.21701  -0.33038  -0.19984
  -0.02299  -0.33038  -0.19984
  -0.02299  -0.33038  -0.19984
  -0.02299  -0.33038  -0.19984
  -0.02299  -0.33038  -0.19984
  -0.02299  -0.57038  -0.43984
  -0.02299  -0.33038  -0.19984
  -0.02299  -0.33038  -0.19984
  -0.02299  -0.33038  -0.19984
  -0.26299  -0.33038  -0.19984
  -0.26299  -0.33038  -0.19984
  -0.26299  -0.57038  -0.19984
  -0.26299  -0.57038  -0.19984
  -0.26299  -0.57038  -0.19984
  -0.26299  -0.57038  -0.19984
  -0.26299  -0.57038  -0.19984
  -0.26299  -0.57038   0.04016
  -0.26299  -0.57038  -0.19984
  -0.26299  -0.57038   0.04016
  -0.50299  -0.57038   0.04016
  -0.50299  -0.57038   0.04016
  -0.50299  -0.57038   0.04016
  -0.50299  -0.57038   0.04016
  -0.50299  -0.57038   0.04016
  -0.50299  -0.57038   0.04016
  -0.50299  -0.57038   0.04016
  -0.50299  -0.57038   0.04016
  -0.50299  -0.57038   0.04016
  -0.50299  -0.57038   0.04016
  -0.50299  -0.57038   0.04016
  -0.50299  -0.57038   0.28016
  -0.50299  -0.57038   0.28016
  -0.50299  -0.57038   0.28016
  -0.50299  -0.57038   0.28016
  -0.50299  -0.57038   0.28016
  -0.74299  -0.81038   0.04016
  -0.74299  -0.81038   0.04016
  -0.74299  -0.81038   0.28016
  -0.74299  -0.81038   0.04016
  -0.74299  -0.81038   0.04016
  -0.74299  -0.81038   0.28016
  -0.74299  -0.81038   0.04016
  -0.74299  -0.81038   0.28016
  -0.74299  -0.81038   0.28016
  -0.74299  -0.81038   0.28016
  -0.74299  -0.81038   0.28016
  -0.74299  -0.81038   0.28016
  -0.74299  -0.81038   0.28016
  -0.74299  -0.81038   0.28016
  -0.98299  -0.81038   0.28016
  -0.74299  -0.81038   0.04016
  -0.98299  -0.81038   0.28016
  -0.98299  -0.57038   0.28016
  -0.98299  -0.81038   0.28016
  -0.98299  -0.57038   0.28016
  -0.98299  -0.57038   0.28016
  -0.98299  -0.57038   0.28016
  -0.98299  -0.57038   0.28016
  -0.98299  -0.33038   0.28016
  -0.98299  -0.33038   0.28016
  -0.98299  -0.33038   0.28016
  -0.98299  -0.33038   0.28016
  -0.98299  -0.33038   0.28016
  -0.98299  -0.33038   0.28016
  -0.98299  -0.33038   0.28016
  -0.98299  -0.09038   0.28016
  -0.98299  -0.09038   0.28016
  -0.98299  -0.09038   0.28016
  -0.98299   0.14962   0.28016
  -0.98299   0.14962   0.28016
  -0.98299   0.14962   0.52016
  -0.98299   0.14962   0.28016
  -0.98299   0.14962   0.52016
  -0.98299   0.14962   0.52016
  -0.98299   0.38962   0.52016
  -0.98299   0.38962   0.52016
  -0.74299   0.38962   0.52016
  -0.98299   0.38962   0.52016
  -0.98299   0.38962   0.52016
  -0.74299   0.38962   0.52016
  -0.74299   0.62962   0.52016
  -0.74299   0.62962   0.52016
  -0.74299   0.62962   0.52016
  -0.74299   0.62962   0.52016
  -0.74299   0.62962   0.52016
  -0.50299   0.86962   0.52016
  -0.50299   0.86962   0.52016
  -0.50299   0.86962   0.52016
  -0.50299   0.86962   0.52016
  -0.50299   0.86962   0.52016
  -0.74299   0.86962   0.52016
  -0.50299   0.86962   0.52016
  -0.50299   1.10962   0.52016
  -0.50299   1.10962   0.52016
  -0.50299   1.10962   0.52016
  -0.50299   0.86962   0.52016
  -0.50299   1.10962   0.52016
  -0.50299   1.10962   0.52016
  -0.50299   1.10962   0.52016
  -0.50299   1.10962   0.52016
  -0.26299   1.10962   0.52016
  -0.26299   1.10962   0.28016
  -0.26299   1.10962   0.28016
  -0.26299   1.10962   0.28016
  -0.26299   1.10962   0.28016
  -0.26299   1.10962   0.52016
  -0.02299   1.10962   0.52016
  -0.26299   1.10962   0.28016
  -0.02299   1.10962   0.52016
  -0.26299   1.10962   0.28016
  -0.02299   1.10962   0.52016
  -0.02299   1.10962   0.52016
  -0.02299   1.10962   0.52016
  -0.02299   1.10962   0.52016
  -0.02299   1.10962   0.52016
  -0.02299   1.10962   0.52016
  -0.02299   1.10962   0.52016
  -0.02299   1.10962   0.28016
  -0.02299   1.10962   0.52016
  -0.02299   1.10962   0.52016
  -0.02299   1.10962   0.52016
  -0.02299   1.10962   0.28016
  -0.02299   1.10962   0.52016
  -0.02299   1.34962   0.52016
  -0.02299   1.10962   0.52016
  -0.02299   1.10962   0.52016
  -0.02299   1.10962   0.52016
  -0.02299   1.10962   0.52016
  -0.02299   1.10962   0.52016
  -0.02299   1.10962   0.52016
  -0.02299   1.10962   0.52016
  -0.02299   1.10962   0.52016
  -0.26299   1.10962   0.52016
  -0.26299   1.10962   0.28016
  -0.26299   1.10962   0.52016
  -0.26299   1.10962   0.28016
  -0.26299   0.86962   0.28016
  -0.26299   0.86962   0.28016
  -0.02299   1.10962   0.28016
  -0.26299   0.86962   0.28016
  -0.26299   0.86962   0.28016
  -0.26299   0.86962   0.28016
  -0.26299   0.86962   0.28016
  -0.26299   0.86962   0.28016
  -0.26299   0.86962   0.28016
  -0.26299   0.62962   0.28016
  -0.26299   0.62962   0.04016
  -0.26299   0.62962   0.04016
  -0.26299   0.62962   0.04016
  -0.26299   0.62962   0.04016
  -0.26299   0.62962   0.04016
  -0.26299   0.38962   0.04016
  -0.26299   0.38962   0.04016
  -0.26299   0.38962   0.04016
  -0.26299   0.38962   0.04016
  -0.26299   0.38962  -0.19984
  -0.26299   0.14962   0.04016
  -0.26299   0.14962   0.04016
  -0.26299   0.14962  -0.19984
  -0.26299   0.14962  -0.19984
  -0.02299   0.14962  -0.19984
  -0.26299   0.14962  -0.19984
  -0.02299   0.14962  -0.19984
  -0.02299  -0.09038  -0.19984
  -0.02299  -0.09038  -0.19984
  -0.02299  -0.09038  -0.19984
  -0.02299  -0.09038  -0.19984
  -0.02299  -0.09038  -0.19984
  -0.02299  -0.09038  -0.19984
  -0.02299  -0.33038  -0.19984
   0.21701  -0.33038  -0.19984
  -0.02299  -0.33038  -0.43984
  -0.02299  -0.33038  -0.19984
   0.21701  -0.33038  -0.19984
   0.21701  -0.33038  -0.43984
   0.21701  -0.33038  -0.43984
   0.21701  -0.57038  -0.43984
   0.21701  -0.57038  -0.43984
   0.21701  -0.57038  -0.43984
   0.21701  -0.57038  -0.43984
   0.21701  -0.57038  -0.43984
   0.21701  -0.57038  -0.43984
   0.45701  -0.57038  -0.43984
   0.21701  -0.81038  -0.43984
   0.45701  -0.81038  -0.43984
   0.45701  -0.81038  -0.43984
   0.45701  -0.81038  -0.43984
   0.45701  -0.81038  -0.43984
   0.45701  -0.81038  -0.43984
   0.45701  -1.05038  -0.43984
   0.45701  -0.81038  -0.43984
   0.45701  -0.81038  -0.43984
   0.45701  -0.81038  -0.43984
   0.45701  -0.81038  -0.43984
   0.45701  -0.81038  -0.43984
   0.45701  -1.05038  -0.43984
   0.45701  -1.05038  -0.43984
   0.45701  -0.81038  -0.43984
   0.45701  -1.05038  -0.43984
   0.45701  -1.05038  -0.43984
   0.45701  -0.81038  -0.43984
   0.45701  -1.05038  -0.43984
   0.45701  -1.05038  -0.43984
   0.45701  -1.05038  -0.43984
   0.45701  -1.05038  -0.43984
   0.45701  -1.05038  -0.43984
   0.69701  -0.81038  -0.43984
   0.45701  -1.05038  -0.43984
   0.45701  -1.05038  -0.43984
   0.45701  -1.05038  -0.43984
   0.45701  -1.05038  -0.43984
   0.45701  -1.05038  -0.43984
   0.45701  -1.05038  -0.43984
   0.45701  -1.05038  -0.43984
   0.45701  -1.05038  -0.43984
   0.45701  -1.05038  -0.43984
   0.45701  -1.05038  -0.19984
   0.45701  -1.05038  -0.43984
   0.45701  -1.05038  -0.43984
   0.45701  -1.29038  -0.43984
   0.45701  -1.05038  -0.19984
   0.45701  -1.05038  -0.43984
   0.45701  -1.05038  -0.19984
   0.45701  -1.05038  -0.19984
   0.21701  -1.29038  -0.43984
   0.21701  -1.29038  -0.43984
   0.21701  -1.29038  -0.19984
   0.21701  -1.05038  -0.19984
   0.21701  -1.05038  -0.19984
   0.21701  -1.29038  -0.19984
   0.21701  -1.05038  -0.19984
   0.21701  -1.29038  -0.43984
   0.21701  -1.29038  -0.19984
   0.21701  -1.29038  -0.19984
   0.21701  -1.05038  -0.19984
   0.21701  -1.05038  -0.19984
   0.21701  -1.05038  -0.19984
   0.21701  -1.05038  -0.19984
   0.21701  -1.05038  -0.19984
   0.21701  -1.05038  -0.19984
   0.21701  -1.05038  -0.19984
   0.21701  -1.05038  -0.19984
   0.21701  -1.05038  -0.19984
   0.21701  -1.05038  -0.19984
   0.21701  -1.05038  -0.19984
   0.21701  -0.81038  -0.19984
   0.21701  -0.81038   0.04016
   0.21701  -0.81038   0.04016
   0.21701  -0.81038   0.04016
  -0.02299  -0.81038   0.04016
  -0.02299  -0.81038   0.04016
   0.21701  -0.81038   0.04016
   0.21701  -0.57038   0.04016
   0.21701  -0.57038   0.04016
   0.21701  -0.57038   0.04016
  -0.02299  -0.57038   0.04016
  -0.02299  -0.57038   0.04016
  -0.02299  -0.33038   0.04016
  -0.02299  -0.33038   0.04016
  -0.02299  -0.33038   0.04016
   0.21701  -0.09038   0.28016
  -0.02299  -0.33038   0.04016
  -0.02299  -0.09038   0.04016
  -0.02299  -0.09038   0.04016
  -0.02299  -0.09038   0.28016
  -0.02299  -0.09038   0.04016
  -0.02299  -0.09038   0.28016
  -0.02299  -0.09038   0.04016
  -0.02299  -0.09038   0.04016
  -0.02299   0.14962   0.28016
  -0.02299   0.14962   0.28016
  -0.02299   0.14962   0.28016
  -0.02299   0.14962   0.28016
  -0.02299   0.14962   0.28016
  -0.02299   0.14962   0.28016
  -0.02299   0.38962   0.28016
  -0.02299   0.38962   0.28016
  -0.02299   0.38962   0.28016
  -0.02299   0.38962   0.28016
  -0.02299   0.38962   0.28016
  -0.02299   0.38962   0.28016
  -0.02299   0.38962   0.28016
  -0.02299   0.62962   0.28016
   0.21701   0.38962   0.28016
   0.21701   0.62962   0.28016
  -0.02299   0.38962   0.28016
   0.21701   0.62962   0.28016
   0.21701   0.62962   0.28016
   0.21701   0.62962   0.28016
   0.21701   0.62962   0.28016
   0.21701   0.62962   0.28016
   0.21701   0.62962   0.04016
   0.21701   0.62962   0.04016
   0.21701   0.62962   0.28016
   0.21701   0.86962   0.28016
   0.21701   0.62962   0.28016
   0.21701   0.62962   0.28016
   0.21701   0.62962   0.28016
  -0.02299   0.62962   0.28016
   0.21701   0.62962   0.28016
   0.21701   0.86962   0.28016
   0.21701   0.86962   0.28016
   0.21701   0.86962   0.28016
  -0.02299   0.86962   0.28016
  -0.02299   0.86962   0.28016
  -0.02299   0.86962   0.28016
   0.21701   0.86962   0.28016
  -0.02299   0.86962   0.28016
  -0.02299   0.86962   0.28016
  -0.02299   0.86962   0.28016
  -0.02299   1.10962   0.28016
  -0.02299   1.10962   0.28016
  -0.02299   1.10962   0.28016
  -0.02299   1.10962   0.52016
  -0.02299   1.10962   0.52016
  -0.02299   0.86962   0.28016
  -0.02299   1.10962   0.52016
  -0.02299   0.86962   0.28016
   0.21701   1.10962   0.52016
   0.21701   1.10962   0.52016
   0.21701   1.10962   0.52016
   0.21701   1.10962   0.28016
  -0.02299   1.10962   0.28016
  -0.02299   0.86962   0.28016
  -0.02299   0.86962   0.28016
  -0.02299   0.86962   0.28016
  -0.02299   0.86962   0.28016
  -0.02299   0.86962   0.28016
  -0.02299   0.86962   0.28016
  -0.02299   0.86962   0.28016
  -0.02299   0.86962   0.28016
  -0.02299   0.86962   0.28016
  -0.02299   0.86962   0.28016
  -0.02299   0.86962   0.28016
  -0.02299   0.86962   0.28016
  -0.02299   0.86962   0.04016
  -0.02299   0.62962   0.04016
  -0.02299   0.86962   0.04016
  -0.02299   0.86962   0.28016
  -0.02299   0.86962   0.04016
  -0.02299   0.86962   0.04016
  -0.02299   0.62962   0.04016
  -0.02299   0.62962   0.04016
  -0.02299   0.62962   0.04016
   0.21701   0.62962   0.04016
  -0.02299   0.62962   0.04016
   0.21701   0.62962   0.04016
  -0.02299   0.62962   0.04016
   0.21701   0.38962   0.04016
   0.21701   0.62962   0.04016
   0.21701   0.62962   0.04016
   0.21701   0.38962   0.04016
   0.21701   0.38962   0.04016
   0.21701   0.14962   0.04016
   0.21701   0.38962   0.04016
   0.21701   0.38962   0.04016
   0.21701   0.38962   0.04016
   0.21701   0.38962   0.04016
   0.21701   0.38962   0.04016
   0.21701   0.14962   0.04016
   0.21701   0.38962   0.04016
   0.21701   0.38962  -0.19984
   0.21701   0.38962   0.04016
   0.21701   0.14962  -0.19984
   0.21701   0.14962   0.04016
   0.21701   0.14962  -0.19984
   0.21701   0.14962  -0.19984
   0.21701   0.14962  -0.19984
   0.21701   0.14962  -0.19984
   0.45701   0.14962  -0.19984
   0.45701   0.14962  -0.19984
   0.21701   0.14962  -0.19984
   0.21701   0.14962  -0.19984
   0.45701   0.14962  -0.19984
   0.45701   0.14962  -0.19984
   0.45701   0.14962  -0.19984
   0.21701   0.14962  -0.19984
   0.21701   0.14962  -0.19984
   0.45701   0.14962  -0.19984
   0.45701   0.14962  -0.19984
   0.21701  -0.09038  -0.19984
   0.45701   0.14962  -0.19984
   0.45701  -0.09038  -0.19984
   0.45701  -0.09038  -0.19984
   0.45701  -0.09038  -0.19984
   0.21701  -0.09038  -0.43984
   0.45701  -0.09038  -0.43984
   0.21701  -0.09038  -0.19984
   0.45701  -0.09038  -0.19984
   0.45701  -0.09038  -0.19984
   0.45701  -0.09038  -0.19984
   0.45701  -0.33038  -0.19984
   0.45701  -0.33038  -0.19984
   0.45701  -0.33038  -0.19984
   0.45701  -0.33038  -0.19984
   0.45701  -0.33038  -0.19984
   0.45701  -0.33038  -0.19984
   0.21701  -0.57038  -0.19984
   0.45701  -0.57038  -0.19984
   0.45701  -0.57038  -0.19984
   0.45701  -0.33038  -0.19984
   0.45701  -0.57038  -0.19984
   0.45701  -0.57038  -0.19984
   0.45701  -0.57038  -0.19984
   0.45701  -0.57038  -0.19984
   0.21701  -0.57038  -0.19984
   0.45701  -0.57038  -0.19984
   0.21701  -0.57038  -0.19984
   0.21701  -0.57038  -0.19984
   0.21701  -0.81038  -0.19984
   0.21701  -0.81038  -0.19984
   0.21701  -0.81038  -0.19984
   0.21701  -0.57038  -0.19984
   0.21701  -0.81038  -0.19984
   0.21701  -0.57038  -0.19984
   0.21701  -0.81038  -0.19984
   0.21701  -0.57038  -0.19984
   0.21701  -0.57038  -0.19984
   0.21701  -0.57038  -0.19984
   0.21701  -0.57038  -0.19984
   0.21701  -0.57038  -0.19984
  -0.02299  -0.57038  -0.19984
  -0.02299  -0.57038  -0.19984
  -0.02299  -0.57038  -0.19984
  -0.02299  -0.57038   0.04016
  -0.02299  -0.57038   0.04016
  -0.26299  -0.57038   0.04016
  -0.02299  -0.57038  -0.19984
  -0.26299  -0.57038   0.04016
  -0.02299  -0.33038   0.04016
  -0.26299  -0.57038   0.04016
  -0.02299  -0.57038   0.04016
  -0.26299  -0.57038   0.04016
  -0.26299  -0.57038   0.04016
  -0.26299  -0.57038   0.04016
  -0.26299  -0.33038   0.04016
  -0.26299  -0.33038   0.04016
  -0.26299  -0.33038   0.04016
  -0.26299  -0.33038   0.04016
  -0.26299  -0.33038   0.04016
  -0.26299  -0.33038   0.04016
  -0.26299  -0.33038   0.04016
  -0.26299  -0.33038   0.04016
  -0.26299  -0.33038   0.04016
  -0.26299  -0.33038   0.04016
  -0.50299  -0.33038   0.04016
  -0.26299  -0.33038   0.04016
  -0.26299  -0.33038   0.04016
  -0.50299  -0.33038   0.04016
  -0.26299  -0.33038   0.04016
  -0.26299  -0.33038   0.04016
  -0.50299  -0.33038   0.04016
  -0.50299  -0.33038   0.04016
  -0.50299  -0.33038   0.04016
  -0.50299  -0.09038   0.04016
  -0.50299  -0.09038   0.04016
  -0.50299  -0.09038   0.04016
  -0.50299  -0.33038   0.04016
  -0.50299  -0.33038   0.04016
  -0.50299  -0.09038   0.04016
  -0.26299  -0.09038   0.04016
  -0.50299  -0.09038   0.04016
  -0.50299  -0.09038   0.04016
  -0.50299  -0.09038   0.04016
  -0.50299  -0.09038   0.04016
  -0.50299  -0.09038   0.04016
  -0.26299   0.14962   0.04016
  -0.50299  -0.09038   0.04016
  -0.50299  -0.09038   0.04016
  -0.50299  -0.09038   0.04016
  -0.50299  -0.09038   0.04016
  -0.26299  -0.09038   0.04016
  -0.26299   0.14962   0.04016
  -0.26299   0.14962   0.04016
  -0.50299   0.14962   0.04016
  -0.26299   0.14962   0.04016
  -0.26299   0.14962   0.04016
  -0.26299   0.14962   0.04016
  -0.26299   0.14962   0.04016
  -0.50299   0.14962   0.04016
  -0.26299   0.14962   0.04016
  -0.26299   0.14962  -0.19984
  -0.26299   0.14962   0.04016
  -0.26299   0.14962   0.04016
  -0.26299   0.38962   0.04016
  -0.26299   0.38962   0.04016
  -0.26299   0.38962   0.04016
  -0.50299   0.14962  -0.19984
  -0.26299   0.38962   0.04016
  -0.26299   0.38962  -0.19984
  -0.26299   0.38962   0.04016
  -0.26299   0.38962   0.04016
  -0.26299   0.38962  -0.19984
  -0.50299   0.38962  -0.19984
  -0.26299   0.38962  -0.19984
  -0.26299   0.38962  -0.19984
  -0.26299   0.62962  -0.19984
  -0.26299   0.38962  -0.19984
  -0.26299   0.62962  -0.19984
  -0.26299   0.38962  -0.19984
  -0.26299   0.38962  -0.19984
  -0.26299   0.62962  -0.19984
  -0.02299   0.62962  -0.19984
  -0.02299   0.62962  -0.19984
  -0.02299   0.62962  -0.19984
  -0.26299   0.38962  -0.19984
  -0.02299   0.62962  -0.19984
  -0.02299   0.62962  -0.19984
  -0.02299   0.62962  -0.19984
  -0.02299   0.62962  -0.19984
  -0.02299   0.62962  -0.19984
  -0.26299   0.38962  -0.19984
  -0.02299   0.62962  -0.19984
  -0.02299   0.38962  -0.19984
  -0.02299   0.62962  -0.19984
  -0.02299   0.62962  -0.19984
  -0.02299   0.62962  -0.19984
  -0.02299   0.38962  -0.19984
   0.21701   0.62962  -0.19984
  -0.02299   0.62962  -0.19984
  -0.02299   0.62962  -0.19984
   0.21701   0.38962  -0.19984
   0.21701   0.62962  -0.19984
   0.21701   0.62962  -0.19984
   0.21701   0.38962   0.04016
   0.21701   0.38962  -0.19984
   0.21701   0.38962   0.04016
   0.21701   0.38962  -0.43984
   0.21701   0.62962   0.04016
   0.21701   0.38962   0.04016
   0.21701   0.38962   0.04016
   0.21701   0.38962   0.04016
   0.21701   0.38962   0.04016
   0.21701   0.38962   0.04016
   0.21701   0.38962   0.04016
   0.21701   0.38962   0.04016
   0.21701   0.38962   0.04016
   0.21701   0.14962   0.04016
   0.21701   0.14962   0.04016
   0.21701   0.14962   0.04016
   0.21701   0.14962   0.28016
   0.21701   0.14962   0.04016
   0.21701   0.14962   0.04016
   0.21701   0.14962   0.04016
   0.21701   0.14962   0.28016
   0.21701   0.14962   0.04016
   0.45701   0.14962   0.28016
   0.21701   0.14962   0.28016
   0.21701   0.14962   0.04016
   0.21701  -0.09038   0.04016
   0.21701   0.14962   0.28016
   0.21701  -0.09038   0.28016
   0.21701   0.14962   0.04016
   0.21701  -0.09038   0.28016
   0.21701  -0.09038   0.28016
   0.21701  -0.09038   0.04016
   0.45701  -0.09038   0.28016
   0.45701  -0.09038   0.28016
   0.45701  -0.09038   0.28016
   0.45701  -0.09038   0.28016
   0.21701  -0.09038   0.28016
   0.21701  -0.09038   0.04016
   0.21701  -0.33038   0.04016
   0.21701  -0.09038   0.04016
   0.45701  -0.09038   0.28016
   0.21701  -0.09038   0.04016
   0.21701  -0.09038   0.28016
   0.21701  -0.33038   0.04016
   0.21701  -0.33038   0.04016
   0.21701  -0.33038   0.04016
   0.21701  -0.33038   0.28016
   0.21701  -0.33038   0.28016
   0.21701  -0.33038   0.04016
   0.21701  -0.57038   0.04016
   0.21701  -0.33038   0.04016
   0.21701  -0.33038   0.04016
   0.21701  -0.33038   0.28016
   0.21701  -0.57038   0.04016
   0.21701  -0.33038   0.28016
   0.21701  -0.57038   0.04016
   0.21701  -0.57038   0.04016
   0.21701  -0.57038   0.04016
   0.21701  -0.57038   0.04016
   0.21701  -0.57038   0.04016
   0.21701  -0.57038   0.04016
   0.21701  -0.81038   0.04016
   0.21701  -0.81038   0.04016
   0.21701  -0.57038   0.04016
   0.21701  -0.81038   0.04016
   0.21701  -0.57038   0.04016
  -0.02299  -0.81038   0.04016
  -0.02299  -0.81038  -0.19984
  -0.02299  -0.81038   0.04016
  -0.02299  -0.81038   0.04016
  -0.02299  -0.57038   0.04016
  -0.02299  -0.81038   0.04016
  -0.02299  -0.81038   0.04016
  -0.02299  -0.81038   0.04016
  -0.02299  -0.81038  -0.19984
  -0.02299  -0.81038   0.04016
  -0.02299  -0.81038  -0.19984
  -0.02299  -0.81038   0.04016
  -0.02299  -0.81038  -0.19984
  -0.02299  -0.81038  -0.19984
  -0.02299  -0.57038   0.04016
  -0.02299  -0.57038  -0.19984
  -0.02299  -0.57038   0.04016
  -0.02299  -0.57038   0.04016
  -0.02299  -0.57038   0.04016
  -0.26299  -0.57038  -0.19984
  -0.02299  -0.57038  -0.19984
  -0.02299  -0.57038  -0.19984
  -0.02299  -0.33038   0.04016
  -0.02299  -0.33038   0.04016
  -0.26299  -0.33038   0.04016
  -0.26299  -0.57038  -0.19984
  -0.26299  -0.33038   0.04016
  -0.26299  -0.33038   0.04016
  -0.02299  -0.33038   0.04016
  -0.26299  -0.33038   0.04016
  -0.26299  -0.33038  -0.19984
  -0.26299  -0.33038  -0.19984
  -0.26299  -0.33038  -0.19984
  -0.26299  -0.33038  -0.19984
  -0.26299  -0.09038  -0.19984
  -0.26299  -0.09038  -0.19984
  -0.26299  -0.09038  -0.19984
  -0.26299  -0.09038  -0.19984
  -0.26299  -0.09038  -0.19984
  -0.26299  -0.09038   0.04016
  -0.26299   0.14962  -0.19984
  -0.26299   0.14962  -0.19984
  -0.26299   0.14962   0.04016
  -0.26299   0.14962  -0.19984
  -0.26299   0.14962  -0.19984
  -0.26299   0.14962   0.04016
  -0.26299   0.14962  -0.19984
  -0.26299   0.14962  -0.19984
  -0.26299   0.14962   0.04016
  -0.26299   0.38962  -0.19984
  -0.26299   0.38962   0.04016
  -0.26299   0.38962   0.04016
  -0.26299   0.38962   0.04016
  -0.26299   0.38962   0.04016
  -0.26299   0.62962   0.04016
  -0.26299   0.62962   0.04016
  -0.26299   0.62962   0.04016
  -0.26299   0.62962   0.04016
  -0.02299   0.62962   0.04016
  -0.26299   0.62962   0.04016
  -0.26299   0.62962   0.04016
  -0.02299   0.62962   0.04016
  -0.02299   0.62962   0.04016
  -0.26299   0.62962   0.04016
  -0.02299   0.62962   0.04016
  -0.02299   0.62962   0.04016
  -0.02299   0.86962   0.04016
  -0.02299   0.62962   0.04016
  -0.02299   0.86962   0.28016
  -0.02299   0.62962   0.04016
  -0.02299   0.62962   0.04016
  -0.26299   0.62962   0.04016
  -0.02299   0.86962   0.04016
  -0.02299   0.62962   0.04016
  -0.02299   0.86962   0.04016
  -0.02299   0.62962   0.04016
  -0.02299   0.62962   0.04016
  -0.02299   0.86962   0.04016
  -0.02299   0.86962   0.04016
  -0.26299   0.86962   0.28016
  -0.02299   0.86962   0.28016
  -0.26299   0.62962   0.04016
  -0.02299   0.62962   0.28016
  -0.02299   0.62962   0.04016
  -0.02299   0.62962   0.28016
  -0.02299   0.62962   0.04016
  -0.02299   0.62962   0.28016
  -0.26299   0.62962   0.28016
  -0.26299   0.62962   0.04016
  -0.26299   0.62962   0.28016
  -0.02299   0.62962   0.28016
  -0.02299   0.38962   0.28016
  -0.26299   0.38962   0.28016
  -0.26299   0.38962   0.04016
  -0.26299   0.38962   0.04016
  -0.26299   0.38962   0.04016
  -0.26299   0.38962   0.28016
  -0.26299   0.38962   0.04016
  -0.02299   0.38962   0.04016
  -0.26299   0.38962   0.04016
  -0.26299   0.38962   0.04016
  -0.26299   0.38962   0.04016
  -0.02299   0.38962   0.28016
  -0.26299   0.38962   0.04016
  -0.02299   0.38962   0.04016
  -0.26299   0.14962   0.04016
  -0.26299   0.14962   0.04016
  -0.26299   0.14962   0.04016
  -0.02299   0.14962   0.28016
  -0.26299   0.14962   0.04016
  -0.26299   0.14962   0.04016
  -0.26299  -0.09038   0.04016
  -0.26299   0.14962   0.28016
  -0.26299  -0.09038   0.04016
  -0.02299   0.14962   0.28016
  -0.26299  -0.09038   0.04016
  -0.26299  -0.09038   0.04016
  -0.26299  -0.09038   0.04016
  -0.26299  -0.09038   0.28016
  -0.26299  -0.09038   0.04016
  -0.02299  -0.09038   0.04016
  -0.02299  -0.09038   0.28016
  -0.02299  -0.09038   0.28016
  -0.02299  -0.09038   0.28016
  -0.02299  -0.09038   0.28016
  -0.02299  -0.09038   0.28016
  -0.02299  -0.09038   0.28016
  -0.02299  -0.09038   0.28016
  -0.02299  -0.09038   0.28016
  -0.26299  -0.09038   0.28016
  -0.02299  -0.09038   0.52016
  -0.26299  -0.33038   0.52016
  -0.02299  -0.09038   0.52016
  -0.02299  -0.09038   0.52016
  -0.26299  -0.09038   0.52016
  -0.02299  -0.33038   0.52016
  -0.02299  -0.09038   0.52016
  -0.26299  -0.33038   0.52016
  -0.26299  -0.09038   0.52016
  -0.26299  -0.09038   0.52016
  -0.02299  -0.09038   0.52016
  -0.26299  -0.09038   0.52016
  -0.02299  -0.09038   0.52016
  -0.02299  -0.09038   0.52016
  -0.02299  -0.09038   0.52016
  -0.02299  -0.09038   0.52016
  -0.02299  -0.09038   0.52016
  -0.02299  -0.09038   0.52016
  -0.02299  -0.09038   0.52016
  -0.26299  -0.09038   0.28016
  -0.02299  -0.09038   0.28016
  -0.02299  -0.09038   0.28016
  -0.02299   0.14962   0.52016
  -0.02299  -0.09038   0.52016
  -0.02299   0.14962   0.52016
  -0.02299  -0.09038   0.28016
  -0.02299  -0.09038   0.28016
  -0.02299  -0.09038   0.52016
   0.21701  -0.09038   0.52016
   0.21701   0.14962   0.52016
   0.21701   0.14962   0.52016
  -0.02299   0.14962   0.28016
   0.21701   0.14962   0.28016
   0.21701   0.14962   0.28016
   0.21701   0.14962   0.52016
   0.21701   0.14962   0.52016
   0.21701   0.14962   0.28016
  -0.02299   0.14962   0.28016
   0.21701   0.14962   0.52016
   0.21701   0.14962   0.52016
   0.21701   0.14962   0.52016
   0.21701   0.14962   0.52016
   0.21701   0.14962   0.52016
   0.21701   0.14962   0.28016
   0.21701  -0.09038   0.28016
   0.21701  -0.09038   0.28016
   0.21701   0.14962   0.28016
   0.21701  -0.09038   0.28016
   0.21701  -0.09038   0.28016
   0.21701  -0.09038   0.28016
   0.21701  -0.09038   0.28016
   0.21701  -0.09038   0.28016
   0.21701  -0.09038   0.28016
   0.21701  -0.09038   0.28016
   0.21701  -0.09038   0.28016
   0.21701  -0.09038   0.28016
   0.21701  -0.09038   0.28016
   0.21701  -0.09038   0.28016
   0.21701  -0.09038   0.28016
   0.21701  -0.09038   0.28016
   0.21701  -0.09038   0.28016
   0.21701  -0.33038   0.28016
   0.21701  -0.33038   0.28016
   0.21701  -0.33038   0.04016
   0.21701  -0.33038   0.28016
   0.21701  -0.33038   0.28016
   0.21701  -0.33038   0.28016
   0.21701  -0.33038   0.04016
   0.21701  -0.33038   0.28016
   0.21701  -0.33038   0.28016
   0.21701  -0.33038   0.28016
   0.21701  -0.33038   0.28016
   0.21701  -0.33038   0.28016
   0.21701  -0.33038   0.04016
   0.21701  -0.33038   0.04016
   0.21701  -0.33038   0.04016
   0.21701  -0.33038   0.04016
   0.21701  -0.33038   0.04016
   0.21701  -0.33038   0.04016
   0.21701  -0.33038   0.04016
   0.21701  -0.57038   0.04016
   0.21701  -0.33038   0.04016
   0.21701  -0.33038   0.04016
  -0.02299  -0.33038   0.04016
  -0.02299  -0.33038   0.04016
  -0.02299  -0.57038   0.04016
  -0.02299  -0.57038   0.04016
  -0.02299  -0.33038   0.04016
  -0.02299  -0.33038   0.04016
  -0.02299  -0.33038   0.04016
  -0.02299  -0.33038   0.04016
  -0.02299  -0.33038   0.04016
  -0.02299  -0.33038  -0.19984
  -0.02299  -0.33038   0.04016
  -0.02299  -0.09038   0.04016
  -0.02299  -0.09038  -0.19984
  -0.02299  -0.33038  -0.19984
  -0.02299  -0.33038  -0.19984
  -0.02299  -0.33038  -0.19984
  -0.02299  -0.33038  -0.19984
  -0.02299  -0.09038  -0.19984
  -0.02299  -0.33038  -0.43984
  -0.02299  -0.09038  -0.19984
  -0.02299  -0.33038  -0.43984
  -0.02299  -0.09038  -0.43984
  -0.02299  -0.33038  -0.43984
  -0.02299  -0.09038  -0.43984
  -0.02299  -0.09038  -0.43984
  -0.02299  -0.09038  -0.43984
  -0.02299  -0.33038  -0.43984
  -0.02299  -0.33038  -0.43984
  -0.02299  -0.33038  -0.43984
  -0.02299  -0.09038  -0.43984
  -0.02299  -0.33038  -0.43984
   0.21701  -0.09038  -0.43984
  -0.02299  -0.33038  -0.67984
   0.21701  -0.09038  -0.67984
   0.21701  -0.09038  -0.67984
   0.21701  -0.09038  -0.67984
   0.21701  -0.33038  -0.67984
   0.21701  -0.09038  -0.67984
   0.21701  -0.09038  -0.67984
   0.21701  -0.09038  -0.67984
   0.21701  -0.09038  -0.67984
   0.21701  -0.09038  -0.67984
   0.21701  -0.09038  -0.67984
   0.21701  -0.09038  -0.67984
   0.21701  -0.09038  -0.67984
   0.21701  -0.09038  -0.67984
   0.21701  -0.33038  -0.67984
   0.21701  -0.09038  -0.43984
   0.21701  -0.09038  -0.67984
   0.21701  -0.09038  -0.67984
   0.21701  -0.33038  -0.67984
   0.21701  -0.33038  -0.67984
   0.21701  -0.33038  -0.67984
   0.21701  -0.33038  -0.43984
   0.21701  -0.09038  -0.43984
   0.21701  -0.09038  -0.43984
   0.21701  -0.09038  -0.67984
   0.21701  -0.09038  -0.43984
   0.21701  -0.09038  -0.43984
   0.21701  -0.09038  -0.43984
   0.21701  -0.09038  -0.43984
   0.21701  -0.09038  -0.43984
   0.21701  -0.09038  -0.43984
   0.21701  -0.09038  -0.43984
   0.21701  -0.09038  -0.43984
   0.21701  -0.09038  -0.43984
   0.21701  -0.09038  -0.43984
   0.21701  -0.09038  -0.43984
   0.21701  -0.09038  -0.43984
   0.21701  -0.09038  -0.43984
   0.21701  -0.09038  -0.43984
   0.21701   0.14962  -0.19984
  -0.02299   0.14962  -0.19984
   0.21701   0.14962  -0.19984
  -0.02299  -0.09038  -0.43984
   0.21701   0.14962  -0.19984
  -0.02299   0.14962  -0.19984
   0.21701   0.14962  -0.19984
   0.21701   0.14962  -0.19984
   0.21701   0.14962  -0.19984
  -0.02299   0.14962  -0.19984
   0.21701   0.14962  -0.19984
   0.21701   0.14962  -0.19984
   0.21701   0.38962  -0.19984
   0.21701   0.38962  -0.19984
   0.21701   0.38962  -0.19984
  -0.02299   0.38962  -0.19984
  -0.02299   0.38962  -0.19984
  -0.02299   0.38962  -0.19984
  -0.02299   0.38962  -0.19984
  -0.02299   0.38962  -0.19984
  -0.02299   0.38962   0.04016
  -0.02299   0.38962  -0.19984
  -0.02299   0.38962  -0.19984
  -0.02299   0.38962  -0.19984
  -0.02299   0.38962  -0.19984
  -0.02299   0.62962  -0.19984
  -0.02299   0.62962   0.04016
  -0.02299   0.62962  -0.19984
  -0.02299   0.62962   0.04016
  -0.02299   0.62962  -0.19984
  -0.02299   0.62962   0.04016
  -0.02299   0.62962   0.04016
  -0.02299   0.62962   0.04016
  -0.02299   0.62962   0.04016
  -0.02299   0.62962   0.04016
  -0.02299   0.62962   0.04016
  -0.02299   0.62962   0.04016
  -0.02299   0.62962   0.04016
  -0.02299   0.62962   0.04016
  -0.02299   0.62962   0.04016
  -0.02299   0.62962   0.04016
  -0.02299   0.62962   0.04016
  -0.02299   0.62962   0.04016
  -0.02299   0.62962   0.04016
  -0.02299   0.62962   0.04016
  -0.02299   0.62962   0.04016
  -0.02299   0.62962   0.04016
  -0.02299   0.62962   0.04016
  -0.02299   0.62962  -0.19984
  -0.02299   0.38962   0.04016
  -0.02299   0.62962   0.04016
  -0.02299   0.62962   0.04016
  -0.02299   0.62962   0.04016
  -0.02299   0.62962   0.04016
  -0.02299   0.38962   0.04016
  -0.02299   0.62962  -0.19984
  -0.02299   0.62962  -0.19984
  -0.02299   0.62962  -0.19984
  -0.02299   0.62962  -0.19984
  -0.02299   0.62962  -0.19984
  -0.02299   0.62962  -0.19984
  -0.02299   0.38962  -0.19984
  -0.02299   0.62962   0.04016
  -0.02299   0.38962  -0.19984
  -0.02299   0.62962  -0.19984
  -0.02299   0.38962  -0.19984
  -0.02299   0.38962  -0.19984
  -0.02299   0.38962  -0.19984
  -0.02299   0.38962  -0.19984
  -0.02299   0.38962  -0.19984
  -0.02299   0.62962   0.04016
  -0.02299   0.38962  -0.19984
  -0.02299   0.62962   0.04016
  -0.02299   0.38962   0.04016
  -0.02299   0.38962   0.04016
  -0.02299   0.38962   0.04016
  -0.02299   0.38962   0.04016
  -0.02299   0.38962  -0.19984
  -0.02299   0.38962  -0.19984
  -0.02299   0.14962  -0.19984
  -0.02299   0.14962  -0.19984
  -0.02299   0.14962  -0.19984
  -0.02299   0.14962   0.04016
  -0.02299   0.14962   0.04016
  -0.02299   0.14962   0.04016
  -0.02299   0.14962   0.04016
  -0.02299   0.14962   0.04016
   0.21701   0.14962   0.04016
   0.21701   0.14962   0.04016
  -0.02299   0.14962   0.04016
   0.21701   0.14962  -0.19984
  -0.02299  -0.09038  -0.19984
  -0.02299   0.14962   0.04016
  -0.02299   0.14962   0.04016
  -0.02299   0.14962   0.04016
  -0.02299   0.14962   0.04016
  -0.02299   0.14962   0.04016
  -0.02299  -0.09038   0.04016
  -0.02299  -0.09038   0.04016
   0.21701  -0.09038   0.04016
   0.21701   0.14962   0.04016
   0.21701  -0.09038   0.04016
   0.21701  -0.09038   0.04016
   0.21701  -0.09038   0.04016
   0.21701  -0.09038   0.04016
   0.21701  -0.09038   0.04016
   0.21701  -0.09038   0.28016
   0.21701  -0.09038   0.28016
   0.21701  -0.09038   0.28016
   0.21701  -0.09038   0.28016
   0.21701  -0.33038   0.04016
   0.21701  -0.09038   0.28016
   0.45701  -0.09038   0.28016
   0.21701  -0.09038   0.28016
   0.45701  -0.09038   0.28016
   0.21701  -0.33038   0.28016
   0.45701  -0.09038   0.28016
   0.21701  -0.09038   0.28016
   0.45701  -0.09038   0.28016
   0.45701  -0.33038   0.28016
   0.45701  -0.09038   0.28016
   0.45701  -0.33038   0.28016
   0.45701  -0.33038   0.28016
   0.45701  -0.33038   0.52016
   0.45701  -0.09038   0.52016
   0.45701  -0.33038   0.52016
   0.45701  -0.09038   0.28016
   0.45701  -0.57038   0.28016
   0.45701  -0.33038   0.28016
   0.45701  -0.33038   0.28016
   0.45701  -0.33038   0.52016
   0.45701  -0.33038   0.52016
   0.69701  -0.33038   0.52016
   0.69701  -0.33038   0.28016
   0.69701  -0.33038   0.52016
   0.45701  -0.33038   0.52016
   0.45701  -0.33038   0.52016
   0.69701  -0.33038   0.52016
   0.45701  -0.33038   0.28016
   0.45701  -0.57038   0.28016
   0.45701  -0.57038   0.28016
   0.69701  -0.33038   0.52016
   0.69701  -0.33038   0.28016
   0.45701  -0.33038   0.28016
   0.45701  -0.33038   0.28016
   0.45701  -0.33038   0.28016
   0.45701  -0.33038   0.28016
   0.45701  -0.33038   0.28016
   0.45701  -0.09038   0.28016
   0.45701  -0.09038   0.28016
   0.45701  -0.09038   0.28016
   0.45701  -0.33038   0.28016
   0.45701  -0.33038   0.28016
   0.45701  -0.09038   0.28016
   0.45701  -0.09038   0.28016
   0.45701  -0.09038   0.28016
   0.45701  -0.09038   0.28016
   0.45701  -0.09038   0.28016
   0.21701  -0.09038   0.28016
   0.45701  -0.09038   0.28016
   0.45701  -0.09038   0.28016
   0.45701  -0.09038   0.28016
   0.45701  -0.09038   0.28016
   0.21701  -0.09038   0.28016
   0.45701  -0.09038   0.28016
   0.45701  -0.09038   0.28016
   0.45701  -0.09038   0.28016
   0.21701  -0.09038   0.28016
   0.45701  -0.09038   0.28016
   0.21701  -0.09038   0.28016
   0.21701  -0.09038   0.28016
   0.21701  -0.09038   0.28016
   0.21701   0.14962   0.28016
   0.21701   0.14962   0.28016
   0.21701  -0.09038   0.28016
   0.21701  -0.09038   0.28016
   0.21701  -0.09038   0.28016
   0.21701  -0.09038   0.28016
   0.21701  -0.09038   0.28016
   0.21701   0.14962   0.28016
   0.21701   0.14962   0.28016
  -0.02299  -0.09038   0.04016
   0.21701   0.14962   0.28016
   0.21701   0.14962   0.28016
   0.21701   0.14962   0.28016
  -0.02299   0.14962   0.28016
  -0.02299   0.14962   0.28016
  -0.02299  -0.09038   0.04016
  -0.02299   0.14962   0.28016
  -0.02299   0.14962   0.28016
  -0.02299   0.14962   0.28016
  -0.02299   0.14962   0.28016
  -0.02299   0.14962   0.28016
  -0.02299  -0.09038   0.04016
  -0.26299  -0.09038   0.04016
  -0.26299  -0.09038   0.04016
  -0.26299   0.14962   0.28016
  -0.26299  -0.09038   0.04016
  -0.26299  -0.09038   0.04016
  -0.26299  -0.09038   0.04016
  -0.26299  -0.09038   0.04016
  -0.26299  -0.33038   0.04016
  -0.26299  -0.09038   0.04016
  -0.26299  -0.09038   0.04016
  -0.26299  -0.09038   0.04016
  -0.50299  -0.09038  -0.19984
  -0.50299  -0.09038   0.04016
  -0.50299  -0.09038   0.04016
  -0.50299   0.14962   0.04016
  -0.50299  -0.09038   0.04016
  -0.50299  -0.09038   0.04016
  -0.50299  -0.09038   0.04016
  -0.50299  -0.09038  -0.19984
  -0.50299  -0.09038   0.04016
  -0.50299  -0.09038   0.04016
  -0.50299  -0.09038   0.04016
  -0.50299   0.14962   0.04016
  -0.74299  -0.09038   0.04016
  -0.74299  -0.09038   0.04016
  -0.74299  -0.09038   0.04016
  -0.74299  -0.09038   0.04016
  -0.74299  -0.09038   0.04016
  -0.74299  -0.09038   0.04016
  -0.74299  -0.09038   0.04016
  -0.74299   0.14962  -0.19984
  -0.74299  -0.09038   0.04016
  -0.74299   0.14962   0.04016
  -0.74299   0.14962   0.04016
  -0.74299   0.14962   0.04016
  -0.74299   0.14962   0.04016
  -0.74299   0.14962   0.04016
  -0.98299  -0.09038   0.04016
  -0.74299  -0.09038   0.04016
  -0.74299  -0.09038   0.28016
  -0.74299  -0.09038   0.28016
  -0.74299  -0.09038   0.04016
  -0.74299  -0.09038   0.04016
  -0.98299  -0.09038   0.04016
  -0.98299  -0.09038   0.04016
  -0.74299  -0.09038   0.04016
  -0.98299   0.14962   0.28016
  -0.98299  -0.09038   0.04016
  -0.98299  -0.09038   0.04016
  -0.98299  -0.09038   0.04016
  -0.98299  -0.09038   0.28016
  -0.74299  -0.09038   0.04016
  -0.74299  -0.09038   0.28016
  -0.74299  -0.09038   0.28016
  -0.74299  -0.09038   0.28016
  -0.74299  -0.09038   0.28016
  -0.74299  -0.09038   0.28016
  -0.74299  -0.09038   0.28016
  -0.74299  -0.09038   0.04016
  -0.74299  -0.09038   0.28016
  -0.74299  -0.09038   0.28016
  -0.74299  -0.09038   0.28016
  -0.50299  -0.09038   0.28016
  -0.50299  -0.09038   0.28016
  -0.50299  -0.09038   0.28016
  -0.50299  -0.09038   0.28016
  -0.50299  -0.09038   0.28016
  -0.50299  -0.09038   0.28016
  -0.50299  -0.09038   0.28016
  -0.50299  -0.09038   0.28016
  -0.50299  -0.09038   0.28016
  -0.50299  -0.09038   0.28016
  -0.50299  -0.09038   0.28016
  -0.50299  -0.09038   0.28016
  -0.50299  -0.09038   0.28016
  -0.50299  -0.09038   0.28016
  -0.50299  -0.09038   0.28016
  -0.26299  -0.09038   0.28016
  -0.50299  -0.09038   0.28016
  -0.50299  -0.33038   0.04016
  -0.26299  -0.09038   0.04016
  -0.50299  -0.09038   0.04016
  -0.26299  -0.09038   0.28016
  -0.26299  -0.09038   0.28016
  -0.26299  -0.09038   0.04016
  -0.26299  -0.09038   0.28016
  -0.26299  -0.09038   0.04016
  -0.26299  -0.09038   0.04016
  -0.26299  -0.33038   0.04016
  -0.26299  -0.09038   0.04016
  -0.26299  -0.09038   0.04016
  -0.26299  -0.09038   0.04016
  -0.26299  -0.09038   0.04016
  -0.26299  -0.09038   0.04016
  -0.26299  -0.09038   0.04016
  -0.26299  -0.09038   0.04016
  -0.26299  -0.09038   0.04016
  -0.26299  -0.09038   0.04016
  -0.02299  -0.09038   0.04016
  -0.26299  -0.09038   0.04016
  -0.02299  -0.09038   0.04016
  -0.26299  -0.09038   0.04016
  -0.02299  -0.09038   0.04016
  -0.02299  -0.09038  -0.19984
  -0.02299  -0.09038   0.04016
  -0.02299  -0.09038  -0.19984
  -0.02299  -0.09038  -0.19984
  -0.02299  -0.09038  -0.19984
  -0.02299  -0.09038  -0.19984
  -0.02299  -0.09038  -0.19984
  -0.02299  -0.09038  -0.19984
  -0.26299  -0.09038  -0.19984
  -0.02299  -0.09038  -0.19984
  -0.02299  -0.09038  -0.19984
  -0.02299  -0.09038  -0.19984
  -0.02299  -0.09038  -0.19984
  -0.02299  -0.09038  -0.19984
  -0.02299  -0.09038  -0.43984
  -0.02299  -0.09038  -0.19984
  -0.02299  -0.09038  -0.43984
  -0.02299  -0.09038  -0.43984
  -0.02299  -0.09038  -0.43984
  -0.02299  -0.09038  -0.43984
  -0.02299  -0.09038  -0.43984
  -0.02299  -0.09038  -0.43984
  -0.02299  -0.09038  -0.43984
  -0.02299  -0.09038  -0.43984
  -0.02299  -0.09038  -0.43984
  -0.02299  -0.09038  -0.43984
  -0.02299  -0.09038  -0.43984
  -0.02299  -0.09038  -0.43984
   0.21701  -0.09038  -0.43984
   0.21701   0.14962  -0.43984
   0.21701   0.14962  -0.43984
   0.21701   0.14962  -0.43984
   0.21701   0.14962  -0.43984
   0.21701   0.14962  -0.43984
   0.21701   0.14962  -0.43984
   0.21701   0.14962  -0.43984
  -0.02299   0.14962  -0.43984
  -0.02299   0.14962  -0.43984
   0.21701   0.14962  -0.43984
   0.21701   0.14962  -0.43984
   0.21701   0.14962  -0.43984
   0.21701   0.14962  -0.43984
   0.21701   0.14962  -0.43984
   0.21701   0.14962  -0.43984
   0.21701   0.14962  -0.43984
   0.21701   0.14962  -0.43984
   0.21701   0.14962  -0.43984
   0.21701   0.38962  -0.43984
   0.21701   0.38962  -0.43984
   0.21701   0.38962  -0.43984
   0.21701   0.14962  -0.67984
   0.21701   0.14962  -0.43984
   0.21701   0.14962  -0.43984
   0.21701   0.38962  -0.43984
   0.21701   0.38962  -0.43984
   0.21701   0.38962  -0.43984
   0.21701   0.14962  -0.43984
   0.21701   0.14962  -0.43984
   0.21701   0.38962  -0.43984
   0.21701   0.38962  -0.43984
   0.21701   0.14962  -0.43984
   0.21701   0.38962  -0.43984
   0.21701   0.14962  -0.43984
   0.21701   0.14962  -0.43984
   0.21701   0.38962  -0.43984
   0.21701   0.38962  -0.43984
   0.21701   0.14962  -0.43984
   0.21701   0.14962  -0.43984
   0.21701   0.14962  -0.43984
   0.21701   0.14962  -0.43984
  -0.02299   0.14962  -0.43984
   0.21701   0.14962  -0.43984
   0.21701   0.14962  -0.43984
   0.21701   0.38962  -0.43984
   0.21701   0.14962  -0.43984
  -0.02299   0.14962  -0.43984
  -0.02299   0.14962  -0.43984
   0.21701   0.14962  -0.43984
   0.21701   0.14962  -0.43984
   0.21701   0.14962  -0.43984
  -0.02299   0.14962  -0.43984
   0.21701   0.14962  -0.43984
   0.21701   0.14962  -0.19984
  -0.02299   0.14962  -0.19984
   0.21701   0.14962  -0.43984
  -0.02299   0.14962  -0.19984
  -0.02299   0.14962  -0.19984
  -0.02299   0.14962  -0.19984
  -0.02299   0.14962  -0.19984
  -0.02299   0.14962  -0.19984
  -0.02299   0.14962  -0.19984
  -0.02299   0.14962  -0.19984
  -0.02299   0.14962  -0.19984
  -0.02299   0.14962  -0.19984
  -0.02299   0.14962  -0.19984
  -0.02299   0.14962  -0.19984
  -0.02299   0.14962  -0.19984
  -0.02299   0.14962  -0.19984
  -0.02299   0.14962  -0.19984
  -0.02299  -0.09038  -0.19984
  -0.02299   0.14962   0.04016
   0.21701   0.14962   0.04016
  -0.02299   0.14962   0.04016
  -0.02299   0.14962   0.04016
  -0.02299  -0.09038  -0.19984
  -0.02299  -0.09038  -0.19984
  -0.02299   0.14962  -0.19984
  -0.02299   0.14962   0.04016
  -0.02299   0.14962   0.04016
  -0.02299   0.14962   0.04016
  -0.02299  -0.09038   0.04016
  -0.02299  -0.09038   0.04016
  -0.02299  -0.09038   0.04016
  -0.02299   0.14962   0.04016
  -0.02299  -0.09038   0.04016
  -0.02299  -0.09038   0.04016
  -0.02299  -0.09038   0.04016
  -0.02299  -0.09038   0.04016
  -0.02299  -0.09038   0.04016
  -0.02299  -0.09038   0.28016
  -0.02299  -0.09038   0.04016
  -0.02299  -0.09038   0.28016
  -0.26299  -0.09038   0.28016
  -0.02299  -0.09038   0.28016
  -0.26299  -0.09038   0.28016
  -0.02299  -0.09038   0.28016
  -0.02299  -0.09038   0.28016
  -0.02299  -0.09038   0.28016
  -0.02299  -0.09038   0.28016
  -0.26299  -0.33038   0.28016
  -0.26299  -0.09038   0.28016
  -0.26299  -0.09038   0.28016
  -0.26299  -0.09038   0.28016
  -0.02299  -0.09038   0.52016
  -0.02299  -0.09038   0.28016
  -0.26299  -0.09038   0.52016
  -0.26299  -0.33038   0.28016
  -0.26299  -0.33038   0.52016
  -0.26299  -0.33038   0.52016
  -0.26299  -0.33038   0.52016
  -0.26299  -0.33038   0.52016
  -0.02299  -0.33038   0.52016
  -0.26299  -0.33038   0.52016
  -0.02299  -0.33038   0.52016
  -0.02299  -0.33038   0.52016
  -0.02299  -0.33038   0.52016
  -0.02299  -0.33038   0.52016
  -0.02299  -0.33038   0.52016
  -0.02299  -0.33038   0.52016
  -0.02299  -0.33038   0.52016
  -0.02299  -0.33038   0.52016
  -0.02299  -0.33038   0.52016
  -0.02299  -0.33038   0.52016
  -0.02299  -0.33038   0.52016
  -0.02299  -0.33038   0.28016
  -0.02299  -0.33038   0.52016
  -0.02299  -0.33038   0.52016
  -0.02299  -0.33038   0.52016
  -0.02299  -0.33038   0.28016
   0.21701  -0.33038   0.52016
  -0.02299  -0.33038   0.52016
   0.21701  -0.33038   0.52016
  -0.02299  -0.33038   0.52016
   0.21701  -0.09038   0.52016
   0.21701  -0.09038   0.52016
   0.21701  -0.09038   0.52016
   0.21701  -0.09038   0.28016
   0.21701  -0.09038   0.52016
   0.21701  -0.09038   0.52016
   0.45701   0.14962   0.52016
   0.21701   0.14962   0.52016
   0.45701   0.14962   0.52016
   0.45701  -0.09038   0.52016
   0.45701   0.14962   0.52016
   0.45701   0.14962   0.28016
   0.45701   0.14962   0.52016
   0.45701   0.14962   0.52016
   0.45701   0.14962   0.52016
   0.45701   0.14962   0.28016
   0.45701   0.14962   0.28016
   0.45701   0.14962   0.28016
   0.45701   0.14962   0.28016
   0.45701   0.14962   0.28016
   0.69701   0.14962   0.28016
   0.69701   0.14962   0.28016
   0.69701   0.14962   0.28016
   0.69701   0.14962   0.28016
   0.69701   0.38962   0.28016
   0.69701   0.38962   0.28016
   0.69701   0.38962   0.28016
   0.69701   0.38962   0.28016
   0.69701   0.38962   0.28016
   0.69701   0.38962   0.28016
   0.69701   0.38962   0.28016
   0.69701   0.38962   0.28016
   0.69701   0.38962   0.28016
   0.69701   0.38962   0.04016
   0.69701   0.38962   0.04016
   0.69701   0.38962   0.04016
   0.69701   0.62962   0.04016
   0.69701   0.38962   0.04016
   0.69701   0.62962   0.04016
   0.69701   0.38962   0.04016
   0.69701   0.38962   0.04016
   0.93701   0.62962   0.04016
   0.69701   0.62962   0.04016
   0.69701   0.62962   0.04016
   0.69701   0.62962   0.04016
   0.69701   0.62962   0.04016
   0.69701   0.62962   0.04016
   0.69701   0.62962   0.04016
   0.69701   0.62962   0.04016
   0.69701   0.62962  -0.19984
   0.69701   0.62962  -0.19984
   0.69701   0.62962  -0.19984
   0.69701   0.62962  -0.19984
   0.69701   0.62962  -0.19984
   0.69701   0.86962  -0.19984
   0.69701   0.62962  -0.19984
   0.69701   0.86962  -0.19984
   0.69701   0.62962  -0.19984
   0.69701   0.62962  -0.19984
   0.69701   0.62962  -0.19984
   0.69701   0.86962  -0.19984
   0.69701   0.86962  -0.19984
   0.69701   0.86962  -0.19984
   0.69701   0.62962  -0.19984
   0.69701   0.62962  -0.19984
   0.69701   0.86962  -0.19984
   0.45701   0.86962  -0.19984
   0.45701   0.86962  -0.19984
   0.45701   0.86962  -0.19984
   0.45701   0.62962  -0.19984
   0.45701   0.86962  -0.19984
   0.45701   0.86962  -0.19984
   0.45701   0.86962  -0.19984
   0.45701   0.62962  -0.19984
   0.45701   0.62962  -0.19984
   0.45701   0.62962  -0.19984
   0.45701   0.62962  -0.19984
   0.45701   0.62962  -0.43984
   0.45701   0.62962  -0.43984
   0.45701   0.62962  -0.43984
   0.45701   0.62962  -0.19984
   0.45701   0.62962  -0.43984
   0.45701   0.62962  -0.19984
   0.45701   0.62962  -0.43984
   0.45701   0.62962  -0.19984
   0.45701   0.62962  -0.19984
   0.45701   0.62962  -0.19984
   0.45701   0.62962  -0.43984
   0.45701   0.62962  -0.43984
   0.45701   0.62962  -0.43984
   0.21701   0.62962  -0.43984
   0.45701   0.62962  -0.43984
   0.21701   0.62962  -0.43984
   0.21701   0.38962  -0.43984
   0.21701   0.62962  -0.43984
   0.21701   0.38962  -0.43984
   0.21701   0.38962  -0.43984
   0.21701   0.38962  -0.43984
   0.21701   0.62962  -0.19984
   0.21701   0.38962  -0.19984
   0.21701   0.38962  -0.19984
   0.21701   0.38962  -0.19984
   0.21701   0.38962  -0.19984
   0.21701   0.38962  -0.19984
   0.21701   0.38962  -0.19984
   0.21701   0.38962  -0.19984
  -0.02299   0.38962  -0.19984
  -0.02299   0.14962  -0.19984
  -0.02299   0.14962  -0.19984
  -0.02299   0.14962  -0.19984
  -0.02299   0.14962  -0.19984
  -0.02299   0.14962  -0.19984
  -0.02299   0.14962   0.04016
  -0.02299   0.14962  -0.19984
  -0.02299   0.14962   0.04016
  -0.02299  -0.09038  -0.19984
  -0.02299   0.14962   0.04016
  -0.02299  -0.09038   0.04016
  -0.02299   0.14962   0.04016
  -0.02299  -0.09038   0.04016
  -0.02299  -0.09038   0.04016
  -0.26299  -0.09038   0.04016
  -0.26299  -0.09038   0.04016
  -0.26299  -0.33038   0.04016
  -0.26299  -0.33038   0.04016
  -0.26299  -0.33038   0.04016
  -0.26299  -0.33038   0.04016
  -0.26299  -0.33038   0.04016
  -0.26299  -0.33038   0.04016
  -0.26299  -0.33038   0.04016
  -0.26299  -0.33038   0.04016
  -0.26299  -0.57038   0.04016
  -0.26299  -0.57038   0.04016
  -0.26299  -0.33038   0.28016
  -0.26299  -0.33038   0.28016
  -0.50299  -0.57038   0.28016
  -0.26299  -0.57038   0.28016
  -0.26299  -0.57038   0.28016
  -0.50299  -0.57038   0.28016
  -0.50299  -0.57038   0.28016
  -0.26299  -0.57038   0.28016
  -0.50299  -0.57038   0.04016
  -0.50299  -0.57038   0.28016
  -0.50299  -0.57038   0.04016
  -0.50299  -0.57038   0.04016
  -0.50299  -0.57038   0.28016
  -0.50299  -0.57038   0.28016
  -0.50299  -0.57038   0.28016
  -0.50299  -0.57038   0.28016
  -0.50299  -0.81038   0.28016
  -0.50299  -0.81038   0.28016
  -0.50299  -0.81038   0.28016
  -0.50299  -0.57038   0.04016
  -0.74299  -0.81038   0.04016
  -0.50299  -0.57038   0.04016
  -0.74299  -0.81038   0.04016
  -0.74299  -0.81038   0.04016
  -0.74299  -0.81038   0.04016
  -0.50299  -0.57038   0.04016
  -0.50299  -0.57038   0.04016
  -0.50299  -0.57038   0.04016
  -0.50299  -0.57038   0.04016
  -0.50299  -0.57038   0.04016
  -0.50299  -0.81038   0.04016
  -0.50299  -0.81038   0.04016
  -0.50299  -0.81038   0.04016
  -0.50299  -0.81038   0.04016
  -0.50299  -0.81038   0.04016
  -0.50299  -0.57038   0.04016
  -0.50299  -0.81038   0.04016
  -0.50299  -0.81038   0.04016
  -0.50299  -0.81038   0.04016
  -0.50299  -0.57038   0.04016
  -0.50299  -0.81038   0.04016
  -0.26299  -0.81038   0.04016
  -0.50299  -0.81038   0.04016
  -0.50299  -0.81038   0.04016
  -0.50299  -0.81038   0.04016
  -0.50299  -0.57038   0.04016
  -0.50299  -0.81038   0.04016
  -0.50299  -0.81038   0.04016
  -0.50299  -0.81038   0.04016
  -0.50299  -0.81038   0.04016
  -0.26299  -0.81038   0.04016
  -0.50299  -0.81038   0.04016
  -0.50299  -0.81038   0.04016
  -0.50299  -0.81038   0.04016
  -0.50299  -1.05038   0.04016
  -0.26299  -0.81038   0.04016
  -0.26299  -0.81038   0.04016
  -0.26299  -0.81038   0.04016
  -0.26299  -0.81038   0.04016
  -0.26299  -0.81038   0.04016
  -0.26299  -0.81038   0.04016
  -0.26299  -0.81038   0.04016
  -0.26299  -0.81038   0.04016
  -0.26299  -0.81038   0.04016
  -0.26299  -0.81038   0.04016
  -0.26299  -0.81038   0.04016
  -0.26299  -0.81038   0.04016
  -0.26299  -0.81038   0.04016
  -0.26299  -0.81038   0.04016
  -0.02299  -0.57038   0.04016
  -0.26299  -0.81038   0.04016
  -0.02299  -0.81038   0.04016
  -0.26299  -0.81038   0.04016
  -0.26299  -0.57038   0.28016
  -0.26299  -0.57038   0.28016
  -0.26299  -0.57038   0.28016
  -0.26299  -0.57038   0.28016
  -0.26299  -0.57038   0.28016
  -0.26299  -0.81038   0.28016
  -0.02299  -0.57038   0.28016
  -0.02299  -0.81038   0.28016
  -0.02299  -0.57038   0.28016
  -0.02299  -0.57038   0.28016
  -0.02299  -0.57038   0.28016
  -0.26299  -0.57038   0.28016
  -0.26299  -0.57038   0.28016
  -0.26299  -0.57038   0.28016
  -0.02299  -0.57038   0.28016
  -0.02299  -0.57038   0.52016
  -0.02299  -0.57038   0.28016
  -0.02299  -0.57038   0.28016
  -0.02299  -0.57038   0.28016
  -0.02299  -0.57038   0.28016
  -0.02299  -0.57038   0.52016
  -0.02299  -0.57038   0.28016
  -0.02299  -0.57038   0.52016
  -0.02299  -0.57038   0.28016
  -0.02299  -0.57038   0.28016
  -0.02299  -0.57038   0.28016
  -0.02299  -0.33038   0.52016
  -0.02299  -0.33038   0.52016
  -0.02299  -0.33038   0.52016
  -0.02299  -0.33038   0.28016
  -0.02299  -0.33038   0.28016
  -0.02299  -0.33038   0.28016
   0.21701  -0.33038   0.28016
   0.21701  -0.09038   0.28016
   0.21701  -0.09038   0.28016
   0.21701  -0.09038   0.28016
   0.21701  -0.09038   0.28016
   0.21701  -0.09038   0.28016
   0.21701  -0.09038   0.28016
   0.21701  -0.09038   0.28016
   0.21701   0.14962   0.28016
   0.21701   0.14962   0.28016
   0.21701   0.14962   0.28016
   0.21701   0.14962   0.28016
   0.21701   0.14962   0.28016
   0.21701   0.14962   0.28016
   0.21701   0.38962   0.28016
   0.21701   0.38962   0.28016
   0.21701   0.38962   0.28016
   0.21701   0.38962   0.28016
   0.45701   0.62962   0.28016
   0.21701   0.62962   0.28016
   0.21701   0.62962   0.28016
   0.21701   0.62962   0.28016
   0.21701   0.62962   0.28016
   0.21701   0.62962   0.28016
   0.45701   0.86962   0.28016
   0.21701   0.86962   0.04016
   0.21701   0.86962   0.04016
   0.21701   0.62962   0.04016
   0.21701   0.86962   0.04016
   0.21701   0.86962   0.04016
   0.21701   0.86962   0.04016
   0.21701   0.86962   0.04016
   0.21701   0.86962   0.04016
  -0.02299   0.86962   0.04016
   0.21701   0.86962   0.04016
   0.21701   0.86962   0.04016
  -0.02299   0.86962   0.04016
  -0.02299   0.86962   0.04016
  -0.02299   1.10962   0.04016
  -0.02299   0.86962   0.04016
  -0.02299   0.86962   0.04016
  -0.02299   0.86962   0.04016
  -0.02299   0.86962   0.04016
  -0.02299   0.86962   0.04016
  -0.02299   0.86962   0.04016
  -0.02299   0.86962   0.04016
  -0.02299   0.86962   0.04016
  -0.02299   0.86962   0.04016
  -0.02299   0.86962   0.04016
  -0.02299   0.86962   0.04016
  -0.02299   0.86962   0.04016
  -0.02299   0.62962   0.04016
  -0.02299   0.86962   0.04016
  -0.02299   0.86962   0.04016
  -0.02299   0.86962   0.04016
  -0.02299   0.62962   0.04016
  -0.02299   0.86962   0.04016
  -0.02299   0.62962   0.04016
  -0.26299   0.62962   0.04016
  -0.02299   0.62962   0.04016
  -0.02299   0.62962   0.04016
  -0.26299   0.62962   0.04016
  -0.26299   0.62962   0.04016
  -0.26299   0.62962   0.04016
  -0.26299   0.62962   0.04016
  -0.26299   0.62962   0.04016
  -0.26299   0.62962   0.04016
  -0.26299   0.62962   0.04016
  -0.26299   0.62962   0.04016
  -0.26299   0.62962   0.04016
  -0.26299   0.62962   0.04016
  -0.26299   0.62962   0.04016
  -0.26299   0.62962   0.04016
  -0.26299   0.62962   0.04016
  -0.26299   0.62962   0.04016
  -0.50299   0.62962   0.04016
  -0.50299   0.62962   0.04016
  -0.26299   0.62962   0.04016
  -0.26299   0.62962   0.04016
  -0.50299   0.62962   0.04016
  -0.26299   0.62962   0.04016
  -0.50299   0.38962   0.04016
  -0.50299   0.38962   0.04016
  -0.50299   0.38962   0.04016
  -0.26299   0.62962   0.04016
  -0.26299   0.38962   0.04016
  -0.26299   0.62962   0.04016
  -0.50299   0.38962   0.04016
  -0.50299   0.38962   0.04016
  -0.26299   0.38962   0.04016
  -0.26299   0.38962   0.04016
  -0.26299   0.38962   0.04016
  -0.26299   0.38962   0.04016
  -0.26299   0.38962   0.04016
  -0.26299   0.38962   0.04016
  -0.26299   0.38962   0.04016
  -0.26299   0.38962   0.04016
  -0.26299   0.38962   0.04016
  -0.26299   0.38962   0.04016
  -0.26299   0.38962   0.04016
  -0.26299   0.14962   0.04016
  -0.26299   0.14962   0.04016
  -0.26299   0.14962   0.04016
  -0.26299   0.14962   0.04016
  -0.02299   0.14962   0.04016
  -0.02299   0.14962   0.04016
  -0.02299   0.14962   0.04016
  -0.26299   0.14962   0.04016
  -0.02299   0.14962   0.04016
  -0.02299  -0.09038   0.04016
  -0.02299   0.14962   0.04016
  -0.02299   0.14962   0.04016
  -0.02299   0.14962   0.04016
  -0.02299  -0.09038  -0.19984
  -0.02299  -0.09038   0.04016
  -0.02299  -0.09038  -0.19984
  -0.02299   0.14962   0.04016
  -0.02299   0.14962   0.04016
  -0.02299   0.14962   0.04016
  -0.02299  -0.09038   0.04016
  -0.02299  -0.09038   0.04016
  -0.02299  -0.09038  -0.19984
  -0.02299  -0.09038   0.04016
   0.21701  -0.09038   0.04016
   0.21701  -0.09038   0.04016
   0.21701  -0.09038  -0.19984
   0.21701  -0.09038  -0.19984
  -0.02299  -0.09038  -0.19984
  -0.02299  -0.33038  -0.19984
   0.21701  -0.33038  -0.19984
   0.21701  -0.33038  -0.19984
  -0.02299  -0.33038  -0.19984
   0.21701  -0.33038  -0.19984
  -0.02299  -0.33038  -0.19984
   0.21701  -0.33038  -0.19984
   0.21701  -0.33038  -0.19984
   0.21701  -0.33038  -0.19984
   0.21701  -0.57038  -0.19984
   0.21701  -0.33038  -0.19984
   0.21701  -0.57038  -0.43984
   0.21701  -0.57038  -0.19984
   0.21701  -0.57038  -0.19984
   0.21701  -0.57038  -0.19984
   0.21701  -0.57038  -0.19984
   0.21701  -0.33038  -0.19984
  -0.02299  -0.57038  -0.19984
   0.21701  -0.57038  -0.19984
   0.21701  -0.57038  -0.19984
   0.21701  -0.57038  -0.19984
   0.21701  -0.57038  -0.43984
   0.21701  -0.57038  -0.43984
  -0.02299  -0.57038  -0.43984
   0.21701  -0.57038  -0.43984
  -0.02299  -0.57038  -0.43984
   0.21701  -0.57038  -0.19984
   0.21701  -0.33038  -0.43984
   0.21701  -0.33038  -0.19984
   0.21701  -0.57038  -0.43984
   0.21701  -0.33038  -0.19984
   0.21701  -0.33038  -0.19984
   0.21701  -0.33038  -0.19984
   0.21701  -0.33038  -0.19984
   0.21701  -0.33038  -0.19984
   0.21701  -0.33038  -0.43984
   0.21701  -0.33038  -0.43984
   0.21701  -0.33038  -0.43984
   0.21701  -0.33038  -0.43984
   0.21701  -0.33038  -0.43984
   0.21701  -0.09038  -0.43984
   0.21701  -0.33038  -0.43984
   0.21701  -0.09038  -0.43984
   0.21701  -0.09038  -0.43984
   0.21701  -0.09038  -0.43984
   0.21701  -0.09038  -0.43984
   0.21701  -0.09038  -0.43984
   0.21701  -0.09038  -0.43984
   0.21701  -0.09038  -0.43984
   0.21701  -0.09038  -0.43984
   0.21701   0.14962  -0.43984
   0.21701   0.14962  -0.43984
   0.21701   0.14962  -0.43984
   0.21701   0.14962  -0.43984
   0.21701   0.14962  -0.43984
   0.45701   0.14962  -0.43984
   0.45701   0.14962  -0.43984
   0.45701   0.14962  -0.43984
   0.21701   0.14962  -0.43984
   0.21701   0.14962  -0.43984
   0.21701   0.14962  -0.43984
   0.21701   0.38962  -0.43984
   0.21701   0.38962  -0.43984
   0.45701   0.38962  -0.43984
   0.45701   0.38962  -0.43984
   0.45701   0.38962  -0.43984
   0.45701   0.38962  -0.19984
   0.21701   0.38962  -0.19984
   0.21701   0.38962  -0.19984
   0.45701   0.38962  -0.19984
   0.45701   0.38962  -0.19984
   0.45701   0.14962  -0.19984
   0.45701   0.38962  -0.19984
   0.45701   0.38962  -0.19984
   0.45701   0.38962  -0.19984
   0.21701   0.38962  -0.19984
   0.21701   0.38962  -0.19984
   0.21701   0.14962  -0.19984
   0.21701   0.14962  -0.19984
   0.45701   0.14962  -0.19984
   0.45701   0.38962   0.04016
   0.45701   0.14962   0.04016
   0.21701   0.38962   0.04016
   0.21701   0.14962   0.04016
   0.21701   0.14962   0.04016
   0.21701   0.14962   0.04016
   0.21701   0.14962   0.04016
   0.21701   0.14962   0.04016
   0.21701   0.14962   0.04016
   0.21701   0.14962   0.04016
   0.21701   0.14962   0.04016
   0.21701   0.14962   0.04016
   0.21701   0.14962   0.04016
   0.21701   0.14962   0.04016
   0.21701   0.14962   0.04016
   0.21701  -0.09038   0.04016
   0.21701  -0.09038   0.04016
   0.21701  -0.09038   0.04016
   0.21701  -0.09038   0.04016
   0.21701  -0.09038   0.04016
   0.21701  -0.09038   0.04016
   0.21701  -0.09038   0.04016
   0.21701  -0.09038   0.04016
   0.21701  -0.09038   0.04016
   0.21701  -0.09038   0.04016
  -0.02299  -0.09038   0.04016
   0.21701  -0.09038   0.04016
   0.21701  -0.09038   0.04016
  -0.02299  -0.09038   0.04016
   0.21701  -0.09038   0.04016
   0.21701   0.14962   0.04016
   0.21701   0.14962   0.04016
   0.21701   0.14962   0.04016
   0.21701  -0.09038   0.04016
   0.21701   0.14962   0.04016
   0.21701   0.14962   0.04016
   0.21701   0.14962   0.04016
   0.21701   0.14962   0.04016
   0.21701   0.14962   0.04016
   0.21701   0.14962   0.04016
  -0.02299   0.14962   0.04016
  -0.02299   0.14962   0.04016
   0.21701   0.14962   0.04016
   0.21701   0.14962   0.04016
   0.21701   0.14962   0.04016
  -0.02299   0.14962   0.04016
  -0.02299   0.14962   0.04016
  -0.02299   0.14962   0.04016
  -0.02299   0.14962   0.04016
  -0.02299   0.14962   0.04016
  -0.02299   0.14962   0.04016
  -0.02299   0.14962   0.04016
  -0.02299   0.14962   0.04016
  -0.02299   0.38962  -0.19984
  -0.02299   0.38962   0.04016
  -0.02299   0.38962   0.04016
  -0.26299   0.14962   0.04016
  -0.02299   0.14962   0.04016
  -0.02299   0.14962   0.04016
  -0.02299   0.14962   0.04016
  -0.02299   0.14962   0.04016
  -0.02299   0.14962   0.04016
  -0.02299   0.14962   0.04016
  -0.26299   0.14962  -0.19984
  -0.26299  -0.09038  -0.19984
  -0.26299   0.14962  -0.19984
  -0.26299   0.14962  -0.19984
  -0.26299   0.14962  -0.19984
  -0.26299   0.14962  -0.19984
  -0.26299  -0.09038  -0.19984
  -0.26299  -0.09038   0.04016
  -0.26299  -0.09038  -0.19984
  -0.26299   0.14962   0.04016
  -0.26299  -0.09038  -0.19984
  -0.26299  -0.09038  -0.19984
  -0.26299  -0.09038  -0.19984
  -0.26299  -0.09038  -0.19984
  -0.26299  -0.09038  -0.19984
  -0.26299  -0.09038  -0.19984
  -0.26299  -0.09038  -0.19984
  -0.26299  -0.09038  -0.19984
  -0.26299  -0.33038  -0.19984
  -0.26299  -0.33038  -0.19984
  -0.26299  -0.09038  -0.19984
  -0.26299  -0.09038  -0.19984
  -0.26299  -0.33038  -0.19984
  -0.26299  -0.33038  -0.19984
  -0.50299  -0.33038  -0.43984
  -0.50299  -0.33038  -0.19984
  -0.50299  -0.33038  -0.19984
  -0.26299  -0.33038  -0.19984
  -0.26299  -0.57038  -0.19984
  -0.26299  -0.33038  -0.19984
  -0.26299  -0.33038  -0.19984
  -0.50299  -0.33038  -0.19984
  -0.50299  -0.33038  -0.19984
  -0.50299  -0.33038  -0.19984
  -0.50299  -0.33038  -0.19984
  -0.50299  -0.33038  -0.19984
  -0.50299  -0.57038  -0.19984
  -0.50299  -0.33038  -0.19984
  -0.50299  -0.33038  -0.19984
  -0.50299  -0.33038  -0.19984
  -0.26299  -0.33038   0.04016
  -0.26299  -0.33038  -0.19984
  -0.26299  -0.57038  -0.19984
  -0.26299  -0.33038  -0.19984
  -0.26299  -0.33038  -0.19984
  -0.50299  -0.33038  -0.19984
  -0.26299  -0.33038   0.04016
  -0.50299  -0.33038   0.04016
  -0.26299  -0.33038   0.04016
  -0.26299  -0.33038   0.04016
  -0.26299  -0.57038   0.04016
  -0.26299  -0.33038   0.04016
  -0.26299  -0.33038   0.04016
  -0.26299  -0.33038   0.04016
  -0.26299  -0.33038   0.04016
  -0.26299  -0.33038   0.04016
  -0.26299  -0.33038   0.04016
  -0.26299  -0.33038   0.04016
  -0.26299  -0.33038   0.04016
  -0.26299  -0.33038   0.04016
  -0.26299  -0.33038   0.04016
  -0.26299  -0.33038   0.04016
  -0.26299  -0.33038   0.04016
  -0.26299  -0.33038   0.04016
  -0.26299  -0.33038   0.04016
  -0.02299  -0.09038   0.04016
  -0.02299  -0.33038   0.04016
  -0.02299  -0.09038   0.04016
  -0.26299  -0.33038   0.04016
  -0.02299  -0.09038   0.04016
  -0.02299  -0.09038   0.28016
  -0.02299  -0.09038   0.28016
  -0.02299  -0.09038   0.28016
  -0.02299  -0.09038   0.28016
  -0.02299  -0.09038   0.28016
  -0.02299  -0.09038   0.28016
  -0.02299  -0.09038   0.28016
  -0.02299  -0.09038   0.28016
  -0.02299  -0.09038   0.28016
   0.21701  -0.09038   0.28016
   0.21701  -0.09038   0.28016
   0.21701  -0.09038   0.28016
   0.21701  -0.09038   0.28016
   0.21701  -0.09038   0.28016
   0.21701  -0.09038   0.28016
   0.21701  -0.09038   0.28016
   0.21701  -0.09038   0.28016
   0.21701  -0.09038   0.28016
   0.21701  -0.09038   0.28016
   0.21701  -0.09038   0.28016
   0.21701   0.14962   0.28016
   0.45701   0.14962   0.52016
   0.45701   0.14962   0.52016
   0.45701   0.14962   0.52016
   0.45701  -0.09038   0.28016
   0.45701  -0.09038   0.28016
   0.45701   0.14962   0.28016
   0.45701   0.14962   0.52016
   0.45701   0.14962   0.52016
   0.45701   0.14962   0.52016
   0.45701  -0.09038   0.28016
   0.45701   0.14962   0.28016
   0.45701   0.14962   0.28016
   0.45701   0.14962   0.52016
   0.45701   0.14962   0.52016
   0.45701   0.14962   0.52016
   0.45701   0.14962   0.52016
   0.45701  -0.09038   0.28016
   0.45701   0.14962   0.52016
   0.45701   0.14962   0.52016
   0.45701   0.14962   0.52016
   0.45701   0.14962   0.52016
   0.45701  -0.09038   0.52016
   0.45701   0.14962   0.52016
   0.45701   0.14962   0.52016
   0.45701   0.14962   0.52016
   0.45701   0.14962   0.28016
   0.45701   0.14962   0.52016
   0.21701   0.14962   0.28016
   0.45701   0.14962   0.28016
   0.45701   0.14962   0.52016
   0.45701   0.14962   0.52016
   0.21701   0.14962   0.28016
   0.45701   0.14962   0.52016
   0.21701   0.14962   0.28016
   0.21701   0.14962   0.28016
   0.21701   0.14962   0.28016
   0.21701   0.14962   0.28016
   0.21701   0.14962   0.28016
   0.21701   0.14962   0.28016
   0.21701   0.14962   0.28016
   0.21701   0.14962   0.28016
   0.21701   0.38962   0.28016
   0.21701   0.38962   0.28016
   0.21701   0.38962   0.28016
   0.21701   0.38962   0.28016
   0.21701   0.38962   0.28016
   0.21701   0.38962   0.28016
   0.21701   0.38962   0.28016
   0.21701   0.38962   0.28016
   0.21701   0.38962   0.28016
   0.21701   0.38962   0.28016
   0.21701   0.38962   0.28016
   0.21701   0.38962   0.28016
   0.21701   0.38962   0.28016
   0.21701   0.38962   0.28016
  -0.02299   0.38962   0.28016
  -0.02299   0.38962   0.28016
  -0.02299   0.38962   0.28016
  -0.02299   0.38962   0.04016
  -0.02299   0.38962   0.28016
   0.21701   0.62962   0.28016
   0.21701   0.62962   0.28016
   0.21701   0.62962   0.28016
  -0.02299   0.38962   0.28016
  -0.02299   0.62962   0.28016
  -0.02299   0.62962   0.28016
  -0.02299   0.62962   0.28016
  -0.02299   0.62962   0.28016
  -0.02299   0.62962   0.28016
  -0.02299   0.62962   0.28016
  -0.02299   0.62962   0.28016
  -0.02299   0.62962   0.28016
  -0.02299   0.62962   0.28016
  -0.02299   0.38962   0.28016
  -0.02299   0.62962   0.28016
  -0.02299   0.38962   0.28016
  -0.02299   0.38962   0.28016
  -0.02299   0.38962   0.28016
  -0.02299   0.38962   0.28016
  -0.02299   0.38962   0.28016
  -0.02299   0.38962   0.28016
  -0.02299   0.14962   0.28016
  -0.02299   0.38962   0.28016
  -0.02299   0.38962   0.28016
  -0.02299   0.38962   0.28016
  -0.02299   0.38962   0.28016
  -0.02299   0.38962   0.28016
  -0.02299   0.14962   0.28016
  -0.02299   0.14962   0.28016
  -0.02299   0.14962   0.28016
  -0.02299   0.14962   0.28016
  -0.02299   0.14962   0.28016
  -0.02299   0.14962   0.28016
  -0.02299   0.14962   0.28016
  -0.02299   0.14962   0.28016
  -0.02299   0.14962   0.28016
  -0.02299   0.14962   0.28016
  -0.02299  -0.09038   0.28016
  -0.02299   0.14962   0.28016
  -0.02299  -0.09038   0.28016
  -0.02299  -0.09038   0.28016
  -0.02299  -0.09038   0.04016
  -0.02299  -0.09038   0.28016
  -0.02299  -0.09038   0.04016
  -0.02299   0.14962   0.28016
  -0.26299  -0.09038   0.04016
  -0.26299  -0.09038   0.04016
  -0.26299   0.14962   0.04016
  -0.02299   0.14962   0.04016
  -0.02299   0.14962   0.04016
  -0.02299   0.14962   0.04016
  -0.26299  -0.09038   0.04016
  -0.26299  -0.09038   0.04016
  -0.26299  -0.09038   0.04016
  -0.26299   0.14962   0.04016
  -0.26299   0.14962   0.04016
  -0.26299   0.14962   0.04016
  -0.26299   0.14962   0.04016
  -0.26299   0.14962   0.04016
  -0.26299   0.14962   0.04016
  -0.26299   0.14962   0.04016
  -0.26299   0.14962   0.04016
  -0.26299   0.14962   0.04016
  -0.26299  -0.09038  -0.19984
  -0.26299   0.14962   0.04016
  -0.26299   0.14962   0.04016
  -0.26299   0.14962   0.04016
  -0.26299   0.14962   0.04016
  -0.26299   0.14962   0.04016
  -0.26299   0.14962   0.04016
  -0.26299   0.14962   0.04016
  -0.26299   0.14962  -0.19984
  -0.26299   0.14962   0.04016
  -0.26299   0.14962   0.04016
  -0.26299   0.14962   0.04016
  -0.26299   0.14962   0.04016
  -0.26299   0.14962   0.04016
  -0.26299   0.14962   0.04016
  -0.26299   0.14962  -0.19984
  -0.26299   0.14962  -0.19984
  -0.26299   0.14962   0.04016
  -0.26299  -0.09038  -0.19984
  -0.26299  -0.09038  -0.19984
  -0.26299  -0.09038  -0.19984
  -0.26299   0.14962  -0.19984
  -0.26299   0.14962   0.04016
  -0.26299   0.14962   0.04016
  -0.02299  -0.09038   0.04016
  -0.02299  -0.09038  -0.19984
  -0.26299  -0.09038  -0.19984
  -0.02299  -0.09038  -0.19984
  -0.02299  -0.09038   0.04016
  -0.02299  -0.09038   0.04016
  -0.02299  -0.09038   0.04016
  -0.02299  -0.09038   0.04016
  -0.02299  -0.09038  -0.19984
  -0.02299  -0.33038  -0.19984
  -0.02299  -0.09038  -0.19984
  -0.02299  -0.09038   0.04016
  -0.02299  -0.09038   0.04016
  -0.02299  -0.09038   0.04016
  -0.02299  -0.33038  -0.19984
  -0.02299  -0.33038  -0.19984
  -0.02299  -0.33038  -0.19984
  -0.02299  -0.33038   0.04016
  -0.02299  -0.33038   0.04016
  -0.02299  -0.33038   0.04016
  -0.02299  -0.33038   0.04016
  -0.02299  -0.33038   0.04016
  -0.02299  -0.33038   0.04016
  -0.02299  -0.09038   0.04016
  -0.02299  -0.33038   0.04016
  -0.02299  -0.33038   0.04016
  -0.02299  -0.33038  -0.19984
  -0.02299  -0.33038   0.04016
  -0.02299  -0.33038   0.04016
  -0.02299  -0.33038   0.04016
  -0.02299  -0.33038   0.04016
  -0.02299  -0.33038   0.04016
  -0.02299  -0.57038   0.04016
  -0.02299  -0.33038   0.04016
  -0.02299  -0.33038   0.04016
  -0.02299  -0.33038   0.04016
  -0.02299  -0.57038   0.04016
  -0.02299  -0.33038   0.04016
  -0.02299  -0.33038   0.04016
  -0.02299  -0.33038   0.04016
  -0.02299  -0.33038   0.04016
  -0.02299  -0.33038   0.04016
  -0.02299  -0.33038   0.04016
  -0.02299  -0.33038   0.04016
  -0.02299  -0.57038   0.04016
  -0.02299  -0.33038   0.04016
  -0.26299  -0.33038  -0.19984
  -0.02299  -0.33038   0.04016
   0.21701  -0.33038   0.04016
   0.21701  -0.33038   0.04016
  -0.02299  -0.33038   0.04016
  -0.02299  -0.33038   0.04016
  -0.02299  -0.33038   0.04016
  -0.02299  -0.33038   0.04016
  -0.02299  -0.33038  -0.19984
  -0.02299  -0.09038   0.04016
  -0.02299  -0.33038   0.04016
  -0.02299  -0.33038   0.04016
   0.21701  -0.33038   0.04016
   0.21701  -0.09038   0.04016
  -0.02299  -0.33038   0.04016
   0.21701  -0.33038   0.04016
  -0.02299  -0.33038  -0.19984
   0.21701  -0.33038  -0.19984
   0.21701  -0.33038  -0.19984
   0.21701  -0.33038   0.04016
  -0.02299  -0.33038   0.04016
  -0.02299  -0.33038   0.04016
  -0.02299  -0.33038  -0.19984
  -0.02299  -0.33038   0.04016
  -0.02299  -0.33038  -0.19984
   0.21701  -0.33038   0.04016
   0.21701  -0.09038  -0.19984
   0.21701  -0.09038  -0.19984
   0.21701  -0.33038  -0.19984
   0.21701  -0.33038  -0.19984
   0.21701  -0.33038  -0.19984
   0.21701  -0.09038   0.04016
   0.21701  -0.09038   0.04016
   0.21701  -0.09038   0.04016
   0.21701  -0.33038  -0.19984
   0.21701  -0.33038  -0.19984
   0.21701  -0.09038  -0.19984
   0.21701  -0.09038   0.04016
   0.21701  -0.33038  -0.19984
   0.21701  -0.09038  -0.19984
   0.21701  -0.33038  -0.19984
   0.21701  -0.09038  -0.19984
   0.21701  -0.09038  -0.19984
   0.21701  -0.09038  -0.19984
   0.21701  -0.09038  -0.19984
   0.21701   0.14962   0.04016
   0.21701  -0.09038  -0.19984
   0.21701  -0.09038  -0.19984
   0.21701  -0.09038  -0.19984
   0.21701   0.14962  -0.19984
   0.21701   0.14962  -0.19984
   0.21701   0.14962  -0.19984
   0.21701   0.14962  -0.19984
   0.21701   0.14962  -0.19984
   0.21701   0.14962  -0.19984
   0.21701   0.14962  -0.19984
   0.21701   0.14962  -0.19984
   0.21701   0.14962   0.04016
   0.21701   0.14962  -0.19984
   0.21701   0.14962  -0.19984
   0.21701   0.14962  -0.19984
   0.21701   0.14962  -0.19984
   0.21701   0.38962  -0.19984
   0.21701   0.38962  -0.19984
   0.21701   0.14962  -0.19984
   0.21701   0.38962   0.04016
  -0.02299   0.14962  -0.19984
  -0.02299   0.38962  -0.19984
   0.21701   0.38962  -0.19984
   0.21701   0.38962  -0.19984
  -0.02299   0.38962  -0.19984
  -0.02299   0.38962  -0.19984
   0.21701   0.38962  -0.19984
  -0.02299   0.38962  -0.19984
  -0.02299   0.38962  -0.19984
  -0.02299   0.38962  -0.19984
  -0.02299   0.38962   0.04016
  -0.02299   0.38962   0.04016
  -0.02299   0.38962  -0.19984
  -0.02299   0.38962  -0.19984
  -0.02299   0.62962  -0.19984
  -0.02299   0.38962  -0.19984
  -0.02299   0.38962  -0.19984
  -0.02299   0.38962  -0.19984
  -0.02299   0.14962  -0.19984
  -0.02299   0.38962  -0.19984
  -0.02299   0.38962   0.04016
  -0.02299   0.38962   0.04016
  -0.02299   0.38962   0.04016
  -0.02299   0.38962   0.04016
  -0.02299   0.14962  -0.19984
  -0.26299   0.14962  -0.19984
  -0.26299   0.14962  -0.19984
  -0.26299   0.38962  -0.19984
  -0.26299   0.14962  -0.19984
  -0.26299   0.14962  -0.19984
  -0.26299   0.14962  -0.19984
  -0.26299   0.14962   0.04016
  -0.26299   0.14962  -0.19984
  -0.26299   0.14962   0.04016
  -0.26299   0.14962   0.04016
  -0.26299   0.14962   0.04016
  -0.26299   0.14962  -0.19984
  -0.26299   0.14962  -0.19984
  -0.26299   0.14962  -0.19984
  -0.26299   0.14962   0.04016
  -0.26299   0.14962  -0.19984
  -0.26299   0.14962  -0.19984
  -0.26299   0.14962  -0.19984
  -0.26299   0.14962  -0.19984
  -0.26299   0.14962  -0.19984
  -0.26299   0.14962  -0.19984
  -0.26299   0.14962  -0.19984
  -0.26299   0.14962  -0.19984
  -0.26299  -0.09038  -0.19984
  -0.26299   0.14962  -0.19984
  -0.26299   0.14962  -0.19984
  -0.26299   0.14962  -0.19984
  -0.26299   0.14962  -0.19984
  -0.26299   0.14962  -0.19984
  -0.26299   0.14962  -0.19984
  -0.26299   0.14962  -0.19984
  -0.26299   0.14962  -0.19984
  -0.26299   0.14962  -0.19984
  -0.26299   0.14962  -0.19984
  -0.26299   0.14962  -0.19984
  -0.26299  -0.09038  -0.19984
  -0.26299   0.14962  -0.19984
  -0.26299   0.14962  -0.19984
  -0.26299   0.14962  -0.19984
  -0.26299   0.14962  -0.19984
  -0.26299   0.14962  -0.19984
  -0.26299   0.14962  -0.19984
  -0.02299  -0.09038  -0.19984
  -0.02299   0.14962  -0.19984
  -0.02299   0.14962  -0.19984
  -0.02299   0.14962  -0.19984
  -0.02299   0.14962  -0.19984
  -0.02299   0.14962  -0.19984
  -0.02299   0.14962  -0.19984
  -0.02299   0.14962  -0.19984
  -0.02299   0.38962  -0.19984
  -0.02299   0.14962  -0.19984
  -0.02299   0.38962  -0.19984
  -0.02299   0.14962  -0.19984
  -0.02299   0.14962  -0.19984
  -0.02299   0.14962  -0.19984
  -0.02299   0.38962   0.04016
  -0.02299   0.38962   0.04016
  -0.02299   0.38962   0.04016
  -0.02299   0.38962  -0.19984
  -0.02299   0.38962  -0.19984
  -0.02299   0.14962  -0.19984
  -0.02299   0.14962  -0.19984
  -0.02299   0.14962  -0.19984
  -0.02299   0.38962  -0.19984
  -0.02299   0.14962  -0.19984
  -0.02299   0.38962   0.04016
  -0.02299   0.14962  -0.19984
  -0.02299   0.38962   0.04016
  -0.02299   0.38962   0.04016
  -0.02299   0.38962   0.04016
  -0.02299   0.38962  -0.19984
  -0.02299   0.38962   0.04016
  -0.02299   0.14962  -0.19984
  -0.02299   0.14962  -0.19984
  -0.02299   0.14962  -0.19984
  -0.02299   0.14962   0.04016
  -0.02299   0.14962  -0.19984
  -0.02299   0.14962  -0.19984
  -0.02299   0.14962  -0.19984
  -0.02299   0.14962  -0.19984
  -0.02299   0.14962  -0.19984
  -0.02299   0.14962  -0.19984
  -0.02299   0.14962  -0.19984
  -0.02299   0.14962  -0.19984
  -0.02299  -0.09038  -0.19984
  -0.26299   0.14962   0.04016
  -0.02299  -0.09038  -0.19984
  -0.02299   0.14962   0.04016
  -0.02299   0.14962   0.04016
  -0.02299  -0.09038   0.04016
  -0.02299  -0.09038  -0.19984
  -0.02299  -0.33038  -0.19984
  -0.02299  -0.09038  -0.19984
  -0.02299  -0.09038   0.04016
  -0.02299  -0.09038  -0.19984
  -0.02299  -0.09038  -0.19984
  -0.02299  -0.09038  -0.19984
  -0.02299  -0.09038  -0.19984
  -0.02299  -0.09038  -0.19984
   0.21701  -0.09038   0.04016
  -0.02299  -0.09038  -0.19984
  -0.02299  -0.09038  -0.19984
  -0.02299  -0.33038  -0.19984
  -0.02299  -0.33038  -0.19984
   0.21701  -0.33038  -0.19984
   0.21701  -0.09038  -0.19984
   0.21701  -0.33038  -0.19984
  -0.02299  -0.33038  -0.19984
  -0.02299  -0.33038  -0.19984
  -0.02299  -0.33038  -0.19984
  -0.02299  -0.33038  -0.19984
  -0.02299  -0.33038  -0.19984
   0.21701  -0.33038  -0.19984
   0.21701  -0.33038  -0.19984
   0.21701  -0.33038  -0.43984
  -0.02299  -0.33038  -0.19984
   0.21701  -0.33038  -0.19984
   0.21701  -0.09038  -0.19984
   0.21701  -0.33038  -0.19984
   0.21701  -0.09038  -0.19984
   0.21701  -0.09038  -0.19984
  -0.02299  -0.33038  -0.19984
   0.21701  -0.09038  -0.19984
   0.21701  -0.09038  -0.19984
   0.21701  -0.09038  -0.19984
   0.21701  -0.09038  -0.19984
   0.21701  -0.09038  -0.19984
   0.21701  -0.09038  -0.19984
   0.21701  -0.09038  -0.19984
   0.21701  -0.09038  -0.19984
   0.21701  -0.09038  -0.19984
   0.21701  -0.33038  -0.19984
   0.21701  -0.09038  -0.19984
   0.21701  -0.09038  -0.19984
   0.21701  -0.09038  -0.19984
   0.21701   0.14962  -0.19984
   0.21701  -0.09038  -0.19984
   0.21701  -0.09038  -0.19984
   0.21701  -0.09038  -0.19984
   0.21701  -0.09038  -0.19984
   0.21701  -0.09038   0.04016
   0.21701  -0.09038  -0.19984
   0.21701  -0.09038  -0.19984
   0.21701  -0.09038   0.04016
   0.21701  -0.09038  -0.19984
   0.45701  -0.09038   0.04016
   0.21701  -0.09038  -0.19984
   0.21701  -0.09038   0.04016
   0.21701  -0.33038   0.04016
   0.21701  -0.33038   0.04016
   0.21701  -0.33038   0.04016
   0.21701  -0.09038   0.04016
   0.21701  -0.33038   0.04016
   0.21701  -0.09038   0.04016
   0.21701  -0.09038   0.04016
   0.21701  -0.09038   0.04016
   0.21701  -0.33038   0.04016
   0.21701  -0.33038   0.04016
   0.21701  -0.33038   0.04016
   0.21701  -0.33038   0.04016
   0.21701  -0.33038   0.04016
   0.21701  -0.33038   0.04016
  -0.02299  -0.33038   0.04016
  -0.02299  -0.57038   0.04016
   0.21701  -0.57038   0.04016
  -0.02299  -0.33038   0.04016
  -0.02299  -0.57038   0.04016
  -0.02299  -0.33038   0.04016
  -0.02299  -0.57038   0.04016
  -0.02299  -0.33038   0.28016
  -0.02299  -0.33038   0.28016
  -0.02299  -0.33038   0.28016
  -0.02299  -0.33038   0.04016
  -0.02299  -0.33038   0.28016
  -0.02299  -0.33038   0.28016
  -0.02299  -0.33038   0.28016
  -0.02299  -0.57038   0.28016
  -0.02299  -0.33038   0.28016
  -0.02299  -0.33038   0.28016
  -0.02299  -0.33038   0.28016
  -0.02299  -0.33038   0.28016
  -0.02299  -0.33038   0.28016
  -0.02299  -0.33038   0.28016
  -0.02299  -0.33038   0.28016
  -0.02299  -0.33038   0.28016
  -0.02299  -0.09038   0.28016
  -0.02299  -0.33038   0.28016
  -0.02299  -0.33038   0.28016
  -0.02299  -0.09038   0.28016
  -0.02299  -0.09038   0.28016
  -0.02299  -0.09038   0.28016
  -0.02299  -0.09038   0.28016
  -0.26299  -0.09038   0.28016
  -0.02299   0.14962   0.28016
  -0.02299   0.14962   0.28016
  -0.02299   0.14962   0.52016
  -0.02299   0.14962   0.28016
  -0.02299   0.14962   0.28016
  -0.26299  -0.09038   0.28016
  -0.02299   0.14962   0.28016
  -0.02299   0.14962   0.28016
  -0.02299   0.14962   0.28016
  -0.02299   0.14962   0.28016
  -0.02299   0.14962   0.28016
  -0.26299   0.38962   0.28016
  -0.26299   0.38962   0.28016
  -0.02299   0.38962   0.28016
  -0.02299   0.38962   0.28016
  -0.02299   0.38962   0.28016
  -0.02299   0.38962   0.28016
  -0.26299   0.38962   0.28016
  -0.26299   0.38962   0.52016
  -0.26299   0.38962   0.52016
  -0.26299   0.62962   0.52016
  -0.02299   0.62962   0.52016
  -0.02299   0.62962   0.52016
  -0.02299   0.38962   0.52016
  -0.02299   0.62962   0.52016
  -0.26299   0.38962   0.28016
  -0.02299   0.38962   0.52016
  -0.02299   0.38962   0.52016
  -0.02299   0.62962   0.52016
  -0.26299   0.38962   0.28016
  -0.02299   0.62962   0.52016
  -0.02299   0.62962   0.28016
  -0.02299   0.62962   0.28016
  -0.02299   0.62962   0.28016
  -0.02299   0.62962   0.28016
  -0.02299   0.62962   0.28016
  -0.02299   0.62962   0.28016
  -0.02299   0.38962   0.28016
  -0.02299   0.62962   0.28016
  -0.02299   0.62962   0.28016
  -0.02299   0.62962   0.28016
  -0.02299   0.62962   0.28016
  -0.02299   0.62962   0.28016
  -0.02299   0.38962   0.28016
  -0.02299   0.38962   0.28016
  -0.02299   0.62962   0.28016
  -0.02299   0.62962   0.28016
  -0.02299   0.62962   0.28016
  -0.02299   0.62962   0.28016
  -0.02299   0.38962   0.28016
  -0.02299   0.38962   0.28016
  -0.02299   0.38962   0.28016
  -0.02299   0.62962   0.28016
  -0.02299   0.38962   0.28016
  -0.02299   0.38962   0.28016
  -0.02299   0.38962   0.28016
  -0.26299   0.38962   0.28016
  -0.02299   0.14962   0.28016
  -0.02299   0.38962   0.28016
  -0.02299   0.38962   0.28016
  -0.02299   0.38962   0.28016
  -0.02299   0.38962   0.28016
  -0.02299   0.38962   0.28016
  -0.02299   0.14962   0.28016
  -0.02299   0.14962   0.28016
  -0.02299   0.14962   0.28016
  -0.02299   0.14962   0.28016
  -0.02299   0.14962   0.04016
  -0.02299   0.14962   0.28016
  -0.02299   0.14962   0.04016
  -0.02299   0.14962   0.04016
  -0.02299   0.14962   0.28016
  -0.02299  -0.09038   0.28016
  -0.02299  -0.09038   0.28016
  -0.02299  -0.09038   0.28016
  -0.02299  -0.09038   0.04016
  -0.02299  -0.09038   0.04016
  -0.02299  -0.09038   0.04016
  -0.02299  -0.09038   0.04016
  -0.02299  -0.09038   0.04016
  -0.02299  -0.09038   0.04016
  -0.02299  -0.33038   0.04016
  -0.02299  -0.33038   0.04016
  -0.02299  -0.09038   0.04016
  -0.02299  -0.09038   0.04016
  -0.02299  -0.09038   0.04016
  -0.02299  -0.09038   0.04016
  -0.02299  -0.33038   0.04016
  -0.02299  -0.09038   0.04016
  -0.02299  -0.33038   0.04016
  -0.02299  -0.09038   0.04016
   0.21701  -0.33038   0.04016
   0.21701  -0.33038   0.04016
   0.21701  -0.33038   0.04016
   0.21701  -0.33038   0.04016
   0.21701  -0.33038  -0.19984
   0.21701  -0.33038   0.04016
   0.21701  -0.33038   0.04016
   0.21701  -0.33038   0.04016
   0.21701  -0.33038   0.04016
   0.21701  -0.33038   0.04016
   0.21701  -0.33038   0.04016
   0.21701  -0.09038   0.04016
   0.21701  -0.09038   0.04016
   0.21701  -0.09038  -0.19984
   0.21701  -0.33038  -0.19984
   0.21701  -0.33038   0.04016
   0.21701  -0.33038   0.04016
   0.21701  -0.33038   0.04016
   0.21701  -0.33038   0.04016
   0.21701  -0.33038   0.04016
   0.21701  -0.33038   0.04016
   0.21701  -0.33038   0.04016
   0.21701  -0.09038   0.04016
   0.21701  -0.09038   0.04016
   0.21701  -0.09038   0.04016
   0.21701  -0.09038   0.04016
   0.21701  -0.33038  -0.19984
   0.21701  -0.09038  -0.19984
   0.21701  -0.09038   0.04016
   0.21701  -0.09038   0.04016
   0.21701  -0.09038   0.04016
   0.21701  -0.09038   0.04016
   0.21701  -0.09038   0.04016
   0.21701  -0.09038   0.04016
   0.21701  -0.09038   0.04016
   0.21701  -0.09038   0.04016
   0.21701  -0.09038   0.04016
   0.21701  -0.09038   0.04016
   0.21701  -0.09038   0.04016
   0.21701  -0.09038   0.04016
   0.21701  -0.09038   0.04016
   0.21701   0.14962   0.04016
   0.21701  -0.09038   0.04016
   0.21701  -0.09038   0.04016
   0.21701  -0.33038   0.04016
   0.21701  -0.09038   0.04016
   0.21701  -0.09038   0.04016
   0.21701  -0.09038   0.28016
   0.21701  -0.09038   0.04016
   0.21701  -0.09038   0.04016
  -0.02299  -0.09038   0.04016
  -0.02299  -0.09038   0.04016
  -0.02299  -0.09038   0.04016
  -0.02299   0.14962   0.04016
   0.21701  -0.09038   0.04016
   0.21701  -0.09038   0.04016
   0.21701  -0.33038   0.28016
   0.21701  -0.33038   0.28016
   0.21701  -0.33038   0.28016
  -0.02299  -0.09038   0.04016
  -0.02299  -0.09038   0.04016
  -0.02299   0.14962   0.04016
  -0.02299   0.14962   0.04016
  -0.02299  -0.09038   0.04016
   0.21701  -0.09038   0.04016
   0.21701  -0.09038   0.04016
  -0.02299  -0.33038   0.28016
  -0.02299  -0.09038   0.28016
  -0.02299  -0.09038   0.04016
  -0.02299  -0.09038   0.04016
  -0.02299  -0.09038   0.04016
   0.21701   0.14962   0.04016
   0.21701  -0.09038   0.04016
  -0.02299   0.14962   0.04016
  -0.02299  -0.09038   0.04016
  -0.02299  -0.09038   0.04016
  -0.02299  -0.09038   0.04016
  -0.02299  -0.09038   0.04016
  -0.02299  -0.09038   0.04016
  -0.02299   0.14962   0.04016
  -0.02299  -0.09038   0.04016
   0.21701  -0.09038   0.04016
   0.21701  -0.09038   0.04016
   0.21701  -0.09038  -0.19984
   0.21701  -0.09038  -0.19984
   0.21701  -0.09038   0.04016
  -0.02299  -0.09038   0.04016
   0.21701  -0.09038   0.04016
  -0.02299   0.14962   0.04016
  -0.02299   0.14962   0.04016
  -0.02299   0.14962   0.04016
   0.21701   0.14962   0.04016
   0.21701  -0.09038   0.04016
   0.21701  -0.09038  -0.19984
   0.21701  -0.09038   0.04016
   0.21701  -0.09038   0.04016
   0.21701  -0.09038   0.04016
   0.21701   0.14962   0.04016
   0.21701  -0.09038   0.04016
   0.21701   0.14962   0.04016
   0.21701   0.14962   0.04016
   0.21701   0.14962   0.04016
  -0.02299   0.14962   0.04016
   0.21701   0.14962   0.04016
   0.21701   0.14962  -0.19984
   0.21701   0.14962   0.04016
   0.21701   0.14962   0.04016
   0.21701   0.38962   0.04016
   0.21701   0.14962  -0.19984
   0.21701   0.38962   0.04016
   0.21701   0.14962   0.04016
   0.21701   0.14962   0.04016
   0.21701   0.38962   0.04016
   0.21701   0.38962   0.04016
   0.21701   0.38962   0.04016
   0.21701   0.38962   0.04016
   0.21701   0.14962  -0.19984
   0.21701   0.38962  -0.19984
   0.21701   0.38962  -0.19984
   0.21701   0.38962  -0.19984
   0.21701   0.38962  -0.19984
   0.21701   0.38962  -0.19984
   0.21701   0.14962  -0.19984
   0.21701   0.38962   0.04016
   0.21701   0.14962   0.04016
   0.21701   0.38962  -0.19984
   0.45701   0.38962  -0.19984
   0.45701   0.38962  -0.19984
   0.21701   0.38962  -0.19984
   0.21701   0.38962  -0.19984
   0.21701   0.38962  -0.19984
   0.21701   0.38962  -0.19984
   0.21701   0.38962  -0.19984
   0.21701   0.38962  -0.19984
   0.21701   0.14962  -0.19984
   0.45701   0.38962  -0.19984
   0.45701   0.38962  -0.19984
   0.21701   0.62962  -0.19984
   0.21701   0.62962  -0.19984
   0.21701   0.62962  -0.19984
   0.21701   0.62962  -0.43984
   0.45701   0.62962  -0.43984
   0.45701   0.38962  -0.19984
   0.21701   0.38962  -0.19984
   0.21701   0.38962  -0.19984
   0.21701   0.38962  -0.19984
   0.21701   0.38962  -0.19984
   0.21701   0.38962  -0.19984
   0.21701   0.62962  -0.19984
   0.21701   0.62962  -0.19984
   0.21701   0.38962  -0.19984
   0.21701   0.38962  -0.19984
   0.21701   0.14962  -0.43984
   0.21701   0.14962  -0.19984
   0.21701   0.14962  -0.19984
   0.21701   0.38962  -0.19984
  -0.02299   0.38962  -0.19984
   0.21701   0.38962  -0.19984
  -0.02299   0.14962  -0.19984
  -0.02299   0.14962  -0.43984
  -0.02299   0.14962  -0.43984
   0.21701   0.14962  -0.19984
   0.21701   0.14962  -0.19984
  -0.02299   0.14962  -0.19984
  -0.02299   0.14962  -0.19984
  -0.02299   0.14962  -0.19984
  -0.02299  -0.09038  -0.19984
  -0.02299   0.14962  -0.19984
  -0.02299   0.14962  -0.19984
  -0.02299   0.14962  -0.19984
  -0.02299   0.14962  -0.19984
  -0.02299   0.14962  -0.19984
  -0.02299  -0.09038  -0.43984
  -0.02299  -0.09038  -0.19984
  -0.26299  -0.09038  -0.19984
  -0.26299  -0.09038  -0.19984
  -0.26299  -0.09038  -0.19984
  -0.26299  -0.09038  -0.19984
  -0.50299  -0.33038  -0.19984
  -0.26299  -0.09038  -0.19984
  -0.26299  -0.09038  -0.19984
  -0.26299  -0.09038  -0.19984
  -0.26299  -0.33038  -0.19984
  -0.26299  -0.33038  -0.19984
  -0.26299  -0.33038  -0.19984
  -0.26299  -0.33038  -0.19984
  -0.50299  -0.33038  -0.19984
  -0.50299  -0.33038  -0.19984
  -0.26299  -0.33038  -0.19984
  -0.26299  -0.33038  -0.19984
  -0.50299  -0.33038  -0.19984
  -0.50299  -0.57038  -0.19984
  -0.50299  -0.57038  -0.19984
  -0.50299  -0.57038  -0.19984
  -0.50299  -0.57038  -0.19984
  -0.50299  -0.57038  -0.19984
  -0.50299  -0.57038  -0.19984
  -0.50299  -0.33038   0.04016
  -0.50299  -0.57038  -0.19984
  -0.50299  -0.57038  -0.19984
  -0.50299  -0.33038  -0.19984
  -0.50299  -0.33038  -0.19984
  -0.50299  -0.33038  -0.19984
  -0.50299  -0.33038  -0.19984
  -0.50299  -0.57038  -0.19984
  -0.50299  -0.57038  -0.19984
  -0.50299  -0.57038   0.04016
  -0.74299  -0.57038   0.04016
  -0.50299  -0.57038   0.04016
  -0.50299  -0.33038   0.04016
  -0.74299  -0.57038   0.04016
  -0.50299  -0.33038   0.04016
  -0.50299  -0.33038   0.04016
  -0.50299  -0.33038   0.04016
  -0.50299  -0.33038   0.04016
  -0.50299  -0.33038   0.04016
  -0.74299  -0.57038   0.04016
  -0.74299  -0.57038   0.04016
  -0.50299  -0.57038   0.04016
  -0.50299  -0.33038   0.28016
  -0.50299  -0.33038   0.28016
  -0.50299  -0.33038   0.28016
  -0.50299  -0.33038   0.04016
  -0.50299  -0.33038   0.04016
  -0.50299  -0.33038   0.04016
  -0.50299  -0.33038   0.28016
  -0.50299  -0.33038   0.28016
  -0.50299  -0.33038   0.28016
  -0.74299  -0.33038   0.28016
  -0.50299  -0.33038   0.28016
  -0.50299  -0.09038   0.28016
  -0.50299  -0.09038   0.28016
  -0.50299  -0.33038   0.28016
  -0.26299  -0.09038   0.28016
  -0.50299  -0.33038   0.04016
  -0.50299  -0.33038   0.04016
  -0.50299  -0.33038   0.28016
  -0.50299  -0.33038   0.28016
  -0.50299  -0.09038   0.28016
  -0.26299  -0.09038   0.28016
  -0.50299  -0.33038   0.28016
  -0.50299  -0.09038   0.28016
  -0.26299  -0.09038   0.28016
  -0.26299  -0.09038   0.28016
  -0.26299  -0.09038   0.28016
  -0.26299  -0.09038   0.04016
  -0.26299  -0.09038   0.04016
  -0.26299  -0.09038   0.04016
  -0.26299  -0.09038   0.28016
  -0.26299   0.14962   0.28016
  -0.26299  -0.09038   0.28016
  -0.26299  -0.09038   0.28016
  -0.26299  -0.09038   0.28016
  -0.26299   0.14962   0.28016
  -0.26299   0.14962   0.28016
  -0.26299   0.14962   0.28016
  -0.02299   0.14962   0.28016
  -0.02299   0.38962   0.28016
  -0.26299   0.14962   0.28016
  -0.26299   0.38962   0.28016
  -0.26299   0.38962   0.28016
  -0.02299   0.38962   0.28016
  -0.02299   0.62962   0.28016
  -0.26299   0.62962   0.28016
  -0.26299   0.38962   0.28016
  -0.26299   0.62962   0.28016
  -0.02299   0.62962   0.28016
  -0.02299   0.62962   0.28016
  -0.02299   0.62962   0.28016
  -0.26299   0.62962   0.28016
  -0.26299   0.38962   0.04016
  -0.02299   0.62962   0.28016
  -0.26299   0.62962   0.28016
  -0.26299   0.62962   0.28016
  -0.02299   0.62962   0.28016
  -0.02299   0.62962   0.28016
  -0.02299   0.62962   0.28016
  -0.02299   0.62962   0.28016
  -0.02299   0.62962   0.04016
  -0.02299   0.62962   0.28016
  -0.02299   0.62962   0.28016
  -0.02299   0.62962   0.28016
  -0.26299   0.62962   0.04016
  -0.02299   0.62962   0.28016
  -0.02299   0.62962   0.28016
  -0.26299   0.62962   0.28016
  -0.02299   0.62962   0.28016
  -0.02299   0.62962   0.28016
  -0.02299   0.38962   0.04016
  -0.02299   0.38962   0.04016
  -0.02299   0.38962   0.04016
  -0.02299   0.38962   0.28016
  -0.02299   0.38962   0.04016
  -0.02299   0.38962   0.28016
  -0.26299   0.38962  -0.19984
  -0.02299   0.14962   0.04016
  -0.02299   0.14962   0.04016
  -0.02299   0.38962   0.04016
  -0.02299   0.38962   0.04016
  -0.02299   0.38962   0.04016
  -0.02299   0.14962   0.04016
  -0.02299   0.14962  -0.19984
  -0.02299   0.14962   0.04016
  -0.02299   0.14962   0.04016
  -0.02299   0.14962   0.04016
  -0.02299   0.14962   0.04016
  -0.02299   0.14962   0.04016
  -0.02299   0.14962   0.04016
  -0.02299   0.14962  -0.19984
  -0.02299   0.14962  -0.19984
  -0.02299   0.14962  -0.19984
  -0.02299   0.14962  -0.19984
  -0.02299  -0.09038  -0.19984
  -0.02299  -0.09038  -0.19984
  -0.02299  -0.09038  -0.19984
  -0.02299   0.14962  -0.19984
  -0.02299   0.14962  -0.19984
  -0.02299   0.14962  -0.19984
  -0.02299   0.14962  -0.19984
  -0.02299   0.14962  -0.19984
  -0.02299   0.14962  -0.19984
   0.21701   0.14962  -0.19984
  -0.02299  -0.09038  -0.19984
   0.21701   0.14962  -0.19984
  -0.02299  -0.09038  -0.19984
  -0.02299  -0.09038  -0.19984
  -0.02299  -0.09038  -0.19984
  -0.02299   0.14962  -0.19984
  -0.02299  -0.09038  -0.19984
  -0.02299   0.14962  -0.19984
  -0.02299  -0.09038  -0.19984
  -0.02299  -0.09038  -0.19984
  -0.02299  -0.09038  -0.19984
  -0.02299  -0.09038  -0.19984
   0.21701  -0.09038  -0.19984
   0.21701  -0.09038  -0.19984
  -0.02299  -0.09038  -0.19984
   0.21701  -0.09038  -0.19984
   0.21701  -0.09038  -0.19984
   0.21701  -0.09038  -0.19984
  -0.02299  -0.09038  -0.19984
   0.21701  -0.09038  -0.19984
  -0.02299  -0.09038  -0.19984
   0.21701  -0.09038  -0.19984
   0.21701  -0.09038  -0.19984
   0.21701  -0.09038  -0.19984
   0.21701  -0.09038  -0.19984
   0.21701  -0.09038   0.04016
   0.21701  -0.33038  -0.19984
   0.21701  -0.33038  -0.19984
   0.21701  -0.33038  -0.19984
   0.21701  -0.09038  -0.19984
   0.21701  -0.33038  -0.19984
   0.21701  -0.09038   0.04016
   0.21701  -0.33038  -0.19984
   0.21701  -0.09038   0.04016
   0.21701  -0.09038   0.04016
   0.21701  -0.09038   0.04016
   0.21701  -0.09038   0.04016
   0.21701  -0.09038   0.04016
   0.21701  -0.09038   0.04016
   0.21701  -0.09038   0.04016
   0.21701  -0.09038   0.04016
   0.21701  -0.09038   0.04016
   0.21701  -0.09038   0.04016
   0.21701  -0.09038   0.04016
   0.21701  -0.09038   0.04016
   0.21701  -0.09038   0.04016
   0.21701  -0.09038   0.04016
   0.45701  -0.09038   0.04016
   0.21701  -0.09038   0.04016
   0.45701  -0.09038   0.04016
   0.21701  -0.09038   0.04016
   0.21701  -0.09038   0.04016
   0.21701  -0.09038   0.04016
   0.21701  -0.09038   0.04016
   0.45701  -0.09038   0.04016
   0.21701  -0.09038   0.04016
   0.45701  -0.09038   0.04016
   0.45701  -0.09038   0.04016
   0.45701  -0.09038   0.04016
   0.45701  -0.09038   0.04016
   0.45701  -0.09038   0.04016
   0.45701  -0.09038   0.28016
   0.45701  -0.09038   0.28016
   0.45701  -0.09038   0.28016
   0.45701  -0.33038   0.28016
   0.45701  -0.09038   0.04016
   0.45701  -0.09038   0.04016
   0.45701  -0.09038   0.04016
   0.45701   0.14962   0.04016
   0.45701   0.14962   0.28016
   0.45701  -0.09038   0.04016
   0.45701  -0.09038   0.04016
   0.45701  -0.09038   0.04016
   0.45701  -0.09038   0.28016
   0.45701  -0.09038   0.04016
   0.45701  -0.09038   0.04016
   0.45701  -0.09038   0.04016
   0.21701  -0.09038   0.04016
   0.45701  -0.09038   0.04016
   0.45701   0.14962   0.28016
   0.45701  -0.09038   0.04016
   0.45701  -0.09038   0.04016
   0.45701  -0.09038   0.04016
   0.45701  -0.09038   0.04016
   0.45701  -0.09038   0.04016
   0.45701  -0.09038   0.28016
   0.45701  -0.09038   0.28016
   0.45701   0.14962   0.28016
   0.45701  -0.09038   0.04016
   0.45701  -0.09038   0.04016
   0.45701  -0.09038   0.04016
   0.45701  -0.09038   0.28016
   0.45701  -0.09038   0.04016
   0.45701  -0.09038   0.28016
   0.21701  -0.09038   0.04016
   0.45701  -0.09038   0.04016
   0.45701  -0.09038   0.28016
   0.45701  -0.09038   0.28016
   0.45701  -0.09038   0.04016
   0.45701  -0.09038   0.04016
   0.45701  -0.09038   0.04016
   0.45701  -0.09038   0.04016
   0.21701  -0.09038   0.04016
   0.45701  -0.09038   0.04016
   0.21701  -0.09038   0.04016
   0.45701  -0.09038   0.04016
   0.21701  -0.09038   0.04016
   0.45701  -0.09038   0.04016
   0.45701  -0.09038   0.04016
   0.45701  -0.09038   0.04016
   0.45701  -0.09038   0.04016
   0.45701  -0.09038   0.04016
   0.21701  -0.09038  -0.19984
   0.21701  -0.09038   0.04016
   0.21701  -0.09038   0.04016
   0.21701  -0.09038   0.04016
   0.21701  -0.09038   0.04016
   0.21701  -0.09038   0.04016
   0.21701  -0.09038   0.04016
   0.21701  -0.09038   0.04016
   0.21701  -0.09038   0.04016
   0.21701  -0.09038   0.04016
   0.21701  -0.09038   0.04016
   0.45701  -0.09038   0.04016
   0.21701  -0.09038  -0.19984
   0.45701  -0.09038   0.04016
   0.21701  -0.09038   0.04016
   0.21701  -0.09038   0.04016
   0.21701  -0.09038   0.04016
   0.21701  -0.09038   0.04016
   0.21701  -0.09038   0.04016
   0.21701   0.14962   0.04016
   0.21701  -0.09038   0.04016
   0.21701  -0.09038   0.04016
   0.21701  -0.09038   0.04016
   0.45701  -0.09038   0.04016
   0.21701  -0.09038   0.04016
   0.45701  -0.09038   0.04016
   0.21701  -0.09038   0.04016
   0.21701  -0.09038   0.04016
   0.45701  -0.09038   0.04016
   0.45701  -0.09038   0.04016
   0.21701  -0.09038   0.04016
   0.21701  -0.09038   0.04016
   0.21701  -0.09038   0.04016
   0.21701  -0.09038   0.04016
   0.21701  -0.09038   0.04016
   0.45701   0.14962   0.04016
   0.21701  -0.09038   0.04016
   0.21701  -0.09038   0.04016
   0.45701  -0.09038   0.04016
   0.45701   0.14962   0.04016
   0.45701  -0.09038   0.04016
   0.45701  -0.09038   0.04016
   0.45701  -0.09038   0.04016
   0.45701   0.14962   0.04016
   0.45701  -0.09038   0.04016
   0.45701   0.14962   0.04016
   0.45701   0.14962   0.04016
   0.21701   0.14962   0.04016
   0.45701   0.14962   0.04016
   0.45701   0.14962   0.04016
   0.21701   0.14962   0.04016
   0.45701   0.14962   0.04016
   0.45701   0.14962   0.04016
   0.45701   0.14962   0.04016
   0.45701   0.14962   0.04016
   0.45701   0.14962   0.04016
   0.21701   0.14962   0.04016
   0.45701   0.14962   0.04016
   0.21701   0.14962   0.04016
   0.21701   0.14962   0.04016
   0.21701   0.14962   0.04016
   0.21701   0.14962   0.04016
   0.21701   0.14962   0.04016
   0.21701   0.14962   0.04016
   0.21701   0.14962   0.04016
   0.21701   0.14962   0.04016
   0.21701   0.14962   0.04016
   0.21701   0.14962   0.04016
   0.21701   0.14962  -0.19984
   0.21701   0.14962   0.04016
  -0.02299   0.14962   0.04016
   0.21701   0.14962   0.04016
   0.21701   0.14962   0.04016
   0.21701   0.38962   0.04016
  -0.02299   0.14962  -0.19984
  -0.02299   0.14962  -0.19984
  -0.02299   0.14962  -0.19984
  -0.02299   0.14962  -0.19984
  -0.02299   0.14962  -0.19984
  -0.02299   0.14962  -0.19984
  -0.02299   0.14962  -0.19984
  -0.02299   0.14962  -0.19984
  -0.02299   0.14962  -0.19984
  -0.02299   0.14962   0.04016
  -0.02299   0.14962  -0.19984
  -0.02299   0.14962  -0.19984
  -0.26299   0.14962  -0.19984
  -0.26299   0.14962  -0.19984
  -0.02299   0.14962  -0.19984
  -0.02299   0.14962  -0.19984
  -0.02299   0.14962  -0.19984
  -0.02299   0.14962  -0.19984
  -0.26299  -0.09038  -0.19984
  -0.02299  -0.09038  -0.19984
  -0.26299  -0.09038  -0.19984
  -0.26299  -0.09038   0.04016
  -0.02299  -0.09038  -0.19984
  -0.26299  -0.09038  -0.19984
  -0.26299  -0.09038  -0.19984
  -0.26299  -0.09038  -0.19984
  -0.26299  -0.09038  -0.19984
  -0.26299  -0.09038  -0.19984
  -0.26299  -0.09038  -0.19984
  -0.26299  -0.09038  -0.19984
  -0.50299  -0.09038  -0.19984
  -0.26299  -0.09038  -0.19984
  -0.26299  -0.09038   0.04016
  -0.26299  -0.09038   0.04016
  -0.26299  -0.09038  -0.19984
  -0.26299  -0.09038  -0.19984
  -0.26299  -0.33038  -0.19984
  -0.26299  -0.09038  -0.19984
  -0.26299  -0.09038   0.04016
  -0.26299  -0.09038   0.04016
  -0.26299  -0.09038   0.04016
  -0.26299  -0.09038   0.04016
  -0.26299  -0.33038   0.04016
  -0.26299  -0.09038   0.04016
  -0.26299  -0.09038  -0.19984
  -0.26299  -0.09038   0.04016
  -0.26299   0.14962   0.04016
  -0.02299   0.14962   0.04016
  -0.26299   0.14962   0.04016
  -0.26299   0.14962   0.04016
  -0.26299  -0.09038   0.04016
  -0.26299   0.14962   0.04016
  -0.26299   0.14962   0.04016
  -0.26299   0.14962   0.04016
  -0.26299   0.14962   0.04016
  -0.26299   0.14962   0.04016
  -0.26299   0.14962   0.04016
  -0.26299   0.14962   0.04016
  -0.26299   0.14962  -0.19984
  -0.26299   0.14962   0.04016
  -0.26299   0.14962   0.04016
  -0.26299   0.38962   0.04016
  -0.26299   0.14962  -0.19984
  -0.26299   0.14962   0.04016
  -0.26299   0.14962   0.04016
  -0.26299   0.14962   0.04016
  -0.26299   0.14962   0.04016
  -0.26299   0.14962   0.04016
  -0.26299   0.14962   0.04016
  -0.26299   0.14962  -0.19984
  -0.26299   0.14962   0.04016
  -0.26299   0.38962   0.04016
  -0.26299   0.14962   0.04016
  -0.26299   0.14962   0.04016
  -0.26299   0.14962   0.04016
  -0.26299   0.14962   0.04016
  -0.26299   0.14962   0.04016
  -0.26299   0.14962   0.04016
  -0.26299   0.14962   0.04016
  -0.26299   0.14962   0.04016
  -0.50299   0.14962  -0.19984
  -0.26299   0.14962   0.04016
  -0.26299   0.14962   0.04016
  -0.50299   0.38962   0.04016
  -0.50299   0.38962  -0.19984
  -0.26299   0.38962   0.04016
  -0.50299   0.14962   0.04016
  -0.50299   0.14962   0.04016
  -0.26299   0.14962   0.04016
  -0.26299   0.14962   0.04016
  -0.26299   0.14962   0.04016
  -0.26299   0.14962   0.04016
  -0.26299   0.14962   0.04016
  -0.26299   0.14962   0.04016
  -0.50299  -0.09038   0.04016
  -0.26299   0.14962   0.04016
  -0.50299   0.14962   0.04016
  -0.50299   0.14962   0.04016
  -0.50299   0.14962   0.04016
  -0.50299   0.14962   0.04016
  -0.50299   0.14962   0.04016
  -0.50299   0.14962   0.04016
  -0.26299   0.14962   0.04016
  -0.50299   0.14962   0.04016
  -0.50299   0.14962   0.04016
  -0.50299   0.14962   0.04016
  -0.50299   0.14962   0.04016
  -0.26299   0.14962   0.04016
  -0.26299   0.14962   0.04016
  -0.50299   0.14962   0.04016
  -0.50299   0.14962   0.04016
  -0.50299  -0.09038   0.04016
  -0.26299  -0.09038   0.04016
  -0.26299  -0.09038   0.04016
  -0.26299  -0.09038   0.04016
  -0.26299  -0.09038   0.04016
  -0.50299  -0.09038   0.04016
  -0.26299  -0.09038   0.04016
  -0.26299  -0.09038   0.04016
  -0.50299  -0.09038   0.04016
  -0.26299  -0.09038   0.04016
  -0.26299  -0.09038   0.04016
  -0.26299  -0.09038   0.04016
  -0.26299  -0.09038   0.04016
  -0.26299  -0.09038   0.04016
  -0.26299  -0.09038   0.04016
  -0.26299  -0.09038   0.04016
  -0.26299  -0.09038   0.04016
  -0.26299  -0.09038   0.04016
  -0.26299  -0.09038   0.04016
  -0.26299  -0.09038   0.04016
  -0.26299  -0.09038   0.04016
  -0.26299  -0.09038   0.04016
  -0.26299  -0.09038   0.04016
  -0.26299  -0.09038   0.04016
  -0.26299  -0.09038   0.04016
  -0.26299  -0.09038   0.04016
  -0.26299  -0.09038   0.04016
  -0.26299  -0.09038   0.04016
  -0.26299   0.14962   0.04016
  -0.26299  -0.09038   0.04016
  -0.26299   0.14962   0.04016
  -0.26299   0.14962   0.04016
  -0.26299   0.14962   0.04016
  -0.26299  -0.09038  -0.19984
  -0.26299   0.14962   0.04016
  -0.26299  -0.09038   0.04016
  -0.26299  -0.09038   0.04016
  -0.26299  -0.09038   0.04016
  -0.02299   0.14962   0.04016
  -0.02299   0.14962   0.04016
  -0.02299  -0.09038   0.04016
  -0.26299  -0.09038  -0.19984
  -0.26299  -0.09038  -0.19984
  -0.26299  -0.09038  -0.19984
  -0.26299   0.14962   0.04016
  -0.26299   0.14962  -0.19984
  -0.26299   0.14962  -0.19984
  -0.26299  -0.09038  -0.19984
  -0.26299  -0.09038  -0.19984
  -0.26299   0.14962  -0.19984
  -0.02299   0.14962   0.04016
  -0.26299   0.14962  -0.19984
  -0.02299   0.14962   0.04016
  -0.26299   0.14962  -0.19984
  -0.26299   0.14962  -0.19984
  -0.02299   0.14962  -0.19984
  -0.02299   0.14962   0.04016
  -0.02299   0.14962  -0.19984
  -0.02299   0.14962  -0.19984
  -0.02299   0.14962  -0.19984
  -0.02299   0.14962   0.04016
  -0.02299   0.14962   0.04016
  -0.02299   0.14962   0.04016
  -0.02299   0.14962   0.04016
  -0.02299   0.14962   0.04016
  -0.02299   0.14962  -0.19984
  -0.02299   0.14962   0.04016
  -0.02299   0.14962   0.04016
  -0.02299   0.38962  -0.19984
  -0.02299   0.14962  -0.19984
  -0.02299   0.38962   0.04016
  -0.02299   0.14962  -0.19984
  -0.02299   0.14962   0.04016
  -0.02299   0.14962   0.04016
  -0.02299   0.38962  -0.19984
  -0.02299   0.38962  -0.19984
  -0.02299   0.14962   0.04016
  -0.02299   0.14962  -0.19984
  -0.02299   0.14962   0.04016
  -0.02299   0.14962  -0.19984
  -0.02299   0.14962   0.04016
  -0.02299   0.14962   0.04016
  -0.02299   0.14962   0.04016
  -0.02299   0.14962   0.04016
  -0.02299   0.14962   0.04016
  -0.02299   0.14962  -0.19984
  -0.02299   0.14962  -0.19984
  -0.02299   0.14962  -0.19984
  -0.02299   0.14962   0.04016
  -0.02299   0.14962   0.04016
  -0.02299   0.14962   0.04016
  -0.02299  -0.09038   0.04016
  -0.02299  -0.09038   0.04016
  -0.02299  -0.09038   0.04016
  -0.02299  -0.09038   0.04016
  -0.02299  -0.09038   0.04016
  -0.02299   0.14962   0.04016
  -0.02299  -0.09038   0.04016
  -0.02299  -0.09038   0.04016
  -0.02299  -0.09038   0.04016
  -0.02299  -0.09038   0.04016
  -0.02299  -0.09038   0.04016
  -0.02299  -0.09038   0.04016
  -0.02299  -0.09038   0.04016
  -0.02299  -0.09038   0.04016
  -0.02299  -0.09038   0.04016
  -0.02299  -0.09038   0.04016
  -0.02299  -0.09038   0.04016
  -0.02299  -0.09038   0.04016
  -0.02299  -0.33038   0.04016
  -0.02299  -0.33038   0.04016
  -0.02299  -0.09038   0.04016
  -0.02299  -0.09038   0.04016
  -0.02299  -0.09038   0.04016
   0.21701  -0.09038   0.04016
  -0.02299  -0.33038   0.04016
  -0.02299  -0.33038   0.04016
  -0.02299  -0.33038   0.04016
  -0.02299  -0.09038   0.04016
  -0.02299  -0.33038   0.04016
   0.21701  -0.33038   0.04016
  -0.02299  -0.33038   0.04016
   0.21701  -0.33038   0.04016
   0.21701  -0.33038   0.04016
   0.21701  -0.33038   0.04016
   0.21701  -0.33038   0.04016
   0.21701  -0.33038   0.04016
  -0.02299  -0.57038   0.04016
  -0.02299  -0.57038   0.04016
   0.21701  -0.57038   0.04016
   0.21701  -0.33038   0.28016
   0.21701  -0.33038   0.28016
   0.21701  -0.33038   0.28016
   0.21701  -0.33038   0.28016
   0.21701  -0.33038   0.28016
   0.21701  -0.57038   0.28016
   0.21701  -0.33038   0.28016
   0.21701  -0.33038   0.28016
   0.21701  -0.33038   0.28016
   0.21701  -0.33038   0.28016
   0.45701  -0.33038   0.28016
   0.21701  -0.33038   0.28016
   0.21701  -0.57038   0.28016
   0.21701  -0.33038   0.28016
   0.21701  -0.33038   0.28016
   0.21701  -0.33038   0.28016
   0.21701  -0.33038   0.28016
   0.21701  -0.57038   0.28016
   0.21701  -0.33038   0.28016
   0.21701  -0.33038   0.28016
   0.21701  -0.33038   0.28016
   0.21701  -0.33038   0.28016
   0.21701  -0.33038   0.28016
   0.21701  -0.33038   0.28016
   0.21701  -0.33038   0.28016
   0.21701  -0.09038   0.28016
   0.21701  -0.09038   0.28016
   0.21701  -0.09038   0.28016
   0.21701  -0.09038   0.28016
   0.21701  -0.33038   0.28016
   0.21701  -0.09038   0.28016
   0.21701  -0.09038   0.28016
   0.21701  -0.09038   0.28016
   0.21701  -0.09038   0.28016
   0.21701  -0.09038   0.28016
   0.21701  -0.09038   0.28016
   0.21701  -0.09038   0.28016
   0.21701  -0.09038   0.28016
   0.21701  -0.09038   0.28016
   0.21701  -0.09038   0.28016
   0.21701  -0.09038   0.28016
   0.21701  -0.09038   0.28016
   0.21701  -0.09038   0.28016
   0.21701  -0.09038   0.28016
   0.21701   0.14962   0.28016
   0.21701  -0.09038   0.28016
   0.21701   0.14962   0.28016
   0.21701  -0.09038   0.28016
   0.21701   0.14962   0.28016
   0.45701   0.14962   0.28016
   0.45701   0.14962   0.28016
   0.45701  -0.09038   0.28016
   0.21701  -0.09038   0.28016
   0.21701  -0.09038   0.04016
   0.21701   0.14962   0.28016
   0.21701  -0.09038   0.28016
   0.21701   0.14962   0.28016
   0.21701  -0.09038   0.28016
   0.21701   0.14962   0.28016
   0.21701  -0.09038   0.28016
   0.21701   0.14962   0.28016
   0.21701   0.14962   0.28016
   0.21701   0.14962   0.28016
   0.21701   0.14962   0.28016
   0.21701   0.14962   0.28016
   0.21701   0.14962   0.28016
   0.21701   0.14962   0.28016
   0.21701   0.14962   0.28016
   0.21701   0.14962   0.28016
   0.21701   0.14962   0.28016
   0.21701   0.38962   0.28016
   0.21701   0.14962   0.28016
  -0.02299   0.14962   0.28016
   0.21701   0.14962   0.28016
   0.21701   0.38962   0.28016
   0.21701   0.38962   0.28016
   0.21701   0.38962   0.28016
   0.21701   0.14962   0.04016
   0.21701   0.38962   0.28016
   0.21701   0.38962   0.28016
   0.21701   0.38962   0.28016
  -0.02299   0.38962   0.28016
   0.21701   0.38962   0.28016
  -0.02299   0.38962   0.04016
  -0.02299   0.38962   0.28016
   0.21701   0.38962   0.28016
  -0.02299   0.38962   0.28016
  -0.02299   0.38962   0.04016
   0.21701   0.38962   0.28016
  -0.02299   0.38962   0.04016
  -0.02299   0.62962   0.04016
  -0.02299   0.62962   0.04016
  -0.02299   0.62962   0.04016
  -0.02299   0.38962   0.28016
  -0.02299   0.62962   0.04016
  -0.02299   0.38962   0.04016
  -0.02299   0.38962   0.04016
  -0.02299   0.38962   0.04016
  -0.02299   0.62962   0.04016
  -0.02299   0.38962   0.04016
  -0.02299   0.62962   0.04016
  -0.02299   0.38962   0.04016
  -0.02299   0.38962   0.04016
  -0.02299   0.38962   0.04016
  -0.02299   0.62962   0.04016
  -0.02299   0.62962   0.04016
  -0.02299   0.62962   0.04016
  -0.02299   0.38962  -0.19984
  -0.02299   0.38962  -0.19984
  -0.02299   0.38962   0.04016
  -0.02299   0.38962   0.04016
  -0.02299   0.38962  -0.19984
  -0.02299   0.38962   0.04016
  -0.02299   0.38962  -0.19984
  -0.02299   0.38962   0.04016
  -0.02299   0.38962   0.04016
  -0.02299   0.38962   0.04016
  -0.02299   0.38962   0.04016
  -0.02299   0.38962   0.04016
  -0.02299   0.14962  -0.19984
  -0.02299   0.38962  -0.19984
  -0.02299   0.38962  -0.19984
  -0.02299   0.38962  -0.19984
  -0.02299   0.38962  -0.19984
  -0.02299   0.38962   0.04016
  -0.02299   0.38962  -0.19984
  -0.02299   0.38962  -0.19984
  -0.02299   0.38962  -0.19984
  -0.02299   0.38962   0.04016
  -0.02299   0.38962   0.04016
  -0.02299   0.38962   0.04016
  -0.02299   0.14962   0.04016
  -0.02299   0.38962  -0.19984
  -0.02299   0.38962   0.04016
  -0.02299   0.38962   0.04016
  -0.02299   0.14962  -0.19984
  -0.02299   0.38962   0.04016
  -0.02299   0.14962   0.04016
  -0.02299   0.14962   0.04016
   0.21701   0.38962   0.04016
  -0.02299   0.38962   0.04016
  -0.02299   0.38962   0.04016
   0.21701   0.38962   0.04016
  -0.02299   0.14962   0.04016
  -0.02299   0.14962   0.04016
  -0.02299   0.14962   0.04016
  -0.02299   0.14962   0.04016
  -0.02299   0.14962   0.04016
  -0.02299   0.14962   0.04016
  -0.02299   0.14962   0.04016
  -0.02299   0.14962   0.04016
  -0.02299   0.14962   0.04016
  -0.02299   0.14962   0.04016
  -0.02299   0.14962   0.04016
  -0.02299   0.14962   0.04016
  -0.02299   0.14962  -0.19984
  -0.02299   0.14962   0.04016
  -0.02299  -0.09038   0.04016
  -0.02299  -0.09038   0.04016
  -0.02299  -0.09038   0.04016
  -0.02299  -0.09038   0.04016
  -0.02299  -0.09038   0.04016
  -0.02299  -0.09038   0.04016
  -0.02299  -0.09038   0.04016
  -0.02299  -0.09038   0.04016
  -0.02299  -0.09038   0.04016
  -0.02299  -0.09038   0.04016
  -0.02299  -0.33038   0.04016
  -0.02299  -0.33038   0.04016
  -0.02299  -0.09038   0.04016
  -0.02299  -0.09038   0.04016
  -0.02299  -0.33038   0.04016
  -0.02299  -0.33038   0.04016
  -0.02299  -0.33038   0.04016
  -0.02299  -0.33038   0.04016
  -0.02299  -0.57038   0.04016
  -0.02299  -0.33038   0.04016
  -0.02299  -0.57038   0.04016
  -0.02299  -0.33038   0.04016
  -0.02299  -0.57038   0.04016
  -0.02299  -0.57038   0.04016
  -0.02299  -0.57038   0.04016
  -0.02299  -0.57038   0.04016
  -0.02299  -0.57038   0.04016
  -0.02299  -0.57038   0.04016
  -0.02299  -0.57038   0.04016
  -0.02299  -0.57038   0.04016
  -0.02299  -0.57038   0.04016
  -0.02299  -0.57038   0.04016
  -0.02299  -0.57038   0.04016
  -0.02299  -0.57038   0.04016
  -0.02299  -0.57038   0.04016
  -0.02299  -0.57038   0.04016
  -0.02299  -0.57038   0.04016
  -0.02299  -0.57038   0.04016
   0.21701  -0.33038   0.04016
  -0.02299  -0.33038   0.04016
  -0.02299  -0.33038   0.04016
  -0.02299  -0.33038   0.04016
  -0.02299  -0.33038   0.04016
  -0.02299  -0.33038   0.04016
  -0.02299  -0.33038   0.04016
   0.21701  -0.33038   0.04016
   0.21701  -0.33038   0.04016
   0.21701  -0.33038  -0.19984
   0.21701  -0.33038   0.04016
   0.21701  -0.09038   0.04016
   0.21701  -0.33038   0.04016
   0.21701  -0.09038  -0.19984
   0.21701  -0.09038  -0.19984
   0.21701  -0.09038   0.04016
   0.21701  -0.09038   0.04016
   0.21701  -0.09038   0.04016
  -0.02299  -0.09038  -0.19984
   0.21701  -0.09038   0.04016
   0.21701  -0.09038  -0.19984
   0.21701  -0.09038   0.04016
   0.21701  -0.09038  -0.19984
   0.21701  -0.09038  -0.19984
   0.21701  -0.09038  -0.19984
   0.21701  -0.09038  -0.19984
   0.21701  -0.09038  -0.19984
   0.21701  -0.09038  -0.19984
   0.21701  -0.09038  -0.19984
   0.21701  -0.09038  -0.19984
   0.21701  -0.09038  -0.19984
   0.21701  -0.09038  -0.19984
   0.21701  -0.09038  -0.19984
   0.21701  -0.09038  -0.19984
   0.21701  -0.09038  -0.19984
   0.21701  -0.09038  -0.19984
   0.21701  -0.09038  -0.19984
  -0.02299  -0.33038  -0.19984
   0.21701  -0.33038  -0.19984
   0.21701  -0.09038  -0.19984
   0.21701  -0.09038  -0.19984
   0.21701  -0.09038  -0.19984
   0.21701  -0.33038  -0.43984
  -0.02299  -0.33038  -0.19984
   0.21701  -0.09038  -0.19984
   0.21701  -0.09038  -0.19984
   0.21701  -0.09038  -0.19984
   0.21701  -0.09038  -0.19984
   0.21701  -0.09038  -0.43984
   0.21701  -0.09038  -0.43984
  -0.02299  -0.09038  -0.43984
   0.21701   0.14962  -0.19984
   0.21701  -0.09038  -0.19984
   0.21701  -0.09038  -0.43984
   0.21701  -0.09038  -0.43984
   0.21701  -0.09038  -0.19984
   0.21701  -0.09038  -0.19984
   0.21701   0.14962  -0.19984
   0.21701   0.14962  -0.43984
   0.21701   0.14962  -0.19984
   0.21701   0.14962  -0.43984
   0.21701   0.14962  -0.19984
   0.21701   0.14962  -0.43984
   0.21701   0.14962  -0.19984
   0.21701   0.14962  -0.19984
   0.21701   0.14962  -0.19984
   0.21701   0.14962  -0.43984
   0.21701   0.14962  -0.43984
   0.21701   0.14962  -0.19984
   0.21701   0.14962  -0.19984
  -0.02299   0.14962  -0.19984
  -0.02299   0.38962  -0.19984
  -0.02299   0.14962  -0.43984
  -0.02299   0.38962  -0.43984
  -0.02299   0.38962  -0.43984
   0.21701   0.38962  -0.43984
  -0.02299   0.38962  -0.43984
   0.21701   0.38962  -0.19984
  -0.02299   0.38962  -0.43984
  -0.02299   0.38962  -0.43984
  -0.02299   0.38962  -0.19984
  -0.02299   0.38962  -0.19984
  -0.02299   0.38962  -0.19984
  -0.02299   0.38962  -0.19984
  -0.02299   0.14962  -0.43984
  -0.02299   0.14962  -0.43984
  -0.02299   0.14962  -0.19984
   0.21701   0.38962  -0.19984
  -0.02299   0.14962  -0.19984
   0.21701   0.38962  -0.19984
  -0.02299   0.14962  -0.19984
  -0.02299   0.14962  -0.19984
  -0.02299   0.14962  -0.19984
   0.21701   0.14962  -0.19984
  -0.02299   0.14962  -0.19984
   0.21701   0.14962  -0.19984
   0.21701   0.14962  -0.19984
   0.21701   0.14962  -0.19984
   0.21701   0.14962  -0.19984
   0.21701   0.38962  -0.19984
  -0.02299   0.38962  -0.19984
   0.21701   0.38962  -0.19984
  -0.02299   0.14962  -0.19984
   0.21701   0.14962  -0.19984
  -0.02299   0.14962  -0.19984
  -0.02299   0.14962   0.04016
  -0.02299   0.14962  -0.19984
  -0.02299   0.14962  -0.19984
  -0.02299  -0.09038  -0.19984
  -0.02299   0.14962   0.04016
  -0.02299  -0.09038  -0.19984
   0.21701   0.14962  -0.19984
  -0.02299  -0.09038   0.04016
  -0.02299  -0.09038   0.04016
  -0.02299  -0.09038  -0.19984
  -0.02299  -0.09038   0.04016
  -0.02299   0.14962   0.04016
  -0.02299   0.14962   0.04016
  -0.02299  -0.09038   0.04016
  -0.02299   0.14962   0.04016
  -0.02299  -0.09038   0.04016
  -0.02299  -0.09038   0.04016
  -0.02299  -0.09038   0.04016
  -0.02299  -0.09038   0.04016
  -0.02299  -0.09038   0.04016
  -0.02299  -0.09038   0.04016
  -0.02299  -0.09038   0.04016
  -0.02299  -0.09038   0.04016
  -0.02299   0.14962   0.04016
  -0.02299   0.14962   0.04016
  -0.02299   0.14962   0.04016
  -0.02299   0.14962   0.04016
  -0.02299  -0.09038   0.04016
  -0.02299   0.14962   0.04016
  -0.02299   0.14962   0.04016
  -0.02299   0.14962   0.04016
  -0.02299   0.14962   0.04016
  -0.02299   0.14962   0.04016
  -0.02299   0.14962   0.04016
  -0.02299   0.14962   0.04016
  -0.02299   0.14962   0.04016
  -0.02299   0.14962   0.04016
  -0.02299   0.14962   0.04016
  -0.02299   0.14962   0.04016
  -0.02299   0.14962   0.04016
  -0.02299   0.14962   0.04016
  -0.26299   0.14962   0.04016
  -0.02299   0.14962   0.04016
  -0.02299   0.14962   0.04016
  -0.02299   0.14962   0.04016
  -0.02299   0.14962   0.04016
  -0.02299   0.14962   0.04016
  -0.02299  -0.09038   0.04016
  -0.02299   0.14962   0.28016
  -0.02299   0.14962   0.28016
  -0.02299   0.14962   0.28016
  -0.02299   0.14962   0.04016
  -0.02299   0.14962   0.28016
  -0.02299   0.14962   0.04016
  -0.02299   0.14962   0.04016
  -0.02299   0.14962   0.04016
  -0.02299   0.14962   0.04016
  -0.26299   0.14962   0.04016
  -0.26299   0.14962   0.04016
  -0.02299   0.14962   0.04016
  -0.02299   0.14962   0.28016
  -0.02299   0.14962   0.04016
  -0.02299   0.14962   0.28016
  -0.26299  -0.09038   0.04016
  -0.02299   0.14962   0.28016
  -0.02299   0.14962   0.28016
  -0.02299   0.14962   0.28016
  -0.26299   0.14962   0.28016
  -0.02299   0.14962   0.28016
  -0.26299  -0.09038   0.04016
  -0.26299   0.14962   0.04016
  -0.26299   0.14962   0.28016
  -0.26299   0.14962   0.04016
  -0.02299   0.14962   0.04016
  -0.26299   0.14962   0.04016
  -0.26299  -0.09038   0.04016
  -0.26299  -0.09038   0.04016
  -0.26299  -0.09038   0.28016
  -0.26299  -0.09038   0.04016
  -0.26299  -0.09038   0.04016
  -0.26299  -0.09038   0.04016
  -0.26299  -0.09038   0.04016
  -0.26299  -0.09038   0.04016
  -0.26299  -0.09038   0.04016
  -0.26299  -0.09038   0.04016
  -0.26299  -0.09038   0.04016
  -0.26299  -0.09038   0.04016
  -0.50299  -0.09038   0.04016
  -0.26299  -0.09038   0.04016
  -0.26299  -0.09038   0.04016
  -0.50299  -0.09038   0.04016
  -0.26299  -0.09038   0.04016
  -0.26299  -0.09038   0.04016
  -0.26299  -0.09038   0.04016
  -0.26299  -0.09038   0.04016
  -0.26299  -0.09038   0.04016
  -0.26299  -0.09038   0.04016
  -0.26299  -0.09038   0.04016
  -0.26299  -0.09038   0.04016
  -0.50299  -0.09038   0.04016
  -0.50299  -0.09038   0.04016
  -0.50299  -0.09038   0.04016
  -0.26299  -0.09038   0.04016
  -0.50299  -0.09038   0.04016
  -0.50299  -0.09038   0.04016
  -0.50299  -0.09038   0.04016
  -0.26299  -0.09038   0.04016
  -0.50299  -0.09038   0.04016
  -0.26299  -0.33038   0.04016
  -0.50299  -0.09038   0.04016
  -0.26299  -0.09038   0.04016
  -0.50299  -0.09038   0.04016
  -0.26299  -0.09038   0.04016
  -0.50299  -0.09038  -0.19984
  -0.50299  -0.09038   0.04016
  -0.26299  -0.09038  -0.19984
  -0.26299  -0.09038   0.04016
  -0.26299  -0.09038  -0.19984
  -0.26299  -0.09038  -0.19984
  -0.50299  -0.09038  -0.19984
  -0.26299  -0.09038  -0.19984
  -0.26299  -0.09038  -0.19984
  -0.26299   0.14962  -0.19984
  -0.50299   0.14962  -0.19984
  -0.26299   0.14962  -0.19984
  -0.26299  -0.09038  -0.19984
  -0.26299  -0.09038  -0.19984
  -0.50299  -0.09038  -0.19984
  -0.26299   0.14962   0.04016
  -0.26299   0.14962  -0.19984
  -0.26299   0.14962  -0.19984
  -0.26299  -0.09038  -0.19984
  -0.26299  -0.09038  -0.19984
  -0.26299  -0.09038  -0.19984
  -0.26299  -0.09038  -0.19984
  -0.26299  -0.09038  -0.19984
  -0.26299   0.14962  -0.19984
  -0.26299  -0.09038  -0.19984
  -0.26299  -0.09038  -0.19984
  -0.02299   0.14962   0.04016
  -0.02299   0.14962   0.04016
  -0.02299   0.14962  -0.19984
  -0.02299   0.14962  -0.19984
  -0.02299  -0.09038  -0.19984
  -0.02299   0.14962  -0.19984
  -0.02299   0.14962  -0.19984
  -0.02299   0.14962  -0.19984
  -0.02299   0.14962  -0.19984
  -0.02299   0.14962  -0.19984
  -0.02299   0.14962  -0.19984
  -0.02299   0.14962  -0.19984
  -0.02299   0.14962  -0.19984
  -0.02299   0.14962   0.04016
  -0.02299   0.14962  -0.19984
  -0.02299   0.14962  -0.19984
  -0.02299   0.14962  -0.19984
   0.21701   0.14962  -0.19984
  -0.02299   0.14962  -0.19984
   0.21701   0.38962  -0.19984
   0.21701   0.14962   0.04016
   0.21701   0.38962   0.04016
   0.21701   0.38962  -0.19984
   0.21701   0.38962  -0.19984
  -0.02299   0.14962  -0.19984
   0.21701   0.14962  -0.19984
   0.21701   0.14962  -0.19984
   0.21701   0.38962   0.04016
  -0.02299   0.14962   0.04016
   0.21701   0.38962   0.04016
   0.21701   0.14962   0.04016
   0.21701   0.14962   0.04016
   0.21701   0.38962   0.04016
   0.21701   0.38962   0.04016
   0.21701   0.14962   0.04016
   0.21701   0.38962   0.04016
   0.21701   0.14962   0.04016
   0.21701   0.14962   0.04016
   0.21701   0.14962   0.04016
   0.21701   0.38962   0.04016
   0.21701   0.14962   0.04016
   0.21701   0.14962   0.04016
   0.21701   0.14962   0.04016
   0.21701   0.14962   0.04016
   0.21701   0.14962   0.04016
   0.21701   0.14962   0.04016
   0.21701   0.14962   0.04016
   0.21701   0.14962   0.04016
  -0.02299   0.14962   0.04016
  -0.02299   0.14962   0.04016
  -0.02299   0.14962   0.04016
  -0.02299   0.14962   0.04016
  -0.02299   0.14962   0.04016
  -0.02299   0.14962   0.04016
  -0.02299  -0.09038   0.04016
  -0.02299   0.14962   0.04016
  -0.02299   0.14962   0.04016
   0.21701   0.14962   0.28016
  -0.02299  -0.09038   0.04016
  -0.02299   0.14962   0.04016
  -0.02299  -0.09038   0.04016
  -0.02299  -0.09038   0.04016
  -0.02299  -0.09038   0.04016
  -0.02299   0.14962   0.28016
  -0.02299  -0.09038   0.28016
  -0.02299  -0.09038   0.28016
  -0.02299  -0.09038   0.04016
  -0.02299  -0.09038   0.04016
  -0.02299  -0.09038   0.28016
  -0.02299  -0.09038   0.28016
  -0.02299  -0.09038   0.28016
  -0.02299   0.14962   0.28016
  -0.02299  -0.09038   0.28016
  -0.02299  -0.09038   0.28016
  -0.02299  -0.09038   0.28016
  -0.02299   0.14962   0.28016
  -0.02299   0.14962   0.28016
  -0.02299   0.14962   0.28016
  -0.02299  -0.09038   0.28016
  -0.02299  -0.09038   0.28016
  -0.02299  -0.09038   0.28016
  -0.02299   0.14962   0.28016
  -0.02299  -0.09038   0.28016
  -0.02299  -0.09038   0.28016
  -0.02299  -0.09038   0.28016
  -0.02299  -0.09038   0.28016
  -0.02299  -0.09038   0.28016
  -0.02299   0.14962   0.28016
  -0.02299   0.14962   0.28016
  -0.02299   0.14962   0.28016
  -0.02299  -0.09038   0.28016
  -0.02299  -0.09038   0.28016
  -0.02299  -0.09038   0.28016
  -0.02299   0.14962   0.28016
  -0.02299  -0.09038   0.28016
  -0.02299   0.14962   0.28016
  -0.02299  -0.09038   0.28016
  -0.02299  -0.09038   0.28016
  -0.02299  -0.09038   0.28016
  -0.02299  -0.09038   0.28016
  -0.02299  -0.09038   0.28016
  -0.02299  -0.09038   0.28016
  -0.02299  -0.09038   0.28016
  -0.02299  -0.09038   0.28016
  -0.02299  -0.09038   0.28016
  -0.02299  -0.09038   0.28016
  -0.02299  -0.09038   0.28016
  -0.02299  -0.09038   0.28016
  -0.02299  -0.33038   0.28016
  -0.02299  -0.09038   0.28016
  -0.02299  -0.09038   0.28016
  -0.02299  -0.09038   0.52016
  -0.02299  -0.09038   0.28016
  -0.02299   0.14962   0.28016
  -0.02299  -0.09038   0.28016
  -0.02299  -0.09038   0.28016
  -0.02299  -0.09038   0.28016
  -0.02299  -0.09038   0.28016
  -0.02299  -0.09038   0.28016
  -0.02299  -0.09038   0.28016
  -0.02299  -0.33038   0.28016
  -0.02299  -0.09038   0.28016
  -0.02299  -0.09038   0.28016
  -0.02299  -0.09038   0.28016
  -0.02299  -0.09038   0.28016
  -0.02299  -0.09038   0.28016
  -0.02299  -0.09038   0.04016
  -0.02299  -0.09038   0.28016
  -0.02299  -0.09038   0.28016
  -0.02299  -0.09038   0.28016
  -0.02299  -0.09038   0.28016
  -0.02299  -0.09038   0.28016
  -0.02299  -0.09038   0.04016
  -0.02299  -0.09038   0.28016
  -0.02299  -0.09038   0.28016
  -0.02299  -0.09038   0.28016
  -0.02299  -0.09038   0.28016
  -0.02299  -0.09038   0.28016
  -0.02299  -0.09038   0.28016
  -0.02299  -0.09038   0.28016
  -0.02299  -0.09038   0.28016
  -0.02299  -0.09038   0.28016
  -0.02299  -0.09038   0.28016
  -0.02299  -0.09038   0.28016
  -0.02299  -0.33038   0.28016
  -0.02299  -0.09038   0.28016
  -0.02299  -0.09038   0.28016
  -0.02299  -0.09038   0.28016
  -0.02299  -0.09038   0.28016
  -0.02299  -0.09038   0.28016
  -0.02299  -0.09038   0.28016
  -0.02299  -0.09038   0.28016
  -0.02299  -0.09038   0.28016
  -0.02299  -0.09038   0.28016
  -0.02299  -0.09038   0.28016
  -0.02299  -0.09038   0.28016
  -0.02299  -0.09038   0.28016
  -0.02299  -0.09038   0.28016
  -0.02299  -0.33038   0.04016
  -0.02299  -0.09038   0.04016
  -0.02299  -0.09038   0.04016
  -0.02299  -0.09038   0.04016
  -0.02299  -0.09038   0.04016
  -0.02299  -0.09038   0.04016
  -0.26299  -0.09038   0.04016
  -0.02299  -0.09038   0.04016
  -0.02299  -0.09038   0.04016
  -0.02299  -0.09038   0.04016
  -0.02299  -0.09038   0.04016
  -0.02299  -0.09038   0.04016
  -0.02299  -0.09038   0.04016
  -0.02299  -0.09038   0.04016
  -0.02299  -0.09038   0.04016
  -0.02299  -0.09038   0.04016
  -0.02299  -0.09038  -0.19984
  -0.02299  -0.09038   0.04016
  -0.02299  -0.09038   0.04016
  -0.02299  -0.09038   0.04016
  -0.02299  -0.09038   0.04016
  -0.02299  -0.09038   0.04016
  -0.02299   0.14962   0.04016
   0.21701   0.14962   0.04016
  -0.02299  -0.09038   0.04016
  -0.02299  -0.09038   0.04016
  -0.02299  -0.09038   0.04016
   0.21701  -0.09038  -0.19984
  -0.02299  -0.09038   0.04016
   0.21701  -0.09038   0.04016
  -0.02299  -0.09038   0.04016
  -0.02299  -0.09038   0.04016
  -0.02299   0.14962   0.04016
   0.21701   0.14962   0.04016
   0.21701   0.14962   0.04016
   0.21701   0.14962   0.04016
   0.21701  -0.09038  -0.19984
   0.21701   0.14962  -0.19984
   0.21701   0.14962  -0.19984
   0.21701  -0.09038  -0.19984
   0.21701  -0.09038  -0.19984
   0.21701  -0.09038   0.04016
   0.21701  -0.09038   0.04016
   0.21701  -0.09038   0.04016
   0.21701  -0.09038  -0.19984
   0.21701   0.14962  -0.19984
   0.21701  -0.09038  -0.19984
   0.21701   0.14962  -0.19984
   0.21701  -0.09038  -0.19984
   0.21701  -0.09038  -0.19984
   0.21701  -0.09038  -0.19984
   0.21701   0.14962  -0.19984
   0.45701  -0.09038  -0.19984
   0.45701   0.14962   0.04016
   0.45701   0.14962  -0.19984
   0.21701   0.14962  -0.19984
   0.21701   0.14962  -0.19984
   0.21701   0.14962  -0.19984
   0.21701   0.14962  -0.19984
   0.21701   0.14962  -0.19984
   0.21701   0.14962  -0.19984
   0.45701   0.14962  -0.19984
   0.45701   0.14962  -0.19984
   0.45701   0.14962  -0.19984
   0.45701   0.14962  -0.19984
   0.45701   0.14962  -0.19984
   0.45701   0.14962  -0.19984
   0.45701   0.14962  -0.19984
   0.45701   0.14962  -0.19984
   0.45701   0.14962   0.04016
   0.45701   0.14962   0.04016
   0.45701   0.38962   0.04016
   0.45701   0.14962   0.04016
   0.45701   0.14962  -0.19984
   0.45701   0.38962  -0.19984
   0.45701   0.38962   0.04016
   0.45701   0.38962  -0.19984
   0.45701   0.38962  -0.19984
   0.45701   0.38962  -0.19984
   0.45701   0.38962  -0.19984
   0.45701   0.38962  -0.19984
   0.45701   0.38962  -0.19984
   0.45701   0.38962  -0.19984
   0.45701   0.38962   0.04016
   0.45701   0.38962  -0.19984
   0.45701   0.38962  -0.19984
   0.45701   0.38962  -0.19984
   0.45701   0.62962  -0.19984
   0.45701   0.38962  -0.19984
   0.45701   0.38962  -0.19984
   0.45701   0.38962  -0.19984
   0.45701   0.38962  -0.19984
   0.45701   0.38962  -0.19984
   0.45701   0.62962  -0.19984
   0.45701   0.62962  -0.19984
   0.45701   0.62962  -0.19984
   0.21701   0.38962  -0.19984
   0.21701   0.38962  -0.19984
   0.21701   0.38962  -0.19984
   0.21701   0.38962  -0.19984
   0.21701   0.38962  -0.19984
   0.21701   0.38962  -0.19984
   0.21701   0.38962  -0.19984
   0.21701   0.38962  -0.19984
   0.21701   0.38962  -0.19984
   0.21701   0.38962  -0.19984
   0.21701   0.38962  -0.19984
   0.21701   0.38962  -0.19984
   0.21701   0.14962  -0.19984
   0.21701   0.38962  -0.19984
   0.21701   0.38962  -0.19984
   0.21701   0.38962  -0.19984
   0.21701   0.38962  -0.19984
   0.21701   0.38962  -0.19984
   0.21701   0.14962  -0.19984
   0.21701   0.14962  -0.19984
   0.21701   0.14962  -0.19984
   0.21701   0.38962  -0.19984
   0.21701   0.14962  -0.19984
   0.21701   0.14962  -0.19984
   0.21701   0.14962  -0.19984
   0.21701   0.14962  -0.19984
   0.21701   0.14962  -0.19984
   0.21701   0.14962  -0.19984
   0.21701   0.14962  -0.19984
   0.21701   0.14962  -0.19984
   0.21701   0.14962  -0.19984
   0.21701   0.14962  -0.19984
   0.21701  -0.09038  -0.19984
   0.21701   0.14962  -0.19984
   0.21701   0.14962  -0.19984
   0.21701   0.14962  -0.19984
   0.21701   0.14962  -0.19984
   0.21701   0.14962  -0.19984
   0.21701  -0.09038  -0.19984
   0.21701  -0.09038  -0.19984
   0.21701  -0.09038  -0.19984
   0.21701  -0.09038  -0.19984
   0.21701  -0.09038  -0.19984
   0.21701  -0.09038  -0.19984
   0.21701  -0.09038  -0.19984
   0.21701  -0.09038  -0.19984
   0.21701  -0.09038  -0.19984
   0.21701  -0.09038  -0.19984
   0.21701  -0.09038  -0.19984
   0.21701  -0.09038  -0.19984
   0.21701  -0.33038  -0.19984
   0.21701  -0.33038  -0.19984
   0.21701  -0.33038   0.04016
   0.21701  -0.09038   0.04016
   0.21701  -0.09038  -0.19984
   0.21701  -0.09038  -0.19984
  -0.02299  -0.33038  -0.19984
   0.21701  -0.33038  -0.19984
   0.21701  -0.57038  -0.19984
   0.21701  -0.33038  -0.19984
   0.21701  -0.33038   0.04016
   0.21701  -0.33038  -0.19984
   0.21701  -0.33038  -0.19984
   0.21701  -0.33038   0.04016
   0.21701  -0.33038   0.04016
   0.21701  -0.33038   0.04016
   0.21701  -0.33038   0.04016
  -0.02299  -0.33038   0.04016
  -0.02299  -0.57038   0.04016
  -0.02299  -0.33038   0.04016
  -0.02299  -0.33038   0.04016
   0.21701  -0.57038   0.04016
   0.21701  -0.33038   0.04016
   0.21701  -0.33038   0.04016
   0.21701  -0.33038   0.04016
  -0.02299  -0.33038  -0.19984
   0.21701  -0.33038   0.04016
   0.21701  -0.33038   0.04016
   0.21701  -0.33038   0.04016
   0.21701  -0.33038   0.04016
  -0.02299  -0.57038   0.04016
  -0.02299  -0.33038   0.04016
  -0.02299  -0.33038   0.04016
  -0.02299  -0.33038   0.04016
  -0.02299  -0.33038   0.04016
  -0.02299  -0.33038   0.04016
  -0.02299  -0.33038   0.04016
  -0.02299  -0.33038   0.04016
  -0.02299  -0.33038   0.04016
  -0.02299  -0.09038   0.04016
   0.21701  -0.09038   0.04016
   0.21701  -0.09038   0.04016
   0.21701  -0.09038   0.04016
  -0.02299  -0.09038   0.04016
  -0.02299  -0.33038   0.04016
   0.21701  -0.33038   0.04016
   0.21701  -0.33038   0.04016
   0.21701  -0.33038   0.04016
   0.21701  -0.33038   0.04016
   0.21701  -0.09038   0.04016
  -0.02299  -0.33038   0.04016
  -0.02299  -0.09038   0.04016
  -0.02299  -0.09038   0.04016
  -0.02299  -0.09038   0.04016
   0.21701  -0.09038   0.04016
   0.21701  -0.09038   0.04016
  -0.02299  -0.09038   0.04016
  -0.02299  -0.09038   0.04016
  -0.02299  -0.09038   0.04016
  -0.02299  -0.09038   0.04016
  -0.02299  -0.09038   0.04016
   0.21701  -0.09038   0.04016
  -0.02299  -0.33038   0.04016
  -0.02299  -0.33038   0.04016
  -0.02299  -0.09038   0.04016
  -0.02299  -0.09038   0.04016
  -0.02299  -0.09038   0.04016
  -0.02299  -0.09038   0.04016
  -0.02299  -0.09038  -0.19984
  -0.02299  -0.09038  -0.19984
  -0.02299  -0.09038  -0.19984
  -0.02299  -0.09038  -0.19984
  -0.02299  -0.09038  -0.19984
  -0.02299  -0.09038  -0.19984
  -0.02299  -0.09038  -0.19984
  -0.02299  -0.09038  -0.19984
  -0.02299  -0.09038  -0.19984
  -0.02299  -0.09038  -0.19984
  -0.02299  -0.09038  -0.19984
  -0.02299  -0.09038  -0.19984
  -0.02299  -0.09038  -0.19984
  -0.02299  -0.09038  -0.19984
  -0.02299  -0.09038  -0.19984
  -0.02299   0.14962  -0.19984
  -0.02299  -0.09038  -0.19984
  -0.02299   0.14962  -0.19984
  -0.02299  -0.09038  -0.19984
  -0.02299  -0.09038  -0.19984
  -0.02299  -0.09038  -0.19984
  -0.02299   0.14962  -0.19984
  -0.02299  -0.09038  -0.19984
  -0.02299   0.14962  -0.19984
  -0.02299  -0.09038  -0.19984
  -0.02299  -0.09038  -0.19984
  -0.02299  -0.09038  -0.19984
  -0.02299   0.14962  -0.19984
  -0.26299  -0.09038  -0.19984
  -0.02299   0.14962  -0.19984
  -0.02299   0.14962  -0.19984
  -0.02299   0.14962  -0.19984
  -0.26299   0.14962  -0.19984
  -0.02299   0.14962  -0.19984
  -0.26299   0.14962  -0.19984
  -0.02299   0.14962  -0.19984
  -0.02299  -0.09038  -0.19984
  -0.02299  -0.09038  -0.19984
  -0.02299   0.14962  -0.19984
  -0.02299   0.14962  -0.19984
  -0.02299  -0.09038  -0.19984
  -0.02299   0.14962   0.04016
  -0.02299  -0.09038  -0.19984
  -0.02299  -0.09038   0.04016
  -0.02299   0.14962   0.04016
  -0.02299   0.14962   0.04016
  -0.02299   0.14962   0.04016
  -0.02299   0.14962   0.04016
  -0.02299   0.14962  -0.19984
  -0.26299   0.14962   0.04016
  -0.02299   0.14962   0.04016
  -0.02299   0.14962   0.04016
  -0.02299   0.14962   0.04016
  -0.02299   0.14962   0.04016
  -0.26299   0.14962   0.04016
  -0.26299   0.14962   0.04016
  -0.02299   0.14962   0.04016
  -0.02299   0.38962   0.04016
  -0.26299   0.14962   0.04016
  -0.26299   0.38962   0.04016
  -0.26299   0.14962   0.04016
  -0.26299   0.38962   0.04016
  -0.26299   0.38962   0.04016
  -0.26299   0.38962   0.04016
  -0.26299   0.38962   0.04016
  -0.26299   0.38962   0.04016
  -0.26299   0.38962   0.04016
  -0.26299   0.38962   0.04016
  -0.02299   0.38962   0.04016
  -0.26299   0.38962   0.04016
  -0.26299   0.38962   0.04016
  -0.26299   0.62962   0.04016
  -0.26299   0.38962   0.04016
  -0.26299   0.62962   0.04016
  -0.26299   0.62962   0.04016
  -0.26299   0.62962   0.04016
  -0.26299   0.62962   0.04016
  -0.26299   0.62962   0.04016
  -0.26299   0.38962   0.04016
  -0.26299   0.38962   0.04016
  -0.26299   0.38962   0.04016
  -0.26299   0.62962   0.04016
  -0.26299   0.38962   0.04016
  -0.26299   0.62962   0.04016
  -0.26299   0.38962   0.04016
  -0.26299   0.38962   0.04016
  -0.26299   0.62962   0.04016
  -0.26299   0.62962   0.04016
  -0.26299   0.38962   0.04016
  -0.26299   0.62962   0.04016
  -0.26299   0.38962   0.04016
  -0.26299   0.62962   0.04016
  -0.26299   0.62962   0.04016
  -0.26299   0.62962   0.04016
  -0.26299   0.62962   0.04016
  -0.26299   0.62962   0.04016
  -0.50299   0.38962   0.04016
  -0.26299   0.38962   0.04016
  -0.26299   0.38962   0.04016
  -0.26299   0.38962   0.04016
  -0.26299   0.38962   0.04016
  -0.26299   0.38962   0.04016
  -0.26299   0.38962   0.04016
  -0.26299   0.38962   0.04016
  -0.26299   0.14962   0.04016
  -0.26299   0.38962   0.04016
  -0.26299   0.14962   0.04016
  -0.26299   0.14962   0.04016
  -0.50299   0.14962   0.04016
  -0.50299   0.14962   0.04016
  -0.26299   0.14962   0.04016
  -0.26299   0.14962   0.04016
  -0.26299   0.14962   0.04016
  -0.50299   0.14962   0.04016
  -0.26299  -0.09038   0.04016
  -0.26299  -0.09038   0.04016
  -0.26299  -0.09038   0.04016
  -0.50299  -0.09038   0.04016
  -0.26299  -0.09038   0.04016
  -0.26299  -0.09038   0.04016
  -0.26299  -0.09038   0.04016
  -0.26299  -0.09038   0.04016
  -0.26299  -0.09038   0.04016
  -0.26299  -0.09038   0.04016
  -0.26299  -0.09038   0.04016
  -0.26299  -0.09038   0.04016
  -0.26299  -0.33038   0.04016
  -0.26299  -0.33038   0.04016
  -0.26299  -0.33038   0.04016
  -0.26299  -0.33038   0.04016
  -0.26299  -0.33038  -0.19984
  -0.26299  -0.33038   0.04016
  -0.26299  -0.33038   0.04016
  -0.26299  -0.33038   0.04016
  -0.26299  -0.33038   0.04016
  -0.26299  -0.33038   0.04016
  -0.26299  -0.33038   0.04016
  -0.26299  -0.33038   0.04016
  -0.26299  -0.57038   0.04016
  -0.26299  -0.57038   0.04016
  -0.26299  -0.57038   0.04016
  -0.26299  -0.33038   0.04016
  -0.26299  -0.33038   0.04016
  -0.26299  -0.33038   0.04016
  -0.26299  -0.33038   0.04016
  -0.26299  -0.57038   0.04016
  -0.26299  -0.57038   0.04016
  -0.26299  -0.33038   0.04016
  -0.50299  -0.33038   0.04016
  -0.26299  -0.33038   0.04016
  -0.26299  -0.33038   0.04016
  -0.26299  -0.33038   0.04016
  -0.26299  -0.33038   0.04016
  -0.26299  -0.33038   0.04016
  -0.26299  -0.33038   0.04016
  -0.26299  -0.33038   0.04016
  -0.50299  -0.33038   0.04016
  -0.26299  -0.33038   0.04016
  -0.26299  -0.33038   0.04016
  -0.26299  -0.33038   0.04016
  -0.26299  -0.33038   0.04016
  -0.50299  -0.09038   0.04016
  -0.26299  -0.09038   0.04016
  -0.26299  -0.09038   0.28016
  -0.50299  -0.33038   0.04016
  -0.50299  -0.33038   0.04016
  -0.50299  -0.33038   0.04016
  -0.26299  -0.09038   0.28016
  -0.26299  -0.09038   0.28016
  -0.26299  -0.09038   0.04016
  -0.26299  -0.09038   0.28016
  -0.26299  -0.09038   0.28016
  -0.50299  -0.09038   0.28016
  -0.26299  -0.09038   0.28016
  -0.50299  -0.33038   0.04016
  -0.26299  -0.09038   0.28016
  -0.50299  -0.09038   0.28016
  -0.26299  -0.09038   0.28016
  -0.50299  -0.09038   0.28016
  -0.50299  -0.09038   0.28016
  -0.50299  -0.09038   0.28016
  -0.50299  -0.09038   0.28016
  -0.50299  -0.09038   0.28016
  -0.26299  -0.09038   0.28016
  -0.50299  -0.09038   0.28016
  -0.50299  -0.09038   0.28016
  -0.50299  -0.09038   0.28016
  -0.26299   0.14962   0.28016
  -0.50299  -0.09038   0.28016
  -0.50299  -0.09038   0.28016
  -0.50299  -0.09038   0.28016
  -0.50299  -0.09038   0.28016
  -0.50299  -0.09038   0.28016
  -0.50299  -0.09038   0.28016
  -0.50299  -0.09038   0.28016
  -0.26299   0.14962   0.28016
  -0.50299  -0.09038   0.28016
  -0.50299  -0.09038   0.28016
  -0.50299   0.14962   0.28016
  -0.26299   0.14962   0.28016
  -0.26299   0.14962   0.28016
  -0.26299   0.14962   0.28016
  -0.26299  -0.09038   0.28016
  -0.26299   0.14962   0.28016
  -0.26299   0.14962   0.28016
  -0.26299   0.14962   0.04016
  -0.26299   0.14962   0.28016
  -0.26299   0.14962   0.28016
  -0.26299   0.14962   0.28016
  -0.26299   0.14962   0.28016
  -0.26299   0.14962   0.28016
  -0.26299   0.14962   0.28016
  -0.26299   0.14962   0.28016
  -0.26299   0.14962   0.28016
  -0.26299   0.14962   0.28016
  -0.26299   0.14962   0.28016
  -0.26299   0.14962   0.28016
  -0.26299   0.38962   0.04016
  -0.26299   0.14962   0.28016
  -0.26299   0.14962   0.28016
  -0.26299   0.14962   0.04016
  -0.26299   0.14962   0.04016
  -0.26299   0.14962   0.04016
  -0.02299   0.14962   0.28016
  -0.26299   0.14962   0.04016
  -0.26299   0.14962   0.04016
  -0.26299   0.14962   0.04016
  -0.26299   0.14962   0.04016
  -0.26299   0.14962   0.04016
  -0.02299   0.14962   0.04016
  -0.02299   0.14962   0.04016
  -0.02299   0.14962   0.04016
  -0.26299   0.14962   0.04016
  -0.02299   0.14962   0.04016
  -0.02299   0.14962   0.04016
  -0.02299   0.14962   0.04016
  -0.02299   0.14962   0.04016
  -0.02299   0.14962   0.04016
  -0.02299   0.14962   0.04016
  -0.02299  -0.09038   0.04016
  -0.02299   0.14962   0.04016
  -0.02299   0.14962   0.04016
  -0.02299   0.14962   0.04016
  -0.02299   0.14962   0.04016
  -0.02299  -0.09038  -0.19984
  -0.02299  -0.09038   0.04016
   0.21701  -0.09038  -0.19984
   0.21701   0.14962   0.04016
   0.21701   0.14962   0.04016
   0.21701   0.14962   0.04016
   0.21701   0.14962  -0.19984
   0.21701   0.14962   0.04016
   0.21701   0.14962   0.04016
   0.21701   0.14962   0.04016
   0.21701   0.14962   0.04016
   0.21701   0.14962   0.04016
   0.21701   0.14962   0.04016
   0.21701   0.14962   0.04016
   0.21701   0.14962   0.04016
   0.21701   0.14962   0.04016
   0.21701   0.14962   0.04016
   0.45701   0.14962   0.04016
   0.21701   0.14962   0.04016
   0.45701   0.14962   0.04016
   0.45701   0.14962   0.04016
   0.45701   0.38962   0.04016
   0.45701   0.14962   0.04016
   0.45701   0.38962   0.04016
   0.45701   0.14962   0.04016
   0.21701   0.14962   0.04016
   0.45701   0.14962   0.04016
   0.45701   0.14962   0.04016
   0.45701   0.14962   0.04016
   0.45701   0.14962   0.28016
   0.45701   0.14962   0.04016
   0.45701   0.14962   0.04016
   0.45701   0.14962   0.04016
   0.45701   0.14962   0.04016
   0.45701   0.14962   0.04016
   0.45701   0.14962   0.04016
   0.45701   0.14962   0.04016
   0.45701   0.14962   0.04016
   0.45701   0.14962   0.04016
   0.45701   0.14962   0.04016
   0.45701   0.14962   0.04016
   0.45701   0.14962   0.28016
   0.45701   0.14962   0.04016
   0.45701   0.14962   0.04016
   0.69701   0.14962   0.04016
   0.69701   0.14962   0.28016
   0.45701   0.14962   0.04016
   0.69701   0.14962   0.28016
   0.45701  -0.09038   0.04016
   0.69701   0.14962   0.04016
   0.69701   0.14962   0.04016
   0.69701   0.14962   0.28016
   0.69701  -0.09038   0.04016
   0.45701   0.14962   0.28016
   0.45701  -0.09038   0.04016
   0.45701  -0.09038   0.04016
   0.69701  -0.09038   0.28016
   0.69701   0.14962   0.28016
   0.69701   0.14962   0.28016
   0.69701  -0.09038   0.04016
   0.45701  -0.09038   0.04016
   0.45701  -0.09038   0.04016
   0.45701  -0.09038   0.04016
   0.69701  -0.09038   0.28016
   0.45701  -0.09038   0.04016
   0.69701  -0.09038   0.28016
   0.45701  -0.09038   0.04016
   0.45701  -0.09038   0.04016
   0.69701  -0.09038   0.04016
   0.45701  -0.09038   0.04016
   0.45701  -0.33038   0.04016
   0.45701  -0.09038   0.04016
   0.45701  -0.33038   0.04016
   0.45701  -0.33038   0.04016
   0.45701  -0.33038   0.04016
   0.45701  -0.33038   0.04016
   0.45701  -0.33038   0.04016
   0.45701  -0.33038   0.04016
   0.45701  -0.57038   0.04016
   0.45701  -0.33038   0.04016
   0.45701  -0.33038   0.04016
   0.45701  -0.33038   0.04016
   0.45701  -0.33038   0.04016
   0.45701  -0.33038   0.04016
   0.45701  -0.33038   0.04016
   0.45701  -0.33038   0.04016
   0.45701  -0.33038   0.04016
   0.45701  -0.33038   0.04016
   0.45701  -0.33038   0.04016
   0.45701  -0.33038   0.04016
   0.45701  -0.57038   0.04016
   0.45701  -0.33038   0.04016
   0.45701  -0.33038   0.04016
   0.45701  -0.09038   0.04016
   0.45701  -0.09038   0.04016
   0.45701  -0.09038   0.04016
   0.21701  -0.09038  -0.19984
   0.45701  -0.09038   0.04016
   0.45701  -0.09038   0.04016
   0.45701  -0.09038   0.04016
   0.21701  -0.09038  -0.19984
   0.45701  -0.09038   0.04016
   0.45701  -0.09038   0.04016
   0.45701  -0.09038  -0.19984
   0.45701  -0.09038  -0.19984
   0.21701  -0.09038   0.04016
   0.45701  -0.09038  -0.19984
   0.45701  -0.09038  -0.19984
   0.21701  -0.09038  -0.19984
   0.21701   0.14962  -0.19984
   0.21701   0.14962  -0.19984
   0.45701   0.14962   0.04016
   0.21701   0.14962  -0.19984
   0.21701   0.14962  -0.19984
   0.21701  -0.09038  -0.19984
   0.21701  -0.09038  -0.19984
   0.21701   0.14962  -0.19984
   0.45701   0.14962   0.04016
   0.45701   0.14962   0.04016
   0.45701   0.38962   0.04016
   0.21701   0.14962  -0.19984
   0.21701   0.14962   0.04016
   0.21701   0.14962  -0.19984
   0.21701   0.14962  -0.19984
   0.21701   0.14962  -0.19984
   0.21701   0.38962   0.04016
   0.21701   0.14962   0.04016
   0.45701   0.38962  -0.19984
   0.21701   0.14962  -0.19984
   0.21701   0.14962   0.04016
   0.21701   0.14962   0.04016
   0.21701   0.38962   0.04016
   0.21701   0.14962  -0.19984
   0.21701   0.38962  -0.19984
   0.21701   0.14962  -0.19984
   0.21701   0.38962  -0.19984
   0.21701   0.38962   0.04016
   0.21701   0.38962   0.04016
   0.21701   0.38962   0.04016
   0.21701   0.38962   0.04016
   0.21701   0.14962   0.04016
   0.21701   0.14962  -0.19984
   0.21701   0.14962  -0.19984
   0.21701   0.38962   0.04016
   0.21701   0.38962   0.04016
   0.21701   0.38962   0.04016
   0.21701   0.38962  -0.19984
   0.21701   0.38962  -0.19984
   0.21701   0.38962  -0.19984
   0.21701   0.38962   0.04016
   0.21701   0.38962  -0.19984
   0.21701   0.38962  -0.19984
   0.21701   0.14962  -0.19984
   0.21701   0.38962  -0.19984
   0.21701   0.38962   0.04016
   0.21701   0.38962   0.04016
   0.21701   0.38962  -0.19984
   0.21701   0.38962  -0.19984
   0.21701   0.14962  -0.19984
   0.21701   0.14962  -0.19984
   0.21701   0.14962  -0.19984
   0.21701   0.14962  -0.19984
   0.21701   0.14962  -0.19984
   0.21701   0.14962  -0.19984
  -0.02299   0.14962  -0.19984
  -0.02299   0.14962  -0.19984
  -0.02299   0.14962  -0.19984
  -0.02299   0.14962  -0.19984
  -0.02299   0.14962  -0.19984
  -0.02299   0.14962  -0.19984
  -0.02299   0.14962  -0.19984
  -0.02299   0.14962  -0.19984
  -0.02299   0.14962  -0.19984
  -0.02299   0.14962  -0.19984
  -0.02299  -0.09038  -0.19984
  -0.02299   0.14962  -0.19984
  -0.02299  -0.09038  -0.19984
  -0.02299  -0.09038  -0.19984
  -0.02299  -0.09038  -0.19984
  -0.02299  -0.09038  -0.19984
  -0.02299  -0.09038  -0.19984
  -0.02299   0.14962  -0.19984
  -0.02299  -0.09038  -0.19984
  -0.02299  -0.09038  -0.19984
  -0.26299  -0.09038  -0.19984
  -0.02299  -0.09038  -0.19984
  -0.02299  -0.09038  -0.19984
  -0.26299  -0.09038  -0.19984
  -0.26299  -0.09038  -0.19984
  -0.02299  -0.09038  -0.19984
  -0.26299  -0.09038  -0.19984
  -0.26299  -0.09038  -0.19984
  -0.26299  -0.09038  -0.19984
  -0.26299  -0.09038  -0.19984
  -0.26299  -0.09038  -0.19984
  -0.26299  -0.09038  -0.19984
  -0.26299  -0.33038  -0.19984
  -0.26299  -0.33038  -0.19984
  -0.26299  -0.33038  -0.19984
  -0.26299  -0.09038  -0.19984
  -0.26299  -0.33038  -0.19984
  -0.26299  -0.09038  -0.19984
  -0.26299  -0.33038  -0.19984
  -0.26299  -0.33038  -0.19984
  -0.26299  -0.33038  -0.19984
  -0.26299  -0.33038  -0.19984
  -0.26299  -0.33038  -0.19984
  -0.26299  -0.33038  -0.19984
  -0.26299  -0.33038  -0.19984
  -0.26299  -0.33038  -0.19984
  -0.26299  -0.33038  -0.19984
  -0.26299  -0.33038  -0.19984
  -0.26299  -0.33038  -0.19984
  -0.26299  -0.33038  -0.19984
  -0.26299  -0.33038  -0.19984
  -0.26299  -0.33038  -0.19984
  -0.26299  -0.33038  -0.19984
  -0.02299  -0.09038  -0.19984
  -0.02299  -0.09038  -0.19984
  -0.26299  -0.09038  -0.19984
  -0.26299  -0.33038  -0.19984
  -0.26299  -0.09038  -0.19984
  -0.26299  -0.09038  -0.19984
  -0.02299  -0.09038  -0.19984
  -0.02299  -0.09038  -0.19984
  -0.02299  -0.09038  -0.19984
  -0.02299  -0.09038  -0.19984
  -0.02299  -0.09038  -0.19984
  -0.02299  -0.09038  -0.19984
  -0.02299  -0.09038  -0.19984
  -0.02299  -0.09038  -0.19984
  -0.02299  -0.09038  -0.19984
  -0.02299  -0.09038  -0.19984
  -0.02299   0.14962  -0.19984
  -0.02299   0.14962  -0.19984
  -0.02299   0.14962  -0.19984
  -0.02299   0.14962  -0.19984
  -0.02299   0.14962  -0.19984
  -0.02299   0.14962  -0.19984
  -0.02299   0.14962  -0.19984
  -0.02299   0.14962  -0.19984
  -0.02299   0.14962  -0.19984
  -0.02299   0.14962  -0.19984
  -0.02299   0.14962  -0.19984
  -0.02299   0.14962  -0.19984
  -0.02299   0.14962  -0.19984
  -0.02299   0.14962  -0.19984
  -0.02299   0.14962  -0.19984
  -0.02299   0.14962  -0.19984
  -0.02299   0.14962  -0.19984
  -0.02299   0.14962  -0.19984
  -0.02299   0.14962  -0.19984
   0.21701   0.14962  -0.19984
   0.21701   0.14962   0.04016
  -0.02299   0.14962  -0.19984
   0.21701   0.14962   0.04016
   0.21701   0.14962  -0.19984
  -0.02299   0.14962  -0.19984
  -0.02299   0.14962  -0.19984
   0.21701   0.14962   0.04016
   0.21701   0.14962  -0.19984
   0.21701   0.14962  -0.19984
  -0.02299  -0.09038  -0.19984
  -0.02299  -0.09038   0.04016
   0.21701  -0.09038   0.04016
   0.21701  -0.09038   0.04016
  -0.02299  -0.09038   0.04016
   0.21701  -0.09038   0.04016
   0.21701  -0.09038   0.04016
  -0.02299  -0.09038   0.04016
   0.21701  -0.09038  -0.19984
   0.21701  -0.09038   0.04016
   0.21701   0.14962  -0.19984
   0.21701  -0.09038   0.04016
   0.21701  -0.09038  -0.19984
   0.21701   0.14962   0.04016
  -0.02299   0.14962  -0.19984
  -0.02299   0.14962   0.04016
  -0.02299   0.14962   0.04016
  -0.02299   0.14962   0.04016
  -0.02299  -0.09038   0.04016
  -0.02299  -0.09038   0.04016
  -0.02299   0.14962   0.04016
  -0.02299   0.14962   0.04016
  -0.02299   0.14962   0.04016
  -0.02299   0.14962   0.04016
  -0.02299  -0.09038   0.04016
  -0.02299  -0.09038   0.04016
  -0.02299   0.14962   0.04016
  -0.02299   0.14962   0.04016
  -0.02299   0.14962   0.04016
  -0.02299   0.14962   0.04016
  -0.02299   0.14962   0.04016
  -0.02299  -0.09038   0.04016
  -0.02299   0.14962   0.04016
  -0.02299  -0.09038   0.04016
  -0.02299   0.14962   0.04016
  -0.02299   0.14962   0.04016
  -0.26299  -0.09038   0.04016
  -0.26299   0.14962   0.04016
  -0.26299   0.14962   0.04016
  -0.26299   0.14962   0.04016
  -0.26299   0.14962   0.04016
  -0.02299   0.14962   0.04016
  -0.26299  -0.09038   0.04016
  -0.26299  -0.09038   0.04016
  -0.26299   0.14962   0.04016
  -0.26299   0.14962   0.04016
  -0.26299   0.14962   0.04016
  -0.26299  -0.09038   0.04016
  -0.26299  -0.09038   0.04016
  -0.26299   0.14962   0.04016
  -0.26299  -0.09038   0.04016
  -0.26299   0.14962   0.04016
  -0.26299   0.14962   0.04016
  -0.26299   0.14962   0.04016
  -0.26299   0.14962   0.04016
  -0.26299   0.14962   0.04016
  -0.26299  -0.09038   0.04016
  -0.26299   0.14962   0.04016
  -0.26299  -0.09038   0.04016
  -0.26299   0.14962   0.04016
  -0.26299   0.14962   0.04016
  -0.26299   0.14962   0.04016
  -0.26299  -0.33038   0.04016
  -0.26299  -0.09038   0.04016
  -0.26299   0.14962   0.04016
  -0.26299   0.14962   0.04016
  -0.26299   0.14962   0.04016
  -0.26299   0.14962   0.04016
  -0.26299  -0.09038   0.04016
  -0.26299  -0.09038   0.04016
  -0.26299  -0.09038   0.04016
  -0.26299   0.14962   0.04016
  -0.26299   0.14962   0.04016
  -0.26299   0.14962   0.04016
  -0.26299  -0.09038   0.04016
  -0.26299  -0.09038   0.04016
  -0.26299  -0.09038   0.04016
  -0.26299   0.14962   0.04016
  -0.26299  -0.09038   0.04016
  -0.26299   0.14962   0.28016
  -0.26299  -0.09038   0.04016
  -0.26299  -0.09038   0.04016
  -0.26299   0.14962   0.04016
  -0.02299   0.14962   0.28016
  -0.26299   0.14962   0.04016
  -0.26299  -0.09038   0.28016
  -0.26299  -0.09038   0.04016
  -0.02299  -0.09038   0.04016
  -0.02299  -0.09038   0.28016
  -0.02299   0.14962   0.28016
  -0.02299   0.14962   0.28016
  -0.02299   0.14962   0.28016
  -0.26299  -0.09038   0.04016
  -0.02299   0.14962   0.28016
  -0.26299   0.14962   0.28016
  -0.02299   0.14962   0.04016
  -0.02299  -0.09038   0.28016
  -0.02299   0.14962   0.28016
  -0.02299  -0.09038   0.28016
  -0.02299   0.14962   0.28016
  -0.26299  -0.09038   0.28016
  -0.02299   0.14962   0.28016
  -0.02299   0.14962   0.28016
  -0.02299   0.14962   0.28016
  -0.26299   0.14962   0.04016
  -0.02299   0.14962   0.28016
  -0.26299   0.14962   0.28016
  -0.02299   0.14962   0.28016
  -0.02299   0.14962   0.28016
  -0.02299   0.14962   0.28016
  -0.02299   0.14962   0.28016
  -0.02299   0.14962   0.28016
  -0.02299   0.14962   0.28016
  -0.02299   0.14962   0.28016
  -0.02299   0.14962   0.28016
  -0.02299   0.14962   0.28016
  -0.02299  -0.09038   0.04016
  -0.02299   0.14962   0.28016
  -0.02299   0.14962   0.28016
  -0.02299   0.14962   0.28016
  -0.02299   0.14962   0.28016
  -0.02299   0.14962   0.28016
  -0.02299  -0.09038   0.28016
  -0.02299   0.14962   0.28016
   0.21701   0.14962   0.28016
  -0.02299   0.14962   0.28016
   0.21701   0.14962   0.04016
   0.21701   0.14962   0.28016
  -0.02299   0.14962   0.28016
  -0.02299   0.14962   0.28016
  -0.02299   0.14962   0.04016
   0.21701   0.14962   0.28016
   0.21701   0.14962   0.28016
   0.21701   0.14962   0.28016
   0.21701   0.14962   0.28016
  -0.02299   0.14962   0.28016
   0.21701   0.14962   0.04016
   0.21701   0.14962   0.04016
   0.21701   0.14962   0.04016
   0.21701   0.14962   0.04016
   0.21701   0.14962   0.04016
   0.21701   0.14962   0.04016
   0.21701   0.14962   0.04016
   0.21701   0.14962   0.04016
   0.21701   0.14962   0.04016
   0.21701   0.14962   0.28016
   0.21701   0.14962   0.04016
   0.21701   0.14962   0.04016
   0.21701   0.14962   0.04016
   0.21701   0.14962   0.28016
   0.21701   0.14962   0.04016
   0.21701   0.14962   0.04016
   0.21701   0.14962   0.04016
   0.21701  -0.09038   0.04016
   0.21701   0.14962   0.04016
   0.21701   0.14962   0.28016
   0.21701   0.14962   0.04016
   0.21701   0.14962   0.04016
   0.21701  -0.09038   0.04016
   0.21701  -0.09038   0.04016
  -0.02299  -0.09038   0.04016
   0.21701  -0.09038   0.04016
   0.21701  -0.09038   0.04016
   0.21701  -0.09038   0.04016
  -0.02299  -0.09038   0.04016
  -0.02299  -0.09038   0.04016
  -0.02299  -0.09038   0.04016
  -0.02299  -0.09038   0.04016
  -0.02299  -0.09038   0.04016
  -0.02299  -0.09038   0.04016
  -0.02299  -0.09038   0.04016
  -0.02299  -0.09038   0.04016
  -0.02299  -0.09038   0.04016
  -0.02299  -0.09038   0.04016
  -0.02299  -0.33038   0.04016
  -0.02299  -0.09038   0.04016
  -0.02299  -0.09038   0.04016
  -0.02299  -0.09038   0.04016
  -0.26299  -0.33038   0.04016
  -0.02299  -0.09038   0.04016
  -0.02299  -0.33038   0.04016
  -0.02299  -0.09038   0.04016
  -0.02299  -0.09038   0.04016
  -0.02299  -0.09038   0.04016
  -0.02299  -0.09038   0.04016
  -0.02299  -0.09038   0.04016
  -0.02299  -0.09038   0.04016
  -0.02299  -0.09038   0.04016
  -0.02299  -0.09038   0.04016
  -0.02299  -0.09038   0.04016
  -0.02299  -0.33038   0.04016
  -0.02299  -0.09038   0.04016
  -0.02299  -0.09038   0.04016
  -0.02299  -0.09038   0.04016
  -0.02299  -0.09038   0.04016
  -0.02299  -0.09038   0.04016
  -0.02299  -0.09038   0.04016
  -0.02299  -0.09038   0.04016
  -0.02299  -0.09038   0.04016
  -0.02299  -0.09038   0.04016
  -0.02299   0.14962   0.04016
  -0.02299   0.14962   0.04016
  -0.02299  -0.09038   0.04016
  -0.02299   0.14962   0.04016
  -0.02299  -0.09038   0.04016
  -0.02299   0.14962   0.28016
  -0.02299   0.14962   0.28016
  -0.02299   0.14962   0.04016
  -0.02299   0.14962   0.04016
  -0.02299   0.14962   0.28016
  -0.02299   0.14962   0.28016
  -0.02299   0.14962   0.28016
  -0.02299   0.14962   0.04016
  -0.02299   0.14962   0.28016
  -0.02299   0.14962   0.28016
  -0.02299   0.14962   0.28016
  -0.26299   0.14962   0.28016
  -0.02299   0.14962   0.28016
  -0.02299   0.14962   0.28016
  -0.02299   0.14962   0.28016
  -0.26299   0.14962   0.28016
  -0.02299   0.14962   0.28016
  -0.02299   0.14962   0.28016
  -0.02299   0.14962   0.28016
  -0.02299   0.14962   0.04016
  -0.02299   0.14962   0.28016
  -0.26299   0.14962   0.28016
  -0.02299   0.14962   0.28016
  -0.02299   0.14962   0.28016
  -0.02299   0.38962   0.28016
  -0.02299   0.14962   0.28016
  -0.02299   0.14962   0.28016
  -0.02299   0.14962   0.28016
  -0.02299   0.14962   0.28016
  -0.02299   0.14962   0.28016
  -0.02299   0.14962   0.28016
  -0.02299   0.14962   0.04016
  -0.02299   0.14962   0.28016
  -0.02299   0.14962   0.28016
  -0.02299   0.14962   0.28016
  -0.02299   0.14962   0.28016
  -0.02299   0.14962   0.28016
  -0.02299   0.14962   0.28016
  -0.02299   0.14962   0.28016
  -0.26299   0.14962   0.28016
  -0.02299   0.14962   0.28016
  -0.02299   0.14962   0.28016
  -0.02299   0.14962   0.28016
  -0.02299   0.14962   0.28016
  -0.02299   0.14962   0.28016
  -0.02299   0.14962   0.28016
  -0.02299   0.14962   0.28016
  -0.26299   0.14962   0.04016
  -0.02299   0.14962   0.04016
  -0.26299   0.14962   0.28016
  -0.26299   0.14962   0.04016
  -0.26299   0.14962   0.04016
  -0.02299   0.14962   0.28016
  -0.26299  -0.09038   0.04016
  -0.26299   0.14962   0.04016
  -0.26299   0.14962   0.04016
  -0.26299   0.14962   0.04016
  -0.26299   0.14962   0.04016
  -0.26299   0.14962   0.04016
  -0.26299  -0.09038   0.04016
  -0.26299  -0.09038   0.04016
  -0.26299  -0.09038   0.04016
  -0.26299  -0.09038   0.04016
  -0.26299  -0.09038   0.04016
  -0.26299   0.14962   0.04016
  -0.26299  -0.09038   0.04016
  -0.26299  -0.09038   0.04016
  -0.26299  -0.09038   0.04016
  -0.26299  -0.09038   0.04016
  -0.26299  -0.09038   0.04016
  -0.26299  -0.09038   0.04016
  -0.26299  -0.09038   0.04016
  -0.26299  -0.09038  -0.19984
  -0.26299  -0.09038   0.04016
  -0.26299  -0.09038   0.04016
  -0.26299  -0.09038   0.04016
  -0.26299  -0.09038   0.04016
  -0.26299  -0.09038  -0.19984
  -0.26299  -0.09038   0.04016
  -0.26299  -0.09038   0.04016
  -0.26299  -0.09038   0.04016
  -0.26299  -0.09038   0.04016
  -0.26299  -0.09038  -0.19984
  -0.26299  -0.33038  -0.19984
  -0.26299  -0.33038  -0.19984
  -0.26299  -0.09038  -0.19984
  -0.26299  -0.09038  -0.19984
  -0.26299  -0.09038  -0.19984
  -0.26299  -0.09038  -0.19984
  -0.26299  -0.33038  -0.19984
  -0.02299  -0.09038  -0.19984
  -0.26299  -0.33038  -0.19984
  -0.02299  -0.09038  -0.19984
  -0.02299  -0.33038  -0.19984
  -0.02299  -0.09038  -0.19984
  -0.26299  -0.33038  -0.19984
  -0.02299  -0.33038  -0.19984
  -0.02299  -0.33038  -0.19984
  -0.02299  -0.33038  -0.19984
  -0.02299  -0.33038  -0.19984
  -0.02299  -0.09038  -0.19984
  -0.02299  -0.33038  -0.19984
  -0.02299  -0.33038  -0.19984
  -0.02299  -0.33038  -0.19984
  -0.02299  -0.33038  -0.19984
  -0.02299  -0.33038  -0.19984
  -0.02299  -0.33038  -0.19984
  -0.02299  -0.33038  -0.19984
  -0.02299  -0.33038  -0.19984
  -0.02299  -0.33038  -0.19984
  -0.02299  -0.33038  -0.19984
  -0.02299  -0.33038  -0.19984
  -0.02299  -0.33038  -0.19984
  -0.02299  -0.33038  -0.19984
  -0.02299  -0.33038  -0.19984
  -0.02299  -0.09038  -0.19984
  -0.02299  -0.09038  -0.19984
  -0.02299  -0.09038  -0.19984
  -0.02299  -0.09038  -0.19984
  -0.02299  -0.33038  -0.19984
  -0.02299  -0.33038  -0.19984
  -0.02299  -0.33038  -0.19984
  -0.02299  -0.09038  -0.19984
  -0.02299  -0.09038  -0.19984
  -0.02299  -0.09038  -0.19984
  -0.02299  -0.09038  -0.19984
  -0.02299  -0.09038  -0.19984
  -0.02299  -0.09038  -0.19984
  -0.02299  -0.09038  -0.19984
  -0.02299  -0.09038  -0.19984
  -0.02299  -0.09038  -0.19984
  -0.02299  -0.09038  -0.19984
  -0.02299  -0.09038  -0.19984
  -0.02299  -0.09038  -0.19984
   0.21701  -0.09038  -0.19984
  -0.02299  -0.09038  -0.19984
  -0.02299  -0.09038  -0.19984
  -0.02299  -0.09038  -0.19984
  -0.02299  -0.09038  -0.19984
  -0.02299  -0.09038  -0.19984
  -0.02299   0.14962  -0.19984
  -0.02299  -0.09038  -0.19984
  -0.02299   0.14962  -0.19984
  -0.02299   0.14962  -0.19984
  -0.02299  -0.09038  -0.19984
  -0.02299   0.14962  -0.19984
  -0.02299   0.14962  -0.19984
  -0.02299   0.14962  -0.19984
  -0.02299   0.14962  -0.19984
  -0.02299  -0.09038  -0.43984
  -0.02299   0.14962  -0.19984
  -0.02299   0.14962  -0.19984
  -0.02299   0.14962  -0.19984
  -0.02299   0.14962  -0.19984
  -0.02299   0.14962  -0.19984
  -0.02299   0.14962  -0.19984
  -0.02299   0.14962  -0.19984
  -0.02299   0.14962  -0.19984
  -0.02299   0.14962  -0.19984
  -0.02299   0.14962  -0.19984
  -0.02299   0.14962  -0.19984
  -0.02299   0.14962  -0.19984
  -0.02299   0.14962  -0.19984
  -0.02299   0.14962  -0.19984
  -0.02299   0.14962  -0.19984
  -0.02299   0.14962  -0.19984
  -0.02299   0.14962  -0.19984
  -0.02299  -0.09038  -0.19984
  -0.02299   0.14962  -0.19984
  -0.02299   0.14962  -0.19984
  -0.02299   0.14962  -0.19984
  -0.02299   0.14962  -0.19984
  -0.02299   0.14962  -0.19984
  -0.02299   0.14962  -0.19984
  -0.02299   0.14962  -0.19984
  -0.02299  -0.09038  -0.19984
  -0.02299   0.14962  -0.19984
  -0.02299   0.14962  -0.19984
  -0.02299   0.14962  -0.19984
  -0.02299   0.14962  -0.19984
  -0.02299   0.14962  -0.19984
  -0.02299   0.14962  -0.19984
  -0.02299   0.14962  -0.19984
  -0.02299   0.14962  -0.19984
  -0.02299   0.14962  -0.19984
  -0.02299   0.14962  -0.19984
  -0.02299   0.14962  -0.19984
  -0.02299   0.14962   0.04016
  -0.02299   0.14962   0.04016
  -0.02299  -0.09038   0.04016
  -0.02299   0.14962   0.04016
  -0.02299   0.14962   0.04016
  -0.02299   0.14962   0.04016
  -0.02299   0.14962   0.04016
   0.21701   0.14962   0.04016
  -0.02299   0.14962   0.04016
  -0.02299   0.14962   0.04016
  -0.02299   0.14962   0.04016
  -0.02299   0.14962   0.04016
  -0.02299   0.14962   0.04016
  -0.02299   0.14962   0.04016
  -0.02299   0.14962   0.04016
  -0.02299   0.14962   0.04016
  -0.02299   0.14962   0.04016
  -0.02299   0.14962  -0.19984
   0.21701   0.14962   0.04016
   0.21701   0.14962   0.04016
   0.21701   0.14962   0.04016
   0.21701   0.14962   0.04016
   0.21701   0.14962   0.04016
   0.21701   0.14962   0.04016
   0.21701   0.14962   0.04016
   0.21701   0.14962   0.04016
   0.21701   0.14962   0.04016
   0.21701   0.14962   0.04016
   0.21701   0.14962   0.04016
   0.21701   0.14962   0.04016
   0.21701   0.14962   0.04016
   0.21701   0.14962   0.04016
   0.21701   0.14962   0.04016
   0.21701   0.14962   0.04016
   0.21701   0.14962   0.04016
   0.21701   0.14962   0.04016
   0.21701   0.14962   0.04016
   0.21701   0.14962   0.04016
   0.21701   0.14962   0.04016
   0.21701   0.14962   0.04016
   0.21701   0.14962   0.04016
   0.21701   0.14962   0.04016
   0.21701   0.14962   0.04016
   0.21701   0.14962   0.04016
   0.21701   0.14962   0.04016
   0.21701   0.38962   0.04016
   0.21701   0.38962   0.04016
   0.21701   0.38962   0.04016
   0.21701   0.14962   0.04016
   0.21701   0.14962   0.04016
   0.21701   0.14962   0.04016
   0.21701   0.38962   0.28016
   0.21701   0.38962   0.28016
   0.21701   0.38962   0.04016
   0.21701   0.38962   0.04016
   0.21701   0.38962   0.28016
   0.21701   0.14962   0.04016
   0.21701   0.14962   0.04016
   0.21701   0.38962   0.04016
   0.21701   0.38962   0.04016
   0.21701   0.38962   0.04016
   0.21701   0.38962   0.04016
   0.21701   0.14962   0.04016
   0.21701   0.14962   0.04016
   0.21701   0.14962   0.04016
   0.21701   0.38962   0.04016
   0.21701   0.14962   0.04016
   0.21701   0.14962   0.04016
   0.21701   0.14962   0.04016
   0.21701   0.14962   0.04016
   0.21701   0.14962   0.04016
   0.21701   0.14962   0.04016
   0.21701   0.14962   0.04016
   0.21701   0.14962   0.04016
   0.21701   0.14962   0.04016
   0.21701   0.14962   0.04016
   0.21701   0.14962   0.04016
   0.21701   0.14962   0.04016
   0.21701   0.14962   0.04016
   0.21701   0.14962   0.04016
   0.21701   0.14962   0.04016
   0.21701   0.14962   0.04016
   0.21701   0.14962   0.04016
   0.21701   0.14962   0.04016
   0.21701   0.14962   0.04016
   0.21701   0.14962   0.04016
   0.21701   0.14962   0.04016
   0.21701   0.14962   0.04016
   0.21701   0.14962   0.04016
   0.21701   0.14962   0.04016
   0.21701   0.14962   0.04016
   0.21701   0.14962   0.04016
   0.21701   0.14962   0.04016
   0.21701   0.14962   0.04016
   0.21701   0.14962   0.04016
   0.21701   0.14962   0.04016
   0.21701   0.14962   0.04016
   0.21701   0.14962   0.04016
   0.21701   0.14962   0.04016
   0.21701   0.14962   0.04016
   0.21701   0.14962   0.04016
   0.21701   0.14962   0.04016
   0.21701   0.14962   0.04016
   0.21701   0.14962   0.04016
   0.21701   0.14962   0.04016
   0.21701   0.14962   0.04016
   0.21701   0.14962   0.04016
   0.21701   0.14962   0.04016
   0.21701   0.14962   0.04016
   0.21701   0.14962   0.04016
   0.21701   0.14962   0.04016
   0.21701   0.14962   0.04016
   0.21701   0.14962   0.04016
   0.21701   0.14962   0.04016
   0.21701   0.14962   0.04016
   0.21701   0.14962   0.04016
   0.21701   0.14962   0.04016
   0.21701   0.14962   0.04016
   0.21701   0.14962   0.04016
   0.21701   0.14962   0.04016
   0.21701   0.14962  -0.19984
   0.21701   0.14962   0.04016
   0.21701  -0.09038   0.04016
   0.21701  -0.09038   0.04016
   0.21701  -0.09038   0.04016
   0.21701   0.14962   0.04016
   0.21701  -0.09038   0.04016
   0.21701  -0.09038   0.04016
   0.21701  -0.09038   0.04016
   0.21701  -0.09038   0.04016
   0.21701  -0.09038   0.04016
   0.21701  -0.09038   0.04016
   0.21701  -0.09038   0.04016
   0.21701  -0.09038   0.04016
   0.21701  -0.09038   0.04016
   0.21701  -0.09038   0.04016
   0.21701  -0.09038   0.04016
   0.21701  -0.09038   0.04016
   0.21701  -0.09038   0.04016
   0.21701  -0.09038   0.04016
   0.21701  -0.09038  -0.19984
   0.21701  -0.09038  -0.19984
   0.21701  -0.09038   0.04016
   0.21701  -0.09038   0.04016
   0.21701  -0.09038  -0.19984
   0.21701  -0.09038  -0.19984
   0.21701  -0.09038  -0.19984
  -0.02299  -0.09038   0.04016
   0.21701  -0.09038   0.04016
   0.21701  -0.09038  -0.19984
   0.21701  -0.09038  -0.19984
  -0.02299  -0.09038   0.04016
  -0.02299  -0.33038  -0.19984
  -0.02299  -0.33038   0.04016
  -0.02299  -0.33038   0.04016
   0.21701  -0.09038   0.04016
  -0.02299  -0.09038   0.04016
  -0.02299  -0.33038   0.04016
  -0.02299  -0.33038  -0.19984
  -0.02299  -0.33038  -0.19984
  -0.02299  -0.33038  -0.19984
  -0.02299  -0.33038  -0.19984
  -0.02299  -0.33038  -0.19984
  -0.02299  -0.33038  -0.19984
  -0.02299  -0.33038  -0.19984
  -0.02299  -0.33038  -0.19984
  -0.02299  -0.33038  -0.19984
  -0.02299  -0.33038  -0.19984
  -0.02299  -0.33038  -0.19984
  -0.02299  -0.09038  -0.19984
  -0.02299  -0.33038  -0.19984
  -0.02299  -0.09038  -0.19984
  -0.02299  -0.09038  -0.19984
  -0.02299  -0.09038  -0.19984
  -0.02299  -0.09038  -0.19984
  -0.02299  -0.09038  -0.19984
  -0.02299  -0.33038  -0.19984
  -0.02299  -0.09038  -0.19984
  -0.02299  -0.09038  -0.19984
  -0.02299  -0.09038  -0.19984
  -0.02299  -0.09038  -0.19984
  -0.02299  -0.09038  -0.19984
  -0.02299  -0.33038  -0.19984
  -0.02299  -0.09038  -0.19984
  -0.02299  -0.09038  -0.19984
  -0.02299  -0.09038  -0.19984
  -0.02299  -0.09038  -0.19984
  -0.02299  -0.09038   0.04016
  -0.02299  -0.09038  -0.19984
  -0.02299  -0.09038  -0.19984
  -0.02299  -0.33038  -0.19984
  -0.02299  -0.09038  -0.19984
  -0.02299  -0.09038  -0.19984
  -0.02299  -0.09038  -0.19984
  -0.02299  -0.33038  -0.19984
  -0.02299  -0.09038  -0.19984
  -0.02299  -0.09038  -0.19984
  -0.02299  -0.09038   0.04016
  -0.02299  -0.09038  -0.19984
  -0.02299  -0.09038   0.04016
  -0.02299  -0.33038   0.04016
  -0.02299  -0.33038   0.04016
  -0.02299  -0.33038   0.04016
  -0.02299  -0.09038   0.04016
  -0.02299  -0.33038   0.04016
  -0.02299  -0.09038   0.04016
  -0.02299  -0.33038   0.04016
  -0.02299  -0.33038   0.04016
  -0.02299  -0.57038   0.04016
  -0.02299  -0.33038   0.04016
  -0.02299  -0.33038   0.04016
  -0.02299  -0.33038   0.04016
  -0.02299  -0.33038   0.04016
  -0.02299  -0.33038   0.04016
  -0.02299  -0.33038   0.04016
  -0.02299  -0.09038   0.04016
  -0.26299  -0.33038   0.04016
  -0.02299  -0.33038   0.04016
  -0.26299  -0.33038   0.04016
  -0.02299  -0.33038   0.04016
  -0.26299  -0.33038   0.04016
  -0.26299  -0.33038   0.04016
  -0.26299  -0.09038   0.04016
  -0.02299  -0.09038   0.04016
  -0.26299  -0.33038   0.04016
  -0.26299  -0.33038   0.04016
  -0.26299  -0.09038   0.04016
  -0.26299  -0.09038   0.04016
  -0.26299  -0.09038   0.04016
  -0.26299  -0.09038   0.04016
  -0.26299  -0.09038   0.04016
  -0.26299  -0.09038   0.04016
  -0.26299  -0.09038   0.04016
  -0.26299  -0.09038   0.28016
  -0.26299  -0.09038   0.28016
  -0.26299  -0.09038   0.28016
  -0.26299  -0.09038   0.28016
  -0.26299  -0.09038   0.28016
  -0.26299  -0.09038   0.28016
  -0.26299   0.14962   0.28016
  -0.26299  -0.09038   0.28016
  -0.26299   0.14962   0.28016
  -0.26299  -0.09038   0.28016
  -0.26299   0.14962   0.28016
  -0.26299   0.14962   0.28016
  -0.26299   0.14962   0.04016
  -0.26299   0.14962   0.28016
  -0.26299   0.14962   0.28016
  -0.26299   0.14962   0.28016
  -0.26299   0.14962   0.28016
  -0.26299   0.14962   0.28016
  -0.26299   0.14962   0.28016
  -0.02299   0.14962   0.28016
  -0.26299   0.14962   0.52016
  -0.26299   0.14962   0.28016
  -0.26299   0.14962   0.52016
  -0.26299   0.14962   0.28016
  -0.26299   0.14962   0.28016
  -0.26299   0.14962   0.28016
  -0.26299   0.14962   0.28016
  -0.26299   0.14962   0.52016
  -0.26299   0.38962   0.28016
  -0.26299   0.14962   0.28016
  -0.26299   0.14962   0.28016
  -0.26299   0.38962   0.52016
  -0.02299   0.38962   0.52016
  -0.26299   0.38962   0.28016
  -0.02299   0.38962   0.52016
  -0.26299   0.38962   0.28016
  -0.02299   0.38962   0.52016
  -0.02299   0.38962   0.28016
  -0.26299   0.38962   0.28016
  -0.02299   0.38962   0.52016
  -0.02299   0.38962   0.52016
  -0.26299   0.38962   0.28016
  -0.26299   0.38962   0.52016
  -0.26299   0.38962   0.28016
  -0.02299   0.38962   0.52016
  -0.26299   0.38962   0.52016
  -0.02299   0.38962   0.28016
  -0.26299   0.38962   0.28016
  -0.02299   0.38962   0.52016
  -0.02299   0.38962   0.28016
  -0.02299   0.38962   0.28016
  -0.02299   0.38962   0.52016
  -0.02299   0.38962   0.52016
  -0.02299   0.38962   0.28016
  -0.02299   0.38962   0.28016
  -0.02299   0.14962   0.28016
  -0.02299   0.38962   0.28016
  -0.02299   0.38962   0.28016
  -0.02299   0.38962   0.28016
  -0.26299   0.38962   0.28016
  -0.02299   0.38962   0.28016
  -0.02299   0.14962   0.28016
  -0.02299   0.14962   0.28016
  -0.02299   0.14962   0.28016
  -0.02299   0.14962   0.28016
  -0.02299   0.14962   0.28016
  -0.02299   0.14962   0.28016
  -0.26299   0.14962   0.28016
  -0.26299   0.14962   0.28016
  -0.02299   0.14962   0.28016
  -0.02299   0.14962   0.28016
  -0.26299   0.14962   0.28016
  -0.26299   0.14962   0.28016
  -0.26299   0.14962   0.28016
  -0.02299   0.14962   0.04016
  -0.02299   0.14962   0.28016
  -0.02299   0.14962   0.04016
  -0.02299   0.14962   0.28016
  -0.02299   0.14962   0.28016
  -0.26299  -0.09038   0.04016
  -0.26299  -0.09038   0.04016
  -0.02299   0.14962   0.04016
  -0.02299   0.14962   0.28016
  -0.02299  -0.09038   0.04016
  -0.02299  -0.09038   0.04016
  -0.02299  -0.09038   0.04016
  -0.02299  -0.09038   0.04016
  -0.02299  -0.09038   0.04016
  -0.02299  -0.09038   0.04016
  -0.02299  -0.09038   0.04016
  -0.02299  -0.09038   0.04016
  -0.02299  -0.09038   0.04016
  -0.02299  -0.09038   0.04016
  -0.02299  -0.09038   0.04016
  -0.02299  -0.09038   0.04016
  -0.02299  -0.09038   0.04016
  -0.02299  -0.09038   0.04016
  -0.26299  -0.09038   0.04016
  -0.02299  -0.09038   0.04016
  -0.02299  -0.09038   0.04016
  -0.02299  -0.09038   0.04016
  -0.02299  -0.33038   0.04016
  -0.02299  -0.09038   0.04016
  -0.02299  -0.09038   0.04016
  -0.02299  -0.09038   0.04016
  -0.02299  -0.09038   0.04016
  -0.02299  -0.09038   0.04016
  -0.02299  -0.09038   0.04016
  -0.02299  -0.09038   0.04016
  -0.02299  -0.09038  -0.19984
  -0.02299  -0.09038   0.04016
  -0.02299  -0.33038   0.04016
  -0.02299  -0.09038   0.04016
  -0.02299  -0.09038  -0.19984
  -0.02299  -0.09038   0.04016
  -0.02299  -0.09038  -0.19984
  -0.02299  -0.09038   0.04016
  -0.02299  -0.09038   0.04016
  -0.02299  -0.09038   0.04016
  -0.02299  -0.09038  -0.19984
  -0.02299  -0.09038   0.04016
  -0.02299  -0.09038  -0.19984
  -0.02299  -0.09038  -0.19984
  -0.02299  -0.09038  -0.19984
  -0.02299  -0.09038  -0.19984
  -0.02299  -0.09038  -0.19984
  -0.02299  -0.09038  -0.19984
  -0.02299  -0.09038  -0.19984
  -0.02299  -0.09038  -0.19984
  -0.02299   0.14962  -0.19984
  -0.02299  -0.09038  -0.19984
  -0.02299  -0.09038  -0.19984
  -0.02299   0.14962  -0.19984
  -0.02299  -0.09038  -0.19984
  -0.02299  -0.09038  -0.19984
   0.21701  -0.09038  -0.19984
   0.21701  -0.09038  -0.19984
   0.21701  -0.09038  -0.19984
   0.21701   0.14962  -0.19984
   0.21701  -0.09038  -0.19984
   0.21701   0.14962  -0.19984
   0.21701  -0.09038  -0.19984
   0.21701   0.14962  -0.19984
   0.21701  -0.09038  -0.19984
   0.21701  -0.09038  -0.19984
   0.21701  -0.09038  -0.19984
   0.21701  -0.09038  -0.19984
   0.21701  -0.09038  -0.19984
   0.21701   0.14962  -0.19984
   0.21701   0.14962  -0.19984
   0.21701  -0.09038  -0.19984
   0.21701  -0.09038  -0.19984
   0.21701  -0.09038  -0.19984
   0.21701   0.14962  -0.19984
   0.21701   0.14962  -0.19984
   0.21701   0.14962  -0.19984
   0.21701   0.14962  -0.19984
   0.21701  -0.09038  -0.19984
   0.21701   0.14962  -0.19984
   0.21701   0.14962  -0.19984
   0.21701   0.14962  -0.19984
   0.21701   0.14962  -0.19984
   0.21701  -0.09038  -0.19984
   0.21701  -0.09038  -0.19984
   0.21701   0.14962  -0.19984
   0.21701   0.14962  -0.19984
   0.21701   0.14962  -0.19984
   0.21701   0.14962  -0.19984
   0.21701   0.14962  -0.19984
   0.21701  -0.09038  -0.19984
   0.21701   0.14962  -0.19984
   0.21701   0.14962  -0.19984
   0.21701   0.14962  -0.19984
   0.21701   0.14962  -0.19984
   0.21701   0.14962  -0.19984
   0.21701  -0.09038  -0.19984
   0.21701   0.14962  -0.19984
   0.21701   0.14962  -0.19984
   0.21701   0.14962  -0.19984
   0.21701   0.14962  -0.19984
  -0.02299   0.14962  -0.19984
  -0.02299   0.14962  -0.19984
   0.21701   0.14962  -0.19984
   0.21701   0.14962  -0.19984
   0.21701   0.14962  -0.19984
  -0.02299   0.14962  -0.19984
  -0.02299   0.14962  -0.19984
  -0.02299  -0.09038  -0.19984
  -0.02299   0.14962  -0.19984
  -0.02299   0.14962  -0.19984
  -0.02299   0.14962  -0.19984
  -0.02299   0.14962  -0.19984
  -0.02299   0.14962  -0.19984
  -0.02299  -0.09038  -0.19984
  -0.02299   0.14962  -0.19984
  -0.02299   0.14962  -0.19984
  -0.02299   0.14962  -0.19984
  -0.02299   0.14962  -0.19984
  -0.02299   0.14962  -0.19984
  -0.02299  -0.09038  -0.19984
  -0.02299  -0.09038  -0.19984
  -0.02299  -0.09038  -0.19984
  -0.02299   0.14962  -0.19984
  -0.26299  -0.09038  -0.19984
  -0.02299   0.14962  -0.19984
  -0.02299  -0.09038  -0.19984
  -0.02299  -0.09038  -0.19984
  -0.02299  -0.09038  -0.19984
  -0.02299   0.14962  -0.19984
  -0.02299  -0.09038  -0.19984
  -0.02299   0.14962  -0.19984
  -0.02299   0.14962  -0.19984
  -0.02299   0.14962  -0.19984
  -0.02299  -0.09038  -0.19984
  -0.02299  -0.09038  -0.19984
  -0.02299  -0.09038  -0.19984
  -0.02299   0.14962  -0.19984
  -0.02299  -0.09038  -0.19984
  -0.02299   0.14962  -0.19984
  -0.02299  -0.09038  -0.19984
  -0.02299  -0.09038  -0.19984
  -0.02299  -0.09038  -0.19984
  -0.02299   0.14962   0.04016
  -0.02299   0.14962   0.04016
  -0.02299   0.14962   0.04016
  -0.02299  -0.09038  -0.19984
  -0.02299   0.14962   0.04016
  -0.02299   0.14962  -0.19984
  -0.02299   0.14962   0.04016
  -0.02299  -0.09038  -0.19984
  -0.02299   0.14962   0.04016
  -0.26299  -0.09038  -0.19984
  -0.02299  -0.09038   0.04016
  -0.02299   0.14962   0.04016
  -0.02299   0.14962   0.04016
  -0.02299   0.14962   0.04016
  -0.02299   0.14962   0.04016
  -0.02299  -0.09038   0.04016
  -0.02299   0.14962   0.04016
  -0.02299  -0.09038   0.04016
  -0.02299   0.14962   0.04016
  -0.02299  -0.09038  -0.19984
  -0.02299   0.14962   0.04016
  -0.02299  -0.09038   0.04016
  -0.02299  -0.09038  -0.19984
  -0.02299  -0.09038  -0.19984
  -0.02299   0.14962   0.04016
  -0.02299   0.14962   0.04016
  -0.02299   0.14962   0.04016
  -0.02299  -0.09038   0.04016
  -0.02299  -0.09038   0.04016
  -0.02299   0.14962   0.04016
  -0.02299   0.14962   0.04016
  -0.02299   0.14962   0.04016
  -0.02299   0.14962   0.04016
  -0.02299  -0.09038   0.04016
  -0.02299  -0.09038   0.04016
  -0.02299   0.14962   0.04016
  -0.02299   0.14962   0.04016
  -0.02299   0.14962   0.04016
  -0.02299   0.14962   0.04016
  -0.02299   0.14962   0.04016
   0.21701  -0.09038   0.04016
   0.21701  -0.09038   0.04016
   0.21701   0.14962   0.04016
   0.21701   0.14962   0.04016
   0.21701   0.14962   0.04016
  -0.02299  -0.09038   0.04016
   0.21701   0.14962   0.04016
   0.21701  -0.09038  -0.19984
   0.21701   0.14962   0.04016
   0.21701   0.14962   0.04016
   0.21701   0.14962   0.04016
   0.21701   0.14962  -0.19984
   0.21701   0.14962   0.04016
   0.21701   0.14962   0.04016
   0.21701   0.14962   0.04016
   0.21701   0.14962   0.04016
   0.21701   0.14962   0.04016
   0.21701   0.14962  -0.19984
   0.21701   0.14962   0.04016
   0.21701   0.14962   0.04016
   0.21701   0.14962   0.04016
   0.21701   0.14962  -0.19984
   0.21701   0.14962   0.04016
   0.21701   0.14962  -0.19984
   0.21701   0.14962  -0.19984
   0.21701   0.14962   0.04016
   0.21701   0.14962   0.04016
   0.21701   0.14962   0.04016
   0.21701   0.14962   0.04016
   0.21701   0.14962  -0.19984
   0.21701   0.14962  -0.19984
   0.21701   0.14962   0.04016
   0.21701   0.14962   0.04016
   0.21701   0.14962  -0.19984
   0.21701   0.14962   0.04016
  -0.02299   0.14962  -0.19984
   0.21701   0.14962  -0.19984
   0.21701   0.14962  -0.19984
   0.21701   0.14962   0.04016
   0.21701   0.14962   0.04016
   0.21701   0.14962  -0.19984
   0.21701   0.14962  -0.19984
   0.21701   0.14962  -0.19984
   0.21701   0.14962  -0.19984
   0.21701   0.14962   0.04016
   0.21701   0.14962   0.04016
   0.21701   0.14962   0.04016
   0.21701   0.14962   0.04016
   0.21701   0.14962   0.04016
   0.21701   0.14962   0.04016
   0.21701   0.14962   0.04016
   0.21701   0.14962   0.04016
   0.21701   0.14962   0.04016
   0.21701  -0.09038  -0.19984
   0.21701   0.14962  -0.19984
   0.21701  -0.09038  -0.19984
   0.21701  -0.09038   0.04016
   0.21701  -0.09038   0.04016
   0.21701   0.14962   0.04016
  -0.02299  -0.09038   0.04016
   0.21701  -0.09038   0.04016
  -0.02299  -0.09038   0.04016
  -0.02299  -0.09038   0.04016
  -0.02299  -0.09038   0.04016
  -0.02299  -0.09038   0.04016
  -0.02299  -0.09038   0.04016
   0.21701  -0.09038   0.04016
  -0.02299  -0.09038   0.04016
   0.21701  -0.09038   0.04016
   0.21701  -0.09038   0.04016
   0.21701   0.14962   0.04016
  -0.02299  -0.09038   0.04016
   0.21701   0.14962   0.04016
  -0.02299  -0.09038   0.04016
  -0.02299  -0.09038   0.04016
  -0.02299  -0.09038   0.04016
  -0.02299   0.14962   0.04016
  -0.02299  -0.09038   0.04016
  -0.02299   0.14962   0.04016
  -0.02299  -0.09038   0.04016
  -0.02299   0.14962   0.04016
  -0.02299  -0.09038   0.04016
  -0.02299   0.14962   0.04016
  -0.02299   0.14962   0.04016
  -0.02299  -0.09038   0.04016
  -0.02299  -0.09038   0.04016
  -0.02299   0.14962   0.04016
  -0.02299  -0.09038   0.04016
  -0.02299   0.14962   0.04016
  -0.02299   0.14962   0.04016
  -0.02299   0.14962   0.28016
  -0.02299  -0.09038   0.04016
  -0.02299  -0.09038   0.04016
  -0.02299  -0.09038   0.04016
  -0.02299   0.14962   0.04016
  -0.02299   0.14962   0.04016
  -0.02299   0.14962   0.28016
  -0.02299  -0.09038   0.04016
  -0.02299  -0.09038   0.04016
  -0.02299  -0.09038   0.04016
  -0.26299   0.14962   0.28016
  -0.02299  -0.09038   0.28016
  -0.02299   0.14962   0.28016
  -0.02299  -0.09038   0.04016
  -0.02299   0.14962   0.04016
  -0.02299   0.14962   0.04016
  -0.02299   0.14962   0.28016
  -0.02299   0.14962   0.28016
  -0.02299   0.14962   0.04016
  -0.26299  -0.09038   0.04016
  -0.02299  -0.09038   0.28016
  -0.02299   0.14962   0.28016
  -0.26299   0.14962   0.28016
  -0.02299   0.14962   0.28016
  -0.02299   0.14962   0.28016
  -0.26299   0.14962   0.28016
  -0.02299   0.14962   0.04016
  -0.02299   0.14962   0.28016
  -0.02299   0.14962   0.28016
  -0.02299   0.14962   0.28016
  -0.02299   0.14962   0.28016
  -0.02299   0.14962   0.28016
  -0.02299   0.14962   0.28016
  -0.02299   0.14962   0.28016
  -0.02299   0.14962   0.28016
  -0.02299   0.14962   0.28016
  -0.02299   0.14962   0.28016
  -0.02299  -0.09038   0.28016
  -0.02299   0.14962   0.28016
  -0.02299   0.14962   0.28016
  -0.02299   0.14962   0.28016
  -0.02299   0.14962   0.28016
  -0.02299   0.14962   0.28016
  -0.02299  -0.09038   0.28016
  -0.02299   0.14962   0.28016
  -0.02299   0.14962   0.28016
  -0.02299   0.14962   0.28016
  -0.02299   0.14962   0.28016
  -0.02299   0.14962   0.28016
  -0.02299   0.14962   0.28016
  -0.02299   0.14962   0.28016
  -0.02299  -0.09038   0.28016
  -0.02299   0.14962   0.28016
  -0.02299   0.14962   0.28016
  -0.02299   0.14962   0.28016
  -0.02299   0.14962   0.28016
  -0.02299  -0.09038   0.28016
  -0.02299  -0.09038   0.28016
  -0.02299  -0.09038   0.28016
  -0.02299  -0.09038   0.28016
  -0.02299   0.14962   0.28016
  -0.02299   0.14962   0.28016
  -0.02299   0.14962   0.28016
  -0.26299  -0.09038   0.28016
  -0.26299  -0.09038   0.28016
  -0.02299  -0.09038   0.28016
  -0.26299  -0.09038   0.28016
  -0.02299  -0.09038   0.28016
  -0.02299  -0.09038   0.28016
  -0.02299  -0.09038   0.28016
  -0.50299  -0.09038   0.28016
  -0.26299  -0.09038   0.28016
  -0.02299  -0.09038   0.28016
  -0.26299  -0.09038   0.28016
  -0.02299  -0.09038   0.28016
  -0.26299  -0.09038   0.28016
  -0.26299  -0.09038   0.28016
  -0.26299  -0.09038   0.28016
  -0.02299  -0.09038   0.28016
  -0.26299  -0.09038   0.28016
  -0.02299  -0.09038   0.28016
  -0.02299  -0.09038   0.04016
  -0.26299  -0.09038   0.28016
  -0.26299  -0.09038   0.04016
  -0.02299  -0.09038   0.28016
  -0.02299  -0.09038   0.28016
  -0.02299  -0.09038   0.28016
  -0.02299  -0.09038   0.04016
  -0.02299  -0.09038   0.28016
  -0.26299  -0.09038   0.04016
  -0.02299  -0.09038   0.28016
  -0.02299  -0.09038   0.28016
  -0.02299  -0.09038   0.28016
  -0.26299  -0.09038   0.28016
  -0.02299  -0.09038   0.04016
  -0.26299  -0.09038   0.04016
  -0.02299  -0.09038   0.28016
  -0.02299  -0.09038   0.28016
  -0.02299  -0.09038   0.04016
  -0.26299  -0.09038   0.04016
  -0.02299  -0.09038   0.04016
  -0.02299  -0.09038   0.04016
  -0.02299  -0.09038   0.04016
  -0.02299  -0.09038   0.28016
  -0.02299  -0.09038   0.28016
  -0.26299  -0.09038   0.04016
  -0.26299  -0.09038   0.04016
  -0.02299  -0.09038   0.04016
  -0.02299  -0.09038   0.28016
  -0.02299  -0.09038   0.04016
  -0.02299  -0.09038   0.04016
  -0.02299  -0.09038   0.04016
  -0.02299  -0.09038   0.28016
  -0.02299  -0.09038   0.28016
  -0.02299  -0.09038   0.28016
  -0.02299  -0.09038   0.28016
  -0.02299  -0.09038   0.28016
  -0.02299  -0.09038   0.04016
  -0.02299  -0.09038   0.28016
  -0.02299  -0.09038   0.04016
  -0.02299  -0.09038   0.28016
  -0.02299  -0.09038   0.04016
  -0.02299  -0.09038   0.04016
  -0.02299  -0.09038   0.04016
  -0.02299  -0.09038   0.04016
  -0.02299  -0.09038   0.04016
  -0.02299  -0.09038   0.28016
  -0.02299  -0.09038   0.04016
  -0.02299  -0.09038   0.04016
  -0.02299  -0.09038   0.04016
  -0.02299  -0.09038   0.04016
  -0.02299  -0.09038   0.04016
  -0.02299  -0.09038   0.28016
  -0.02299  -0.09038   0.04016
  -0.02299  -0.09038   0.04016
  -0.02299  -0.09038   0.04016
  -0.02299  -0.09038   0.04016
  -0.02299  -0.09038   0.04016
  -0.02299  -0.09038   0.04016
  -0.02299  -0.09038   0.04016
  -0.02299  -0.09038   0.04016
  -0.02299  -0.09038   0.04016
  -0.02299  -0.09038   0.04016
  -0.02299  -0.09038   0.04016
   0.21701   0.14962   0.04016
   0.21701  -0.09038   0.04016
   0.21701   0.14962   0.04016
   0.21701  -0.09038   0.04016
   0.21701   0.14962   0.04016
   0.21701  -0.09038   0.04016
   0.21701   0.14962   0.04016
   0.21701   0.14962   0.04016
   0.21701   0.14962   0.04016
   0.21701  -0.09038   0.04016
   0.21701   0.14962   0.04016
   0.21701   0.14962   0.04016
   0.21701   0.14962   0.04016
   0.21701   0.14962   0.04016
   0.21701   0.14962   0.04016
  -0.02299  -0.09038  -0.19984
   0.21701  -0.09038  -0.19984
   0.21701  -0.09038  -0.19984
   0.21701   0.14962   0.04016
   0.21701   0.14962   0.04016
   0.21701   0.14962   0.04016
  -0.02299  -0.09038  -0.19984
   0.21701  -0.09038  -0.19984
   0.21701  -0.09038  -0.19984
   0.21701   0.14962   0.04016
   0.21701   0.14962  -0.19984
   0.21701   0.14962  -0.19984
  -0.02299   0.14962  -0.19984
  -0.02299   0.14962  -0.19984
  -0.02299   0.14962   0.04016
  -0.02299   0.14962   0.04016
  -0.02299   0.14962  -0.19984
  -0.02299   0.14962  -0.19984
  -0.02299   0.14962  -0.19984
  -0.02299   0.14962  -0.19984
  -0.02299   0.14962  -0.19984
  -0.02299   0.14962  -0.19984
  -0.02299   0.14962  -0.19984
  -0.02299   0.14962  -0.19984
  -0.02299   0.14962  -0.19984
  -0.02299   0.14962  -0.19984
  -0.02299   0.14962  -0.19984
  -0.02299   0.14962  -0.19984
  -0.02299   0.14962  -0.19984
  -0.02299   0.14962  -0.19984
  -0.02299   0.14962  -0.19984
  -0.02299   0.14962  -0.19984
  -0.02299   0.14962  -0.19984
  -0.02299   0.14962  -0.19984
  -0.02299   0.14962  -0.19984
  -0.02299   0.14962  -0.19984
  -0.02299  -0.09038  -0.19984
  -0.02299   0.14962  -0.19984
  -0.02299   0.14962   0.04016
  -0.02299   0.14962   0.04016
  -0.02299   0.14962   0.04016
  -0.02299   0.14962   0.04016
  -0.02299  -0.09038  -0.19984
  -0.02299  -0.09038   0.04016
  -0.02299   0.14962   0.04016
  -0.02299   0.14962   0.04016
  -0.02299  -0.09038  -0.19984
  -0.02299   0.14962   0.04016
  -0.26299  -0.09038  -0.19984
  -0.02299  -0.09038   0.04016
  -0.02299   0.14962   0.04016
  -0.02299  -0.09038   0.04016
  -0.02299  -0.09038  -0.19984
  -0.02299  -0.09038   0.04016
  -0.02299  -0.09038   0.04016
  -0.02299  -0.09038   0.04016
  -0.26299  -0.33038   0.04016
  -0.26299  -0.09038   0.04016
  -0.26299  -0.09038  -0.19984
  -0.26299  -0.09038   0.04016
  -0.02299  -0.09038   0.04016
  -0.26299  -0.09038   0.04016
  -0.02299  -0.09038   0.04016
  -0.26299  -0.09038   0.04016
  -0.26299  -0.09038   0.04016
  -0.02299  -0.09038   0.04016
  -0.26299  -0.09038   0.04016
  -0.26299  -0.09038   0.04016
  -0.26299  -0.09038   0.04016
  -0.26299  -0.09038   0.04016
  -0.02299  -0.09038   0.04016
  -0.26299  -0.09038   0.04016
  -0.02299  -0.09038   0.04016
  -0.02299  -0.09038   0.04016
  -0.26299  -0.09038  -0.19984
  -0.26299  -0.09038   0.04016
  -0.02299  -0.09038   0.04016
  -0.02299  -0.09038   0.04016
  -0.02299  -0.09038   0.04016
  -0.02299  -0.09038   0.04016
  -0.02299  -0.33038   0.04016
  -0.02299  -0.09038   0.04016
  -0.02299  -0.09038   0.04016
  -0.02299  -0.09038   0.04016
  -0.02299  -0.09038   0.04016
  -0.02299  -0.09038   0.04016
  -0.02299  -0.09038   0.04016
  -0.02299  -0.09038   0.04016
  -0.02299  -0.09038   0.04016
  -0.02299   0.14962   0.04016
  -0.02299   0.14962   0.04016
  -0.02299   0.14962   0.04016
  -0.02299  -0.09038   0.04016
  -0.02299  -0.09038   0.04016
  -0.02299  -0.09038   0.04016
  -0.02299  -0.09038   0.04016
  -0.02299  -0.09038   0.04016
  -0.02299   0.14962  -0.19984
  -0.02299   0.14962  -0.19984
  -0.02299   0.14962   0.04016
  -0.02299   0.14962  -0.19984
  -0.02299   0.14962  -0.19984
  -0.02299   0.14962  -0.19984
   0.21701   0.14962   0.04016
   0.21701   0.14962  -0.19984
   0.21701   0.14962  -0.19984
  -0.02299   0.14962  -0.19984
  -0.02299   0.14962  -0.19984
  -0.02299   0.14962  -0.19984
   0.21701   0.14962  -0.19984
  -0.02299   0.14962  -0.19984
   0.21701   0.14962  -0.19984
  -0.02299   0.14962  -0.19984
   0.21701   0.14962  -0.19984
   0.21701   0.14962  -0.19984
   0.21701   0.14962  -0.19984
   0.21701   0.14962  -0.19984
  -0.02299   0.14962  -0.19984
   0.21701   0.14962  -0.19984
   0.21701   0.14962  -0.19984
   0.21701   0.14962  -0.19984
   0.21701   0.14962  -0.19984
   0.21701   0.14962  -0.19984
   0.21701   0.14962  -0.19984
   0.21701   0.14962  -0.19984
   0.21701   0.14962  -0.19984
   0.21701   0.14962  -0.19984
   0.21701   0.14962  -0.19984
   0.21701   0.14962  -0.19984
   0.21701   0.14962  -0.19984
   0.21701   0.14962  -0.19984
   0.21701   0.14962  -0.19984
   0.21701   0.14962  -0.19984
   0.21701   0.14962  -0.19984
   0.21701   0.14962  -0.19984
   0.21701   0.14962  -0.19984
   0.21701   0.14962  -0.43984
   0.21701   0.14962  -0.19984
   0.21701   0.14962  -0.19984
   0.21701   0.14962  -0.19984
   0.21701   0.14962  -0.19984
   0.21701   0.14962  -0.19984
   0.21701   0.14962  -0.19984
   0.21701   0.14962  -0.19984
   0.21701   0.14962  -0.19984
   0.45701   0.14962  -0.19984
   0.21701   0.14962  -0.19984
   0.21701   0.14962  -0.19984
   0.21701   0.14962  -0.19984
   0.21701   0.14962  -0.19984
   0.21701   0.14962  -0.19984
   0.21701   0.14962  -0.19984
   0.21701   0.14962  -0.19984
   0.45701   0.14962  -0.19984
   0.21701   0.14962  -0.19984
   0.21701   0.14962  -0.19984
   0.21701   0.14962  -0.19984
   0.21701   0.14962  -0.19984
   0.45701   0.14962  -0.19984
   0.45701   0.14962  -0.19984
   0.45701   0.14962  -0.19984
   0.45701   0.14962  -0.19984
   0.21701   0.14962  -0.19984
   0.45701   0.14962  -0.19984
   0.45701   0.14962  -0.19984
   0.45701   0.14962  -0.19984
   0.21701  -0.09038  -0.19984
   0.45701  -0.09038  -0.19984
   0.45701   0.14962  -0.19984
   0.45701   0.14962  -0.19984
   0.45701   0.14962  -0.19984
   0.45701   0.14962  -0.19984
   0.45701  -0.09038  -0.19984
   0.21701  -0.09038  -0.19984
   0.45701  -0.09038  -0.19984
   0.45701  -0.09038  -0.19984
   0.45701  -0.09038  -0.19984
   0.21701  -0.09038  -0.19984
   0.21701  -0.09038  -0.19984
   0.45701  -0.09038  -0.19984
   0.45701  -0.09038  -0.19984
   0.45701  -0.09038   0.04016
   0.45701  -0.09038  -0.19984
   0.45701  -0.09038   0.04016
   0.21701  -0.09038  -0.19984
   0.21701  -0.33038  -0.19984
   0.45701  -0.09038  -0.19984
   0.45701  -0.09038  -0.19984
   0.45701  -0.09038  -0.19984
   0.45701  -0.09038   0.04016
   0.45701  -0.09038  -0.19984
   0.45701  -0.09038  -0.19984
   0.45701  -0.09038   0.04016
   0.45701  -0.09038   0.04016
   0.21701  -0.09038   0.04016
   0.45701  -0.09038   0.04016
   0.21701  -0.33038  -0.19984
   0.21701  -0.33038  -0.19984
   0.45701  -0.33038  -0.19984
   0.21701  -0.33038   0.04016
   0.21701  -0.33038   0.04016
   0.45701  -0.09038   0.04016
   0.21701  -0.33038  -0.19984
   0.21701  -0.33038   0.04016
   0.21701  -0.33038  -0.19984
   0.21701  -0.09038   0.04016
   0.21701  -0.09038   0.04016
   0.21701  -0.09038   0.04016
   0.21701  -0.33038  -0.19984
   0.21701  -0.09038  -0.19984
   0.21701  -0.09038  -0.19984
   0.21701  -0.09038   0.04016
   0.21701  -0.09038   0.04016
   0.21701  -0.09038   0.04016
   0.21701  -0.09038  -0.19984
   0.21701  -0.09038   0.04016
   0.21701  -0.09038   0.04016
   0.21701  -0.09038   0.04016
   0.21701  -0.09038   0.04016
   0.21701   0.14962   0.04016
   0.21701   0.14962   0.04016
   0.21701   0.14962   0.04016
   0.21701   0.14962   0.04016
   0.21701   0.14962   0.04016
   0.21701   0.14962   0.04016
   0.21701   0.14962   0.04016
   0.21701   0.14962   0.04016
   0.21701   0.14962   0.04016
   0.21701   0.38962   0.04016
   0.21701   0.14962   0.04016
   0.21701   0.38962   0.04016
  -0.02299   0.38962   0.04016
  -0.02299   0.14962   0.04016
  -0.02299   0.38962   0.04016
  -0.02299   0.38962   0.04016
  -0.02299   0.38962   0.04016
  -0.02299   0.38962   0.04016
  -0.02299   0.38962   0.04016
  -0.02299   0.38962   0.04016
  -0.02299   0.38962   0.04016
  -0.02299   0.38962   0.04016
  -0.02299   0.38962   0.28016
  -0.02299   0.38962   0.28016
  -0.02299   0.38962   0.28016
  -0.02299   0.14962   0.04016
  -0.02299   0.38962   0.04016
  -0.02299   0.14962   0.28016
  -0.02299   0.38962   0.28016
  -0.02299   0.38962   0.28016
  -0.02299   0.38962   0.28016
  -0.02299   0.14962   0.04016
  -0.26299   0.38962   0.28016
  -0.26299   0.38962   0.04016
  -0.02299   0.38962   0.28016
  -0.26299   0.38962   0.28016
  -0.26299   0.38962   0.28016
  -0.26299   0.14962   0.28016
  -0.26299   0.14962   0.28016
  -0.26299   0.38962   0.28016
  -0.26299   0.14962   0.28016
  -0.26299   0.14962   0.28016
  -0.26299   0.38962   0.28016
  -0.26299   0.14962   0.28016
  -0.26299   0.14962   0.04016
  -0.26299   0.14962   0.28016
  -0.26299   0.38962   0.28016
  -0.26299   0.14962   0.28016
  -0.50299   0.14962   0.04016
  -0.26299   0.14962   0.04016
  -0.26299   0.14962   0.28016
  -0.26299   0.14962   0.28016
  -0.26299   0.14962   0.28016
  -0.26299   0.14962   0.28016
  -0.26299   0.14962   0.04016
  -0.50299   0.14962   0.04016
  -0.50299   0.14962   0.04016
  -0.26299   0.14962   0.04016
  -0.26299   0.14962   0.04016
  -0.26299   0.14962   0.04016
  -0.26299   0.14962   0.04016
  -0.50299   0.14962   0.04016
  -0.26299   0.14962   0.04016
  -0.50299   0.14962   0.04016
  -0.50299   0.14962   0.28016
  -0.26299   0.14962   0.28016
  -0.26299   0.38962   0.28016
  -0.26299   0.14962   0.28016
  -0.26299   0.14962   0.28016
  -0.26299   0.14962   0.04016
  -0.26299   0.14962   0.04016
  -0.26299   0.14962   0.28016
  -0.26299   0.14962   0.28016
  -0.26299   0.14962   0.04016
  -0.26299   0.14962   0.04016
  -0.26299   0.14962   0.04016
  -0.26299   0.14962   0.04016
  -0.26299   0.14962   0.04016
  -0.26299   0.14962   0.28016
  -0.26299   0.14962   0.04016
  -0.26299   0.14962   0.28016
  -0.26299   0.14962   0.04016
  -0.26299   0.14962   0.04016
  -0.26299   0.14962   0.04016
  -0.26299   0.14962   0.28016
  -0.26299   0.14962   0.04016
  -0.26299   0.14962   0.28016
  -0.26299   0.14962   0.04016
  -0.02299   0.14962   0.04016
  -0.26299  -0.09038   0.04016
  -0.26299  -0.09038   0.04016
  -0.26299  -0.09038   0.04016
  -0.02299  -0.09038   0.28016
  -0.02299  -0.09038   0.04016
  -0.26299  -0.09038   0.04016
  -0.02299  -0.09038   0.04016
  -0.02299  -0.09038   0.04016
  -0.02299  -0.09038   0.04016
  -0.02299   0.14962   0.04016
  -0.02299  -0.09038   0.04016
  -0.02299  -0.09038   0.04016
  -0.02299  -0.09038   0.04016
  -0.02299  -0.09038   0.04016
  -0.02299  -0.09038   0.04016
  -0.02299  -0.09038   0.04016
  -0.02299  -0.09038   0.04016
  -0.02299  -0.09038   0.04016
  -0.02299  -0.33038   0.04016
  -0.02299  -0.33038   0.04016
  -0.02299  -0.09038   0.04016
  -0.02299  -0.09038   0.04016
  -0.02299  -0.33038   0.04016
  -0.02299  -0.09038   0.04016
  -0.02299  -0.33038   0.04016
  -0.02299  -0.33038   0.04016
  -0.02299  -0.09038   0.04016
   0.21701  -0.33038   0.04016
   0.21701  -0.33038   0.04016
   0.21701  -0.09038   0.04016
  -0.02299  -0.33038   0.04016
  -0.02299  -0.33038   0.04016
   0.21701  -0.33038   0.04016
  -0.02299  -0.33038   0.04016
   0.21701  -0.33038   0.04016
  -0.02299  -0.33038   0.04016
  -0.02299  -0.33038   0.04016
  -0.02299  -0.57038   0.04016
  -0.02299  -0.33038   0.04016
  -0.02299  -0.33038   0.28016
  -0.02299  -0.33038   0.04016
  -0.02299  -0.33038   0.04016
  -0.02299  -0.33038   0.04016
  -0.02299  -0.33038   0.04016
  -0.02299  -0.33038   0.04016
  -0.02299  -0.33038   0.04016
  -0.02299  -0.33038   0.04016
  -0.02299  -0.33038   0.04016
  -0.02299  -0.57038   0.04016
  -0.02299  -0.33038   0.04016
  -0.02299  -0.33038   0.04016
  -0.02299  -0.33038   0.04016
  -0.02299  -0.33038   0.04016
  -0.02299  -0.33038   0.04016
  -0.02299  -0.57038   0.04016
  -0.02299  -0.33038   0.04016
  -0.02299  -0.33038   0.04016
  -0.02299  -0.33038   0.04016
  -0.02299  -0.33038   0.04016
  -0.02299  -0.33038   0.04016
  -0.02299  -0.57038   0.04016
  -0.02299  -0.57038   0.04016
  -0.02299  -0.33038   0.04016
  -0.02299  -0.33038   0.04016
  -0.02299  -0.57038   0.04016
  -0.02299  -0.33038   0.04016
  -0.02299  -0.57038   0.04016
  -0.02299  -0.57038   0.04016
  -0.02299  -0.33038   0.04016
  -0.02299  -0.33038   0.04016
  -0.02299  -0.33038   0.04016
  -0.02299  -0.33038   0.04016
  -0.02299  -0.33038   0.04016
  -0.02299  -0.33038   0.04016
  -0.02299  -0.33038   0.04016
  -0.02299  -0.09038   0.04016
  -0.02299  -0.33038   0.04016
  -0.02299  -0.33038   0.04016
  -0.02299  -0.33038   0.04016
  -0.02299  -0.33038   0.04016
  -0.02299  -0.09038   0.04016
  -0.02299  -0.09038   0.04016
  -0.02299  -0.09038   0.04016
  -0.02299  -0.09038   0.04016
  -0.02299  -0.09038   0.04016
  -0.02299  -0.09038   0.04016
  -0.02299  -0.09038   0.04016
  -0.02299  -0.09038   0.04016
  -0.02299  -0.09038   0.04016
  -0.02299  -0.09038   0.04016
  -0.26299  -0.09038   0.04016
  -0.02299  -0.09038   0.04016
  -0.02299   0.14962   0.04016
  -0.02299   0.14962   0.28016
  -0.02299  -0.09038   0.04016
  -0.02299   0.14962   0.28016
  -0.02299   0.14962   0.04016
  -0.02299   0.14962   0.04016
  -0.02299   0.14962   0.28016
  -0.02299   0.14962   0.28016
  -0.02299   0.14962   0.28016
  -0.02299   0.14962   0.28016
  -0.02299   0.14962   0.04016
  -0.02299   0.14962   0.04016
  -0.02299   0.14962   0.28016
  -0.02299   0.14962   0.28016
  -0.02299   0.14962   0.28016
  -0.02299   0.38962   0.28016
  -0.02299   0.14962   0.04016
  -0.02299   0.14962   0.28016
  -0.02299   0.38962   0.28016
  -0.26299   0.38962   0.28016
  -0.02299   0.38962   0.28016
  -0.02299   0.38962   0.28016
  -0.26299   0.14962   0.04016
  -0.02299   0.14962   0.28016
  -0.02299   0.38962   0.04016
  -0.02299   0.38962   0.04016
  -0.02299   0.38962   0.04016
  -0.26299   0.38962   0.28016
  -0.26299   0.14962   0.04016
  -0.02299   0.14962   0.04016
  -0.02299   0.14962   0.04016
  -0.26299   0.38962   0.04016
  -0.02299   0.38962   0.04016
  -0.26299   0.38962   0.04016
  -0.26299   0.14962   0.04016
  -0.26299   0.38962   0.04016
  -0.02299   0.38962   0.04016
  -0.02299   0.38962   0.04016
  -0.02299   0.38962   0.04016
  -0.02299   0.38962   0.04016
  -0.02299   0.14962   0.04016
  -0.02299   0.14962   0.04016
  -0.02299   0.14962   0.04016
  -0.02299   0.14962   0.04016
  -0.02299   0.14962   0.04016
  -0.02299   0.14962   0.04016
  -0.26299   0.14962   0.04016
  -0.26299   0.14962   0.04016
  -0.26299   0.14962   0.04016
  -0.26299   0.14962   0.04016
  -0.26299   0.14962   0.04016
  -0.26299   0.14962   0.04016
  -0.26299   0.14962   0.04016
  -0.26299  -0.09038   0.04016
  -0.02299   0.14962   0.04016
  -0.02299   0.14962   0.04016
  -0.02299   0.14962   0.04016
  -0.02299  -0.09038   0.04016
  -0.02299  -0.09038   0.04016
  -0.02299  -0.09038   0.04016
  -0.02299  -0.09038   0.04016
  -0.02299  -0.09038   0.04016
  -0.02299  -0.09038   0.04016
  -0.02299  -0.09038   0.04016
  -0.02299  -0.33038   0.04016
  -0.26299  -0.09038   0.04016
  -0.02299  -0.09038   0.04016
  -0.02299  -0.09038   0.04016
  -0.02299  -0.09038   0.04016
  -0.02299  -0.09038   0.04016
  -0.02299  -0.09038  -0.19984
  -0.02299  -0.09038   0.04016
  -0.02299  -0.09038   0.04016
  -0.02299  -0.09038   0.04016
  -0.02299  -0.09038   0.04016
  -0.02299  -0.09038   0.04016
  -0.02299  -0.33038  -0.19984
  -0.02299  -0.09038   0.04016
  -0.02299  -0.09038   0.04016
  -0.02299  -0.09038   0.04016
  -0.02299  -0.09038   0.04016
  -0.02299  -0.09038   0.04016
  -0.02299  -0.09038   0.04016
  -0.02299  -0.09038   0.04016
  -0.02299  -0.09038   0.04016
  -0.02299  -0.09038   0.04016
  -0.02299  -0.09038   0.04016
   0.21701   0.14962   0.04016
   0.21701  -0.09038   0.04016
   0.21701   0.14962   0.04016
   0.21701   0.14962   0.04016
   0.21701   0.14962   0.04016
   0.21701   0.14962   0.04016
   0.21701   0.14962   0.04016
  -0.02299   0.14962   0.04016
   0.21701   0.14962   0.04016
   0.21701  -0.09038  -0.19984
   0.21701   0.14962   0.04016
   0.21701   0.14962   0.04016
   0.21701   0.14962   0.04016
   0.21701   0.14962   0.04016
   0.21701   0.14962   0.04016
   0.21701   0.14962  -0.19984
   0.21701   0.14962   0.04016
   0.21701   0.14962  -0.19984
   0.21701   0.14962   0.04016
   0.21701   0.14962   0.04016
   0.21701   0.14962   0.04016
   0.21701   0.14962   0.04016
   0.21701   0.14962   0.04016
   0.21701   0.14962   0.04016
   0.21701   0.38962   0.04016
   0.21701   0.14962   0.04016
   0.21701   0.38962   0.04016
   0.21701   0.14962   0.04016
   0.21701   0.14962   0.04016
   0.21701   0.14962   0.04016
   0.21701   0.38962   0.04016
   0.21701   0.38962   0.04016
   0.21701   0.14962   0.04016
  -0.02299   0.14962  -0.19984
   0.21701   0.14962   0.04016
   0.21701   0.14962   0.04016
   0.21701   0.38962   0.04016
   0.21701   0.14962   0.04016
   0.21701   0.14962   0.04016
   0.21701   0.14962  -0.19984
   0.21701   0.14962   0.04016
   0.21701   0.14962   0.04016
   0.21701   0.14962   0.04016
   0.21701   0.14962   0.04016
   0.21701   0.14962   0.04016
  -0.02299   0.14962  -0.19984
   0.21701   0.14962   0.04016
   0.21701   0.14962   0.04016
   0.21701   0.14962   0.04016
   0.21701   0.14962   0.04016
   0.21701   0.14962   0.04016
   0.21701  -0.09038  -0.19984
   0.21701   0.14962   0.04016
   0.21701   0.14962  -0.19984
   0.21701   0.14962   0.04016
   0.21701   0.14962  -0.19984
   0.21701   0.14962  -0.19984
   0.21701   0.14962  -0.19984
  -0.02299   0.14962  -0.19984
   0.21701  -0.09038  -0.19984
  -0.02299  -0.09038   0.04016
  -0.02299  -0.09038  -0.19984
   0.21701  -0.09038   0.04016
  -0.02299  -0.09038  -0.19984
  -0.02299  -0.09038  -0.19984
   0.21701  -0.09038  -0.19984
   0.21701  -0.09038  -0.19984
   0.21701  -0.09038  -0.19984
   0.21701  -0.09038  -0.19984
   0.21701  -0.09038  -0.19984
   0.21701  -0.09038  -0.19984
   0.21701  -0.09038  -0.19984
   0.21701  -0.09038   0.04016
   0.21701  -0.09038  -0.19984
   0.21701  -0.09038   0.04016
   0.21701  -0.09038  -0.19984
   0.21701  -0.09038   0.04016
   0.21701  -0.09038  -0.19984
   0.21701  -0.09038  -0.19984
   0.21701  -0.09038  -0.19984
   0.21701  -0.09038   0.04016
   0.21701  -0.09038  -0.19984
   0.21701  -0.09038   0.04016
   0.21701  -0.09038  -0.19984
   0.21701  -0.09038  -0.19984
   0.21701  -0.09038  -0.19984
   0.21701  -0.09038   0.04016
   0.21701  -0.09038  -0.19984
   0.21701  -0.09038   0.04016
   0.21701  -0.09038  -0.19984
   0.21701  -0.09038   0.04016
   0.21701  -0.09038   0.04016
   0.21701  -0.09038   0.04016
   0.21701  -0.09038   0.04016
   0.21701  -0.09038   0.04016
   0.21701  -0.09038   0.04016
   0.21701  -0.09038   0.04016
   0.21701  -0.09038   0.04016
   0.21701  -0.09038   0.04016
  -0.02299  -0.09038   0.04016
  -0.02299  -0.09038   0.04016
  -0.02299  -0.33038  -0.19984
  -0.02299  -0.09038  -0.19984
  -0.02299  -0.09038  -0.19984
  -0.02299  -0.09038  -0.19984
  -0.02299  -0.09038  -0.19984
  -0.02299  -0.09038   0.04016
  -0.02299  -0.33038  -0.19984
  -0.02299  -0.33038  -0.19984
  -0.02299  -0.09038  -0.19984
  -0.02299  -0.09038   0.04016
  -0.02299  -0.09038   0.04016
  -0.02299  -0.09038   0.04016
  -0.02299  -0.09038   0.04016
  -0.02299  -0.09038   0.04016
  -0.02299  -0.09038  -0.19984
  -0.02299  -0.09038   0.04016
  -0.02299  -0.09038   0.04016
  -0.02299  -0.09038   0.04016
  -0.02299  -0.09038  -0.19984
  -0.02299  -0.09038   0.04016
  -0.02299  -0.09038   0.04016
  -0.02299   0.14962   0.04016
  -0.02299   0.14962   0.04016
  -0.02299   0.14962   0.04016
  -0.02299  -0.09038  -0.19984
  -0.02299  -0.09038   0.04016
  -0.02299   0.14962  -0.19984
  -0.02299   0.14962   0.04016
  -0.02299   0.14962   0.04016
  -0.02299   0.14962   0.04016
  -0.02299   0.14962  -0.19984
  -0.02299   0.14962   0.04016
  -0.02299   0.14962   0.04016
  -0.02299   0.14962   0.04016
   0.21701   0.14962  -0.19984
  -0.02299   0.14962   0.04016
  -0.02299   0.14962  -0.19984
  -0.02299   0.14962  -0.19984
  -0.02299   0.14962   0.04016
   0.21701   0.14962   0.04016
  -0.02299   0.14962  -0.19984
  -0.02299   0.38962   0.04016
  -0.02299   0.14962   0.04016
  -0.02299   0.14962   0.04016
  -0.02299   0.14962  -0.19984
   0.21701   0.38962   0.04016
  -0.02299   0.14962   0.04016
  -0.02299   0.38962   0.04016
  -0.02299   0.14962  -0.19984
  -0.02299   0.14962   0.04016
  -0.02299   0.38962   0.04016
  -0.02299   0.38962   0.04016
  -0.02299   0.38962   0.04016
  -0.02299   0.38962   0.04016
  -0.02299   0.14962  -0.19984
  -0.02299   0.14962   0.04016
  -0.02299   0.38962   0.04016
  -0.02299   0.38962   0.04016
  -0.02299   0.38962   0.04016
  -0.02299   0.38962   0.04016
  -0.02299   0.14962  -0.19984
  -0.02299   0.14962   0.04016
  -0.02299   0.14962   0.04016
  -0.02299   0.14962   0.04016
  -0.02299   0.14962  -0.19984
  -0.02299   0.14962   0.04016
  -0.02299   0.14962   0.04016
  -0.02299   0.14962   0.04016
  -0.02299   0.14962   0.04016
  -0.02299   0.14962   0.04016
  -0.02299   0.14962   0.04016
  -0.02299   0.14962   0.04016
  -0.02299   0.14962  -0.19984
  -0.02299   0.14962  -0.19984
  -0.02299   0.14962   0.04016
  -0.02299   0.14962   0.04016
  -0.02299   0.14962   0.04016
  -0.02299   0.14962   0.04016
  -0.02299   0.14962  -0.19984
  -0.02299   0.14962   0.04016
  -0.02299  -0.09038   0.04016
  -0.02299   0.14962   0.04016
  -0.02299   0.14962   0.04016
  -0.02299   0.14962   0.04016
  -0.02299  -0.09038  -0.19984
  -0.02299   0.14962   0.04016
  -0.02299   0.14962   0.04016
  -0.02299   0.14962   0.04016
  -0.02299   0.14962   0.04016
  -0.02299   0.14962   0.04016
  -0.02299   0.14962   0.04016
  -0.02299   0.14962   0.04016
  -0.02299   0.14962   0.04016
  -0.26299   0.14962   0.04016
  -0.02299   0.14962   0.04016
  -0.02299   0.14962   0.04016
  -0.02299   0.14962   0.04016
  -0.02299   0.14962   0.04016
  -0.02299   0.14962   0.04016
  -0.02299   0.14962   0.04016
  -0.02299   0.14962   0.04016
  -0.02299   0.14962   0.04016
  -0.02299   0.14962   0.04016
  -0.02299   0.14962   0.04016
  -0.02299   0.14962   0.04016
  -0.02299   0.14962   0.04016
  -0.02299   0.14962   0.04016
  -0.02299   0.14962   0.04016
  -0.02299   0.14962   0.04016
  -0.02299   0.14962   0.04016
  -0.02299   0.14962   0.04016
  -0.02299   0.14962   0.04016
  -0.02299   0.14962   0.04016
  -0.02299   0.14962   0.04016
  -0.02299   0.14962   0.04016
  -0.02299   0.14962   0.04016
  -0.02299   0.14962  -0.19984
  -0.02299   0.14962   0.04016
  -0.02299   0.14962   0.04016
  -0.02299   0.14962   0.04016
  -0.02299   0.14962   0.04016
  -0.02299   0.14962   0.04016
  -0.02299  -0.09038   0.04016
  -0.02299   0.14962   0.04016
  -0.02299  -0.09038   0.04016
  -0.02299   0.14962   0.04016
  -0.02299   0.14962   0.04016
  -0.02299  -0.09038   0.04016
  -0.02299  -0.09038   0.04016
  -0.02299   0.14962   0.04016
  -0.02299   0.14962   0.04016
  -0.02299   0.14962   0.04016
  -0.02299   0.14962   0.04016
  -0.02299   0.14962   0.04016
  -0.02299  -0.09038   0.04016
  -0.02299  -0.09038   0.04016
  -0.02299  -0.09038   0.04016
  -0.02299  -0.09038   0.04016
  -0.02299  -0.09038   0.04016
  -0.02299  -0.09038   0.04016
  -0.02299  -0.09038   0.04016
  -0.02299  -0.09038   0.04016
  -0.02299  -0.09038   0.04016
  -0.02299  -0.09038   0.04016
  -0.02299  -0.09038   0.04016
  -0.02299  -0.09038   0.04016
  -0.02299  -0.09038   0.04016
  -0.02299  -0.09038   0.04016
  -0.02299  -0.09038   0.04016
  -0.02299   0.14962   0.04016
  -0.02299  -0.09038   0.04016
  -0.02299  -0.09038   0.04016
  -0.02299  -0.09038   0.04016
  -0.02299  -0.09038   0.04016
  -0.02299  -0.09038  -0.19984
  -0.02299  -0.09038   0.04016
  -0.02299  -0.09038   0.04016
  -0.02299  -0.09038   0.04016
  -0.02299  -0.09038   0.04016
  -0.02299  -0.09038   0.04016
  -0.02299  -0.09038   0.04016
  -0.02299  -0.09038   0.04016
  -0.02299  -0.09038   0.04016
  -0.02299  -0.09038   0.04016
  -0.02299  -0.09038   0.04016
  -0.02299  -0.09038   0.04016
  -0.02299  -0.09038   0.04016
  -0.02299  -0.09038   0.04016
   0.21701  -0.09038   0.04016
  -0.02299  -0.09038   0.04016
  -0.02299  -0.09038   0.04016
  -0.02299  -0.09038   0.04016
  -0.02299  -0.09038   0.04016
  -0.02299  -0.09038   0.04016
  -0.02299  -0.09038   0.04016
  -0.02299  -0.33038   0.04016
  -0.02299  -0.33038   0.04016
  -0.02299  -0.33038   0.04016
  -0.02299  -0.33038   0.04016
   0.21701  -0.09038   0.04016
  -0.02299  -0.09038   0.04016
  -0.02299  -0.33038   0.04016
  -0.02299  -0.33038   0.04016
  -0.02299  -0.33038   0.04016
  -0.02299  -0.33038   0.04016
  -0.02299  -0.33038   0.04016
  -0.02299  -0.33038   0.04016
  -0.02299  -0.33038   0.04016
  -0.02299  -0.33038   0.04016
  -0.02299  -0.33038   0.04016
  -0.02299  -0.33038   0.04016
  -0.02299  -0.33038   0.04016
  -0.02299  -0.33038   0.04016
  -0.02299  -0.33038   0.04016
  -0.02299  -0.57038   0.04016
  -0.02299  -0.57038   0.04016
  -0.02299  -0.57038   0.04016
  -0.02299  -0.57038   0.04016
  -0.02299  -0.57038   0.04016
  -0.02299  -0.57038   0.04016
  -0.02299  -0.57038   0.04016
  -0.02299  -0.57038   0.04016
  -0.02299  -0.57038   0.04016
  -0.02299  -0.57038   0.04016
  -0.02299  -0.57038   0.04016
  -0.02299  -0.57038   0.04016
  -0.02299  -0.57038   0.04016
  -0.02299  -0.33038   0.04016
  -0.02299  -0.33038   0.04016
  -0.02299  -0.33038   0.04016
  -0.02299  -0.33038   0.04016
  -0.02299  -0.33038   0.28016
  -0.02299  -0.33038   0.04016
  -0.02299  -0.33038   0.04016
  -0.02299  -0.33038   0.04016
  -0.02299  -0.33038   0.28016
  -0.02299  -0.33038   0.04016
  -0.02299  -0.09038   0.28016
  -0.02299  -0.33038   0.04016
  -0.02299  -0.09038   0.04016
  -0.02299  -0.09038   0.04016
  -0.02299  -0.09038   0.28016
  -0.02299  -0.09038   0.04016
  -0.02299  -0.09038   0.28016
  -0.02299  -0.09038   0.04016
  -0.02299  -0.09038   0.28016
  -0.02299  -0.09038   0.04016
  -0.02299  -0.09038   0.28016
  -0.02299  -0.09038   0.04016
  -0.02299  -0.09038   0.28016
  -0.02299  -0.09038   0.04016
  -0.02299   0.14962   0.28016
  -0.02299   0.14962   0.28016
  -0.02299   0.14962   0.28016
  -0.02299   0.14962   0.28016
  -0.02299   0.14962   0.28016
  -0.02299   0.14962   0.28016
  -0.02299   0.14962   0.28016
  -0.02299   0.14962   0.28016
  -0.26299   0.14962   0.28016
  -0.02299   0.14962   0.28016
  -0.02299   0.14962   0.28016
  -0.02299   0.38962   0.28016
  -0.02299   0.38962   0.28016
  -0.02299   0.14962   0.04016
  -0.02299   0.14962   0.04016
  -0.02299   0.38962   0.28016
  -0.02299   0.38962   0.28016
  -0.02299   0.38962   0.04016
  -0.02299   0.38962   0.28016
  -0.02299   0.14962   0.04016
  -0.26299   0.14962   0.04016
  -0.02299   0.14962   0.28016
  -0.02299   0.38962   0.28016
  -0.02299   0.38962   0.04016
  -0.02299   0.38962   0.28016
  -0.26299   0.14962   0.04016
  -0.02299   0.14962   0.04016
  -0.02299   0.38962   0.28016
  -0.02299   0.38962   0.28016
  -0.02299   0.38962   0.04016
  -0.02299   0.38962   0.28016
  -0.02299   0.14962   0.04016
  -0.02299   0.38962   0.28016
  -0.02299   0.38962   0.28016
  -0.02299   0.38962   0.28016
  -0.26299   0.38962   0.04016
  -0.02299   0.38962   0.28016
  -0.26299   0.14962   0.04016
  -0.02299   0.38962   0.28016
  -0.02299   0.38962   0.28016
  -0.02299   0.38962   0.28016
  -0.02299   0.38962   0.28016
  -0.02299   0.38962   0.28016
  -0.02299   0.38962   0.04016
  -0.02299   0.38962   0.28016
  -0.02299   0.38962   0.04016
  -0.02299   0.38962   0.04016
  -0.02299   0.38962   0.04016
  -0.02299   0.38962   0.28016
  -0.02299   0.38962   0.04016
  -0.02299   0.38962   0.04016
  -0.02299   0.38962   0.04016
  -0.02299   0.38962   0.28016
  -0.02299   0.38962   0.28016
  -0.02299   0.38962   0.28016
  -0.02299   0.38962   0.04016
  -0.02299   0.38962   0.28016
  -0.02299   0.38962   0.04016
  -0.02299   0.38962   0.04016
  -0.02299   0.38962   0.04016
  -0.02299   0.38962   0.04016
  -0.02299   0.38962   0.04016
  -0.02299   0.38962   0.04016
  -0.02299   0.14962   0.04016
  -0.02299   0.38962   0.04016
  -0.02299   0.38962   0.04016
  -0.02299   0.38962   0.04016
  -0.02299   0.38962   0.04016
  -0.02299   0.38962   0.04016
  -0.02299   0.14962   0.04016
  -0.02299   0.14962   0.04016
  -0.02299   0.14962   0.04016
  -0.02299   0.14962   0.04016
  -0.02299   0.14962   0.04016
  -0.02299   0.14962   0.04016
  -0.02299   0.14962   0.04016
  -0.02299   0.14962   0.04016
  -0.02299   0.14962   0.04016
  -0.02299   0.14962   0.04016
  -0.02299   0.14962   0.04016
  -0.02299   0.14962   0.04016
  -0.02299   0.14962   0.04016
  -0.02299   0.14962   0.04016
  -0.02299   0.14962   0.04016
  -0.02299   0.14962   0.04016
  -0.02299   0.14962   0.04016
  -0.02299   0.14962   0.04016
  -0.02299  -0.09038   0.04016
  -0.02299  -0.09038   0.04016
  -0.02299  -0.09038   0.04016
  -0.02299  -0.09038   0.04016
  -0.02299  -0.09038   0.04016
  -0.02299  -0.09038   0.04016
  -0.02299  -0.09038   0.04016
  -0.02299  -0.09038   0.04016
  -0.02299  -0.09038   0.04016
  -0.02299  -0.09038   0.04016
  -0.02299  -0.09038   0.04016
   0.21701  -0.09038   0.04016
  -0.02299  -0.09038   0.04016
   0.21701  -0.09038   0.04016
  -0.02299  -0.09038   0.04016
   0.21701  -0.09038   0.04016
  -0.02299  -0.09038   0.04016
   0.21701  -0.09038   0.04016
  -0.02299  -0.09038   0.04016
  -0.02299  -0.09038   0.04016
  -0.02299  -0.09038   0.04016
   0.21701  -0.09038   0.04016
   0.21701  -0.09038   0.04016
   0.21701  -0.09038   0.04016
   0.21701  -0.09038   0.04016
   0.21701  -0.09038   0.04016
   0.21701   0.14962   0.04016
   0.21701  -0.09038   0.04016
   0.21701  -0.09038   0.04016
   0.21701  -0.09038   0.04016
   0.21701  -0.09038   0.04016
   0.21701  -0.09038   0.04016
   0.21701  -0.09038   0.04016
   0.21701  -0.09038   0.04016
   0.21701  -0.09038   0.04016
   0.21701  -0.09038   0.04016
   0.21701  -0.09038   0.04016
   0.21701  -0.09038   0.04016
   0.21701  -0.09038   0.04016
   0.21701  -0.09038   0.04016
   0.21701  -0.09038   0.04016
   0.21701  -0.09038   0.04016
   0.21701  -0.09038   0.04016
   0.21701  -0.09038   0.04016
   0.21701  -0.09038   0.04016
   0.21701  -0.09038   0.04016
   0.21701  -0.09038   0.04016
   0.21701  -0.09038   0.04016
   0.21701  -0.09038   0.04016
   0.21701  -0.09038   0.04016
   0.21701  -0.09038   0.04016
   0.21701  -0.09038   0.04016
   0.21701  -0.09038   0.04016
   0.21701  -0.09038   0.04016
   0.21701  -0.09038  -0.19984
   0.21701  -0.09038   0.04016
   0.21701  -0.09038   0.04016
   0.21701  -0.09038   0.04016
   0.21701  -0.09038   0.04016
   0.21701  -0.09038   0.04016
   0.21701  -0.09038  -0.19984
   0.21701  -0.09038   0.04016
   0.21701  -0.09038   0.04016
   0.21701  -0.09038   0.04016
   0.21701  -0.09038  -0.19984
   0.21701  -0.09038   0.04016
   0.21701  -0.09038   0.04016
   0.21701  -0.09038   0.04016
   0.21701  -0.09038  -0.19984
   0.21701  -0.09038   0.04016
   0.21701  -0.09038  -0.19984
   0.21701  -0.09038   0.04016
   0.21701  -0.09038  -0.19984
   0.21701  -0.09038  -0.19984
   0.21701  -0.09038  -0.19984
   0.21701  -0.09038  -0.19984
   0.21701  -0.09038  -0.19984
   0.21701  -0.09038  -0.19984
   0.21701  -0.33038  -0.19984
   0.21701  -0.09038  -0.19984
   0.21701  -0.09038  -0.19984
   0.21701  -0.09038   0.04016
   0.21701  -0.33038   0.04016
   0.21701  -0.09038   0.04016
   0.21701  -0.09038  -0.19984
   0.21701  -0.09038  -0.19984
   0.21701  -0.09038  -0.19984
   0.21701  -0.09038  -0.19984
   0.21701  -0.09038  -0.19984
   0.21701  -0.09038  -0.19984
  -0.02299  -0.09038  -0.19984
   0.21701  -0.09038  -0.19984
   0.21701  -0.09038  -0.19984
   0.21701  -0.09038  -0.19984
  -0.02299  -0.09038  -0.19984
   0.21701  -0.09038  -0.19984
   0.21701  -0.09038  -0.19984
  -0.02299  -0.09038  -0.19984
  -0.02299  -0.09038  -0.19984
   0.21701  -0.09038   0.04016
   0.21701  -0.09038   0.04016
  -0.02299  -0.09038   0.04016
  -0.02299  -0.09038   0.04016
  -0.02299  -0.09038   0.04016
  -0.02299  -0.09038   0.04016
  -0.02299   0.14962   0.04016
  -0.02299   0.14962  -0.19984
  -0.02299   0.14962   0.04016
  -0.02299  -0.09038   0.04016
  -0.02299   0.14962   0.04016
  -0.02299   0.14962   0.04016
  -0.02299   0.14962   0.04016
  -0.02299   0.14962   0.04016
  -0.02299   0.14962   0.04016
  -0.02299   0.14962   0.04016
  -0.02299   0.14962   0.04016
  -0.02299   0.14962   0.04016
  -0.02299   0.14962  -0.19984
  -0.02299   0.14962   0.04016
  -0.02299   0.14962   0.04016
  -0.02299   0.14962   0.04016
  -0.02299   0.14962   0.04016
  -0.02299   0.14962   0.04016
  -0.02299   0.14962   0.04016
  -0.02299   0.14962   0.04016
  -0.02299   0.14962   0.04016
  -0.26299   0.14962   0.04016
  -0.02299   0.14962   0.04016
  -0.02299   0.14962   0.04016
  -0.02299   0.14962   0.04016
  -0.02299   0.14962   0.04016
  -0.02299   0.38962   0.04016
  -0.02299   0.14962   0.04016
  -0.02299   0.14962   0.04016
  -0.02299   0.14962   0.04016
  -0.02299   0.14962   0.04016
  -0.02299   0.14962   0.04016
  -0.02299   0.14962   0.04016
  -0.26299  -0.09038   0.04016
  -0.26299  -0.09038   0.04016
  -0.26299  -0.09038   0.04016
  -0.26299  -0.09038   0.04016
  -0.02299  -0.09038   0.04016
  -0.02299   0.14962   0.04016
  -0.26299  -0.09038  -0.19984
  -0.26299  -0.09038   0.04016
  -0.26299   0.14962   0.04016
  -0.02299  -0.09038   0.04016
  -0.26299  -0.09038   0.04016
  -0.02299   0.14962   0.04016
  -0.26299  -0.09038   0.04016
  -0.26299  -0.09038  -0.19984
  -0.02299  -0.09038   0.04016
  -0.02299  -0.09038   0.04016
  -0.02299  -0.09038   0.04016
  -0.02299  -0.09038   0.04016
  -0.02299  -0.09038  -0.19984
  -0.02299  -0.09038  -0.19984
  -0.02299  -0.09038  -0.19984
  -0.02299   0.14962   0.04016
  -0.02299   0.14962   0.04016
  -0.02299   0.14962   0.04016
  -0.26299  -0.09038   0.04016
  -0.02299   0.14962   0.04016
  -0.26299  -0.09038  -0.19984
  -0.02299   0.14962   0.04016
  -0.02299   0.14962   0.04016
  -0.02299   0.14962   0.04016
  -0.02299   0.14962   0.04016
  -0.02299   0.14962   0.04016
  -0.02299   0.14962  -0.19984
  -0.02299   0.14962  -0.19984
  -0.02299  -0.09038  -0.19984
  -0.02299   0.14962  -0.19984
  -0.02299   0.14962  -0.19984
  -0.02299   0.14962   0.04016
  -0.02299   0.14962  -0.19984
  -0.02299   0.14962   0.04016
  -0.02299  -0.09038  -0.19984
  -0.26299  -0.09038  -0.19984
  -0.02299   0.14962  -0.19984
  -0.02299   0.14962  -0.19984
  -0.02299   0.14962  -0.19984
  -0.02299   0.14962  -0.19984
  -0.02299   0.14962  -0.19984
  -0.02299   0.14962  -0.19984
  -0.02299   0.14962  -0.19984
  -0.02299   0.14962  -0.19984
  -0.02299   0.14962  -0.19984
  -0.02299   0.14962  -0.19984
  -0.02299  -0.09038  -0.19984
  -0.02299   0.14962  -0.19984
  -0.02299  -0.09038  -0.19984
  -0.02299  -0.09038  -0.19984
  -0.02299   0.14962  -0.19984
  -0.02299   0.14962   0.04016
  -0.02299  -0.09038  -0.19984
  -0.02299  -0.09038  -0.19984
  -0.02299   0.14962  -0.19984
  -0.02299   0.14962  -0.19984
  -0.02299  -0.09038  -0.19984
  -0.02299   0.14962  -0.19984
  -0.02299  -0.09038  -0.19984
  -0.02299  -0.09038  -0.19984
  -0.02299  -0.09038  -0.19984
   0.21701  -0.09038  -0.19984
   0.21701  -0.09038  -0.19984
   0.21701   0.14962  -0.19984
   0.21701  -0.09038  -0.19984
   0.21701  -0.09038  -0.19984
   0.21701  -0.09038  -0.19984
   0.21701   0.14962   0.04016
   0.21701   0.14962  -0.19984
   0.21701   0.14962  -0.19984
   0.21701  -0.09038  -0.19984
   0.21701  -0.09038   0.04016
   0.21701  -0.09038  -0.19984
   0.21701  -0.09038   0.04016
   0.21701  -0.09038   0.04016
   0.21701  -0.09038   0.04016
   0.21701  -0.09038  -0.19984
   0.21701  -0.09038   0.04016
   0.21701  -0.09038   0.04016
   0.21701   0.14962   0.04016
   0.21701  -0.09038   0.04016
   0.21701  -0.09038   0.04016
   0.21701  -0.09038   0.04016
   0.21701  -0.09038   0.04016
   0.21701  -0.09038   0.04016
   0.21701  -0.09038   0.04016
   0.21701  -0.09038   0.04016
   0.21701  -0.09038   0.04016
   0.21701  -0.09038   0.04016
   0.21701  -0.09038   0.04016
   0.21701  -0.09038   0.04016
   0.21701   0.14962   0.04016
   0.21701  -0.09038   0.04016
   0.21701  -0.09038   0.04016
   0.21701  -0.09038  -0.19984
   0.21701  -0.09038   0.04016
   0.21701  -0.09038   0.04016
   0.21701   0.14962   0.04016
   0.21701  -0.09038   0.04016
  -0.02299   0.14962   0.04016
  -0.02299  -0.09038   0.04016
  -0.02299  -0.09038   0.04016
   0.21701  -0.09038   0.04016
   0.21701   0.14962   0.04016
   0.21701  -0.09038   0.04016
   0.21701  -0.09038   0.04016
  -0.02299  -0.09038   0.04016
  -0.02299  -0.09038   0.04016
   0.21701  -0.09038   0.04016
   0.21701  -0.09038   0.04016
   0.21701  -0.09038   0.04016
  -0.02299  -0.09038   0.04016
  -0.02299  -0.09038  -0.19984
  -0.02299  -0.09038   0.04016
   0.21701  -0.09038   0.04016
   0.21701  -0.09038   0.04016
   0.21701  -0.09038   0.04016
   0.21701   0.14962   0.04016
  -0.02299  -0.09038   0.04016
  -0.02299  -0.09038   0.04016
  -0.02299  -0.09038   0.04016
   0.21701  -0.09038   0.04016
  -0.02299  -0.09038   0.04016
   0.21701  -0.09038   0.04016
  -0.02299  -0.33038   0.04016
   0.21701  -0.09038   0.04016
  -0.02299  -0.09038   0.04016
   0.21701  -0.09038   0.04016
   0.21701  -0.09038   0.04016
   0.21701  -0.09038   0.04016
  -0.02299  -0.33038   0.04016
  -0.02299  -0.09038   0.04016
  -0.02299  -0.09038   0.04016
  -0.02299  -0.09038   0.04016
  -0.02299  -0.33038   0.04016
  -0.02299  -0.09038   0.04016
  -0.02299  -0.33038   0.04016
  -0.02299  -0.09038   0.04016
  -0.02299  -0.09038   0.04016
   0.21701  -0.09038   0.04016
  -0.02299  -0.09038   0.04016
   0.21701  -0.09038   0.04016
  -0.02299  -0.09038   0.04016
  -0.02299  -0.09038   0.04016
  -0.02299  -0.09038   0.04016
  -0.02299   0.14962   0.04016
  -0.02299  -0.09038   0.04016
  -0.02299   0.14962   0.04016
  -0.02299  -0.09038   0.04016
  -0.02299  -0.09038   0.04016
  -0.02299   0.14962   0.04016
  -0.02299   0.14962   0.04016
  -0.02299   0.14962   0.04016
  -0.02299   0.14962   0.04016
  -0.02299   0.14962   0.04016
  -0.02299   0.14962   0.04016
  -0.02299   0.14962   0.04016
  -0.02299   0.14962   0.04016
  -0.02299   0.14962   0.04016
  -0.02299   0.14962   0.04016
  -0.02299   0.14962  -0.19984
  -0.02299   0.14962   0.04016
  -0.02299   0.14962   0.04016
  -0.02299   0.14962   0.04016
  -0.02299   0.14962   0.04016
  -0.02299   0.14962   0.04016
  -0.02299   0.14962  -0.19984
  -0.02299   0.14962   0.04016
  -0.02299   0.14962   0.04016
  -0.02299   0.14962   0.04016
  -0.02299   0.14962   0.04016
  -0.02299   0.14962   0.04016
  -0.02299   0.14962   0.04016
  -0.02299   0.14962   0.04016
  -0.02299   0.14962   0.04016
  -0.02299   0.14962   0.04016
  -0.02299   0.14962   0.04016
  -0.02299   0.14962   0.04016
  -0.26299   0.14962   0.04016
  -0.02299   0.14962   0.04016
  -0.02299   0.14962   0.04016
  -0.02299   0.14962   0.04016
  -0.02299   0.14962   0.04016
  -0.02299   0.14962   0.04016
  -0.02299   0.14962   0.04016
  -0.02299   0.14962   0.04016
  -0.02299   0.14962   0.04016
  -0.02299   0.14962   0.04016
  -0.02299   0.14962   0.04016
  -0.02299   0.14962   0.04016
  -0.26299   0.14962   0.04016
  -0.02299   0.14962   0.04016
  -0.26299   0.14962   0.04016
  -0.02299   0.14962   0.04016
  -0.02299   0.14962   0.04016
  -0.02299   0.14962   0.28016
  -0.26299   0.14962   0.04016
  -0.26299   0.14962   0.04016
  -0.26299   0.14962   0.04016
  -0.02299   0.14962   0.04016
  -0.26299   0.14962   0.04016
  -0.26299   0.14962   0.04016
  -0.26299   0.14962   0.04016
  -0.02299   0.14962   0.04016
  -0.26299   0.14962   0.04016
  -0.26299   0.14962   0.28016
  -0.02299   0.14962   0.04016
  -0.02299   0.14962   0.28016
  -0.02299   0.14962   0.04016
  -0.26299   0.14962   0.04016
  -0.02299   0.14962   0.04016
  -0.02299   0.14962   0.28016
  -0.02299   0.14962   0.28016
  -0.02299   0.14962   0.28016
  -0.02299   0.14962   0.28016
  -0.02299   0.14962   0.04016
  -0.02299   0.14962   0.28016
  -0.26299   0.38962   0.28016
  -0.02299   0.38962   0.28016
  -0.02299   0.38962   0.28016
  -0.02299   0.38962   0.28016
  -0.02299   0.38962   0.28016
  -0.02299   0.14962   0.28016
  -0.02299   0.38962   0.28016
  -0.02299   0.38962   0.04016
  -0.02299   0.38962   0.28016
  -0.02299   0.38962   0.28016
  -0.02299   0.38962   0.28016
  -0.02299   0.14962   0.28016
  -0.02299   0.38962   0.28016
  -0.02299   0.38962   0.28016
  -0.26299   0.38962   0.28016
  -0.02299   0.38962   0.28016
  -0.02299   0.38962   0.28016
  -0.26299   0.38962   0.28016
  -0.02299   0.38962   0.28016
  -0.02299   0.38962   0.28016
  -0.02299   0.38962   0.28016
  -0.02299   0.38962   0.28016
  -0.02299   0.38962   0.28016
  -0.02299   0.14962   0.28016
  -0.26299   0.14962   0.28016
  -0.02299   0.38962   0.28016
  -0.02299   0.38962   0.04016
  -0.02299   0.38962   0.28016
  -0.02299   0.38962   0.28016
  -0.02299   0.14962   0.28016
  -0.02299   0.14962   0.28016
  -0.02299   0.14962   0.28016
  -0.02299   0.14962   0.28016
  -0.02299   0.14962   0.28016
  -0.02299   0.14962   0.28016
  -0.02299   0.14962   0.28016
  -0.02299   0.14962   0.28016
  -0.02299   0.14962   0.28016
  -0.02299   0.14962   0.28016
  -0.02299   0.14962   0.28016
  -0.02299   0.14962   0.28016
  -0.02299  -0.09038   0.28016
  -0.02299  -0.09038   0.28016
  -0.02299  -0.09038   0.28016
  -0.02299  -0.09038   0.28016
  -0.02299  -0.09038   0.28016
  -0.02299  -0.09038   0.28016
  -0.02299  -0.09038   0.28016
  -0.02299  -0.09038   0.28016
  -0.02299  -0.09038   0.28016
  -0.02299  -0.09038   0.28016
  -0.02299  -0.09038   0.28016
  -0.02299  -0.09038   0.28016
  -0.02299  -0.33038   0.28016
  -0.02299  -0.09038   0.28016
   0.21701  -0.09038   0.28016
  -0.02299  -0.09038   0.28016
   0.21701  -0.33038   0.28016
   0.21701  -0.33038   0.28016
  -0.02299  -0.33038   0.28016
  -0.02299  -0.33038   0.28016
   0.21701  -0.33038   0.28016
   0.21701  -0.33038   0.28016
   0.21701  -0.33038   0.28016
  -0.02299  -0.33038   0.28016
   0.21701  -0.33038   0.04016
   0.21701  -0.33038   0.28016
   0.21701  -0.33038   0.28016
   0.21701  -0.33038   0.28016
   0.21701  -0.33038   0.28016
   0.21701  -0.33038   0.04016
   0.21701  -0.33038   0.28016
   0.21701  -0.33038   0.28016
   0.21701  -0.33038   0.28016
   0.21701  -0.33038   0.28016
   0.21701  -0.33038   0.28016
   0.21701  -0.09038   0.28016
   0.21701  -0.33038   0.28016
   0.21701  -0.09038   0.28016
   0.21701  -0.33038   0.28016
   0.21701  -0.33038   0.28016
   0.21701  -0.33038   0.04016
   0.21701  -0.09038   0.28016
   0.21701  -0.33038   0.04016
   0.21701  -0.09038   0.04016
   0.21701  -0.33038   0.04016
   0.21701  -0.33038   0.04016
   0.21701  -0.09038   0.28016
   0.21701  -0.09038   0.28016
   0.21701  -0.09038   0.04016
   0.21701  -0.09038   0.04016
   0.21701  -0.09038   0.04016
   0.21701  -0.09038   0.04016
   0.21701  -0.09038   0.04016
   0.21701  -0.09038   0.04016
   0.21701  -0.09038   0.04016
   0.21701  -0.09038   0.04016
   0.21701  -0.09038   0.04016
   0.21701  -0.09038   0.04016
   0.21701  -0.09038   0.04016
   0.21701  -0.09038   0.04016
  -0.02299  -0.09038   0.04016
   0.21701  -0.09038   0.04016
  -0.02299  -0.09038   0.04016
  -0.02299  -0.09038   0.04016
  -0.02299  -0.09038   0.04016
   0.21701  -0.09038   0.04016
  -0.02299  -0.09038   0.04016
  -0.02299  -0.09038   0.04016
  -0.02299  -0.09038   0.04016
  -0.02299  -0.09038   0.04016
  -0.02299  -0.09038   0.04016
  -0.02299  -0.09038   0.04016
  -0.02299  -0.09038   0.04016
  -0.02299  -0.09038   0.04016
  -0.02299  -0.09038   0.04016
  -0.02299  -0.09038   0.04016
  -0.02299  -0.09038   0.04016
  -0.02299  -0.09038   0.04016
  -0.02299  -0.09038   0.04016
  -0.02299  -0.09038   0.04016
  -0.02299  -0.09038   0.04016
  -0.02299  -0.09038   0.04016
  -0.02299  -0.09038   0.04016
  -0.02299   0.14962   0.04016
  -0.02299  -0.09038   0.04016
  -0.02299   0.14962   0.04016
  -0.02299  -0.09038   0.04016
  -0.02299  -0.09038   0.04016
  -0.02299   0.14962   0.04016
  -0.02299   0.14962   0.04016
  -0.02299  -0.09038   0.04016
  -0.02299   0.14962   0.04016
  -0.02299  -0.09038   0.04016
  -0.02299   0.14962   0.04016
  -0.02299   0.14962   0.04016
  -0.02299   0.14962   0.04016
  -0.02299   0.14962   0.04016
  -0.02299   0.14962   0.04016
  -0.26299  -0.09038  -0.19984
  -0.02299   0.14962   0.04016
  -0.02299   0.14962  -0.19984
  -0.02299   0.14962   0.04016
  -0.02299   0.14962   0.04016
  -0.02299   0.14962   0.04016
  -0.02299   0.14962  -0.19984
  -0.02299   0.14962  -0.19984
  -0.02299   0.14962   0.04016
  -0.02299   0.14962   0.04016
  -0.02299   0.14962   0.04016
  -0.02299   0.14962   0.04016
  -0.02299   0.14962  -0.19984
  -0.02299   0.14962  -0.19984
  -0.02299   0.14962   0.04016
  -0.26299   0.14962   0.04016
  -0.02299   0.14962  -0.19984
  -0.02299   0.14962  -0.19984
  -0.02299  -0.09038  -0.19984
  -0.02299   0.14962  -0.19984
  -0.02299   0.14962   0.04016
  -0.02299   0.14962  -0.19984
  -0.02299   0.14962  -0.19984
  -0.02299   0.14962  -0.19984
  -0.26299  -0.09038  -0.19984
  -0.26299   0.14962  -0.19984
  -0.02299   0.14962  -0.19984
  -0.02299   0.14962  -0.19984
  -0.26299   0.14962  -0.19984
  -0.02299   0.14962  -0.19984
  -0.26299  -0.09038  -0.19984
  -0.02299   0.14962  -0.19984
  -0.02299   0.14962  -0.19984
  -0.02299   0.14962  -0.19984
  -0.02299   0.14962  -0.19984
  -0.02299   0.14962  -0.19984
  -0.26299  -0.09038  -0.19984
  -0.02299  -0.09038  -0.19984
  -0.02299   0.14962  -0.19984
  -0.02299   0.14962  -0.19984
  -0.02299   0.14962  -0.19984
  -0.02299   0.14962  -0.19984
  -0.02299  -0.09038  -0.19984
  -0.02299   0.14962  -0.19984
  -0.02299   0.14962   0.04016
  -0.02299   0.14962  -0.19984
  -0.02299   0.14962   0.04016
  -0.02299   0.14962   0.04016
  -0.02299   0.14962  -0.19984
  -0.02299  -0.09038  -0.19984
  -0.02299  -0.09038  -0.19984
  -0.02299   0.14962   0.04016
  -0.02299   0.14962   0.04016
  -0.02299   0.14962   0.04016
  -0.02299   0.14962   0.04016
  -0.02299   0.14962   0.04016
  -0.02299  -0.09038  -0.19984
  -0.02299   0.14962   0.04016
  -0.02299  -0.09038  -0.19984
  -0.02299   0.14962   0.04016
  -0.02299   0.14962   0.04016
  -0.02299   0.14962   0.04016
  -0.02299   0.14962  -0.19984
  -0.02299   0.14962  -0.19984
  -0.02299  -0.09038   0.04016
  -0.02299   0.14962   0.04016
  -0.02299   0.14962   0.04016
  -0.02299   0.14962   0.04016
  -0.02299   0.14962  -0.19984
  -0.02299   0.14962  -0.19984
  -0.02299   0.14962   0.04016
  -0.02299   0.14962   0.04016
  -0.02299   0.14962  -0.19984
  -0.02299   0.14962   0.04016
  -0.02299   0.14962  -0.19984
  -0.02299   0.14962  -0.19984
  -0.02299   0.14962   0.04016
   0.21701   0.14962   0.04016
   0.21701   0.14962   0.04016
   0.21701   0.14962   0.04016
  -0.02299   0.14962  -0.19984
  -0.02299   0.14962   0.04016
  -0.02299   0.14962   0.04016
  -0.02299   0.14962   0.04016
  -0.02299   0.14962  -0.19984
  -0.02299   0.14962  -0.19984
  -0.02299   0.14962  -0.19984
  -0.02299   0.14962  -0.19984
  -0.02299   0.14962  -0.19984
  -0.02299   0.14962  -0.19984
  -0.02299   0.14962  -0.19984
  -0.02299   0.14962   0.04016
  -0.02299   0.14962  -0.19984
  -0.02299   0.14962  -0.19984
  -0.02299   0.14962  -0.19984
  -0.02299   0.14962   0.04016
  -0.02299   0.14962  -0.19984
  -0.02299   0.14962   0.04016
  -0.02299  -0.09038  -0.19984
  -0.02299  -0.09038  -0.19984
  -0.02299  -0.09038  -0.19984
  -0.02299   0.14962  -0.19984
  -0.02299  -0.09038  -0.19984
  -0.02299  -0.09038  -0.19984
  -0.02299  -0.09038  -0.19984
  -0.02299  -0.09038  -0.19984
  -0.02299  -0.09038  -0.19984
  -0.02299  -0.09038  -0.19984
  -0.02299  -0.09038  -0.19984
   0.21701  -0.09038  -0.19984
  -0.02299  -0.09038  -0.19984
  -0.02299  -0.09038  -0.19984
   0.21701  -0.09038  -0.19984
   0.21701  -0.09038   0.04016
   0.21701  -0.09038   0.04016
  -0.02299  -0.09038  -0.19984
  -0.02299  -0.09038  -0.19984
  -0.02299  -0.09038  -0.19984
   0.21701  -0.09038  -0.19984
   0.21701  -0.09038  -0.19984
   0.21701  -0.09038  -0.19984
   0.21701  -0.09038  -0.19984
  -0.02299  -0.33038  -0.19984
   0.21701  -0.09038  -0.19984
  -0.02299  -0.09038  -0.19984
  -0.02299  -0.09038  -0.19984
  -0.02299  -0.09038  -0.19984
  -0.02299  -0.09038  -0.19984
  -0.02299  -0.33038  -0.19984
  -0.02299  -0.09038  -0.19984
   0.21701  -0.09038  -0.19984
   0.21701  -0.09038  -0.19984
  -0.02299  -0.09038  -0.19984
   0.21701  -0.09038  -0.19984
  -0.02299  -0.33038  -0.19984
   0.21701  -0.09038  -0.19984
   0.21701  -0.09038  -0.19984
   0.21701  -0.09038  -0.19984
  -0.02299  -0.09038  -0.19984
   0.21701  -0.09038  -0.19984
  -0.02299  -0.09038  -0.19984
  -0.02299  -0.09038  -0.19984
   0.21701  -0.09038  -0.19984
   0.21701  -0.09038  -0.19984
   0.21701  -0.09038  -0.19984
   0.21701  -0.09038  -0.19984
  -0.02299  -0.09038  -0.19984
   0.21701  -0.09038  -0.19984
   0.21701   0.14962  -0.19984
   0.21701  -0.09038  -0.19984
  -0.02299  -0.09038  -0.19984
   0.21701   0.14962  -0.19984
  -0.02299  -0.09038  -0.19984
  -0.02299  -0.09038  -0.19984
  -0.02299  -0.09038  -0.19984
  -0.02299   0.14962  -0.19984
  -0.02299  -0.09038  -0.19984
   0.21701  -0.09038  -0.19984
  -0.02299  -0.09038  -0.43984
  -0.02299  -0.09038  -0.19984
  -0.02299  -0.09038  -0.19984
  -0.02299  -0.09038  -0.19984
  -0.02299  -0.09038  -0.19984
  -0.02299   0.14962  -0.19984
  -0.02299   0.14962  -0.19984
  -0.02299   0.14962  -0.19984
  -0.02299  -0.09038  -0.19984
  -0.02299   0.14962  -0.19984
  -0.02299   0.14962  -0.19984
  -0.02299   0.14962  -0.19984
  -0.02299  -0.09038  -0.19984
  -0.02299   0.14962  -0.19984
  -0.02299   0.14962  -0.19984
  -0.02299   0.14962  -0.19984
  -0.02299   0.14962  -0.19984
  -0.02299   0.14962  -0.19984
  -0.02299   0.14962  -0.19984
  -0.02299   0.14962  -0.19984
  -0.02299   0.14962  -0.19984
   0.21701   0.14962  -0.19984
  -0.02299   0.14962  -0.19984
  -0.02299   0.14962  -0.19984
  -0.02299   0.14962  -0.19984
  -0.02299   0.14962  -0.19984
  -0.02299   0.14962  -0.19984
  -0.02299   0.14962  -0.19984
  -0.02299   0.14962  -0.19984
  -0.02299   0.14962  -0.19984
  -0.02299   0.14962  -0.19984
  -0.02299   0.14962   0.04016
  -0.02299   0.14962  -0.19984
  -0.02299   0.14962  -0.19984
  -0.02299   0.14962  -0.19984
  -0.02299   0.14962   0.04016
  -0.02299   0.14962  -0.19984
  -0.02299  -0.09038  -0.19984
  -0.02299   0.14962  -0.19984
   0.21701   0.14962   0.04016
  -0.02299   0.14962   0.04016
  -0.02299   0.14962   0.04016
  -0.02299   0.14962   0.04016
  -0.02299   0.14962   0.04016
  -0.02299   0.14962   0.04016
  -0.02299   0.14962  -0.19984
  -0.02299   0.14962  -0.19984
  -0.02299   0.14962   0.04016
  -0.02299   0.14962   0.04016
  -0.02299   0.14962   0.04016
  -0.02299   0.14962   0.04016
  -0.02299   0.14962   0.04016
  -0.02299   0.14962   0.04016
  -0.02299   0.14962   0.04016
  -0.02299   0.14962   0.04016
  -0.02299   0.14962   0.04016
  -0.02299   0.14962   0.04016
  -0.02299   0.14962   0.04016
  -0.02299   0.14962   0.04016
  -0.02299   0.14962   0.04016
  -0.02299   0.14962   0.04016
  -0.02299   0.14962   0.04016
  -0.02299   0.14962   0.04016
  -0.02299   0.14962   0.04016
  -0.02299   0.14962   0.04016
  -0.02299   0.14962   0.04016
  -0.02299   0.14962   0.04016
  -0.02299   0.14962   0.04016
  -0.02299   0.14962   0.04016
  -0.02299   0.14962   0.04016
  -0.02299   0.14962   0.04016
  -0.02299   0.14962   0.28016
  -0.02299   0.14962   0.04016
  -0.02299   0.14962   0.28016
  -0.02299  -0.09038   0.04016
  -0.02299  -0.09038   0.04016
  -0.02299   0.14962   0.04016
  -0.02299   0.14962   0.28016
  -0.02299   0.14962   0.28016
  -0.02299   0.14962   0.28016
  -0.02299   0.14962   0.28016
  -0.02299   0.14962   0.28016
  -0.02299   0.14962   0.28016
  -0.02299   0.14962   0.28016
  -0.02299  -0.09038   0.04016
  -0.02299  -0.09038   0.28016
  -0.02299  -0.09038   0.28016
  -0.02299  -0.09038   0.28016
  -0.02299  -0.09038   0.28016
  -0.02299  -0.09038   0.28016
  -0.02299   0.14962   0.28016
   0.21701   0.14962   0.28016
  -0.02299  -0.09038   0.28016
   0.21701   0.14962   0.28016
  -0.02299  -0.09038   0.28016
  -0.02299  -0.09038   0.28016
   0.21701  -0.09038   0.28016
   0.21701   0.14962   0.28016
   0.21701  -0.09038   0.28016
   0.21701   0.14962   0.28016
  -0.02299  -0.09038   0.28016
  -0.02299  -0.09038   0.28016
  -0.02299  -0.09038   0.28016
  -0.02299  -0.09038   0.28016
   0.21701  -0.09038   0.28016
   0.21701  -0.09038   0.28016
   0.21701  -0.09038   0.28016
   0.21701  -0.09038   0.28016
   0.21701  -0.09038   0.28016
   0.21701  -0.09038   0.28016
   0.21701  -0.09038   0.28016
   0.21701  -0.09038   0.28016
  -0.02299  -0.09038   0.28016
   0.21701  -0.09038   0.28016
   0.21701  -0.09038   0.28016
   0.21701  -0.09038   0.28016
   0.21701  -0.09038   0.28016
  -0.02299  -0.09038   0.28016
  -0.02299  -0.09038   0.28016
  -0.02299  -0.09038   0.28016
  -0.02299  -0.09038   0.28016
  -0.02299  -0.09038   0.28016
  -0.02299  -0.09038   0.28016
   0.21701  -0.09038   0.28016
  -0.02299  -0.09038   0.28016
  -0.02299  -0.09038   0.28016
  -0.02299  -0.09038   0.28016
  -0.02299  -0.09038   0.28016
  -0.02299  -0.09038   0.28016
   0.21701  -0.09038   0.28016
  -0.02299  -0.09038   0.28016
  -0.02299  -0.09038   0.28016
  -0.02299  -0.09038   0.28016
  -0.02299  -0.09038   0.28016
  -0.02299  -0.09038   0.28016
  -0.02299  -0.09038   0.28016
  -0.02299  -0.09038   0.28016
  -0.02299  -0.09038   0.28016
  -0.02299  -0.09038   0.28016
  -0.02299  -0.09038   0.28016
   0.21701  -0.09038   0.28016
  -0.02299  -0.09038   0.28016
  -0.02299  -0.09038   0.28016
  -0.02299  -0.09038   0.28016
  -0.02299  -0.09038   0.28016
  -0.02299  -0.09038   0.28016
  -0.02299  -0.09038   0.28016
  -0.02299  -0.09038   0.28016
  -0.02299  -0.09038   0.28016
  -0.02299  -0.09038   0.28016
  -0.02299  -0.09038   0.28016
   0.21701   0.14962   0.28016
  -0.02299   0.14962   0.28016
  -0.02299   0.14962   0.28016
  -0.02299  -0.09038   0.28016
  -0.02299   0.14962   0.28016
  -0.02299   0.14962   0.28016
   0.21701   0.14962   0.28016
  -0.02299   0.14962   0.28016
  -0.02299   0.14962   0.28016
  -0.02299  -0.09038   0.28016
  -0.02299  -0.09038   0.28016
  -0.02299  -0.09038   0.28016
  -0.02299   0.14962   0.28016
  -0.02299   0.14962   0.28016
  -0.02299   0.14962   0.28016
  -0.02299  -0.09038   0.28016
  -0.02299   0.14962   0.04016
  -0.02299   0.14962   0.04016
  -0.02299   0.14962   0.28016
  -0.02299   0.14962   0.28016
   0.21701   0.14962   0.28016
  -0.02299   0.14962   0.04016
  -0.02299   0.14962   0.04016
  -0.02299   0.14962   0.28016
  -0.02299   0.14962   0.28016
  -0.02299   0.14962   0.28016
  -0.02299   0.14962   0.28016
  -0.02299   0.14962   0.04016
  -0.02299   0.14962   0.04016
  -0.02299   0.14962   0.04016
  -0.02299   0.14962   0.04016
  -0.02299   0.14962   0.04016
   0.21701   0.14962   0.04016
  -0.02299   0.14962   0.04016
   0.21701   0.14962   0.04016
  -0.02299   0.14962   0.04016
  -0.02299   0.14962   0.04016
  -0.02299   0.14962   0.04016
  -0.02299   0.14962   0.04016
  -0.02299   0.14962   0.04016
  -0.02299   0.14962   0.04016
  -0.02299   0.14962   0.04016
  -0.02299   0.14962   0.28016
  -0.02299   0.14962   0.04016
  -0.02299   0.14962   0.04016
  -0.02299   0.14962   0.04016
  -0.02299   0.14962   0.04016
  -0.02299   0.14962   0.04016
  -0.02299   0.14962   0.04016
  -0.02299   0.14962   0.04016
  -0.02299   0.14962   0.04016
  -0.02299   0.14962   0.04016
  -0.02299   0.14962   0.04016
  -0.02299   0.14962   0.04016
  -0.02299   0.14962   0.04016
  -0.02299   0.14962   0.04016
  -0.02299   0.14962   0.04016
  -0.02299   0.14962   0.04016
  -0.02299   0.14962   0.04016
  -0.02299   0.14962   0.04016
  -0.02299   0.14962   0.04016
  -0.02299   0.14962   0.04016
  -0.02299   0.14962   0.04016
  -0.02299   0.14962   0.04016
  -0.02299   0.14962   0.04016
  -0.26299   0.14962  -0.19984
  -0.02299   0.14962   0.04016
  -0.02299   0.14962   0.04016
  -0.02299   0.14962   0.04016
  -0.02299   0.14962   0.04016
  -0.02299   0.14962   0.04016
  -0.02299   0.14962   0.04016
  -0.02299   0.14962   0.04016
  -0.02299   0.14962   0.04016
  -0.02299   0.14962   0.04016
  -0.02299   0.14962   0.04016
  -0.02299   0.14962   0.04016
  -0.02299   0.14962   0.04016
  -0.02299   0.38962   0.04016
  -0.02299   0.14962   0.04016
  -0.02299   0.38962   0.04016
  -0.02299   0.14962   0.04016
  -0.02299   0.14962   0.04016
  -0.02299   0.14962   0.04016
  -0.02299   0.38962   0.04016
  -0.02299   0.14962   0.04016
  -0.02299   0.38962   0.04016
  -0.02299   0.14962   0.04016
  -0.02299   0.14962   0.04016
  -0.02299   0.38962   0.04016
  -0.02299   0.38962   0.04016
  -0.02299   0.38962   0.04016
  -0.02299   0.38962   0.04016
  -0.02299   0.14962   0.04016
  -0.02299   0.14962   0.04016
  -0.02299   0.14962   0.04016
  -0.02299   0.14962   0.04016
  -0.02299   0.14962   0.04016
  -0.02299   0.38962   0.04016
  -0.26299   0.14962   0.04016
  -0.02299   0.14962   0.04016
  -0.02299   0.14962   0.04016
  -0.02299   0.14962   0.04016
  -0.02299   0.14962   0.04016
  -0.02299   0.14962   0.04016
  -0.26299   0.14962  -0.19984
  -0.02299   0.14962   0.04016
  -0.02299   0.14962   0.04016
  -0.02299   0.14962  -0.19984
  -0.02299   0.14962   0.04016
  -0.02299   0.14962   0.04016
  -0.02299  -0.09038  -0.19984
  -0.02299  -0.09038  -0.19984
  -0.26299  -0.09038  -0.19984
  -0.02299   0.14962   0.04016
  -0.02299  -0.09038   0.04016
  -0.02299   0.14962  -0.19984
  -0.26299  -0.09038  -0.19984
  -0.02299  -0.09038  -0.19984
  -0.26299  -0.09038  -0.19984
  -0.02299  -0.09038  -0.19984
  -0.02299  -0.09038  -0.19984
  -0.02299  -0.09038  -0.19984
  -0.02299  -0.09038  -0.19984
  -0.02299  -0.09038  -0.19984
  -0.02299  -0.09038  -0.19984
  -0.02299  -0.09038   0.04016
  -0.26299  -0.09038  -0.19984
  -0.26299  -0.09038  -0.19984
  -0.26299  -0.09038  -0.19984
  -0.26299  -0.09038  -0.19984
  -0.26299  -0.09038  -0.19984
  -0.26299  -0.09038  -0.19984
  -0.26299  -0.33038  -0.19984
  -0.02299  -0.09038  -0.19984
  -0.26299  -0.09038  -0.19984
  -0.02299  -0.09038  -0.19984
  -0.02299  -0.09038  -0.19984
  -0.02299  -0.09038  -0.19984
  -0.02299  -0.09038  -0.43984
  -0.02299  -0.09038  -0.19984
  -0.02299  -0.09038  -0.19984
  -0.02299  -0.09038  -0.19984
  -0.02299  -0.09038  -0.19984
  -0.02299   0.14962  -0.19984
  -0.26299  -0.09038  -0.19984
  -0.26299  -0.09038  -0.19984
  -0.26299  -0.09038  -0.19984
  -0.02299  -0.09038  -0.19984
  -0.26299  -0.09038  -0.19984
  -0.26299  -0.09038  -0.19984
  -0.02299  -0.09038  -0.19984
  -0.02299  -0.09038  -0.19984
  -0.02299  -0.09038  -0.19984
  -0.26299  -0.09038  -0.19984
  -0.02299  -0.09038  -0.19984
  -0.02299  -0.09038  -0.19984
  -0.26299  -0.09038  -0.19984
  -0.26299  -0.09038  -0.19984
  -0.02299  -0.09038  -0.19984
  -0.02299  -0.09038  -0.19984
  -0.02299  -0.09038  -0.19984
  -0.02299  -0.09038  -0.19984
  -0.02299  -0.09038  -0.19984
  -0.02299  -0.09038  -0.19984
  -0.02299  -0.09038  -0.19984
  -0.02299  -0.09038  -0.19984
  -0.02299  -0.09038  -0.19984
  -0.02299  -0.09038  -0.19984
  -0.02299  -0.09038  -0.19984
  -0.02299  -0.09038  -0.19984
  -0.02299  -0.09038  -0.19984
  -0.02299  -0.09038  -0.19984
  -0.02299  -0.09038  -0.19984
  -0.02299  -0.09038  -0.19984
  -0.02299  -0.33038  -0.19984
  -0.02299  -0.09038  -0.19984
  -0.02299  -0.09038  -0.19984
  -0.02299  -0.09038   0.04016
  -0.02299  -0.09038  -0.19984
  -0.02299  -0.09038  -0.19984
  -0.02299  -0.09038  -0.19984
  -0.02299  -0.09038  -0.19984
  -0.02299  -0.09038  -0.19984
  -0.02299  -0.09038  -0.19984
  -0.02299  -0.09038  -0.19984
  -0.02299  -0.09038  -0.19984
  -0.02299  -0.09038  -0.19984
  -0.02299  -0.09038  -0.19984
  -0.02299  -0.09038  -0.19984
  -0.02299  -0.09038  -0.19984
  -0.02299  -0.09038  -0.19984
  -0.02299  -0.09038  -0.19984
  -0.02299  -0.09038  -0.19984
  -0.02299  -0.09038  -0.19984
  -0.02299  -0.09038  -0.19984
  -0.02299  -0.09038  -0.19984
  -0.02299  -0.09038  -0.19984
  -0.02299  -0.09038  -0.19984
  -0.02299  -0.09038  -0.19984
  -0.02299  -0.09038  -0.19984
  -0.02299  -0.09038  -0.19984
  -0.02299  -0.09038  -0.19984
  -0.02299  -0.09038  -0.19984
  -0.02299  -0.09038  -0.19984
  -0.02299  -0.09038  -0.19984
  -0.02299  -0.09038  -0.19984
  -0.02299  -0.09038  -0.19984
  -0.02299  -0.09038  -0.19984
  -0.02299  -0.09038  -0.19984
  -0.02299  -0.09038  -0.19984
  -0.02299  -0.09038  -0.19984
  -0.02299  -0.09038  -0.19984
  -0.02299  -0.09038  -0.19984
  -0.02299  -0.09038   0.04016
  -0.02299  -0.09038  -0.19984
  -0.02299  -0.09038   0.04016
  -0.02299  -0.09038  -0.19984
  -0.02299  -0.09038  -0.19984
  -0.02299  -0.09038  -0.19984
  -0.02299  -0.09038  -0.19984
  -0.02299  -0.09038  -0.19984
  -0.02299  -0.09038  -0.19984
  -0.02299  -0.09038  -0.19984
  -0.02299  -0.09038   0.04016
  -0.02299  -0.09038   0.04016
  -0.02299  -0.09038   0.04016
  -0.02299  -0.09038   0.04016
  -0.02299  -0.09038   0.04016
  -0.02299  -0.09038   0.04016
  -0.02299  -0.09038  -0.19984
  -0.02299  -0.09038   0.04016
  -0.02299  -0.09038   0.04016
  -0.02299  -0.09038   0.04016
   0.21701  -0.09038   0.04016
  -0.02299  -0.09038   0.04016
  -0.02299  -0.09038   0.04016
  -0.02299  -0.09038  -0.19984
  -0.02299   0.14962   0.04016
  -0.02299  -0.09038   0.04016
  -0.02299  -0.09038   0.04016
  -0.02299  -0.09038   0.04016
  -0.02299  -0.09038   0.04016
  -0.02299  -0.09038   0.04016
  -0.02299   0.14962   0.04016
  -0.02299  -0.09038  -0.19984
  -0.02299   0.14962   0.04016
  -0.02299  -0.09038  -0.19984
  -0.02299  -0.09038   0.04016
  -0.02299   0.14962  -0.19984
  -0.02299   0.14962   0.04016
  -0.02299   0.14962   0.04016
  -0.02299   0.14962   0.04016
  -0.02299  -0.09038  -0.19984
  -0.02299  -0.09038   0.04016
  -0.02299  -0.09038  -0.19984
   0.21701   0.14962   0.04016
  -0.02299   0.14962   0.04016
  -0.02299   0.14962   0.04016
   0.21701   0.14962  -0.19984
   0.21701   0.14962  -0.19984
   0.21701   0.14962   0.04016
   0.21701   0.14962  -0.19984
   0.21701   0.14962  -0.19984
   0.21701   0.14962   0.04016
   0.21701   0.14962  -0.19984
   0.21701   0.14962  -0.19984
   0.21701   0.14962  -0.19984
   0.21701   0.14962  -0.19984
   0.21701   0.14962  -0.19984
   0.21701   0.14962  -0.19984
   0.21701   0.14962  -0.19984
   0.21701   0.14962  -0.19984
   0.21701   0.14962  -0.19984
   0.21701   0.14962   0.04016
   0.21701   0.14962   0.04016
   0.21701   0.38962   0.04016
   0.21701   0.14962  -0.19984
   0.21701   0.38962  -0.19984
   0.21701   0.14962  -0.19984
   0.21701   0.38962  -0.19984
   0.21701   0.14962  -0.19984
   0.21701   0.38962   0.04016
   0.21701   0.14962  -0.19984
   0.21701   0.14962   0.04016
   0.21701   0.14962  -0.19984
   0.21701   0.14962  -0.19984
   0.21701   0.14962   0.04016
   0.21701   0.14962   0.04016
  -0.02299   0.14962   0.04016
   0.21701   0.14962   0.04016
   0.21701   0.14962   0.04016
   0.21701   0.14962  -0.19984
   0.21701   0.14962   0.04016
   0.21701   0.14962   0.04016
  -0.02299  -0.09038  -0.19984
   0.21701   0.14962   0.04016
   0.21701   0.14962   0.04016
   0.21701   0.14962   0.04016
   0.21701   0.14962   0.04016
   0.21701   0.14962   0.04016
  -0.02299  -0.09038   0.04016
  -0.02299   0.14962   0.04016
  -0.02299   0.14962   0.04016
   0.21701   0.14962   0.04016
   0.21701   0.14962   0.04016
   0.21701  -0.09038   0.04016
  -0.02299  -0.09038   0.04016
   0.21701  -0.09038   0.04016
   0.21701  -0.09038   0.04016
   0.21701  -0.09038   0.04016
  -0.02299  -0.09038   0.04016
  -0.02299  -0.09038   0.04016
  -0.02299  -0.09038   0.04016
  -0.02299  -0.09038   0.04016
  -0.02299  -0.09038   0.04016
  -0.02299  -0.09038   0.04016
  -0.02299  -0.09038   0.04016
  -0.02299  -0.09038   0.04016
  -0.02299  -0.09038   0.04016
  -0.02299  -0.09038   0.04016
  -0.02299  -0.09038   0.04016
  -0.02299  -0.09038   0.04016
  -0.02299  -0.09038   0.04016
  -0.02299  -0.09038   0.04016
  -0.02299  -0.09038   0.04016
  -0.02299  -0.09038   0.04016
  -0.02299  -0.09038   0.04016
  -0.02299  -0.09038   0.04016
  -0.02299  -0.09038   0.28016
  -0.02299   0.14962   0.28016
  -0.02299  -0.09038   0.04016
  -0.02299   0.14962   0.04016
  -0.02299  -0.09038   0.04016
  -0.02299  -0.09038   0.04016
  -0.02299   0.14962   0.04016
  -0.02299   0.14962   0.28016
  -0.02299   0.14962   0.04016
  -0.02299   0.14962   0.04016
  -0.02299   0.14962   0.04016
  -0.02299   0.14962   0.04016
  -0.02299   0.14962   0.04016
  -0.02299   0.14962   0.28016
  -0.02299   0.14962   0.28016
  -0.02299   0.14962   0.28016
  -0.02299  -0.09038   0.04016
  -0.02299   0.14962   0.04016
  -0.02299   0.14962   0.28016
  -0.02299   0.14962   0.28016
  -0.02299   0.14962   0.04016
  -0.02299   0.14962   0.04016
  -0.02299   0.14962   0.04016
  -0.02299   0.14962   0.04016
  -0.02299   0.14962   0.04016
  -0.02299   0.14962   0.04016
  -0.02299   0.14962   0.04016
  -0.02299  -0.09038   0.28016
  -0.02299  -0.09038   0.04016
  -0.02299   0.14962   0.28016
  -0.02299   0.14962   0.04016
  -0.02299   0.14962   0.28016
  -0.02299  -0.09038   0.04016
  -0.02299   0.14962   0.28016
  -0.02299  -0.09038   0.04016
  -0.02299  -0.09038   0.28016
  -0.02299  -0.09038   0.28016
  -0.02299   0.14962   0.28016
  -0.02299  -0.09038   0.28016
  -0.02299   0.14962   0.28016
  -0.02299  -0.09038   0.28016
  -0.02299  -0.09038   0.28016
  -0.02299  -0.09038   0.28016
   0.21701   0.14962   0.28016
  -0.02299  -0.09038   0.04016
  -0.02299  -0.09038   0.28016
  -0.02299  -0.09038   0.04016
  -0.02299  -0.09038   0.04016
  -0.02299   0.14962   0.28016
   0.21701   0.14962   0.28016
  -0.02299  -0.09038   0.28016
  -0.02299   0.14962   0.28016
  -0.02299  -0.09038   0.04016
  -0.02299   0.14962   0.28016
  -0.02299   0.14962   0.28016
  -0.02299   0.14962   0.28016
  -0.02299   0.14962   0.28016
  -0.02299   0.14962   0.28016
  -0.02299   0.14962   0.28016
  -0.02299   0.14962   0.28016
  -0.02299   0.14962   0.04016
  -0.02299   0.14962   0.28016
  -0.02299  -0.09038   0.28016
  -0.02299   0.14962   0.28016
  -0.02299  -0.09038   0.28016
  -0.02299   0.14962   0.28016
  -0.02299  -0.09038   0.28016
  -0.02299   0.14962   0.28016
  -0.02299   0.14962   0.28016
  -0.02299   0.14962   0.28016
   0.21701   0.14962   0.28016
   0.21701   0.14962   0.28016
  -0.02299  -0.09038   0.28016
  -0.02299   0.14962   0.28016
  -0.02299   0.14962   0.28016
  -0.02299   0.14962   0.28016
  -0.02299   0.14962   0.28016
  -0.02299   0.14962   0.28016
  -0.02299   0.14962   0.28016
  -0.02299   0.14962   0.04016
  -0.02299   0.14962   0.28016
  -0.02299   0.38962   0.28016
  -0.02299   0.14962   0.28016
  -0.02299   0.14962   0.28016
  -0.02299   0.14962   0.28016
  -0.02299   0.14962   0.28016
  -0.02299   0.14962   0.28016
  -0.02299   0.14962   0.28016
  -0.02299   0.14962   0.04016
  -0.02299   0.14962   0.28016
  -0.02299   0.14962   0.04016
  -0.02299   0.14962   0.04016
  -0.02299   0.14962   0.04016
  -0.02299   0.14962   0.28016
  -0.02299   0.14962   0.04016
  -0.02299   0.14962   0.04016
  -0.02299   0.14962   0.04016
  -0.02299   0.14962   0.04016
  -0.02299   0.14962   0.04016
  -0.02299   0.14962   0.28016
  -0.02299  -0.09038   0.04016
  -0.02299   0.14962   0.04016
  -0.02299  -0.09038   0.04016
  -0.02299  -0.09038   0.04016
  -0.02299  -0.09038   0.04016
  -0.02299  -0.09038   0.04016
  -0.02299  -0.09038   0.04016
  -0.02299  -0.09038   0.04016
  -0.02299  -0.09038   0.04016
  -0.02299  -0.09038   0.04016
  -0.02299  -0.09038   0.04016
  -0.02299  -0.09038   0.04016
  -0.02299  -0.09038   0.04016
  -0.02299  -0.09038   0.04016
  -0.02299  -0.09038   0.04016
  -0.02299  -0.09038   0.04016
  -0.02299  -0.09038   0.04016
  -0.02299  -0.09038   0.04016
  -0.02299  -0.09038   0.04016
  -0.02299  -0.09038   0.04016
  -0.02299  -0.33038   0.04016
  -0.02299  -0.33038   0.04016
  -0.02299  -0.09038   0.04016
  -0.02299  -0.09038   0.04016
  -0.02299  -0.09038   0.04016
  -0.02299  -0.09038   0.04016
  -0.02299  -0.33038  -0.19984
  -0.02299  -0.09038   0.04016
  -0.02299  -0.09038   0.04016
  -0.02299  -0.09038   0.04016
  -0.02299  -0.09038   0.04016
  -0.02299  -0.09038   0.04016
  -0.02299  -0.09038   0.04016
  -0.02299  -0.09038   0.04016
  -0.02299  -0.09038   0.04016
  -0.02299  -0.09038   0.04016
  -0.02299  -0.09038   0.04016
  -0.02299   0.14962  -0.19984
  -0.02299  -0.09038  -0.19984
  -0.02299  -0.09038   0.04016
  -0.02299  -0.09038  -0.19984
   0.21701   0.14962   0.04016
  -0.02299  -0.09038   0.04016
  -0.02299  -0.09038  -0.19984
  -0.02299  -0.09038  -0.19984
  -0.02299  -0.09038   0.04016
  -0.02299  -0.09038  -0.19984
  -0.02299   0.14962  -0.19984
  -0.02299   0.14962   0.04016
  -0.02299   0.14962  -0.19984
  -0.02299  -0.09038  -0.19984
  -0.02299   0.14962   0.04016
  -0.02299   0.14962   0.04016
  -0.02299   0.14962   0.04016
  -0.02299   0.14962   0.04016
  -0.02299   0.14962   0.04016
  -0.02299   0.14962  -0.19984
  -0.02299   0.14962  -0.19984
  -0.02299   0.14962  -0.19984
  -0.02299   0.14962   0.04016
  -0.02299   0.14962  -0.19984
  -0.02299   0.14962  -0.19984
  -0.02299   0.14962  -0.19984
  -0.02299   0.14962  -0.19984
  -0.02299   0.14962  -0.19984
  -0.02299   0.14962  -0.19984
  -0.02299   0.14962  -0.19984
  -0.02299   0.14962   0.04016
  -0.02299   0.14962  -0.19984
  -0.02299   0.14962  -0.19984
  -0.02299   0.14962  -0.19984
  -0.02299   0.14962  -0.19984
  -0.02299   0.14962  -0.19984
  -0.02299   0.14962   0.04016
  -0.02299   0.14962  -0.19984
  -0.02299   0.14962  -0.19984
  -0.02299   0.14962  -0.19984
  -0.02299   0.14962   0.04016
  -0.02299  -0.09038   0.04016
  -0.02299   0.14962   0.04016
  -0.02299   0.14962   0.04016
  -0.02299   0.14962   0.04016
  -0.02299   0.14962   0.04016
  -0.02299   0.14962   0.04016
  -0.02299   0.14962   0.04016
  -0.02299   0.14962   0.04016
  -0.02299   0.14962   0.04016
  -0.02299   0.14962   0.04016
  -0.02299   0.14962   0.04016
  -0.02299   0.14962   0.04016
  -0.02299   0.14962   0.04016
  -0.02299   0.14962   0.04016
  -0.02299   0.14962   0.04016
  -0.02299   0.14962   0.04016
  -0.02299   0.14962   0.04016
  -0.02299   0.14962   0.04016
  -0.02299   0.14962   0.04016
  -0.02299   0.38962   0.04016
  -0.02299   0.14962   0.04016
  -0.02299   0.14962   0.04016
  -0.02299   0.14962   0.04016
  -0.02299   0.14962   0.04016
  -0.02299   0.14962   0.04016
  -0.02299   0.14962   0.04016
  -0.02299   0.14962   0.04016
  -0.02299   0.14962   0.04016
  -0.02299   0.14962   0.04016
  -0.02299   0.38962   0.04016
  -0.02299   0.14962   0.04016
  -0.02299   0.14962   0.04016
  -0.02299   0.14962   0.04016
  -0.02299   0.14962   0.04016
  -0.02299   0.14962   0.04016
  -0.02299   0.14962   0.04016
  -0.02299   0.14962   0.04016
  -0.02299   0.14962   0.04016
  -0.02299   0.14962   0.04016
  -0.02299   0.14962   0.04016
  -0.02299   0.14962   0.04016
  -0.02299   0.14962   0.04016
  -0.02299  -0.09038   0.04016
  -0.02299   0.14962   0.04016
  -0.02299  -0.09038   0.04016
  -0.02299  -0.09038   0.04016
  -0.02299  -0.09038   0.04016
  -0.02299  -0.09038   0.04016
  -0.02299  -0.09038   0.04016
  -0.02299  -0.09038   0.04016
  -0.02299  -0.09038   0.04016
  -0.02299   0.14962   0.28016
  -0.02299  -0.09038   0.04016
  -0.02299  -0.09038   0.04016
  -0.02299  -0.09038   0.04016
  -0.02299  -0.09038   0.04016
  -0.02299  -0.09038   0.04016
  -0.02299  -0.09038   0.04016
  -0.02299  -0.09038   0.04016
  -0.02299  -0.09038   0.04016
  -0.02299  -0.09038   0.04016
  -0.02299  -0.09038   0.04016
  -0.02299  -0.09038   0.04016
  -0.02299  -0.09038   0.04016
  -0.02299  -0.09038   0.04016
  -0.02299  -0.09038   0.04016
  -0.26299  -0.09038   0.04016
  -0.02299  -0.09038   0.04016
  -0.02299  -0.09038   0.04016
  -0.02299  -0.09038   0.04016
  -0.02299  -0.09038   0.04016
  -0.02299  -0.09038   0.04016
  -0.26299  -0.09038   0.04016
  -0.02299  -0.09038   0.04016
  -0.26299  -0.09038   0.04016
  -0.02299  -0.09038   0.04016
  -0.02299  -0.09038   0.04016
  -0.02299  -0.09038   0.04016
  -0.02299  -0.09038   0.04016
  -0.02299  -0.09038   0.04016
  -0.02299  -0.09038   0.04016
  -0.02299  -0.09038   0.04016
  -0.02299  -0.09038   0.04016
  -0.26299  -0.09038   0.04016
  -0.26299  -0.09038   0.04016
  -0.02299  -0.09038   0.04016
  -0.26299  -0.09038   0.04016
  -0.02299  -0.09038   0.04016
  -0.02299  -0.09038   0.04016
  -0.26299  -0.09038   0.04016
  -0.02299  -0.09038   0.04016
  -0.02299  -0.09038   0.04016
  -0.26299  -0.09038   0.04016
  -0.02299  -0.09038   0.04016
  -0.02299  -0.09038   0.04016
  -0.02299  -0.09038   0.04016
  -0.02299  -0.09038   0.04016
  -0.02299  -0.09038   0.04016
  -0.26299  -0.09038   0.04016
  -0.02299  -0.09038   0.04016
  -0.02299  -0.33038   0.04016
  -0.02299  -0.09038   0.04016
  -0.26299  -0.09038   0.04016
  -0.02299  -0.09038   0.04016
  -0.02299  -0.09038   0.04016
  -0.02299  -0.09038   0.04016
  -0.02299  -0.09038   0.04016
  -0.02299  -0.09038   0.04016
  -0.02299  -0.09038   0.04016
  -0.02299  -0.09038   0.04016
  -0.02299  -0.09038   0.04016
  -0.02299  -0.09038   0.04016
  -0.02299  -0.09038   0.04016
  -0.02299  -0.09038   0.04016
  -0.02299  -0.09038  -0.19984
  -0.02299  -0.09038   0.04016
  -0.02299  -0.09038   0.04016
  -0.02299  -0.09038   0.04016
  -0.02299  -0.09038  -0.19984
  -0.02299  -0.09038   0.04016
  -0.02299  -0.09038   0.04016
  -0.02299  -0.09038   0.04016
  -0.02299  -0.09038   0.04016
  -0.02299  -0.09038   0.04016
  -0.02299  -0.09038   0.04016
  -0.02299  -0.09038   0.04016
  -0.02299  -0.09038  -0.19984
  -0.02299  -0.09038   0.04016
  -0.02299  -0.09038  -0.19984
  -0.02299  -0.33038   0.04016
  -0.02299  -0.09038  -0.19984
  -0.02299  -0.09038   0.04016
  -0.02299  -0.09038  -0.19984
  -0.02299  -0.09038  -0.19984
  -0.02299  -0.09038  -0.19984
  -0.02299  -0.09038  -0.19984
  -0.02299  -0.09038  -0.19984
  -0.02299  -0.09038  -0.19984
  -0.02299  -0.09038  -0.19984
  -0.02299  -0.09038  -0.19984
  -0.02299  -0.09038  -0.19984
  -0.02299  -0.09038  -0.19984
  -0.02299  -0.09038  -0.19984
  -0.02299  -0.09038  -0.19984
  -0.02299  -0.09038  -0.19984
  -0.02299  -0.09038  -0.19984
  -0.02299  -0.09038  -0.19984
  -0.02299  -0.09038  -0.19984
  -0.02299  -0.09038  -0.19984
  -0.02299  -0.09038  -0.19984
  -0.02299  -0.33038  -0.19984
  -0.02299  -0.09038  -0.19984
  -0.02299  -0.09038  -0.19984
  -0.02299  -0.09038  -0.19984
  -0.02299  -0.09038  -0.19984
  -0.02299  -0.09038  -0.19984
  -0.02299  -0.09038  -0.19984
  -0.02299  -0.09038  -0.19984
  -0.02299  -0.09038  -0.19984
  -0.02299  -0.09038  -0.19984
  -0.02299  -0.09038  -0.19984
  -0.02299  -0.09038  -0.19984
  -0.02299  -0.09038  -0.19984
   0.21701   0.14962  -0.19984
  -0.02299  -0.09038  -0.19984
  -0.02299  -0.09038  -0.19984
  -0.02299  -0.09038  -0.19984
  -0.02299  -0.09038  -0.19984
   0.21701  -0.09038  -0.19984
   0.21701  -0.09038  -0.19984
   0.21701  -0.09038  -0.19984
   0.21701  -0.09038  -0.19984
   0.21701  -0.09038  -0.19984
   0.21701  -0.09038  -0.19984
  -0.02299  -0.09038  -0.19984
   0.21701  -0.09038  -0.19984
  -0.02299  -0.09038  -0.19984
   0.21701  -0.09038  -0.19984
   0.21701  -0.09038  -0.19984
   0.21701  -0.09038  -0.19984
   0.21701  -0.09038  -0.19984
   0.21701  -0.09038  -0.19984
   0.21701  -0.09038  -0.19984
   0.21701  -0.09038  -0.19984
   0.21701  -0.09038  -0.19984
   0.21701  -0.09038  -0.19984
   0.21701  -0.09038  -0.19984
   0.21701   0.14962   0.04016
  -0.02299  -0.09038  -0.19984
   0.21701   0.14962  -0.19984
   0.21701  -0.09038  -0.19984
   0.21701  -0.09038  -0.19984
   0.21701  -0.09038  -0.19984
   0.21701   0.14962  -0.19984
   0.21701  -0.09038  -0.19984
   0.21701  -0.09038  -0.19984
   0.21701  -0.09038  -0.19984
   0.21701  -0.09038  -0.19984
   0.21701  -0.09038   0.04016
   0.21701   0.14962   0.04016
   0.21701  -0.09038  -0.19984
   0.21701   0.14962   0.04016
   0.21701   0.14962   0.04016
   0.21701   0.14962   0.04016
   0.21701   0.14962  -0.19984
   0.21701   0.14962  -0.19984
   0.21701  -0.09038  -0.19984
   0.21701   0.14962  -0.19984
   0.21701   0.14962  -0.19984
   0.21701   0.14962  -0.19984
  -0.02299   0.14962   0.04016
   0.21701   0.14962   0.04016
   0.21701   0.14962  -0.19984
   0.21701   0.14962   0.04016
   0.21701   0.14962   0.04016
   0.21701   0.14962   0.04016
   0.21701   0.14962  -0.19984
   0.21701   0.14962   0.04016
   0.21701   0.38962   0.04016
   0.21701   0.38962   0.04016
  -0.02299   0.14962   0.04016
   0.21701   0.14962   0.04016
   0.21701   0.14962   0.04016
   0.21701   0.14962   0.04016
   0.21701   0.14962   0.04016
   0.21701   0.14962   0.04016
  -0.02299   0.14962   0.04016
   0.21701   0.38962   0.04016
  -0.02299   0.14962  -0.19984
  -0.02299   0.38962   0.04016
  -0.02299   0.14962  -0.19984
  -0.02299   0.14962   0.04016
  -0.02299   0.14962   0.04016
  -0.02299   0.38962   0.04016
  -0.02299   0.38962   0.04016
  -0.02299   0.38962   0.04016
  -0.02299   0.14962   0.04016
  -0.02299   0.14962   0.04016
  -0.02299   0.14962   0.04016
  -0.02299   0.14962   0.04016
  -0.02299   0.14962   0.04016
  -0.02299   0.14962   0.04016
  -0.02299   0.14962   0.04016
  -0.02299   0.14962   0.04016
  -0.02299   0.14962   0.04016
  -0.02299   0.38962   0.04016
  -0.02299   0.14962   0.04016
  -0.02299   0.38962   0.04016
  -0.02299   0.14962   0.04016
  -0.02299   0.14962   0.04016
  -0.02299   0.14962   0.04016
  -0.02299   0.14962   0.04016
  -0.02299   0.14962   0.04016
  -0.02299   0.14962   0.04016
  -0.02299   0.14962   0.04016
  -0.02299   0.14962   0.04016
  -0.02299   0.14962   0.04016
  -0.02299   0.14962   0.04016
  -0.02299   0.14962   0.04016
  -0.02299   0.14962   0.04016
  -0.02299   0.14962   0.04016
  -0.02299   0.14962   0.04016
  -0.02299   0.14962   0.04016
  -0.02299   0.14962   0.04016
  -0.26299  -0.09038   0.04016
  -0.02299   0.14962   0.04016
  -0.02299   0.14962   0.04016
  -0.02299   0.14962   0.04016
  -0.02299   0.14962   0.04016
  -0.02299   0.14962   0.04016
  -0.02299   0.14962   0.04016
  -0.02299   0.14962   0.04016
  -0.26299  -0.09038   0.04016
  -0.02299  -0.09038   0.04016
  -0.02299   0.14962   0.04016
  -0.02299   0.14962   0.04016
  -0.02299   0.14962   0.04016
  -0.02299   0.14962   0.04016
  -0.26299  -0.09038   0.04016
  -0.02299   0.14962   0.04016
  -0.02299  -0.09038   0.04016
  -0.02299  -0.09038   0.04016
  -0.02299  -0.09038   0.04016
  -0.02299   0.14962   0.28016
  -0.02299   0.14962   0.28016
  -0.02299   0.14962   0.28016
  -0.02299  -0.09038   0.04016
  -0.02299   0.14962   0.28016
  -0.02299  -0.09038   0.04016
  -0.02299  -0.09038   0.04016
  -0.02299  -0.09038   0.04016
  -0.02299   0.14962   0.28016
  -0.02299  -0.09038   0.04016
  -0.02299  -0.09038   0.04016
  -0.02299  -0.09038   0.04016
  -0.02299   0.14962   0.04016
  -0.02299  -0.09038   0.04016
  -0.02299   0.14962   0.28016
  -0.02299   0.14962   0.04016
  -0.02299   0.14962   0.04016
  -0.02299   0.14962   0.04016
  -0.02299   0.14962   0.04016
  -0.02299  -0.09038   0.04016
  -0.02299   0.14962   0.04016
  -0.02299  -0.09038   0.04016
  -0.02299  -0.09038   0.04016
  -0.02299  -0.09038   0.04016
  -0.02299   0.14962   0.04016
  -0.02299  -0.09038   0.04016
  -0.02299  -0.09038   0.04016
  -0.02299  -0.09038   0.04016
  -0.02299   0.14962   0.04016
  -0.02299  -0.09038   0.04016
  -0.02299   0.14962   0.04016
  -0.02299  -0.09038   0.04016
  -0.02299  -0.09038   0.04016
  -0.02299  -0.09038   0.04016
  -0.02299  -0.09038   0.04016
  -0.02299  -0.09038   0.04016
  -0.02299  -0.09038   0.04016
  -0.02299  -0.09038   0.04016
  -0.02299  -0.09038   0.04016
  -0.02299  -0.09038   0.04016
  -0.02299  -0.09038   0.04016
  -0.02299  -0.09038   0.04016
  -0.02299  -0.09038   0.04016
  -0.02299  -0.09038  -0.19984
  -0.02299  -0.09038   0.04016
  -0.02299  -0.09038   0.04016
  -0.02299  -0.09038   0.04016
  -0.02299   0.14962   0.04016
  -0.02299  -0.09038   0.04016
  -0.02299  -0.09038   0.04016
  -0.02299  -0.09038   0.04016
  -0.02299  -0.09038   0.04016
  -0.02299  -0.09038   0.04016
  -0.02299  -0.09038   0.04016
  -0.02299  -0.09038  -0.19984
  -0.02299  -0.09038   0.04016
  -0.02299   0.14962   0.04016
  -0.02299  -0.09038   0.04016
  -0.02299  -0.09038   0.04016
  -0.02299  -0.09038   0.04016
  -0.02299   0.14962   0.04016
  -0.02299  -0.09038   0.04016
  -0.02299   0.14962   0.04016
  -0.02299  -0.09038   0.04016
  -0.02299  -0.09038  -0.19984
  -0.02299  -0.09038   0.04016
  -0.02299  -0.09038   0.04016
  -0.02299  -0.09038  -0.19984
  -0.02299  -0.09038   0.04016
  -0.02299  -0.09038   0.04016
  -0.02299  -0.09038   0.04016
  -0.02299  -0.09038   0.04016
  -0.02299  -0.09038   0.04016
  -0.02299  -0.09038   0.04016
  -0.02299  -0.09038   0.04016
  -0.02299  -0.09038  -0.19984
  -0.02299  -0.09038   0.04016
  -0.02299  -0.09038   0.04016
  -0.02299  -0.09038   0.04016
  -0.02299  -0.09038   0.04016
  -0.02299  -0.09038   0.04016
  -0.02299  -0.09038   0.04016
  -0.02299  -0.09038   0.04016
  -0.02299  -0.09038   0.04016
  -0.02299  -0.09038   0.04016
  -0.02299  -0.09038   0.04016
  -0.02299  -0.09038   0.04016
  -0.02299  -0.09038   0.04016
  -0.02299   0.14962   0.04016
  -0.02299  -0.09038   0.04016
  -0.02299   0.14962   0.04016
  -0.02299   0.14962   0.04016
  -0.02299   0.14962   0.04016
  -0.02299   0.14962   0.04016
  -0.02299   0.14962   0.04016
  -0.02299   0.14962   0.04016
  -0.02299   0.14962   0.04016
  -0.02299   0.14962   0.04016
  -0.02299   0.14962   0.04016
  -0.02299   0.14962   0.04016
  -0.02299   0.14962   0.04016
  -0.02299   0.14962   0.04016
  -0.02299  -0.09038   0.04016
  -0.02299   0.14962   0.04016
  -0.02299   0.14962   0.04016
  -0.02299   0.14962   0.04016
  -0.02299  -0.09038   0.04016
  -0.02299  -0.09038   0.04016
  -0.02299  -0.09038   0.04016
  -0.02299   0.14962   0.04016
  -0.02299   0.14962   0.04016
  -0.02299   0.14962   0.04016
  -0.02299   0.14962   0.04016
  -0.02299   0.14962   0.04016
  -0.02299   0.14962   0.04016
  -0.02299   0.14962   0.04016
  -0.02299   0.14962   0.04016
  -0.02299   0.14962   0.04016
  -0.02299   0.14962   0.04016
  -0.02299   0.14962   0.04016
  -0.02299   0.14962   0.04016
  -0.02299  -0.09038   0.04016
  -0.02299   0.14962   0.04016
  -0.26299   0.14962   0.04016
  -0.02299   0.14962   0.04016
  -0.02299  -0.09038   0.04016
  -0.02299   0.14962   0.04016
  -0.02299   0.14962   0.04016
  -0.02299   0.14962   0.04016
  -0.02299   0.14962   0.04016
  -0.02299   0.14962   0.04016
  -0.02299  -0.09038   0.04016
  -0.02299   0.14962   0.04016
  -0.02299  -0.09038   0.04016
  -0.02299  -0.09038   0.04016
  -0.02299  -0.09038   0.04016
  -0.02299   0.14962   0.04016
  -0.02299  -0.09038   0.04016
  -0.02299  -0.09038   0.04016
  -0.02299  -0.09038   0.04016
  -0.02299  -0.09038   0.04016
  -0.02299  -0.09038   0.04016
  -0.02299  -0.09038   0.04016
  -0.02299  -0.09038   0.04016
  -0.02299  -0.09038   0.04016
  -0.02299  -0.09038   0.04016
  -0.02299  -0.09038   0.04016
  -0.02299  -0.09038   0.04016
  -0.02299  -0.09038   0.04016
  -0.02299  -0.09038   0.04016
  -0.02299   0.14962   0.04016
  -0.02299  -0.09038   0.04016
  -0.02299  -0.09038   0.04016
  -0.02299  -0.09038   0.04016
  -0.02299  -0.09038   0.04016
  -0.02299  -0.09038   0.04016
  -0.02299  -0.09038   0.04016
  -0.02299  -0.09038   0.04016
  -0.02299  -0.09038   0.04016
  -0.02299  -0.09038   0.04016
  -0.02299   0.14962   0.04016
  -0.02299  -0.09038   0.04016
  -0.02299  -0.09038   0.04016
  -0.02299  -0.09038   0.04016
  -0.02299  -0.09038   0.04016
  -0.02299  -0.09038   0.04016
  -0.02299  -0.09038   0.04016
  -0.02299  -0.09038   0.04016
  -0.02299  -0.09038   0.04016
  -0.02299  -0.09038   0.04016
  -0.02299  -0.09038   0.04016
  -0.02299  -0.09038   0.04016
  -0.02299  -0.09038   0.04016
  -0.02299  -0.09038   0.04016
  -0.02299  -0.09038   0.04016
  -0.02299  -0.09038   0.04016
  -0.02299  -0.09038   0.04016
  -0.02299  -0.09038   0.04016
  -0.02299  -0.09038   0.04016
  -0.02299  -0.09038   0.04016
  -0.02299  -0.09038   0.04016
  -0.02299  -0.09038   0.04016
  -0.02299  -0.09038   0.04016
  -0.02299  -0.09038   0.04016
  -0.02299  -0.09038   0.04016
  -0.02299  -0.09038   0.04016
  -0.02299  -0.09038   0.04016
  -0.02299  -0.33038   0.04016
  -0.02299  -0.09038   0.04016
  -0.02299  -0.09038   0.04016
  -0.02299  -0.09038   0.04016
  -0.02299  -0.33038   0.04016
  -0.02299  -0.09038   0.04016
  -0.02299  -0.33038   0.04016
  -0.02299  -0.33038   0.04016
  -0.02299  -0.33038   0.04016
  -0.02299  -0.33038   0.04016
  -0.02299  -0.33038   0.04016
  -0.02299  -0.33038   0.04016
  -0.02299  -0.33038   0.04016
  -0.02299  -0.09038   0.04016
  -0.02299  -0.33038   0.04016
  -0.02299  -0.33038   0.04016
  -0.02299  -0.33038   0.04016
  -0.02299  -0.33038   0.04016
  -0.02299  -0.33038   0.04016
  -0.02299  -0.33038   0.04016
  -0.02299  -0.33038   0.04016
  -0.02299  -0.09038   0.04016
  -0.02299  -0.09038   0.04016
  -0.02299  -0.09038   0.04016
  -0.02299  -0.33038   0.04016
  -0.02299  -0.09038   0.04016
  -0.02299  -0.33038   0.04016
  -0.02299  -0.09038   0.04016
  -0.02299  -0.09038  -0.19984
  -0.02299  -0.09038   0.04016
  -0.02299  -0.09038   0.04016
  -0.02299  -0.09038   0.04016
  -0.02299  -0.33038   0.04016
  -0.02299  -0.09038   0.04016
  -0.02299  -0.33038   0.04016
  -0.02299  -0.09038   0.04016
  -0.02299  -0.09038   0.04016
  -0.02299  -0.09038   0.04016
  -0.02299  -0.09038   0.04016
  -0.02299  -0.09038   0.04016
  -0.02299  -0.09038   0.04016
  -0.02299  -0.09038   0.04016
  -0.02299  -0.09038   0.04016
  -0.02299  -0.09038   0.04016
  -0.02299  -0.09038   0.04016
  -0.02299  -0.09038   0.04016
  -0.26299  -0.09038   0.04016
  -0.02299  -0.09038   0.04016
  -0.02299  -0.09038   0.04016
  -0.02299  -0.09038   0.04016
  -0.02299  -0.09038   0.04016
  -0.02299  -0.09038   0.04016
   0.21701   0.14962   0.04016
   0.21701   0.14962   0.04016
  -0.02299  -0.09038   0.04016
  -0.02299  -0.09038   0.04016
  -0.02299  -0.09038   0.04016
   0.21701  -0.09038   0.04016
  -0.02299  -0.09038   0.04016
  -0.02299  -0.09038   0.04016
  -0.02299  -0.09038   0.04016
   0.21701  -0.09038   0.04016
  -0.02299  -0.09038   0.04016
  -0.02299  -0.09038   0.04016
  -0.02299  -0.09038   0.04016
  -0.02299  -0.09038   0.04016
  -0.02299  -0.33038   0.04016
   0.21701  -0.09038   0.04016
  -0.02299  -0.09038   0.04016
   0.21701   0.14962   0.04016
   0.21701   0.14962   0.04016
   0.21701   0.14962   0.04016
   0.21701   0.14962   0.04016
   0.21701   0.14962   0.04016
  -0.02299  -0.09038   0.04016
   0.21701   0.14962   0.04016
   0.21701   0.14962   0.04016
   0.21701   0.14962   0.04016
   0.21701  -0.09038   0.04016
   0.21701   0.14962   0.04016
   0.21701  -0.09038   0.04016
   0.21701  -0.09038  -0.19984
   0.21701  -0.09038   0.04016
   0.21701  -0.09038   0.04016
   0.21701  -0.09038   0.04016
   0.21701   0.14962   0.28016
   0.21701   0.14962   0.04016
   0.21701   0.14962   0.04016
   0.21701   0.14962  -0.19984
   0.21701   0.14962   0.04016
   0.21701   0.14962   0.04016
   0.21701   0.14962   0.04016
   0.21701   0.14962   0.04016
   0.21701   0.14962  -0.19984
   0.21701   0.14962   0.04016
   0.21701   0.14962   0.04016
   0.21701   0.14962   0.04016
   0.21701   0.14962   0.04016
  -0.02299   0.38962   0.04016
  -0.02299   0.38962   0.04016
  -0.02299   0.14962   0.04016
   0.21701   0.14962   0.04016
  -0.02299   0.14962   0.04016
   0.21701   0.14962   0.04016
   0.21701   0.14962   0.04016
   0.21701   0.14962   0.04016
   0.21701   0.14962   0.04016
   0.21701   0.14962   0.04016
   0.21701   0.14962   0.04016
   0.21701   0.14962   0.04016
   0.21701   0.14962  -0.19984
   0.21701   0.14962   0.04016
   0.21701   0.14962   0.04016
   0.21701   0.14962   0.04016
   0.21701   0.14962   0.04016
   0.21701   0.14962   0.04016
  -0.02299   0.14962   0.04016
   0.21701   0.38962   0.04016
  -0.02299   0.14962   0.04016
   0.21701   0.14962   0.04016
   0.21701   0.14962   0.04016
   0.21701   0.14962   0.04016
   0.21701   0.14962   0.04016
   0.21701   0.14962   0.04016
   0.21701   0.14962   0.04016
   0.21701   0.14962   0.04016
   0.21701   0.14962   0.04016
   0.21701   0.14962   0.04016
   0.21701   0.14962   0.04016
   0.21701   0.14962   0.04016
  -0.02299   0.14962   0.04016
   0.21701   0.14962   0.04016
   0.21701   0.14962   0.04016
   0.21701   0.38962   0.04016
   0.21701   0.14962   0.04016
   0.21701   0.14962   0.04016
   0.21701   0.14962   0.04016
   0.21701   0.38962   0.04016
   0.21701   0.14962   0.04016
   0.21701   0.38962   0.04016
   0.21701   0.38962   0.04016
   0.21701   0.38962   0.04016
  -0.02299   0.38962   0.04016
   0.21701   0.38962   0.04016
  -0.02299   0.14962   0.04016
  -0.02299   0.38962   0.04016
  -0.02299   0.14962   0.04016
  -0.02299   0.38962   0.04016
  -0.02299   0.38962   0.04016
  -0.02299   0.38962   0.04016
  -0.02299   0.38962   0.04016
  -0.02299   0.38962   0.04016
  -0.02299   0.14962   0.04016
  -0.02299   0.38962   0.04016
  -0.02299   0.14962   0.04016
  -0.02299   0.14962   0.04016
  -0.02299   0.14962   0.04016
  -0.02299   0.14962   0.04016
  -0.02299   0.14962   0.04016
  -0.02299   0.14962   0.04016
  -0.02299   0.14962   0.04016
  -0.02299   0.14962   0.04016
  -0.02299   0.14962  -0.19984
  -0.02299   0.14962  -0.19984
  -0.02299   0.14962  -0.19984
  -0.02299   0.14962  -0.19984
  -0.02299   0.14962  -0.19984
  -0.02299   0.14962  -0.19984
  -0.02299   0.14962  -0.19984
  -0.02299   0.14962  -0.19984
  -0.02299   0.14962   0.04016
  -0.02299   0.14962   0.04016
  -0.02299   0.14962   0.04016
  -0.02299   0.14962   0.04016
  -0.02299   0.14962   0.04016
  -0.02299   0.14962   0.04016
  -0.26299  -0.09038  -0.19984
  -0.02299  -0.09038  -0.19984
  -0.02299  -0.09038  -0.19984
  -0.02299  -0.09038  -0.19984
  -0.02299  -0.09038  -0.19984
  -0.02299  -0.09038  -0.19984
  -0.02299  -0.09038  -0.19984
  -0.02299  -0.09038   0.04016
  -0.02299  -0.09038  -0.19984
  -0.02299  -0.09038   0.04016
  -0.26299  -0.09038  -0.19984
  -0.26299  -0.09038  -0.19984
  -0.26299  -0.09038  -0.19984
  -0.26299  -0.09038  -0.19984
  -0.26299  -0.33038  -0.19984
  -0.02299  -0.09038  -0.19984
  -0.26299  -0.09038  -0.19984
  -0.02299  -0.09038  -0.19984
  -0.02299  -0.33038  -0.19984
  -0.02299  -0.33038  -0.19984
  -0.26299  -0.33038  -0.19984
  -0.26299  -0.09038  -0.19984
  -0.26299  -0.33038  -0.19984
  -0.26299  -0.33038  -0.19984
  -0.26299  -0.33038  -0.19984
  -0.26299  -0.09038  -0.19984
  -0.26299  -0.33038  -0.19984
  -0.26299  -0.33038  -0.19984
  -0.26299  -0.09038  -0.19984
  -0.26299  -0.09038   0.04016
  -0.26299  -0.09038  -0.19984
  -0.26299  -0.09038  -0.19984
  -0.26299  -0.09038  -0.19984
  -0.26299  -0.09038  -0.19984
  -0.26299  -0.33038  -0.19984
  -0.26299  -0.09038  -0.19984
  -0.26299  -0.09038  -0.19984
  -0.26299  -0.09038   0.04016
  -0.26299  -0.33038  -0.19984
  -0.26299  -0.09038   0.04016
  -0.26299  -0.09038   0.04016
  -0.26299  -0.09038  -0.19984
  -0.26299  -0.09038  -0.19984
  -0.26299  -0.09038   0.04016
  -0.26299  -0.09038   0.04016
  -0.26299  -0.09038   0.04016
  -0.26299  -0.09038  -0.19984
  -0.26299  -0.09038  -0.19984
  -0.26299  -0.09038   0.04016
  -0.26299  -0.09038   0.04016
  -0.26299  -0.09038   0.04016
  -0.26299  -0.09038   0.04016
  -0.26299   0.14962  -0.19984
  -0.26299   0.14962   0.04016
  -0.26299   0.14962   0.04016
  -0.26299  -0.09038   0.04016
  -0.26299  -0.09038  -0.19984
  -0.26299  -0.09038   0.04016
  -0.26299  -0.33038   0.04016
  -0.26299  -0.09038   0.04016
  -0.02299   0.14962   0.04016
  -0.02299   0.14962   0.04016
  -0.26299   0.14962   0.04016
  -0.26299   0.14962   0.04016
  -0.26299  -0.09038   0.04016
  -0.26299  -0.09038   0.04016
  -0.26299  -0.09038   0.04016
  -0.26299  -0.09038   0.04016
  -0.02299  -0.09038  -0.19984
  -0.02299  -0.09038   0.04016
  -0.02299  -0.09038   0.04016
  -0.02299   0.14962   0.04016
  -0.02299  -0.09038   0.04016
  -0.26299  -0.09038   0.04016
  -0.26299  -0.09038   0.04016
  -0.02299  -0.09038   0.04016
  -0.02299  -0.09038   0.04016
  -0.02299  -0.09038   0.04016
  -0.26299  -0.09038   0.04016
  -0.02299  -0.09038   0.04016
  -0.02299  -0.09038   0.04016
  -0.02299  -0.09038   0.04016
  -0.02299  -0.09038   0.04016
  -0.02299  -0.09038   0.04016
  -0.02299  -0.09038   0.04016
  -0.02299  -0.09038   0.04016
  -0.26299  -0.09038  -0.19984
  -0.02299  -0.09038   0.04016
  -0.02299  -0.09038   0.04016
  -0.02299  -0.09038   0.04016
  -0.02299  -0.09038   0.04016
  -0.02299  -0.09038   0.04016
  -0.02299  -0.09038   0.04016
  -0.02299  -0.09038   0.04016
  -0.02299  -0.09038   0.04016
  -0.02299  -0.09038   0.04016
  -0.02299  -0.09038   0.04016
  -0.02299  -0.09038   0.04016
  -0.02299  -0.09038   0.04016
  -0.02299  -0.09038   0.04016
  -0.02299  -0.09038   0.04016
  -0.02299  -0.09038   0.04016
  -0.02299  -0.33038   0.04016
  -0.02299  -0.09038   0.04016
  -0.02299  -0.09038   0.04016
  -0.02299  -0.09038   0.04016
  -0.02299  -0.09038   0.04016
  -0.02299  -0.09038   0.04016
  -0.02299  -0.09038   0.04016
  -0.02299  -0.09038   0.04016
  -0.02299  -0.09038   0.04016
  -0.02299  -0.09038   0.04016
  -0.02299  -0.09038   0.04016
  -0.02299  -0.09038   0.04016
  -0.02299  -0.09038   0.04016
  -0.02299  -0.09038   0.04016
  -0.02299  -0.09038   0.04016
  -0.02299  -0.09038   0.04016
  -0.02299  -0.09038   0.04016
  -0.02299  -0.09038   0.04016
  -0.02299  -0.33038   0.04016
  -0.02299  -0.09038   0.04016
  -0.02299  -0.09038   0.04016
  -0.02299  -0.09038   0.04016
  -0.02299   0.14962   0.04016
  -0.02299   0.14962   0.04016
   0.21701  -0.09038   0.04016
   0.21701  -0.09038   0.04016
  -0.02299  -0.09038  -0.19984
  -0.02299  -0.09038   0.04016
  -0.02299  -0.09038   0.04016
  -0.02299  -0.09038   0.04016
  -0.02299  -0.09038   0.04016
   0.21701   0.14962   0.04016
  -0.02299   0.14962   0.04016
   0.21701   0.38962   0.04016
  -0.02299   0.14962  -0.19984
   0.21701   0.14962   0.04016
  -0.02299  -0.09038   0.04016
  -0.02299  -0.09038   0.04016
   0.21701   0.14962   0.04016
   0.21701   0.14962   0.04016
   0.21701  -0.09038   0.04016
   0.21701   0.14962   0.04016
   0.21701   0.14962   0.04016
   0.21701   0.14962   0.04016
   0.21701   0.14962   0.04016
   0.21701   0.14962   0.04016
   0.21701   0.14962   0.04016
   0.21701   0.14962   0.04016
   0.21701   0.14962   0.04016
   0.21701   0.14962   0.04016
   0.21701   0.14962   0.04016
   0.21701   0.14962   0.04016
   0.21701   0.14962   0.04016
   0.21701  -0.09038   0.04016
   0.21701   0.14962   0.04016
   0.21701   0.14962   0.04016
   0.21701   0.14962   0.04016
   0.21701   0.14962   0.04016
   0.21701   0.14962   0.04016
   0.21701   0.14962   0.04016
   0.21701   0.14962   0.04016
   0.21701   0.14962   0.04016
   0.21701   0.14962   0.04016
   0.21701   0.14962   0.04016
   0.21701   0.14962   0.04016
   0.21701   0.14962   0.04016
   0.21701   0.14962   0.04016
   0.21701   0.14962   0.04016
   0.21701   0.14962   0.04016
   0.21701   0.14962   0.04016
   0.21701  -0.09038   0.04016
   0.21701   0.14962   0.04016
   0.21701  -0.09038   0.04016
   0.21701  -0.09038   0.04016
   0.21701  -0.09038   0.04016
   0.21701   0.14962   0.04016
   0.21701   0.14962   0.04016
   0.21701   0.14962   0.04016
   0.21701   0.14962   0.04016
   0.21701   0.14962   0.28016
   0.21701   0.14962   0.04016
  -0.02299  -0.09038   0.04016
  -0.02299  -0.09038   0.04016
   0.21701   0.14962   0.28016
   0.21701  -0.09038   0.28016
   0.21701   0.14962   0.28016
   0.21701   0.14962   0.28016
   0.21701   0.14962   0.28016
   0.21701   0.14962   0.04016
   0.21701   0.14962   0.04016
   0.21701   0.14962   0.04016
  -0.02299   0.14962   0.04016
  -0.02299  -0.09038   0.04016
  -0.02299  -0.09038   0.04016
  -0.02299  -0.09038   0.28016
   0.21701   0.14962   0.28016
  -0.02299   0.14962   0.28016
   0.21701   0.38962   0.28016
  -0.02299   0.14962   0.04016
  -0.02299   0.14962   0.04016
  -0.02299  -0.09038   0.04016
  -0.02299  -0.09038   0.04016
  -0.02299   0.14962   0.04016
  -0.02299   0.14962   0.28016
  -0.02299   0.14962   0.04016
  -0.02299   0.14962   0.28016
  -0.02299   0.14962   0.28016
  -0.02299   0.14962   0.28016
  -0.02299   0.14962   0.28016
  -0.02299   0.14962   0.28016
  -0.02299  -0.09038   0.04016
  -0.02299   0.14962   0.04016
  -0.02299  -0.09038   0.04016
  -0.02299  -0.09038   0.04016
  -0.02299  -0.09038   0.04016
  -0.02299  -0.09038   0.04016
  -0.02299  -0.09038   0.04016
  -0.02299  -0.09038   0.04016
  -0.02299  -0.09038   0.04016
  -0.02299  -0.09038   0.04016
  -0.02299  -0.09038   0.04016
  -0.02299  -0.09038   0.04016
  -0.02299  -0.09038   0.04016
  -0.02299  -0.09038   0.04016
  -0.02299  -0.09038   0.04016
  -0.02299  -0.09038   0.04016
  -0.02299  -0.09038   0.04016
  -0.02299   0.14962   0.04016
  -0.02299  -0.09038   0.04016
  -0.02299  -0.09038   0.04016
  -0.02299  -0.09038   0.04016
  -0.02299   0.14962   0.04016
  -0.02299  -0.09038   0.04016
  -0.02299   0.14962   0.04016
  -0.02299   0.14962   0.04016
  -0.02299   0.14962   0.04016
  -0.02299   0.14962   0.04016
  -0.02299   0.14962   0.04016
  -0.02299   0.14962   0.04016
  -0.02299   0.14962   0.04016
  -0.02299   0.14962   0.04016
  -0.02299   0.14962   0.04016
  -0.02299   0.14962   0.04016
  -0.02299   0.14962   0.04016
  -0.02299   0.14962   0.04016
  -0.02299   0.14962   0.04016
  -0.02299   0.14962   0.04016
  -0.02299   0.14962   0.04016
  -0.02299   0.14962   0.04016
  -0.02299   0.14962   0.04016
  -0.02299   0.14962   0.04016
  -0.02299   0.14962   0.04016
  -0.02299   0.14962   0.04016
  -0.02299   0.14962   0.04016
  -0.02299   0.14962   0.04016
  -0.02299   0.14962   0.04016
  -0.02299  -0.09038  -0.19984
  -0.02299  -0.09038  -0.19984
  -0.02299  -0.33038  -0.19984
  -0.02299  -0.09038  -0.19984
  -0.02299  -0.09038   0.04016
  -0.02299   0.14962   0.04016
  -0.02299   0.14962   0.04016
  -0.02299   0.14962   0.04016
  -0.02299   0.14962  -0.19984
  -0.02299   0.14962  -0.19984
  -0.02299   0.14962  -0.19984
  -0.02299   0.14962  -0.19984
  -0.26299  -0.09038  -0.19984
  -0.26299  -0.33038  -0.19984
  -0.02299  -0.33038   0.04016
  -0.02299  -0.09038   0.04016
  -0.02299   0.14962  -0.19984
  -0.02299   0.38962  -0.19984
  -0.02299   0.14962  -0.19984
  -0.02299   0.14962  -0.19984
   0.21701  -0.09038  -0.19984
  -0.02299  -0.33038  -0.19984
  -0.02299  -0.09038  -0.19984
  -0.02299   0.14962  -0.19984
  -0.26299   0.14962   0.04016
  -0.02299   0.14962   0.04016
  -0.02299   0.14962  -0.19984
  -0.02299   0.14962  -0.19984
  -0.02299   0.14962  -0.19984
   0.21701   0.14962  -0.19984
   0.21701  -0.09038  -0.19984
  -0.02299  -0.09038  -0.19984
  -0.02299  -0.09038  -0.19984
  -0.02299  -0.09038  -0.19984
  -0.02299   0.14962  -0.19984
  -0.02299   0.14962   0.04016
  -0.02299   0.14962  -0.19984
  -0.02299   0.14962  -0.19984
  -0.02299  -0.09038  -0.19984
  -0.02299  -0.09038  -0.19984
  -0.02299  -0.09038  -0.19984
  -0.02299  -0.09038  -0.19984
  -0.02299   0.14962  -0.19984
  -0.02299   0.14962  -0.19984
  -0.02299   0.14962  -0.19984
  -0.02299   0.14962  -0.19984
  -0.02299   0.14962  -0.19984
  -0.02299   0.14962  -0.19984
  -0.02299   0.14962  -0.19984
  -0.02299   0.14962  -0.19984
  -0.02299   0.14962  -0.19984
  -0.02299   0.14962   0.04016
  -0.02299   0.14962  -0.19984
  -0.02299   0.14962   0.04016
  -0.02299  -0.09038  -0.19984
  -0.02299  -0.09038  -0.19984
  -0.02299  -0.09038  -0.19984
  -0.02299  -0.09038  -0.19984
  -0.02299  -0.09038  -0.19984
  -0.02299   0.14962  -0.19984
  -0.02299  -0.09038  -0.19984
  -0.02299  -0.09038  -0.19984
  -0.02299  -0.09038  -0.19984
  -0.02299  -0.09038  -0.19984
  -0.02299  -0.09038  -0.19984
  -0.02299  -0.09038  -0.19984
  -0.02299   0.14962  -0.19984
  -0.02299   0.14962  -0.19984
  -0.02299  -0.09038  -0.19984
  -0.02299  -0.09038  -0.19984
  -0.02299  -0.09038  -0.19984
  -0.02299  -0.09038  -0.19984
  -0.02299  -0.09038  -0.19984
  -0.02299  -0.09038  -0.19984
  -0.02299  -0.09038  -0.19984
  -0.02299  -0.09038  -0.19984
  -0.02299  -0.33038  -0.43984
  -0.02299  -0.09038  -0.19984
  -0.02299  -0.09038  -0.19984
   0.21701   0.14962   0.04016
  -0.02299   0.14962  -0.19984
  -0.02299   0.14962  -0.19984
  -0.02299   0.14962  -0.43984
   0.21701   0.14962  -0.19984
   0.21701  -0.09038  -0.19984
   0.21701   0.14962  -0.19984
  -0.02299  -0.09038  -0.19984
  -0.26299  -0.33038  -0.19984
  -0.26299  -0.57038  -0.19984
  -0.02299  -0.33038  -0.19984
  -0.02299  -0.09038  -0.19984
  -0.02299   0.14962  -0.19984
  -0.02299   0.14962  -0.19984
   0.21701   0.38962  -0.19984
   0.21701   0.14962  -0.19984
   0.21701  -0.09038  -0.19984
  -0.02299  -0.09038  -0.19984
  -0.02299  -0.09038  -0.19984
  -0.26299  -0.09038  -0.19984
  -0.26299   0.14962  -0.19984
  -0.26299   0.14962  -0.19984
  -0.02299  -0.09038  -0.19984
  -0.02299  -0.33038  -0.19984
  -0.02299  -0.09038  -0.19984
   0.21701  -0.09038  -0.19984
   0.21701  -0.09038   0.04016
   0.21701   0.14962  -0.19984
  -0.02299   0.14962  -0.19984
  -0.26299  -0.09038  -0.43984
  -0.26299  -0.09038  -0.19984
  -0.26299  -0.09038  -0.19984
  -0.02299  -0.09038  -0.19984
  -0.02299  -0.09038   0.04016
  -0.02299  -0.09038   0.04016
  -0.02299  -0.09038   0.04016
  -0.02299  -0.09038   0.04016
  -0.02299  -0.33038  -0.19984
  -0.02299  -0.57038  -0.19984
  -0.26299  -0.81038  -0.19984
  -0.02299  -0.33038  -0.19984
  -0.26299  -0.33038  -0.19984
  -0.26299  -0.09038  -0.19984
  -0.02299  -0.09038  -0.19984
  -0.02299  -0.09038   0.04016
  -0.02299  -0.09038   0.04016
  -0.02299  -0.09038   0.04016
  -0.26299  -0.09038   0.04016
  -0.02299  -0.09038   0.04016
  -0.26299  -0.33038  -0.19984
  -0.26299  -0.09038  -0.19984
  -0.02299  -0.33038  -0.19984
  -0.02299  -0.33038   0.04016
  -0.02299  -0.33038   0.04016
  -0.02299  -0.09038  -0.19984
  -0.26299  -0.09038   0.04016
  -0.02299  -0.09038   0.04016
  -0.26299  -0.09038  -0.19984
  -0.26299  -0.09038   0.04016
  -0.02299  -0.09038   0.04016
  -0.02299  -0.09038   0.04016
  -0.02299  -0.09038   0.04016
  -0.02299  -0.09038   0.04016
  -0.02299  -0.09038   0.04016
  -0.02299  -0.09038  -0.19984
  -0.02299  -0.33038   0.04016
  -0.02299  -0.09038   0.04016
  -0.02299  -0.33038   0.04016
  -0.02299  -0.09038   0.04016
  -0.02299  -0.09038   0.04016
  -0.02299   0.14962   0.04016
  -0.02299   0.14962  -0.19984
  -0.02299   0.14962   0.04016
  -0.02299   0.14962   0.04016
  -0.02299   0.14962   0.04016
  -0.02299   0.14962   0.28016
  -0.26299  -0.09038   0.04016
  -0.26299  -0.33038   0.04016
  -0.02299  -0.09038   0.04016
  -0.02299  -0.09038   0.04016
  -0.02299  -0.09038   0.04016
  -0.26299  -0.09038   0.04016
  -0.02299  -0.09038   0.04016
  -0.02299  -0.09038   0.04016
  -0.02299  -0.09038   0.04016
  -0.02299  -0.09038   0.04016
  -0.02299  -0.09038   0.04016
  -0.26299  -0.09038   0.04016
  -0.26299  -0.09038   0.04016
  -0.26299  -0.09038   0.04016
  -0.26299  -0.09038   0.28016
  -0.02299  -0.09038   0.28016
  -0.02299  -0.09038   0.28016
  -0.02299  -0.09038   0.28016
  -0.02299  -0.09038   0.04016
  -0.02299  -0.09038   0.04016
  -0.02299  -0.09038   0.04016
  -0.26299  -0.09038   0.04016
  -0.26299  -0.09038   0.04016
  -0.26299  -0.09038   0.04016
  -0.26299   0.14962   0.04016
  -0.02299  -0.09038   0.04016
  -0.02299  -0.09038   0.28016
  -0.02299  -0.09038   0.04016
  -0.02299  -0.09038   0.04016
  -0.02299  -0.09038   0.04016
  -0.26299  -0.09038   0.04016
  -0.02299  -0.09038   0.04016
  -0.02299   0.14962   0.04016
  -0.26299   0.14962   0.04016
  -0.26299   0.14962   0.04016
  -0.02299   0.14962   0.04016
  -0.02299   0.14962   0.28016
  -0.02299   0.14962   0.04016
  -0.02299  -0.09038   0.28016
  -0.02299  -0.09038   0.04016
  -0.02299  -0.09038   0.04016
  -0.02299  -0.09038   0.04016
  -0.02299  -0.09038   0.04016
  -0.26299  -0.09038   0.04016
  -0.02299  -0.09038   0.04016
  -0.26299   0.14962   0.04016
  -0.02299   0.14962   0.04016
  -0.26299   0.14962   0.04016
  -0.02299   0.14962   0.28016
  -0.02299  -0.09038   0.04016
  -0.26299   0.14962   0.28016
  -0.02299   0.14962   0.04016
  -0.02299   0.14962   0.04016
  -0.02299   0.14962   0.04016
  -0.02299   0.14962   0.04016
  -0.02299   0.14962   0.04016
  -0.02299   0.14962   0.28016
  -0.02299  -0.09038   0.28016
  -0.02299  -0.09038   0.28016
  -0.02299  -0.09038   0.28016
  -0.02299   0.14962   0.28016
  -0.02299   0.14962   0.04016
  -0.02299   0.14962   0.04016
  -0.02299   0.14962   0.04016
  -0.02299   0.14962   0.04016
  -0.02299   0.14962   0.04016
  -0.02299   0.14962   0.04016
  -0.02299   0.14962   0.28016
  -0.02299   0.14962   0.28016
  -0.02299  -0.09038   0.04016
  -0.02299   0.14962   0.04016
  -0.02299   0.14962   0.28016
  -0.02299   0.38962   0.28016
  -0.02299   0.14962   0.04016
  -0.02299   0.14962   0.04016
  -0.02299   0.14962   0.04016
  -0.02299   0.14962   0.04016
  -0.02299   0.14962  -0.19984
  -0.02299   0.14962   0.04016
  -0.02299   0.38962   0.04016
  -0.02299   0.38962   0.28016
   0.21701   0.38962   0.04016
   0.21701   0.38962   0.04016
   0.21701   0.14962   0.04016
   0.21701   0.14962   0.28016
   0.21701   0.14962   0.04016
   0.21701   0.14962   0.04016
  -0.02299   0.14962   0.04016
  -0.02299   0.38962   0.04016
  -0.02299   0.14962   0.04016
  -0.02299   0.14962   0.28016
   0.21701   0.14962   0.28016
   0.21701   0.14962   0.28016
   0.21701   0.14962   0.28016
   0.21701   0.14962   0.04016
   0.21701   0.14962   0.04016
   0.21701   0.14962   0.04016
  -0.02299   0.14962   0.04016
  -0.02299   0.14962   0.04016
  -0.02299   0.14962   0.04016
  -0.02299   0.14962   0.04016
  -0.02299   0.14962   0.04016
  -0.02299   0.14962   0.28016
  -0.02299   0.14962   0.04016
  -0.02299   0.14962   0.04016
  -0.02299   0.14962   0.04016
   0.21701   0.14962   0.04016
  -0.02299   0.14962   0.04016
   0.21701   0.14962   0.04016
  -0.02299   0.14962   0.04016
  -0.02299   0.14962   0.04016
  -0.02299   0.14962   0.04016
  -0.02299   0.14962   0.04016
  -0.02299   0.14962   0.04016
  -0.02299   0.14962   0.04016
  -0.02299  -0.09038   0.04016
  -0.02299   0.14962   0.04016
  -0.02299  -0.09038   0.04016
   0.21701  -0.09038   0.04016
   0.21701  -0.09038   0.04016
   0.21701  -0.09038   0.04016
  -0.02299  -0.09038   0.04016
  -0.02299  -0.09038   0.04016
  -0.02299  -0.09038   0.04016
  -0.02299   0.14962   0.04016
  -0.02299   0.14962   0.04016
  -0.02299   0.14962   0.04016
  -0.02299   0.14962   0.04016
  -0.02299   0.14962   0.04016
  -0.02299   0.14962   0.04016
   0.21701   0.14962   0.04016
   0.21701  -0.09038   0.04016
   0.21701   0.14962   0.04016
   0.21701  -0.09038   0.04016
  -0.02299   0.14962   0.04016
  -0.02299   0.14962   0.04016
  -0.02299   0.14962   0.04016
   0.21701  -0.09038   0.04016
   0.21701   0.14962   0.04016
  -0.02299   0.14962   0.04016
  -0.02299   0.14962   0.04016
  -0.02299   0.14962   0.28016
  -0.02299   0.14962   0.28016
  -0.02299   0.14962   0.04016
  -0.02299   0.14962   0.04016
   0.21701   0.14962   0.04016
   0.21701   0.14962   0.04016
   0.21701   0.14962   0.04016
   0.21701   0.14962   0.04016
  -0.02299  -0.09038   0.04016
  -0.02299  -0.09038   0.04016
  -0.02299  -0.09038   0.04016
  -0.02299   0.14962   0.04016
  -0.02299   0.14962   0.04016
   0.21701   0.38962   0.04016
   0.21701   0.14962   0.04016
   0.21701   0.14962   0.04016
  -0.02299   0.14962   0.04016
   0.21701   0.14962   0.04016
   0.21701   0.14962   0.04016
   0.21701   0.14962   0.04016
  -0.02299  -0.09038   0.04016
  -0.02299   0.14962   0.04016
  -0.02299  -0.09038   0.04016
  -0.02299   0.14962   0.04016
  -0.02299  -0.09038   0.04016
  -0.02299  -0.09038   0.04016
   0.21701  -0.09038   0.04016
   0.21701  -0.09038   0.04016
  -0.02299  -0.09038  -0.19984
  -0.02299  -0.09038   0.04016
  -0.02299   0.14962   0.04016
  -0.02299   0.14962   0.04016
  -0.02299  -0.09038  -0.19984
  -0.02299   0.14962   0.04016
  -0.02299  -0.09038   0.04016
   0.21701  -0.09038   0.04016
  -0.02299  -0.09038   0.04016
   0.21701  -0.09038   0.04016
  -0.02299  -0.09038   0.04016
   0.21701  -0.09038   0.04016
   0.21701  -0.09038   0.04016
   0.21701   0.14962   0.04016
  -0.02299   0.14962   0.04016
   0.21701   0.14962   0.04016
  -0.02299   0.14962   0.04016
   0.21701   0.14962   0.04016
  -0.02299  -0.09038   0.04016
   0.21701  -0.09038   0.04016
   0.21701  -0.09038   0.04016
   0.21701  -0.09038   0.04016
   0.21701  -0.09038   0.04016
  -0.02299  -0.09038   0.04016
  -0.02299  -0.09038  -0.19984
  -0.02299  -0.09038  -0.19984
  -0.02299  -0.33038   0.04016
  -0.02299  -0.09038   0.04016
  -0.02299  -0.33038  -0.19984
  -0.02299  -0.09038   0.04016
  -0.02299  -0.09038   0.04016
  -0.02299   0.14962   0.04016
  -0.02299  -0.09038   0.04016
  -0.02299  -0.09038   0.04016
  -0.02299  -0.09038   0.04016
  -0.02299  -0.09038   0.04016
  -0.02299  -0.09038   0.04016
  -0.02299  -0.09038   0.04016
  -0.02299  -0.09038   0.04016
  -0.02299  -0.09038  -0.19984
  -0.02299  -0.09038  -0.19984
  -0.02299  -0.09038   0.04016
  -0.02299  -0.09038   0.04016
  -0.02299  -0.09038   0.04016
  -0.02299  -0.33038   0.04016
  -0.02299  -0.09038   0.04016
  -0.02299  -0.33038   0.04016
  -0.02299  -0.09038   0.04016
  -0.02299  -0.09038   0.04016
  -0.02299  -0.09038   0.04016
  -0.02299  -0.09038   0.04016
  -0.02299  -0.09038   0.04016
  -0.26299  -0.09038  -0.19984
  -0.02299  -0.09038   0.04016
  -0.02299  -0.09038   0.04016
  -0.02299  -0.09038   0.04016
  -0.02299  -0.09038   0.04016
  -0.02299  -0.09038   0.04016
  -0.02299  -0.09038   0.04016
  -0.02299  -0.33038   0.04016
  -0.02299  -0.33038   0.04016
  -0.02299  -0.33038   0.04016
  -0.02299  -0.33038   0.04016
  -0.02299  -0.09038   0.04016
  -0.02299  -0.09038   0.04016
  -0.02299  -0.09038   0.04016
  -0.02299  -0.09038   0.04016
  -0.02299  -0.09038   0.04016
  -0.02299  -0.09038   0.04016
  -0.02299  -0.09038   0.04016
  -0.02299  -0.33038   0.04016
   0.21701  -0.09038   0.04016
   0.21701  -0.33038   0.04016
   0.21701  -0.09038   0.04016
  -0.02299  -0.33038   0.04016
  -0.02299  -0.09038   0.04016
  -0.02299  -0.09038   0.04016
  -0.02299  -0.09038   0.04016
  -0.02299  -0.09038   0.04016
  -0.02299  -0.09038   0.04016
   0.21701  -0.09038   0.04016
   0.21701  -0.09038   0.04016
   0.21701  -0.09038   0.04016
   0.21701  -0.09038   0.04016
   0.21701  -0.33038   0.04016
   0.21701  -0.33038   0.04016
   0.21701  -0.33038   0.04016
   0.21701  -0.33038   0.04016
   0.21701  -0.33038   0.04016
   0.21701  -0.33038   0.04016
  -0.02299  -0.33038   0.04016
   0.21701  -0.33038   0.04016
  -0.02299  -0.33038   0.04016
  -0.02299  -0.33038   0.04016
  -0.02299  -0.09038   0.04016
   0.21701  -0.09038   0.04016
  -0.02299  -0.33038   0.04016
   0.21701  -0.33038   0.04016
  -0.02299  -0.33038  -0.19984
   0.21701  -0.09038  -0.19984
  -0.02299  -0.09038   0.04016
   0.21701  -0.09038   0.04016
  -0.02299  -0.09038   0.04016
   0.21701  -0.09038   0.04016
  -0.02299  -0.09038   0.04016
   0.21701  -0.09038   0.04016
   0.21701  -0.09038  -0.19984
   0.21701  -0.09038   0.04016
   0.21701  -0.09038   0.04016
   0.21701  -0.09038   0.04016
   0.21701  -0.09038   0.04016
  -0.02299   0.14962   0.04016
  -0.02299  -0.09038  -0.19984
   0.21701  -0.09038  -0.19984
   0.21701  -0.09038  -0.19984
   0.21701  -0.09038  -0.19984
   0.21701  -0.09038  -0.19984
   0.21701  -0.09038   0.04016
   0.21701  -0.09038   0.04016
   0.21701  -0.09038   0.04016
   0.21701  -0.33038  -0.19984
   0.21701  -0.09038   0.04016
   0.21701  -0.09038  -0.19984
   0.21701  -0.09038  -0.19984
  -0.02299  -0.09038  -0.19984
  -0.02299  -0.09038  -0.19984
  -0.02299  -0.09038  -0.19984
  -0.02299  -0.09038   0.04016
  -0.02299  -0.09038   0.04016
   0.21701  -0.09038   0.04016
   0.21701  -0.09038   0.04016
   0.21701   0.14962   0.04016
   0.21701   0.14962   0.04016
   0.21701   0.14962  -0.19984
   0.21701   0.14962   0.04016
   0.21701   0.14962   0.04016
   0.21701  -0.09038  -0.19984
  -0.02299   0.14962  -0.19984
  -0.02299   0.14962   0.04016
   0.21701   0.14962   0.04016
  -0.02299   0.14962  -0.19984
   0.21701   0.14962  -0.19984
   0.21701   0.14962  -0.19984
   0.21701   0.14962  -0.19984
   0.21701   0.14962  -0.19984
   0.21701   0.14962  -0.19984
   0.21701  -0.09038  -0.19984
   0.21701   0.14962   0.04016
  -0.02299   0.14962   0.04016
  -0.02299   0.14962   0.04016
   0.21701   0.14962  -0.19984
   0.21701   0.14962  -0.19984
   0.21701  -0.09038  -0.19984
  -0.02299  -0.09038  -0.19984
   0.21701  -0.09038  -0.19984
  -0.02299  -0.09038  -0.19984
  -0.02299  -0.09038  -0.19984
  -0.02299   0.14962   0.04016
  -0.02299   0.14962   0.04016
  -0.02299   0.14962   0.04016
  -0.02299   0.14962   0.04016
  -0.02299   0.14962   0.04016
  -0.02299   0.14962  -0.19984
  -0.02299   0.14962   0.04016
  -0.02299   0.14962   0.04016
  -0.02299   0.14962   0.04016
  -0.02299   0.14962   0.04016
  -0.02299   0.38962   0.04016
  -0.02299   0.14962  -0.19984
  -0.02299   0.38962  -0.19984
  -0.02299   0.14962  -0.19984
  -0.02299   0.38962   0.04016
  -0.02299   0.14962  -0.19984
  -0.02299   0.38962   0.04016
  -0.02299   0.38962  -0.19984
  -0.02299   0.38962   0.04016
  -0.02299   0.38962  -0.19984
  -0.02299   0.38962  -0.19984
  -0.02299   0.14962  -0.19984
  -0.02299   0.14962  -0.19984
  -0.02299   0.14962  -0.19984
  -0.02299   0.14962   0.04016
  -0.02299   0.14962   0.04016
  -0.02299   0.38962   0.04016
  -0.02299   0.38962  -0.19984
  -0.02299   0.38962  -0.19984
  -0.02299   0.38962  -0.19984
  -0.02299   0.38962  -0.19984
  -0.02299   0.14962  -0.19984
  -0.02299   0.14962  -0.19984
  -0.02299   0.14962  -0.19984
  -0.02299  -0.09038  -0.19984
  -0.02299  -0.09038   0.04016
  -0.02299   0.14962   0.04016
  -0.26299   0.14962   0.04016
  -0.02299   0.14962   0.04016
  -0.26299   0.14962  -0.19984
  -0.26299   0.14962  -0.19984
  -0.26299   0.14962  -0.19984
  -0.26299   0.14962   0.04016
  -0.26299  -0.09038  -0.19984
  -0.26299  -0.09038   0.04016
  -0.02299  -0.09038   0.04016
  -0.02299   0.14962   0.04016
  -0.02299   0.14962  -0.19984
  -0.02299  -0.09038   0.04016
  -0.02299  -0.09038   0.04016
  -0.26299  -0.09038   0.04016
  -0.26299  -0.09038  -0.19984
  -0.26299  -0.09038   0.04016
  -0.26299  -0.09038   0.04016
  -0.26299  -0.09038   0.04016
  -0.26299  -0.09038   0.04016
  -0.26299  -0.09038   0.04016
  -0.26299   0.14962   0.04016
  -0.26299   0.14962   0.04016
  -0.26299  -0.09038   0.04016
  -0.26299  -0.09038   0.04016
  -0.26299  -0.09038   0.04016
  -0.26299  -0.09038   0.04016
  -0.26299  -0.09038   0.04016
  -0.26299   0.14962   0.04016
  -0.26299   0.14962   0.04016
  -0.26299   0.14962   0.04016
  -0.26299  -0.09038   0.04016
  -0.26299  -0.09038   0.04016
  -0.26299  -0.09038   0.04016
  -0.26299  -0.09038   0.04016
  -0.26299  -0.09038   0.04016
  -0.26299   0.14962   0.04016
  -0.26299   0.14962   0.04016
  -0.26299   0.14962   0.04016
  -0.26299  -0.09038   0.04016
  -0.26299   0.14962   0.04016
  -0.26299  -0.09038   0.04016
  -0.26299  -0.09038   0.04016
  -0.26299  -0.09038   0.04016
  -0.26299  -0.09038   0.04016
  -0.26299  -0.09038   0.04016
  -0.26299  -0.09038   0.04016
  -0.26299  -0.09038   0.04016
  -0.26299  -0.09038   0.04016
  -0.26299  -0.09038   0.04016
  -0.26299  -0.09038   0.04016
  -0.26299  -0.09038   0.04016
  -0.26299  -0.09038   0.04016
  -0.26299  -0.09038   0.04016
  -0.26299  -0.09038   0.04016
  -0.26299  -0.09038   0.04016
  -0.26299  -0.09038   0.04016
  -0.26299  -0.09038   0.04016
  -0.26299  -0.09038   0.04016
  -0.26299  -0.09038   0.04016
  -0.26299  -0.09038   0.04016
  -0.26299  -0.09038   0.04016
  -0.26299  -0.09038   0.04016
  -0.26299  -0.09038   0.04016
  -0.26299  -0.09038   0.04016
  -0.26299  -0.09038   0.04016
  -0.26299   0.14962   0.04016
  -0.26299  -0.09038   0.04016
  -0.26299   0.14962   0.04016
  -0.02299   0.14962   0.28016
  -0.26299   0.14962   0.28016
  -0.26299  -0.09038   0.04016
  -0.26299   0.14962   0.04016
  -0.26299   0.14962   0.04016
  -0.26299   0.14962   0.04016
  -0.26299   0.14962   0.04016
  -0.26299   0.14962   0.04016
  -0.26299   0.14962   0.04016
  -0.02299   0.14962   0.04016
  -0.02299  -0.09038   0.04016
  -0.02299   0.14962   0.04016
  -0.02299  -0.09038   0.04016
  -0.26299   0.14962   0.04016
  -0.26299   0.14962   0.04016
  -0.26299   0.14962   0.04016
  -0.26299   0.14962   0.04016
  -0.26299   0.14962   0.04016
  -0.26299   0.14962   0.04016
  -0.02299   0.14962   0.04016
  -0.02299  -0.09038   0.04016
  -0.02299  -0.09038   0.04016
  -0.02299  -0.09038   0.04016
  -0.02299  -0.09038   0.04016
  -0.02299   0.14962   0.04016
  -0.02299   0.14962   0.04016
  -0.02299  -0.09038   0.04016
  -0.26299  -0.09038   0.04016
  -0.02299  -0.09038   0.04016
  -0.02299  -0.09038   0.04016
  -0.26299  -0.09038   0.04016
  -0.02299  -0.09038   0.04016
  -0.26299  -0.09038   0.04016
  -0.02299  -0.09038   0.04016
  -0.02299  -0.09038   0.04016
  -0.02299  -0.09038   0.04016
  -0.02299  -0.09038   0.04016
  -0.02299  -0.09038   0.04016
  -0.02299  -0.09038   0.04016
  -0.02299  -0.09038   0.04016
  -0.26299  -0.09038   0.04016
  -0.02299  -0.09038   0.04016
  -0.02299  -0.09038   0.04016
  -0.02299  -0.09038   0.04016
  -0.02299  -0.09038   0.04016
  -0.02299  -0.09038   0.04016
  -0.02299  -0.33038   0.04016
  -0.02299  -0.09038   0.04016
  -0.02299  -0.09038   0.04016
  -0.02299  -0.09038   0.04016
  -0.02299  -0.09038   0.04016
  -0.02299  -0.09038   0.04016
  -0.02299  -0.09038   0.04016
  -0.02299  -0.09038   0.04016
  -0.02299  -0.09038   0.04016
  -0.02299  -0.09038   0.04016
  -0.02299  -0.09038   0.04016
  -0.02299   0.14962   0.04016
  -0.02299  -0.09038   0.04016
  -0.02299  -0.09038   0.04016
  -0.02299  -0.09038   0.04016
  -0.02299  -0.09038   0.04016
  -0.02299  -0.09038   0.04016
  -0.02299  -0.09038   0.04016
  -0.02299  -0.09038   0.04016
  -0.02299   0.14962   0.04016
  -0.02299  -0.09038   0.04016
  -0.02299  -0.09038   0.04016
  -0.02299  -0.09038   0.04016
  -0.02299  -0.09038   0.04016
  -0.02299  -0.09038  -0.19984
  -0.02299   0.14962   0.04016
  -0.02299   0.14962  -0.19984
   0.21701   0.14962   0.04016
   0.21701   0.38962   0.04016
   0.21701   0.14962   0.04016
   0.21701   0.14962   0.04016
   0.21701   0.14962   0.04016
   0.21701   0.14962   0.04016
   0.21701   0.14962   0.04016
   0.21701   0.14962   0.04016
   0.21701   0.38962   0.04016
  -0.02299   0.14962   0.04016
  -0.02299   0.14962   0.04016
  -0.02299   0.14962   0.04016
   0.21701   0.14962   0.04016
   0.21701   0.14962   0.04016
   0.21701   0.14962   0.04016
   0.21701   0.14962   0.04016
   0.21701   0.38962   0.04016
   0.21701   0.14962   0.04016
   0.21701   0.14962   0.04016
   0.21701   0.14962   0.04016
   0.21701   0.14962   0.04016
   0.21701  -0.09038   0.04016
   0.21701   0.14962   0.04016
  -0.02299  -0.09038   0.04016
   0.21701   0.14962   0.04016
   0.21701   0.14962   0.04016
   0.21701   0.14962   0.04016
   0.21701   0.14962   0.04016
   0.21701   0.14962   0.04016
   0.21701   0.14962   0.04016
   0.21701   0.14962   0.04016
   0.21701   0.14962   0.04016
   0.21701   0.14962   0.04016
   0.21701   0.14962   0.04016
   0.21701   0.14962   0.04016
   0.21701   0.14962   0.04016
   0.21701   0.14962   0.04016
   0.21701   0.14962   0.04016
   0.21701   0.14962   0.04016
   0.21701   0.14962   0.04016
   0.21701   0.14962   0.04016
  -0.02299   0.14962   0.04016
   0.21701   0.14962   0.04016
   0.21701   0.14962   0.04016
   0.21701   0.14962   0.04016
  -0.02299   0.14962   0.04016
   0.21701   0.14962   0.04016
   0.21701   0.14962   0.04016
   0.21701   0.14962   0.04016
   0.21701   0.14962   0.04016
   0.21701  -0.09038   0.04016
  -0.02299  -0.09038   0.04016
   0.21701  -0.09038   0.04016
  -0.02299   0.14962   0.04016
  -0.02299   0.14962   0.04016
  -0.02299   0.14962   0.04016
   0.21701   0.14962   0.04016
   0.21701  -0.09038   0.04016
   0.21701  -0.09038   0.04016
   0.21701  -0.09038   0.04016
   0.21701  -0.09038   0.04016
   0.21701  -0.09038   0.04016
   0.21701  -0.09038   0.04016
   0.21701   0.14962   0.04016
   0.21701   0.14962   0.04016
   0.21701  -0.09038   0.04016
   0.21701  -0.09038   0.04016
  -0.02299  -0.09038   0.04016
  -0.02299  -0.09038   0.04016
  -0.02299  -0.09038  -0.19984
  -0.02299  -0.09038   0.04016
  -0.02299   0.14962   0.04016
   0.21701   0.14962   0.04016
   0.21701  -0.09038   0.04016
   0.21701  -0.09038   0.04016
  -0.02299  -0.09038   0.04016
  -0.02299  -0.09038   0.04016
  -0.02299  -0.09038   0.04016
  -0.02299  -0.09038   0.04016
  -0.02299  -0.09038   0.04016
  -0.02299   0.14962   0.04016
  -0.02299  -0.09038   0.04016
  -0.02299   0.14962   0.04016
  -0.02299  -0.09038   0.04016
  -0.02299  -0.09038   0.04016
  -0.02299  -0.09038   0.04016
  -0.02299  -0.09038   0.04016
  -0.02299  -0.09038   0.04016
  -0.02299   0.14962   0.04016
  -0.02299  -0.09038   0.04016
  -0.02299   0.14962   0.04016
  -0.02299  -0.09038   0.04016
  -0.02299  -0.09038   0.04016
  -0.02299  -0.09038   0.04016
  -0.02299  -0.09038   0.04016
  -0.02299  -0.09038   0.04016
  -0.02299  -0.09038   0.04016
  -0.02299  -0.09038   0.04016
  -0.02299  -0.09038   0.04016
  -0.02299  -0.09038   0.04016
  -0.02299  -0.09038   0.04016
  -0.02299  -0.09038  -0.19984
  -0.02299  -0.09038   0.04016
  -0.02299  -0.09038   0.04016
  -0.02299  -0.09038   0.04016
  -0.02299  -0.33038   0.04016
  -0.02299  -0.09038   0.04016
  -0.02299  -0.33038   0.04016
  -0.02299  -0.33038   0.04016
  -0.02299  -0.33038   0.04016
  -0.02299  -0.33038   0.04016
  -0.02299  -0.33038   0.04016
  -0.02299  -0.33038   0.04016
  -0.02299  -0.33038  -0.19984
  -0.02299  -0.33038   0.04016
  -0.02299  -0.33038   0.04016
  -0.02299  -0.33038   0.04016
  -0.02299  -0.33038   0.04016
  -0.02299  -0.33038   0.04016
  -0.02299  -0.33038   0.04016
  -0.02299  -0.33038   0.04016
  -0.02299  -0.33038   0.04016
  -0.02299  -0.33038   0.04016
  -0.02299  -0.33038   0.04016
  -0.02299  -0.33038   0.04016
  -0.02299  -0.33038   0.04016
  -0.02299  -0.33038   0.04016
  -0.02299  -0.33038   0.04016
  -0.02299  -0.33038   0.04016
  -0.02299  -0.33038   0.04016
  -0.02299  -0.33038   0.04016
  -0.02299  -0.33038  -0.19984
  -0.02299  -0.09038   0.04016
  -0.02299  -0.33038   0.04016
  -0.02299  -0.09038   0.04016
  -0.02299  -0.33038   0.04016
  -0.02299  -0.09038   0.04016
  -0.02299  -0.33038   0.04016
  -0.02299  -0.33038   0.04016
  -0.02299  -0.33038   0.04016
  -0.02299  -0.09038  -0.19984
  -0.02299  -0.09038  -0.19984
  -0.02299  -0.09038  -0.19984
   0.21701  -0.33038  -0.19984
   0.21701  -0.09038   0.04016
  -0.02299  -0.09038   0.04016
  -0.02299  -0.09038   0.04016
  -0.02299  -0.09038   0.04016
  -0.02299  -0.09038   0.04016
  -0.02299  -0.09038   0.04016
  -0.02299  -0.09038   0.04016
  -0.02299   0.14962  -0.19984
  -0.02299   0.14962   0.04016
  -0.02299  -0.09038  -0.19984
  -0.02299   0.14962   0.04016
  -0.02299  -0.09038   0.04016
  -0.02299  -0.09038   0.04016
  -0.02299  -0.09038   0.04016
  -0.02299  -0.09038   0.04016
  -0.02299  -0.09038   0.04016
  -0.02299  -0.09038   0.04016
  -0.02299  -0.09038   0.04016
   0.21701  -0.09038   0.04016
  -0.02299  -0.09038  -0.19984
   0.21701   0.14962  -0.19984
  -0.02299  -0.09038  -0.19984
  -0.02299   0.14962   0.04016
  -0.02299   0.14962   0.04016
  -0.02299   0.14962   0.04016
  -0.02299   0.14962   0.04016
  -0.02299   0.14962   0.04016
  -0.02299  -0.09038   0.04016
   0.21701  -0.09038   0.04016
  -0.02299  -0.09038  -0.19984
  -0.02299  -0.09038  -0.19984
  -0.02299   0.14962   0.04016
  -0.02299   0.14962  -0.19984
  -0.02299   0.14962  -0.19984
  -0.02299   0.14962  -0.19984
  -0.02299   0.14962   0.04016
  -0.02299   0.14962   0.04016
  -0.02299   0.14962   0.04016
   0.21701   0.14962   0.04016
  -0.02299   0.14962   0.04016
  -0.02299   0.14962   0.04016
  -0.02299   0.14962   0.04016
  -0.02299   0.14962   0.04016
  -0.02299   0.14962   0.04016
  -0.02299   0.14962   0.04016
  -0.02299   0.14962   0.04016
  -0.02299   0.14962   0.04016
  -0.02299   0.14962   0.04016
  -0.02299   0.14962   0.04016
  -0.02299   0.14962   0.04016
  -0.02299   0.14962   0.04016
  -0.02299   0.14962  -0.19984
  -0.02299   0.14962  -0.19984
  -0.02299   0.14962  -0.19984
  -0.02299   0.14962  -0.19984
  -0.02299   0.14962   0.04016
  -0.02299   0.14962   0.04016
  -0.02299   0.14962   0.04016
  -0.02299   0.14962   0.04016
  -0.02299   0.14962   0.04016
  -0.02299   0.14962  -0.19984
  -0.02299   0.14962  -0.19984
  -0.02299   0.14962   0.04016
  -0.02299   0.14962   0.04016
  -0.02299   0.14962   0.04016
  -0.02299   0.14962  -0.19984
  -0.02299   0.14962   0.04016
  -0.02299   0.14962   0.04016
  -0.02299  -0.09038   0.04016
  -0.02299   0.14962   0.04016
  -0.02299   0.14962   0.04016
  -0.02299   0.14962   0.04016
  -0.02299   0.14962   0.04016
  -0.02299   0.14962  -0.19984
  -0.02299   0.14962   0.04016
  -0.02299   0.14962   0.04016
  -0.02299   0.14962   0.04016
  -0.02299   0.14962   0.04016
  -0.02299   0.14962   0.04016
  -0.02299   0.14962   0.04016
  -0.02299   0.14962   0.04016
  -0.02299   0.14962  -0.19984
  -0.02299   0.14962   0.04016
  -0.02299  -0.09038  -0.19984
  -0.02299   0.14962   0.04016
  -0.02299  -0.09038   0.04016
  -0.02299  -0.09038   0.04016
  -0.02299   0.14962   0.04016
  -0.02299   0.14962   0.04016
  -0.02299   0.14962   0.04016
  -0.02299   0.14962   0.04016
  -0.02299   0.14962   0.04016
  -0.02299   0.14962   0.04016
  -0.02299  -0.09038  -0.19984
  -0.02299   0.14962   0.04016
  -0.02299   0.14962   0.04016
  -0.02299   0.14962   0.04016
  -0.02299   0.14962   0.04016
  -0.02299   0.14962   0.04016
  -0.02299   0.14962   0.04016
  -0.02299   0.14962   0.04016
  -0.02299  -0.09038   0.04016
  -0.02299   0.14962   0.04016
  -0.02299   0.14962   0.04016
  -0.02299   0.14962   0.04016
  -0.02299   0.14962   0.04016
  -0.02299   0.14962   0.04016
  -0.02299   0.14962   0.04016
  -0.02299   0.14962   0.04016
  -0.02299   0.14962   0.04016
  -0.02299   0.14962   0.04016
   0.21701   0.14962   0.04016
   0.21701   0.14962   0.04016
   0.21701   0.14962   0.04016
   0.21701   0.14962   0.04016
   0.21701   0.14962   0.04016
   0.21701   0.14962   0.04016
  -0.02299   0.14962   0.04016
  -0.02299   0.14962   0.04016
  -0.02299  -0.09038   0.04016
  -0.02299   0.14962   0.04016
  -0.02299   0.14962   0.04016
  -0.02299  -0.09038   0.04016
  -0.02299  -0.09038   0.04016
   0.21701   0.14962   0.04016
  -0.02299  -0.09038   0.04016
  -0.02299  -0.09038   0.04016
  -0.02299   0.14962   0.04016
  -0.02299   0.14962   0.04016
  -0.02299  -0.09038   0.04016
  -0.02299  -0.09038   0.04016
  -0.02299  -0.09038   0.04016
  -0.02299  -0.09038   0.04016
  -0.02299  -0.09038   0.04016
  -0.02299  -0.09038   0.04016
  -0.02299  -0.09038   0.04016
  -0.02299  -0.09038   0.04016
  -0.02299  -0.09038   0.04016
  -0.02299  -0.09038   0.04016
  -0.02299  -0.09038   0.04016
  -0.02299  -0.09038   0.04016
  -0.02299  -0.09038   0.04016
  -0.02299  -0.09038   0.04016
  -0.02299  -0.09038   0.04016
  -0.02299  -0.09038   0.04016
  -0.02299  -0.09038   0.04016
  -0.02299  -0.09038   0.04016
  -0.02299  -0.09038   0.04016
  -0.02299  -0.09038   0.04016
  -0.02299  -0.09038   0.04016
  -0.02299  -0.09038   0.04016
  -0.02299  -0.09038   0.04016
  -0.02299   0.14962   0.04016
  -0.02299  -0.09038   0.04016
  -0.02299  -0.09038   0.04016
  -0.02299  -0.09038   0.04016
  -0.02299  -0.09038   0.04016
  -0.02299  -0.09038   0.04016
  -0.02299  -0.09038   0.04016
  -0.02299  -0.33038   0.04016
  -0.02299  -0.09038   0.04016
  -0.02299  -0.09038   0.04016
  -0.02299  -0.09038   0.04016
  -0.02299  -0.09038   0.04016
  -0.02299  -0.09038   0.04016
  -0.02299  -0.09038   0.04016
  -0.02299  -0.09038   0.04016
  -0.02299  -0.09038   0.04016
  -0.02299   0.14962   0.04016
  -0.02299  -0.09038   0.04016
  -0.02299  -0.09038   0.04016
  -0.02299  -0.09038   0.04016
  -0.02299  -0.09038   0.04016
  -0.02299  -0.09038   0.04016
  -0.02299  -0.09038   0.04016
  -0.02299  -0.09038   0.04016
  -0.02299   0.14962   0.04016
  -0.02299  -0.09038   0.04016
  -0.02299  -0.09038   0.04016
  -0.02299  -0.09038   0.04016
  -0.02299  -0.09038   0.04016
  -0.02299  -0.09038   0.04016
  -0.02299  -0.09038   0.04016
  -0.02299  -0.09038   0.04016
  -0.02299  -0.09038   0.04016
  -0.02299  -0.09038   0.04016
  -0.02299  -0.09038   0.04016
  -0.02299  -0.09038   0.04016
  -0.02299  -0.09038   0.04016
  -0.02299  -0.09038   0.04016
  -0.02299  -0.09038   0.04016
  -0.02299  -0.09038   0.04016
  -0.02299   0.14962   0.04016
  -0.02299  -0.09038   0.04016
  -0.02299  -0.09038   0.04016
  -0.02299  -0.09038   0.04016
  -0.02299  -0.09038   0.04016
  -0.02299  -0.09038   0.04016
  -0.02299  -0.09038   0.04016
  -0.02299  -0.09038   0.04016
  -0.02299   0.14962   0.04016
  -0.02299   0.14962   0.04016
  -0.02299   0.14962   0.04016
  -0.02299  -0.09038   0.04016
  -0.02299   0.14962   0.04016
  -0.02299  -0.09038   0.04016
  -0.02299  -0.09038   0.04016
  -0.02299  -0.09038   0.04016
  -0.02299  -0.09038   0.04016
  -0.02299  -0.09038   0.04016
  -0.02299  -0.09038   0.04016
  -0.02299  -0.09038   0.04016
  -0.02299   0.14962   0.04016
  -0.26299  -0.09038  -0.19984
  -0.02299   0.14962   0.04016
  -0.02299   0.14962   0.04016
  -0.02299   0.14962   0.04016
  -0.02299   0.14962   0.04016
  -0.02299   0.14962   0.04016
  -0.02299  -0.09038   0.04016
  -0.02299  -0.09038   0.04016
  -0.02299  -0.09038   0.04016
  -0.02299  -0.09038   0.04016
  -0.02299  -0.09038   0.04016
  -0.02299   0.14962   0.04016
  -0.02299  -0.09038   0.04016
  -0.02299   0.14962   0.04016
  -0.02299   0.14962   0.04016
  -0.02299   0.14962   0.04016
  -0.02299  -0.09038   0.04016
  -0.02299   0.14962   0.04016
  -0.02299   0.14962   0.04016
  -0.02299   0.14962   0.04016
  -0.02299  -0.09038   0.04016
  -0.02299  -0.09038   0.04016
  -0.02299  -0.09038   0.04016
  -0.02299  -0.09038   0.04016
  -0.02299  -0.09038   0.04016
  -0.02299  -0.09038   0.04016
  -0.02299   0.14962   0.04016
  -0.02299   0.14962   0.04016
  -0.02299  -0.09038   0.04016
  -0.02299  -0.09038   0.04016
  -0.02299  -0.09038   0.04016
  -0.02299  -0.09038   0.04016
  -0.02299  -0.09038   0.04016
  -0.02299  -0.09038   0.04016
  -0.02299  -0.09038   0.04016
  -0.02299  -0.09038   0.04016
  -0.02299   0.14962   0.04016
  -0.02299  -0.09038   0.04016
  -0.02299  -0.09038   0.04016
  -0.02299   0.14962   0.04016
  -0.02299  -0.09038  -0.19984
  -0.02299   0.14962   0.04016
  -0.02299  -0.09038   0.04016
  -0.02299   0.14962   0.04016
  -0.02299  -0.09038   0.04016
  -0.02299   0.14962   0.04016
  -0.02299   0.14962   0.04016
  -0.02299   0.14962   0.04016
  -0.02299  -0.09038  -0.19984
  -0.02299  -0.09038   0.04016
  -0.02299  -0.09038   0.04016
  -0.02299  -0.09038   0.04016
  -0.02299  -0.09038   0.04016
  -0.02299   0.14962   0.04016
  -0.02299  -0.09038   0.04016
  -0.02299   0.14962   0.04016
  -0.02299   0.14962   0.04016
  -0.02299   0.14962   0.04016
  -0.02299   0.14962   0.04016
  -0.02299   0.14962   0.04016
  -0.02299   0.14962   0.04016
  -0.02299   0.14962   0.04016
  -0.02299   0.14962   0.04016
  -0.02299   0.14962   0.04016
  -0.02299   0.14962   0.04016
  -0.02299   0.14962   0.04016
  -0.02299   0.14962   0.04016
  -0.02299   0.14962   0.04016
  -0.02299   0.14962   0.04016
  -0.02299   0.14962   0.04016
  -0.02299   0.14962   0.04016
  -0.02299   0.14962   0.04016
  -0.02299   0.14962   0.04016
  -0.02299   0.14962   0.04016
  -0.02299   0.14962   0.04016
  -0.02299   0.14962   0.04016
  -0.02299   0.14962   0.04016
  -0.02299   0.14962   0.04016
  -0.02299   0.14962   0.04016
  -0.02299   0.14962   0.04016
  -0.02299   0.14962   0.04016
  -0.02299   0.14962   0.04016
  -0.02299   0.14962   0.04016
  -0.02299   0.14962   0.04016
  -0.02299  -0.09038   0.04016
  -0.02299   0.14962   0.04016
  -0.02299  -0.09038   0.04016
  -0.02299  -0.09038   0.04016
  -0.02299  -0.09038   0.04016
  -0.02299  -0.09038   0.04016
  -0.02299  -0.09038   0.04016
  -0.02299   0.14962   0.04016
  -0.02299  -0.09038   0.04016
  -0.02299  -0.09038   0.04016
  -0.02299  -0.09038   0.04016
  -0.02299  -0.09038   0.04016
  -0.02299  -0.09038   0.04016
  -0.02299  -0.09038   0.04016
  -0.02299   0.14962   0.04016
  -0.02299  -0.09038   0.04016
  -0.02299  -0.09038   0.04016
  -0.02299  -0.09038   0.04016
  -0.02299  -0.09038   0.04016
  -0.02299  -0.09038   0.04016
  -0.02299  -0.09038   0.04016
  -0.02299  -0.09038   0.04016
  -0.02299  -0.09038   0.04016
  -0.02299  -0.09038   0.04016
  -0.02299  -0.09038   0.04016
  -0.02299  -0.09038   0.04016
  -0.02299  -0.09038   0.04016
  -0.02299  -0.09038   0.04016
  -0.02299  -0.09038   0.04016
  -0.02299  -0.09038   0.04016
  -0.02299  -0.09038   0.04016
  -0.02299  -0.09038   0.04016
  -0.02299  -0.09038  -0.19984
   0.21701  -0.09038   0.04016
   0.21701  -0.09038   0.04016
  -0.02299  -0.09038   0.04016
  -0.02299  -0.09038  -0.19984
  -0.02299  -0.09038   0.04016
  -0.02299  -0.09038   0.04016
  -0.02299  -0.09038   0.04016
  -0.02299  -0.09038  -0.19984
  -0.02299  -0.09038   0.04016
  -0.02299  -0.09038  -0.19984
  -0.02299  -0.09038  -0.19984
  -0.02299  -0.09038  -0.19984
  -0.02299  -0.09038  -0.19984
   0.21701  -0.09038  -0.19984
  -0.02299  -0.09038   0.04016
  -0.02299  -0.09038  -0.19984
  -0.02299  -0.09038  -0.19984
  -0.02299  -0.09038  -0.19984
  -0.02299  -0.09038  -0.19984
  -0.02299  -0.09038  -0.19984
  -0.02299  -0.09038   0.04016
  -0.02299  -0.09038   0.04016
  -0.02299   0.14962   0.04016
   0.21701  -0.09038  -0.19984
  -0.02299  -0.09038  -0.19984
  -0.02299  -0.09038  -0.19984
  -0.02299  -0.09038  -0.19984
  -0.02299  -0.09038  -0.19984
  -0.02299  -0.09038  -0.19984
  -0.02299  -0.09038  -0.19984
  -0.02299   0.14962   0.04016
  -0.02299  -0.09038  -0.19984
  -0.02299  -0.09038  -0.19984
  -0.02299  -0.09038  -0.19984
  -0.02299  -0.09038  -0.19984
  -0.02299  -0.09038  -0.19984
  -0.02299   0.14962  -0.19984
  -0.02299   0.14962  -0.19984
  -0.02299   0.14962   0.04016
  -0.02299   0.14962   0.04016
  -0.02299   0.14962   0.04016
  -0.02299   0.14962   0.04016
  -0.02299   0.14962   0.04016
  -0.02299  -0.09038  -0.19984
  -0.02299  -0.09038  -0.19984
  -0.02299  -0.09038  -0.19984
   0.21701  -0.09038   0.04016
  -0.02299  -0.09038  -0.19984
  -0.02299  -0.09038   0.04016
  -0.02299  -0.09038  -0.19984
  -0.02299  -0.09038   0.04016
  -0.02299  -0.09038  -0.19984
  -0.02299  -0.09038  -0.19984
  -0.02299  -0.09038   0.04016
  -0.02299  -0.09038   0.04016
  -0.02299  -0.09038  -0.19984
  -0.02299  -0.09038   0.04016
  -0.02299  -0.09038   0.04016
  -0.02299  -0.09038   0.04016
  -0.02299  -0.33038  -0.19984
  -0.02299  -0.09038   0.04016
  -0.02299  -0.09038   0.04016
  -0.02299  -0.09038   0.04016
  -0.02299  -0.09038  -0.19984
  -0.02299  -0.09038   0.04016
  -0.02299  -0.33038   0.04016
  -0.02299  -0.09038   0.04016
  -0.02299  -0.09038   0.04016
  -0.02299  -0.33038   0.04016
  -0.02299  -0.09038   0.04016
  -0.02299  -0.09038  -0.19984
  -0.02299  -0.09038   0.04016
   0.21701  -0.09038   0.04016
  -0.02299  -0.09038  -0.19984
  -0.02299  -0.09038   0.04016
  -0.02299  -0.09038  -0.19984
  -0.02299  -0.09038   0.04016
  -0.02299  -0.09038   0.04016
  -0.02299  -0.09038   0.04016
  -0.02299  -0.09038   0.04016
  -0.02299  -0.09038   0.04016
  -0.02299  -0.09038   0.04016
  -0.02299  -0.09038   0.04016
  -0.02299  -0.09038   0.04016
  -0.02299  -0.09038  -0.19984
  -0.02299  -0.09038   0.04016
  -0.02299  -0.09038   0.04016
  -0.02299  -0.09038   0.04016
  -0.02299  -0.09038   0.04016
  -0.02299  -0.09038  -0.19984
  -0.02299  -0.09038   0.04016
  -0.02299  -0.09038   0.04016
  -0.02299  -0.09038   0.04016
   0.21701   0.14962   0.04016
  -0.02299   0.14962   0.04016
  -0.02299  -0.09038   0.04016
  -0.02299   0.14962   0.04016
  -0.02299   0.14962   0.04016
  -0.02299   0.14962   0.04016
  -0.02299   0.14962   0.04016
  -0.02299   0.14962   0.04016
  -0.02299   0.14962   0.04016
  -0.02299   0.14962   0.04016
  -0.02299  -0.09038   0.04016
  -0.02299  -0.09038   0.04016
  -0.02299  -0.09038   0.04016
  -0.02299   0.14962   0.04016
  -0.02299   0.14962   0.04016
   0.21701   0.14962   0.04016
  -0.02299   0.14962   0.04016
  -0.02299   0.14962   0.04016
  -0.02299  -0.09038   0.04016
  -0.02299   0.14962   0.04016
  -0.02299  -0.09038   0.04016
  -0.02299  -0.09038   0.04016
  -0.02299   0.14962   0.04016
  -0.02299   0.14962   0.04016
  -0.02299   0.14962   0.04016
  -0.02299   0.14962   0.04016
  -0.02299  -0.09038   0.04016
  -0.02299   0.14962   0.04016
  -0.02299   0.14962   0.04016
  -0.02299   0.14962   0.04016
  -0.02299  -0.09038   0.04016
  -0.02299  -0.09038   0.04016
  -0.02299  -0.09038   0.04016
  -0.02299   0.14962   0.04016
  -0.02299   0.14962   0.04016
  -0.02299   0.14962   0.04016
  -0.02299  -0.09038   0.04016
  -0.02299   0.14962   0.04016
  -0.02299   0.14962   0.04016
  -0.02299   0.14962   0.04016
  -0.02299   0.14962  -0.19984
  -0.02299   0.14962   0.04016
  -0.02299   0.14962   0.04016
  -0.02299   0.14962   0.04016
  -0.02299   0.14962   0.04016
  -0.02299   0.14962   0.04016
  -0.02299   0.14962   0.04016
  -0.02299   0.14962   0.04016
  -0.02299   0.14962   0.28016
  -0.02299   0.14962   0.04016
  -0.02299   0.14962   0.04016
  -0.02299   0.14962   0.04016
  -0.02299   0.14962   0.04016
  -0.02299   0.14962   0.04016
  -0.02299   0.14962   0.04016
  -0.02299   0.14962   0.04016
  -0.02299   0.14962   0.04016
  -0.02299   0.14962   0.04016
  -0.02299   0.14962   0.04016
  -0.02299   0.14962   0.04016
  -0.02299   0.14962   0.04016
  -0.02299   0.14962   0.04016
  -0.02299   0.14962   0.04016
  -0.02299   0.14962   0.04016
  -0.02299  -0.09038   0.04016
  -0.02299   0.14962   0.04016
  -0.02299   0.14962   0.04016
  -0.02299   0.14962   0.04016
  -0.02299   0.14962   0.04016
  -0.02299   0.14962   0.04016
  -0.02299   0.14962   0.04016
  -0.02299   0.14962   0.04016
  -0.02299   0.14962   0.04016
  -0.02299   0.14962   0.04016
  -0.02299  -0.09038   0.04016
  -0.02299  -0.09038   0.04016
  -0.02299  -0.09038  -0.19984
  -0.02299   0.14962   0.04016
  -0.02299   0.14962   0.04016
  -0.02299   0.14962   0.04016
  -0.02299   0.14962   0.04016
  -0.02299   0.14962   0.04016
  -0.02299   0.14962   0.04016
  -0.02299   0.14962   0.04016
  -0.02299  -0.09038   0.04016
  -0.02299   0.14962   0.04016
  -0.02299  -0.09038   0.04016
  -0.02299   0.14962   0.04016
  -0.02299   0.14962  -0.19984
   0.21701   0.14962   0.04016
  -0.02299   0.14962   0.04016
  -0.02299   0.14962   0.04016
  -0.02299  -0.09038   0.04016
  -0.02299  -0.09038   0.04016
  -0.02299  -0.09038   0.04016
  -0.02299   0.14962   0.04016
  -0.02299   0.14962   0.04016
  -0.02299   0.14962   0.04016
  -0.02299  -0.09038   0.04016
  -0.02299   0.14962   0.04016
  -0.02299   0.14962   0.04016
  -0.02299   0.14962   0.04016
  -0.02299  -0.09038   0.04016
  -0.02299  -0.09038   0.04016
  -0.02299   0.14962   0.04016
  -0.02299   0.14962   0.04016
  -0.02299  -0.09038   0.04016
  -0.02299   0.14962   0.04016
  -0.02299  -0.09038   0.04016
  -0.02299   0.14962   0.04016
  -0.02299   0.14962   0.04016
  -0.02299   0.14962   0.04016
  -0.02299   0.14962   0.04016
  -0.02299   0.14962   0.04016
  -0.02299  -0.09038   0.04016
  -0.02299  -0.09038   0.04016
  -0.02299  -0.09038   0.04016
  -0.02299  -0.09038   0.04016
  -0.02299  -0.09038   0.04016
  -0.02299  -0.09038   0.04016
  -0.02299  -0.09038   0.04016
  -0.02299  -0.09038   0.04016
  -0.02299  -0.09038   0.04016
  -0.02299  -0.09038   0.04016
  -0.02299  -0.09038   0.04016
  -0.02299  -0.09038  -0.19984
  -0.02299  -0.09038   0.04016
  -0.02299   0.14962   0.04016
  -0.02299  -0.09038   0.04016
  -0.02299  -0.09038   0.04016
  -0.02299  -0.09038   0.04016
  -0.02299  -0.09038   0.04016
  -0.02299  -0.09038   0.04016
  -0.02299  -0.09038   0.04016
  -0.02299  -0.09038   0.04016
  -0.02299  -0.09038   0.04016
  -0.02299   0.14962   0.04016
  -0.02299   0.14962   0.04016
  -0.02299  -0.09038   0.04016
  -0.02299  -0.09038   0.04016
  -0.02299  -0.09038   0.04016
  -0.02299   0.14962   0.04016
  -0.02299  -0.09038   0.04016
  -0.02299   0.14962   0.04016
  -0.02299  -0.09038   0.04016
  -0.02299   0.14962   0.04016
  -0.02299  -0.09038   0.04016
  -0.02299  -0.09038   0.04016
  -0.02299  -0.09038  -0.19984
  -0.02299   0.14962  -0.19984
  -0.02299  -0.09038  -0.19984
  -0.02299   0.14962   0.04016
  -0.02299   0.14962   0.04016
  -0.02299   0.14962   0.04016
  -0.02299  -0.09038   0.04016
  -0.02299   0.14962   0.04016
  -0.02299  -0.09038   0.04016
  -0.02299  -0.09038   0.04016
  -0.02299  -0.09038  -0.19984
  -0.02299  -0.09038   0.04016
  -0.02299  -0.09038  -0.19984
  -0.02299   0.14962   0.04016
  -0.02299  -0.09038  -0.19984
  -0.02299  -0.09038   0.04016
  -0.02299  -0.09038  -0.19984
  -0.02299  -0.09038  -0.19984
  -0.02299  -0.33038  -0.19984
  -0.02299  -0.09038   0.04016
  -0.02299  -0.09038   0.04016
  -0.02299  -0.09038  -0.19984
  -0.02299  -0.09038  -0.19984
  -0.02299  -0.09038  -0.19984
  -0.26299  -0.09038  -0.19984
  -0.02299  -0.09038  -0.19984
  -0.02299  -0.09038  -0.19984
  -0.02299  -0.09038  -0.19984
  -0.02299  -0.09038   0.04016
  -0.02299  -0.09038   0.04016
  -0.26299  -0.09038  -0.19984
  -0.02299  -0.09038   0.04016
  -0.02299  -0.33038   0.04016
  -0.02299  -0.09038   0.04016
  -0.02299  -0.09038  -0.19984
  -0.02299  -0.09038  -0.19984
  -0.02299  -0.09038  -0.19984
  -0.02299  -0.09038  -0.19984
  -0.02299  -0.33038  -0.19984
  -0.02299  -0.09038   0.04016
  -0.26299  -0.33038  -0.19984
  -0.02299  -0.09038   0.04016
  -0.02299  -0.09038  -0.19984
  -0.02299  -0.09038   0.04016
  -0.02299  -0.09038  -0.19984
  -0.02299  -0.09038  -0.19984
  -0.02299  -0.09038  -0.19984
  -0.02299  -0.09038  -0.19984
  -0.26299  -0.09038  -0.19984
  -0.26299  -0.09038  -0.19984
  -0.26299  -0.09038  -0.19984
  -0.02299  -0.09038   0.04016
  -0.02299  -0.09038   0.04016
  -0.02299  -0.09038   0.04016
  -0.02299  -0.09038   0.04016
  -0.02299  -0.09038  -0.19984
  -0.02299  -0.09038  -0.19984
  -0.02299   0.14962   0.04016
  -0.02299  -0.09038  -0.19984
  -0.02299  -0.09038  -0.19984
  -0.02299  -0.09038  -0.19984
  -0.02299  -0.09038  -0.19984
  -0.02299  -0.09038   0.04016
  -0.02299  -0.09038   0.04016
  -0.02299  -0.09038  -0.19984
  -0.02299  -0.09038  -0.19984
  -0.02299  -0.09038  -0.19984
  -0.02299   0.14962  -0.19984
  -0.02299   0.14962  -0.19984
  -0.02299   0.14962  -0.19984
  -0.02299  -0.09038  -0.19984
  -0.26299   0.14962  -0.19984
  -0.02299   0.14962  -0.19984
  -0.26299   0.14962   0.04016
  -0.02299   0.14962   0.04016
  -0.02299   0.14962   0.04016
  -0.02299   0.14962   0.04016
  -0.02299   0.14962   0.04016
  -0.02299  -0.09038  -0.19984
  -0.02299   0.14962  -0.19984
  -0.02299  -0.09038  -0.19984
  -0.02299   0.14962  -0.19984
  -0.02299   0.14962  -0.19984
  -0.02299   0.14962   0.04016
  -0.02299   0.14962   0.04016
  -0.02299   0.14962   0.04016
  -0.02299   0.14962   0.04016
  -0.02299   0.14962   0.04016
  -0.02299   0.14962  -0.19984
  -0.02299   0.14962   0.04016
  -0.02299   0.14962  -0.19984
  -0.02299   0.14962  -0.19984
  -0.02299   0.14962  -0.19984
  -0.02299   0.14962  -0.19984
  -0.02299   0.14962  -0.19984
  -0.02299   0.14962  -0.19984
  -0.02299   0.14962   0.04016
  -0.02299   0.14962   0.04016
  -0.02299  -0.09038   0.04016
  -0.02299   0.14962   0.04016
  -0.02299   0.14962   0.04016
  -0.02299   0.14962   0.04016
  -0.02299   0.14962   0.04016
  -0.02299   0.14962  -0.19984
  -0.02299   0.14962  -0.19984
  -0.02299   0.14962  -0.19984
  -0.02299   0.14962  -0.19984
  -0.02299   0.14962  -0.19984
  -0.02299   0.14962  -0.19984
  -0.02299   0.14962   0.04016
  -0.02299   0.14962  -0.19984
  -0.02299   0.14962   0.04016
  -0.02299   0.14962  -0.19984
  -0.02299   0.14962   0.04016
  -0.02299   0.14962  -0.19984
  -0.02299   0.14962  -0.19984
  -0.02299   0.14962  -0.19984
  -0.02299   0.14962   0.04016
  -0.02299   0.14962  -0.19984
  -0.02299   0.14962   0.04016
  -0.02299   0.14962   0.04016
  -0.26299   0.14962   0.04016
  -0.02299  -0.09038   0.04016
  -0.02299   0.14962   0.04016
  -0.02299   0.14962  -0.19984
  -0.02299   0.14962  -0.19984
  -0.02299   0.14962  -0.19984
  -0.02299   0.14962   0.04016
  -0.02299  -0.09038  -0.19984
  -0.02299   0.14962  -0.19984
  -0.02299   0.14962   0.04016
  -0.02299   0.14962   0.04016
  -0.02299   0.14962  -0.19984
  -0.02299   0.14962   0.04016
  -0.02299   0.14962   0.04016
  -0.02299   0.14962   0.04016
  -0.02299  -0.09038  -0.19984
  -0.02299   0.14962   0.04016
  -0.02299   0.14962  -0.19984
  -0.02299   0.14962   0.04016
  -0.02299  -0.09038  -0.19984
  -0.02299   0.14962   0.04016
  -0.02299   0.14962   0.04016
  -0.02299   0.14962   0.04016
  -0.02299  -0.09038   0.04016
   0.21701   0.14962   0.04016
  -0.02299  -0.09038   0.04016
  -0.02299   0.14962   0.04016
  -0.02299   0.14962   0.04016
  -0.02299   0.14962   0.04016
  -0.02299   0.14962  -0.19984
  -0.02299   0.14962   0.04016
  -0.02299  -0.09038   0.04016
  -0.02299   0.14962   0.04016
  -0.02299  -0.09038   0.04016
  -0.02299   0.14962   0.04016
  -0.02299   0.14962   0.04016
  -0.02299  -0.09038   0.04016
  -0.02299  -0.09038   0.04016
  -0.02299  -0.09038   0.04016
  -0.02299  -0.09038  -0.19984
  -0.02299   0.14962   0.04016
  -0.02299  -0.09038  -0.19984
  -0.02299   0.14962   0.04016
  -0.02299  -0.09038   0.04016
  -0.02299  -0.09038   0.04016
  -0.02299  -0.09038   0.04016
  -0.02299  -0.09038   0.04016
  -0.02299  -0.09038  -0.19984
  -0.02299  -0.09038   0.04016
  -0.02299  -0.09038   0.04016
  -0.02299  -0.09038   0.04016
  -0.02299  -0.09038  -0.19984
  -0.02299  -0.09038   0.04016
  -0.02299  -0.09038  -0.19984
  -0.02299  -0.09038   0.04016
  -0.02299  -0.09038   0.04016
  -0.02299  -0.09038   0.04016
  -0.02299  -0.33038   0.04016
  -0.02299  -0.09038   0.04016
  -0.02299  -0.09038   0.04016
  -0.02299  -0.09038   0.04016
  -0.02299  -0.09038   0.04016
  -0.02299  -0.09038   0.04016
  -0.02299  -0.33038   0.04016
  -0.02299  -0.09038   0.04016
  -0.02299  -0.33038  -0.19984
  -0.02299  -0.09038   0.04016
  -0.02299  -0.09038   0.04016
  -0.02299  -0.09038   0.04016
  -0.02299  -0.09038   0.04016
  -0.02299  -0.09038   0.04016
  -0.02299  -0.33038   0.04016
  -0.02299  -0.09038   0.04016
  -0.02299  -0.33038   0.04016
  -0.02299  -0.09038   0.04016
  -0.02299  -0.09038   0.04016
  -0.02299  -0.09038   0.04016
  -0.02299  -0.09038   0.04016
  -0.02299  -0.09038   0.04016
  -0.02299  -0.09038   0.04016
  -0.02299  -0.09038   0.04016
  -0.02299  -0.09038   0.04016
  -0.02299  -0.09038   0.04016
  -0.02299  -0.09038   0.04016
  -0.02299  -0.09038   0.04016
  -0.02299  -0.09038   0.04016
  -0.02299  -0.09038   0.04016
  -0.02299  -0.09038   0.04016
  -0.02299  -0.09038   0.04016
  -0.02299  -0.09038   0.04016
  -0.02299  -0.09038   0.04016
  -0.02299  -0.09038   0.04016
  -0.02299  -0.09038   0.04016
  -0.02299  -0.09038   0.04016
  -0.02299  -0.09038   0.04016
  -0.02299  -0.09038   0.04016
  -0.02299  -0.09038   0.04016
  -0.02299  -0.09038   0.04016
  -0.02299  -0.09038   0.04016
  -0.02299  -0.09038   0.04016
  -0.02299  -0.09038   0.04016
  -0.02299  -0.09038   0.04016
  -0.02299  -0.09038   0.04016
  -0.02299  -0.09038   0.04016
  -0.02299  -0.09038   0.04016
  -0.02299  -0.09038   0.04016
  -0.02299  -0.09038   0.04016
  -0.02299  -0.09038   0.04016
  -0.02299  -0.09038   0.04016
  -0.02299  -0.09038   0.04016
  -0.02299  -0.09038   0.04016
  -0.02299  -0.09038   0.04016
  -0.02299  -0.09038   0.04016
  -0.02299  -0.09038   0.04016
  -0.02299  -0.09038   0.04016
  -0.02299  -0.09038   0.04016
  -0.02299   0.14962   0.04016
  -0.02299  -0.09038   0.04016
  -0.02299  -0.09038   0.04016
  -0.02299  -0.09038   0.04016
  -0.02299  -0.09038   0.04016
  -0.02299  -0.09038   0.04016
  -0.02299  -0.09038   0.04016
  -0.02299  -0.09038   0.04016
  -0.02299  -0.09038   0.04016
  -0.02299  -0.09038   0.04016
  -0.02299  -0.09038   0.04016
  -0.02299  -0.09038   0.04016
  -0.02299  -0.09038   0.04016
  -0.02299  -0.09038   0.04016
  -0.02299  -0.09038   0.04016
  -0.02299  -0.09038   0.04016
  -0.02299  -0.09038   0.04016
  -0.02299  -0.09038   0.04016
  -0.02299  -0.09038   0.04016
  -0.02299  -0.09038   0.04016
  -0.02299   0.14962   0.04016
  -0.02299  -0.09038   0.04016
  -0.02299   0.14962   0.04016
  -0.02299   0.14962   0.04016
  -0.02299   0.14962   0.28016
  -0.02299  -0.09038   0.04016
  -0.02299  -0.09038   0.04016
  -0.02299  -0.09038   0.04016
  -0.02299   0.14962   0.04016
  -0.02299  -0.09038   0.04016
  -0.02299   0.14962   0.04016
  -0.02299   0.14962   0.04016
  -0.02299   0.14962   0.04016
  -0.02299   0.14962   0.04016
  -0.02299  -0.09038   0.04016
  -0.02299  -0.09038   0.04016
  -0.02299   0.14962   0.28016
  -0.02299  -0.09038   0.04016
  -0.02299   0.14962   0.04016
  -0.02299   0.14962   0.28016
  -0.02299   0.14962   0.04016
  -0.02299  -0.09038   0.04016
  -0.02299   0.14962   0.04016
  -0.02299  -0.09038   0.04016
  -0.02299   0.14962   0.04016
  -0.02299  -0.09038   0.04016
  -0.02299   0.14962   0.28016
  -0.02299   0.14962   0.04016
  -0.02299   0.14962   0.28016
  -0.02299   0.14962   0.28016
  -0.02299   0.14962   0.28016
  -0.02299   0.14962   0.28016
  -0.02299   0.14962   0.04016
  -0.02299  -0.09038   0.04016
  -0.02299   0.14962   0.04016
  -0.02299   0.14962   0.28016
  -0.02299   0.14962   0.04016
  -0.02299  -0.09038   0.04016
  -0.02299   0.14962   0.28016
  -0.02299  -0.09038   0.04016
  -0.02299   0.14962   0.04016
  -0.02299  -0.09038   0.28016
  -0.02299  -0.09038   0.28016
  -0.02299  -0.09038   0.04016
  -0.02299   0.14962   0.28016
  -0.02299  -0.09038   0.04016
  -0.02299   0.14962   0.04016
