********************************************************************************
               CENTRO DE INSTRUMENTACION Y REGISTRO SISMICO  A.C.  
                       Coordinacion de Servicios Tecnicos
     Anaxagoras 814, Col. Narvarte, Benito Juarez, C.P. 03020 Mexico, D.F.
            Tels. 667 45 42/ 687 45  82             Fax. 669 25 12
********************************************************************************
ARCHIVO ESTANDAR DE ACELERACION:
VERSION DEL FORMATO                    : 2.0
NOMBRE DEL ARCHIVO                     : SP510212.101
FECHA Y HORA DE CREACION               : 13/JUL/04, 9:25
REF. CATALOGO ACELEROGRAMAS, SMIS 1996 : REGISTRO No.     /PAG.


================================================================================
DATOS DE LA ESTACION:
NOMBRE DE LA ESTACION                  : SECTOR POPULAR
CLAVE DE LA ESTACION                   : SP51
LOCALIZACION DE LA ESTACION            : ESCUELA PRIMARIA ALBERTO MAZ FERRER,
                                       : ORIENTE 160 Y SUR 103-A, SECTOR
                                       : POPULAR.
                                       :
                                       :
COORDENADAS DE LA ESTACION             : 19.366 LAT. N 
                                       : 99.119 LONG. W 
ALTITUD (msnm)                         : 2234
TIPO DE SUELO                          : TERRENO BLANDO, MATERIAL COMPRESIBLE
                                       : (ARCILLAS)
                                       : 
INSTITUCION RESPONSABLE                : CIRES 
                                       :

================================================================================
DATOS DEL ACELEROGRAFO:
MODELO DEL ACELEROGRAFO                : SSA-1
NUMERO DE SERIE DEL ACELEROGRAFO       : 177
NUMERO DE CANALES                      : 3
ORIENTACION C1-C6 (rumbo;orientacion)  : /N00E/+V/N90E
ORIENTACION C7-C12 (rumbo;orientacion) :
VEL. DE MUESTREO, C1-C6 (muestras/s)   : /200/200/200
VEL. DE MUESTREO, C7-C12 (muestras/s)  :
ESC. COMPLETA DE SENSORES, C1-C6, (g)  : /2/2/2
ESC. COMPLETA DE SENSORES, C7-C12, (g) :
FREC. NAT. DE SENSORES, C1-C6, (Hz)    : /52.67/53.32/56.11
FREC. NAT. DE SENSORES, C7-C12, (Hz)   :
AMORTIGUAMIENTO DE SENSORES, C1-C6     : /.6053/.5865/.6038
AMORTIGUAMIENTO DE SENSORES, C7-C12    :
INTERVALO DE MUESTREO, C1-C6, (s)      : /0.005/0.005/0.005
INTERVALO DE MUESTREO, C7-C12, (s)     :
UMBRAL DE DISPARO, C1-C6, (Gal)        : /1/1.5/1
UMBRAL DE DISPARO, C7-C12, (Gal)       :
MEMORIA DE PREEVENTO (s)               : 15
TIEMPO DE POSEVENTO (s)                : 60


================================================================================
DATOS DEL SISMO:
FECHA DEL SISMO (GMT)                  : 10/DIC/02
HORA EPICENTRO (GMT)                   : 03:09:35,2
MAGNITUD(ES)                           : /Mb=5.1/Ms=0.0/Mc=5.1/Ma=5.3/Me=5.5
COORDENADAS DEL EPICENTRO              : 17.41 LAT. N
                                       : 101.26 LONG. W
PROFUNDIDAD FOCAL (km)                 : 29
FUENTE DE LOS DATOS EPICENTRALES       : SSN
                                       : INSTITUTO DE GEOFISICA, UNAM 

================================================================================
DATOS DE ESTE REGISTRO:
HORA DE LA PRIMERA MUESTRA (GMT)       : 03:11:03.00
EXACTITUD DEL TIEMPO (s)               :     
DURACION DEL REGISTRO (s), C1-C6       : /99.84/99.84/99.84
DURACION DEL REGISTRO (s), C7-C12      :
NUM. TOTAL DE MUESTRAS, C1-C6          : /19968/19968/19968
NUM. TOTAL DE MUESTRAS, C7-C12         :
ACEL. MAX. (Gal), C1-C6                : /2.74050/-0.55329/-2.28095
ACEL. MAX., C1-C6, EN LA MUESTRA       :
ACEL. MAX. (Gal), C7-C12               :
ACEL. MAX., C7-C12, EN LA MUESTRA      :
UNIDADES DE LOS DATOS                  : Gal (cm/s/s)
FACTOR DE DECIMACION                   : 1
FORMATO DATOS (FORTRAN,10 campos/dato) : 3F10.5


================================================================================
CALIDAD DEL ACELEROGRAMA:
REGISTRO DIGITAL COMPLETO, CARECE DE TIEMPO ABSOLUTO.


================================================================================
COMENTARIOS:














================================================================================
DATOS DE ACELERACION:
---------+---------+---------+---------+---------+---------+---------+---------+
   CANAL-1   CANAL-2   CANAL-3   CANAL-4   CANAL-5   CANAL-6   CANAL-7   CANAL-8
      N00E        +V      N90E
---------+---------+---------+---------+---------+---------+---------+---------+
   0.10050  -0.08329  -0.12095
  -0.13950  -0.08329  -0.12095
   0.10050  -0.08329  -0.12095
  -0.13950  -0.08329  -0.12095
  -0.13950  -0.08329  -0.12095
  -0.13950  -0.08329  -0.12095
  -0.13950  -0.08329  -0.12095
   0.10050  -0.08329  -0.12095
  -0.13950  -0.08329  -0.12095
   0.10050  -0.08329  -0.12095
  -0.13950  -0.08329  -0.12095
   0.10050  -0.08329  -0.12095
   0.10050  -0.08329  -0.12095
   0.10050  -0.08329  -0.12095
   0.10050  -0.08329  -0.12095
  -0.13950  -0.08329  -0.12095
   0.10050  -0.08329  -0.12095
   0.10050  -0.08329  -0.12095
   0.10050  -0.08329  -0.12095
   0.10050  -0.08329  -0.60095
   0.10050  -0.08329  -0.12095
   0.10050  -0.08329  -0.12095
   0.10050  -0.08329  -0.12095
   0.10050  -0.08329  -0.12095
   0.10050  -0.08329  -0.12095
   0.10050  -0.08329  -0.12095
   0.10050   0.15671  -0.12095
   0.10050   0.15671  -0.12095
  -0.13950   0.15671  -0.12095
   0.10050   0.15671  -0.12095
   0.10050   0.15671  -0.12095
  -0.13950   0.15671  -0.12095
  -0.13950   0.15671  -0.12095
  -0.13950   0.15671  -0.12095
  -0.13950   0.15671  -0.12095
  -0.13950   0.15671  -0.12095
  -0.13950  -0.08329  -0.12095
  -0.13950   0.15671  -0.12095
  -0.13950   0.15671  -0.12095
  -0.13950   0.15671  -0.12095
  -0.13950   0.15671  -0.12095
  -0.13950   0.15671  -0.12095
  -0.61950   0.15671  -0.12095
  -0.13950   0.15671  -0.12095
  -0.13950   0.15671  -0.12095
  -0.13950   0.15671  -0.12095
  -0.13950   0.15671  -0.12095
  -0.13950   0.15671  -0.12095
  -0.13950   0.15671  -0.12095
  -0.13950   0.15671  -0.12095
  -0.13950   0.15671  -0.12095
  -0.13950   0.15671  -0.12095
  -0.13950   0.15671  -0.12095
  -0.13950   0.15671  -0.12095
  -0.13950   0.15671  -0.12095
  -0.13950   0.15671  -0.12095
  -0.13950   0.15671  -0.12095
  -0.37950  -0.08329  -0.12095
  -0.13950   0.15671  -0.12095
  -0.37950  -0.08329  -0.12095
  -0.37950   0.15671  -0.12095
  -0.37950  -0.08329  -0.12095
  -0.37950  -0.08329  -0.60095
  -0.37950  -0.08329  -0.12095
  -0.37950  -0.08329  -0.12095
  -0.37950  -0.08329  -0.12095
  -0.37950  -0.08329  -0.12095
  -0.37950  -0.08329  -0.12095
  -0.37950  -0.08329  -0.12095
  -0.37950  -0.08329  -0.36095
  -0.37950  -0.08329  -0.12095
  -0.37950  -0.08329  -0.12095
  -0.37950  -0.32329  -0.36095
  -0.37950  -0.08329  -0.12095
  -0.37950  -0.08329  -0.12095
  -0.37950  -0.08329  -0.36095
  -0.37950  -0.08329  -0.12095
  -0.37950  -0.08329  -0.12095
  -0.37950  -0.08329  -0.12095
  -0.37950  -0.08329  -0.12095
  -0.37950  -0.08329  -0.12095
  -0.37950  -0.08329  -0.12095
  -0.37950  -0.08329  -0.36095
  -0.37950  -0.08329  -0.36095
  -0.13950  -0.08329  -0.36095
  -0.37950  -0.08329  -0.36095
  -0.37950  -0.08329  -0.12095
  -0.13950  -0.08329  -0.36095
  -0.13950  -0.08329  -0.36095
  -0.13950  -0.08329  -0.36095
  -0.13950  -0.08329  -0.36095
  -0.13950  -0.08329  -0.36095
  -0.13950  -0.08329  -0.36095
  -0.13950  -0.08329  -0.36095
  -0.13950  -0.08329  -0.36095
  -0.13950  -0.08329  -0.36095
   0.10050  -0.08329  -0.36095
   0.10050  -0.08329  -0.36095
   0.10050  -0.08329  -0.36095
   0.10050  -0.08329  -0.36095
   0.10050  -0.08329  -0.36095
   0.10050  -0.08329  -0.36095
   0.10050  -0.08329  -0.36095
   0.10050   0.15671  -0.36095
   0.10050  -0.08329  -0.36095
   0.10050  -0.08329  -0.36095
   0.10050   0.15671  -0.12095
   0.10050  -0.08329  -0.36095
   0.10050  -0.08329  -0.12095
   0.10050  -0.08329  -0.12095
   0.10050  -0.08329  -0.12095
   0.10050  -0.08329  -0.12095
   0.34050  -0.08329  -0.12095
   0.34050  -0.08329  -0.12095
   0.34050  -0.08329  -0.12095
   0.34050   0.15671  -0.12095
   0.34050   0.15671  -0.12095
   0.10050  -0.08329  -0.12095
   0.34050  -0.08329  -0.12095
   0.34050  -0.08329  -0.12095
   0.34050   0.15671  -0.12095
   0.10050   0.15671  -0.12095
   0.34050   0.15671  -0.12095
   0.34050   0.15671  -0.12095
   0.34050   0.15671  -0.12095
   0.34050   0.15671  -0.12095
   0.34050   0.15671  -0.12095
   0.34050   0.15671  -0.12095
   0.34050   0.15671  -0.12095
   0.34050   0.15671  -0.12095
   0.34050  -0.08329  -0.12095
   0.34050   0.15671  -0.12095
   0.34050   0.15671  -0.12095
   0.34050  -0.08329  -0.12095
   0.34050  -0.08329  -0.12095
   0.34050  -0.08329   0.11905
   0.34050   0.15671  -0.12095
   0.34050  -0.08329  -0.12095
   0.34050   0.15671  -0.12095
   0.34050   0.15671   0.11905
   0.34050   0.15671   0.11905
   0.34050   0.15671   0.11905
   0.34050   0.15671   0.11905
   0.10050   0.15671   0.11905
   0.34050  -0.08329   0.11905
   0.34050   0.15671   0.11905
   0.34050   0.15671   0.11905
   0.34050   0.15671   0.11905
   0.34050  -0.08329   0.11905
   0.34050   0.15671   0.11905
   0.34050  -0.08329   0.11905
   0.34050  -0.08329   0.11905
   0.34050  -0.08329   0.11905
   0.34050  -0.08329   0.11905
   0.34050  -0.08329   0.11905
   0.34050  -0.08329   0.11905
   0.34050  -0.08329   0.11905
   0.34050  -0.08329  -0.12095
   0.34050  -0.08329   0.11905
   0.34050  -0.08329   0.11905
   0.10050  -0.08329   0.11905
   0.34050  -0.08329   0.11905
   0.34050  -0.08329   0.11905
   0.34050  -0.08329  -0.12095
   0.10050  -0.08329   0.11905
   0.34050  -0.08329   0.11905
   0.34050  -0.08329   0.11905
   0.34050  -0.08329   0.11905
   0.34050  -0.08329  -0.12095
   0.34050  -0.08329   0.11905
   0.34050  -0.08329   0.11905
   0.34050  -0.08329   0.11905
   0.10050  -0.08329   0.11905
   0.10050  -0.08329   0.11905
   0.10050  -0.08329   0.11905
   0.10050  -0.08329   0.11905
   0.10050  -0.08329   0.11905
   0.10050  -0.08329   0.11905
   0.10050  -0.08329   0.11905
   0.10050  -0.08329   0.11905
   0.10050  -0.08329   0.11905
   0.10050  -0.08329   0.11905
   0.10050  -0.08329   0.11905
   0.10050  -0.08329   0.11905
  -0.13950  -0.08329   0.11905
   0.10050  -0.08329  -0.60095
  -0.13950  -0.08329   0.11905
  -0.13950  -0.08329   0.11905
  -0.13950  -0.08329  -0.12095
  -0.13950  -0.08329  -0.12095
  -0.13950  -0.08329  -0.12095
  -0.13950  -0.08329  -0.12095
  -0.13950  -0.08329  -0.12095
  -0.13950  -0.08329  -0.12095
  -0.13950  -0.08329  -0.12095
  -0.13950  -0.08329   0.11905
  -0.37950  -0.08329  -0.12095
  -0.13950  -0.08329   0.11905
  -0.13950  -0.08329  -0.12095
  -0.13950  -0.08329  -0.12095
  -0.37950  -0.08329  -0.12095
  -0.13950  -0.08329  -0.12095
  -0.13950  -0.08329  -0.12095
  -0.13950  -0.08329  -0.12095
  -0.13950  -0.08329  -0.12095
  -0.13950  -0.08329  -0.12095
  -0.13950  -0.08329  -0.12095
  -0.13950  -0.08329  -0.12095
  -0.13950  -0.08329  -0.12095
  -0.13950  -0.08329  -0.12095
  -0.13950   0.15671  -0.12095
  -0.13950   0.15671  -0.12095
  -0.13950   0.15671   0.11905
  -0.13950   0.15671   0.11905
   0.10050   0.15671   0.11905
   0.10050   0.15671   0.11905
  -0.13950   0.15671   0.11905
   0.10050   0.15671   0.11905
   0.10050   0.15671   0.11905
   0.10050   0.15671   0.11905
   0.10050   0.15671   0.11905
   0.10050   0.15671   0.11905
   0.10050   0.15671   0.11905
   0.10050   0.15671   0.11905
   0.10050  -0.08329   0.11905
   0.10050   0.15671   0.11905
   0.10050  -0.08329   0.11905
   0.10050  -0.08329   0.11905
   0.10050  -0.08329   0.35905
   0.10050   0.15671   0.35905
   0.10050  -0.08329   0.35905
   0.10050  -0.08329   0.11905
   0.10050  -0.08329   0.35905
   0.10050  -0.08329   0.35905
   0.10050  -0.08329   0.11905
   0.10050  -0.08329   0.35905
   0.10050  -0.08329   0.11905
   0.10050  -0.08329   0.11905
   0.10050  -0.08329   0.11905
   0.10050  -0.08329   0.11905
   0.10050  -0.08329   0.11905
   0.10050  -0.08329   0.11905
   0.10050  -0.08329   0.11905
   0.10050  -0.08329   0.11905
   0.34050  -0.08329   0.11905
   0.34050  -0.08329   0.11905
   0.34050  -0.08329   0.11905
   0.34050  -0.08329   0.11905
   0.34050  -0.08329   0.11905
   0.34050  -0.08329   0.11905
   0.34050  -0.08329   0.11905
   0.34050  -0.08329   0.11905
   0.34050   0.15671   0.11905
   0.34050  -0.08329   0.11905
   0.34050   0.15671   0.11905
   0.34050   0.15671   0.11905
   0.34050   0.15671   0.11905
   0.34050   0.15671   0.11905
   0.10050   0.15671   0.11905
   0.10050   0.15671   0.11905
   0.10050   0.15671   0.11905
   0.10050   0.15671   0.11905
   0.10050   0.15671   0.11905
   0.10050   0.15671   0.11905
   0.10050   0.15671   0.11905
   0.10050   0.15671   0.11905
   0.10050   0.15671   0.11905
   0.10050   0.15671   0.11905
   0.10050   0.15671   0.11905
   0.10050   0.15671   0.11905
   0.10050   0.15671   0.11905
   0.10050   0.15671   0.11905
   0.10050   0.15671   0.11905
   0.10050   0.15671   0.11905
   0.10050   0.15671   0.11905
   0.10050  -0.08329   0.11905
   0.10050   0.15671   0.11905
   0.10050  -0.08329   0.11905
   0.10050  -0.08329   0.11905
   0.10050  -0.08329   0.11905
   0.10050  -0.08329   0.11905
   0.10050  -0.08329  -0.12095
   0.10050  -0.08329  -0.12095
   0.10050  -0.08329  -0.12095
   0.10050  -0.08329  -0.12095
   0.10050  -0.08329  -0.12095
   0.10050  -0.08329  -0.12095
   0.10050  -0.08329  -0.12095
   0.10050  -0.08329  -0.12095
   0.10050  -0.08329  -0.12095
   0.10050  -0.08329  -0.12095
   0.10050  -0.08329  -0.12095
   0.10050  -0.08329  -0.12095
  -0.13950  -0.08329  -0.12095
   0.10050  -0.08329  -0.12095
  -0.13950  -0.08329  -0.12095
  -0.13950  -0.08329  -0.12095
  -0.13950  -0.08329  -0.12095
  -0.13950  -0.08329  -0.12095
  -0.13950  -0.08329  -0.12095
  -0.13950  -0.08329  -0.12095
  -0.13950  -0.08329  -0.12095
  -0.13950  -0.08329  -0.12095
  -0.13950  -0.08329  -0.12095
  -0.13950  -0.08329  -0.12095
  -0.13950  -0.08329  -0.12095
  -0.13950  -0.08329  -0.12095
  -0.13950  -0.08329  -0.12095
  -0.13950  -0.08329  -0.12095
  -0.37950  -0.08329  -0.12095
  -0.37950   0.15671  -0.12095
  -0.37950  -0.08329  -0.12095
  -0.37950  -0.08329  -0.12095
  -0.37950  -0.08329  -0.12095
  -0.37950   0.15671  -0.12095
  -0.37950   0.15671  -0.12095
  -0.37950  -0.08329  -0.12095
  -0.37950   0.15671  -0.12095
  -0.37950   0.15671  -0.12095
  -0.37950  -0.08329  -0.12095
  -0.37950   0.15671  -0.12095
  -0.37950   0.15671  -0.12095
  -0.37950   0.15671  -0.12095
  -0.37950   0.15671  -0.12095
  -0.37950   0.15671  -0.12095
  -0.37950   0.15671  -0.12095
  -0.37950   0.15671  -0.12095
  -0.37950   0.15671  -0.12095
  -0.37950   0.15671  -0.12095
  -0.37950   0.15671  -0.12095
  -0.37950  -0.08329  -0.12095
  -0.37950  -0.08329  -0.12095
  -0.37950   0.15671  -0.12095
  -0.37950   0.15671  -0.12095
  -0.37950   0.15671  -0.12095
  -0.37950   0.15671  -0.12095
  -0.37950   0.15671  -0.12095
  -0.37950   0.15671  -0.12095
  -0.37950   0.15671  -0.12095
  -0.37950   0.15671  -0.12095
  -0.37950   0.15671  -0.12095
  -0.37950  -0.08329  -0.12095
  -0.37950  -0.08329  -0.12095
  -0.37950  -0.08329  -0.12095
  -0.37950  -0.08329  -0.12095
  -0.37950  -0.08329  -0.12095
  -0.37950  -0.08329  -0.12095
  -0.37950  -0.08329  -0.12095
  -0.37950  -0.08329  -0.12095
  -0.37950  -0.08329  -0.12095
  -0.37950  -0.08329  -0.12095
  -0.37950  -0.08329  -0.12095
  -0.37950  -0.08329  -0.12095
  -0.37950  -0.08329  -0.12095
  -0.37950  -0.08329  -0.12095
  -0.37950  -0.08329  -0.12095
  -0.37950  -0.08329  -0.12095
  -0.37950  -0.08329  -0.12095
  -0.37950  -0.08329  -0.12095
  -0.37950  -0.08329  -0.12095
  -0.37950  -0.08329  -0.12095
  -0.37950  -0.08329  -0.12095
  -0.37950  -0.08329  -0.12095
  -0.37950  -0.08329  -0.12095
  -0.37950  -0.08329  -0.12095
  -0.37950  -0.08329  -0.12095
  -0.37950  -0.08329  -0.12095
  -0.37950  -0.08329  -0.12095
  -0.37950  -0.08329  -0.12095
  -0.13950   0.15671  -0.12095
  -0.37950   0.15671  -0.12095
  -0.13950  -0.08329  -0.12095
  -0.37950   0.15671  -0.12095
  -0.37950   0.15671  -0.12095
  -0.13950   0.15671  -0.12095
  -0.13950   0.15671  -0.12095
  -0.13950   0.15671  -0.12095
  -0.13950   0.15671  -0.12095
  -0.37950   0.15671  -0.36095
  -0.13950   0.15671  -0.12095
  -0.61950   0.15671  -0.12095
  -0.13950   0.15671  -0.12095
  -0.37950   0.15671  -0.12095
  -0.13950   0.15671  -0.12095
  -0.13950   0.15671  -0.12095
  -0.13950   0.15671  -0.12095
  -0.13950   0.15671  -0.12095
  -0.13950   0.15671  -0.12095
  -0.13950   0.15671  -0.12095
  -0.13950   0.15671  -0.12095
  -0.13950   0.15671  -0.12095
  -0.13950   0.15671  -0.12095
  -0.61950   0.15671  -0.12095
  -0.13950   0.15671  -0.12095
  -0.13950   0.15671  -0.12095
  -0.13950   0.15671  -0.12095
  -0.13950   0.15671  -0.12095
  -0.13950   0.15671  -0.12095
  -0.13950   0.15671  -0.12095
  -0.13950   0.15671  -0.12095
  -0.13950   0.15671  -0.12095
   0.10050   0.15671  -0.12095
  -0.13950   0.15671  -0.12095
  -0.13950   0.15671  -0.12095
   0.10050   0.15671  -0.12095
  -0.13950  -0.08329  -0.12095
   0.10050  -0.08329  -0.12095
   0.10050  -0.08329  -0.12095
   0.10050  -0.08329  -0.12095
   0.10050  -0.08329  -0.12095
   0.10050  -0.08329  -0.12095
   0.10050  -0.08329  -0.12095
   0.10050  -0.08329  -0.12095
   0.10050  -0.08329  -0.12095
   0.10050  -0.08329  -0.12095
   0.10050  -0.08329  -0.12095
   0.10050  -0.08329  -0.12095
   0.10050  -0.08329  -0.12095
   0.10050  -0.08329  -0.12095
   0.10050  -0.08329  -0.12095
   0.10050  -0.08329  -0.12095
   0.10050  -0.08329  -0.12095
   0.10050  -0.08329  -0.12095
  -0.13950  -0.08329  -0.12095
   0.10050  -0.08329  -0.12095
   0.10050  -0.08329  -0.12095
   0.10050  -0.08329  -0.12095
   0.10050  -0.08329  -0.12095
   0.10050  -0.08329  -0.12095
   0.10050  -0.08329  -0.12095
   0.10050  -0.08329  -0.12095
   0.10050  -0.08329  -0.12095
   0.10050   0.15671  -0.12095
   0.10050   0.15671  -0.12095
   0.10050   0.15671  -0.12095
   0.10050   0.15671  -0.12095
   0.10050   0.15671  -0.12095
   0.10050   0.15671  -0.12095
   0.10050   0.15671  -0.12095
   0.10050   0.15671  -0.12095
   0.10050   0.15671  -0.12095
   0.10050  -0.08329  -0.12095
   0.10050   0.15671  -0.12095
   0.10050   0.15671  -0.12095
   0.10050   0.15671  -0.12095
   0.10050  -0.08329  -0.12095
   0.10050  -0.08329  -0.12095
   0.34050  -0.08329  -0.12095
   0.10050  -0.08329  -0.12095
   0.10050  -0.08329  -0.12095
   0.10050  -0.08329  -0.12095
   0.10050  -0.08329  -0.12095
   0.10050  -0.08329  -0.12095
   0.10050  -0.08329  -0.12095
   0.10050  -0.08329  -0.12095
   0.10050  -0.08329  -0.12095
   0.10050  -0.08329  -0.12095
   0.10050  -0.08329  -0.12095
   0.10050  -0.08329  -0.36095
   0.10050  -0.08329  -0.12095
   0.10050  -0.08329  -0.12095
   0.10050  -0.08329  -0.12095
   0.10050  -0.08329  -0.12095
   0.10050  -0.08329  -0.12095
   0.10050  -0.08329  -0.12095
   0.10050  -0.08329  -0.12095
   0.10050  -0.08329  -0.12095
   0.10050  -0.08329  -0.12095
   0.10050  -0.08329  -0.12095
   0.10050  -0.08329  -0.12095
   0.10050  -0.08329  -0.12095
   0.10050  -0.08329  -0.12095
   0.10050  -0.08329  -0.12095
   0.10050  -0.08329  -0.12095
   0.10050  -0.08329  -0.12095
   0.10050  -0.08329  -0.12095
   0.10050  -0.08329  -0.12095
   0.10050  -0.08329  -0.12095
   0.34050   0.15671  -0.12095
   0.34050  -0.08329  -0.12095
   0.10050  -0.08329  -0.12095
   0.10050  -0.08329  -0.12095
   0.34050   0.15671  -0.36095
   0.34050  -0.08329  -0.12095
   0.34050  -0.08329  -0.12095
   0.34050  -0.08329  -0.12095
   0.34050   0.15671  -0.12095
   0.34050   0.15671  -0.12095
   0.34050   0.15671  -0.12095
   0.10050   0.15671  -0.12095
   0.34050   0.15671  -0.12095
   0.34050   0.15671  -0.12095
   0.34050   0.15671  -0.12095
   0.10050   0.15671  -0.12095
   0.34050   0.15671  -0.12095
   0.10050   0.15671  -0.12095
   0.10050   0.15671   0.11905
   0.10050  -0.08329   0.11905
   0.10050  -0.32329  -0.12095
   0.10050  -0.08329   0.11905
   0.10050  -0.08329   0.11905
   0.10050  -0.08329   0.11905
   0.10050  -0.08329   0.11905
   0.10050  -0.08329   0.11905
   0.10050  -0.08329   0.11905
   0.10050  -0.08329   0.11905
   0.10050  -0.08329   0.11905
   0.10050  -0.08329   0.11905
   0.10050  -0.08329   0.11905
   0.10050  -0.08329   0.11905
   0.10050  -0.08329   0.11905
   0.10050  -0.08329   0.11905
   0.10050  -0.08329   0.11905
   0.34050  -0.08329   0.11905
   0.34050  -0.08329   0.11905
   0.34050  -0.08329   0.11905
   0.34050  -0.08329   0.11905
   0.34050  -0.08329   0.11905
   0.34050  -0.32329   0.11905
   0.34050  -0.32329   0.11905
   0.34050  -0.08329   0.11905
   0.34050  -0.08329   0.11905
   0.34050  -0.08329   0.11905
   0.34050  -0.08329   0.11905
   0.34050  -0.08329   0.11905
   0.34050  -0.08329   0.11905
   0.34050  -0.08329   0.11905
   0.10050  -0.08329   0.11905
   0.34050  -0.08329   0.11905
   0.34050  -0.08329   0.11905
   0.10050   0.15671   0.11905
   0.10050  -0.08329   0.11905
   0.34050  -0.08329   0.11905
   0.34050   0.15671   0.11905
   0.34050   0.15671   0.11905
   0.34050   0.15671   0.11905
   0.34050   0.15671   0.11905
   0.34050   0.15671   0.11905
   0.34050   0.15671   0.11905
  -0.13950   0.15671   0.11905
   0.34050   0.15671   0.11905
  -0.13950   0.15671   0.11905
   0.34050   0.15671   0.11905
   0.34050   0.15671   0.11905
   0.34050   0.15671   0.11905
   0.10050   0.15671   0.11905
   0.10050   0.15671   0.11905
   0.10050   0.15671   0.11905
   0.34050   0.15671   0.11905
   0.10050   0.15671   0.11905
   0.10050   0.15671   0.11905
   0.34050   0.15671  -0.12095
   0.10050   0.15671   0.11905
   0.10050  -0.08329  -0.12095
   0.10050  -0.08329   0.11905
   0.10050  -0.08329   0.11905
   0.34050  -0.08329  -0.12095
   0.10050  -0.08329   0.11905
   0.10050  -0.08329   0.11905
   0.10050  -0.08329   0.11905
   0.10050  -0.08329   0.11905
   0.10050  -0.08329   0.11905
   0.10050  -0.08329   0.11905
   0.10050  -0.08329   0.11905
   0.10050  -0.08329   0.11905
   0.10050  -0.08329   0.11905
   0.10050  -0.08329   0.11905
   0.10050  -0.08329   0.11905
   0.10050  -0.08329   0.11905
   0.10050  -0.08329   0.11905
   0.10050  -0.08329   0.11905
   0.10050  -0.08329   0.11905
   0.10050  -0.08329   0.11905
   0.10050  -0.08329   0.11905
   0.10050  -0.08329   0.11905
   0.10050  -0.08329   0.11905
   0.10050  -0.08329   0.11905
   0.10050  -0.08329   0.11905
   0.10050  -0.08329   0.11905
  -0.13950  -0.08329   0.11905
   0.10050  -0.08329   0.11905
   0.10050  -0.08329   0.11905
   0.10050  -0.08329   0.11905
  -0.13950  -0.08329   0.11905
  -0.13950  -0.08329   0.11905
  -0.13950  -0.08329   0.11905
  -0.13950  -0.08329   0.11905
  -0.13950   0.15671   0.11905
  -0.13950   0.15671   0.11905
  -0.13950   0.15671   0.11905
  -0.13950   0.15671   0.11905
  -0.13950  -0.08329   0.11905
  -0.13950   0.15671   0.11905
  -0.13950   0.15671  -0.12095
  -0.13950  -0.08329  -0.12095
  -0.13950  -0.08329  -0.12095
  -0.13950  -0.08329  -0.12095
  -0.13950  -0.08329   0.11905
  -0.13950  -0.08329  -0.12095
  -0.13950  -0.08329  -0.12095
  -0.13950  -0.08329   0.11905
  -0.13950  -0.08329   0.11905
  -0.13950  -0.08329   0.11905
  -0.13950  -0.08329   0.11905
  -0.13950  -0.08329   0.11905
  -0.13950  -0.08329   0.11905
  -0.13950   0.15671   0.11905
  -0.13950   0.15671   0.11905
  -0.13950  -0.08329   0.11905
  -0.13950  -0.08329   0.11905
  -0.13950  -0.08329   0.11905
  -0.13950  -0.08329   0.11905
  -0.13950  -0.08329   0.11905
  -0.13950  -0.08329   0.11905
  -0.13950  -0.08329   0.11905
  -0.13950  -0.08329   0.11905
  -0.13950  -0.08329   0.11905
  -0.13950  -0.08329   0.11905
  -0.13950  -0.08329   0.11905
  -0.13950  -0.08329   0.11905
  -0.13950  -0.08329   0.11905
  -0.37950  -0.08329   0.11905
  -0.13950  -0.08329   0.11905
  -0.13950  -0.08329   0.11905
  -0.13950  -0.08329   0.11905
  -0.13950  -0.32329   0.11905
  -0.13950  -0.08329   0.11905
  -0.13950  -0.08329   0.11905
  -0.13950  -0.08329  -0.12095
  -0.13950  -0.08329   0.11905
  -0.13950  -0.08329  -0.12095
   0.10050  -0.08329   0.11905
   0.10050  -0.08329   0.11905
   0.10050  -0.08329   0.11905
   0.10050  -0.08329   0.11905
   0.10050  -0.32329   0.11905
   0.10050  -0.32329   0.11905
   0.10050  -0.08329   0.11905
   0.10050  -0.08329   0.11905
   0.10050  -0.08329   0.11905
   0.10050  -0.32329  -0.12095
   0.10050  -0.08329  -0.12095
   0.10050  -0.08329  -0.12095
   0.10050  -0.08329   0.11905
  -0.13950  -0.08329   0.11905
  -0.13950  -0.55329  -0.12095
  -0.13950  -0.08329  -0.12095
  -0.13950   0.15671  -0.12095
  -0.13950   0.15671  -0.12095
  -0.13950  -0.08329  -0.12095
  -0.13950   0.15671  -0.12095
  -0.13950   0.15671  -0.12095
  -0.13950  -0.08329  -0.12095
  -0.13950   0.15671  -0.12095
  -0.13950   0.15671  -0.12095
  -0.13950   0.15671  -0.12095
  -0.37950   0.15671  -0.12095
  -0.37950   0.15671  -0.12095
  -0.37950   0.39671  -0.12095
  -0.37950   0.15671  -0.12095
  -0.37950   0.39671  -0.12095
  -0.37950   0.39671  -0.12095
  -0.37950   0.15671  -0.12095
  -0.37950   0.39671  -0.12095
  -0.37950   0.39671  -0.60095
  -0.37950   0.15671  -0.12095
  -0.37950   0.39671  -0.12095
  -0.37950   0.15671  -0.12095
  -0.37950   0.15671  -0.12095
  -0.37950   0.15671  -0.12095
  -0.37950   0.15671  -0.12095
  -0.37950   0.15671  -0.12095
  -0.37950   0.15671  -0.12095
  -0.37950   0.15671  -0.12095
  -0.13950   0.15671  -0.12095
  -0.37950   0.15671  -0.12095
  -0.37950   0.15671  -0.12095
  -0.37950   0.15671  -0.12095
  -0.37950  -0.08329  -0.12095
  -0.37950  -0.08329  -0.12095
  -0.37950  -0.08329  -0.12095
  -0.37950  -0.08329  -0.12095
  -0.13950  -0.08329  -0.12095
  -0.37950  -0.08329  -0.12095
  -0.37950  -0.08329  -0.12095
  -0.37950  -0.08329  -0.12095
  -0.37950  -0.08329  -0.12095
  -0.37950  -0.08329  -0.12095
  -0.37950  -0.08329  -0.12095
  -0.37950  -0.08329  -0.12095
  -0.13950  -0.08329  -0.12095
  -0.37950   0.15671  -0.12095
  -0.13950   0.15671  -0.12095
  -0.13950  -0.08329  -0.12095
  -0.13950   0.15671  -0.12095
  -0.13950   0.15671  -0.12095
  -0.13950   0.15671  -0.12095
  -0.13950   0.15671  -0.12095
  -0.13950   0.15671  -0.12095
  -0.13950   0.15671  -0.12095
  -0.13950   0.15671  -0.12095
  -0.13950   0.15671  -0.12095
  -0.13950   0.15671  -0.12095
  -0.13950  -0.08329  -0.12095
  -0.13950   0.15671  -0.12095
  -0.13950  -0.08329  -0.12095
  -0.13950   0.15671  -0.12095
  -0.13950  -0.08329  -0.12095
  -0.13950  -0.08329  -0.12095
  -0.13950  -0.08329  -0.36095
  -0.13950  -0.08329  -0.12095
  -0.13950  -0.08329  -0.12095
  -0.13950  -0.08329  -0.12095
  -0.13950  -0.08329  -0.12095
  -0.13950  -0.08329  -0.12095
   0.10050  -0.08329  -0.12095
   0.10050  -0.08329  -0.12095
   0.10050  -0.08329  -0.12095
   0.10050  -0.08329  -0.12095
   0.10050  -0.08329  -0.12095
   0.10050  -0.08329  -0.12095
   0.10050  -0.08329  -0.12095
   0.10050  -0.08329  -0.12095
   0.10050  -0.08329  -0.12095
   0.10050  -0.08329  -0.12095
   0.10050  -0.08329  -0.12095
   0.10050  -0.08329  -0.12095
   0.10050  -0.08329  -0.12095
   0.10050  -0.08329  -0.12095
   0.10050  -0.08329  -0.12095
   0.10050  -0.08329  -0.12095
   0.10050  -0.08329  -0.12095
   0.10050  -0.08329  -0.12095
   0.10050   0.15671  -0.12095
   0.10050   0.15671  -0.12095
   0.10050   0.15671  -0.12095
   0.10050   0.15671  -0.12095
   0.10050   0.15671  -0.12095
   0.10050   0.15671  -0.12095
   0.10050   0.15671  -0.12095
   0.10050   0.15671  -0.12095
  -0.13950   0.15671  -0.12095
   0.10050   0.15671  -0.12095
   0.10050   0.15671  -0.12095
  -0.13950  -0.08329  -0.12095
  -0.13950  -0.08329  -0.12095
  -0.13950  -0.08329  -0.12095
  -0.13950  -0.08329  -0.12095
  -0.13950  -0.08329   0.11905
  -0.13950  -0.08329  -0.12095
  -0.13950  -0.08329   0.11905
  -0.13950  -0.08329  -0.12095
  -0.13950  -0.08329  -0.12095
  -0.13950  -0.08329  -0.12095
  -0.13950  -0.08329  -0.12095
  -0.13950  -0.32329  -0.12095
  -0.13950  -0.32329  -0.12095
  -0.13950  -0.32329  -0.12095
  -0.13950  -0.32329  -0.12095
  -0.13950  -0.32329  -0.12095
  -0.13950  -0.32329  -0.12095
  -0.13950  -0.32329  -0.12095
  -0.13950  -0.32329  -0.12095
  -0.13950  -0.32329  -0.36095
  -0.13950  -0.32329  -0.12095
  -0.13950  -0.32329  -0.12095
  -0.13950  -0.32329  -0.12095
  -0.13950  -0.32329  -0.12095
  -0.13950  -0.32329  -0.12095
  -0.13950  -0.32329  -0.12095
  -0.13950  -0.08329  -0.12095
  -0.13950  -0.08329  -0.12095
  -0.13950  -0.08329  -0.12095
  -0.13950  -0.08329   0.11905
  -0.13950  -0.08329  -0.12095
  -0.13950  -0.08329  -0.12095
  -0.13950   0.15671  -0.12095
  -0.13950   0.15671  -0.12095
  -0.13950   0.15671  -0.12095
  -0.13950   0.15671  -0.12095
  -0.13950   0.15671   0.11905
  -0.13950   0.15671  -0.12095
  -0.13950   0.15671  -0.12095
  -0.13950   0.15671  -0.12095
  -0.13950   0.15671  -0.12095
  -0.13950   0.39671  -0.12095
  -0.13950   0.39671  -0.12095
  -0.13950   0.39671  -0.12095
  -0.13950   0.15671  -0.12095
  -0.13950   0.39671  -0.12095
  -0.13950   0.39671  -0.12095
  -0.13950   0.39671  -0.12095
  -0.13950   0.39671  -0.12095
  -0.13950   0.39671  -0.12095
  -0.13950   0.15671  -0.12095
  -0.13950   0.15671  -0.12095
  -0.13950   0.15671  -0.12095
  -0.13950  -0.08329  -0.12095
  -0.13950   0.15671  -0.12095
   0.10050  -0.08329  -0.12095
  -0.13950  -0.08329  -0.12095
  -0.13950  -0.08329  -0.12095
   0.10050  -0.08329  -0.36095
   0.10050  -0.08329  -0.12095
   0.10050  -0.32329  -0.12095
   0.10050  -0.32329  -0.12095
   0.10050  -0.32329  -0.12095
   0.10050  -0.32329  -0.12095
  -0.13950  -0.32329  -0.12095
   0.10050  -0.32329  -0.12095
  -0.13950  -0.32329  -0.12095
   0.10050  -0.32329  -0.12095
  -0.13950  -0.32329  -0.12095
  -0.13950  -0.32329  -0.12095
  -0.13950  -0.08329  -0.12095
  -0.13950  -0.08329  -0.12095
  -0.13950  -0.08329  -0.12095
   0.10050  -0.08329  -0.12095
  -0.13950  -0.08329  -0.12095
  -0.13950  -0.08329  -0.12095
   0.10050  -0.08329  -0.12095
   0.10050  -0.08329  -0.12095
  -0.13950  -0.08329  -0.12095
   0.10050  -0.08329  -0.12095
   0.10050  -0.08329  -0.12095
   0.10050  -0.08329  -0.12095
  -0.13950   0.15671  -0.12095
   0.10050   0.15671  -0.12095
   0.10050   0.15671  -0.12095
   0.10050   0.15671  -0.12095
   0.10050   0.15671  -0.12095
   0.10050   0.15671  -0.12095
   0.10050   0.15671  -0.36095
   0.10050   0.15671  -0.12095
   0.10050   0.15671  -0.12095
   0.10050   0.15671  -0.12095
   0.10050   0.15671  -0.12095
   0.10050   0.15671  -0.36095
   0.10050   0.15671  -0.12095
   0.10050   0.15671  -0.12095
   0.10050   0.15671  -0.12095
   0.10050   0.15671  -0.12095
   0.10050   0.15671  -0.12095
   0.10050   0.15671  -0.12095
   0.10050  -0.08329  -0.12095
   0.10050  -0.08329  -0.12095
   0.10050  -0.08329   0.11905
   0.10050  -0.08329  -0.12095
   0.10050  -0.08329   0.11905
   0.10050  -0.08329   0.11905
   0.10050  -0.08329   0.11905
   0.10050  -0.08329   0.11905
   0.10050  -0.08329   0.11905
   0.10050  -0.08329   0.11905
   0.10050  -0.08329   0.11905
   0.10050  -0.08329   0.11905
   0.10050  -0.08329   0.11905
   0.10050  -0.08329   0.11905
   0.10050  -0.08329   0.11905
   0.10050  -0.08329   0.11905
   0.10050  -0.08329   0.11905
   0.10050  -0.08329   0.11905
   0.10050  -0.08329   0.11905
   0.10050  -0.08329   0.11905
   0.10050  -0.08329   0.11905
   0.10050  -0.08329   0.11905
   0.10050  -0.08329   0.11905
   0.10050  -0.08329   0.35905
   0.10050  -0.08329   0.11905
   0.34050  -0.08329   0.11905
   0.34050  -0.08329   0.35905
   0.34050  -0.08329   0.35905
   0.34050  -0.08329   0.35905
   0.34050  -0.08329   0.35905
   0.34050  -0.08329   0.35905
   0.34050  -0.08329   0.11905
   0.34050   0.15671   0.35905
   0.34050  -0.08329   0.35905
   0.34050  -0.08329   0.35905
   0.10050   0.15671   0.35905
   0.34050   0.15671   0.35905
   0.34050   0.15671   0.35905
   0.34050   0.15671   0.11905
   0.34050   0.15671   0.11905
   0.34050  -0.08329   0.35905
   0.10050   0.15671   0.11905
   0.10050  -0.08329   0.35905
   0.10050  -0.08329   0.11905
   0.34050  -0.08329   0.11905
   0.10050  -0.08329   0.11905
   0.10050  -0.08329   0.35905
   0.10050  -0.08329   0.35905
   0.10050  -0.08329   0.35905
   0.10050  -0.08329   0.35905
   0.10050  -0.08329   0.35905
   0.10050  -0.08329   0.35905
  -0.13950  -0.08329   0.35905
   0.10050  -0.08329   0.35905
  -0.13950  -0.08329   0.35905
  -0.13950  -0.08329   0.35905
  -0.13950  -0.08329   0.35905
  -0.13950   0.15671   0.35905
  -0.13950   0.15671   0.35905
  -0.13950   0.15671   0.35905
  -0.13950   0.15671   0.35905
  -0.13950   0.15671   0.35905
  -0.13950  -0.08329   0.35905
  -0.37950   0.15671   0.35905
  -0.13950  -0.08329   0.35905
  -0.13950   0.15671   0.35905
  -0.13950   0.15671   0.35905
  -0.13950   0.15671   0.11905
  -0.13950  -0.08329   0.35905
  -0.13950   0.15671   0.11905
  -0.13950   0.15671   0.11905
  -0.13950   0.15671   0.11905
  -0.13950   0.15671   0.11905
  -0.13950   0.15671   0.11905
  -0.13950   0.15671   0.11905
  -0.13950   0.15671   0.11905
  -0.13950   0.15671   0.11905
  -0.37950   0.15671   0.11905
  -0.13950   0.15671   0.11905
  -0.13950   0.15671   0.11905
  -0.13950   0.15671   0.11905
  -0.13950   0.15671   0.11905
  -0.13950   0.15671   0.11905
  -0.13950   0.15671   0.11905
  -0.13950   0.15671   0.11905
  -0.13950   0.15671   0.11905
  -0.13950   0.15671   0.11905
  -0.13950   0.15671   0.11905
  -0.13950   0.15671   0.11905
  -0.13950   0.15671   0.11905
  -0.13950   0.15671   0.11905
  -0.13950   0.15671   0.35905
  -0.13950   0.15671   0.11905
  -0.13950   0.15671   0.11905
  -0.13950   0.15671   0.11905
  -0.13950   0.15671   0.11905
  -0.13950  -0.08329   0.11905
  -0.13950   0.15671   0.11905
  -0.13950   0.15671  -0.12095
  -0.13950   0.15671  -0.12095
  -0.13950   0.15671  -0.12095
  -0.13950  -0.08329  -0.12095
  -0.13950  -0.08329  -0.12095
  -0.13950  -0.08329  -0.12095
  -0.13950  -0.08329  -0.12095
  -0.13950  -0.08329  -0.12095
  -0.13950  -0.08329  -0.36095
  -0.13950  -0.55329  -0.36095
  -0.13950  -0.08329  -0.12095
  -0.13950  -0.08329  -0.36095
  -0.13950  -0.08329  -0.12095
  -0.13950   0.15671  -0.12095
  -0.13950  -0.08329  -0.12095
  -0.13950  -0.08329  -0.12095
  -0.13950   0.15671  -0.12095
  -0.13950   0.15671  -0.12095
  -0.13950  -0.08329  -0.12095
  -0.13950  -0.08329  -0.12095
  -0.13950  -0.08329  -0.12095
  -0.13950  -0.08329  -0.12095
  -0.13950  -0.08329  -0.12095
  -0.13950  -0.08329  -0.12095
  -0.13950  -0.08329  -0.12095
  -0.13950  -0.08329  -0.12095
  -0.13950  -0.32329  -0.12095
  -0.13950  -0.08329  -0.12095
  -0.13950  -0.08329  -0.12095
  -0.13950  -0.08329  -0.12095
  -0.13950  -0.32329  -0.12095
  -0.13950  -0.08329  -0.12095
  -0.13950  -0.08329  -0.12095
  -0.13950  -0.08329  -0.12095
  -0.13950  -0.32329  -0.36095
  -0.13950  -0.08329  -0.12095
  -0.13950  -0.08329  -0.12095
  -0.13950  -0.08329  -0.12095
  -0.13950  -0.08329  -0.12095
  -0.13950  -0.08329  -0.12095
  -0.13950  -0.08329  -0.12095
  -0.13950  -0.08329  -0.12095
  -0.13950  -0.08329  -0.12095
  -0.13950  -0.08329  -0.12095
   0.10050  -0.08329  -0.12095
   0.10050  -0.08329  -0.12095
   0.10050  -0.08329  -0.36095
   0.10050  -0.08329  -0.36095
   0.10050  -0.08329  -0.36095
   0.10050  -0.08329  -0.36095
   0.10050  -0.08329  -0.36095
   0.10050  -0.08329  -0.36095
   0.34050  -0.08329  -0.36095
   0.34050  -0.08329  -0.36095
   0.34050  -0.08329  -0.60095
   0.34050  -0.32329  -0.36095
   0.34050  -0.08329  -0.36095
   0.34050  -0.08329  -0.36095
   0.34050  -0.08329  -0.36095
   0.34050  -0.08329  -0.36095
   0.34050  -0.08329  -0.12095
   0.34050  -0.08329  -0.12095
   0.34050  -0.08329  -0.12095
   0.34050  -0.08329  -0.12095
   0.34050  -0.08329  -0.12095
   0.34050  -0.08329  -0.12095
   0.34050  -0.08329  -0.12095
   0.34050  -0.32329  -0.12095
   0.34050  -0.08329  -0.12095
   0.34050  -0.08329  -0.12095
   0.34050  -0.08329   0.11905
   0.34050  -0.08329   0.11905
   0.10050  -0.08329   0.11905
   0.10050  -0.08329   0.11905
   0.10050  -0.08329   0.11905
   0.10050  -0.08329   0.11905
   0.10050  -0.08329   0.11905
   0.10050  -0.08329   0.11905
   0.10050  -0.08329   0.11905
   0.10050  -0.08329   0.11905
   0.10050  -0.08329   0.11905
   0.10050  -0.08329   0.11905
   0.10050  -0.08329  -0.12095
   0.10050  -0.08329  -0.12095
   0.10050  -0.08329  -0.12095
   0.10050  -0.08329   0.11905
   0.10050  -0.08329  -0.12095
   0.10050  -0.08329  -0.12095
   0.34050  -0.08329   0.11905
   0.34050  -0.08329   0.11905
   0.10050  -0.08329   0.11905
   0.34050  -0.08329   0.11905
  -0.13950  -0.08329   0.11905
   0.34050  -0.08329   0.35905
   0.34050  -0.08329   0.35905
   0.34050  -0.08329   0.35905
   0.34050  -0.08329   0.35905
   0.10050  -0.08329   0.35905
   0.34050  -0.32329   0.35905
   0.34050  -0.32329   0.35905
   0.34050  -0.08329   0.35905
   0.10050  -0.08329   0.35905
   0.10050  -0.08329   0.35905
   0.10050  -0.08329   0.35905
   0.34050  -0.08329   0.35905
   0.34050  -0.08329   0.35905
   0.10050  -0.08329   0.35905
   0.10050  -0.08329   0.35905
   0.10050  -0.08329   0.35905
   0.10050  -0.08329   0.35905
   0.10050   0.15671   0.11905
   0.10050   0.15671   0.11905
   0.10050   0.15671   0.11905
   0.10050   0.15671  -0.12095
   0.10050   0.15671  -0.12095
   0.10050   0.15671  -0.12095
   0.10050   0.15671  -0.12095
   0.10050   0.15671  -0.12095
   0.10050   0.39671  -0.12095
   0.10050   0.39671  -0.36095
   0.10050   0.39671  -0.36095
   0.34050   0.39671  -0.36095
   0.34050   0.39671  -0.36095
   0.34050   0.15671  -0.36095
   0.34050   0.39671  -0.36095
   0.34050   0.15671  -0.36095
   0.34050   0.15671  -0.36095
   0.34050   0.39671  -0.36095
   0.34050   0.39671  -0.12095
   0.34050   0.15671  -0.36095
   0.34050   0.15671  -0.12095
   0.10050   0.15671  -0.36095
   0.34050   0.15671  -0.12095
   0.10050   0.15671  -0.12095
   0.10050   0.15671  -0.12095
   0.10050   0.15671  -0.12095
   0.10050   0.15671  -0.12095
  -0.13950  -0.08329  -0.12095
  -0.13950  -0.08329  -0.36095
  -0.13950  -0.08329  -0.36095
  -0.13950  -0.08329  -0.36095
  -0.13950  -0.08329  -0.36095
  -0.13950  -0.08329  -0.36095
  -0.13950  -0.08329  -0.36095
  -0.13950  -0.08329  -0.36095
  -0.37950  -0.08329  -0.36095
  -0.37950  -0.08329  -0.36095
  -0.37950  -0.08329  -0.36095
  -0.37950  -0.08329  -0.60095
  -0.37950  -0.08329  -0.60095
  -0.37950  -0.08329  -0.60095
  -0.37950  -0.08329  -0.60095
  -0.37950  -0.08329  -0.60095
  -0.37950  -0.08329  -0.60095
  -0.37950  -0.08329  -0.60095
  -0.37950  -0.08329  -0.60095
  -0.37950  -0.08329  -0.60095
  -0.37950  -0.08329  -0.60095
  -0.37950  -0.08329  -0.60095
  -0.13950  -0.08329  -0.60095
  -0.13950  -0.08329  -0.36095
  -0.13950  -0.08329  -0.60095
  -0.13950  -0.08329  -0.36095
  -0.13950  -0.08329  -0.60095
  -0.13950  -0.08329  -0.60095
  -0.13950  -0.08329  -0.36095
  -0.13950  -0.08329  -0.36095
  -0.13950  -0.08329  -0.36095
  -0.13950  -0.08329  -0.36095
  -0.13950  -0.08329  -0.36095
  -0.13950  -0.08329  -0.36095
  -0.13950  -0.08329  -0.36095
  -0.13950  -0.08329  -0.36095
  -0.13950  -0.08329  -0.36095
  -0.13950  -0.08329  -0.36095
  -0.13950  -0.08329  -0.36095
  -0.13950  -0.08329  -0.36095
  -0.13950  -0.08329  -0.36095
  -0.13950  -0.08329  -0.36095
  -0.13950  -0.08329  -0.36095
  -0.13950  -0.08329  -0.36095
  -0.13950  -0.08329  -0.36095
  -0.13950  -0.08329  -0.36095
  -0.13950  -0.08329  -0.36095
  -0.13950  -0.08329  -0.60095
   0.10050  -0.08329  -0.36095
  -0.13950  -0.08329  -0.36095
   0.10050  -0.08329  -0.36095
   0.10050  -0.08329  -0.36095
   0.10050  -0.08329  -0.36095
   0.10050  -0.08329  -0.36095
   0.10050  -0.08329  -0.36095
   0.10050  -0.08329  -0.36095
   0.10050  -0.08329  -0.36095
   0.10050  -0.08329  -0.36095
   0.10050  -0.08329  -0.36095
   0.10050  -0.32329  -0.36095
   0.10050  -0.08329  -0.36095
   0.10050  -0.08329  -0.36095
   0.10050  -0.32329  -0.36095
   0.10050  -0.32329  -0.36095
   0.10050  -0.08329  -0.36095
   0.10050  -0.32329  -0.36095
  -0.13950  -0.32329  -0.36095
  -0.13950  -0.32329  -0.36095
  -0.13950  -0.08329  -0.36095
  -0.13950  -0.32329  -0.12095
  -0.13950  -0.32329  -0.12095
  -0.13950  -0.08329  -0.12095
  -0.13950  -0.08329  -0.12095
  -0.13950  -0.08329  -0.12095
  -0.13950  -0.08329  -0.12095
  -0.13950  -0.08329  -0.12095
  -0.13950  -0.08329  -0.12095
  -0.13950   0.15671  -0.12095
  -0.13950   0.15671  -0.12095
  -0.13950   0.15671   0.11905
  -0.13950   0.15671   0.11905
  -0.13950  -0.08329   0.11905
  -0.13950   0.15671   0.11905
  -0.13950   0.15671   0.11905
  -0.13950   0.15671   0.11905
  -0.13950   0.15671   0.11905
  -0.13950   0.15671   0.11905
  -0.13950   0.15671   0.11905
  -0.13950   0.15671  -0.12095
  -0.37950   0.15671   0.11905
  -0.13950   0.15671   0.11905
  -0.13950   0.15671   0.11905
  -0.13950   0.15671   0.11905
  -0.13950   0.15671   0.11905
  -0.13950   0.15671  -0.12095
  -0.13950   0.15671   0.11905
  -0.13950   0.15671   0.11905
  -0.13950   0.15671  -0.12095
  -0.13950  -0.08329   0.11905
  -0.37950  -0.08329   0.11905
  -0.37950  -0.08329   0.11905
  -0.37950  -0.08329   0.11905
  -0.37950  -0.08329   0.11905
  -0.37950  -0.08329   0.11905
  -0.37950  -0.08329   0.35905
  -0.61950  -0.08329   0.11905
  -0.61950  -0.08329   0.11905
  -0.61950   0.15671   0.11905
  -0.61950   0.15671   0.11905
  -0.61950   0.15671   0.11905
  -0.61950   0.15671   0.11905
  -0.85950   0.15671   0.11905
  -0.85950   0.15671   0.11905
  -0.85950   0.15671   0.11905
  -0.85950   0.15671   0.11905
  -0.85950   0.15671   0.11905
  -0.85950   0.15671  -0.12095
  -0.85950   0.15671   0.11905
  -0.85950   0.15671   0.11905
  -0.85950   0.15671  -0.12095
  -0.85950   0.15671  -0.12095
  -0.85950   0.15671  -0.12095
  -0.85950  -0.08329  -0.12095
  -0.85950   0.15671  -0.12095
  -0.85950   0.15671  -0.12095
  -0.85950   0.15671  -0.12095
  -0.85950   0.15671  -0.12095
  -0.85950   0.15671  -0.12095
  -0.85950   0.15671  -0.12095
  -0.85950  -0.08329  -0.12095
  -1.09950  -0.08329  -0.12095
  -1.09950  -0.08329  -0.12095
  -1.09950  -0.08329  -0.36095
  -1.09950  -0.08329  -0.12095
  -1.09950  -0.08329  -0.12095
  -1.09950  -0.08329  -0.12095
  -1.09950  -0.08329  -0.12095
  -1.09950  -0.08329  -0.12095
  -1.09950  -0.08329  -0.12095
  -1.09950  -0.08329  -0.12095
  -1.09950  -0.08329  -0.12095
  -1.09950  -0.08329  -0.12095
  -0.85950  -0.08329  -0.12095
  -0.85950  -0.08329  -0.12095
  -0.85950  -0.08329   0.11905
  -0.85950  -0.08329   0.11905
  -0.85950  -0.08329   0.11905
  -0.85950  -0.08329   0.11905
  -0.85950   0.15671   0.11905
  -0.85950   0.15671   0.11905
  -0.85950   0.15671   0.11905
  -0.61950   0.15671   0.11905
  -0.61950   0.15671   0.11905
  -0.61950   0.15671   0.11905
  -0.61950   0.15671   0.35905
  -0.61950   0.15671   0.35905
  -0.61950   0.15671   0.35905
  -0.37950   0.15671   0.35905
  -0.37950   0.15671   0.35905
  -0.37950   0.15671   0.35905
  -0.37950   0.15671   0.35905
  -0.37950   0.15671   0.35905
  -0.13950   0.15671   0.35905
  -0.13950   0.15671   0.35905
  -0.13950   0.15671   0.35905
  -0.13950   0.15671   0.59905
  -0.13950  -0.08329   0.59905
  -0.13950   0.15671   0.59905
  -0.13950  -0.08329   0.59905
  -0.13950  -0.08329   0.59905
  -0.13950  -0.08329   0.59905
   0.10050  -0.08329   0.59905
  -0.13950  -0.32329   0.35905
   0.10050  -0.55329   0.59905
   0.10050  -0.32329   0.59905
   0.10050  -0.32329   0.59905
   0.10050  -0.32329   0.59905
   0.10050  -0.32329   0.59905
   0.10050  -0.32329   0.59905
   0.10050  -0.32329   0.59905
   0.10050  -0.32329   0.59905
   0.10050  -0.32329   0.59905
   0.10050  -0.32329   0.59905
   0.10050  -0.32329   0.59905
   0.10050  -0.32329   0.59905
   0.10050  -0.32329   0.59905
   0.10050  -0.32329   0.59905
   0.10050  -0.32329   0.59905
   0.10050  -0.32329   0.59905
   0.10050  -0.32329   0.59905
   0.10050  -0.32329   0.59905
   0.10050  -0.32329   0.59905
   0.10050  -0.32329   0.59905
   0.10050  -0.32329   0.59905
   0.34050  -0.32329   0.59905
   0.34050  -0.32329   0.59905
   0.34050  -0.08329   0.59905
   0.34050  -0.08329   0.59905
   0.34050  -0.08329   0.59905
   0.34050  -0.08329   0.59905
   0.34050  -0.08329   0.59905
   0.34050  -0.08329   0.59905
   0.58050  -0.08329   0.59905
   0.58050  -0.08329   0.59905
   0.58050  -0.08329   0.59905
   0.58050  -0.08329   0.59905
   0.58050  -0.08329   0.59905
   0.58050  -0.08329   0.59905
   0.58050   0.15671   0.59905
   0.58050  -0.32329   0.59905
   0.82050   0.15671   0.59905
   0.82050  -0.08329   0.59905
   0.82050   0.15671   0.59905
   0.82050   0.15671   0.59905
   0.82050   0.15671   0.59905
   0.82050   0.15671   0.59905
   0.82050   0.15671   0.59905
   0.82050   0.15671   0.35905
   0.82050   0.15671   0.35905
   0.82050  -0.08329   0.59905
   1.06050  -0.08329   0.35905
   0.82050  -0.08329   0.59905
   1.06050  -0.08329   0.59905
   1.06050   0.15671   0.35905
   1.06050  -0.08329   0.35905
   1.06050  -0.08329   0.35905
   1.06050   0.15671   0.35905
   1.06050   0.15671   0.35905
   1.06050   0.15671   0.35905
   1.06050   0.15671   0.35905
   1.06050   0.15671   0.35905
   1.06050   0.15671   0.35905
   1.06050   0.15671   0.35905
   1.06050   0.15671  -0.12095
   1.06050   0.15671   0.35905
   1.06050   0.15671   0.35905
   1.06050   0.15671   0.35905
   1.06050   0.15671   0.35905
   1.06050   0.15671   0.35905
   1.06050   0.15671   0.35905
   1.06050   0.15671   0.35905
   1.06050   0.15671   0.35905
   1.06050   0.15671   0.11905
   0.82050   0.15671   0.11905
   0.82050   0.39671   0.11905
   0.58050   0.15671   0.11905
   0.82050   0.15671   0.11905
   0.82050   0.39671   0.11905
   0.82050   0.15671   0.11905
   0.82050   0.15671  -0.12095
   0.82050   0.15671  -0.12095
   0.82050   0.15671  -0.12095
   0.58050   0.15671  -0.12095
   0.82050   0.15671  -0.12095
   0.82050   0.15671  -0.12095
   0.82050   0.15671  -0.12095
   0.82050   0.15671  -0.12095
   0.82050   0.15671  -0.12095
   0.82050   0.15671  -0.60095
   0.82050   0.15671  -0.12095
   0.82050   0.15671  -0.60095
   0.82050   0.15671  -0.60095
   0.82050   0.15671  -0.36095
   0.82050   0.15671  -0.12095
   0.82050   0.15671  -0.12095
   0.82050   0.15671  -0.12095
   0.82050   0.15671  -0.12095
   0.82050   0.15671  -0.12095
   0.82050   0.15671  -0.12095
   0.82050   0.15671  -0.12095
   0.82050   0.15671  -0.12095
   0.82050   0.15671  -0.12095
   1.06050   0.15671  -0.12095
   0.82050   0.15671  -0.12095
   0.82050   0.15671  -0.12095
   1.06050   0.15671  -0.12095
   1.06050   0.15671   0.11905
   1.06050   0.15671  -0.12095
   1.06050   0.15671  -0.12095
   1.06050   0.15671  -0.12095
   1.06050   0.15671  -0.12095
   1.06050   0.15671  -0.12095
   1.06050   0.15671  -0.12095
   1.06050   0.15671  -0.12095
   1.06050   0.15671  -0.12095
   1.06050   0.15671  -0.12095
   1.06050   0.15671  -0.36095
   1.06050   0.15671  -0.36095
   1.06050  -0.08329  -0.36095
   1.06050  -0.08329  -0.36095
   1.06050  -0.08329  -0.36095
   0.82050  -0.08329  -0.36095
   1.06050  -0.08329  -0.60095
   1.06050   0.15671  -0.36095
   0.82050   0.15671  -0.60095
   0.82050   0.15671  -0.60095
   0.82050   0.15671  -0.60095
   0.82050   0.15671  -0.60095
   0.82050   0.15671  -0.60095
   0.82050   0.15671  -0.60095
   0.82050   0.15671  -0.60095
   0.82050   0.15671  -0.60095
   0.58050   0.15671  -0.60095
   0.58050   0.15671  -0.36095
   0.58050   0.15671  -0.36095
   0.58050   0.15671  -0.36095
   0.58050   0.15671  -0.36095
   0.58050   0.15671  -0.36095
   0.34050   0.15671  -0.36095
   0.34050   0.15671  -0.60095
   0.34050   0.15671  -0.36095
   0.34050   0.15671  -0.36095
   0.34050   0.15671  -0.60095
   0.34050   0.15671  -0.60095
   0.34050   0.15671  -0.60095
   0.34050   0.15671  -0.60095
   0.34050   0.15671  -0.60095
   0.34050   0.15671  -0.60095
   0.34050   0.15671  -0.60095
   0.34050  -0.08329  -0.84095
   0.10050  -0.08329  -0.84095
   0.10050  -0.08329  -0.84095
   0.10050  -0.08329  -0.84095
   0.10050  -0.08329  -1.08095
   0.10050  -0.08329  -1.08095
   0.10050  -0.08329  -1.08095
   0.10050  -0.08329  -1.08095
   0.10050  -0.08329  -1.08095
   0.10050  -0.08329  -1.08095
   0.10050  -0.08329  -0.84095
   0.10050  -0.08329  -0.84095
   0.10050  -0.08329  -0.84095
   0.10050  -0.08329  -0.84095
   0.10050  -0.08329  -0.60095
   0.10050  -0.08329  -0.60095
   0.10050  -0.08329  -0.60095
   0.10050  -0.08329  -0.36095
   0.10050  -0.55329  -0.36095
   0.10050  -0.08329  -0.36095
  -0.13950  -0.08329  -0.36095
  -0.13950  -0.08329  -0.12095
  -0.13950  -0.08329  -0.12095
  -0.13950  -0.08329  -0.12095
  -0.13950  -0.08329  -0.12095
  -0.13950  -0.32329  -0.12095
  -0.13950  -0.08329  -0.12095
  -0.13950  -0.08329   0.11905
  -0.13950  -0.32329  -0.12095
  -0.61950  -0.32329  -0.12095
  -0.13950  -0.32329  -0.12095
  -0.13950  -0.08329  -0.12095
  -0.13950  -0.08329   0.11905
  -0.13950  -0.08329  -0.12095
  -0.13950  -0.08329  -0.12095
  -0.37950  -0.08329  -0.12095
  -0.37950  -0.08329  -0.12095
  -0.37950  -0.08329  -0.12095
  -0.37950   0.15671  -0.12095
  -0.37950   0.15671  -0.12095
  -0.37950   0.15671  -0.12095
  -0.37950   0.15671  -0.12095
  -0.37950   0.15671  -0.12095
  -0.37950   0.15671  -0.12095
  -0.61950   0.15671  -0.12095
  -0.61950   0.15671  -0.12095
  -0.61950   0.15671  -0.12095
  -0.61950   0.15671  -0.12095
  -0.61950   0.15671  -0.12095
  -0.61950   0.39671  -0.12095
  -0.85950   0.15671  -0.12095
  -0.85950   0.15671  -0.12095
  -0.85950   0.15671  -0.12095
  -0.85950   0.15671  -0.12095
  -0.85950   0.15671   0.11905
  -0.85950   0.15671   0.11905
  -0.85950   0.15671   0.11905
  -0.85950  -0.08329   0.11905
  -1.09950  -0.08329   0.11905
  -1.09950  -0.08329   0.11905
  -1.09950  -0.08329   0.11905
  -1.09950  -0.08329   0.11905
  -1.09950  -0.08329   0.11905
  -1.09950  -0.08329   0.11905
  -1.09950  -0.08329   0.11905
  -1.09950  -0.08329   0.11905
  -1.09950  -0.08329   0.11905
  -1.09950  -0.08329  -0.12095
  -1.09950  -0.32329  -0.12095
  -1.09950  -0.08329  -0.12095
  -1.09950  -0.32329  -0.12095
  -1.09950  -0.32329  -0.12095
  -1.09950  -0.32329  -0.12095
  -1.09950  -0.32329  -0.12095
  -1.09950  -0.32329  -0.36095
  -1.09950  -0.32329  -0.36095
  -1.09950  -0.08329  -0.36095
  -1.09950  -0.08329  -0.36095
  -1.09950  -0.08329  -0.36095
  -1.09950  -0.08329  -0.36095
  -1.09950  -0.08329  -0.36095
  -1.09950  -0.08329  -0.36095
  -1.09950   0.15671  -0.36095
  -1.09950   0.15671  -0.36095
  -1.09950   0.15671  -0.36095
  -0.85950   0.15671  -0.36095
  -1.09950   0.15671  -0.36095
  -0.85950   0.15671  -0.12095
  -0.85950   0.15671  -0.12095
  -0.85950   0.15671  -0.12095
  -0.85950  -0.08329  -0.12095
  -0.85950   0.15671  -0.12095
  -0.85950   0.15671  -0.12095
  -0.85950   0.15671  -0.12095
  -0.85950   0.15671  -0.12095
  -0.85950   0.15671  -0.12095
  -0.61950   0.15671   0.11905
  -1.09950   0.15671   0.11905
  -0.61950   0.15671   0.11905
  -0.61950  -0.08329   0.11905
  -0.61950   0.15671   0.11905
  -0.61950  -0.08329  -0.12095
  -0.61950   0.15671   0.11905
  -0.61950   0.15671   0.11905
  -0.61950   0.15671  -0.12095
  -0.61950   0.15671  -0.12095
  -0.61950   0.15671  -0.12095
  -0.61950   0.15671  -0.12095
  -0.61950   0.15671  -0.12095
  -0.61950   0.15671  -0.12095
  -0.61950   0.15671  -0.12095
  -0.61950  -0.08329  -0.12095
  -0.61950  -0.08329  -0.12095
  -0.61950  -0.08329  -0.12095
  -0.61950  -0.08329  -0.12095
  -0.85950  -0.08329  -0.12095
  -0.85950  -0.08329  -0.12095
  -0.85950  -0.08329  -0.12095
  -0.85950  -0.08329  -0.12095
  -0.85950  -0.08329  -0.12095
  -0.85950  -0.08329  -0.12095
  -1.09950  -0.08329  -0.12095
  -1.09950  -0.08329  -0.12095
  -1.09950  -0.32329  -0.12095
  -1.09950  -0.32329   0.11905
  -1.09950  -0.08329   0.11905
  -1.09950  -0.08329   0.11905
  -1.09950  -0.08329   0.11905
  -1.09950  -0.32329   0.35905
  -1.09950  -0.32329   0.35905
  -1.09950  -0.32329   0.35905
  -1.09950  -0.32329   0.35905
  -1.09950  -0.32329   0.35905
  -0.85950  -0.08329   0.35905
  -0.85950  -0.08329   0.35905
  -0.85950  -0.08329   0.35905
  -0.85950  -0.32329   0.35905
  -0.85950  -0.08329   0.35905
  -0.85950  -0.32329   0.35905
  -0.85950  -0.08329   0.35905
  -0.61950  -0.08329   0.35905
  -0.61950  -0.08329   0.35905
  -0.61950  -0.08329   0.35905
  -0.61950  -0.08329   0.35905
  -0.61950  -0.08329   0.35905
  -0.61950  -0.08329   0.35905
  -0.61950  -0.08329   0.35905
  -0.61950   0.15671   0.35905
  -0.61950  -0.08329   0.35905
  -0.61950  -0.08329   0.35905
  -0.61950  -0.08329   0.35905
  -0.61950  -0.08329   0.59905
  -0.37950  -0.08329   0.35905
  -0.61950  -0.08329   0.59905
  -0.61950  -0.08329   0.59905
  -0.61950  -0.08329   0.59905
  -0.61950  -0.08329   0.59905
  -0.61950  -0.08329   0.59905
  -0.61950  -0.08329   0.83905
  -0.61950  -0.32329   0.83905
  -0.61950  -0.08329   0.83905
  -0.37950  -0.08329   0.83905
  -0.37950  -0.08329   0.83905
  -0.61950  -0.32329   0.83905
  -0.37950  -0.08329   0.83905
  -0.37950  -0.32329   0.83905
  -0.37950  -0.08329   0.83905
  -0.37950  -0.08329   0.83905
  -0.37950  -0.08329   0.83905
  -0.37950  -0.08329   0.83905
  -0.37950  -0.08329   0.83905
  -0.37950  -0.08329   0.83905
  -0.37950  -0.08329   0.83905
  -0.37950  -0.08329   0.83905
  -0.37950  -0.08329   0.83905
  -0.13950  -0.08329   0.59905
  -0.37950  -0.08329   0.59905
  -0.37950  -0.08329   0.35905
  -0.37950  -0.08329   0.59905
  -0.37950  -0.08329   0.59905
  -0.37950  -0.08329   0.59905
  -0.37950  -0.08329   0.59905
  -0.37950  -0.08329   0.35905
  -0.37950  -0.08329   0.35905
  -0.37950   0.15671   0.35905
  -0.37950  -0.08329   0.35905
  -0.37950  -0.08329   0.35905
  -0.37950  -0.08329   0.35905
  -0.37950  -0.08329   0.35905
  -0.37950  -0.08329   0.35905
  -0.37950  -0.08329   0.35905
  -0.37950  -0.08329   0.35905
  -0.37950  -0.08329   0.35905
  -0.37950  -0.08329   0.35905
  -0.37950  -0.08329   0.35905
  -0.37950  -0.08329   0.11905
  -0.37950  -0.08329   0.11905
  -0.13950  -0.08329   0.11905
  -0.13950  -0.08329   0.11905
  -0.13950   0.15671   0.11905
  -0.13950   0.15671   0.11905
  -0.13950   0.15671   0.11905
  -0.13950   0.15671  -0.12095
   0.10050   0.15671  -0.12095
   0.10050   0.15671  -0.12095
   0.10050   0.15671  -0.12095
   0.10050   0.15671  -0.12095
   0.10050   0.15671  -0.36095
   0.34050   0.15671  -0.12095
   0.34050   0.15671  -0.12095
   0.34050   0.15671  -0.12095
   0.34050   0.15671  -0.36095
   0.34050   0.15671  -0.12095
   0.34050   0.15671  -0.36095
   0.34050   0.15671  -0.12095
   0.34050  -0.08329  -0.12095
   0.34050  -0.08329  -0.12095
   0.58050  -0.08329  -0.12095
   0.58050  -0.08329  -0.12095
   0.58050  -0.08329  -0.12095
   0.58050  -0.08329  -0.12095
   0.58050  -0.08329  -0.36095
   0.58050  -0.08329  -0.12095
   0.58050  -0.08329   0.11905
   0.58050  -0.32329   0.11905
   0.58050  -0.08329  -0.12095
   0.58050  -0.08329   0.11905
   0.58050  -0.08329   0.11905
   0.58050  -0.32329  -0.12095
   0.58050  -0.08329   0.11905
   0.58050  -0.08329   0.11905
   0.58050  -0.08329   0.11905
   0.58050  -0.08329   0.11905
   0.58050  -0.08329  -0.12095
   0.58050  -0.08329  -0.12095
   0.58050  -0.08329  -0.12095
   0.58050  -0.08329  -0.12095
   0.58050  -0.08329  -0.12095
   0.58050   0.15671  -0.12095
   0.58050   0.15671  -0.12095
   0.58050   0.15671  -0.12095
   0.58050   0.15671  -0.12095
   0.58050   0.39671  -0.12095
   0.58050   0.15671  -0.12095
   0.58050   0.15671  -0.12095
   0.58050   0.15671  -0.12095
   0.82050   0.39671  -0.12095
   0.82050   0.39671  -0.12095
   0.82050   0.39671  -0.12095
   0.82050   0.39671  -0.12095
   0.82050   0.39671  -0.12095
   0.82050   0.15671  -0.12095
   0.82050   0.15671  -0.12095
   0.82050   0.39671  -0.12095
   0.82050   0.15671  -0.12095
   0.82050   0.15671  -0.12095
   0.82050   0.15671  -0.12095
   0.82050   0.15671   0.11905
   0.82050   0.15671   0.11905
   0.82050   0.15671  -0.12095
   0.82050  -0.08329  -0.12095
   0.82050  -0.08329  -0.12095
   0.82050  -0.08329  -0.12095
   0.82050  -0.08329  -0.12095
   0.82050   0.15671  -0.12095
   0.82050  -0.08329  -0.12095
   0.82050  -0.08329  -0.12095
   0.82050  -0.08329  -0.12095
   0.82050   0.15671  -0.12095
   0.82050  -0.08329  -0.12095
   0.82050  -0.08329  -0.12095
   0.82050  -0.08329  -0.12095
   0.82050  -0.08329  -0.12095
   0.58050  -0.08329  -0.12095
   0.82050   0.15671  -0.12095
   0.82050  -0.08329  -0.12095
   0.82050  -0.08329  -0.12095
   0.82050  -0.08329  -0.12095
   0.82050  -0.08329  -0.12095
   0.82050  -0.08329  -0.12095
   0.82050  -0.08329  -0.60095
   0.82050  -0.08329  -0.12095
   0.82050  -0.08329  -0.12095
   0.82050  -0.08329  -0.12095
   0.82050  -0.08329  -0.12095
   0.82050  -0.08329  -0.12095
   0.82050   0.15671   0.11905
   0.82050   0.15671   0.11905
   0.82050   0.15671   0.11905
   0.82050  -0.08329   0.11905
   0.58050   0.15671   0.11905
   0.82050   0.15671   0.11905
   0.82050   0.15671   0.35905
   0.58050   0.15671   0.35905
   0.58050   0.15671   0.35905
   0.58050   0.15671   0.35905
   0.58050   0.15671   0.35905
   0.58050   0.15671   0.35905
   0.34050   0.15671   0.35905
   0.34050   0.15671   0.35905
   0.34050   0.15671   0.35905
   0.34050   0.15671   0.35905
   0.34050   0.15671   0.35905
   0.34050   0.15671   0.35905
   0.34050   0.15671   0.35905
   0.34050   0.15671   0.35905
   0.34050   0.15671   0.35905
   0.10050   0.15671   0.35905
   0.10050   0.15671   0.35905
   0.10050   0.15671   0.35905
   0.10050   0.15671   0.35905
   0.10050   0.15671   0.35905
   0.10050   0.15671   0.35905
   0.10050   0.15671   0.11905
   0.10050   0.15671   0.11905
   0.10050   0.15671   0.11905
   0.10050   0.15671   0.11905
   0.10050  -0.08329   0.11905
   0.34050  -0.08329   0.11905
   0.34050  -0.08329   0.11905
   0.34050  -0.08329   0.11905
   0.34050  -0.08329   0.11905
   0.34050  -0.08329   0.11905
   0.34050  -0.08329   0.11905
   0.34050  -0.08329   0.11905
   0.34050  -0.08329   0.11905
   0.34050  -0.08329   0.11905
   0.58050  -0.08329   0.11905
   0.58050  -0.08329   0.11905
   0.58050  -0.08329   0.11905
   0.58050  -0.08329   0.11905
   0.58050  -0.08329   0.11905
   0.58050  -0.08329   0.11905
   0.58050  -0.08329  -0.12095
   0.58050  -0.08329  -0.12095
   0.58050  -0.08329  -0.12095
   0.82050  -0.08329  -0.12095
   0.82050  -0.08329  -0.12095
   0.82050  -0.55329  -0.12095
   0.82050  -0.08329  -0.12095
   0.82050  -0.08329  -0.12095
   0.82050  -0.08329  -0.36095
   0.82050  -0.08329  -0.36095
   0.82050  -0.08329  -0.36095
   0.82050  -0.08329  -0.36095
   0.58050  -0.08329  -0.36095
   0.82050  -0.08329  -0.36095
   0.58050  -0.08329  -0.36095
   0.58050  -0.08329  -0.36095
   0.58050   0.15671  -0.60095
   0.58050   0.15671  -0.36095
   0.58050   0.15671  -0.60095
   0.58050   0.15671  -0.60095
   0.58050   0.15671  -0.60095
   0.58050   0.15671  -0.36095
   0.58050  -0.08329  -0.36095
   0.58050  -0.08329  -0.36095
   0.58050  -0.08329  -0.36095
   0.58050   0.15671  -0.60095
   0.58050  -0.08329  -0.36095
   0.58050   0.15671  -0.36095
   0.58050  -0.08329  -0.36095
   0.58050  -0.08329  -0.36095
   0.58050  -0.08329  -0.36095
   0.58050  -0.08329  -0.36095
   0.34050   0.15671  -0.36095
   0.34050   0.15671  -0.36095
   0.34050   0.15671  -0.36095
   0.34050  -0.08329  -0.36095
   0.34050   0.15671  -0.36095
   0.34050   0.15671  -0.36095
   0.34050  -0.08329  -0.36095
   0.10050   0.15671  -0.36095
   0.10050   0.15671  -0.36095
   0.10050   0.15671  -0.60095
   0.10050   0.15671  -0.36095
   0.10050   0.15671  -0.60095
   0.10050   0.15671  -0.60095
   0.10050   0.15671  -0.60095
   0.10050   0.15671  -0.60095
   0.10050   0.15671  -0.60095
   0.10050   0.15671  -0.60095
   0.10050   0.15671  -0.60095
   0.10050   0.15671  -0.60095
  -0.13950   0.15671  -0.60095
   0.10050   0.39671  -0.60095
   0.10050   0.39671  -0.60095
   0.10050   0.15671  -0.60095
   0.10050   0.15671  -0.60095
   0.10050   0.15671  -0.60095
   0.10050   0.15671  -0.60095
   0.10050   0.15671  -0.60095
  -0.13950   0.15671  -0.36095
  -0.13950   0.15671  -0.36095
  -0.13950   0.15671  -0.36095
  -0.13950   0.15671  -0.36095
  -0.13950   0.15671  -0.36095
  -0.13950   0.15671  -0.36095
  -0.13950   0.15671  -0.36095
  -0.13950   0.15671  -0.36095
  -0.13950  -0.08329  -0.36095
  -0.13950  -0.08329  -0.36095
  -0.13950  -0.08329  -0.36095
  -0.37950  -0.08329  -0.36095
  -0.13950  -0.08329  -0.36095
  -0.37950  -0.08329  -0.36095
  -0.37950  -0.08329  -0.12095
  -0.37950  -0.08329  -0.12095
  -0.37950  -0.08329  -0.12095
  -0.37950  -0.08329  -0.12095
  -0.37950  -0.32329  -0.12095
  -0.37950  -0.08329  -0.12095
  -0.37950  -0.32329  -0.12095
  -0.37950  -0.32329  -0.12095
  -0.37950  -0.32329   0.11905
  -0.37950  -0.08329   0.11905
  -0.37950  -0.32329   0.11905
  -0.37950  -0.08329   0.11905
  -0.37950  -0.08329   0.11905
  -0.61950  -0.08329   0.11905
  -0.37950  -0.32329   0.11905
  -0.37950  -0.32329   0.11905
  -0.61950  -0.08329   0.11905
  -0.61950  -0.08329   0.11905
  -0.61950  -0.08329   0.11905
  -0.61950  -0.08329   0.11905
  -0.61950  -0.32329   0.11905
  -0.61950  -0.08329   0.11905
  -0.61950  -0.08329   0.11905
  -0.61950  -0.32329   0.11905
  -0.61950  -0.32329   0.11905
  -0.61950  -0.32329   0.11905
  -0.61950  -0.32329   0.11905
  -0.61950  -0.32329   0.11905
  -0.61950  -0.32329  -0.12095
  -0.61950  -0.32329  -0.12095
  -0.61950  -0.08329  -0.12095
  -0.37950  -0.32329  -0.12095
  -0.37950  -0.32329  -0.12095
  -0.37950  -0.08329  -0.12095
  -0.37950  -0.08329  -0.12095
  -0.13950  -0.08329  -0.12095
  -0.37950  -0.08329  -0.12095
  -0.13950  -0.08329  -0.12095
  -0.13950  -0.08329  -0.12095
  -0.13950  -0.08329  -0.12095
  -0.13950  -0.08329  -0.12095
  -0.13950  -0.08329  -0.12095
  -0.13950  -0.08329  -0.12095
  -0.13950  -0.08329  -0.12095
  -0.13950  -0.08329  -0.12095
  -0.13950  -0.08329  -0.12095
  -0.13950  -0.08329  -0.12095
  -0.37950  -0.08329  -0.12095
  -0.37950  -0.08329  -0.12095
  -0.37950  -0.08329  -0.12095
  -0.37950  -0.08329  -0.12095
  -0.37950  -0.08329  -0.12095
  -0.37950  -0.08329  -0.12095
  -0.37950  -0.08329  -0.60095
  -0.37950  -0.08329  -0.12095
  -0.61950  -0.08329  -0.12095
  -0.61950  -0.08329  -0.12095
  -0.61950  -0.32329  -0.12095
  -0.61950  -0.32329  -0.12095
  -0.61950  -0.32329  -0.12095
  -0.61950  -0.08329  -0.12095
  -0.61950  -0.08329  -0.12095
  -0.61950  -0.32329  -0.12095
  -0.61950  -0.08329  -0.12095
  -0.61950  -0.08329  -0.12095
  -0.61950  -0.08329  -0.12095
  -0.61950  -0.08329  -0.12095
  -0.61950  -0.08329  -0.12095
  -0.61950  -0.08329  -0.12095
  -0.61950  -0.08329  -0.12095
  -0.61950  -0.08329  -0.12095
  -0.85950  -0.32329  -0.12095
  -0.85950  -0.08329  -0.12095
  -0.85950  -0.08329  -0.12095
  -0.85950  -0.08329  -0.12095
  -0.85950  -0.08329  -0.12095
  -0.85950  -0.08329  -0.12095
  -0.85950  -0.08329  -0.12095
  -0.85950  -0.08329  -0.12095
  -0.85950   0.15671  -0.12095
  -1.09950   0.15671  -0.12095
  -1.09950   0.15671  -0.12095
  -1.09950   0.15671  -0.12095
  -1.09950   0.15671  -0.12095
  -1.09950   0.39671  -0.12095
  -1.09950   0.39671   0.11905
  -1.09950   0.39671   0.11905
  -1.33950   0.39671   0.11905
  -1.33950   0.39671   0.11905
  -1.33950   0.39671   0.11905
  -1.33950   0.39671   0.11905
  -1.33950   0.39671   0.11905
  -1.33950   0.39671  -0.12095
  -1.33950   0.39671  -0.12095
  -1.33950   0.39671  -0.12095
  -1.33950   0.39671  -0.12095
  -1.33950   0.15671  -0.12095
  -1.33950   0.15671  -0.12095
  -1.33950   0.15671  -0.12095
  -1.33950   0.15671  -0.12095
  -1.09950   0.39671  -0.12095
  -1.09950   0.15671  -0.12095
  -1.09950   0.15671  -0.12095
  -1.09950   0.15671  -0.12095
  -1.09950   0.15671  -0.36095
  -0.85950   0.15671  -0.12095
  -0.85950   0.15671  -0.36095
  -0.85950   0.15671  -0.36095
  -0.85950   0.15671  -0.36095
  -0.61950   0.15671  -0.36095
  -0.61950   0.15671  -0.36095
  -0.61950   0.15671  -0.36095
  -0.61950   0.15671  -0.12095
  -0.37950  -0.08329  -0.36095
  -0.37950   0.15671  -0.12095
  -0.37950   0.15671  -0.36095
  -0.37950   0.15671  -0.12095
  -0.37950  -0.08329  -0.12095
  -0.37950   0.15671  -0.12095
  -0.37950  -0.08329  -0.12095
  -0.37950   0.15671  -0.12095
  -0.37950   0.15671  -0.12095
  -0.37950   0.15671  -0.12095
  -0.37950   0.15671  -0.12095
  -0.37950   0.15671  -0.12095
  -0.37950   0.15671  -0.12095
  -0.37950   0.15671  -0.12095
  -0.37950   0.15671  -0.12095
  -0.37950   0.15671  -0.36095
  -0.37950   0.15671  -0.36095
  -0.37950   0.15671  -0.12095
  -0.61950   0.15671  -0.36095
  -0.37950   0.15671  -0.12095
  -0.37950   0.15671  -0.12095
  -0.37950   0.15671  -0.36095
  -0.37950   0.15671  -0.12095
  -0.37950   0.15671  -0.12095
  -0.37950   0.15671  -0.36095
  -0.37950   0.15671  -0.36095
  -0.37950   0.15671  -0.36095
  -0.37950   0.15671  -0.12095
  -0.37950   0.15671  -0.36095
  -0.37950   0.15671  -0.36095
  -0.37950   0.15671  -0.12095
  -0.37950   0.15671  -0.12095
  -0.13950  -0.08329  -0.12095
  -0.13950   0.15671  -0.12095
  -0.13950   0.15671  -0.12095
  -0.13950   0.15671  -0.12095
  -0.13950  -0.08329  -0.12095
  -0.13950  -0.08329  -0.12095
  -0.13950  -0.08329  -0.12095
  -0.13950  -0.08329  -0.12095
  -0.13950  -0.08329  -0.12095
  -0.13950  -0.08329   0.11905
  -0.37950  -0.08329   0.11905
  -0.13950  -0.08329   0.11905
  -0.13950  -0.08329   0.11905
  -0.37950  -0.08329   0.11905
  -0.37950  -0.08329   0.35905
  -0.37950  -0.08329   0.35905
  -0.37950  -0.32329   0.35905
  -0.37950  -0.32329   0.35905
  -0.37950  -0.08329   0.35905
  -0.37950  -0.08329   0.35905
  -0.37950  -0.08329   0.35905
  -0.37950  -0.08329   0.35905
  -0.37950  -0.08329   0.35905
  -0.37950  -0.08329   0.35905
  -0.13950  -0.08329   0.35905
  -0.13950   0.15671   0.35905
  -0.13950   0.15671   0.35905
  -0.13950   0.15671   0.35905
  -0.13950   0.15671   0.35905
  -0.13950   0.15671   0.35905
  -0.13950   0.15671   0.35905
   0.10050   0.15671   0.35905
   0.10050   0.15671   0.35905
   0.10050   0.15671   0.35905
   0.10050   0.15671   0.35905
   0.10050   0.15671   0.35905
   0.10050   0.15671   0.35905
   0.10050   0.15671   0.35905
   0.10050   0.15671   0.35905
   0.10050   0.15671   0.35905
   0.34050   0.15671   0.35905
   0.10050   0.15671   0.35905
   0.34050   0.15671   0.35905
   0.34050  -0.08329   0.35905
   0.34050  -0.08329   0.35905
   0.34050  -0.08329   0.59905
   0.34050  -0.08329   0.35905
   0.34050  -0.08329   0.35905
   0.34050  -0.08329   0.59905
   0.34050  -0.08329   0.59905
   0.34050  -0.08329   0.59905
   0.34050  -0.08329   0.59905
   0.34050  -0.32329   0.59905
   0.34050  -0.08329   0.59905
   0.34050  -0.32329   0.59905
   0.34050  -0.32329   0.59905
   0.34050  -0.32329   0.59905
   0.34050  -0.08329   0.59905
   0.34050  -0.32329   0.59905
   0.34050  -0.32329   0.59905
   0.34050  -0.32329   0.59905
   0.34050  -0.32329   0.59905
   0.34050  -0.32329   0.59905
   0.34050  -0.32329   0.59905
   0.34050  -0.32329   0.35905
   0.58050  -0.32329   0.59905
   0.58050  -0.32329   0.35905
   0.58050  -0.32329   0.35905
   0.58050  -0.32329   0.35905
   0.58050  -0.32329   0.35905
   0.58050  -0.32329   0.35905
   0.58050  -0.32329   0.35905
   0.58050  -0.32329   0.35905
   0.58050  -0.32329   0.35905
   0.58050  -0.32329   0.35905
   0.58050  -0.32329   0.35905
   0.58050  -0.32329   0.11905
   0.82050  -0.55329   0.11905
   0.82050  -0.32329   0.11905
   0.82050  -0.32329   0.11905
   0.58050  -0.32329   0.11905
   0.82050  -0.32329   0.11905
   0.82050  -0.32329   0.11905
   0.82050  -0.32329  -0.12095
   0.82050  -0.32329  -0.12095
   0.82050  -0.32329  -0.12095
   0.82050  -0.32329  -0.12095
   0.82050  -0.08329  -0.12095
   0.82050  -0.08329  -0.12095
   0.82050  -0.55329  -0.12095
   0.82050  -0.08329  -0.12095
   0.82050  -0.08329  -0.36095
   0.82050  -0.08329  -0.36095
   0.82050  -0.08329  -0.36095
   0.82050  -0.08329  -0.36095
   0.82050  -0.08329  -0.36095
   0.82050  -0.08329  -0.60095
   0.82050  -0.08329  -0.36095
   0.82050  -0.08329  -0.60095
   0.82050  -0.08329  -0.60095
   0.82050  -0.32329  -0.60095
   0.82050  -0.32329  -0.60095
   0.82050  -0.32329  -0.60095
   0.82050  -0.32329  -0.60095
   0.82050  -0.32329  -0.60095
   0.82050  -0.32329  -0.60095
   0.82050  -0.32329  -0.84095
   0.82050  -0.32329  -0.84095
   0.82050  -0.32329  -0.84095
   0.82050  -0.08329  -0.84095
   0.82050  -0.55329  -0.84095
   0.82050  -0.08329  -0.84095
   0.82050  -0.08329  -0.84095
   0.82050  -0.08329  -0.84095
   0.82050  -0.08329  -0.84095
   0.82050  -0.08329  -0.84095
   0.82050  -0.08329  -0.84095
   0.82050  -0.08329  -0.84095
   0.82050  -0.08329  -0.84095
   0.82050  -0.08329  -0.84095
   0.82050  -0.08329  -0.60095
   0.82050  -0.08329  -0.84095
   0.82050  -0.08329  -0.60095
   1.06050  -0.08329  -0.60095
   1.06050   0.15671  -0.60095
   1.06050  -0.08329  -0.36095
   1.30050  -0.08329  -0.36095
   1.06050  -0.08329  -0.36095
   1.30050   0.15671  -0.36095
   1.30050   0.15671  -0.12095
   1.30050   0.15671  -0.12095
   1.30050   0.15671  -0.12095
   1.30050   0.15671  -0.12095
   1.30050   0.15671  -0.12095
   1.30050   0.15671   0.11905
   1.30050  -0.08329  -0.12095
   1.30050   0.15671   0.11905
   1.30050   0.15671   0.11905
   1.54050   0.15671   0.35905
   1.30050   0.15671   0.35905
   1.30050   0.15671   0.35905
   1.30050   0.15671   0.35905
   1.30050   0.15671   0.35905
   1.30050   0.15671   0.35905
   1.30050   0.15671   0.35905
   1.30050   0.15671   0.35905
   1.30050  -0.08329   0.35905
   1.30050   0.15671   0.35905
   1.30050  -0.08329   0.35905
   1.30050  -0.08329   0.35905
   1.30050  -0.08329   0.59905
   1.30050   0.15671   0.59905
   1.30050  -0.08329   0.59905
   1.06050  -0.08329   0.59905
   1.06050  -0.08329   0.59905
   1.06050  -0.08329   0.59905
   1.06050  -0.08329   0.59905
   1.06050  -0.08329   0.59905
   1.06050  -0.08329   0.59905
   1.06050  -0.08329   0.59905
   1.06050  -0.08329   0.59905
   1.06050  -0.08329   0.83905
   1.06050  -0.08329   0.83905
   1.06050  -0.32329   0.83905
   0.82050  -0.32329   0.83905
   0.82050  -0.55329   0.83905
   0.82050  -0.32329   0.83905
   0.82050  -0.32329   0.83905
   0.82050  -0.32329   0.83905
   0.82050  -0.32329   1.06905
   0.58050  -0.32329   1.06905
   0.58050  -0.32329   1.06905
   0.58050  -0.32329   1.06905
   0.34050  -0.32329   1.06905
   0.58050  -0.32329   1.06905
   0.34050  -0.08329   1.30905
   0.34050  -0.08329   1.06905
   0.34050  -0.08329   1.30905
   0.10050  -0.08329   1.30905
   0.10050  -0.08329   1.30905
   0.10050  -0.08329   1.30905
   0.10050  -0.08329   1.30905
   0.10050  -0.08329   1.30905
  -0.13950  -0.08329   1.30905
  -0.13950  -0.08329   1.30905
  -0.13950  -0.08329   1.30905
  -0.13950  -0.08329   1.30905
  -0.13950   0.15671   1.30905
  -0.13950   0.15671   1.30905
  -0.13950   0.15671   1.30905
  -0.13950   0.15671   1.30905
  -0.13950   0.15671   1.30905
  -0.13950   0.15671   1.30905
  -0.37950   0.15671   1.30905
  -0.37950   0.15671   1.30905
  -0.37950   0.15671   1.30905
  -0.37950   0.15671   1.30905
  -0.37950   0.15671   1.30905
  -0.37950   0.15671   1.30905
  -0.37950   0.15671   1.30905
  -0.37950   0.15671   1.30905
  -0.37950   0.15671   1.06905
  -0.37950   0.15671   1.30905
  -0.37950  -0.08329   1.30905
  -0.37950   0.15671   1.06905
  -0.37950   0.15671   1.30905
  -0.37950   0.15671   1.06905
  -0.37950   0.15671   1.30905
  -0.37950   0.15671   0.83905
  -0.61950   0.15671   1.06905
  -0.61950   0.15671   1.06905
  -0.61950   0.15671   1.06905
  -0.61950   0.15671   1.06905
  -0.61950   0.39671   1.06905
  -0.61950   0.39671   1.06905
  -0.61950   0.15671   0.83905
  -0.61950   0.39671   1.06905
  -0.61950   0.39671   0.83905
  -0.61950   0.39671   0.83905
  -0.61950   0.15671   0.59905
  -0.61950   0.39671   0.83905
  -0.61950  -0.08329   0.83905
  -0.61950   0.15671   0.83905
  -0.61950   0.15671   0.59905
  -0.61950   0.39671   0.59905
  -0.61950   0.39671   0.59905
  -0.61950   0.39671   0.59905
  -0.61950   0.39671   0.59905
  -0.61950   0.15671   0.59905
  -0.61950   0.39671   0.59905
  -0.61950   0.39671   0.35905
  -0.61950   0.39671   0.11905
  -0.61950   0.39671   0.35905
  -0.61950   0.15671   0.35905
  -0.61950   0.15671   0.35905
  -0.61950   0.39671   0.35905
  -0.61950   0.15671   0.35905
  -0.61950   0.15671   0.11905
  -0.85950   0.15671   0.11905
  -0.85950   0.15671   0.11905
  -0.85950   0.15671   0.11905
  -0.85950   0.15671   0.11905
  -0.85950   0.15671   0.11905
  -0.85950   0.15671   0.11905
  -1.09950   0.15671   0.11905
  -1.09950   0.15671   0.35905
  -1.09950   0.15671   0.11905
  -1.56950   0.15671   0.11905
  -1.09950   0.15671   0.11905
  -1.09950   0.15671   0.11905
  -1.09950   0.39671   0.11905
  -1.33950   0.39671   0.11905
  -1.09950   0.15671   0.11905
  -1.09950   0.39671   0.11905
  -1.09950   0.15671  -0.12095
  -1.09950   0.15671  -0.12095
  -1.09950   0.39671  -0.12095
  -1.09950   0.39671  -0.12095
  -1.09950   0.39671  -0.12095
  -1.09950   0.39671  -0.12095
  -1.09950   0.39671  -0.12095
  -1.09950   0.15671  -0.36095
  -1.09950   0.15671  -0.36095
  -1.09950   0.15671  -0.36095
  -1.09950   0.15671  -0.60095
  -1.09950   0.15671  -0.36095
  -1.09950   0.15671  -0.36095
  -1.09950   0.39671  -0.36095
  -0.85950   0.15671  -0.60095
  -1.09950   0.15671  -0.60095
  -1.09950   0.15671  -0.60095
  -1.09950   0.15671  -0.60095
  -1.09950   0.15671  -0.60095
  -1.09950   0.15671  -0.60095
  -1.09950   0.15671  -0.60095
  -1.09950   0.15671  -0.60095
  -1.33950   0.15671  -0.84095
  -1.09950   0.15671  -0.84095
  -1.09950   0.15671  -0.84095
  -1.09950   0.15671  -0.84095
  -1.09950   0.15671  -0.84095
  -1.09950   0.15671  -0.84095
  -1.09950   0.15671  -0.84095
  -1.09950   0.15671  -0.84095
  -1.09950   0.15671  -0.84095
  -1.09950   0.15671  -0.60095
  -1.09950   0.15671  -0.60095
  -1.09950   0.15671  -0.84095
  -1.09950   0.15671  -0.60095
  -1.09950   0.15671  -0.60095
  -1.09950   0.15671  -0.60095
  -1.09950   0.15671  -0.60095
  -1.09950   0.15671  -0.60095
  -1.09950   0.15671  -0.60095
  -1.09950   0.15671  -0.60095
  -1.09950   0.15671  -0.60095
  -1.09950   0.15671  -0.60095
  -1.09950   0.15671  -0.60095
  -1.09950   0.15671  -0.60095
  -1.09950   0.15671  -0.36095
  -1.09950   0.15671  -0.36095
  -1.09950   0.15671  -0.36095
  -1.09950  -0.08329  -0.36095
  -1.09950  -0.08329  -0.36095
  -1.09950  -0.08329  -0.36095
  -1.09950  -0.08329  -0.36095
  -1.09950  -0.08329  -0.36095
  -1.09950  -0.08329  -0.12095
  -1.09950  -0.08329  -0.12095
  -1.09950  -0.08329  -0.12095
  -1.09950  -0.08329  -0.12095
  -1.09950  -0.08329  -0.12095
  -1.09950  -0.08329  -0.12095
  -1.09950  -0.08329  -0.12095
  -1.09950  -0.08329  -0.12095
  -1.09950  -0.08329  -0.12095
  -1.09950  -0.08329  -0.12095
  -0.85950  -0.08329  -0.12095
  -0.85950  -0.08329  -0.12095
  -0.85950  -0.08329  -0.12095
  -0.85950  -0.08329  -0.12095
  -0.85950  -0.08329  -0.12095
  -0.85950  -0.08329  -0.12095
  -0.61950  -0.08329  -0.12095
  -0.61950  -0.08329  -0.12095
  -1.09950  -0.08329  -0.12095
  -0.61950  -0.08329  -0.12095
  -0.61950  -0.08329  -0.12095
  -0.61950  -0.08329  -0.36095
  -0.61950  -0.08329  -0.36095
  -0.61950  -0.08329  -0.36095
  -0.61950  -0.08329  -0.36095
  -0.61950  -0.08329  -0.36095
  -0.61950  -0.08329  -0.36095
  -0.61950  -0.08329  -0.36095
  -0.61950  -0.08329  -0.36095
  -0.37950  -0.32329  -0.60095
  -0.37950  -0.32329  -0.60095
  -0.37950  -0.32329  -0.60095
  -0.61950  -0.32329  -0.60095
  -0.37950  -0.32329  -0.60095
  -0.37950  -0.32329  -0.60095
  -0.37950  -0.55329  -0.84095
  -0.37950  -0.55329  -0.84095
  -0.37950  -0.55329  -0.84095
  -0.37950  -0.55329  -0.84095
  -0.37950  -0.55329  -1.08095
  -0.37950  -0.55329  -0.84095
  -0.37950  -0.55329  -1.08095
  -0.37950  -0.55329  -1.08095
  -0.13950  -0.32329  -1.08095
  -0.13950  -0.55329  -1.08095
  -0.13950  -0.32329  -1.32095
  -0.13950  -0.55329  -1.32095
  -0.13950  -0.32329  -1.32095
  -0.13950  -0.32329  -1.32095
  -0.13950  -0.32329  -1.56095
  -0.13950  -0.32329  -1.56095
  -0.13950  -0.08329  -1.56095
  -0.13950  -0.08329  -1.56095
  -0.13950  -0.08329  -1.56095
  -0.13950  -0.08329  -1.56095
   0.10050  -0.08329  -1.56095
   0.10050  -0.08329  -1.56095
   0.10050  -0.08329  -1.80095
   0.10050  -0.08329  -1.80095
   0.10050  -0.08329  -1.80095
   0.10050  -0.08329  -1.80095
   0.10050  -0.08329  -1.80095
   0.34050  -0.08329  -1.80095
   0.34050  -0.08329  -1.80095
   0.34050  -0.08329  -1.80095
   0.34050  -0.08329  -1.80095
   0.34050  -0.08329  -2.04095
   0.58050  -0.08329  -1.80095
   0.34050  -0.08329  -1.80095
   0.58050  -0.08329  -1.80095
   0.58050  -0.08329  -1.80095
   0.58050  -0.08329  -1.80095
   0.58050  -0.08329  -1.80095
   0.58050  -0.08329  -1.80095
   0.58050  -0.08329  -1.80095
   0.82050  -0.08329  -1.80095
   0.58050  -0.08329  -1.80095
   0.82050  -0.08329  -1.80095
   0.82050  -0.08329  -1.80095
   0.82050  -0.08329  -1.56095
   0.82050  -0.08329  -1.56095
   0.82050  -0.08329  -1.56095
   1.06050  -0.08329  -1.56095
   1.06050  -0.08329  -1.80095
   1.06050  -0.08329  -1.56095
   1.06050  -0.08329  -1.56095
   1.06050  -0.08329  -1.80095
   1.30050  -0.08329  -1.56095
   1.30050  -0.08329  -1.56095
   1.30050  -0.08329  -1.56095
   1.30050  -0.08329  -1.56095
   1.30050  -0.08329  -1.56095
   1.54050  -0.08329  -1.32095
   1.54050  -0.08329  -1.32095
   1.54050  -0.08329  -1.32095
   1.54050  -0.08329  -1.32095
   1.54050  -0.08329  -1.32095
   1.54050  -0.08329  -1.32095
   1.54050  -0.08329  -1.32095
   1.54050  -0.08329  -1.08095
   1.78050  -0.08329  -1.08095
   1.54050  -0.08329  -1.08095
   1.54050  -0.08329  -1.08095
   1.78050  -0.08329  -1.08095
   1.54050  -0.08329  -1.08095
   1.54050  -0.08329  -1.08095
   1.78050  -0.08329  -0.84095
   1.54050  -0.08329  -0.84095
   1.78050  -0.08329  -0.84095
   1.78050  -0.08329  -0.84095
   1.78050  -0.08329  -0.84095
   1.78050  -0.08329  -0.60095
   1.78050  -0.08329  -0.60095
   1.78050  -0.08329  -0.84095
   1.78050  -0.08329  -0.60095
   1.54050  -0.32329  -0.60095
   1.78050  -0.08329  -0.36095
   1.78050  -0.08329  -0.36095
   1.54050  -0.08329  -0.36095
   1.78050  -0.08329  -0.36095
   1.54050  -0.08329  -0.36095
   1.54050  -0.08329  -0.36095
   1.54050  -0.32329  -0.12095
   1.54050  -0.08329  -0.12095
   1.54050  -0.08329  -0.12095
   1.54050  -0.08329  -0.12095
   1.54050  -0.08329   0.11905
   1.54050  -0.08329   0.11905
   1.54050  -0.08329   0.11905
   1.54050  -0.08329   0.11905
   1.54050  -0.08329   0.35905
   1.30050  -0.08329   0.35905
   1.30050  -0.08329   0.35905
   1.30050  -0.08329   0.35905
   1.30050  -0.08329   0.59905
   1.30050  -0.08329   0.59905
   1.06050  -0.08329   0.35905
   1.06050  -0.08329   0.35905
   1.06050  -0.08329   0.83905
   1.06050  -0.08329   0.83905
   1.06050  -0.08329   0.83905
   1.06050  -0.08329   0.83905
   0.82050   0.15671   0.83905
   0.82050   0.15671   0.83905
   0.82050   0.15671   1.06905
   0.82050   0.15671   1.06905
   0.82050   0.15671   1.06905
   0.82050   0.15671   1.06905
   0.82050  -0.08329   1.06905
   0.82050   0.15671   1.06905
   0.82050   0.15671   1.06905
   0.82050   0.15671   1.06905
   0.82050   0.15671   1.06905
   0.82050   0.15671   1.06905
   0.82050   0.15671   1.06905
   0.82050   0.15671   1.06905
   0.82050   0.15671   1.06905
   0.82050   0.15671   1.06905
   0.82050   0.15671   1.06905
   0.82050   0.15671   1.06905
   0.82050   0.15671   1.06905
   0.82050   0.15671   1.06905
   0.82050   0.15671   1.06905
   0.82050   0.15671   1.06905
   0.82050   0.15671   1.06905
   0.82050   0.15671   1.06905
   0.82050   0.15671   1.06905
   0.58050   0.15671   1.06905
   0.58050   0.15671   1.06905
   0.58050   0.15671   1.06905
   0.58050   0.15671   1.06905
   0.58050   0.15671   1.06905
   0.34050   0.15671   1.06905
   0.34050   0.15671   1.06905
   0.34050   0.15671   1.06905
   0.34050  -0.08329   1.06905
   0.34050   0.15671   1.06905
   0.10050  -0.08329   1.06905
   0.10050  -0.08329   1.06905
   0.10050   0.15671   1.06905
   0.10050  -0.08329   1.30905
   0.10050  -0.08329   1.30905
   0.10050  -0.08329   1.30905
   0.10050   0.15671   1.30905
  -0.13950  -0.08329   1.30905
  -0.13950  -0.08329   1.30905
  -0.13950   0.15671   1.30905
  -0.13950   0.15671   1.30905
  -0.13950   0.15671   1.30905
  -0.13950  -0.08329   1.30905
  -0.13950  -0.08329   1.54905
  -0.13950  -0.08329   1.54905
  -0.13950  -0.08329   1.54905
  -0.13950  -0.08329   1.54905
  -0.13950  -0.08329   1.54905
  -0.13950  -0.08329   1.54905
  -0.13950  -0.08329   1.54905
  -0.13950  -0.08329   1.54905
  -0.13950  -0.08329   1.54905
  -0.13950  -0.08329   1.54905
  -0.13950  -0.08329   1.54905
  -0.13950  -0.08329   1.54905
  -0.37950  -0.08329   1.54905
  -0.13950  -0.08329   1.54905
  -0.37950  -0.08329   1.54905
  -0.37950  -0.08329   1.54905
  -0.37950  -0.08329   1.54905
  -0.37950  -0.08329   1.54905
  -0.37950  -0.08329   1.54905
  -0.37950  -0.08329   1.54905
  -0.37950  -0.08329   1.54905
  -0.37950  -0.08329   1.30905
  -0.37950  -0.08329   1.30905
  -0.37950  -0.08329   1.30905
  -0.37950  -0.08329   1.30905
  -0.37950  -0.08329   1.30905
  -0.37950  -0.08329   1.30905
  -0.37950  -0.08329   1.30905
  -0.61950  -0.08329   1.30905
  -0.61950  -0.08329   1.06905
  -0.61950  -0.08329   1.06905
  -0.61950  -0.08329   1.06905
  -0.61950  -0.08329   1.06905
  -0.61950  -0.08329   0.83905
  -0.61950  -0.08329   0.35905
  -0.61950  -0.08329   0.83905
  -0.61950   0.15671   0.83905
  -0.61950   0.15671   0.83905
  -0.61950   0.15671   0.59905
  -0.61950   0.15671   0.59905
  -0.61950   0.15671   0.59905
  -0.61950   0.15671   0.59905
  -0.61950   0.15671   0.59905
  -0.61950   0.15671   0.35905
  -0.61950   0.15671   0.35905
  -0.61950   0.15671   0.35905
  -0.61950   0.15671   0.35905
  -0.85950   0.15671   0.35905
  -0.61950   0.15671   0.35905
  -0.61950  -0.08329   0.35905
  -0.85950   0.39671   0.35905
  -0.85950   0.39671   0.35905
  -0.85950   0.39671   0.35905
  -0.85950   0.39671   0.35905
  -0.85950   0.39671   0.35905
  -0.85950   0.39671   0.35905
  -0.85950   0.39671   0.35905
  -0.85950   0.39671   0.35905
  -1.09950   0.39671   0.35905
  -1.09950   0.39671   0.35905
  -1.09950   0.39671   0.35905
  -1.09950   0.39671   0.35905
  -1.09950   0.39671   0.35905
  -1.09950   0.39671   0.35905
  -1.09950   0.39671   0.59905
  -1.09950   0.39671   0.59905
  -1.09950   0.39671   0.59905
  -1.09950   0.39671   0.59905
  -1.09950   0.39671   0.59905
  -1.09950   0.39671   0.59905
  -1.09950   0.39671   0.59905
  -1.33950   0.15671   0.59905
  -1.33950   0.39671   0.59905
  -1.33950   0.15671   0.59905
  -1.09950   0.15671   0.59905
  -1.09950   0.15671   0.59905
  -1.09950   0.15671   0.59905
  -1.09950   0.15671   0.59905
  -1.09950   0.15671   0.59905
  -1.09950   0.15671   0.59905
  -1.09950   0.15671   0.59905
  -1.09950   0.39671   0.59905
  -1.09950   0.15671   0.59905
  -1.09950   0.15671   0.83905
  -1.09950   0.15671   0.83905
  -1.09950   0.15671   0.83905
  -1.09950   0.15671   0.59905
  -1.09950   0.15671   0.83905
  -1.33950   0.15671   0.59905
  -1.33950   0.15671   0.59905
  -1.33950   0.15671   0.59905
  -1.33950   0.15671   0.59905
  -1.33950   0.15671   0.59905
  -1.33950   0.15671   0.35905
  -1.33950   0.15671   0.59905
  -1.33950   0.15671   0.35905
  -1.33950   0.15671   0.35905
  -1.33950   0.15671   0.35905
  -1.33950  -0.08329   0.35905
  -1.09950  -0.08329   0.35905
  -1.09950  -0.08329   0.11905
  -1.09950  -0.08329   0.35905
  -1.09950  -0.08329   0.11905
  -1.09950  -0.08329   0.11905
  -1.09950  -0.08329   0.11905
  -1.09950  -0.08329   0.11905
  -1.09950  -0.08329   0.11905
  -1.09950  -0.08329   0.11905
  -1.09950  -0.32329   0.11905
  -1.09950  -0.32329   0.11905
  -1.09950  -0.08329   0.11905
  -0.85950  -0.08329   0.11905
  -1.09950  -0.08329   0.11905
  -0.85950  -0.08329   0.11905
  -0.85950  -0.08329   0.11905
  -0.85950  -0.08329   0.11905
  -0.85950  -0.32329   0.11905
  -0.85950  -0.32329   0.11905
  -0.85950  -0.08329   0.11905
  -0.61950  -0.32329   0.11905
  -0.85950  -0.08329   0.11905
  -0.85950  -0.08329   0.11905
  -0.61950  -0.08329   0.11905
  -0.61950  -0.32329   0.11905
  -0.61950  -0.32329   0.11905
  -0.61950  -0.32329   0.11905
  -0.61950  -0.08329   0.11905
  -0.61950  -0.08329   0.11905
  -0.61950  -0.55329  -0.12095
  -0.85950  -0.08329  -0.12095
  -0.61950  -0.08329  -0.12095
  -0.61950  -0.08329  -0.12095
  -0.61950  -0.08329  -0.12095
  -0.61950  -0.08329  -0.12095
  -0.61950  -0.08329  -0.12095
  -0.61950   0.15671  -0.36095
  -0.61950   0.15671  -0.36095
  -0.61950   0.15671  -0.36095
  -0.61950   0.15671  -0.36095
  -0.61950   0.15671  -0.36095
  -0.61950   0.15671  -0.36095
  -0.37950   0.15671  -0.60095
  -0.37950   0.15671  -0.60095
  -0.37950   0.15671  -0.60095
  -0.37950   0.15671  -0.60095
  -0.37950   0.15671  -0.60095
  -0.37950   0.15671  -0.60095
  -0.37950   0.15671  -0.60095
  -0.13950   0.15671  -0.60095
  -0.13950   0.15671  -0.60095
  -0.13950   0.15671  -0.60095
  -0.13950   0.15671  -0.60095
  -0.13950   0.15671  -0.84095
  -0.13950   0.15671  -0.84095
   0.10050  -0.08329  -0.84095
  -0.13950   0.15671  -0.84095
   0.10050  -0.08329  -0.84095
   0.10050  -0.08329  -0.84095
   0.10050  -0.08329  -1.08095
   0.10050  -0.08329  -1.08095
   0.10050  -0.08329  -1.08095
   0.10050  -0.08329  -1.08095
   0.10050  -0.08329  -1.08095
   0.10050  -0.08329  -1.08095
   0.10050  -0.08329  -1.08095
   0.10050  -0.08329  -1.08095
   0.10050  -0.08329  -1.08095
   0.34050  -0.08329  -1.08095
   0.34050  -0.08329  -1.08095
   0.34050  -0.08329  -1.08095
   0.34050  -0.08329  -1.08095
   0.34050  -0.08329  -1.08095
   0.34050  -0.08329  -1.08095
   0.34050  -0.08329  -1.08095
   0.34050  -0.08329  -1.08095
   0.34050  -0.32329  -1.08095
   0.34050  -0.32329  -1.08095
   0.34050  -0.32329  -1.08095
   0.10050  -0.32329  -1.08095
   0.34050  -0.32329  -1.08095
   0.34050  -0.32329  -0.84095
   0.34050  -0.32329  -0.84095
   0.34050  -0.32329  -0.84095
   0.34050  -0.32329  -0.84095
   0.34050  -0.32329  -0.84095
   0.34050  -0.32329  -0.84095
   0.34050  -0.32329  -0.84095
   0.34050  -0.32329  -0.84095
   0.10050  -0.32329  -0.60095
   0.10050  -0.32329  -0.60095
   0.10050  -0.32329  -0.60095
   0.34050  -0.32329  -0.60095
   0.10050  -0.32329  -0.60095
   0.10050  -0.32329  -0.60095
   0.10050  -0.32329  -0.60095
   0.10050  -0.32329  -0.60095
   0.10050  -0.32329  -0.60095
   0.10050  -0.32329  -0.60095
   0.10050  -0.32329  -0.60095
   0.10050  -0.32329  -0.60095
   0.10050  -0.32329  -0.60095
   0.10050  -0.08329  -0.60095
   0.10050  -0.32329  -0.60095
   0.10050  -0.32329  -0.60095
   0.10050  -0.08329  -0.60095
   0.10050  -0.08329  -0.60095
   0.10050  -0.08329  -0.60095
   0.10050  -0.08329  -0.60095
   0.10050  -0.08329  -0.60095
   0.10050   0.15671  -0.60095
   0.10050  -0.08329  -0.60095
   0.10050   0.15671  -0.60095
   0.10050   0.15671  -0.60095
   0.10050   0.15671  -0.60095
   0.10050   0.15671  -0.60095
   0.10050   0.15671  -0.60095
   0.10050   0.15671  -0.36095
   0.10050   0.15671  -0.60095
   0.10050   0.15671  -0.60095
   0.10050   0.15671  -0.36095
   0.10050   0.15671  -0.36095
   0.34050   0.15671  -0.36095
   0.34050   0.15671  -0.60095
   0.34050   0.15671  -0.36095
   0.34050  -0.08329  -0.36095
   0.34050  -0.08329  -0.36095
   0.34050  -0.08329  -0.36095
   0.34050  -0.08329  -0.36095
   0.34050  -0.08329  -0.36095
   0.58050  -0.08329  -0.36095
   0.58050  -0.08329  -0.36095
   0.58050  -0.08329  -0.36095
   0.58050  -0.08329  -0.36095
   0.58050  -0.08329  -0.36095
   0.58050  -0.08329  -0.36095
   0.58050  -0.08329  -0.36095
   0.82050  -0.08329  -0.36095
   0.82050  -0.08329  -0.36095
   0.82050  -0.08329  -0.12095
   0.82050  -0.08329  -0.12095
   0.82050  -0.08329  -0.12095
   0.82050  -0.08329  -0.12095
   0.82050  -0.08329  -0.12095
   0.82050  -0.08329  -0.12095
   0.82050  -0.08329  -0.12095
   0.82050  -0.08329  -0.12095
   0.82050  -0.08329  -0.12095
   0.82050  -0.08329  -0.12095
   0.82050   0.15671  -0.12095
   0.82050   0.15671  -0.12095
   1.06050  -0.08329  -0.12095
   1.06050  -0.08329  -0.12095
   1.06050   0.15671  -0.12095
   0.82050  -0.08329  -0.12095
   1.06050  -0.08329   0.11905
   1.06050  -0.08329   0.11905
   1.06050  -0.08329   0.11905
   1.06050  -0.08329   0.11905
   1.06050  -0.08329   0.11905
   1.06050  -0.08329   0.11905
   1.06050  -0.08329   0.11905
   1.30050  -0.08329   0.11905
   1.30050  -0.08329   0.11905
   1.30050  -0.08329   0.35905
   1.30050  -0.08329   0.35905
   1.30050  -0.08329   0.35905
   1.30050  -0.08329   0.35905
   1.30050  -0.08329   0.35905
   1.30050  -0.08329   0.35905
   1.30050  -0.08329   0.35905
   1.06050  -0.08329   0.35905
   1.30050  -0.08329   0.35905
   1.54050  -0.08329   0.35905
   0.82050  -0.08329   0.35905
   1.30050  -0.08329   0.35905
   1.30050  -0.08329   0.11905
   1.54050  -0.08329   0.11905
   1.30050  -0.08329   0.11905
   1.54050   0.15671   0.11905
   1.54050   0.15671   0.11905
   1.30050   0.15671   0.11905
   1.30050   0.15671   0.11905
   1.30050   0.15671   0.11905
   1.30050   0.15671   0.11905
   1.30050   0.15671   0.11905
   1.30050   0.15671   0.11905
   1.30050   0.15671  -0.12095
   1.30050   0.15671   0.11905
   1.30050   0.15671   0.11905
   1.30050   0.15671  -0.12095
   1.30050   0.15671  -0.12095
   1.30050   0.39671  -0.12095
   1.30050   0.15671  -0.12095
   1.30050   0.15671  -0.12095
   1.06050   0.39671  -0.12095
   1.06050   0.39671  -0.12095
   1.06050   0.15671  -0.12095
   1.06050   0.39671  -0.12095
   1.06050   0.39671  -0.12095
   1.06050   0.39671  -0.12095
   1.06050   0.39671  -0.12095
   1.06050   0.39671  -0.12095
   0.82050   0.39671  -0.36095
   0.82050   0.39671  -0.36095
   0.82050   0.39671  -0.36095
   0.82050   0.15671  -0.36095
   0.82050   0.39671  -0.36095
   0.82050   0.39671  -0.60095
   0.58050   0.15671  -0.60095
   0.58050   0.15671  -0.60095
   0.58050   0.15671  -0.60095
   0.58050   0.39671  -0.60095
   0.34050   0.39671  -0.60095
   0.34050   0.39671  -0.60095
   0.34050   0.39671  -0.60095
   0.34050   0.39671  -0.60095
   0.10050   0.15671  -0.60095
   0.10050   0.39671  -0.60095
   0.10050   0.15671  -0.60095
  -0.13950   0.15671  -0.60095
  -0.13950   0.15671  -0.60095
  -0.13950   0.15671  -0.60095
  -0.13950   0.15671  -0.60095
  -0.13950   0.15671  -0.60095
  -0.13950   0.15671  -0.60095
  -0.37950   0.15671  -0.60095
  -0.37950   0.15671  -0.60095
  -0.37950   0.15671  -0.60095
  -0.37950   0.39671  -0.60095
  -0.37950   0.39671  -0.60095
  -0.37950   0.15671  -0.60095
  -0.37950   0.39671  -0.60095
  -0.37950   0.39671  -0.60095
  -0.37950   0.39671  -0.60095
  -0.37950   0.39671  -0.60095
  -0.37950   0.39671  -0.60095
  -0.37950   0.39671  -0.60095
  -0.61950   0.39671  -0.84095
  -0.37950   0.39671  -0.60095
  -0.37950   0.39671  -0.84095
  -0.61950   0.15671  -0.60095
  -0.61950   0.15671  -0.60095
  -0.61950   0.15671  -0.84095
  -0.61950   0.15671  -0.84095
  -0.61950   0.15671  -0.84095
  -0.61950   0.15671  -0.84095
  -0.61950   0.15671  -0.84095
  -0.61950   0.15671  -0.84095
  -0.61950   0.15671  -0.84095
  -0.61950   0.15671  -0.84095
  -0.61950   0.15671  -0.84095
  -0.61950   0.15671  -0.60095
  -0.61950   0.15671  -0.60095
  -0.61950  -0.55329  -0.60095
  -0.61950   0.15671  -0.84095
  -0.61950  -0.08329  -0.60095
  -0.61950  -0.08329  -0.60095
  -0.61950  -0.08329  -0.60095
  -0.61950  -0.08329  -0.60095
  -0.61950  -0.08329  -0.60095
  -0.61950  -0.08329  -0.60095
  -0.61950  -0.08329  -0.60095
  -0.61950  -0.08329  -0.60095
  -0.61950  -0.08329  -0.60095
  -0.61950  -0.32329  -0.36095
  -0.61950  -0.32329  -0.36095
  -0.61950  -0.32329  -0.36095
  -0.61950  -0.32329  -0.36095
  -0.61950  -0.32329  -0.36095
  -0.61950  -0.32329  -0.36095
  -0.61950  -0.32329  -0.36095
  -0.61950  -0.32329  -0.36095
  -0.61950  -0.32329  -0.36095
  -0.61950  -0.32329  -0.12095
  -0.61950  -0.32329  -0.60095
  -0.61950  -0.32329  -0.12095
  -0.61950  -0.32329  -0.12095
  -0.61950  -0.32329  -0.12095
  -0.61950  -0.32329  -0.12095
  -0.85950  -0.32329   0.11905
  -0.85950  -0.32329   0.11905
  -0.85950  -0.32329   0.11905
  -0.85950  -0.32329   0.11905
  -0.85950  -0.32329   0.11905
  -0.85950  -0.32329   0.35905
  -1.09950  -0.32329   0.35905
  -1.09950  -0.32329   0.35905
  -1.09950  -0.32329   0.35905
  -1.09950  -0.32329   0.35905
  -1.09950  -0.32329   0.35905
  -1.09950  -0.32329   0.35905
  -1.09950  -0.32329   0.59905
  -1.09950  -0.32329   0.59905
  -1.09950  -0.32329   0.59905
  -1.09950  -0.32329   0.59905
  -0.85950  -0.32329   0.59905
  -1.09950  -0.32329   0.59905
  -0.85950  -0.32329   0.59905
  -0.85950  -0.32329   0.59905
  -0.85950  -0.32329   0.59905
  -0.85950  -0.32329   0.83905
  -0.85950  -0.32329   0.59905
  -0.61950  -0.32329   0.83905
  -0.61950  -0.08329   0.59905
  -0.61950  -0.08329   0.83905
  -0.61950  -0.08329   0.59905
  -0.61950  -0.32329   0.83905
  -0.61950  -0.08329   0.83905
  -0.37950  -0.32329   0.59905
  -0.37950  -0.08329   0.59905
  -0.37950  -0.08329   0.59905
  -0.37950  -0.08329   0.59905
  -0.37950  -0.08329   0.59905
  -0.37950  -0.32329   0.59905
  -0.13950  -0.08329   0.59905
  -0.13950  -0.08329   0.59905
  -0.37950  -0.08329   0.59905
  -0.13950  -0.08329   0.59905
  -0.13950  -0.08329   0.59905
  -0.13950  -0.08329   0.59905
  -0.13950  -0.08329   0.59905
  -0.13950  -0.08329   0.59905
  -0.13950  -0.08329   0.59905
  -0.13950  -0.08329   0.35905
  -0.13950  -0.08329   0.35905
  -0.13950  -0.32329   0.35905
  -0.13950  -0.08329   0.35905
  -0.13950  -0.32329   0.35905
  -0.13950  -0.32329   0.35905
  -0.13950  -0.32329   0.35905
  -0.13950  -0.32329   0.35905
  -0.13950  -0.08329   0.35905
  -0.13950  -0.32329   0.35905
   0.10050  -0.32329   0.35905
   0.10050  -0.32329   0.35905
   0.10050  -0.32329   0.35905
   0.10050  -0.32329   0.59905
  -0.13950  -0.32329   0.59905
  -0.13950  -0.32329   0.59905
   0.10050  -0.08329   0.59905
   0.10050  -0.08329   0.59905
   0.10050  -0.08329   0.59905
   0.10050  -0.08329   0.59905
  -0.13950  -0.08329   0.59905
   0.10050  -0.08329   0.59905
  -0.13950  -0.08329   0.59905
  -0.13950  -0.08329   0.59905
   0.10050  -0.08329   0.59905
  -0.13950  -0.08329   0.59905
  -0.13950  -0.08329   0.59905
  -0.13950  -0.08329   0.59905
  -0.13950  -0.08329   0.59905
  -0.13950  -0.08329   0.59905
  -0.37950  -0.08329   0.59905
  -0.13950  -0.08329   0.59905
  -0.13950  -0.08329   0.59905
  -0.13950  -0.08329   0.83905
  -0.13950  -0.08329   0.59905
  -0.13950  -0.08329   0.59905
  -0.37950  -0.08329   0.59905
  -0.37950  -0.08329   0.59905
  -0.37950  -0.08329   0.59905
  -0.37950   0.15671   0.59905
  -0.37950   0.15671   0.59905
  -0.37950   0.15671   0.83905
  -0.37950   0.15671   0.59905
  -0.37950   0.15671   0.83905
  -0.37950   0.15671   0.83905
  -0.37950   0.15671   0.83905
  -0.37950   0.15671   0.59905
  -0.37950   0.15671   0.59905
  -0.37950   0.15671   0.59905
  -0.37950   0.15671   0.59905
  -0.37950   0.15671   0.59905
  -0.37950   0.15671   0.59905
  -0.37950   0.15671   0.59905
  -0.37950   0.15671   0.59905
  -0.37950   0.15671   0.59905
  -0.37950   0.15671   0.59905
  -0.37950  -0.08329   0.59905
  -0.37950  -0.08329   0.59905
  -0.37950  -0.32329   0.35905
  -0.37950  -0.08329   0.59905
  -0.37950  -0.08329   0.59905
  -0.37950  -0.08329   0.59905
  -0.37950  -0.08329   0.59905
  -0.37950  -0.08329   0.59905
  -0.37950  -0.08329   0.59905
  -0.37950  -0.08329   0.59905
  -0.37950  -0.08329   0.59905
  -0.37950  -0.08329   0.59905
  -0.37950  -0.08329   0.59905
  -0.13950  -0.08329   0.59905
  -0.13950  -0.08329   0.59905
  -0.13950  -0.08329   0.35905
  -0.13950  -0.08329   0.59905
  -0.13950  -0.08329   0.59905
  -0.13950  -0.08329   0.59905
  -0.13950  -0.08329   0.59905
  -0.13950  -0.08329   0.35905
  -0.13950  -0.08329   0.35905
  -0.13950  -0.08329   0.35905
  -0.13950  -0.08329   0.35905
  -0.13950  -0.08329   0.35905
  -0.13950  -0.08329   0.35905
  -0.13950  -0.08329   0.35905
  -0.13950  -0.08329   0.35905
  -0.13950  -0.08329   0.35905
  -0.13950  -0.08329   0.35905
  -0.13950  -0.08329   0.35905
  -0.13950  -0.08329   0.35905
  -0.13950  -0.08329   0.35905
  -0.13950  -0.08329   0.59905
  -0.13950  -0.08329   0.59905
   0.10050  -0.08329   0.59905
   0.10050  -0.08329   0.59905
   0.10050  -0.08329   0.59905
   0.10050  -0.08329   0.59905
   0.10050  -0.08329   0.83905
   0.10050  -0.08329   0.83905
   0.10050  -0.08329   0.59905
   0.10050  -0.08329   0.83905
   0.10050  -0.08329   0.83905
   0.10050  -0.08329   0.83905
   0.34050  -0.08329   0.83905
   0.34050  -0.08329   0.83905
   0.34050   0.15671   0.83905
   0.34050   0.15671   0.83905
   0.34050   0.15671   0.83905
   0.34050   0.15671   0.83905
   0.34050   0.15671   1.06905
   0.58050   0.15671   1.06905
   0.58050   0.15671   1.06905
   0.58050   0.15671   0.83905
   0.58050   0.15671   1.06905
   0.58050   0.15671   1.06905
   0.82050   0.15671   1.06905
   0.82050   0.15671   1.06905
   0.82050   0.15671   1.06905
   0.82050   0.15671   1.06905
   0.82050   0.15671   1.06905
   0.82050   0.15671   0.83905
   0.82050   0.15671   1.06905
   0.82050   0.15671   1.06905
   0.82050   0.15671   1.06905
   0.82050   0.15671   1.06905
   0.82050   0.15671   1.06905
   0.82050   0.15671   1.06905
   0.82050   0.15671   1.06905
   0.82050   0.15671   1.06905
   0.82050   0.15671   0.83905
   0.34050   0.15671   0.83905
   0.82050   0.15671   0.83905
   0.82050   0.39671   0.83905
   0.82050   0.39671   0.83905
   0.82050   0.15671   0.83905
   0.82050   0.39671   0.83905
   0.82050   0.39671   0.83905
   0.82050   0.39671   0.83905
   0.82050   0.39671   0.83905
   0.82050   0.39671   0.83905
   0.82050   0.39671   0.83905
   0.82050   0.39671   0.83905
   0.82050   0.39671   0.83905
   0.58050   0.39671   0.83905
   0.82050   0.39671   0.59905
   0.82050   0.39671   0.59905
   0.58050   0.39671   0.59905
   0.58050   0.39671   0.59905
   0.58050   0.39671   0.59905
   0.58050   0.39671   0.59905
   0.58050   0.39671   0.59905
   0.58050   0.39671   0.59905
   0.34050   0.39671   0.59905
   0.34050   0.39671   0.35905
   0.34050   0.39671   0.35905
   0.34050   0.39671   0.35905
   0.34050   0.39671   0.35905
   0.34050   0.39671   0.35905
   0.10050   0.39671   0.35905
   0.10050   0.39671   0.11905
   0.10050   0.39671   0.11905
   0.10050   0.39671   0.11905
   0.10050   0.39671  -0.12095
   0.10050   0.39671  -0.12095
   0.10050   0.39671  -0.12095
   0.10050   0.39671  -0.12095
   0.10050   0.39671  -0.36095
   0.10050   0.39671  -0.36095
  -0.13950   0.39671  -0.36095
   0.10050   0.39671  -0.60095
   0.10050   0.39671  -0.60095
   0.10050   0.39671  -0.60095
   0.10050   0.39671  -0.84095
   0.10050   0.15671  -0.84095
   0.10050   0.39671  -0.84095
   0.10050   0.39671  -0.84095
   0.10050   0.39671  -1.08095
   0.10050   0.15671  -1.08095
   0.10050   0.39671  -1.08095
  -0.13950   0.15671  -1.32095
  -0.13950   0.15671  -1.32095
  -0.13950   0.15671  -1.32095
  -0.13950   0.15671  -1.32095
  -0.13950   0.15671  -1.32095
  -0.13950   0.15671  -1.32095
  -0.13950   0.15671  -1.56095
  -0.13950   0.15671  -1.56095
  -0.13950   0.15671  -1.56095
  -0.13950   0.15671  -1.56095
  -0.13950   0.15671  -1.56095
  -0.13950   0.15671  -1.56095
  -0.13950  -0.08329  -1.56095
  -0.13950  -0.08329  -1.80095
  -0.37950  -0.08329  -1.80095
  -0.13950  -0.08329  -1.80095
  -0.13950  -0.08329  -1.80095
  -0.13950  -0.08329  -1.80095
  -0.13950  -0.08329  -2.04095
  -0.13950  -0.08329  -2.04095
  -0.13950  -0.08329  -2.04095
  -0.13950  -0.08329  -2.04095
  -0.13950  -0.32329  -2.04095
  -0.13950  -0.08329  -2.28095
  -0.13950  -0.32329  -2.04095
  -0.13950  -0.32329  -2.04095
  -0.13950  -0.08329  -2.04095
   0.10050  -0.32329  -1.80095
  -0.13950  -0.08329  -1.80095
  -0.13950  -0.32329  -1.80095
   0.10050  -0.32329  -1.80095
   0.10050  -0.08329  -1.80095
  -0.13950  -0.08329  -1.56095
   0.10050  -0.32329  -1.56095
   0.10050  -0.08329  -1.56095
   0.10050  -0.08329  -1.56095
   0.10050  -0.32329  -1.32095
   0.10050  -0.08329  -1.32095
   0.10050  -0.32329  -1.32095
   0.10050  -0.32329  -1.32095
   0.10050  -0.32329  -1.32095
   0.10050  -0.32329  -1.08095
   0.10050  -0.32329  -1.08095
   0.10050  -0.32329  -1.08095
   0.10050  -0.32329  -1.08095
   0.10050  -0.32329  -1.08095
   0.10050  -0.32329  -0.84095
   0.10050  -0.32329  -0.84095
   0.10050  -0.32329  -0.84095
   0.10050  -0.32329  -0.84095
   0.10050  -0.32329  -0.84095
   0.10050  -0.32329  -0.84095
   0.10050  -0.32329  -0.84095
   0.10050  -0.32329  -0.60095
   0.10050  -0.32329  -0.60095
   0.10050  -0.32329  -0.60095
   0.10050  -0.32329  -0.60095
  -0.13950  -0.32329  -0.84095
  -0.13950  -0.32329  -0.84095
  -0.13950  -0.08329  -0.36095
  -0.13950  -0.32329  -0.36095
  -0.13950  -0.08329  -0.36095
  -0.13950  -0.08329  -0.36095
  -0.13950  -0.08329  -0.36095
  -0.13950  -0.08329  -0.36095
  -0.13950  -0.08329  -0.36095
  -0.13950  -0.08329  -0.12095
  -0.13950  -0.08329  -0.36095
  -0.13950  -0.08329  -0.36095
  -0.13950  -0.32329  -0.12095
  -0.13950  -0.32329  -0.12095
  -0.37950  -0.08329  -0.12095
  -0.37950  -0.08329  -0.12095
  -0.37950  -0.32329  -0.12095
  -0.37950  -0.08329  -0.12095
  -0.37950  -0.08329  -0.12095
  -0.13950  -0.08329  -0.12095
  -0.37950  -0.08329  -0.12095
  -0.37950  -0.08329  -0.12095
  -0.37950  -0.08329   0.11905
  -0.37950  -0.08329   0.11905
  -0.37950  -0.08329  -0.12095
  -0.37950  -0.08329   0.11905
  -0.37950  -0.08329  -0.12095
  -0.37950  -0.08329  -0.12095
  -0.37950  -0.08329   0.11905
  -0.37950  -0.08329  -0.12095
  -0.37950  -0.08329  -0.12095
  -0.37950  -0.08329  -0.12095
  -0.37950  -0.08329  -0.12095
  -0.37950  -0.08329  -0.12095
  -0.37950   0.15671  -0.12095
  -0.37950   0.15671  -0.12095
  -0.37950   0.15671  -0.12095
  -0.37950   0.15671  -0.12095
  -0.37950   0.15671  -0.12095
  -0.37950   0.15671  -0.12095
  -0.37950   0.15671  -0.12095
  -0.37950   0.15671  -0.12095
  -0.37950   0.15671  -0.36095
  -0.37950   0.15671  -0.12095
  -0.37950   0.15671  -0.12095
  -0.37950   0.15671  -0.12095
  -0.13950   0.15671  -0.12095
  -0.13950   0.15671  -0.12095
  -0.13950   0.15671  -0.12095
  -0.13950   0.15671  -0.12095
  -0.13950   0.15671  -0.12095
  -0.13950   0.15671  -0.12095
  -0.13950   0.15671  -0.12095
   0.10050   0.15671  -0.12095
   0.10050   0.15671  -0.12095
   0.10050  -0.08329  -0.12095
   0.10050   0.15671  -0.12095
   0.10050   0.15671  -0.12095
   0.10050   0.15671  -0.12095
   0.10050   0.15671  -0.12095
   0.10050   0.15671  -0.12095
  -0.13950   0.15671  -0.12095
  -0.13950   0.15671  -0.12095
  -0.13950   0.15671  -0.12095
  -0.13950   0.15671  -0.60095
  -0.13950   0.15671  -0.36095
  -0.13950   0.15671  -0.36095
  -0.13950   0.15671  -0.36095
  -0.13950   0.15671  -0.36095
  -0.37950   0.15671  -0.36095
  -0.37950   0.15671  -0.36095
  -0.37950   0.15671  -0.36095
  -0.37950   0.15671  -0.36095
  -0.37950   0.15671  -0.36095
  -0.37950   0.15671  -0.36095
  -0.37950   0.15671  -0.36095
  -0.37950   0.15671  -0.36095
  -0.37950   0.15671  -0.36095
  -0.37950   0.15671  -0.36095
  -0.37950   0.15671  -0.36095
  -0.37950   0.15671  -0.36095
  -0.37950   0.15671  -0.36095
  -0.37950   0.15671  -0.36095
  -0.37950   0.15671  -0.36095
  -0.37950   0.15671  -0.36095
  -0.37950   0.15671  -0.36095
  -0.37950   0.15671  -0.36095
  -0.37950   0.15671  -0.36095
  -0.37950   0.15671  -0.36095
  -0.37950   0.15671  -0.60095
  -0.37950   0.15671  -0.60095
  -0.37950   0.15671  -0.60095
  -0.37950   0.15671  -0.60095
  -0.37950   0.15671  -0.60095
  -0.37950  -0.08329  -0.60095
  -0.37950  -0.08329  -0.60095
  -0.37950  -0.08329  -0.60095
  -0.37950  -0.08329  -0.60095
  -0.37950  -0.08329  -0.60095
  -0.37950  -0.08329  -0.60095
  -0.37950  -0.08329  -0.60095
  -0.37950  -0.08329  -0.60095
  -0.37950  -0.08329  -0.60095
  -0.37950  -0.32329  -0.60095
  -0.37950  -0.32329  -0.60095
  -0.37950  -0.32329  -0.60095
  -0.37950  -0.32329  -0.60095
  -0.37950  -0.32329  -0.60095
  -0.37950  -0.32329  -0.60095
  -0.37950  -0.32329  -0.60095
  -0.37950  -0.32329  -0.60095
  -0.37950  -0.32329  -0.36095
  -0.37950  -0.32329  -0.36095
  -0.37950  -0.32329  -0.36095
  -0.37950  -0.32329  -0.36095
  -0.37950  -0.32329  -0.36095
  -0.37950  -0.32329  -0.36095
  -0.37950  -0.32329  -0.36095
  -0.37950  -0.32329  -0.36095
  -0.13950  -0.32329  -0.36095
  -0.13950  -0.32329  -0.36095
  -0.13950  -0.32329  -0.12095
  -0.13950  -0.32329  -0.12095
  -0.13950  -0.32329  -0.12095
  -0.13950  -0.32329  -0.12095
  -0.61950  -0.32329  -0.12095
  -0.13950  -0.32329  -0.12095
  -0.13950  -0.32329   0.11905
  -0.13950  -0.32329   0.11905
  -0.13950  -0.32329   0.11905
  -0.13950  -0.32329   0.11905
  -0.13950  -0.32329   0.11905
  -0.13950  -0.32329   0.11905
   0.10050  -0.32329   0.11905
  -0.13950  -0.32329   0.35905
   0.10050  -0.32329   0.35905
   0.10050  -0.08329   0.35905
   0.10050  -0.32329   0.35905
  -0.13950  -0.08329   0.35905
   0.10050  -0.32329   0.35905
   0.10050  -0.32329   0.35905
   0.10050  -0.32329   0.59905
   0.10050  -0.32329   0.59905
   0.10050  -0.32329   0.59905
   0.34050  -0.08329   0.59905
   0.34050  -0.08329   0.59905
   0.34050  -0.32329   0.59905
   0.34050  -0.32329   0.83905
   0.34050  -0.32329   0.83905
   0.34050  -0.08329   0.83905
   0.34050  -0.08329   0.83905
   0.34050  -0.08329   1.06905
   0.34050  -0.08329   1.06905
   0.34050  -0.08329   1.06905
   0.34050  -0.08329   1.06905
   0.58050  -0.08329   1.06905
   0.58050  -0.08329   1.30905
   0.58050  -0.08329   1.30905
   0.58050  -0.08329   1.30905
   0.58050  -0.08329   1.30905
   0.58050  -0.08329   1.30905
   0.82050  -0.08329   1.30905
   0.82050  -0.08329   1.30905
   0.82050  -0.08329   1.30905
   0.82050  -0.08329   1.30905
   0.82050  -0.08329   1.30905
   0.82050  -0.08329   1.30905
   0.82050  -0.08329   1.30905
   0.82050  -0.08329   1.30905
   0.82050  -0.08329   1.30905
   0.82050  -0.08329   1.30905
   0.82050   0.15671   1.30905
   0.82050   0.15671   1.54905
   0.82050   0.15671   1.30905
   0.82050   0.15671   1.30905
   0.58050   0.15671   1.30905
   0.82050   0.15671   1.30905
   0.82050   0.15671   1.30905
   0.82050   0.15671   1.30905
   0.82050   0.15671   1.30905
   0.82050   0.15671   1.30905
   0.82050   0.15671   1.30905
   0.82050   0.15671   1.30905
   0.82050   0.15671   1.30905
   0.82050   0.39671   1.30905
   0.58050   0.15671   1.30905
   0.58050   0.15671   1.06905
   0.58050   0.15671   1.30905
   0.58050   0.15671   1.06905
   0.58050   0.15671   1.06905
   0.58050   0.15671   1.06905
   0.58050   0.15671   1.06905
   0.58050   0.15671   1.06905
   0.34050   0.15671   1.06905
   0.34050   0.15671   1.06905
   0.34050   0.15671   1.06905
   0.34050   0.15671   0.83905
   0.34050   0.15671   0.83905
   0.34050   0.15671   0.83905
   0.34050   0.15671   0.83905
   0.34050   0.15671   0.83905
   0.34050   0.15671   0.83905
   0.34050   0.39671   0.83905
   0.34050   0.15671   0.83905
   0.34050   0.15671   0.83905
   0.34050   0.15671   0.59905
   0.34050   0.15671   0.83905
   0.10050   0.15671   0.83905
   0.34050   0.15671   0.59905
   0.10050   0.15671   0.59905
   0.10050   0.15671   0.59905
   0.10050   0.15671   0.59905
   0.10050   0.15671   0.59905
   0.10050   0.15671   0.59905
   0.10050   0.15671   0.59905
   0.10050   0.15671   0.59905
   0.10050   0.15671   0.59905
   0.10050   0.15671   0.59905
   0.10050   0.15671   0.59905
   0.10050   0.15671   0.59905
   0.10050   0.15671   0.59905
   0.10050   0.15671   0.59905
   0.10050   0.15671   0.59905
   0.10050   0.15671   0.59905
   0.10050   0.15671   0.59905
   0.10050   0.15671   0.35905
   0.10050   0.15671   0.35905
   0.10050   0.15671   0.35905
   0.10050   0.15671   0.35905
   0.10050   0.15671   0.35905
   0.10050   0.15671   0.35905
   0.10050   0.15671   0.35905
   0.10050   0.15671   0.35905
   0.10050   0.15671   0.35905
   0.10050   0.15671   0.11905
   0.10050   0.15671   0.11905
   0.10050   0.15671   0.11905
   0.10050   0.15671   0.11905
   0.10050   0.15671   0.11905
  -0.13950   0.15671   0.11905
   0.10050  -0.08329  -0.12095
   0.10050   0.15671   0.11905
   0.10050   0.15671  -0.12095
   0.10050   0.15671  -0.12095
   0.10050   0.15671  -0.12095
   0.10050   0.15671  -0.12095
   0.10050  -0.08329  -0.12095
   0.10050  -0.08329  -0.12095
   0.10050   0.15671  -0.12095
   0.10050   0.15671  -0.12095
   0.10050  -0.08329  -0.12095
   0.10050  -0.08329  -0.12095
   0.10050  -0.08329  -0.12095
   0.10050   0.15671  -0.12095
   0.10050  -0.08329  -0.12095
   0.10050   0.15671  -0.12095
   0.10050  -0.08329  -0.12095
   0.10050   0.15671  -0.12095
   0.10050   0.15671  -0.36095
   0.10050   0.15671  -0.36095
   0.10050   0.15671  -0.12095
   0.10050   0.15671  -0.36095
   0.10050   0.15671  -0.36095
   0.10050   0.15671  -0.36095
   0.10050   0.15671  -0.36095
   0.10050   0.15671  -0.36095
  -0.13950   0.15671  -0.36095
   0.10050   0.15671  -0.12095
  -0.13950   0.15671  -0.36095
  -0.13950   0.15671  -0.36095
  -0.13950   0.15671  -0.36095
   0.10050   0.15671  -0.36095
  -0.13950   0.15671  -0.36095
  -0.13950   0.15671  -0.36095
  -0.13950   0.15671  -0.36095
  -0.13950   0.15671  -0.36095
  -0.13950   0.15671  -0.36095
  -0.13950   0.15671  -0.12095
  -0.13950   0.15671  -0.36095
  -0.13950   0.15671  -0.12095
  -0.13950   0.15671  -0.36095
  -0.13950   0.15671  -0.36095
  -0.13950  -0.08329  -0.12095
  -0.13950   0.15671  -0.12095
  -0.13950   0.15671  -0.12095
  -0.13950  -0.08329  -0.12095
  -0.13950   0.15671  -0.12095
  -0.13950  -0.08329  -0.12095
  -0.13950  -0.08329  -0.12095
  -0.37950   0.15671  -0.12095
  -0.37950   0.15671  -0.12095
  -0.37950   0.15671  -0.12095
  -0.37950   0.15671  -0.12095
  -0.37950   0.15671  -0.12095
  -0.37950  -0.08329  -0.12095
  -0.37950   0.15671  -0.12095
  -0.37950   0.15671  -0.12095
  -0.37950  -0.08329  -0.12095
  -0.37950   0.15671  -0.12095
  -0.61950   0.15671  -0.12095
  -0.61950   0.15671  -0.12095
  -0.61950   0.15671  -0.12095
  -0.61950  -0.08329  -0.12095
  -0.61950   0.15671  -0.12095
  -0.61950  -0.08329  -0.12095
  -0.61950  -0.08329  -0.12095
  -0.61950  -0.08329  -0.12095
  -0.85950   0.15671  -0.12095
  -0.85950  -0.08329  -0.12095
  -0.85950  -0.08329  -0.36095
  -0.85950  -0.08329  -0.36095
  -0.85950  -0.08329  -0.36095
  -0.85950  -0.08329  -0.36095
  -0.85950  -0.08329  -0.36095
  -0.85950  -0.08329  -0.36095
  -0.85950   0.15671  -0.36095
  -1.09950   0.15671  -0.36095
  -1.09950   0.15671  -0.36095
  -1.09950   0.15671  -0.36095
  -1.09950   0.15671  -0.36095
  -1.09950   0.15671  -0.36095
  -1.09950   0.15671  -0.36095
  -1.33950   0.15671  -0.36095
  -1.09950   0.15671  -0.36095
  -1.09950   0.15671  -0.36095
  -1.09950   0.15671  -0.36095
  -1.09950   0.15671  -0.36095
  -1.09950   0.15671  -0.36095
  -1.09950   0.15671  -0.36095
  -1.09950   0.15671  -0.36095
  -1.09950   0.15671  -0.36095
  -1.09950   0.15671  -0.36095
  -1.09950   0.15671  -0.36095
  -1.09950   0.15671  -0.36095
  -1.09950   0.15671  -0.36095
  -1.09950  -0.08329  -0.36095
  -1.09950   0.15671  -0.36095
  -1.09950   0.15671  -0.36095
  -1.09950   0.15671  -0.36095
  -1.09950   0.15671  -0.36095
  -1.09950   0.15671  -0.36095
  -1.09950   0.15671  -0.36095
  -1.09950   0.15671  -0.36095
  -1.09950   0.15671  -0.36095
  -1.09950   0.15671  -0.36095
  -1.09950   0.15671  -0.36095
  -1.09950   0.15671  -0.36095
  -1.09950   0.15671  -0.36095
  -1.09950   0.15671  -0.12095
  -1.09950   0.15671  -0.12095
  -1.09950   0.15671  -0.12095
  -1.09950   0.15671  -0.12095
  -1.09950   0.15671  -0.12095
  -1.09950  -0.08329  -0.12095
  -1.09950   0.15671  -0.12095
  -1.09950   0.15671  -0.12095
  -1.09950  -0.08329  -0.12095
  -1.09950  -0.08329  -0.12095
  -0.85950  -0.08329  -0.12095
  -0.85950  -0.08329  -0.12095
  -1.09950  -0.08329  -0.12095
  -0.85950  -0.08329  -0.12095
  -0.85950  -0.08329  -0.12095
  -0.85950  -0.08329  -0.12095
  -0.85950  -0.08329  -0.12095
  -0.85950  -0.08329  -0.12095
  -0.85950  -0.08329  -0.12095
  -0.61950  -0.08329  -0.12095
  -0.85950  -0.08329  -0.36095
  -0.85950  -0.08329  -0.36095
  -0.61950  -0.08329  -0.36095
  -0.61950  -0.08329  -0.12095
  -0.61950  -0.08329  -0.36095
  -0.61950  -0.08329  -0.36095
  -0.61950  -0.32329  -0.36095
  -0.61950  -0.08329  -0.36095
  -0.61950  -0.08329  -0.36095
  -0.61950  -0.08329  -0.60095
  -0.61950  -0.32329  -0.36095
  -0.61950  -0.32329  -0.36095
  -0.61950  -0.32329  -0.36095
  -0.61950  -0.08329  -0.60095
  -0.61950  -0.32329  -0.60095
  -0.61950  -0.08329  -0.60095
  -0.61950  -0.08329  -0.60095
  -0.61950  -0.08329  -0.60095
  -0.61950  -0.32329  -0.60095
  -0.61950  -0.32329  -0.60095
  -0.37950  -0.08329  -0.60095
  -0.37950  -0.08329  -0.60095
  -0.37950  -0.08329  -0.60095
  -0.37950  -0.08329  -0.60095
  -0.37950  -0.32329  -0.60095
  -0.37950  -0.08329  -0.60095
  -0.37950  -0.08329  -0.60095
  -0.13950  -0.08329  -0.60095
  -0.13950  -0.08329  -0.84095
  -0.13950  -0.08329  -0.60095
  -0.13950  -0.08329  -0.84095
  -0.13950  -0.32329  -0.84095
  -0.13950  -0.08329  -0.60095
  -0.13950  -0.08329  -0.60095
  -0.13950  -0.32329  -0.60095
   0.10050  -0.32329  -0.84095
   0.10050  -0.32329  -0.60095
   0.10050  -0.32329  -0.60095
   0.10050  -0.32329  -0.60095
   0.10050  -0.32329  -0.60095
   0.34050  -0.32329  -0.60095
   0.34050  -0.32329  -0.60095
   0.34050  -0.08329  -0.60095
   0.34050  -0.32329  -0.36095
   0.34050  -0.08329  -0.36095
   0.58050  -0.08329  -0.36095
   0.58050  -0.08329  -0.60095
   0.58050  -0.08329  -0.36095
   0.82050  -0.08329  -0.36095
   0.82050  -0.08329  -0.36095
   0.82050  -0.08329  -0.36095
   0.82050  -0.08329  -0.36095
   0.82050   0.15671  -0.36095
   0.82050   0.15671  -0.36095
   0.58050  -0.08329  -0.12095
   1.06050   0.15671  -0.12095
   1.06050   0.15671  -0.12095
   1.06050   0.15671  -0.12095
   1.06050   0.15671  -0.12095
   1.06050   0.15671  -0.12095
   1.30050   0.15671  -0.12095
   1.30050   0.15671  -0.12095
   1.06050   0.15671  -0.12095
   1.30050   0.15671  -0.12095
   1.30050   0.39671  -0.12095
   1.30050   0.15671  -0.12095
   1.30050   0.39671  -0.12095
   1.30050   0.39671  -0.12095
   1.30050   0.15671   0.11905
   1.30050   0.15671   0.11905
   1.30050   0.15671   0.11905
   1.30050   0.15671   0.11905
   1.54050   0.39671   0.11905
   1.54050   0.39671   0.11905
   1.54050   0.15671   0.11905
   1.54050   0.15671   0.11905
   1.54050   0.15671   0.11905
   1.54050   0.15671   0.11905
   1.54050   0.15671   0.11905
   1.54050   0.15671   0.11905
   1.54050   0.15671   0.11905
   1.54050   0.15671   0.35905
   1.54050   0.15671   0.11905
   1.78050   0.15671   0.11905
   1.78050  -0.08329   0.35905
   1.78050   0.15671   0.35905
   1.54050   0.15671   0.35905
   1.54050   0.15671   0.35905
   1.78050   0.15671   0.35905
   1.78050   0.15671   0.35905
   1.78050   0.15671   0.35905
   1.78050   0.39671   0.35905
   1.78050   0.39671   0.35905
   1.78050   0.15671   0.35905
   1.78050   0.39671   0.35905
   1.78050   0.39671   0.35905
   1.78050   0.39671   0.35905
   1.78050   0.15671   0.59905
   1.78050   0.15671   0.59905
   1.78050   0.15671   0.59905
   1.78050   0.15671   0.59905
   1.78050   0.15671   0.59905
   1.78050   0.15671   0.59905
   1.78050   0.15671   0.59905
   1.78050   0.15671   0.83905
   1.78050   0.15671   0.83905
   1.78050   0.15671   0.83905
   1.54050  -0.08329   0.83905
   1.54050  -0.08329   0.83905
   1.78050  -0.08329   0.83905
   1.54050  -0.08329   0.83905
   1.54050  -0.08329   0.83905
   1.54050  -0.08329   0.59905
   1.54050  -0.08329   0.83905
   1.54050  -0.08329   0.83905
   1.54050  -0.08329   0.83905
   1.54050  -0.08329   0.83905
   1.54050  -0.08329   0.83905
   1.54050  -0.32329   0.83905
   1.78050  -0.08329   0.83905
   1.54050  -0.32329   0.83905
   1.54050  -0.32329   0.83905
   1.54050  -0.08329   0.83905
   1.54050  -0.32329   0.83905
   1.54050  -0.08329   0.83905
   1.54050  -0.32329   0.83905
   1.54050  -0.08329   0.83905
   1.30050  -0.32329   0.83905
   1.30050  -0.08329   0.59905
   1.30050  -0.08329   0.83905
   1.30050  -0.08329   0.59905
   1.30050  -0.08329   0.59905
   1.30050  -0.08329   0.59905
   1.30050  -0.08329   0.59905
   1.30050  -0.08329   0.59905
   1.30050  -0.08329   0.59905
   1.30050  -0.08329   0.59905
   1.06050  -0.32329   0.59905
   1.06050  -0.08329   0.35905
   1.06050  -0.32329   0.35905
   1.06050  -0.08329   0.35905
   1.06050  -0.32329   0.35905
   1.06050  -0.32329   0.35905
   1.06050  -0.32329   0.35905
   1.06050  -0.08329   0.11905
   0.82050  -0.32329   0.11905
   1.06050  -0.32329   0.11905
   1.30050  -0.08329   0.11905
   1.30050  -0.08329   0.11905
   1.30050  -0.32329   0.11905
   1.06050  -0.08329   0.11905
   1.30050  -0.08329   0.11905
   1.30050  -0.08329  -0.12095
   1.30050  -0.32329  -0.12095
   1.30050  -0.08329  -0.12095
   1.30050  -0.32329  -0.12095
   1.30050  -0.32329   0.11905
   1.30050  -0.32329  -0.12095
   1.30050  -0.32329  -0.12095
   1.30050  -0.08329  -0.12095
   1.30050  -0.32329  -0.12095
   1.06050  -0.32329  -0.12095
   1.30050  -0.08329  -0.12095
   1.06050  -0.32329  -0.12095
   1.06050  -0.32329  -0.12095
   1.06050  -0.32329  -0.12095
   1.06050  -0.32329  -0.12095
   1.06050  -0.32329  -0.12095
   1.06050  -0.08329  -0.12095
   1.06050  -0.08329  -0.12095
   0.82050  -0.08329  -0.12095
   0.82050  -0.08329  -0.12095
   0.82050  -0.08329  -0.12095
   0.82050  -0.08329  -0.12095
   0.58050  -0.08329  -0.12095
   0.82050  -0.08329  -0.12095
   0.82050  -0.08329  -0.12095
   0.58050  -0.08329  -0.12095
   0.58050  -0.08329  -0.12095
   0.58050  -0.32329  -0.36095
   0.34050  -0.08329  -0.12095
   0.34050  -0.08329  -0.12095
   0.34050   0.15671  -0.12095
   0.34050   0.15671  -0.36095
   0.10050   0.15671  -0.36095
   0.10050   0.15671  -0.36095
   0.10050   0.15671  -0.12095
   0.10050   0.15671  -0.36095
  -0.13950   0.15671  -0.36095
   0.10050   0.15671  -0.36095
  -0.13950   0.15671  -0.36095
  -0.13950   0.15671  -0.36095
  -0.13950   0.15671  -0.36095
  -0.13950   0.15671  -0.36095
  -0.37950   0.15671  -0.36095
  -0.37950   0.15671  -0.36095
  -0.37950   0.15671  -0.36095
  -0.37950   0.15671  -0.36095
  -0.37950   0.15671  -0.36095
  -0.61950   0.15671  -0.36095
  -0.61950   0.15671  -0.36095
  -0.61950   0.15671  -0.36095
  -0.85950  -0.08329  -0.36095
  -0.85950   0.15671  -0.36095
  -0.61950   0.15671  -0.36095
  -0.85950   0.15671  -0.36095
  -0.85950   0.15671  -0.36095
  -1.09950   0.15671  -0.36095
  -1.09950   0.15671  -0.36095
  -1.09950   0.15671  -0.36095
  -1.09950   0.15671  -0.36095
  -1.09950   0.15671  -0.60095
  -1.33950   0.15671  -0.12095
  -1.33950   0.15671  -0.12095
  -1.33950   0.15671  -0.12095
  -1.33950   0.15671  -0.12095
  -1.56950   0.15671  -0.12095
  -1.56950   0.15671  -0.12095
  -1.56950   0.15671  -0.12095
  -1.56950   0.15671  -0.12095
  -1.56950   0.15671  -0.12095
  -1.56950   0.15671  -0.12095
  -1.56950   0.15671  -0.12095
  -1.56950   0.15671  -0.12095
  -1.56950   0.15671  -0.12095
  -1.80950   0.15671   0.11905
  -1.56950   0.15671   0.11905
  -1.80950   0.15671   0.11905
  -1.56950   0.15671  -0.12095
  -1.80950   0.15671   0.11905
  -1.80950   0.15671   0.11905
  -1.80950   0.15671   0.35905
  -1.80950   0.15671   0.11905
  -1.80950   0.15671   0.35905
  -1.80950   0.15671   0.35905
  -1.80950   0.15671   0.35905
  -1.80950   0.15671   0.35905
  -1.80950   0.15671   0.35905
  -1.80950   0.15671   0.35905
  -1.80950   0.15671   0.35905
  -1.80950   0.15671   0.35905
  -1.80950   0.15671   0.35905
  -2.04950   0.15671   0.35905
  -2.04950  -0.08329   0.35905
  -2.04950  -0.08329   0.35905
  -1.80950  -0.08329   0.35905
  -2.04950  -0.08329   0.35905
  -2.04950  -0.08329   0.35905
  -2.04950  -0.08329   0.35905
  -2.04950  -0.08329   0.35905
  -2.04950  -0.08329   0.35905
  -2.04950  -0.32329   0.35905
  -2.04950  -0.08329   0.35905
  -2.04950  -0.08329   0.35905
  -2.04950  -0.08329   0.35905
  -2.04950  -0.08329   0.35905
  -2.04950  -0.32329   0.35905
  -2.04950  -0.32329   0.35905
  -2.04950  -0.32329   0.35905
  -2.04950  -0.32329   0.35905
  -1.80950  -0.32329   0.35905
  -1.80950  -0.32329   0.35905
  -2.04950  -0.32329   0.35905
  -1.80950  -0.32329   0.35905
  -1.80950  -0.32329   0.35905
  -2.04950  -0.32329   0.35905
  -1.80950  -0.32329   0.35905
  -1.80950  -0.32329   0.35905
  -2.04950  -0.32329   0.35905
  -1.80950  -0.32329   0.35905
  -1.80950  -0.32329   0.35905
  -1.80950  -0.32329   0.35905
  -1.80950  -0.55329   0.35905
  -1.80950  -0.32329   0.35905
  -1.80950  -0.32329   0.35905
  -1.80950  -0.32329   0.35905
  -1.80950  -0.32329   0.35905
  -1.80950  -0.32329   0.11905
  -1.80950  -0.32329   0.35905
  -1.80950  -0.32329   0.11905
  -1.80950  -0.32329   0.11905
  -1.80950  -0.32329   0.11905
  -1.80950  -0.32329   0.11905
  -1.80950  -0.32329   0.11905
  -1.56950  -0.32329   0.11905
  -1.80950  -0.08329   0.11905
  -1.80950  -0.32329   0.11905
  -1.80950  -0.32329   0.11905
  -1.80950  -0.32329   0.11905
  -1.80950  -0.32329   0.11905
  -1.56950  -0.08329  -0.12095
  -1.56950  -0.08329  -0.12095
  -1.56950  -0.08329  -0.12095
  -1.56950  -0.08329  -0.12095
  -1.56950  -0.08329  -0.12095
  -1.56950  -0.08329  -0.12095
  -1.56950  -0.08329  -0.12095
  -1.56950  -0.08329  -0.12095
  -1.56950   0.15671  -0.12095
  -1.56950   0.15671  -0.12095
  -1.56950   0.15671  -0.12095
  -1.56950   0.15671  -0.12095
  -1.56950   0.15671  -0.12095
  -1.56950   0.15671  -0.12095
  -1.33950   0.15671  -0.36095
  -1.33950   0.15671  -0.60095
  -1.33950   0.15671  -0.36095
  -1.33950   0.15671  -0.36095
  -1.33950   0.15671  -0.36095
  -1.09950   0.15671  -0.36095
  -1.09950   0.15671  -0.36095
  -1.09950   0.15671  -0.36095
  -1.09950   0.15671  -0.36095
  -1.09950   0.15671  -0.36095
  -1.09950   0.15671  -0.36095
  -1.09950   0.15671  -0.36095
  -1.09950   0.15671  -0.36095
  -1.09950   0.15671  -0.36095
  -0.85950   0.15671  -0.36095
  -0.85950   0.15671  -0.36095
  -0.85950   0.15671  -0.60095
  -0.85950   0.15671  -0.60095
  -0.85950   0.15671  -0.60095
  -0.85950   0.15671  -0.60095
  -0.85950   0.15671  -0.60095
  -0.85950   0.15671  -0.60095
  -0.61950   0.15671  -0.60095
  -0.61950   0.15671  -0.60095
  -0.61950  -0.08329  -0.60095
  -0.85950   0.15671  -0.60095
  -0.61950   0.15671  -0.60095
  -0.61950   0.15671  -0.60095
  -0.61950   0.15671  -0.60095
  -0.61950   0.15671  -0.60095
  -0.37950   0.15671  -0.60095
  -0.61950   0.15671  -0.60095
  -0.37950   0.15671  -0.60095
  -0.37950   0.15671  -0.60095
  -0.37950   0.15671  -0.60095
  -0.37950   0.15671  -0.60095
  -0.37950   0.15671  -0.60095
  -0.13950   0.15671  -0.60095
  -0.13950   0.15671  -0.60095
  -0.13950   0.15671  -0.36095
  -0.13950   0.15671  -0.36095
   0.10050   0.15671  -0.36095
   0.10050   0.15671  -0.36095
   0.10050   0.15671  -0.36095
   0.10050   0.15671  -0.36095
   0.34050  -0.08329  -0.36095
   0.34050   0.15671  -0.36095
   0.34050  -0.08329  -0.36095
   0.34050  -0.08329  -0.36095
   0.34050  -0.08329  -0.12095
   0.34050  -0.08329  -0.12095
   0.34050  -0.08329  -0.12095
   0.58050  -0.08329  -0.12095
   0.58050  -0.08329  -0.12095
   0.58050  -0.08329  -0.12095
   0.58050  -0.08329  -0.12095
   0.58050  -0.08329  -0.12095
   0.58050  -0.08329  -0.12095
   0.58050  -0.08329  -0.12095
   0.58050  -0.08329  -0.12095
   0.58050  -0.08329  -0.12095
   0.58050  -0.08329   0.11905
   0.58050   0.15671   0.11905
   0.58050   0.15671   0.11905
   0.58050   0.15671   0.11905
   0.58050   0.15671   0.11905
   0.58050   0.15671   0.11905
   0.58050   0.15671   0.11905
   0.58050   0.15671   0.11905
   0.58050   0.15671   0.11905
   0.58050   0.15671   0.35905
   0.58050   0.15671   0.35905
   0.82050   0.15671   0.35905
   0.58050   0.15671   0.35905
   0.58050   0.15671   0.35905
   0.58050   0.15671   0.35905
   0.82050   0.15671   0.35905
   0.58050   0.15671   0.35905
   0.82050  -0.08329   0.59905
   0.82050  -0.08329   0.35905
   0.82050   0.15671   0.59905
   0.82050   0.15671   0.59905
   0.82050   0.15671   0.59905
   0.82050   0.15671   0.59905
   0.82050   0.15671   0.59905
   0.82050   0.15671   0.59905
   0.82050   0.15671   0.59905
   0.82050   0.15671   0.83905
   0.82050   0.15671   0.83905
   0.82050   0.15671   0.83905
   0.82050   0.15671   0.83905
   1.06050   0.15671   0.83905
   0.82050   0.15671   0.83905
   0.82050   0.15671   0.83905
   0.82050  -0.08329   0.83905
   0.82050   0.15671   0.83905
   1.06050   0.15671   0.83905
   0.82050   0.15671   0.83905
   0.82050   0.15671   0.83905
   1.06050  -0.08329   0.83905
   0.82050  -0.08329   0.83905
   1.06050   0.15671   0.83905
   1.06050   0.15671   0.83905
   1.06050   0.15671   0.83905
   1.06050   0.15671   0.83905
   1.06050   0.15671   0.83905
   1.06050   0.15671   0.83905
   1.06050   0.15671   0.83905
   1.30050   0.15671   0.83905
   1.30050   0.15671   0.83905
   1.30050   0.15671   0.83905
   1.30050   0.15671   0.83905
   1.30050   0.15671   0.83905
   1.30050   0.15671   0.83905
   1.54050   0.15671   0.83905
   1.54050   0.39671   0.83905
   1.54050   0.15671   0.83905
   1.54050   0.15671   0.83905
   1.54050   0.15671   0.59905
   1.78050   0.15671   0.59905
   1.78050   0.15671   0.59905
   1.78050   0.15671   0.59905
   1.78050   0.15671   0.59905
   1.78050   0.15671   0.59905
   2.02050   0.15671   0.59905
   1.78050   0.15671   0.35905
   2.02050   0.15671   0.35905
   2.02050   0.15671   0.35905
   2.02050   0.15671   0.35905
   2.02050   0.15671   0.35905
   2.02050   0.15671   0.35905
   2.02050   0.15671   0.35905
   2.02050   0.15671   0.11905
   2.02050   0.15671   0.11905
   2.02050  -0.08329   0.11905
   2.02050   0.15671   0.11905
   2.26050  -0.08329  -0.12095
   2.02050   0.15671  -0.12095
   2.02050  -0.08329  -0.12095
   2.02050  -0.08329  -0.12095
   2.02050   0.15671  -0.12095
   2.02050  -0.08329  -0.12095
   2.02050  -0.08329  -0.12095
   2.02050  -0.08329  -0.36095
   2.02050  -0.08329  -0.36095
   2.02050   0.15671  -0.36095
   2.02050  -0.08329  -0.36095
   2.02050  -0.08329  -0.36095
   2.02050  -0.08329  -0.36095
   2.02050   0.15671  -0.60095
   2.02050  -0.08329  -0.60095
   2.02050  -0.08329  -0.60095
   2.02050  -0.08329  -0.60095
   2.02050  -0.08329  -0.60095
   2.02050  -0.08329  -0.60095
   2.02050  -0.08329  -0.60095
   2.02050  -0.08329  -0.60095
   2.02050  -0.32329  -0.60095
   2.02050  -0.08329  -0.60095
   2.02050  -0.08329  -0.60095
   2.02050  -0.08329  -0.60095
   2.02050  -0.08329  -0.60095
   2.02050  -0.08329  -0.60095
   2.02050  -0.08329  -0.60095
   2.02050  -0.08329  -0.60095
   2.02050  -0.08329  -0.60095
   2.02050  -0.08329  -0.60095
   2.02050   0.15671  -0.60095
   1.78050  -0.08329  -0.84095
   2.02050  -0.08329  -0.60095
   1.78050   0.15671  -0.60095
   1.78050   0.15671  -0.60095
   1.78050   0.15671  -0.60095
   1.78050   0.15671  -0.60095
   1.78050   0.15671  -0.60095
   1.78050   0.15671  -0.60095
   1.54050   0.15671  -0.60095
   1.54050   0.15671  -0.60095
   1.54050   0.15671  -0.60095
   1.54050   0.15671  -0.36095
   1.54050   0.15671  -0.36095
   1.30050   0.15671  -0.36095
   1.30050  -0.08329  -0.36095
   1.30050   0.15671  -0.36095
   1.30050  -0.08329  -0.36095
   1.30050   0.15671  -0.36095
   1.30050  -0.08329  -0.36095
   1.30050   0.15671  -0.12095
   1.30050   0.15671  -0.12095
   1.30050   0.15671  -0.12095
   1.30050  -0.08329  -0.12095
   1.30050   0.15671  -0.12095
   1.06050  -0.08329  -0.12095
   1.30050  -0.08329  -0.12095
   1.06050  -0.08329  -0.12095
   1.06050  -0.08329  -0.12095
   1.06050  -0.08329   0.11905
   1.06050  -0.08329   0.11905
   1.06050  -0.08329   0.11905
   0.82050  -0.08329   0.11905
   0.82050  -0.08329   0.11905
   0.82050  -0.08329   0.11905
   0.82050  -0.08329   0.35905
   0.82050  -0.08329   0.35905
   0.82050  -0.08329   0.35905
   0.82050  -0.08329   0.35905
   0.58050  -0.08329   0.35905
   0.58050  -0.08329   0.35905
   0.58050  -0.08329   0.35905
   0.58050  -0.08329   0.35905
   0.34050  -0.08329   0.35905
   0.34050  -0.08329   0.35905
   0.34050  -0.08329   0.35905
   0.34050  -0.08329   0.35905
   0.34050  -0.08329   0.35905
   0.10050  -0.08329   0.35905
   0.10050  -0.08329   0.35905
   0.10050  -0.08329   0.35905
   0.10050  -0.08329   0.35905
   0.10050  -0.08329   0.35905
  -0.13950  -0.08329   0.35905
  -0.13950  -0.08329   0.11905
  -0.13950  -0.08329   0.11905
  -0.13950  -0.08329   0.11905
  -0.13950  -0.32329   0.11905
  -0.13950  -0.08329   0.11905
  -0.13950  -0.08329   0.11905
  -0.37950  -0.32329   0.11905
  -0.37950  -0.32329   0.11905
  -0.37950  -0.08329   0.11905
  -0.37950  -0.32329   0.11905
  -0.61950  -0.32329   0.11905
  -0.37950  -0.32329   0.11905
  -0.37950  -0.32329   0.11905
  -0.61950  -0.08329   0.11905
  -0.37950  -0.08329   0.11905
  -0.61950  -0.32329   0.11905
  -0.61950  -0.08329   0.11905
  -0.61950  -0.32329   0.11905
  -0.61950  -0.32329  -0.12095
  -0.61950  -0.32329   0.11905
  -0.61950  -0.32329  -0.12095
  -0.85950  -0.32329   0.11905
  -0.85950  -0.32329  -0.12095
  -0.85950  -0.32329  -0.12095
  -0.85950  -0.08329  -0.12095
  -0.85950  -0.08329  -0.12095
  -1.09950  -0.08329  -0.12095
  -1.09950  -0.32329  -0.12095
  -1.09950  -0.08329  -0.12095
  -1.09950  -0.08329  -0.12095
  -1.33950  -0.08329  -0.12095
  -1.33950  -0.08329  -0.12095
  -1.33950  -0.08329  -0.12095
  -1.33950  -0.08329  -0.12095
  -1.33950  -0.08329  -0.12095
  -1.56950  -0.08329  -0.36095
  -1.56950  -0.08329  -0.36095
  -1.56950  -0.08329  -0.36095
  -1.56950  -0.08329  -0.36095
  -1.56950  -0.08329  -0.36095
  -1.80950  -0.08329  -0.36095
  -1.80950  -0.08329  -0.36095
  -1.80950  -0.08329  -0.36095
  -1.80950  -0.08329  -0.36095
  -1.80950  -0.08329  -0.36095
  -1.80950  -0.08329  -0.36095
  -1.80950  -0.08329  -0.36095
  -1.80950  -0.08329  -0.36095
  -2.04950  -0.08329  -0.60095
  -1.80950  -0.08329  -0.60095
  -2.04950  -0.08329  -0.60095
  -1.80950  -0.08329  -0.60095
  -2.04950  -0.08329  -0.60095
  -1.80950  -0.08329  -0.60095
  -2.04950  -0.08329  -0.60095
  -1.80950  -0.08329  -0.60095
  -1.80950   0.15671  -0.60095
  -1.80950   0.15671  -0.60095
  -1.80950  -0.08329  -0.60095
  -1.80950  -0.08329  -0.60095
  -1.80950   0.15671  -0.60095
  -1.80950   0.15671  -0.60095
  -1.56950   0.15671  -0.60095
  -1.56950   0.15671  -0.60095
  -1.56950   0.15671  -0.60095
  -1.56950   0.15671  -0.60095
  -1.56950   0.15671  -0.60095
  -1.56950   0.15671  -0.60095
  -1.56950   0.15671  -0.60095
  -1.56950   0.15671  -0.60095
  -1.56950   0.15671  -0.60095
  -1.56950   0.15671  -0.60095
  -1.56950   0.15671  -0.60095
  -1.56950   0.15671  -0.60095
  -1.56950   0.15671  -0.60095
  -1.56950   0.39671  -0.60095
  -1.56950   0.15671  -0.60095
  -1.33950   0.39671  -0.60095
  -1.33950   0.15671  -0.60095
  -1.33950   0.39671  -0.60095
  -1.33950   0.39671  -0.60095
  -1.33950   0.15671  -0.60095
  -1.33950   0.39671  -0.60095
  -1.33950   0.39671  -0.60095
  -1.33950   0.15671  -0.60095
  -1.33950   0.39671  -0.60095
  -1.09950   0.15671  -0.60095
  -1.09950   0.15671  -0.60095
  -1.09950   0.15671  -0.60095
  -1.09950   0.15671  -0.60095
  -1.09950   0.39671  -0.60095
  -1.09950   0.15671  -0.60095
  -1.09950   0.15671  -0.60095
  -1.09950   0.15671  -0.60095
  -0.85950   0.15671  -0.60095
  -0.85950   0.15671  -0.60095
  -0.85950   0.15671  -0.60095
  -0.85950   0.15671  -0.60095
  -0.85950   0.15671  -0.60095
  -0.85950   0.15671  -0.60095
  -0.85950   0.15671  -0.36095
  -0.85950   0.15671  -0.36095
  -0.85950   0.15671  -0.36095
  -0.85950   0.15671  -0.36095
  -0.85950  -0.08329  -0.36095
  -0.85950  -0.08329  -0.36095
  -0.85950   0.15671  -0.36095
  -0.85950   0.15671  -0.36095
  -0.85950   0.15671  -0.12095
  -0.85950   0.15671  -0.12095
  -1.09950   0.15671  -0.12095
  -0.85950   0.15671  -0.12095
  -0.85950   0.15671  -0.12095
  -0.85950   0.15671  -0.12095
  -1.09950   0.15671  -0.12095
  -0.85950   0.15671  -0.12095
  -1.09950   0.15671  -0.12095
  -1.09950   0.15671  -0.12095
  -1.09950   0.15671  -0.12095
  -1.09950   0.15671  -0.12095
  -1.09950   0.15671  -0.12095
  -1.09950   0.15671  -0.12095
  -1.09950   0.15671   0.11905
  -1.09950   0.15671   0.11905
  -1.09950   0.15671   0.11905
  -1.09950   0.15671   0.11905
  -1.09950   0.15671   0.11905
  -1.09950   0.15671   0.11905
  -1.09950   0.15671   0.11905
  -1.09950   0.15671   0.35905
  -1.09950   0.15671   0.35905
  -1.09950   0.15671   0.35905
  -1.09950   0.15671   0.35905
  -1.09950  -0.08329   0.35905
  -1.09950   0.15671   0.35905
  -1.09950   0.15671   0.35905
  -1.09950   0.15671   0.35905
  -1.09950   0.15671   0.59905
  -1.09950   0.15671   0.35905
  -1.09950   0.15671   0.59905
  -1.09950   0.15671   0.59905
  -1.09950   0.15671   0.59905
  -1.09950   0.15671   0.59905
  -1.09950   0.15671   0.59905
  -1.09950   0.15671   0.59905
  -1.09950   0.15671   0.59905
  -1.09950   0.15671   0.59905
  -1.09950   0.15671   0.83905
  -1.09950   0.15671   0.83905
  -1.09950   0.15671   0.83905
  -1.09950   0.15671   0.83905
  -1.09950   0.15671   0.83905
  -1.09950   0.15671   0.83905
  -1.09950   0.15671   0.83905
  -1.09950  -0.08329   0.83905
  -1.09950  -0.08329   0.83905
  -1.09950  -0.08329   0.83905
  -1.09950  -0.08329   0.83905
  -1.09950  -0.08329   0.83905
  -1.09950  -0.08329   0.83905
  -1.09950  -0.08329   0.83905
  -1.09950  -0.08329   1.06905
  -1.09950  -0.08329   1.06905
  -0.85950  -0.08329   1.06905
  -0.85950  -0.08329   0.83905
  -0.85950  -0.08329   0.83905
  -0.85950  -0.08329   1.06905
  -0.85950  -0.08329   1.06905
  -0.85950  -0.08329   0.83905
  -0.85950  -0.08329   0.83905
  -0.85950  -0.08329   0.83905
  -0.85950  -0.08329   0.83905
  -0.61950  -0.08329   0.83905
  -0.61950  -0.08329   0.83905
  -0.61950  -0.08329   0.83905
  -0.61950  -0.08329   0.83905
  -0.61950  -0.08329   0.83905
  -0.61950  -0.08329   0.83905
  -0.61950  -0.08329   0.59905
  -0.37950  -0.08329   0.83905
  -0.37950  -0.08329   0.59905
  -0.37950  -0.08329   0.59905
  -0.37950  -0.08329   0.59905
  -0.37950  -0.08329   0.59905
  -0.13950  -0.32329   0.59905
  -0.13950  -0.32329   0.59905
  -0.13950  -0.08329   0.59905
  -0.13950  -0.08329   0.35905
  -0.13950  -0.08329   0.59905
   0.10050  -0.08329   0.35905
   0.10050  -0.55329   0.35905
   0.10050  -0.08329   0.35905
   0.10050  -0.32329   0.35905
   0.10050  -0.32329   0.35905
   0.10050  -0.08329   0.35905
   0.34050  -0.32329   0.35905
   0.34050  -0.32329   0.35905
   0.34050  -0.32329   0.35905
   0.34050  -0.08329   0.11905
   0.58050  -0.32329   0.11905
   0.58050  -0.32329   0.11905
   0.58050  -0.08329   0.11905
   0.58050  -0.32329   0.11905
   0.82050  -0.08329  -0.12095
   0.82050  -0.32329  -0.12095
   0.82050  -0.08329  -0.12095
   0.82050  -0.08329  -0.12095
   1.06050  -0.08329  -0.12095
   1.06050  -0.08329  -0.12095
   1.06050  -0.08329  -0.12095
   1.06050  -0.08329  -0.12095
   1.06050  -0.08329  -0.12095
   1.06050  -0.08329  -0.12095
   1.06050  -0.08329  -0.36095
   1.06050  -0.08329  -0.36095
   1.06050  -0.08329  -0.36095
   1.06050  -0.08329  -0.36095
   1.30050   0.15671  -0.36095
   1.30050   0.15671  -0.36095
   1.30050   0.15671  -0.36095
   1.30050   0.15671  -0.36095
   1.30050   0.15671  -0.36095
   1.30050   0.15671  -0.36095
   1.30050   0.15671  -0.36095
   1.06050   0.15671  -0.36095
   1.30050   0.15671  -0.36095
   1.30050   0.15671  -0.12095
   1.06050   0.15671  -0.36095
   1.30050   0.15671  -0.36095
   1.30050   0.15671  -0.36095
   1.30050   0.15671  -0.12095
   1.30050   0.15671  -0.12095
   1.30050   0.15671  -0.36095
   1.06050   0.15671  -0.36095
   1.30050   0.15671  -0.36095
   1.30050   0.15671  -0.12095
   1.06050   0.15671  -0.36095
   1.30050   0.15671  -0.12095
   1.30050   0.39671  -0.12095
   1.30050   0.15671  -0.12095
   1.30050   0.15671  -0.12095
   1.30050   0.15671  -0.36095
   1.30050   0.15671  -0.12095
   1.30050   0.15671  -0.12095
   1.30050   0.15671  -0.12095
   1.30050   0.15671  -0.12095
   1.30050   0.15671  -0.12095
   1.30050   0.15671  -0.12095
   1.30050   0.15671  -0.12095
   1.30050   0.15671  -0.12095
   1.30050   0.15671  -0.12095
   1.30050   0.15671  -0.12095
   1.30050   0.15671  -0.12095
   1.30050   0.15671  -0.12095
   1.30050  -0.08329   0.11905
   1.30050  -0.08329   0.11905
   1.30050  -0.08329   0.11905
   1.30050  -0.08329   0.11905
   1.30050  -0.08329   0.11905
   1.30050  -0.08329   0.35905
   1.30050  -0.08329   0.35905
   1.30050  -0.08329   0.35905
   1.30050  -0.08329   0.35905
   1.30050  -0.08329   0.35905
   1.30050  -0.08329   0.35905
   1.30050  -0.08329   0.35905
   1.30050  -0.32329   0.35905
   1.30050  -0.32329   0.35905
   1.30050  -0.32329   0.35905
   1.30050  -0.32329   0.35905
   1.30050  -0.32329   0.35905
   1.30050  -0.32329   0.35905
   1.30050  -0.32329   0.35905
   0.82050  -0.32329   0.35905
   1.06050  -0.32329   0.35905
   1.06050  -0.32329   0.35905
   1.06050  -0.32329   0.35905
   1.06050  -0.32329   0.35905
   1.06050  -0.32329   0.35905
   1.06050  -0.32329   0.35905
   1.06050  -0.32329   0.35905
   1.06050  -0.32329   0.35905
   1.06050  -0.32329   0.35905
   1.06050  -0.32329   0.35905
   1.06050  -0.32329   0.35905
   1.06050  -0.08329   0.35905
   1.06050  -0.08329   0.35905
   1.06050  -0.08329   0.35905
   1.06050  -0.32329   0.35905
   1.06050  -0.55329   0.35905
   0.82050  -0.08329   0.35905
   0.82050  -0.32329   0.35905
   0.82050  -0.32329   0.35905
   0.82050  -0.32329   0.35905
   0.82050  -0.08329   0.35905
   0.82050  -0.32329   0.35905
   0.82050  -0.32329   0.35905
   0.82050  -0.08329   0.35905
   0.82050  -0.08329   0.11905
   0.82050  -0.08329   0.11905
   0.82050  -0.08329   0.11905
   0.82050  -0.08329   0.11905
   0.82050  -0.08329   0.11905
   0.82050  -0.08329   0.11905
   0.58050  -0.08329   0.11905
   0.58050  -0.08329   0.11905
   0.58050  -0.08329   0.11905
   0.58050  -0.08329   0.11905
   0.58050  -0.32329  -0.12095
   0.58050  -0.08329  -0.12095
   0.58050  -0.08329  -0.12095
   0.58050  -0.08329  -0.12095
   0.58050  -0.08329  -0.12095
   0.58050  -0.08329  -0.12095
   0.58050  -0.08329  -0.12095
   0.58050   0.15671  -0.12095
   0.58050  -0.08329  -0.12095
   0.58050  -0.08329  -0.12095
   0.58050   0.15671  -0.12095
   0.82050   0.15671  -0.36095
   0.82050   0.15671  -0.12095
   0.82050   0.15671  -0.36095
   0.82050   0.15671  -0.36095
   0.82050   0.15671  -0.36095
   0.82050   0.15671  -0.36095
   0.82050   0.15671  -0.36095
   0.82050   0.15671  -0.36095
   0.82050   0.15671  -0.36095
   0.82050   0.15671  -0.36095
   0.82050   0.15671  -0.36095
   0.82050   0.15671  -0.36095
   0.82050   0.15671  -0.36095
   1.06050   0.15671  -0.36095
   1.06050   0.15671  -0.36095
   0.82050   0.15671  -0.36095
   0.82050   0.15671  -0.60095
   1.06050   0.15671  -0.60095
   1.06050   0.15671  -0.60095
   1.06050   0.15671  -0.60095
   1.06050   0.15671  -0.60095
   1.06050   0.15671  -0.60095
   1.06050   0.15671  -0.60095
   1.06050   0.15671  -0.60095
   1.06050   0.39671  -0.60095
   1.06050   0.15671  -0.60095
   1.06050   0.39671  -0.60095
   1.06050   0.39671  -0.60095
   1.06050   0.39671  -0.60095
   1.06050   0.39671  -0.60095
   1.06050   0.39671  -0.60095
   1.06050   0.39671  -0.60095
   1.06050   0.39671  -0.60095
   1.06050   0.39671  -0.60095
   1.06050   0.39671  -0.84095
   1.30050   0.39671  -0.60095
   1.06050   0.39671  -0.84095
   1.06050   0.39671  -0.84095
   1.06050   0.39671  -0.84095
   1.30050   0.39671  -0.84095
   1.30050   0.39671  -0.84095
   1.06050   0.39671  -0.84095
   1.06050   0.39671  -0.84095
   1.30050   0.39671  -0.84095
   1.30050   0.39671  -0.84095
   1.30050   0.39671  -0.84095
   1.06050   0.39671  -0.84095
   1.06050   0.39671  -0.84095
   1.06050   0.39671  -0.84095
   1.06050   0.39671  -0.84095
   1.06050   0.39671  -0.84095
   1.06050   0.15671  -0.84095
   1.06050   0.15671  -0.84095
   1.06050   0.15671  -0.84095
   1.06050   0.15671  -0.84095
   1.06050   0.15671  -0.84095
   1.06050   0.15671  -0.84095
   0.82050   0.15671  -0.84095
   0.82050   0.15671  -0.84095
   0.82050   0.15671  -0.84095
   0.82050   0.15671  -0.84095
   0.82050   0.15671  -0.84095
   0.82050   0.15671  -0.84095
   0.82050  -0.08329  -0.84095
   0.82050  -0.08329  -0.84095
   0.58050  -0.08329  -0.84095
   0.58050  -0.08329  -0.60095
   0.34050  -0.08329  -0.60095
   0.34050  -0.08329  -0.60095
   0.34050  -0.08329  -0.60095
   0.34050  -0.08329  -0.60095
   0.34050  -0.08329  -0.60095
   0.34050  -0.32329  -0.60095
   0.10050  -0.32329  -0.36095
   0.34050  -0.32329  -0.36095
   0.34050  -0.32329  -0.36095
   0.10050  -0.32329  -0.36095
   0.10050  -0.32329  -0.12095
   0.10050  -0.32329  -0.12095
  -0.13950  -0.32329  -0.12095
  -0.13950  -0.32329  -0.12095
  -0.13950  -0.32329  -0.12095
  -0.13950  -0.32329  -0.12095
  -0.37950  -0.32329  -0.12095
  -0.37950  -0.32329   0.11905
  -0.37950  -0.32329   0.11905
  -0.37950  -0.32329   0.11905
  -0.61950  -0.32329   0.11905
  -0.61950  -0.32329   0.11905
  -0.61950  -0.32329   0.11905
  -0.61950  -0.32329   0.35905
  -0.85950  -0.32329   0.35905
  -0.85950  -0.32329   0.35905
  -0.85950  -0.32329   0.35905
  -0.85950  -0.32329   0.35905
  -1.09950  -0.32329   0.35905
  -1.09950  -0.32329   0.59905
  -1.09950  -0.32329   0.59905
  -1.09950  -0.32329   0.59905
  -1.09950  -0.32329   0.59905
  -1.09950  -0.32329   0.59905
  -1.33950  -0.32329   0.59905
  -1.33950  -0.32329   0.83905
  -1.33950  -0.32329   0.83905
  -1.33950  -0.32329   0.83905
  -1.56950  -0.32329   0.83905
  -1.56950  -0.32329   0.83905
  -1.56950  -0.32329   0.83905
  -1.56950  -0.32329   0.83905
  -1.56950  -0.32329   0.83905
  -1.56950  -0.32329   0.83905
  -1.56950  -0.32329   0.83905
  -1.56950  -0.32329   0.83905
  -1.80950  -0.08329   0.83905
  -1.80950  -0.32329   0.83905
  -1.80950  -0.32329   0.83905
  -1.80950  -0.08329   0.83905
  -2.04950  -0.32329   0.83905
  -1.80950  -0.32329   0.83905
  -1.80950  -0.32329   1.06905
  -1.80950  -0.08329   1.06905
  -1.80950  -0.08329   1.06905
  -1.80950  -0.08329   1.06905
  -1.80950  -0.08329   1.06905
  -2.04950  -0.08329   1.06905
  -1.80950  -0.08329   1.06905
  -1.80950  -0.08329   0.83905
  -1.80950  -0.08329   1.06905
  -1.80950  -0.08329   1.06905
  -2.04950  -0.08329   1.06905
  -2.04950   0.15671   0.83905
  -2.04950   0.15671   1.06905
  -2.04950   0.15671   1.06905
  -1.80950   0.15671   1.30905
  -2.04950   0.15671   1.30905
  -1.80950   0.15671   1.30905
  -2.04950  -0.08329   1.30905
  -2.04950   0.15671   1.30905
  -2.04950   0.15671   1.30905
  -2.04950   0.15671   1.30905
  -2.04950   0.15671   1.30905
  -1.80950   0.15671   1.30905
  -2.04950   0.15671   1.30905
  -2.04950   0.15671   1.30905
  -2.04950   0.15671   1.30905
  -2.04950   0.15671   1.30905
  -2.04950   0.15671   1.30905
  -2.04950   0.15671   1.30905
  -2.04950   0.15671   1.30905
  -1.80950   0.39671   1.06905
  -2.04950   0.15671   1.30905
  -2.04950   0.15671   1.06905
  -2.04950   0.15671   1.06905
  -2.04950   0.15671   1.06905
  -2.04950   0.39671   1.06905
  -1.80950   0.15671   0.83905
  -1.80950   0.15671   0.83905
  -1.80950   0.15671   0.59905
  -1.80950   0.39671   0.83905
  -1.80950   0.15671   0.59905
  -1.80950   0.39671   0.83905
  -1.80950   0.15671   0.59905
  -1.80950   0.15671   0.59905
  -1.80950   0.15671   0.59905
  -1.56950   0.15671   0.35905
  -1.80950   0.15671   0.35905
  -1.56950   0.15671   0.35905
  -1.56950   0.15671   0.35905
  -1.56950   0.15671   0.35905
  -1.56950   0.15671   0.11905
  -1.56950   0.15671   0.11905
  -1.56950   0.15671   0.11905
  -1.56950   0.15671   0.11905
  -1.33950   0.15671  -0.12095
  -1.33950   0.15671  -0.12095
  -1.33950   0.15671  -0.12095
  -1.33950   0.15671  -0.12095
  -1.33950   0.15671  -0.12095
  -1.33950   0.15671  -0.12095
  -1.09950   0.15671  -0.12095
  -1.09950   0.15671  -0.36095
  -1.09950   0.15671  -0.36095
  -1.09950   0.15671  -0.36095
  -1.09950   0.15671  -0.36095
  -1.09950   0.15671  -0.36095
  -1.09950   0.15671  -0.36095
  -0.85950   0.15671  -0.60095
  -0.85950   0.15671  -0.60095
  -0.85950   0.15671  -0.60095
  -0.85950   0.15671  -0.60095
  -0.85950   0.15671  -0.60095
  -0.85950   0.15671  -0.60095
  -0.61950   0.15671  -0.60095
  -0.61950   0.15671  -0.60095
  -0.61950   0.15671  -0.60095
  -0.61950   0.15671  -0.60095
  -0.61950   0.15671  -0.60095
  -0.61950   0.15671  -0.60095
  -0.61950   0.15671  -0.60095
  -0.61950   0.15671  -0.60095
  -0.37950   0.15671  -0.60095
  -0.37950   0.39671  -0.60095
  -0.37950   0.15671  -0.60095
  -0.37950  -0.08329  -0.60095
  -0.37950   0.15671  -0.60095
  -0.37950   0.15671  -0.36095
  -0.13950   0.15671  -0.36095
  -0.13950   0.15671  -0.36095
  -0.13950   0.39671  -0.60095
  -0.13950   0.15671  -0.36095
  -0.13950   0.15671  -0.36095
  -0.13950   0.15671  -0.36095
  -0.13950   0.15671  -0.36095
  -0.13950   0.15671  -0.36095
  -0.13950   0.15671  -0.36095
  -0.13950   0.15671  -0.36095
  -0.13950   0.15671  -0.36095
  -0.13950   0.15671  -0.36095
  -0.13950   0.15671  -0.36095
   0.10050   0.15671  -0.36095
  -0.13950   0.15671  -0.36095
  -0.13950   0.15671  -0.36095
  -0.13950   0.15671  -0.36095
   0.10050   0.15671  -0.12095
  -0.13950   0.15671  -0.36095
  -0.13950   0.15671  -0.36095
   0.10050   0.15671  -0.12095
  -0.13950   0.15671  -0.12095
   0.10050   0.15671  -0.36095
   0.10050   0.15671  -0.12095
   0.10050   0.15671  -0.12095
   0.10050   0.15671  -0.12095
   0.10050   0.15671  -0.12095
   0.10050  -0.08329  -0.12095
   0.10050   0.15671  -0.12095
   0.10050   0.15671  -0.12095
   0.10050  -0.08329  -0.12095
   0.10050  -0.08329  -0.12095
   0.10050  -0.08329  -0.12095
   0.10050  -0.08329  -0.12095
   0.10050  -0.08329  -0.12095
   0.10050  -0.08329  -0.36095
   0.10050  -0.08329  -0.12095
   0.10050  -0.08329  -0.12095
   0.10050  -0.08329  -0.12095
   0.10050  -0.08329  -0.12095
   0.34050  -0.08329  -0.12095
   0.34050  -0.08329  -0.12095
   0.10050  -0.08329  -0.12095
   0.34050  -0.08329  -0.12095
   0.34050  -0.08329  -0.12095
   0.34050  -0.08329  -0.12095
   0.34050  -0.08329  -0.12095
   0.34050  -0.08329  -0.12095
   0.34050  -0.08329  -0.12095
   0.34050  -0.08329  -0.12095
   0.34050  -0.08329  -0.12095
   0.34050  -0.08329  -0.12095
   0.34050  -0.08329  -0.12095
   0.34050  -0.08329  -0.12095
   0.34050  -0.08329  -0.12095
   0.34050  -0.08329  -0.12095
   0.34050  -0.08329  -0.12095
   0.34050  -0.08329  -0.12095
   0.34050  -0.08329  -0.12095
   0.34050  -0.08329  -0.12095
   0.58050  -0.08329  -0.12095
   0.58050  -0.08329  -0.12095
   0.58050  -0.08329  -0.12095
   0.58050  -0.08329  -0.12095
   0.58050  -0.08329  -0.12095
   0.58050  -0.08329  -0.12095
   0.58050  -0.08329  -0.12095
   0.58050  -0.08329  -0.12095
   0.58050  -0.08329  -0.12095
   0.58050  -0.08329  -0.12095
   0.58050  -0.08329  -0.12095
   0.58050  -0.08329  -0.12095
   0.82050  -0.08329  -0.12095
   0.82050  -0.08329  -0.12095
   0.82050  -0.32329  -0.12095
   0.82050  -0.08329  -0.12095
   0.82050  -0.08329  -0.12095
   0.82050  -0.08329  -0.12095
   0.82050  -0.08329  -0.36095
   0.82050  -0.08329  -0.36095
   0.82050  -0.08329  -0.36095
   0.82050  -0.32329  -0.36095
   0.82050  -0.08329  -0.36095
   0.82050  -0.08329  -0.36095
   1.06050  -0.08329  -0.36095
   1.06050  -0.08329  -0.36095
   1.06050  -0.08329  -0.36095
   1.06050  -0.08329  -0.60095
   1.06050  -0.08329  -0.60095
   1.06050  -0.08329  -0.60095
   1.06050  -0.08329  -0.60095
   1.06050  -0.08329  -0.60095
   1.06050  -0.08329  -0.60095
   1.06050  -0.08329  -0.60095
   1.30050  -0.08329  -0.60095
   1.30050  -0.08329  -0.60095
   1.06050  -0.32329  -0.84095
   1.06050  -0.08329  -0.84095
   1.30050  -0.08329  -1.08095
   1.30050  -0.08329  -0.84095
   1.30050  -0.08329  -0.84095
   1.30050  -0.08329  -0.84095
   1.30050  -0.08329  -0.84095
   1.30050  -0.08329  -0.84095
   1.30050  -0.08329  -0.84095
   1.30050  -0.08329  -0.84095
   1.30050  -0.08329  -0.84095
   1.30050  -0.08329  -0.84095
   1.54050  -0.08329  -0.84095
   1.54050  -0.08329  -0.84095
   1.54050  -0.08329  -0.84095
   1.54050  -0.08329  -0.84095
   1.54050  -0.08329  -0.84095
   1.54050  -0.08329  -0.84095
   1.54050  -0.08329  -0.84095
   1.54050  -0.08329  -0.84095
   1.54050  -0.08329  -0.84095
   1.54050  -0.08329  -0.84095
   1.54050  -0.08329  -0.84095
   1.54050  -0.08329  -0.84095
   1.54050  -0.32329  -0.84095
   1.54050  -0.08329  -0.84095
   1.54050  -0.32329  -0.84095
   1.54050  -0.08329  -0.84095
   1.54050  -0.08329  -0.84095
   1.54050  -0.08329  -0.84095
   1.54050  -0.32329  -0.84095
   1.54050  -0.08329  -0.60095
   1.54050  -0.08329  -0.60095
   1.54050  -0.08329  -0.60095
   1.54050   0.15671  -0.60095
   1.54050  -0.08329  -0.60095
   1.54050  -0.08329  -0.60095
   1.54050   0.15671  -0.60095
   1.30050  -0.08329  -0.60095
   1.30050  -0.08329  -0.60095
   1.30050  -0.08329  -0.36095
   1.30050   0.15671  -0.36095
   1.30050  -0.08329  -0.60095
   1.30050  -0.08329  -0.36095
   1.30050  -0.08329  -0.36095
   1.30050  -0.08329  -0.36095
   1.30050  -0.08329  -0.36095
   1.30050  -0.08329  -0.36095
   1.30050  -0.08329  -0.36095
   1.30050  -0.08329  -0.36095
   1.30050  -0.08329  -0.36095
   1.30050  -0.08329  -0.36095
   1.06050  -0.08329  -0.36095
   1.30050  -0.08329  -0.36095
   1.30050  -0.08329  -0.36095
   1.30050  -0.08329  -0.36095
   1.06050  -0.08329  -0.12095
   1.06050  -0.08329  -0.12095
   1.06050  -0.08329  -0.12095
   1.06050  -0.08329  -0.12095
   1.06050  -0.08329  -0.12095
   1.06050  -0.08329  -0.12095
   1.06050  -0.08329  -0.12095
   1.06050  -0.08329   0.11905
   1.06050  -0.08329   0.11905
   1.06050  -0.08329   0.11905
   1.06050  -0.08329   0.11905
   1.06050  -0.08329   0.11905
   0.82050  -0.08329   0.35905
   0.82050  -0.08329   0.35905
   0.82050  -0.08329   0.35905
   0.82050  -0.08329   0.35905
   0.82050  -0.08329   0.35905
   0.82050  -0.08329   0.59905
   0.82050  -0.08329   0.59905
   0.82050  -0.08329   0.59905
   0.82050  -0.08329   0.59905
   0.82050  -0.08329   0.35905
   0.82050  -0.08329   0.83905
   0.58050  -0.08329   0.83905
   0.58050  -0.08329   0.83905
   0.58050  -0.08329   0.83905
   0.58050  -0.08329   0.83905
   0.34050  -0.08329   0.83905
   0.34050  -0.08329   0.83905
   0.34050  -0.08329   1.06905
   0.34050  -0.08329   1.06905
   0.34050  -0.08329   1.06905
   0.34050  -0.08329   1.06905
   0.34050  -0.08329   1.06905
   0.34050  -0.08329   1.06905
   0.34050  -0.08329   1.30905
   0.10050   0.15671   1.06905
   0.10050   0.15671   1.30905
   0.10050  -0.08329   1.30905
   0.10050  -0.08329   1.30905
   0.10050  -0.08329   1.30905
   0.10050   0.15671   1.30905
   0.10050   0.15671   1.30905
  -0.13950   0.15671   1.30905
  -0.13950  -0.08329   1.30905
  -0.13950   0.15671   1.30905
  -0.13950  -0.08329   1.30905
  -0.13950   0.15671   1.30905
  -0.13950  -0.08329   1.30905
  -0.13950   0.15671   1.30905
  -0.13950   0.15671   1.30905
  -0.13950  -0.08329   1.30905
  -0.13950   0.15671   1.30905
  -0.37950  -0.08329   1.30905
  -0.37950  -0.08329   1.30905
  -0.37950  -0.08329   1.30905
  -0.37950  -0.08329   1.30905
  -0.37950   0.15671   1.06905
  -0.37950   0.15671   1.06905
  -0.37950   0.15671   1.30905
  -0.37950  -0.08329   1.06905
  -0.37950  -0.08329   1.06905
  -0.37950  -0.08329   1.06905
  -0.37950  -0.08329   1.06905
  -0.37950  -0.08329   1.06905
  -0.37950  -0.08329   0.83905
  -0.37950  -0.08329   0.83905
  -0.37950  -0.08329   0.83905
  -0.37950  -0.08329   0.83905
  -0.37950   0.15671   0.83905
  -0.37950   0.15671   0.83905
  -0.37950   0.15671   0.83905
  -0.37950   0.15671   0.83905
  -0.37950   0.15671   0.59905
  -0.37950   0.15671   0.59905
  -0.37950   0.15671   0.59905
  -0.37950   0.15671   0.59905
  -0.37950   0.39671   0.59905
  -0.37950   0.15671   0.59905
  -0.37950   0.15671   0.59905
  -0.37950   0.39671   0.59905
  -0.37950   0.15671   0.59905
  -0.37950   0.39671   0.35905
  -0.37950   0.39671   0.35905
  -0.37950   0.39671   0.35905
  -0.37950   0.39671   0.35905
  -0.37950   0.39671   0.35905
  -0.37950   0.39671   0.35905
  -0.37950   0.39671   0.35905
  -0.37950   0.39671   0.35905
  -0.37950   0.39671   0.35905
  -0.37950   0.39671   0.35905
  -0.37950   0.39671   0.35905
  -0.37950   0.39671   0.35905
  -0.37950   0.39671   0.11905
  -0.37950   0.15671   0.35905
  -0.37950   0.39671   0.11905
  -0.37950   0.39671   0.11905
  -0.37950   0.39671   0.11905
  -0.37950   0.39671   0.11905
  -0.37950   0.39671   0.11905
  -0.61950   0.39671   0.11905
  -0.61950   0.15671   0.11905
  -0.61950   0.15671   0.11905
  -0.61950   0.39671  -0.12095
  -0.61950   0.15671  -0.12095
  -0.61950   0.15671   0.11905
  -0.61950   0.15671  -0.12095
  -0.61950   0.15671   0.11905
  -0.61950   0.39671  -0.12095
  -0.61950   0.39671  -0.12095
  -0.61950   0.15671  -0.12095
  -0.61950   0.39671  -0.12095
  -0.85950   0.15671  -0.12095
  -0.85950   0.15671  -0.12095
  -0.85950   0.15671  -0.12095
  -0.85950   0.39671  -0.12095
  -0.85950   0.15671  -0.12095
  -0.85950   0.39671  -0.12095
  -0.85950   0.15671  -0.12095
  -0.85950   0.39671  -0.12095
  -0.85950   0.15671  -0.12095
  -0.85950   0.15671  -0.12095
  -0.85950   0.15671  -0.12095
  -1.09950   0.15671  -0.12095
  -0.85950   0.15671  -0.12095
  -0.85950   0.15671  -0.12095
  -0.85950   0.15671  -0.36095
  -0.85950   0.15671  -0.12095
  -0.85950   0.15671  -0.36095
  -1.09950   0.15671  -0.12095
  -1.09950   0.15671  -0.12095
  -1.09950   0.15671  -0.12095
  -1.09950   0.15671  -0.36095
  -1.09950   0.15671  -0.12095
  -1.09950   0.15671  -0.12095
  -1.09950   0.15671  -0.12095
  -1.09950   0.15671  -0.12095
  -1.09950   0.15671  -0.12095
  -1.09950   0.15671  -0.12095
  -1.09950   0.15671  -0.12095
  -1.09950   0.15671  -0.12095
  -1.09950   0.15671  -0.12095
  -1.09950   0.15671  -0.36095
  -1.09950   0.15671  -0.12095
  -1.09950   0.15671  -0.12095
  -1.09950   0.15671  -0.12095
  -1.09950   0.15671  -0.12095
  -1.09950   0.15671  -0.12095
  -1.09950   0.15671  -0.12095
  -1.09950   0.15671  -0.12095
  -1.09950   0.15671  -0.12095
  -1.09950  -0.08329  -0.12095
  -1.09950  -0.08329  -0.12095
  -1.09950  -0.08329  -0.12095
  -1.09950  -0.08329  -0.12095
  -1.09950  -0.08329  -0.12095
  -1.09950  -0.08329  -0.12095
  -1.09950  -0.08329  -0.12095
  -1.09950  -0.08329  -0.12095
  -1.09950  -0.08329  -0.12095
  -1.09950  -0.08329  -0.12095
  -1.09950  -0.08329  -0.12095
  -1.09950  -0.08329  -0.12095
  -1.09950  -0.08329  -0.12095
  -1.09950  -0.08329  -0.12095
  -1.09950  -0.08329  -0.12095
  -1.09950  -0.08329   0.11905
  -1.09950  -0.08329   0.11905
  -1.09950  -0.08329   0.11905
  -1.09950  -0.08329   0.11905
  -1.09950  -0.08329   0.11905
  -1.09950  -0.08329   0.11905
  -1.09950  -0.08329   0.11905
  -1.09950  -0.08329   0.11905
  -1.09950  -0.08329   0.11905
  -1.09950  -0.08329   0.11905
  -1.09950  -0.08329   0.11905
  -1.09950  -0.08329   0.11905
  -1.09950  -0.08329   0.35905
  -1.09950  -0.08329   0.35905
  -1.09950  -0.08329   0.35905
  -1.09950  -0.08329   0.35905
  -1.09950  -0.08329   0.35905
  -1.09950  -0.08329   0.35905
  -1.09950  -0.08329   0.35905
  -1.09950  -0.08329   0.35905
  -1.09950  -0.08329   0.35905
  -0.85950  -0.08329   0.35905
  -0.85950  -0.08329   0.35905
  -1.09950  -0.08329   0.35905
  -1.09950  -0.08329   0.35905
  -1.09950  -0.08329   0.35905
  -0.85950  -0.08329   0.35905
  -0.85950  -0.08329   0.35905
  -0.85950  -0.08329   0.35905
  -0.85950  -0.08329   0.35905
  -0.85950  -0.08329   0.35905
  -0.85950  -0.08329   0.35905
  -0.85950  -0.08329   0.35905
  -0.85950  -0.08329   0.35905
  -0.85950  -0.08329   0.35905
  -0.85950  -0.08329   0.11905
  -0.85950  -0.08329   0.11905
  -0.61950  -0.08329   0.11905
  -0.61950  -0.08329   0.11905
  -0.61950  -0.08329   0.11905
  -0.61950  -0.55329   0.11905
  -0.61950  -0.08329   0.11905
  -0.61950  -0.08329  -0.12095
  -0.61950  -0.08329  -0.12095
  -0.61950  -0.08329  -0.12095
  -0.61950  -0.08329  -0.12095
  -0.37950  -0.08329  -0.12095
  -0.37950  -0.08329  -0.12095
  -0.37950  -0.08329  -0.12095
  -0.37950  -0.08329  -0.36095
  -0.37950  -0.08329  -0.36095
  -0.37950  -0.08329  -0.36095
  -0.37950  -0.08329  -0.36095
  -0.37950  -0.08329  -0.36095
  -0.37950  -0.08329  -0.36095
  -0.37950  -0.08329  -0.36095
  -0.13950  -0.08329  -0.36095
  -0.13950  -0.08329  -0.60095
  -0.13950  -0.08329  -0.60095
  -0.13950  -0.08329  -0.60095
  -0.13950  -0.08329  -0.60095
  -0.13950  -0.08329  -0.60095
  -0.13950  -0.08329  -0.84095
  -0.13950  -0.08329  -0.84095
  -0.13950  -0.08329  -0.84095
  -0.13950  -0.08329  -0.84095
  -0.13950  -0.08329  -0.84095
  -0.13950  -0.08329  -0.84095
   0.10050  -0.08329  -0.84095
   0.10050  -0.08329  -1.08095
   0.10050  -0.08329  -0.84095
   0.10050  -0.08329  -1.08095
   0.10050  -0.08329  -1.08095
   0.10050  -0.08329  -1.08095
   0.10050  -0.08329  -1.08095
   0.10050  -0.08329  -1.08095
   0.10050  -0.08329  -1.08095
   0.10050  -0.08329  -1.08095
   0.10050  -0.08329  -1.08095
   0.34050  -0.08329  -1.08095
   0.34050  -0.08329  -1.08095
   0.34050  -0.08329  -1.08095
   0.34050  -0.08329  -1.08095
   0.34050  -0.08329  -1.08095
   0.34050  -0.08329  -1.08095
   0.34050  -0.08329  -1.08095
   0.34050  -0.08329  -1.32095
   0.34050  -0.08329  -1.08095
   0.34050  -0.08329  -1.08095
   0.34050  -0.08329  -1.08095
   0.34050  -0.08329  -1.08095
   0.58050  -0.08329  -1.08095
   0.58050  -0.08329  -1.08095
   0.58050  -0.08329  -1.08095
   0.58050  -0.08329  -1.08095
   0.58050  -0.08329  -1.08095
   0.58050  -0.08329  -1.08095
   0.58050   0.15671  -1.08095
   0.58050  -0.08329  -0.84095
   0.58050  -0.08329  -1.08095
   0.58050   0.15671  -1.08095
   0.58050  -0.08329  -0.84095
   0.58050  -0.08329  -0.84095
   0.58050   0.15671  -1.08095
   0.58050   0.15671  -0.84095
   0.58050  -0.08329  -0.84095
   0.58050  -0.08329  -0.84095
   0.58050  -0.08329  -0.84095
   0.58050   0.15671  -0.84095
   0.82050  -0.08329  -0.84095
   0.82050   0.15671  -0.84095
   0.82050  -0.08329  -0.84095
   0.82050   0.15671  -0.84095
   0.82050  -0.08329  -0.60095
   0.82050  -0.08329  -0.60095
   0.82050  -0.08329  -0.60095
   0.82050  -0.08329  -0.60095
   0.82050  -0.32329  -0.60095
   0.82050  -0.08329  -0.60095
   0.82050  -0.08329  -0.60095
   0.82050  -0.08329  -0.60095
   0.82050  -0.08329  -0.36095
   0.82050  -0.08329  -0.36095
   1.06050  -0.08329  -0.36095
   0.82050  -0.32329  -0.36095
   0.82050  -0.32329  -0.36095
   0.82050  -0.32329  -0.12095
   0.82050  -0.32329  -0.12095
   0.82050  -0.32329  -0.12095
   0.82050  -0.32329  -0.12095
   0.82050  -0.32329  -0.12095
   0.82050  -0.32329  -0.12095
   0.82050  -0.32329  -0.12095
   0.82050  -0.32329  -0.12095
   0.82050  -0.32329  -0.12095
   0.82050  -0.32329  -0.12095
   0.82050  -0.32329   0.11905
   0.82050  -0.32329   0.11905
   0.82050  -0.32329   0.11905
   0.82050  -0.32329   0.11905
   0.82050  -0.32329   0.11905
   0.82050  -0.32329   0.11905
   0.82050  -0.32329   0.11905
   0.82050  -0.55329   0.35905
   0.82050  -0.32329   0.35905
   0.82050  -0.32329   0.35905
   0.82050  -0.32329   0.35905
   0.82050  -0.32329   0.35905
   0.82050  -0.08329   0.35905
   0.82050  -0.32329   0.35905
   0.82050  -0.08329   0.59905
   0.82050  -0.08329   0.59905
   0.82050  -0.08329   0.59905
   0.82050  -0.08329   0.59905
   0.82050  -0.08329   0.59905
   0.82050  -0.08329   0.59905
   0.82050  -0.08329   0.83905
   0.82050  -0.08329   0.83905
   0.82050  -0.08329   0.83905
   0.82050  -0.08329   0.83905
   0.82050  -0.08329   0.83905
   0.82050  -0.08329   0.83905
   0.82050  -0.08329   0.83905
   0.82050  -0.08329   0.83905
   0.82050  -0.08329   0.83905
   0.82050  -0.08329   0.83905
   0.82050  -0.08329   0.83905
   0.82050  -0.08329   0.83905
   0.82050  -0.08329   0.83905
   0.58050  -0.08329   0.83905
   0.58050  -0.08329   0.83905
   0.58050  -0.08329   0.83905
   0.82050  -0.08329   0.83905
   0.58050  -0.08329   0.83905
   0.58050   0.15671   0.83905
   0.58050   0.15671   0.83905
   0.58050   0.15671   0.83905
   0.58050   0.15671   0.83905
   0.58050   0.15671   0.83905
   0.58050   0.15671   0.83905
   0.58050   0.15671   0.59905
   0.58050   0.15671   0.83905
   0.58050   0.15671   0.83905
   0.58050   0.15671   0.83905
   0.34050  -0.08329   0.59905
   0.58050   0.15671   0.59905
   0.34050   0.15671   0.59905
   0.34050   0.15671   0.59905
   0.34050   0.15671   0.59905
   0.34050   0.15671   0.59905
   0.34050   0.15671   0.59905
   0.34050   0.15671   0.59905
   0.34050   0.15671   0.59905
   0.34050   0.15671   0.59905
   0.34050   0.15671   0.59905
   0.34050   0.15671   0.59905
   0.10050   0.15671   0.59905
   0.10050   0.15671   0.59905
  -0.13950   0.15671   0.35905
   0.10050   0.15671   0.35905
   0.10050   0.15671   0.35905
   0.10050   0.15671   0.35905
  -0.13950   0.15671   0.35905
  -0.13950   0.15671  -0.12095
  -0.13950   0.15671   0.35905
   0.10050   0.15671   0.35905
  -0.13950   0.15671   0.35905
  -0.13950   0.15671   0.11905
  -0.13950   0.15671   0.35905
  -0.13950   0.15671   0.11905
  -0.13950   0.15671   0.11905
  -0.13950   0.15671   0.11905
  -0.13950   0.15671   0.11905
  -0.13950   0.15671   0.11905
  -0.13950   0.15671   0.11905
  -0.13950  -0.08329   0.11905
  -0.13950   0.15671  -0.12095
  -0.13950  -0.08329  -0.12095
  -0.13950  -0.08329  -0.12095
   0.10050  -0.08329  -0.12095
   0.10050  -0.08329  -0.12095
   0.10050  -0.08329  -0.12095
   0.10050  -0.08329  -0.12095
   0.10050  -0.08329  -0.12095
   0.10050  -0.08329  -0.12095
   0.10050  -0.32329  -0.12095
   0.10050  -0.32329  -0.36095
   0.10050  -0.08329  -0.36095
   0.10050  -0.32329  -0.36095
   0.10050  -0.32329  -0.36095
   0.10050  -0.32329  -0.36095
   0.10050  -0.32329  -0.36095
   0.10050  -0.08329  -0.36095
   0.10050  -0.08329  -0.36095
   0.10050  -0.32329  -0.36095
   0.10050  -0.08329  -0.36095
   0.10050  -0.32329  -0.36095
   0.10050  -0.32329  -0.36095
   0.10050  -0.32329  -0.36095
   0.10050  -0.32329  -0.36095
   0.10050  -0.08329  -0.36095
   0.10050  -0.32329  -0.36095
   0.10050  -0.32329  -0.36095
   0.34050  -0.08329  -0.36095
   0.34050  -0.08329  -0.36095
   0.34050  -0.08329  -0.36095
   0.34050  -0.08329  -0.36095
   0.34050  -0.08329  -0.36095
   0.34050  -0.08329  -0.12095
   0.34050  -0.08329  -0.12095
   0.34050  -0.08329  -0.12095
   0.34050  -0.08329  -0.12095
   0.34050  -0.08329  -0.12095
   0.34050  -0.08329  -0.12095
   0.34050   0.15671  -0.12095
   0.34050  -0.08329  -0.12095
   0.34050  -0.08329   0.11905
   0.34050  -0.08329   0.11905
   0.34050  -0.08329   0.11905
   0.34050  -0.08329   0.11905
   0.34050  -0.08329   0.11905
   0.34050   0.15671   0.35905
   0.34050  -0.08329   0.35905
   0.34050   0.15671   0.35905
   0.34050   0.15671   0.35905
   0.34050   0.15671   0.35905
   0.34050   0.15671   0.35905
   0.34050   0.15671   0.35905
   0.34050   0.15671   0.35905
   0.34050   0.15671   0.59905
   0.34050   0.15671   0.59905
   0.34050   0.15671   0.59905
   0.34050   0.15671   0.59905
   0.34050   0.15671   0.59905
   0.34050   0.15671   0.59905
   0.34050   0.15671   0.59905
   0.34050   0.15671   0.59905
   0.34050   0.15671   0.59905
   0.34050   0.15671   0.59905
   0.58050   0.15671   0.59905
   0.58050   0.15671   0.83905
   0.58050   0.15671   0.83905
   0.58050   0.15671   0.83905
   0.58050   0.15671   0.83905
   0.58050   0.39671   0.83905
   0.58050   0.39671   0.83905
   0.58050   0.15671   0.83905
   0.58050   0.39671   0.83905
   0.58050   0.39671   0.83905
   0.58050   0.15671   0.83905
   0.58050   0.15671   0.83905
   0.58050   0.15671   0.83905
   0.58050   0.15671   0.83905
   0.58050   0.15671   0.83905
   0.58050   0.15671   0.83905
   0.58050   0.15671   0.83905
   0.58050   0.15671   0.83905
   0.58050   0.15671   0.83905
   0.58050   0.15671   0.83905
   0.58050   0.15671   0.83905
   0.58050   0.15671   0.83905
   0.58050   0.15671   0.83905
   0.58050   0.15671   0.83905
   0.34050   0.15671   0.83905
   0.58050   0.15671   0.83905
   0.58050   0.15671   0.59905
   0.58050   0.15671   0.59905
   0.34050   0.15671   0.59905
   0.34050   0.15671   0.59905
   0.34050   0.39671   0.59905
   0.34050   0.15671   0.59905
   0.34050   0.39671   0.59905
   0.34050   0.15671   0.59905
   0.34050   0.15671   0.59905
   0.34050   0.39671   0.59905
   0.34050   0.15671   0.59905
   0.34050   0.39671   0.59905
   0.10050   0.39671   0.59905
   0.10050   0.39671   0.35905
   0.10050   0.15671   0.35905
   0.10050   0.15671   0.35905
   0.10050   0.39671   0.35905
  -0.13950   0.39671   0.35905
  -0.13950   0.39671   0.35905
  -0.13950   0.39671   0.35905
  -0.13950   0.39671   0.35905
  -0.13950   0.39671   0.35905
  -0.13950   0.39671   0.35905
  -0.37950   0.39671   0.35905
  -0.37950   0.39671   0.35905
  -0.37950   0.39671   0.11905
  -0.37950   0.39671   0.11905
  -0.61950   0.39671   0.11905
  -0.61950   0.39671   0.11905
  -0.61950   0.39671   0.11905
  -0.61950   0.39671  -0.12095
  -0.61950   0.39671  -0.12095
  -0.61950   0.39671  -0.12095
  -0.85950   0.39671  -0.12095
  -0.85950   0.39671  -0.12095
  -0.85950   0.39671  -0.12095
  -0.85950   0.39671  -0.12095
  -0.85950   0.39671  -0.12095
  -0.85950   0.39671  -0.12095
  -0.85950   0.39671  -0.36095
  -0.85950   0.39671  -0.36095
  -0.85950   0.39671  -0.36095
  -0.85950   0.39671  -0.36095
  -0.85950   0.15671  -0.36095
  -0.85950   0.39671  -0.36095
  -0.85950   0.39671  -0.36095
  -0.85950   0.15671  -0.36095
  -0.85950   0.39671  -0.60095
  -1.09950   0.15671  -0.60095
  -1.09950   0.15671  -0.60095
  -0.85950   0.15671  -0.60095
  -0.85950   0.15671  -0.60095
  -1.09950   0.15671  -0.60095
  -1.09950   0.15671  -0.60095
  -1.09950   0.15671  -0.60095
  -1.09950   0.15671  -0.60095
  -1.09950   0.15671  -0.60095
  -1.09950   0.15671  -0.84095
  -1.09950  -0.08329  -0.60095
  -0.85950   0.15671  -0.84095
  -0.85950  -0.08329  -0.84095
  -0.85950  -0.08329  -0.84095
  -0.85950  -0.08329  -0.84095
  -1.09950  -0.08329  -0.84095
  -0.85950  -0.08329  -0.84095
  -0.85950  -0.08329  -0.84095
  -0.85950  -0.32329  -0.84095
  -0.85950  -0.08329  -0.84095
  -0.85950  -0.32329  -0.84095
  -0.85950  -0.32329  -0.84095
  -0.85950  -0.08329  -0.84095
  -0.85950  -0.08329  -0.84095
  -0.61950  -0.32329  -0.84095
  -0.61950  -0.32329  -0.84095
  -0.61950  -0.32329  -0.84095
  -0.61950  -0.32329  -0.84095
  -0.61950  -0.32329  -0.84095
  -0.61950  -0.32329  -0.60095
  -0.61950  -0.32329  -0.84095
  -0.61950  -0.32329  -0.84095
  -0.61950  -0.32329  -0.84095
  -0.61950  -0.55329  -0.60095
  -0.61950  -0.32329  -0.84095
  -0.37950  -0.32329  -0.84095
  -0.37950  -0.55329  -0.60095
  -0.37950  -0.55329  -0.84095
  -0.37950  -0.32329  -0.84095
  -0.37950  -0.55329  -0.60095
  -0.37950  -0.55329  -0.60095
  -0.37950  -0.55329  -0.60095
  -0.37950  -0.55329  -0.60095
  -0.37950  -0.55329  -0.60095
  -0.37950  -0.55329  -0.60095
  -0.37950  -0.32329  -0.60095
  -0.37950  -0.55329  -0.60095
  -0.13950  -0.32329  -0.60095
  -0.13950  -0.32329  -0.60095
  -0.13950  -0.32329  -0.60095
  -0.13950  -0.32329  -0.60095
  -0.13950  -0.32329  -0.60095
  -0.13950  -0.32329  -0.60095
  -0.13950  -0.32329  -0.60095
  -0.13950  -0.32329  -0.36095
  -0.13950  -0.32329  -0.36095
  -0.13950  -0.32329  -0.36095
  -0.13950  -0.32329  -0.36095
  -0.13950  -0.32329  -0.36095
  -0.13950  -0.32329  -0.36095
  -0.13950  -0.32329  -0.36095
  -0.13950  -0.32329  -0.36095
   0.10050  -0.32329  -0.36095
   0.10050  -0.32329  -0.36095
   0.10050  -0.32329  -0.36095
   0.10050  -0.32329  -0.36095
   0.10050  -0.08329  -0.12095
   0.10050  -0.08329  -0.12095
   0.10050  -0.32329  -0.12095
   0.10050  -0.08329  -0.12095
   0.10050  -0.08329  -0.12095
   0.10050  -0.08329  -0.12095
   0.34050  -0.08329  -0.12095
   0.10050  -0.08329  -0.12095
   0.10050  -0.08329  -0.12095
   0.10050  -0.08329  -0.12095
   0.34050  -0.08329  -0.12095
   0.34050  -0.08329  -0.12095
   0.34050  -0.08329  -0.12095
   0.34050  -0.08329  -0.12095
   0.34050  -0.08329  -0.12095
   0.34050  -0.08329  -0.12095
   0.34050  -0.08329   0.11905
   0.34050  -0.08329   0.11905
   0.34050  -0.08329   0.11905
   0.34050  -0.08329   0.11905
   0.34050  -0.08329  -0.12095
   0.34050  -0.08329   0.11905
   0.10050  -0.08329   0.11905
   0.34050  -0.08329   0.11905
   0.10050  -0.08329   0.11905
   0.10050  -0.08329   0.11905
   0.10050  -0.08329   0.11905
   0.10050  -0.08329   0.11905
   0.10050  -0.08329   0.11905
   0.10050  -0.08329   0.11905
   0.10050  -0.08329   0.11905
   0.10050  -0.08329   0.11905
   0.10050  -0.08329   0.11905
   0.10050   0.15671   0.11905
   0.10050  -0.08329   0.11905
   0.10050   0.15671   0.11905
   0.10050   0.15671   0.11905
   0.10050   0.15671   0.11905
   0.10050   0.15671   0.11905
  -0.13950   0.15671   0.11905
   0.10050   0.15671   0.11905
  -0.13950   0.15671   0.11905
  -0.13950   0.15671   0.11905
  -0.13950   0.15671   0.11905
  -0.13950   0.15671   0.11905
  -0.13950   0.15671   0.11905
  -0.13950   0.15671   0.11905
  -0.13950   0.15671   0.11905
  -0.13950   0.15671   0.11905
  -0.13950   0.15671   0.11905
  -0.37950   0.15671   0.11905
  -0.37950   0.15671   0.11905
  -0.61950   0.15671   0.11905
  -0.37950   0.15671   0.11905
  -0.37950   0.15671   0.11905
  -0.37950   0.15671   0.11905
  -0.37950   0.15671   0.11905
  -0.61950   0.15671   0.11905
  -0.37950   0.15671   0.11905
  -0.61950   0.15671  -0.12095
  -0.61950   0.15671   0.11905
  -0.61950  -0.08329   0.11905
  -0.61950  -0.08329   0.11905
  -0.61950   0.15671  -0.12095
  -0.61950   0.15671  -0.12095
  -0.61950   0.15671  -0.12095
  -0.61950   0.15671  -0.12095
  -0.61950   0.15671  -0.12095
  -0.61950   0.15671  -0.12095
  -0.61950   0.15671  -0.12095
  -0.85950   0.15671  -0.12095
  -0.85950   0.15671  -0.12095
  -0.85950   0.15671  -0.12095
  -0.85950   0.15671  -0.12095
  -0.85950   0.15671  -0.12095
  -0.85950   0.15671  -0.12095
  -0.85950   0.15671  -0.12095
  -0.85950   0.15671  -0.12095
  -0.85950   0.15671  -0.12095
  -0.85950   0.15671  -0.12095
  -0.85950   0.15671  -0.12095
  -0.85950  -0.08329  -0.12095
  -0.85950   0.15671  -0.12095
  -0.85950   0.15671  -0.12095
  -0.85950   0.15671  -0.12095
  -0.85950   0.15671  -0.12095
  -0.85950   0.15671  -0.36095
  -0.85950   0.15671  -0.36095
  -0.85950   0.15671  -0.36095
  -0.85950  -0.08329  -0.36095
  -0.85950   0.15671  -0.12095
  -0.85950  -0.08329  -0.36095
  -0.85950   0.15671  -0.36095
  -0.85950  -0.08329  -0.36095
  -0.85950  -0.08329  -0.36095
  -0.85950   0.15671  -0.36095
  -0.85950   0.15671  -0.36095
  -0.85950  -0.08329  -0.12095
  -0.85950  -0.08329  -0.12095
  -0.85950  -0.08329  -0.36095
  -0.85950  -0.08329  -0.12095
  -0.85950  -0.08329  -0.36095
  -0.85950  -0.08329  -0.12095
  -0.85950  -0.08329  -0.36095
  -0.61950  -0.08329  -0.12095
  -0.61950  -0.08329  -0.12095
  -0.61950  -0.08329  -0.12095
  -0.61950  -0.08329  -0.36095
  -0.61950  -0.08329  -0.12095
  -0.61950  -0.32329  -0.36095
  -0.61950  -0.08329  -0.12095
  -0.61950  -0.08329  -0.12095
  -0.61950  -0.08329  -0.12095
  -0.37950  -0.08329  -0.12095
  -0.37950  -0.08329  -0.12095
  -0.37950  -0.32329  -0.12095
  -0.37950  -0.08329  -0.12095
  -0.37950  -0.08329  -0.12095
  -0.13950  -0.08329  -0.12095
  -0.13950  -0.08329  -0.12095
  -0.13950  -0.08329  -0.12095
  -0.13950  -0.08329   0.11905
  -0.13950  -0.08329  -0.12095
  -0.13950  -0.08329   0.11905
  -0.13950  -0.08329   0.11905
   0.10050  -0.08329   0.11905
   0.10050  -0.32329   0.11905
   0.10050  -0.08329   0.11905
   0.10050  -0.08329   0.11905
   0.10050  -0.08329   0.11905
   0.10050  -0.08329   0.11905
   0.34050  -0.08329   0.11905
   0.34050  -0.32329   0.11905
   0.34050  -0.08329   0.11905
   0.34050  -0.08329   0.11905
   0.34050  -0.08329   0.35905
   0.34050  -0.08329   0.35905
   0.58050  -0.08329   0.35905
   0.58050  -0.08329   0.35905
   0.58050  -0.08329   0.35905
   0.58050  -0.08329   0.35905
   0.58050  -0.08329   0.35905
   0.58050  -0.08329   0.35905
   0.58050  -0.32329   0.35905
   0.58050  -0.08329   0.35905
   0.58050  -0.08329   0.35905
   0.58050  -0.08329   0.35905
   0.58050  -0.32329   0.35905
   0.82050  -0.32329   0.35905
   0.82050  -0.08329   0.35905
   0.58050  -0.08329   0.35905
   0.82050  -0.08329   0.35905
   0.82050  -0.08329   0.35905
   0.82050  -0.08329   0.35905
   0.82050  -0.08329   0.35905
   0.82050  -0.08329   0.35905
   0.82050  -0.08329   0.35905
   0.82050  -0.08329   0.35905
   0.82050  -0.08329   0.35905
   0.82050   0.15671   0.35905
   0.82050   0.15671   0.35905
   0.34050   0.15671   0.35905
   0.82050   0.15671   0.35905
   0.58050   0.15671   0.35905
   0.58050   0.15671   0.35905
   0.58050   0.15671   0.35905
   0.58050   0.15671   0.35905
   0.58050   0.15671   0.35905
   0.58050   0.15671   0.35905
   0.58050   0.15671   0.35905
   0.58050   0.15671   0.35905
   0.58050   0.15671   0.35905
   0.58050   0.15671   0.35905
   0.58050   0.15671   0.35905
   0.58050   0.39671   0.35905
   0.34050   0.15671   0.35905
   0.34050   0.39671   0.35905
   0.34050   0.39671   0.35905
   0.34050   0.39671   0.35905
   0.34050   0.39671   0.35905
   0.34050   0.15671   0.35905
   0.34050   0.39671   0.35905
   0.34050   0.39671   0.35905
   0.34050   0.39671   0.35905
   0.34050   0.39671   0.35905
   0.34050   0.39671   0.35905
   0.34050   0.39671   0.35905
   0.34050   0.39671   0.35905
   0.10050   0.39671   0.35905
   0.34050   0.39671   0.35905
   0.34050   0.39671   0.35905
   0.10050   0.39671   0.35905
   0.10050   0.39671   0.35905
   0.10050   0.39671   0.35905
   0.10050   0.39671   0.35905
   0.10050   0.39671   0.35905
   0.10050   0.39671   0.35905
   0.10050   0.39671   0.35905
   0.10050   0.39671   0.35905
   0.10050   0.39671   0.35905
   0.10050   0.39671   0.35905
   0.10050   0.15671   0.35905
   0.10050   0.15671   0.35905
   0.10050   0.15671   0.35905
   0.10050   0.15671   0.35905
   0.10050   0.39671   0.35905
   0.10050   0.15671   0.35905
   0.10050   0.15671   0.35905
   0.10050   0.15671   0.35905
   0.10050   0.15671  -0.12095
   0.10050   0.15671   0.35905
   0.10050   0.15671   0.11905
   0.10050   0.15671   0.11905
   0.10050   0.15671   0.11905
   0.10050   0.15671   0.11905
  -0.13950   0.15671   0.11905
   0.10050   0.15671   0.11905
   0.10050   0.15671   0.11905
   0.10050   0.15671  -0.12095
   0.10050   0.15671   0.11905
   0.10050   0.15671   0.11905
   0.10050   0.15671  -0.12095
   0.10050   0.15671   0.11905
  -0.13950  -0.08329  -0.12095
   0.10050   0.15671  -0.12095
   0.10050   0.15671  -0.12095
   0.10050  -0.08329  -0.12095
   0.10050  -0.08329  -0.12095
   0.10050  -0.08329  -0.12095
   0.10050  -0.08329  -0.12095
   0.10050   0.15671  -0.12095
   0.10050  -0.08329  -0.12095
   0.10050  -0.08329  -0.12095
   0.10050  -0.08329  -0.12095
   0.10050   0.15671  -0.12095
   0.10050  -0.08329  -0.12095
   0.10050  -0.08329  -0.12095
   0.10050   0.15671  -0.36095
   0.10050  -0.08329  -0.12095
   0.10050  -0.08329  -0.12095
   0.10050  -0.08329  -0.12095
   0.10050   0.15671  -0.12095
   0.10050  -0.08329  -0.12095
   0.10050  -0.08329  -0.12095
   0.10050   0.15671  -0.12095
   0.10050   0.15671  -0.12095
   0.34050  -0.08329  -0.12095
   0.34050  -0.08329  -0.12095
   0.34050  -0.08329  -0.12095
   0.34050  -0.08329  -0.36095
   0.34050  -0.08329  -0.12095
   0.34050  -0.08329  -0.12095
   0.34050  -0.08329  -0.12095
   0.34050  -0.08329  -0.12095
   0.34050  -0.32329  -0.12095
   0.58050  -0.08329  -0.12095
   0.58050  -0.08329  -0.12095
   0.58050  -0.08329  -0.12095
   0.58050  -0.08329  -0.12095
   0.58050  -0.08329  -0.12095
   0.58050  -0.08329  -0.12095
   0.58050  -0.08329  -0.12095
   0.58050  -0.08329  -0.12095
   0.82050  -0.32329  -0.12095
   0.82050  -0.08329  -0.12095
   0.82050  -0.08329  -0.12095
   0.82050  -0.08329  -0.12095
   0.82050  -0.08329  -0.12095
   0.82050  -0.08329  -0.12095
   0.82050  -0.08329  -0.12095
   0.82050  -0.08329  -0.12095
   1.06050  -0.08329  -0.12095
   1.06050  -0.08329  -0.12095
   1.06050  -0.08329  -0.12095
   1.06050  -0.08329  -0.12095
   1.06050  -0.32329  -0.12095
   1.06050  -0.32329  -0.12095
   1.06050  -0.08329  -0.12095
   1.06050  -0.08329  -0.12095
   1.06050  -0.08329  -0.12095
   1.30050  -0.08329  -0.12095
   1.30050  -0.08329   0.11905
   1.30050  -0.08329   0.11905
   1.30050  -0.08329   0.11905
   1.30050  -0.08329   0.11905
   1.30050  -0.08329   0.11905
   1.30050  -0.08329   0.11905
   1.30050  -0.08329   0.11905
   1.30050  -0.08329   0.11905
   1.30050  -0.08329   0.11905
   1.30050  -0.32329   0.11905
   1.30050  -0.08329   0.11905
   1.30050  -0.08329   0.11905
   1.30050   0.15671   0.11905
   1.54050   0.15671   0.11905
   1.54050   0.15671   0.11905
   1.54050   0.15671   0.11905
   1.54050   0.15671   0.35905
   1.54050  -0.08329   0.11905
   1.54050   0.15671   0.35905
   1.54050   0.15671   0.35905
   1.54050   0.15671   0.35905
   1.54050   0.15671   0.11905
   1.54050   0.15671   0.35905
   1.54050   0.15671   0.35905
   1.54050   0.15671   0.35905
   1.54050   0.15671   0.11905
   1.54050   0.15671   0.11905
   1.54050   0.15671   0.35905
   1.30050   0.15671   0.35905
   1.30050   0.15671   0.11905
   1.30050   0.15671   0.35905
   1.30050   0.15671   0.11905
   1.30050   0.15671   0.35905
   1.30050   0.15671   0.11905
   1.30050   0.15671   0.11905
   1.30050   0.15671   0.11905
   1.30050   0.15671   0.11905
   1.30050   0.15671   0.11905
   1.30050   0.15671   0.11905
   1.06050   0.15671   0.11905
   1.06050  -0.08329   0.11905
   1.06050  -0.08329   0.11905
   1.06050  -0.08329   0.11905
   1.06050  -0.08329  -0.12095
   1.06050  -0.08329  -0.12095
   1.06050  -0.08329  -0.12095
   1.06050  -0.08329  -0.12095
   0.82050  -0.08329  -0.12095
   0.82050  -0.08329  -0.12095
   0.82050  -0.08329  -0.12095
   0.82050  -0.08329  -0.12095
   0.82050  -0.08329  -0.12095
   0.82050  -0.08329  -0.12095
   0.58050  -0.08329  -0.12095
   0.58050  -0.08329  -0.12095
   0.58050  -0.08329  -0.12095
   0.58050  -0.08329  -0.12095
   0.58050  -0.08329  -0.12095
   0.58050  -0.08329  -0.36095
   0.34050  -0.08329  -0.36095
   0.34050  -0.08329  -0.36095
   0.34050  -0.08329  -0.36095
   0.34050  -0.08329  -0.36095
   0.34050  -0.08329  -0.36095
   0.34050  -0.08329  -0.36095
   0.10050  -0.08329  -0.36095
   0.10050  -0.08329  -0.36095
   0.10050  -0.08329  -0.36095
   0.10050  -0.08329  -0.36095
   0.10050  -0.08329  -0.36095
   0.10050  -0.08329  -0.36095
   0.10050  -0.08329  -0.36095
   0.10050  -0.08329  -0.36095
  -0.13950  -0.08329  -0.36095
  -0.13950   0.15671  -0.36095
  -0.13950  -0.08329  -0.36095
  -0.13950  -0.08329  -0.60095
  -0.13950  -0.08329  -0.36095
  -0.37950  -0.08329  -0.36095
  -0.37950  -0.08329  -0.36095
  -0.37950  -0.08329  -0.36095
  -0.37950  -0.08329  -0.36095
  -0.37950  -0.08329  -0.36095
  -0.37950  -0.08329  -0.36095
  -0.37950  -0.08329  -0.36095
  -0.37950  -0.08329  -0.36095
  -0.37950  -0.08329  -0.36095
  -0.37950  -0.08329  -0.36095
  -0.37950  -0.08329  -0.36095
  -0.37950   0.15671  -0.36095
  -0.37950   0.15671  -0.60095
  -0.61950  -0.08329  -0.36095
  -0.61950  -0.08329  -0.36095
  -0.85950  -0.08329  -0.36095
  -0.61950   0.15671  -0.36095
  -0.61950  -0.08329  -0.36095
  -0.61950   0.15671  -0.36095
  -0.61950  -0.08329  -0.36095
  -0.61950   0.15671  -0.36095
  -0.61950  -0.08329  -0.36095
  -0.61950  -0.08329  -0.36095
  -0.61950  -0.08329  -0.36095
  -0.61950  -0.08329  -0.36095
  -0.61950  -0.08329  -0.36095
  -0.61950   0.15671  -0.36095
  -0.61950  -0.08329  -0.36095
  -0.61950  -0.08329  -0.36095
  -0.61950  -0.08329  -0.36095
  -0.61950  -0.08329  -0.36095
  -0.61950  -0.08329  -0.36095
  -0.61950  -0.08329  -0.36095
  -0.61950  -0.08329  -0.36095
  -0.85950  -0.08329  -0.36095
  -0.61950  -0.08329  -0.36095
  -0.85950  -0.08329  -0.36095
  -0.85950  -0.08329  -0.36095
  -0.85950  -0.08329  -0.36095
  -0.85950  -0.08329  -0.12095
  -0.85950  -0.08329  -0.12095
  -0.85950  -0.08329  -0.12095
  -0.85950  -0.08329  -0.12095
  -0.85950  -0.08329  -0.12095
  -0.85950  -0.08329  -0.12095
  -0.85950  -0.08329  -0.12095
  -0.85950  -0.32329  -0.12095
  -0.85950  -0.32329  -0.12095
  -0.85950  -0.08329  -0.12095
  -0.85950  -0.32329  -0.12095
  -0.85950  -0.32329  -0.12095
  -0.85950  -0.08329  -0.12095
  -0.85950  -0.32329   0.11905
  -0.85950  -0.32329  -0.12095
  -0.85950  -0.32329   0.11905
  -0.85950  -0.32329  -0.12095
  -0.85950  -0.32329   0.11905
  -0.85950  -0.32329   0.11905
  -0.85950  -0.32329   0.11905
  -0.85950  -0.32329   0.11905
  -0.85950  -0.32329   0.11905
  -1.09950  -0.32329   0.11905
  -1.09950  -0.32329   0.11905
  -1.09950  -0.32329   0.11905
  -0.85950  -0.32329   0.11905
  -1.09950  -0.32329   0.11905
  -0.85950  -0.32329   0.11905
  -1.09950  -0.32329   0.11905
  -1.09950  -0.55329   0.11905
  -1.09950  -0.55329   0.11905
  -1.09950  -0.55329   0.11905
  -1.09950  -0.32329   0.11905
  -1.09950  -0.32329   0.11905
  -1.09950  -0.32329   0.11905
  -1.09950  -0.32329   0.35905
  -1.09950  -0.32329   0.11905
  -1.09950  -0.32329   0.11905
  -1.09950  -0.32329   0.35905
  -1.09950  -0.08329   0.35905
  -1.09950  -0.32329   0.35905
  -0.85950  -0.32329   0.35905
  -1.09950  -0.08329   0.35905
  -0.85950  -0.08329   0.35905
  -1.09950  -0.08329   0.35905
  -1.09950  -0.08329   0.35905
  -1.09950  -0.08329   0.35905
  -1.09950  -0.08329   0.35905
  -1.09950  -0.08329   0.35905
  -1.09950  -0.08329   0.35905
  -1.09950  -0.08329   0.35905
  -1.09950  -0.08329   0.35905
  -1.09950  -0.08329   0.35905
  -1.09950  -0.08329   0.35905
  -1.09950   0.15671   0.35905
  -1.09950   0.15671   0.35905
  -1.09950   0.15671   0.35905
  -1.09950   0.15671   0.35905
  -1.09950   0.15671   0.35905
  -1.09950   0.15671   0.35905
  -1.09950   0.15671   0.35905
  -1.09950   0.15671   0.35905
  -1.33950   0.15671  -0.12095
  -1.33950   0.15671   0.35905
  -1.33950   0.15671   0.35905
  -1.33950   0.15671   0.35905
  -1.33950   0.15671   0.35905
  -1.33950   0.15671   0.35905
  -1.33950   0.15671   0.35905
  -1.56950   0.15671   0.35905
  -1.56950   0.15671   0.35905
  -1.56950   0.15671   0.35905
  -1.56950   0.15671   0.35905
  -1.56950   0.15671   0.35905
  -1.56950   0.15671   0.35905
  -1.56950   0.15671   0.35905
  -1.56950   0.15671   0.35905
  -1.80950   0.15671   0.35905
  -1.80950   0.15671   0.35905
  -1.80950   0.15671   0.35905
  -1.80950   0.15671   0.35905
  -1.80950   0.39671   0.11905
  -1.80950   0.15671   0.11905
  -1.80950   0.15671   0.35905
  -1.80950   0.15671   0.11905
  -1.80950   0.15671   0.11905
  -1.80950   0.15671   0.11905
  -1.80950   0.15671   0.11905
  -1.80950   0.15671   0.11905
  -1.80950   0.15671   0.35905
  -1.80950   0.15671   0.11905
  -2.04950   0.15671   0.11905
  -1.80950  -0.08329   0.11905
  -1.80950   0.39671   0.11905
  -1.80950   0.39671  -0.12095
  -1.80950   0.15671   0.11905
  -1.80950   0.39671   0.11905
  -1.80950   0.15671   0.11905
  -1.80950   0.39671  -0.12095
  -1.80950   0.39671  -0.12095
  -1.80950   0.15671  -0.12095
  -1.80950   0.15671  -0.12095
  -1.80950   0.15671  -0.12095
  -1.80950   0.15671  -0.12095
  -1.80950   0.39671  -0.12095
  -1.80950   0.39671  -0.12095
  -1.80950   0.15671  -0.12095
  -1.80950   0.39671  -0.12095
  -1.56950   0.39671  -0.12095
  -1.56950   0.39671  -0.12095
  -1.56950   0.39671  -0.12095
  -1.56950   0.39671  -0.12095
  -1.56950   0.39671  -0.12095
  -1.56950   0.39671  -0.12095
  -1.56950   0.39671  -0.12095
  -1.56950   0.39671  -0.12095
  -1.33950   0.39671  -0.12095
  -1.33950   0.39671  -0.12095
  -1.33950   0.39671  -0.12095
  -1.33950   0.39671  -0.12095
  -1.33950  -0.08329  -0.12095
  -1.09950   0.39671  -0.12095
  -1.09950   0.15671  -0.12095
  -1.09950   0.15671  -0.12095
  -1.09950   0.15671  -0.12095
  -1.09950   0.15671  -0.12095
  -1.09950   0.15671  -0.12095
  -1.09950   0.39671   0.11905
  -1.09950   0.15671   0.11905
  -1.09950   0.15671  -0.12095
  -0.85950   0.15671   0.11905
  -0.85950   0.15671   0.11905
  -0.85950   0.15671   0.11905
  -0.85950   0.15671   0.11905
  -0.85950   0.15671   0.11905
  -0.85950   0.15671   0.11905
  -0.61950   0.15671   0.11905
  -0.61950   0.15671   0.11905
  -0.61950   0.15671   0.35905
  -0.61950   0.15671   0.11905
  -0.61950   0.15671   0.35905
  -0.61950   0.15671   0.35905
  -0.37950   0.15671   0.35905
  -0.37950   0.15671   0.35905
  -0.37950   0.15671   0.35905
  -0.37950   0.15671   0.35905
  -0.37950   0.15671   0.35905
  -0.13950   0.15671   0.35905
  -0.13950   0.15671   0.35905
  -0.13950   0.15671   0.35905
  -0.13950   0.15671   0.35905
  -0.13950   0.15671   0.35905
  -0.13950   0.15671   0.35905
   0.10050   0.15671   0.35905
   0.10050   0.15671   0.35905
   0.10050   0.15671   0.35905
   0.10050   0.15671   0.35905
   0.10050   0.15671   0.35905
  -0.13950   0.15671   0.35905
   0.34050   0.15671   0.35905
   0.34050   0.15671   0.35905
   0.34050   0.15671   0.35905
   0.34050   0.15671   0.35905
   0.58050   0.15671   0.35905
   0.58050   0.15671   0.35905
   0.34050  -0.08329   0.35905
   0.58050   0.15671   0.35905
   0.58050   0.15671   0.35905
   0.82050  -0.08329   0.35905
   0.58050   0.15671   0.35905
   0.82050   0.15671   0.35905
   0.82050   0.15671   0.35905
   0.82050   0.15671   0.35905
   0.82050   0.15671   0.35905
   0.82050   0.15671   0.35905
   1.06050   0.15671   0.35905
   1.06050   0.15671   0.35905
   1.06050   0.15671   0.35905
   1.06050   0.15671   0.35905
   1.06050   0.15671   0.35905
   1.30050   0.15671   0.35905
   1.30050   0.15671   0.35905
   1.30050   0.15671   0.35905
   1.30050   0.15671   0.35905
   1.30050   0.15671   0.35905
   1.30050   0.39671   0.35905
   1.30050   0.15671   0.35905
   1.54050   0.15671   0.35905
   1.54050   0.15671   0.35905
   1.54050   0.15671   0.35905
   1.54050   0.15671   0.35905
   1.54050   0.15671   0.35905
   1.54050  -0.08329   0.35905
   1.54050   0.15671   0.35905
   1.54050   0.15671   0.35905
   1.54050   0.15671   0.35905
   1.78050   0.15671   0.35905
   1.78050   0.15671   0.35905
   1.78050   0.15671   0.35905
   1.78050   0.15671   0.35905
   1.78050   0.15671   0.11905
   1.78050   0.15671   0.35905
   1.78050   0.15671   0.11905
   1.78050   0.15671   0.35905
   1.78050   0.15671   0.35905
   1.78050   0.15671   0.11905
   2.02050   0.15671   0.11905
   1.78050   0.15671   0.11905
   2.02050   0.15671   0.11905
   2.02050   0.15671   0.11905
   2.02050   0.15671   0.11905
   2.02050   0.15671   0.11905
   2.02050   0.15671   0.11905
   2.02050   0.15671   0.11905
   2.26050   0.15671   0.11905
   2.26050   0.15671   0.11905
   2.26050   0.15671   0.11905
   2.26050   0.15671  -0.12095
   2.26050   0.15671   0.11905
   2.26050   0.15671  -0.12095
   2.26050   0.15671  -0.12095
   2.26050   0.15671  -0.12095
   2.26050   0.15671  -0.12095
   2.50050  -0.08329  -0.12095
   2.50050  -0.08329  -0.12095
   2.50050  -0.08329  -0.12095
   2.50050   0.15671  -0.12095
   2.50050  -0.08329  -0.12095
   2.50050  -0.08329  -0.36095
   2.50050  -0.08329  -0.36095
   2.50050  -0.08329  -0.36095
   2.50050  -0.08329  -0.36095
   2.50050  -0.08329  -0.36095
   2.50050  -0.08329  -0.36095
   2.50050  -0.08329  -0.36095
   2.50050  -0.08329  -0.36095
   2.50050  -0.08329  -0.60095
   2.50050  -0.08329  -0.60095
   2.50050  -0.08329  -0.84095
   2.50050  -0.32329  -0.60095
   2.50050  -0.08329  -0.60095
   2.50050  -0.08329  -0.60095
   2.50050  -0.08329  -0.60095
   2.50050  -0.08329  -0.60095
   2.50050  -0.32329  -0.60095
   2.50050  -0.08329  -0.60095
   2.50050  -0.32329  -0.60095
   2.50050  -0.08329  -0.60095
   2.50050  -0.32329  -0.60095
   2.50050  -0.32329  -0.60095
   2.50050  -0.08329  -0.60095
   2.50050  -0.08329  -0.84095
   2.50050  -0.32329  -0.84095
   2.50050  -0.32329  -0.60095
   2.26050  -0.55329  -0.60095
   2.26050  -0.08329  -0.84095
   2.26050  -0.32329  -0.84095
   2.26050  -0.32329  -0.84095
   2.26050  -0.32329  -0.84095
   2.26050  -0.08329  -0.60095
   2.26050  -0.32329  -0.60095
   2.02050  -0.32329  -0.84095
   2.26050  -0.08329  -0.84095
   2.26050  -0.32329  -0.84095
   2.02050  -0.32329  -0.84095
   2.02050  -0.32329  -0.84095
   2.02050  -0.32329  -0.84095
   2.02050  -0.32329  -0.60095
   2.02050  -0.32329  -0.84095
   1.78050  -0.32329  -0.84095
   1.78050  -0.32329  -0.84095
   1.78050  -0.32329  -0.84095
   1.78050  -0.32329  -0.60095
   1.78050  -0.32329  -0.84095
   1.78050  -0.32329  -0.84095
   1.54050  -0.32329  -0.60095
   1.54050  -0.32329  -0.60095
   1.54050  -0.32329  -0.60095
   1.54050  -0.32329  -0.60095
   1.54050  -0.32329  -0.60095
   1.54050  -0.32329  -0.60095
   1.54050  -0.32329  -0.60095
   1.54050  -0.32329  -0.60095
   1.54050  -0.32329  -0.60095
   1.54050  -0.32329  -0.60095
   1.30050  -0.32329  -0.60095
   1.30050  -0.32329  -0.60095
   1.30050  -0.32329  -0.60095
   1.30050  -0.32329  -0.60095
   1.30050  -0.32329  -0.60095
   1.30050  -0.32329  -0.60095
   1.30050  -0.32329  -0.36095
   1.30050  -0.32329  -0.36095
   1.06050  -0.32329  -0.36095
   1.06050  -0.32329  -0.36095
   1.06050  -0.32329  -0.36095
   1.06050  -0.32329  -0.36095
   1.06050  -0.32329  -0.36095
   1.06050  -0.32329  -0.36095
   1.06050  -0.32329  -0.36095
   0.82050  -0.32329  -0.36095
   0.82050  -0.32329  -0.12095
   0.82050  -0.32329  -0.12095
   0.82050  -0.32329  -0.12095
   0.58050  -0.32329  -0.12095
   0.82050  -0.32329  -0.12095
   0.82050  -0.32329  -0.12095
   0.58050  -0.32329   0.11905
   0.58050  -0.32329   0.11905
   0.58050  -0.32329   0.11905
   0.58050  -0.08329  -0.12095
   0.58050  -0.08329   0.11905
   0.34050  -0.08329   0.11905
   0.34050  -0.32329   0.11905
   0.34050  -0.08329   0.11905
   0.34050  -0.32329   0.11905
   0.34050  -0.32329   0.11905
   0.10050  -0.08329   0.11905
   0.10050  -0.32329   0.35905
   0.10050  -0.32329   0.35905
   0.10050  -0.08329   0.35905
   0.10050  -0.08329   0.35905
  -0.13950  -0.08329   0.35905
  -0.13950  -0.08329   0.35905
  -0.13950  -0.08329   0.35905
  -0.13950  -0.08329   0.35905
  -0.13950  -0.08329   0.35905
  -0.13950  -0.08329   0.35905
  -0.37950  -0.08329   0.35905
  -0.37950  -0.08329  -0.12095
  -0.37950  -0.08329   0.35905
  -0.37950  -0.08329   0.35905
  -0.37950  -0.08329   0.35905
  -0.61950  -0.08329   0.35905
  -0.61950  -0.08329   0.35905
  -0.61950  -0.08329   0.35905
  -0.61950  -0.08329   0.11905
  -0.61950  -0.08329   0.11905
  -0.61950  -0.08329   0.11905
  -0.61950   0.15671   0.11905
  -0.85950   0.15671   0.11905
  -0.85950   0.15671   0.11905
  -0.85950   0.15671   0.11905
  -0.85950   0.15671   0.11905
  -0.85950   0.15671   0.11905
  -0.85950   0.15671   0.11905
  -0.85950   0.15671  -0.12095
  -0.85950   0.15671  -0.12095
  -0.85950   0.15671  -0.12095
  -1.09950   0.15671  -0.12095
  -1.09950   0.15671  -0.12095
  -1.09950   0.15671  -0.12095
  -1.09950   0.15671  -0.12095
  -1.09950   0.15671  -0.12095
  -1.09950   0.15671  -0.12095
  -1.09950   0.15671  -0.12095
  -1.09950   0.15671  -0.12095
  -1.09950   0.15671  -0.12095
  -1.09950   0.15671  -0.12095
  -1.09950   0.15671  -0.12095
  -1.09950   0.15671  -0.12095
  -1.09950   0.15671  -0.12095
  -1.09950   0.15671  -0.12095
  -1.09950   0.15671  -0.12095
  -1.09950   0.15671  -0.12095
  -1.09950   0.15671  -0.12095
  -1.09950   0.15671  -0.12095
  -1.09950   0.15671  -0.12095
  -1.33950   0.15671  -0.12095
  -1.33950   0.15671  -0.12095
  -1.33950   0.15671  -0.12095
  -1.33950   0.15671  -0.12095
  -1.33950   0.15671  -0.12095
  -1.33950   0.15671  -0.12095
  -1.33950   0.15671  -0.12095
  -1.33950   0.15671  -0.12095
  -1.33950   0.15671  -0.12095
  -1.33950   0.15671  -0.12095
  -1.56950   0.15671  -0.12095
  -1.56950   0.15671  -0.12095
  -1.56950   0.15671  -0.12095
  -1.56950   0.15671   0.11905
  -1.56950   0.15671  -0.12095
  -1.56950   0.15671  -0.12095
  -1.56950   0.15671   0.11905
  -1.56950   0.15671   0.11905
  -1.80950   0.15671   0.11905
  -1.56950   0.15671   0.11905
  -1.80950   0.15671   0.11905
  -1.80950   0.15671   0.11905
  -1.80950   0.15671   0.11905
  -1.80950   0.15671   0.11905
  -1.80950   0.15671   0.11905
  -1.80950   0.15671   0.35905
  -2.04950   0.15671   0.35905
  -2.04950   0.15671   0.35905
  -2.04950  -0.08329   0.35905
  -2.04950   0.15671   0.35905
  -2.04950  -0.08329   0.35905
  -2.04950   0.15671   0.35905
  -2.04950  -0.08329   0.35905
  -2.04950   0.15671   0.35905
  -2.28950  -0.08329   0.35905
  -2.28950  -0.08329   0.35905
  -2.28950  -0.08329   0.35905
  -2.28950  -0.08329   0.35905
  -2.28950  -0.08329   0.59905
  -2.28950  -0.08329   0.59905
  -2.28950  -0.08329   0.59905
  -2.52950  -0.08329   0.35905
  -2.52950  -0.08329   0.59905
  -2.52950  -0.08329   0.59905
  -2.52950  -0.08329   0.59905
  -2.52950  -0.08329   0.59905
  -2.52950  -0.08329   0.59905
  -2.52950  -0.08329   0.59905
  -2.52950  -0.08329   0.59905
  -2.52950  -0.08329   0.59905
  -2.52950  -0.08329   0.83905
  -2.52950  -0.08329   0.83905
  -2.52950  -0.08329   0.83905
  -2.52950  -0.08329   0.83905
  -2.52950  -0.08329   0.83905
  -2.52950  -0.08329   0.83905
  -2.52950  -0.08329   0.83905
  -2.52950  -0.08329   0.83905
  -2.52950  -0.08329   0.83905
  -2.52950  -0.08329   0.83905
  -2.52950  -0.08329   0.83905
  -2.52950  -0.08329   0.83905
  -2.52950  -0.08329   0.83905
  -2.52950  -0.08329   1.06905
  -2.52950   0.15671   1.06905
  -2.52950  -0.08329   1.06905
  -2.52950  -0.08329   1.06905
  -2.52950  -0.08329   1.06905
  -2.52950  -0.08329   1.06905
  -2.52950  -0.08329   1.06905
  -2.52950  -0.08329   1.06905
  -2.52950  -0.08329   1.06905
  -2.52950  -0.08329   1.06905
  -2.52950  -0.08329   1.06905
  -2.52950   0.15671   1.06905
  -2.52950  -0.08329   1.06905
  -2.52950   0.15671   1.06905
  -2.52950   0.15671   1.06905
  -2.28950   0.15671   1.06905
  -2.52950  -0.08329   1.06905
  -2.28950   0.15671   1.06905
  -2.28950   0.15671   1.06905
  -2.28950   0.15671   1.30905
  -2.28950   0.15671   1.06905
  -2.28950   0.15671   1.30905
  -2.28950   0.15671   1.30905
  -2.28950   0.15671   1.06905
  -2.04950   0.15671   1.06905
  -2.04950   0.15671   1.30905
  -2.04950   0.15671   1.06905
  -2.04950   0.15671   1.06905
  -1.80950   0.15671   1.06905
  -2.04950   0.15671   1.06905
  -1.80950   0.15671   1.06905
  -1.80950   0.15671   1.06905
  -1.80950   0.15671   1.06905
  -1.80950   0.15671   1.06905
  -1.56950   0.15671   1.06905
  -1.56950   0.15671   1.06905
  -1.56950   0.15671   1.06905
  -1.56950   0.15671   1.06905
  -1.33950   0.39671   1.06905
  -1.33950   0.39671   1.06905
  -1.33950   0.39671   1.06905
  -1.09950   0.39671   1.06905
  -1.09950   0.39671   0.83905
  -1.09950   0.39671   0.83905
  -1.09950   0.39671   0.83905
  -1.09950   0.39671   0.83905
  -0.85950   0.39671   0.83905
  -0.85950   0.39671   0.83905
  -0.85950   0.39671   0.83905
  -0.61950   0.39671   0.83905
  -0.61950   0.39671   0.83905
  -0.61950   0.39671   0.83905
  -0.61950   0.39671   0.83905
  -0.37950   0.39671   0.59905
  -0.37950   0.39671   0.83905
  -0.37950   0.39671   0.59905
  -0.37950   0.39671   0.59905
  -0.13950   0.39671   0.59905
  -0.13950   0.39671   0.59905
  -0.13950   0.39671   0.59905
  -0.13950   0.39671   0.59905
   0.10050   0.39671   0.59905
   0.10050   0.39671   0.59905
   0.10050   0.39671   0.35905
   0.10050   0.39671   0.35905
   0.10050   0.39671   0.35905
   0.34050   0.39671   0.35905
   0.34050   0.39671   0.35905
   0.34050   0.39671   0.35905
   0.34050   0.39671   0.35905
   0.34050   0.39671   0.11905
   0.58050   0.39671   0.11905
   0.58050   0.15671   0.11905
   0.58050   0.39671   0.11905
   0.58050   0.15671   0.11905
   0.58050   0.15671  -0.12095
   0.58050   0.15671  -0.12095
   0.58050   0.15671  -0.12095
   0.82050   0.15671  -0.12095
   0.58050   0.39671  -0.12095
   0.82050   0.15671  -0.12095
   0.82050   0.15671  -0.36095
   0.82050   0.15671  -0.36095
   0.82050   0.15671  -0.36095
   0.82050   0.15671  -0.36095
   0.82050   0.15671  -0.36095
   0.82050   0.15671  -0.60095
   1.06050  -0.08329  -0.60095
   0.82050   0.15671  -0.60095
   1.06050   0.15671  -0.60095
   1.06050   0.15671  -0.60095
   1.06050   0.15671  -0.84095
   1.06050   0.15671  -0.84095
   1.06050   0.15671  -0.84095
   1.30050  -0.08329  -0.84095
   1.30050  -0.08329  -0.84095
   1.30050  -0.08329  -1.08095
   1.30050  -0.08329  -1.08095
   1.30050  -0.08329  -1.08095
   1.30050  -0.08329  -1.08095
   1.30050  -0.08329  -1.08095
   1.30050  -0.08329  -1.08095
   1.30050  -0.08329  -1.08095
   1.30050  -0.08329  -1.08095
   1.30050  -0.08329  -1.08095
   1.30050  -0.08329  -1.32095
   1.30050  -0.08329  -1.08095
   1.54050  -0.08329  -1.32095
   1.54050  -0.32329  -1.32095
   1.54050  -0.08329  -1.32095
   1.54050  -0.08329  -1.32095
   1.54050  -0.32329  -1.32095
   1.54050  -0.08329  -1.32095
   1.54050  -0.08329  -1.32095
   1.54050  -0.08329  -1.32095
   1.54050  -0.08329  -1.32095
   1.54050  -0.08329  -1.32095
   1.54050  -0.08329  -1.32095
   1.54050  -0.08329  -1.32095
   1.78050  -0.08329  -1.32095
   1.78050  -0.08329  -1.32095
   1.78050  -0.08329  -1.32095
   1.78050  -0.08329  -1.32095
   1.78050  -0.08329  -1.32095
   1.78050  -0.08329  -1.32095
   1.78050  -0.08329  -1.08095
   1.78050  -0.08329  -1.08095
   1.78050  -0.08329  -1.08095
   1.78050  -0.08329  -1.08095
   2.02050  -0.08329  -1.08095
   2.02050  -0.08329  -1.08095
   1.78050  -0.08329  -1.08095
   2.02050  -0.08329  -1.08095
   1.78050  -0.08329  -1.08095
   2.02050  -0.08329  -1.08095
   2.02050  -0.08329  -1.08095
   2.02050  -0.32329  -1.08095
   2.02050  -0.08329  -1.08095
   2.02050  -0.08329  -1.08095
   2.02050  -0.08329  -0.84095
   2.02050  -0.08329  -0.84095
   2.02050  -0.08329  -0.84095
   2.02050  -0.08329  -0.84095
   2.02050  -0.08329  -0.84095
   2.02050  -0.08329  -0.84095
   2.02050  -0.08329  -0.84095
   2.02050  -0.08329  -0.84095
   2.02050  -0.08329  -0.84095
   2.02050  -0.08329  -0.84095
   2.02050  -0.08329  -0.84095
   2.02050  -0.08329  -0.84095
   2.02050  -0.32329  -0.84095
   2.02050  -0.08329  -0.60095
   2.02050  -0.08329  -0.60095
   2.02050  -0.08329  -0.60095
   2.02050  -0.08329  -0.60095
   2.02050  -0.08329  -0.60095
   2.02050  -0.08329  -0.60095
   2.02050  -0.08329  -0.84095
   2.02050  -0.32329  -0.84095
   2.02050  -0.32329  -0.84095
   2.02050  -0.32329  -0.84095
   1.78050  -0.32329  -0.84095
   2.02050  -0.32329  -0.84095
   2.02050  -0.32329  -0.84095
   2.02050  -0.32329  -0.84095
   2.02050  -0.32329  -0.84095
   2.02050  -0.32329  -0.84095
   2.02050  -0.32329  -0.60095
   2.02050  -0.32329  -0.60095
   2.02050  -0.55329  -0.84095
   2.02050  -0.32329  -0.84095
   2.02050  -0.32329  -0.84095
   2.02050  -0.32329  -0.84095
   2.02050  -0.32329  -0.84095
   2.02050  -0.32329  -0.84095
   2.02050  -0.32329  -0.84095
   2.02050  -0.32329  -0.84095
   2.02050  -0.32329  -0.60095
   2.02050  -0.32329  -0.84095
   2.02050  -0.32329  -0.84095
   2.02050  -0.32329  -0.84095
   2.02050  -0.32329  -0.84095
   2.02050  -0.32329  -0.84095
   2.02050  -0.08329  -0.84095
   2.02050  -0.32329  -0.84095
   2.02050  -0.08329  -0.84095
   2.02050  -0.08329  -0.84095
   2.02050  -0.08329  -0.84095
   2.02050  -0.08329  -0.84095
   2.02050  -0.08329  -0.60095
   2.02050  -0.08329  -0.84095
   2.02050  -0.08329  -0.60095
   2.02050  -0.08329  -0.84095
   2.02050  -0.08329  -0.60095
   2.02050  -0.08329  -0.60095
   1.78050  -0.08329  -0.60095
   2.02050  -0.08329  -0.60095
   1.78050  -0.08329  -0.60095
   1.78050   0.15671  -0.60095
   1.78050   0.15671  -0.60095
   1.78050   0.15671  -0.60095
   1.78050   0.15671  -0.60095
   1.78050   0.15671  -0.60095
   1.78050   0.15671  -0.60095
   1.78050   0.15671  -0.60095
   1.78050   0.15671  -0.60095
   1.78050   0.15671  -0.60095
   1.54050   0.15671  -0.36095
   1.54050   0.15671  -0.60095
   1.54050   0.15671  -0.60095
   1.54050   0.15671  -0.60095
   1.54050   0.15671  -0.60095
   1.54050   0.15671  -0.60095
   1.30050   0.39671  -0.60095
   1.30050   0.15671  -0.36095
   1.30050   0.39671  -0.36095
   1.30050   0.39671  -0.36095
   1.30050   0.39671  -0.36095
   1.30050   0.39671  -0.36095
   1.30050   0.39671  -0.36095
   1.30050   0.39671  -0.36095
   1.30050   0.39671  -0.36095
   1.30050   0.39671  -0.36095
   1.06050   0.39671  -0.36095
   1.06050   0.39671  -0.36095
   1.06050   0.39671  -0.36095
   1.06050   0.39671  -0.36095
   0.82050   0.39671  -0.36095
   0.82050   0.39671  -0.36095
   0.82050   0.39671  -0.36095
   0.82050   0.39671  -0.36095
   0.82050   0.39671  -0.12095
   0.82050   0.39671  -0.36095
   0.58050   0.39671  -0.60095
   0.58050   0.39671  -0.12095
   0.58050   0.39671  -0.36095
   0.58050   0.39671  -0.12095
   0.58050   0.39671  -0.12095
   0.58050   0.39671  -0.12095
   0.34050   0.39671  -0.12095
   0.34050   0.39671  -0.12095
   0.34050   0.39671  -0.12095
   0.34050   0.39671  -0.12095
   0.34050   0.39671  -0.12095
   0.10050   0.15671  -0.12095
   0.10050   0.15671  -0.12095
   0.10050   0.15671  -0.12095
   0.10050   0.15671  -0.12095
  -0.13950   0.39671  -0.12095
  -0.13950   0.15671  -0.12095
  -0.13950   0.15671  -0.12095
  -0.13950   0.15671  -0.12095
  -0.37950   0.15671  -0.12095
  -0.37950   0.15671  -0.12095
  -0.37950   0.15671   0.11905
  -0.37950   0.15671   0.11905
  -0.61950   0.15671   0.11905
  -0.61950   0.15671   0.11905
  -0.61950   0.15671   0.11905
  -0.61950   0.15671   0.11905
  -0.85950   0.15671   0.11905
  -0.85950   0.15671   0.11905
  -0.85950   0.15671   0.35905
  -0.85950   0.15671   0.11905
  -1.09950   0.15671   0.35905
  -1.09950  -0.08329   0.35905
  -1.09950  -0.08329   0.35905
  -1.09950  -0.08329   0.35905
  -1.33950  -0.08329   0.35905
  -1.33950  -0.08329   0.35905
  -1.33950  -0.08329   0.35905
  -1.33950  -0.08329   0.35905
  -1.56950  -0.08329   0.35905
  -1.56950  -0.08329   0.35905
  -1.56950  -0.08329   0.35905
  -1.56950  -0.08329   0.59905
  -1.56950  -0.08329   0.59905
  -1.56950  -0.08329   0.59905
  -1.80950  -0.08329   0.59905
  -1.80950  -0.08329   0.59905
  -1.80950  -0.08329   0.59905
  -1.80950  -0.08329   0.83905
  -1.80950  -0.08329   0.59905
  -1.80950  -0.08329   0.83905
  -2.04950  -0.08329   0.83905
  -2.04950  -0.08329   0.83905
  -2.04950  -0.08329   0.35905
  -2.04950  -0.08329   0.83905
  -2.04950  -0.08329   1.06905
  -2.04950  -0.08329   1.06905
  -2.04950  -0.08329   1.06905
  -2.04950  -0.08329   1.06905
  -2.04950  -0.08329   1.06905
  -2.04950  -0.08329   1.06905
  -2.04950  -0.08329   1.30905
  -2.28950  -0.08329   1.30905
  -2.04950  -0.08329   1.30905
  -2.04950  -0.08329   1.30905
  -2.04950   0.15671   1.30905
  -2.04950   0.15671   1.30905
  -2.04950   0.15671   1.30905
  -2.04950   0.15671   1.54905
  -2.04950   0.15671   1.54905
  -2.28950   0.15671   1.54905
  -2.04950   0.15671   1.54905
  -2.28950   0.15671   1.54905
  -2.04950   0.15671   1.54905
  -2.04950   0.15671   1.54905
  -2.28950   0.15671   1.78905
  -2.04950   0.15671   1.78905
  -2.28950   0.15671   1.78905
  -2.04950   0.15671   1.78905
  -2.28950   0.15671   1.78905
  -2.04950   0.15671   1.78905
  -2.04950   0.15671   1.78905
  -2.04950   0.15671   1.78905
  -2.04950   0.15671   1.78905
  -2.04950   0.15671   1.78905
  -2.04950   0.15671   1.78905
  -2.04950   0.15671   1.54905
  -2.04950   0.15671   1.78905
  -2.04950   0.15671   1.78905
  -2.04950   0.15671   1.78905
  -2.04950   0.15671   1.78905
  -2.04950   0.15671   1.78905
  -2.04950   0.15671   1.78905
  -2.04950   0.15671   1.78905
  -2.04950   0.15671   1.78905
  -2.04950   0.15671   1.78905
  -2.04950   0.15671   1.78905
  -2.04950   0.15671   1.78905
  -2.04950   0.15671   1.78905
  -2.04950   0.15671   1.78905
  -2.04950   0.15671   1.78905
  -1.80950   0.15671   1.78905
  -2.04950   0.15671   1.78905
  -2.04950  -0.08329   1.78905
  -1.80950   0.15671   1.78905
  -2.04950   0.15671   1.78905
  -1.80950   0.15671   1.54905
  -1.80950  -0.08329   1.54905
  -1.80950  -0.08329   1.54905
  -1.80950  -0.08329   1.54905
  -1.80950   0.15671   1.54905
  -1.80950  -0.08329   1.54905
  -1.80950  -0.08329   1.54905
  -1.80950  -0.08329   1.30905
  -1.80950  -0.08329   1.30905
  -1.56950  -0.08329   1.30905
  -1.56950  -0.08329   1.30905
  -1.56950  -0.32329   1.30905
  -1.56950  -0.08329   1.30905
  -1.56950  -0.08329   1.30905
  -1.56950  -0.08329   1.30905
  -1.56950  -0.08329   1.06905
  -1.56950  -0.08329   1.06905
  -1.33950  -0.08329   1.06905
  -1.33950  -0.08329   1.06905
  -1.33950  -0.08329   1.06905
  -1.33950  -0.08329   1.06905
  -1.33950  -0.08329   0.83905
  -1.09950  -0.08329   0.83905
  -1.09950  -0.08329   0.83905
  -1.09950  -0.08329   0.83905
  -1.09950  -0.08329   0.83905
  -1.09950  -0.08329   0.83905
  -1.09950  -0.08329   0.83905
  -1.09950  -0.08329   0.83905
  -0.85950  -0.08329   0.83905
  -1.09950  -0.08329   0.83905
  -0.85950  -0.32329   0.59905
  -0.85950  -0.08329   0.59905
  -0.85950  -0.08329   0.59905
  -0.85950  -0.08329   0.59905
  -0.85950  -0.32329   0.59905
  -0.85950  -0.08329   0.59905
  -0.85950  -0.08329   0.59905
  -0.85950  -0.08329   0.59905
  -0.61950  -0.32329   0.59905
  -1.09950  -0.08329   0.35905
  -0.61950  -0.08329   0.35905
  -0.61950  -0.08329   0.35905
  -0.61950  -0.08329   0.35905
  -0.61950  -0.08329   0.35905
  -0.61950  -0.08329   0.35905
  -0.61950  -0.08329   0.35905
  -0.61950  -0.08329   0.35905
  -0.61950  -0.08329   0.35905
  -0.37950  -0.08329   0.35905
  -0.37950  -0.08329   0.11905
  -0.37950  -0.32329   0.35905
  -0.37950  -0.32329   0.11905
  -0.37950  -0.08329   0.11905
  -0.37950  -0.08329   0.11905
  -0.37950  -0.32329   0.11905
  -0.37950  -0.32329   0.11905
  -0.37950  -0.08329   0.11905
  -0.37950  -0.32329   0.11905
  -0.13950  -0.32329  -0.12095
  -0.13950  -0.32329  -0.12095
  -0.13950  -0.32329  -0.12095
  -0.13950  -0.32329  -0.12095
  -0.13950  -0.32329  -0.12095
  -0.13950  -0.55329  -0.12095
  -0.13950  -0.32329  -0.12095
  -0.13950  -0.32329  -0.12095
  -0.13950  -0.32329  -0.12095
  -0.13950  -0.32329  -0.12095
   0.10050  -0.08329  -0.12095
  -0.13950  -0.32329  -0.36095
  -0.13950  -0.32329  -0.36095
   0.10050  -0.32329  -0.36095
   0.10050  -0.32329  -0.36095
   0.10050  -0.32329  -0.36095
   0.10050  -0.32329  -0.36095
   0.10050  -0.32329  -0.36095
   0.10050  -0.32329  -0.36095
   0.10050  -0.32329  -0.36095
   0.10050  -0.32329  -0.60095
   0.10050  -0.32329  -0.36095
   0.34050  -0.32329  -0.36095
   0.10050  -0.32329  -0.60095
   0.34050  -0.32329  -0.60095
   0.34050  -0.32329  -0.60095
   0.34050  -0.32329  -0.60095
   0.34050  -0.32329  -0.60095
   0.34050  -0.32329  -0.60095
   0.34050  -0.32329  -0.60095
   0.58050  -0.32329  -0.60095
   0.58050  -0.32329  -0.60095
   0.58050  -0.32329  -0.60095
   0.58050  -0.32329  -0.60095
   0.58050  -0.32329  -0.60095
   0.58050  -0.32329  -0.84095
   0.58050  -0.32329  -1.08095
   0.58050  -0.32329  -0.84095
   0.58050  -0.32329  -0.84095
   0.58050  -0.32329  -0.84095
   0.58050  -0.32329  -0.84095
   0.82050  -0.32329  -0.84095
   0.34050  -0.32329  -0.84095
   0.82050  -0.32329  -0.84095
   0.82050  -0.32329  -0.84095
   0.82050  -0.32329  -0.84095
   0.82050  -0.32329  -0.84095
   0.82050  -0.32329  -0.84095
   0.82050  -0.32329  -1.08095
   0.82050  -0.32329  -1.08095
   0.82050  -0.32329  -1.08095
   0.82050  -0.32329  -1.08095
   0.82050  -0.08329  -1.08095
   0.82050  -0.08329  -1.08095
   1.06050  -0.08329  -1.08095
   1.06050  -0.08329  -1.08095
   1.06050  -0.08329  -1.08095
   1.06050  -0.08329  -1.08095
   1.06050  -0.08329  -1.32095
   1.06050  -0.08329  -1.08095
   1.06050  -0.08329  -1.32095
   1.06050  -0.08329  -1.32095
   1.06050  -0.08329  -1.32095
   1.06050  -0.08329  -1.32095
   1.06050   0.15671  -1.32095
   1.30050   0.15671  -1.32095
   1.30050   0.15671  -1.32095
   1.30050   0.15671  -1.32095
   1.30050   0.15671  -1.32095
   1.30050   0.15671  -1.32095
   1.30050   0.15671  -1.32095
   1.30050   0.15671  -1.32095
   1.30050   0.15671  -1.32095
   1.30050   0.15671  -1.32095
   1.30050   0.15671  -1.32095
   1.30050   0.15671  -1.32095
   1.30050   0.15671  -1.32095
   1.30050   0.15671  -1.32095
   1.54050   0.15671  -1.56095
   1.54050   0.39671  -1.32095
   1.54050   0.39671  -1.56095
   1.54050   0.39671  -1.56095
   1.54050   0.39671  -1.56095
   1.54050   0.39671  -1.56095
   1.54050   0.39671  -1.56095
   1.54050   0.39671  -1.56095
   1.54050   0.39671  -1.56095
   1.78050   0.39671  -1.56095
   1.78050   0.39671  -1.56095
   1.78050   0.39671  -1.56095
   1.78050   0.39671  -1.56095
   1.78050   0.39671  -1.56095
   1.78050   0.39671  -1.56095
   1.78050   0.39671  -1.56095
   1.78050   0.39671  -1.56095
   1.78050   0.39671  -1.56095
   1.78050   0.39671  -1.56095
   1.78050   0.39671  -1.56095
   1.78050   0.39671  -1.56095
   1.78050   0.15671  -1.56095
   2.02050   0.39671  -1.56095
   2.02050   0.39671  -1.56095
   2.02050   0.39671  -1.32095
   2.02050   0.39671  -1.32095
   2.02050   0.39671  -1.32095
   2.02050   0.39671  -1.32095
   2.02050   0.39671  -1.32095
   2.02050   0.39671  -1.32095
   2.02050   0.39671  -1.32095
   2.02050   0.39671  -1.32095
   2.02050   0.39671  -1.32095
   2.02050   0.39671  -1.32095
   1.78050   0.39671  -1.32095
   1.78050   0.39671  -1.32095
   1.78050   0.39671  -1.32095
   1.78050   0.39671  -1.32095
   1.78050   0.39671  -1.32095
   1.78050   0.39671  -1.32095
   1.78050   0.15671  -1.32095
   1.78050   0.39671  -1.32095
   1.78050   0.39671  -1.32095
   1.78050   0.15671  -1.08095
   1.78050   0.15671  -1.32095
   1.54050   0.15671  -1.08095
   1.78050   0.15671  -1.32095
   1.54050   0.15671  -1.08095
   1.78050   0.15671  -1.08095
   1.54050   0.15671  -1.08095
   1.54050   0.15671  -1.08095
   1.54050   0.15671  -1.08095
   1.54050   0.15671  -1.08095
   1.54050   0.15671  -1.08095
   1.54050   0.15671  -1.08095
   1.30050   0.15671  -1.08095
   1.30050   0.15671  -1.08095
   1.30050   0.15671  -1.08095
   1.30050   0.15671  -1.08095
   1.30050   0.15671  -1.08095
   1.30050   0.15671  -0.84095
   1.30050   0.15671  -0.84095
   1.30050   0.15671  -0.84095
   1.30050   0.15671  -0.84095
   1.30050   0.15671  -0.84095
   1.06050   0.15671  -0.84095
   1.06050   0.15671  -0.84095
   1.06050   0.15671  -0.60095
   1.06050   0.15671  -1.08095
   1.06050   0.15671  -0.60095
   1.06050   0.15671  -0.60095
   1.06050   0.15671  -0.60095
   1.06050   0.15671  -0.60095
   1.06050   0.15671  -0.60095
   1.06050   0.15671  -0.60095
   0.82050   0.15671  -0.60095
   0.82050   0.15671  -0.36095
   0.82050   0.15671  -0.36095
   0.82050   0.15671  -0.36095
   0.82050   0.15671  -0.36095
   0.82050   0.15671  -0.36095
   0.82050   0.15671  -0.36095
   0.82050   0.15671  -0.12095
   0.58050   0.39671  -0.12095
   0.58050   0.15671  -0.12095
   0.82050   0.15671  -0.12095
   0.58050   0.15671  -0.12095
   0.34050   0.39671  -0.12095
   0.58050   0.39671  -0.12095
   0.58050   0.15671   0.11905
   0.34050   0.39671   0.11905
   0.58050   0.39671   0.11905
   0.34050   0.15671   0.11905
   0.34050   0.39671   0.11905
   0.34050   0.39671   0.11905
   0.34050   0.39671   0.35905
   0.34050   0.15671   0.35905
   0.34050   0.15671   0.35905
   0.34050   0.39671   0.35905
   0.10050   0.15671   0.35905
   0.10050   0.15671   0.35905
   0.10050   0.15671   0.35905
   0.10050   0.15671   0.35905
   0.10050   0.15671   0.35905
   0.10050   0.15671   0.59905
   0.10050   0.15671   0.59905
  -0.13950   0.15671   0.59905
  -0.13950   0.15671   0.59905
  -0.13950   0.15671   0.59905
  -0.13950   0.15671   0.59905
  -0.13950   0.15671   0.59905
  -0.13950   0.15671   0.83905
  -0.13950   0.15671   0.83905
  -0.13950  -0.08329   0.83905
  -0.13950   0.15671   0.83905
  -0.37950  -0.08329   0.83905
  -0.37950  -0.08329   0.83905
  -0.37950   0.15671   0.83905
  -0.37950  -0.08329   0.83905
  -0.61950  -0.08329   1.06905
  -0.37950  -0.08329   1.06905
  -0.37950  -0.08329   1.06905
  -0.37950  -0.08329   1.06905
  -0.61950  -0.08329   1.06905
  -0.37950  -0.08329   1.06905
  -0.61950  -0.08329   1.06905
  -0.61950  -0.08329   1.30905
  -0.61950  -0.32329   1.30905
  -0.61950  -0.08329   0.83905
  -0.61950  -0.32329   1.30905
  -0.61950  -0.32329   1.30905
  -0.61950  -0.32329   1.30905
  -0.61950  -0.32329   1.30905
  -0.61950  -0.32329   1.30905
  -0.61950  -0.32329   1.30905
  -0.61950  -0.32329   1.30905
  -0.61950  -0.32329   1.30905
  -0.61950  -0.32329   1.30905
  -0.61950  -0.32329   1.30905
  -0.61950  -0.32329   1.30905
  -0.85950  -0.32329   1.54905
  -0.85950  -0.32329   1.54905
  -0.85950  -0.32329   1.54905
  -0.85950  -0.32329   1.30905
  -0.85950  -0.32329   1.54905
  -0.85950  -0.32329   1.54905
  -0.85950  -0.32329   1.54905
  -0.85950  -0.32329   1.54905
  -0.85950  -0.32329   1.54905
  -0.85950  -0.32329   1.54905
  -0.85950  -0.32329   1.54905
  -0.85950  -0.32329   1.54905
  -0.85950  -0.32329   1.54905
  -0.85950  -0.32329   1.54905
  -0.85950  -0.32329   1.54905
  -0.85950  -0.32329   1.78905
  -0.85950  -0.32329   1.54905
  -1.09950  -0.32329   1.54905
  -1.09950  -0.32329   1.54905
  -1.09950  -0.32329   1.54905
  -1.09950  -0.32329   1.54905
  -1.09950  -0.32329   1.54905
  -1.09950  -0.32329   1.54905
  -1.09950  -0.32329   1.54905
  -1.09950  -0.32329   1.54905
  -1.09950  -0.32329   1.30905
  -1.09950  -0.32329   1.54905
  -1.09950  -0.32329   1.54905
  -1.09950  -0.32329   1.54905
  -1.09950  -0.08329   1.54905
  -1.33950  -0.08329   1.54905
  -1.33950  -0.32329   1.54905
  -1.33950  -0.32329   1.54905
  -1.33950  -0.08329   1.54905
  -1.33950  -0.08329   1.54905
  -1.33950  -0.08329   1.54905
  -1.33950  -0.55329   1.54905
  -1.33950  -0.08329   1.54905
  -1.33950  -0.08329   1.54905
  -1.33950  -0.08329   1.54905
  -1.33950  -0.08329   1.54905
  -1.33950  -0.08329   1.54905
  -1.33950  -0.08329   1.54905
  -1.33950  -0.08329   1.54905
  -1.33950  -0.08329   1.54905
  -1.33950  -0.08329   1.30905
  -1.56950  -0.08329   1.30905
  -1.33950  -0.08329   1.54905
  -1.33950  -0.08329   1.30905
  -1.33950  -0.08329   1.30905
  -1.33950  -0.08329   1.30905
  -1.33950  -0.08329   1.30905
  -1.56950  -0.32329   1.30905
  -1.56950  -0.08329   1.30905
  -1.56950  -0.08329   1.30905
  -1.56950  -0.08329   1.30905
  -1.56950  -0.08329   1.30905
  -1.56950  -0.08329   1.30905
  -1.56950  -0.32329   1.30905
  -1.56950  -0.08329   1.30905
  -1.56950  -0.08329   1.30905
  -1.56950  -0.08329   1.06905
  -1.56950  -0.08329   1.06905
  -1.56950  -0.08329   1.06905
  -1.56950  -0.08329   1.06905
  -1.56950  -0.08329   1.06905
  -1.56950  -0.08329   1.30905
  -1.56950  -0.08329   1.06905
  -1.56950  -0.08329   1.06905
  -1.56950  -0.08329   1.06905
  -1.56950  -0.08329   1.06905
  -1.56950  -0.08329   1.06905
  -1.56950  -0.08329   0.83905
  -1.56950  -0.08329   0.83905
  -1.56950  -0.08329   0.83905
  -1.56950  -0.08329   0.83905
  -1.56950  -0.08329   0.83905
  -1.56950  -0.08329   0.83905
  -1.56950  -0.08329   0.83905
  -1.56950  -0.08329   0.83905
  -1.56950  -0.08329   0.83905
  -1.56950  -0.08329   0.83905
  -1.56950  -0.08329   0.59905
  -1.56950  -0.08329   0.59905
  -1.56950  -0.08329   0.59905
  -1.56950  -0.08329   0.59905
  -1.33950  -0.08329   0.59905
  -1.33950  -0.08329   0.59905
  -1.56950  -0.08329   0.35905
  -1.56950  -0.08329   0.35905
  -1.33950  -0.08329   0.35905
  -1.33950   0.15671   0.35905
  -1.33950   0.15671   0.35905
  -1.33950   0.15671   0.35905
  -1.56950   0.15671   0.35905
  -1.56950  -0.08329   0.35905
  -1.33950   0.15671   0.11905
  -1.33950   0.15671   0.11905
  -1.33950   0.15671   0.11905
  -1.33950   0.15671   0.11905
  -1.33950   0.15671   0.11905
  -1.33950   0.15671   0.11905
  -1.33950   0.15671  -0.12095
  -1.33950   0.15671   0.11905
  -1.33950   0.15671  -0.12095
  -1.33950   0.15671  -0.12095
  -1.33950   0.15671  -0.12095
  -1.33950   0.15671  -0.12095
  -1.33950   0.15671  -0.12095
  -1.33950   0.15671  -0.12095
  -1.09950   0.15671  -0.12095
  -1.33950   0.15671  -0.12095
  -1.09950   0.15671  -0.12095
  -1.09950   0.15671  -0.12095
  -1.09950   0.15671  -0.12095
  -1.09950   0.15671  -0.12095
  -1.09950   0.15671  -0.12095
  -1.09950   0.15671  -0.36095
  -1.09950   0.15671  -0.12095
  -1.09950   0.15671  -0.12095
  -1.09950   0.15671  -0.36095
  -1.09950   0.15671  -0.36095
  -1.09950   0.15671  -0.36095
  -1.09950   0.15671  -0.36095
  -0.85950   0.15671  -0.36095
  -0.85950   0.15671  -0.36095
  -0.85950   0.15671  -0.36095
  -0.85950   0.39671  -0.36095
  -0.85950   0.15671  -0.36095
  -0.85950   0.15671  -0.36095
  -0.85950   0.15671  -0.36095
  -0.85950   0.15671  -0.60095
  -0.85950   0.15671  -0.60095
  -0.61950   0.15671  -0.60095
  -0.85950   0.15671  -0.60095
  -0.61950   0.15671  -0.60095
  -0.61950   0.15671  -0.60095
  -0.61950   0.15671  -0.60095
  -0.61950   0.39671  -0.60095
  -0.61950   0.15671  -0.60095
  -0.37950   0.15671  -0.60095
  -0.37950   0.15671  -0.60095
  -0.37950   0.15671  -0.60095
  -0.37950   0.15671  -0.60095
  -0.37950   0.39671  -0.84095
  -0.37950   0.15671  -0.60095
  -0.37950   0.15671  -0.60095
  -0.13950   0.15671  -0.84095
  -0.13950   0.15671  -0.84095
  -0.13950   0.15671  -0.84095
  -0.13950   0.15671  -0.84095
  -0.13950   0.15671  -0.84095
   0.10050   0.15671  -0.84095
   0.10050   0.15671  -0.84095
   0.10050   0.15671  -0.84095
   0.10050  -0.08329  -0.84095
   0.10050   0.15671  -0.84095
   0.10050   0.15671  -0.84095
   0.10050  -0.08329  -1.08095
   0.34050   0.15671  -1.08095
   0.34050   0.15671  -1.08095
   0.34050   0.15671  -1.08095
   0.34050  -0.08329  -1.08095
   0.34050  -0.08329  -1.08095
   0.34050   0.15671  -1.08095
   0.34050  -0.08329  -1.08095
   0.58050  -0.08329  -1.08095
   0.58050  -0.08329  -1.08095
   0.58050  -0.08329  -1.08095
   0.58050  -0.08329  -1.08095
   0.58050  -0.08329  -1.32095
   0.58050  -0.08329  -1.32095
   0.82050  -0.08329  -1.08095
   0.82050  -0.08329  -1.32095
   0.82050  -0.08329  -1.32095
   0.82050  -0.08329  -1.32095
   0.82050  -0.08329  -1.32095
   0.82050  -0.08329  -1.32095
   0.82050  -0.08329  -1.32095
   0.82050  -0.08329  -1.32095
   0.82050  -0.08329  -1.32095
   0.82050  -0.08329  -1.32095
   0.82050  -0.08329  -1.32095
   1.06050  -0.08329  -1.32095
   1.06050  -0.08329  -1.32095
   1.06050   0.15671  -1.56095
   1.06050  -0.08329  -1.56095
   1.06050  -0.08329  -1.56095
   1.06050  -0.08329  -1.56095
   1.06050  -0.08329  -1.56095
   1.06050  -0.08329  -1.56095
   1.06050  -0.08329  -1.56095
   1.06050  -0.08329  -1.56095
   1.06050  -0.08329  -1.56095
   1.30050  -0.08329  -1.56095
   1.30050  -0.08329  -1.56095
   1.30050  -0.08329  -1.56095
   1.30050  -0.08329  -1.56095
   1.30050  -0.08329  -1.56095
   1.30050  -0.08329  -1.56095
   1.30050  -0.08329  -1.56095
   1.30050  -0.08329  -1.56095
   1.30050  -0.08329  -1.56095
   1.30050  -0.08329  -1.56095
   1.30050  -0.08329  -1.56095
   1.30050  -0.08329  -1.56095
   1.30050  -0.08329  -1.56095
   1.30050  -0.08329  -1.56095
   1.30050  -0.08329  -1.56095
   1.54050  -0.08329  -1.56095
   1.54050  -0.08329  -1.56095
   1.54050  -0.08329  -1.32095
   1.54050  -0.08329  -1.32095
   1.54050  -0.08329  -1.32095
   1.54050  -0.08329  -1.32095
   1.54050  -0.08329  -1.32095
   1.54050  -0.08329  -1.32095
   1.54050  -0.08329  -1.32095
   1.54050  -0.08329  -1.32095
   1.54050  -0.08329  -1.32095
   1.54050  -0.08329  -1.32095
   1.78050  -0.08329  -1.08095
   1.78050  -0.08329  -1.32095
   1.78050  -0.08329  -1.08095
   1.78050  -0.08329  -1.08095
   1.78050  -0.08329  -1.08095
   1.78050  -0.08329  -1.08095
   1.78050  -0.08329  -1.08095
   1.78050  -0.08329  -1.08095
   1.78050  -0.08329  -1.08095
   1.78050  -0.08329  -1.08095
   1.78050  -0.08329  -1.08095
   1.78050  -0.08329  -1.08095
   1.78050  -0.08329  -1.08095
   1.78050  -0.08329  -0.84095
   2.02050  -0.08329  -0.84095
   2.02050  -0.08329  -0.84095
   2.02050  -0.08329  -0.84095
   1.78050  -0.08329  -0.84095
   2.02050  -0.08329  -0.84095
   1.78050  -0.08329  -0.84095
   2.02050  -0.08329  -0.60095
   2.02050  -0.08329  -0.60095
   2.02050  -0.08329  -0.60095
   2.02050  -0.08329  -0.60095
   2.02050  -0.08329  -0.60095
   2.02050  -0.08329  -0.60095
   2.02050  -0.08329  -0.60095
   2.02050  -0.08329  -0.60095
   2.02050  -0.08329  -0.36095
   2.02050  -0.08329  -0.36095
   2.02050  -0.08329  -0.36095
   2.02050  -0.08329  -0.36095
   2.02050  -0.08329  -0.36095
   2.02050  -0.08329  -0.36095
   2.02050  -0.08329  -0.36095
   2.02050  -0.08329  -0.36095
   2.02050  -0.08329  -0.12095
   1.78050  -0.08329  -0.12095
   1.78050  -0.08329  -0.12095
   1.78050  -0.08329  -0.12095
   1.78050  -0.08329  -0.12095
   1.78050  -0.08329  -0.12095
   1.78050  -0.08329  -0.12095
   1.78050  -0.08329  -0.12095
   1.78050  -0.08329  -0.12095
   1.78050  -0.08329  -0.12095
   1.78050   0.15671   0.11905
   1.78050  -0.08329  -0.12095
   1.78050  -0.08329   0.11905
   1.78050  -0.08329   0.11905
   1.54050  -0.08329   0.11905
   1.54050  -0.08329   0.11905
   1.54050   0.15671   0.11905
   1.54050  -0.08329   0.11905
   1.54050   0.15671   0.11905
   1.54050  -0.08329   0.11905
   1.54050  -0.08329   0.35905
   1.54050   0.15671   0.11905
   1.54050  -0.08329   0.35905
   1.54050  -0.08329   0.11905
   1.54050   0.15671   0.11905
   1.30050  -0.08329   0.35905
   1.30050   0.15671   0.35905
   1.30050   0.15671   0.35905
   1.30050  -0.08329   0.35905
   1.30050   0.15671   0.35905
   1.30050   0.15671   0.35905
   1.30050   0.15671   0.35905
   1.30050  -0.08329   0.35905
   1.30050   0.15671   0.35905
   1.30050   0.15671   0.35905
   1.06050   0.15671   0.35905
   1.30050   0.15671   0.35905
   1.30050   0.15671   0.35905
   1.06050   0.15671   0.35905
   1.06050   0.15671   0.59905
   1.06050   0.15671   0.59905
   1.06050  -0.08329   0.59905
   1.06050   0.15671   0.59905
   1.06050   0.15671   0.59905
   1.06050  -0.08329   0.59905
   1.06050  -0.08329   0.59905
   1.06050   0.15671   0.59905
   1.06050   0.15671   0.59905
   1.06050  -0.08329   0.59905
   1.06050  -0.08329   0.59905
   1.06050  -0.08329   0.59905
   0.82050  -0.08329   0.59905
   0.82050  -0.08329   0.59905
   0.82050  -0.08329   0.83905
   0.82050  -0.08329   0.83905
   0.82050  -0.08329   0.83905
   0.82050  -0.08329   0.83905
   0.82050  -0.08329   0.83905
   0.82050  -0.32329   0.83905
   0.82050  -0.08329   0.83905
   0.82050  -0.08329   0.83905
   0.82050  -0.08329   0.83905
   0.82050  -0.08329   0.83905
   0.82050  -0.08329   0.83905
   0.58050  -0.08329   0.83905
   0.58050  -0.08329   0.83905
   0.58050  -0.08329   0.83905
   0.58050  -0.08329   0.83905
   0.58050  -0.08329   0.83905
   0.58050  -0.08329   0.83905
   0.58050  -0.08329   0.83905
   0.34050  -0.08329   0.83905
   0.34050  -0.08329   0.83905
   0.34050  -0.08329   0.83905
   0.34050  -0.08329   0.83905
   0.34050  -0.08329   0.83905
   0.34050  -0.08329   0.83905
   0.34050  -0.08329   0.83905
   0.34050  -0.08329   0.83905
   0.34050  -0.08329   0.83905
   0.10050  -0.08329   1.06905
   0.10050  -0.08329   0.83905
   0.10050  -0.08329   1.06905
   0.10050  -0.08329   1.06905
  -0.13950  -0.08329   1.06905
   0.10050  -0.08329   1.06905
  -0.13950  -0.08329   1.06905
  -0.13950  -0.08329   1.06905
  -0.13950  -0.08329   1.06905
  -0.13950  -0.08329   1.06905
  -0.37950  -0.08329   1.06905
  -0.37950  -0.08329   1.06905
  -0.37950  -0.08329   1.06905
  -0.37950  -0.08329   1.06905
  -0.37950  -0.08329   1.06905
  -0.37950  -0.08329   1.06905
  -0.37950  -0.08329   0.83905
  -0.61950  -0.08329   1.06905
  -0.61950  -0.08329   1.06905
  -0.61950  -0.08329   0.83905
  -0.61950  -0.08329   1.06905
  -0.85950  -0.08329   0.83905
  -0.85950  -0.08329   0.83905
  -0.85950  -0.08329   0.83905
  -0.85950  -0.08329   0.83905
  -0.85950  -0.08329   0.83905
  -0.85950  -0.08329   0.83905
  -1.09950  -0.08329   0.83905
  -1.09950  -0.08329   0.83905
  -1.09950  -0.08329   0.83905
  -1.09950  -0.08329   0.83905
  -1.33950  -0.08329   0.83905
  -1.33950  -0.08329   0.83905
  -1.33950   0.15671   0.83905
  -1.33950   0.15671   0.83905
  -1.33950   0.15671   0.83905
  -1.33950   0.15671   0.83905
  -1.56950   0.15671   0.83905
  -1.56950   0.15671   0.59905
  -1.56950  -0.08329   0.83905
  -1.56950   0.15671   0.83905
  -1.56950   0.15671   0.59905
  -1.56950   0.15671   0.83905
  -1.56950   0.15671   0.83905
  -1.80950   0.15671   0.59905
  -1.80950   0.15671   0.59905
  -1.80950   0.15671   0.59905
  -1.80950   0.15671   0.59905
  -1.80950   0.15671   0.59905
  -1.80950   0.15671   0.59905
  -1.80950   0.15671   0.59905
  -1.80950   0.15671   0.59905
  -1.80950   0.15671   0.59905
  -1.80950   0.39671   0.59905
  -2.04950   0.15671   0.59905
  -2.04950   0.39671   0.59905
  -2.04950   0.15671   0.59905
  -2.04950   0.39671   0.59905
  -2.04950   0.39671   0.59905
  -2.04950   0.15671   0.59905
  -2.04950   0.39671   0.59905
  -2.04950   0.39671   0.59905
  -2.04950   0.39671   0.59905
  -2.04950   0.15671   0.83905
  -2.04950   0.15671   0.59905
  -2.04950   0.39671   0.59905
  -2.04950   0.39671   0.59905
  -2.28950   0.15671   0.59905
  -2.28950   0.15671   0.59905
  -2.28950   0.15671   0.59905
  -2.28950   0.15671   0.59905
  -2.28950   0.15671   0.59905
  -2.28950   0.39671   0.59905
  -2.28950   0.15671   0.59905
  -2.28950   0.15671   0.59905
  -2.28950   0.15671   0.59905
  -2.28950   0.15671   0.59905
  -2.28950   0.15671   0.59905
  -2.28950   0.15671   0.59905
  -2.28950   0.15671   0.35905
  -2.28950   0.15671   0.35905
  -2.28950   0.15671   0.35905
  -2.28950   0.15671   0.35905
  -2.28950   0.15671   0.35905
  -2.28950   0.15671   0.35905
  -2.04950   0.15671   0.35905
  -2.28950   0.15671   0.35905
  -2.28950   0.15671   0.35905
  -2.28950   0.15671   0.35905
  -2.52950   0.15671   0.35905
  -2.28950   0.15671   0.35905
  -2.28950   0.15671   0.35905
  -2.28950   0.15671   0.35905
  -2.28950   0.15671   0.35905
  -2.28950   0.15671   0.35905
  -2.28950   0.15671   0.35905
  -2.28950   0.15671   0.35905
  -2.28950   0.15671   0.35905
  -2.28950   0.15671   0.35905
  -2.28950   0.15671   0.35905
  -2.28950   0.15671   0.35905
  -2.28950   0.15671   0.35905
  -2.28950   0.15671   0.35905
  -2.28950   0.15671   0.11905
  -2.28950   0.15671   0.11905
  -2.28950   0.15671   0.11905
  -2.28950   0.15671   0.11905
  -2.04950   0.15671   0.11905
  -2.04950   0.15671   0.11905
  -2.04950   0.15671   0.11905
  -2.04950   0.15671   0.11905
  -2.04950  -0.08329   0.11905
  -2.04950   0.15671  -0.12095
  -2.04950   0.15671   0.11905
  -2.04950  -0.08329  -0.12095
  -2.04950  -0.08329  -0.12095
  -2.04950  -0.08329  -0.12095
  -1.80950  -0.08329  -0.12095
  -1.80950  -0.08329  -0.12095
  -1.80950  -0.08329  -0.12095
  -1.80950  -0.08329  -0.12095
  -1.80950  -0.08329  -0.12095
  -1.80950  -0.08329  -0.12095
  -1.80950  -0.08329  -0.12095
  -1.56950  -0.08329  -0.36095
  -1.56950  -0.08329  -0.36095
  -1.56950  -0.08329  -0.36095
  -1.56950  -0.08329  -0.12095
  -1.56950  -0.08329  -0.36095
  -1.56950  -0.08329  -0.36095
  -1.56950  -0.08329  -0.36095
  -1.33950  -0.32329  -0.36095
  -1.33950  -0.08329  -0.36095
  -1.33950  -0.32329  -0.36095
  -1.33950  -0.08329  -0.36095
  -1.33950  -0.08329  -0.36095
  -1.33950  -0.32329  -0.36095
  -1.09950  -0.32329  -0.36095
  -1.09950  -0.08329  -0.36095
  -1.09950  -0.32329  -0.36095
  -1.09950  -0.32329  -0.36095
  -1.09950  -0.08329  -0.36095
  -1.09950  -0.32329  -0.36095
  -0.85950  -0.32329  -0.36095
  -0.85950  -0.32329  -0.36095
  -0.85950  -0.32329  -0.36095
  -0.85950  -0.08329  -0.36095
  -0.85950  -0.08329  -0.36095
  -0.85950  -0.08329  -0.36095
  -0.61950  -0.08329  -0.36095
  -0.61950  -0.08329  -0.36095
  -0.61950  -0.08329  -0.36095
  -0.61950  -0.08329  -0.36095
  -0.61950  -0.08329  -0.36095
  -0.61950  -0.08329  -0.36095
  -0.61950  -0.08329  -0.36095
  -0.61950  -0.08329  -0.36095
  -0.37950  -0.08329  -0.36095
  -0.61950  -0.08329  -0.36095
  -0.37950  -0.08329  -0.36095
  -0.37950  -0.08329  -0.36095
  -0.37950  -0.08329  -0.36095
  -0.37950   0.15671  -0.36095
  -0.37950  -0.08329  -0.36095
  -0.37950   0.15671  -0.36095
  -0.37950   0.15671  -0.36095
  -0.37950   0.15671  -0.36095
  -0.13950   0.15671  -0.36095
  -0.13950   0.15671  -0.36095
  -0.13950   0.15671  -0.36095
  -0.13950   0.15671  -0.36095
  -0.13950   0.15671  -0.36095
  -0.13950   0.15671  -0.36095
  -0.13950   0.15671  -0.36095
  -0.13950   0.15671  -0.36095
  -0.13950   0.15671  -0.36095
  -0.13950   0.15671  -0.36095
   0.10050   0.15671  -0.36095
   0.10050   0.15671  -0.36095
   0.10050   0.15671  -0.36095
   0.10050   0.15671  -0.36095
   0.10050   0.15671  -0.36095
   0.10050   0.15671  -0.36095
   0.10050   0.15671  -0.36095
   0.10050   0.15671  -0.36095
   0.10050   0.15671  -0.36095
   0.10050   0.15671  -0.36095
   0.34050   0.15671  -0.36095
   0.34050   0.15671  -0.36095
   0.34050   0.15671  -0.36095
   0.34050   0.15671  -0.36095
   0.34050   0.15671  -0.36095
   0.34050   0.15671  -0.36095
   0.34050   0.15671  -0.36095
   0.34050   0.15671  -0.36095
   0.58050   0.15671  -0.36095
   0.58050   0.15671  -0.60095
   0.58050   0.15671  -0.36095
   0.58050   0.15671  -0.36095
   0.58050   0.15671  -0.36095
   0.82050  -0.08329  -0.36095
   0.82050   0.15671  -0.36095
   0.58050  -0.08329  -0.36095
   0.82050   0.15671  -0.36095
   0.82050   0.15671  -0.36095
   0.82050   0.15671  -0.36095
   0.82050   0.15671  -0.36095
   0.82050  -0.08329  -0.36095
   1.06050   0.15671  -0.36095
   0.82050   0.15671  -0.36095
   1.06050   0.15671  -0.36095
   1.06050   0.15671  -0.36095
   1.06050   0.15671  -0.36095
   1.06050   0.15671  -0.36095
   1.06050   0.15671  -0.36095
   1.30050   0.15671  -0.36095
   1.30050   0.15671  -0.36095
   1.30050   0.15671  -0.36095
   1.30050   0.15671  -0.36095
   1.30050   0.15671  -0.36095
   1.30050   0.15671  -0.36095
   1.30050   0.15671  -0.36095
   1.30050   0.15671  -0.36095
   1.54050   0.15671  -0.36095
   1.54050   0.15671  -0.36095
   1.54050   0.15671  -0.36095
   1.54050   0.15671  -0.60095
   1.54050   0.15671  -0.36095
   1.54050   0.15671  -0.36095
   1.54050   0.15671  -0.36095
   1.78050   0.15671  -0.12095
   1.78050   0.15671  -0.12095
   1.78050   0.15671  -0.12095
   1.78050   0.15671  -0.12095
   1.78050   0.15671  -0.12095
   1.78050   0.15671  -0.12095
   2.02050   0.15671  -0.36095
   2.02050   0.15671  -0.12095
   2.02050   0.15671  -0.12095
   2.02050   0.15671  -0.12095
   2.02050   0.15671  -0.12095
   2.26050   0.15671  -0.12095
   2.26050   0.15671  -0.12095
   2.26050  -0.08329  -0.12095
   2.26050   0.15671  -0.12095
   2.26050   0.15671  -0.12095
   2.26050   0.15671  -0.12095
   2.26050  -0.08329  -0.12095
   2.50050   0.15671  -0.12095
   2.50050   0.15671  -0.12095
   2.50050   0.15671  -0.12095
   2.50050   0.15671  -0.36095
   2.50050   0.15671  -0.12095
   2.50050  -0.08329  -0.12095
   2.50050  -0.08329  -0.12095
   2.74050   0.15671  -0.12095
   2.74050  -0.08329  -0.12095
   2.74050  -0.08329  -0.12095
   2.74050  -0.08329  -0.12095
   2.74050   0.15671  -0.12095
   2.74050  -0.08329  -0.12095
   2.74050  -0.08329  -0.12095
   2.74050  -0.08329  -0.12095
   2.74050  -0.08329  -0.12095
   2.74050  -0.08329  -0.12095
   2.74050  -0.08329  -0.12095
   2.74050  -0.08329  -0.12095
   2.74050  -0.08329   0.11905
   2.74050  -0.08329  -0.12095
   2.74050  -0.08329  -0.12095
   2.74050  -0.08329   0.11905
   2.74050  -0.08329  -0.12095
   2.74050  -0.08329  -0.12095
   2.74050  -0.08329   0.11905
   2.74050  -0.08329   0.11905
   2.74050  -0.08329   0.11905
   2.74050  -0.08329   0.11905
   2.74050  -0.08329   0.11905
   2.74050  -0.08329   0.11905
   2.74050  -0.08329  -0.12095
   2.74050  -0.08329   0.11905
   2.74050  -0.08329   0.11905
   2.74050  -0.08329   0.11905
   2.74050  -0.08329   0.11905
   2.74050  -0.08329  -0.12095
   2.74050  -0.08329   0.11905
   2.74050  -0.08329   0.11905
   2.74050  -0.08329   0.11905
   2.50050  -0.08329  -0.12095
   2.50050  -0.08329  -0.12095
   2.26050  -0.08329   0.11905
   2.50050  -0.08329  -0.12095
   2.50050  -0.08329  -0.12095
   2.50050  -0.08329   0.11905
   2.50050  -0.08329  -0.12095
   2.50050  -0.08329  -0.12095
   2.50050   0.15671  -0.12095
   2.26050   0.15671  -0.12095
   2.26050   0.15671  -0.12095
   2.26050  -0.08329  -0.12095
   2.26050   0.15671  -0.12095
   2.26050  -0.08329  -0.12095
   2.26050   0.15671  -0.12095
   2.26050  -0.08329  -0.12095
   2.02050  -0.08329  -0.12095
   2.02050   0.15671  -0.12095
   2.02050   0.15671  -0.60095
   2.02050   0.15671  -0.12095
   2.02050  -0.08329  -0.12095
   2.02050  -0.08329  -0.12095
   2.02050  -0.08329  -0.12095
   1.78050  -0.08329  -0.12095
   1.78050  -0.08329  -0.12095
   1.78050  -0.08329  -0.12095
   1.78050  -0.08329  -0.12095
   1.78050  -0.08329  -0.12095
   1.54050  -0.08329  -0.12095
   1.54050  -0.08329  -0.12095
   1.54050  -0.08329  -0.36095
   1.54050  -0.08329  -0.36095
   1.54050  -0.08329  -0.12095
   1.54050  -0.08329  -0.12095
   1.30050  -0.08329  -0.12095
   1.30050  -0.08329  -0.12095
   1.30050  -0.08329  -0.12095
   1.30050  -0.08329  -0.12095
   1.30050  -0.08329  -0.12095
   1.06050  -0.08329  -0.12095
   1.06050  -0.08329  -0.12095
   1.06050  -0.08329  -0.12095
   1.06050  -0.08329  -0.12095
   1.06050  -0.08329  -0.12095
   0.82050  -0.08329  -0.12095
   0.82050  -0.08329  -0.12095
   0.82050  -0.08329  -0.12095
   0.58050  -0.08329  -0.12095
   0.58050  -0.08329  -0.12095
   0.58050  -0.08329  -0.12095
   0.58050  -0.08329  -0.12095
   0.58050  -0.08329  -0.12095
   0.34050  -0.08329  -0.12095
   0.34050  -0.08329  -0.12095
   0.34050   0.15671  -0.12095
   0.10050  -0.08329  -0.12095
   0.10050  -0.08329  -0.12095
   0.10050  -0.08329  -0.12095
   0.10050   0.15671  -0.12095
   0.10050  -0.08329  -0.12095
  -0.13950  -0.08329  -0.12095
  -0.13950  -0.08329  -0.12095
  -0.61950  -0.08329   0.11905
  -0.13950  -0.08329  -0.12095
  -0.37950  -0.08329  -0.12095
  -0.37950  -0.08329  -0.12095
  -0.37950  -0.08329   0.11905
  -0.37950  -0.08329  -0.12095
  -0.61950   0.15671   0.11905
  -0.61950  -0.08329   0.11905
  -0.61950   0.15671   0.11905
  -0.61950   0.15671   0.11905
  -0.61950  -0.08329   0.11905
  -0.85950  -0.32329  -0.12095
  -0.85950   0.15671  -0.12095
  -0.85950  -0.08329   0.11905
  -0.85950   0.15671  -0.12095
  -0.85950   0.15671   0.11905
  -0.85950  -0.08329   0.11905
  -0.85950  -0.08329   0.11905
  -1.09950  -0.08329   0.11905
  -0.85950   0.15671   0.11905
  -1.09950   0.15671   0.11905
  -1.09950  -0.08329   0.11905
  -1.33950  -0.08329   0.11905
  -1.09950   0.15671   0.11905
  -1.09950   0.15671   0.11905
  -1.09950   0.15671   0.11905
  -1.56950  -0.08329  -0.12095
  -1.09950   0.15671  -0.12095
  -1.33950   0.15671   0.11905
  -1.33950   0.15671   0.11905
  -1.33950   0.15671   0.11905
  -1.33950  -0.08329   0.11905
  -1.33950   0.15671  -0.12095
  -1.33950   0.15671   0.11905
  -1.33950  -0.08329  -0.12095
  -1.33950  -0.08329   0.11905
  -1.33950  -0.08329   0.11905
  -1.33950   0.15671   0.11905
  -1.56950   0.15671   0.11905
  -1.56950  -0.08329   0.11905
  -1.56950  -0.08329  -0.12095
  -1.56950  -0.08329   0.11905
  -1.56950  -0.08329   0.11905
  -1.56950   0.15671   0.11905
  -1.56950   0.15671   0.11905
  -1.56950   0.15671   0.11905
  -1.56950  -0.08329   0.11905
  -1.56950   0.15671   0.11905
  -1.56950  -0.08329   0.11905
  -1.56950  -0.08329   0.11905
  -1.56950  -0.08329   0.11905
  -1.56950  -0.08329   0.11905
  -1.56950  -0.08329   0.11905
  -1.56950  -0.08329   0.11905
  -1.56950  -0.08329   0.11905
  -1.56950  -0.08329   0.11905
  -1.56950  -0.08329   0.11905
  -1.56950  -0.08329   0.11905
  -1.56950  -0.08329   0.11905
  -1.56950  -0.08329   0.35905
  -1.80950  -0.08329   0.35905
  -1.56950  -0.08329   0.35905
  -1.80950  -0.08329   0.35905
  -1.80950  -0.08329   0.35905
  -1.80950  -0.08329   0.35905
  -1.80950  -0.08329   0.35905
  -1.80950  -0.08329   0.35905
  -1.80950  -0.08329   0.35905
  -1.80950  -0.32329   0.35905
  -1.80950  -0.08329   0.35905
  -1.80950  -0.32329   0.35905
  -1.80950  -0.08329   0.35905
  -1.80950  -0.08329   0.35905
  -1.80950  -0.32329   0.11905
  -1.80950  -0.08329   0.35905
  -1.80950  -0.08329   0.11905
  -1.80950  -0.08329   0.35905
  -1.80950  -0.08329   0.35905
  -1.80950  -0.08329   0.11905
  -1.80950  -0.32329   0.11905
  -1.80950  -0.08329   0.11905
  -1.80950  -0.08329   0.11905
  -1.80950  -0.08329   0.11905
  -1.80950  -0.08329   0.11905
  -1.80950  -0.08329   0.11905
  -1.80950  -0.08329   0.11905
  -1.80950  -0.08329   0.11905
  -1.80950  -0.08329   0.11905
  -1.80950  -0.08329   0.11905
  -1.80950  -0.08329  -0.12095
  -1.80950  -0.08329   0.11905
  -1.80950  -0.08329   0.35905
  -1.80950  -0.32329   0.11905
  -1.80950  -0.08329   0.11905
  -1.80950  -0.08329   0.11905
  -1.80950  -0.08329   0.11905
  -1.80950  -0.08329   0.11905
  -1.80950  -0.08329   0.11905
  -2.04950  -0.08329   0.11905
  -2.04950  -0.08329   0.11905
  -2.04950  -0.08329   0.11905
  -2.04950  -0.08329   0.11905
  -1.80950  -0.08329   0.11905
  -2.04950  -0.08329   0.11905
  -2.04950  -0.08329   0.11905
  -2.04950  -0.08329   0.11905
  -2.04950  -0.08329   0.11905
  -2.04950  -0.08329   0.11905
  -2.04950  -0.08329   0.11905
  -2.04950  -0.08329   0.11905
  -2.04950  -0.08329   0.11905
  -2.04950  -0.08329   0.11905
  -2.04950  -0.08329   0.11905
  -2.04950   0.15671   0.35905
  -2.04950   0.15671   0.11905
  -2.04950   0.15671   0.11905
  -2.04950   0.15671   0.11905
  -2.04950   0.15671   0.35905
  -2.28950   0.15671   0.11905
  -2.04950   0.15671   0.35905
  -2.04950   0.15671   0.35905
  -2.04950   0.15671   0.35905
  -2.04950   0.15671   0.35905
  -2.04950   0.15671   0.11905
  -2.28950   0.15671   0.11905
  -2.04950   0.15671   0.11905
  -2.04950   0.15671   0.11905
  -2.28950   0.15671   0.11905
  -2.04950   0.15671   0.11905
  -2.04950   0.15671   0.35905
  -2.04950   0.15671   0.11905
  -2.04950   0.15671   0.11905
  -2.04950   0.15671   0.11905
  -2.04950   0.15671   0.11905
  -2.04950   0.15671   0.11905
  -2.04950   0.15671   0.35905
  -2.04950   0.15671   0.11905
  -2.52950   0.15671   0.11905
  -2.28950   0.15671   0.11905
  -2.28950   0.15671   0.11905
  -2.04950   0.15671   0.11905
  -2.04950   0.15671   0.11905
  -2.04950   0.15671   0.11905
  -2.04950   0.15671   0.35905
  -2.04950   0.15671   0.11905
  -2.04950   0.15671   0.11905
  -1.80950   0.15671   0.11905
  -1.80950   0.15671   0.11905
  -1.80950   0.15671   0.35905
  -1.80950   0.15671   0.11905
  -1.80950   0.15671   0.11905
  -1.80950   0.15671   0.35905
  -1.80950   0.15671   0.35905
  -1.80950   0.15671   0.35905
  -1.80950   0.15671   0.35905
  -1.56950   0.15671   0.35905
  -1.56950   0.15671   0.35905
  -1.56950   0.15671   0.35905
  -1.56950   0.15671   0.35905
  -1.56950   0.15671   0.35905
  -1.56950   0.15671   0.35905
  -1.56950   0.15671   0.35905
  -1.33950   0.15671   0.35905
  -1.33950   0.15671   0.35905
  -1.33950   0.15671   0.35905
  -1.33950   0.15671   0.35905
  -1.33950   0.15671   0.35905
  -1.33950   0.15671   0.35905
  -1.33950   0.15671   0.35905
  -1.09950   0.15671   0.35905
  -1.09950   0.15671   0.35905
  -1.09950   0.15671   0.35905
  -1.09950   0.15671   0.35905
  -1.33950   0.15671   0.59905
  -0.85950   0.15671   0.59905
  -0.85950   0.15671   0.59905
  -0.85950   0.15671   0.59905
  -0.85950   0.15671   0.59905
  -0.85950   0.15671   0.59905
  -0.61950   0.15671   0.59905
  -0.61950   0.15671   0.35905
  -0.61950   0.15671   0.59905
  -0.61950   0.15671   0.59905
  -0.37950   0.15671   0.59905
  -0.37950   0.15671   0.59905
  -0.37950   0.15671   0.59905
  -0.37950   0.15671   0.59905
  -0.37950   0.15671   0.59905
  -0.13950   0.15671   0.59905
  -0.13950   0.15671   0.59905
  -0.13950   0.15671   0.59905
  -0.13950   0.15671   0.59905
   0.10050   0.15671   0.59905
   0.10050   0.15671   0.59905
   0.10050   0.15671   0.59905
   0.34050  -0.08329   0.59905
   0.34050   0.15671   0.59905
   0.34050  -0.08329   0.35905
   0.34050   0.15671   0.59905
   0.34050   0.15671   0.59905
   0.58050   0.15671   0.59905
   0.58050   0.15671   0.59905
   0.58050   0.15671   0.35905
   0.82050   0.15671   0.35905
   0.82050   0.15671   0.35905
   0.82050   0.15671   0.35905
   0.82050   0.15671   0.35905
   1.06050   0.15671   0.35905
   1.06050   0.15671   0.35905
   1.06050   0.15671   0.35905
   1.30050   0.15671   0.35905
   1.30050   0.15671   0.35905
   1.30050   0.15671   0.35905
   1.30050   0.15671   0.35905
   1.30050   0.15671   0.11905
   1.54050   0.15671   0.35905
   1.54050   0.15671   0.11905
   1.54050   0.15671   0.11905
   1.54050   0.15671   0.11905
   1.78050   0.15671   0.11905
   1.78050   0.15671   0.11905
   1.78050   0.15671   0.11905
   1.78050   0.15671   0.11905
   1.78050  -0.08329   0.11905
   2.02050   0.15671   0.11905
   1.78050  -0.08329   0.11905
   2.02050   0.15671   0.11905
   2.02050   0.15671   0.11905
   2.02050  -0.08329   0.11905
   2.02050   0.15671   0.11905
   2.02050   0.15671   0.11905
   2.26050   0.15671   0.11905
   2.02050   0.15671   0.11905
   2.26050   0.15671   0.11905
   2.26050   0.15671  -0.12095
   2.26050   0.15671  -0.12095
   2.26050   0.15671  -0.12095
   2.26050   0.15671  -0.12095
   2.26050   0.15671  -0.12095
   2.26050   0.15671  -0.12095
   2.26050   0.15671  -0.12095
   2.26050   0.15671  -0.12095
   2.50050   0.15671  -0.12095
   2.26050   0.15671  -0.12095
   2.50050   0.15671  -0.12095
   2.26050   0.15671  -0.12095
   2.26050   0.15671  -0.12095
   2.50050   0.15671  -0.12095
   2.26050   0.15671  -0.12095
   2.50050   0.15671  -0.12095
   2.50050   0.15671  -0.12095
   2.50050   0.15671  -0.12095
   2.50050   0.15671  -0.12095
   2.50050   0.15671  -0.12095
   2.50050   0.15671  -0.12095
   2.50050   0.15671  -0.12095
   2.26050  -0.08329  -0.12095
   2.50050   0.15671  -0.36095
   2.50050   0.15671  -0.36095
   2.50050   0.15671  -0.12095
   2.50050   0.15671  -0.36095
   2.50050   0.15671  -0.36095
   2.50050   0.15671  -0.36095
   2.50050   0.15671  -0.36095
   2.50050   0.15671  -0.36095
   2.50050   0.15671  -0.36095
   2.50050   0.15671  -0.36095
   2.50050   0.15671  -0.36095
   2.50050   0.15671  -0.36095
   2.26050   0.15671  -0.36095
   2.26050   0.15671  -0.36095
   2.50050  -0.08329  -0.36095
   2.26050   0.15671  -0.36095
   2.26050   0.15671  -0.36095
   2.26050   0.15671  -0.36095
   2.26050   0.15671  -0.36095
   2.26050   0.15671  -0.36095
   2.26050   0.15671  -0.36095
   2.26050   0.15671  -0.36095
   2.26050   0.15671  -0.36095
   2.26050   0.15671  -0.36095
   2.26050   0.15671  -0.36095
   2.26050   0.15671  -0.36095
   2.26050   0.15671  -0.36095
   2.26050   0.15671  -0.36095
   2.26050   0.15671  -0.36095
   2.26050   0.15671  -0.36095
   2.02050   0.15671  -0.36095
   2.26050   0.15671  -0.36095
   2.26050   0.15671  -0.36095
   2.02050   0.15671  -0.36095
   2.02050   0.15671  -0.36095
   2.02050   0.15671  -0.36095
   2.02050   0.15671  -0.36095
   2.02050   0.15671  -0.36095
   1.78050  -0.08329  -0.36095
   2.02050  -0.08329  -0.36095
   1.78050  -0.08329  -0.36095
   1.78050  -0.08329  -0.36095
   1.78050  -0.08329  -0.60095
   1.78050  -0.08329  -0.36095
   1.78050  -0.08329  -0.36095
   1.78050  -0.08329  -0.36095
   1.78050  -0.08329  -0.36095
   1.78050  -0.08329  -0.36095
   1.78050  -0.08329  -0.36095
   1.78050  -0.08329  -0.36095
   1.54050  -0.08329  -0.36095
   1.54050  -0.08329  -0.36095
   1.54050  -0.08329  -0.36095
   1.54050  -0.08329  -0.36095
   1.54050  -0.08329  -0.36095
   1.54050  -0.08329  -0.36095
   1.54050  -0.08329  -0.36095
   1.54050  -0.08329  -0.36095
   1.54050  -0.08329  -0.36095
   1.54050  -0.08329  -0.36095
   1.30050  -0.08329  -0.36095
   1.30050  -0.08329  -0.36095
   1.30050  -0.08329  -0.36095
   1.30050  -0.32329  -0.36095
   1.30050  -0.08329  -0.36095
   1.30050  -0.08329  -0.36095
   1.30050  -0.08329  -0.36095
   1.30050  -0.08329  -0.36095
   1.30050  -0.08329  -0.36095
   1.30050  -0.08329  -0.36095
   1.30050  -0.08329  -0.36095
   1.30050  -0.08329  -0.36095
   1.30050  -0.08329  -0.36095
   1.30050  -0.08329  -0.36095
   1.30050  -0.08329  -0.36095
   1.30050  -0.08329  -0.36095
   1.06050  -0.08329  -0.36095
   1.06050  -0.08329  -0.12095
   1.06050  -0.08329  -0.36095
   1.06050  -0.08329  -0.12095
   1.06050  -0.08329  -0.36095
   1.06050  -0.08329  -0.36095
   1.06050  -0.08329  -0.12095
   1.06050  -0.08329  -0.36095
   1.06050  -0.08329  -0.12095
   1.06050  -0.08329  -0.12095
   0.82050  -0.08329  -0.12095
   0.82050  -0.32329  -0.12095
   0.82050  -0.08329  -0.12095
   0.82050  -0.08329  -0.12095
   0.82050  -0.08329  -0.12095
   0.82050  -0.08329  -0.12095
   0.82050  -0.32329  -0.12095
   0.82050  -0.08329  -0.12095
   0.82050  -0.08329  -0.12095
   0.82050  -0.32329  -0.12095
   0.58050  -0.32329  -0.12095
   0.58050  -0.08329  -0.12095
   0.58050  -0.32329  -0.12095
   0.58050  -0.08329  -0.12095
   0.58050  -0.32329  -0.12095
   0.58050  -0.08329  -0.12095
   0.58050  -0.08329  -0.12095
   0.58050  -0.08329   0.11905
   0.34050  -0.08329  -0.12095
   0.34050  -0.08329  -0.12095
   0.34050  -0.08329  -0.12095
   0.34050  -0.08329  -0.12095
   0.34050  -0.08329  -0.12095
   0.34050  -0.08329  -0.12095
   0.34050  -0.08329  -0.12095
   0.34050  -0.08329  -0.12095
   0.10050  -0.08329  -0.12095
   0.10050  -0.08329  -0.12095
   0.10050  -0.08329  -0.12095
   0.10050  -0.08329  -0.12095
   0.10050  -0.08329  -0.12095
   0.10050  -0.08329   0.11905
  -0.13950  -0.08329  -0.12095
  -0.13950  -0.08329  -0.12095
  -0.13950  -0.08329  -0.12095
  -0.37950  -0.08329  -0.12095
  -0.13950  -0.08329  -0.12095
  -0.13950  -0.08329  -0.12095
  -0.13950  -0.32329  -0.12095
  -0.37950  -0.08329  -0.12095
  -0.37950  -0.55329  -0.12095
  -0.37950  -0.08329  -0.12095
  -0.37950  -0.08329  -0.12095
  -0.37950  -0.08329  -0.12095
  -0.37950  -0.08329  -0.12095
  -0.61950  -0.08329  -0.12095
  -0.61950  -0.08329  -0.12095
  -0.61950  -0.08329  -0.12095
  -0.61950  -0.08329  -0.12095
  -0.61950  -0.08329  -0.12095
  -0.61950  -0.08329  -0.12095
  -0.61950  -0.08329  -0.12095
  -0.85950  -0.08329  -0.12095
  -0.85950  -0.08329  -0.12095
  -0.85950  -0.08329  -0.12095
  -0.85950  -0.08329  -0.12095
  -0.85950  -0.08329  -0.12095
  -1.09950  -0.08329  -0.12095
  -0.85950  -0.08329  -0.12095
  -1.09950  -0.08329  -0.12095
  -1.09950  -0.08329  -0.12095
  -1.09950  -0.08329  -0.12095
  -1.09950  -0.08329  -0.12095
  -1.09950  -0.08329  -0.12095
  -1.09950  -0.08329  -0.12095
  -1.33950  -0.08329  -0.12095
  -1.33950  -0.08329  -0.12095
  -1.33950  -0.08329  -0.12095
  -1.33950  -0.08329  -0.12095
  -1.33950  -0.08329  -0.12095
  -1.56950  -0.08329  -0.12095
  -1.56950  -0.08329  -0.12095
  -1.56950  -0.08329  -0.12095
  -1.56950  -0.08329  -0.12095
  -1.56950  -0.08329  -0.12095
  -1.56950  -0.08329  -0.12095
  -1.80950  -0.08329  -0.12095
  -1.80950  -0.08329  -0.12095
  -1.80950  -0.08329  -0.12095
  -1.80950  -0.08329  -0.12095
  -1.80950   0.15671  -0.12095
  -1.80950  -0.08329  -0.12095
  -1.80950   0.15671  -0.12095
  -2.04950  -0.08329  -0.12095
  -2.04950  -0.08329  -0.12095
  -2.04950  -0.08329  -0.12095
  -2.04950   0.15671  -0.12095
  -2.04950   0.15671  -0.12095
  -2.04950  -0.08329  -0.12095
  -2.04950   0.15671  -0.12095
  -2.04950   0.15671  -0.12095
  -2.04950   0.15671  -0.12095
  -2.04950   0.15671  -0.12095
  -2.28950   0.15671   0.11905
  -2.28950   0.15671   0.11905
  -2.28950   0.15671   0.11905
  -2.28950   0.15671   0.11905
  -2.28950   0.15671   0.11905
  -2.28950   0.15671   0.11905
  -2.28950   0.15671   0.11905
  -2.28950   0.15671   0.11905
  -2.28950   0.15671   0.11905
  -2.28950   0.15671   0.11905
  -2.28950   0.15671   0.11905
  -2.28950   0.15671   0.11905
  -2.28950   0.15671   0.11905
  -2.28950   0.15671   0.11905
  -2.28950   0.15671   0.11905
  -2.28950   0.15671   0.11905
  -2.28950   0.15671   0.35905
  -2.28950   0.15671   0.11905
  -2.28950   0.15671   0.11905
  -2.28950   0.15671   0.11905
  -2.28950   0.15671  -0.12095
  -2.28950   0.15671   0.11905
  -2.28950   0.15671   0.11905
  -2.28950   0.15671   0.11905
  -2.04950   0.15671   0.11905
  -2.04950   0.15671   0.11905
  -2.04950   0.15671   0.11905
  -2.04950   0.15671   0.11905
  -2.04950  -0.08329   0.11905
  -2.04950   0.15671   0.11905
  -2.04950   0.15671   0.11905
  -2.04950   0.15671   0.11905
  -2.04950   0.15671   0.11905
  -2.04950   0.15671   0.11905
  -2.04950   0.15671   0.11905
  -1.80950   0.15671   0.11905
  -1.80950   0.15671   0.11905
  -2.04950   0.15671   0.11905
  -1.80950   0.15671   0.11905
  -1.80950   0.15671   0.11905
  -1.80950   0.15671   0.11905
  -1.80950   0.15671   0.11905
  -1.80950   0.15671   0.11905
  -1.80950   0.15671   0.11905
  -1.80950   0.15671   0.11905
  -1.80950   0.15671   0.11905
  -1.80950   0.15671   0.11905
  -1.56950   0.15671   0.11905
  -1.56950   0.15671   0.11905
  -1.80950   0.15671   0.11905
  -1.56950   0.15671   0.11905
  -1.56950   0.15671   0.11905
  -1.56950   0.15671   0.11905
  -1.56950   0.15671   0.11905
  -1.56950   0.15671   0.11905
  -1.56950   0.15671   0.11905
  -1.33950   0.15671   0.11905
  -1.33950   0.15671   0.11905
  -1.33950   0.15671   0.11905
  -1.33950   0.15671   0.11905
  -1.33950   0.15671   0.11905
  -1.33950   0.15671   0.11905
  -1.33950   0.15671   0.11905
  -1.33950   0.15671   0.11905
  -1.09950   0.15671   0.11905
  -1.09950   0.15671   0.11905
  -1.09950   0.15671   0.11905
  -1.09950   0.15671   0.11905
  -1.09950   0.15671   0.11905
  -1.09950   0.15671   0.11905
  -1.09950  -0.08329   0.11905
  -1.09950   0.15671   0.11905
  -0.85950   0.15671   0.11905
  -0.85950   0.15671   0.11905
  -0.85950   0.15671   0.35905
  -0.85950   0.15671   0.11905
  -0.85950   0.15671   0.35905
  -0.85950   0.15671   0.11905
  -0.61950   0.15671   0.35905
  -0.61950   0.15671   0.35905
  -0.61950   0.15671   0.35905
  -0.61950   0.15671   0.35905
  -0.61950   0.15671   0.35905
  -0.61950   0.15671   0.35905
  -0.61950   0.15671   0.35905
  -0.61950   0.15671   0.35905
  -0.61950   0.15671   0.35905
  -0.61950   0.15671   0.35905
  -0.37950   0.15671   0.35905
  -0.37950   0.15671   0.35905
  -0.37950   0.15671   0.35905
  -0.37950   0.15671   0.35905
  -0.37950   0.15671   0.35905
  -0.37950   0.15671   0.35905
  -0.37950   0.15671   0.35905
  -0.37950   0.15671   0.35905
  -0.13950   0.15671   0.35905
  -0.13950   0.15671   0.35905
  -0.13950  -0.08329   0.35905
  -0.13950   0.15671   0.35905
  -0.13950   0.15671   0.35905
  -0.13950   0.15671   0.35905
  -0.13950   0.15671   0.35905
   0.10050   0.15671   0.35905
  -0.13950   0.15671   0.35905
   0.10050   0.15671   0.35905
   0.10050   0.15671   0.35905
   0.10050   0.15671   0.35905
   0.10050   0.15671   0.35905
   0.10050   0.15671   0.11905
   0.10050   0.15671   0.11905
   0.10050  -0.08329   0.35905
   0.10050   0.15671   0.11905
   0.10050  -0.08329   0.11905
   0.34050  -0.08329   0.11905
   0.10050  -0.08329   0.11905
   0.34050  -0.08329   0.11905
   0.34050  -0.08329   0.11905
   0.34050  -0.08329   0.11905
   0.34050  -0.08329   0.11905
   0.34050  -0.08329   0.11905
   0.34050  -0.08329   0.11905
   0.34050  -0.08329   0.11905
   0.34050  -0.08329   0.11905
   0.34050  -0.08329   0.11905
   0.34050  -0.08329   0.11905
   0.34050  -0.08329   0.11905
   0.34050  -0.08329   0.11905
   0.34050  -0.08329   0.11905
   0.58050  -0.08329   0.11905
   0.58050  -0.08329   0.11905
   0.58050  -0.08329  -0.12095
   0.58050  -0.08329   0.11905
   0.58050  -0.08329   0.11905
   0.58050  -0.08329  -0.12095
   0.58050  -0.08329  -0.12095
   0.58050  -0.08329  -0.12095
   0.58050  -0.08329  -0.12095
   0.58050  -0.08329  -0.12095
   0.82050  -0.08329  -0.12095
   0.82050  -0.08329  -0.12095
   0.82050  -0.08329  -0.12095
   0.82050  -0.08329  -0.12095
   0.82050  -0.08329  -0.12095
   0.82050  -0.08329  -0.12095
   0.82050  -0.08329  -0.12095
   0.82050  -0.08329  -0.12095
   0.82050  -0.08329  -0.12095
   0.82050  -0.08329  -0.12095
   0.82050  -0.08329  -0.12095
   1.06050  -0.08329  -0.12095
   1.06050  -0.08329   0.11905
   1.06050  -0.08329  -0.12095
   1.06050  -0.08329  -0.12095
   1.06050  -0.08329  -0.12095
   1.06050  -0.08329  -0.12095
   1.06050  -0.08329  -0.12095
   1.06050  -0.08329  -0.12095
   1.06050  -0.08329  -0.12095
   1.06050  -0.08329  -0.12095
   1.06050  -0.08329  -0.12095
   1.06050  -0.08329  -0.12095
   1.30050  -0.08329   0.11905
   1.30050  -0.08329   0.11905
   1.30050  -0.08329  -0.12095
   1.30050  -0.08329  -0.12095
   1.30050  -0.08329   0.11905
   1.30050  -0.08329   0.11905
   1.30050  -0.08329   0.11905
   1.30050  -0.08329   0.11905
   1.30050  -0.08329   0.11905
   1.30050  -0.08329   0.11905
   1.30050  -0.08329   0.11905
   1.30050  -0.08329   0.11905
   1.30050  -0.08329   0.11905
   1.30050  -0.08329   0.11905
   1.30050  -0.08329   0.11905
   1.30050  -0.08329   0.11905
   1.30050  -0.08329   0.11905
   1.30050  -0.08329   0.11905
   1.30050  -0.08329   0.11905
   1.54050  -0.08329   0.11905
   1.54050  -0.08329   0.11905
   1.30050  -0.08329   0.11905
   1.30050  -0.08329   0.11905
   1.54050  -0.08329   0.11905
   1.54050  -0.08329   0.11905
   1.54050  -0.08329   0.11905
   1.54050  -0.08329   0.11905
   1.54050  -0.08329   0.11905
   1.54050  -0.08329   0.11905
   1.54050  -0.08329   0.11905
   1.54050  -0.08329   0.11905
   1.30050  -0.08329   0.11905
   1.54050  -0.08329   0.11905
   1.54050  -0.08329   0.11905
   1.54050  -0.08329   0.11905
   1.54050  -0.08329   0.11905
   1.54050  -0.08329   0.11905
   1.54050  -0.08329   0.11905
   1.54050  -0.08329   0.11905
   1.54050  -0.08329   0.11905
   1.54050  -0.08329   0.11905
   1.54050  -0.08329   0.11905
   1.54050  -0.08329   0.11905
   1.54050  -0.08329   0.11905
   1.54050  -0.08329   0.11905
   1.54050  -0.08329   0.11905
   1.54050  -0.08329   0.11905
   1.54050  -0.08329   0.11905
   1.54050  -0.32329   0.11905
   1.54050  -0.08329   0.11905
   1.54050  -0.08329   0.11905
   1.54050  -0.08329   0.11905
   1.54050  -0.08329   0.11905
   1.54050  -0.08329   0.11905
   1.54050  -0.08329   0.11905
   1.30050  -0.08329   0.11905
   1.54050  -0.08329   0.11905
   1.30050  -0.08329   0.11905
   1.54050  -0.08329   0.11905
   1.30050  -0.08329   0.11905
   1.30050  -0.08329   0.11905
   1.54050  -0.08329   0.11905
   1.30050  -0.08329   0.11905
   1.30050  -0.08329   0.11905
   1.30050  -0.08329   0.11905
   1.30050  -0.08329  -0.12095
   1.30050  -0.08329  -0.12095
   1.30050  -0.08329  -0.12095
   1.30050  -0.08329   0.11905
   1.30050  -0.08329  -0.12095
   1.30050  -0.08329  -0.12095
   1.30050  -0.08329  -0.12095
   1.30050  -0.08329  -0.12095
   1.30050  -0.08329  -0.12095
   1.30050  -0.08329  -0.12095
   1.06050  -0.08329  -0.12095
   1.06050  -0.08329  -0.12095
   1.06050  -0.08329  -0.12095
   1.06050  -0.08329   0.11905
   0.82050  -0.08329  -0.12095
   1.06050  -0.08329  -0.12095
   1.06050  -0.08329  -0.12095
   0.58050  -0.08329  -0.12095
   0.82050  -0.08329  -0.12095
   0.82050  -0.08329  -0.12095
   0.82050  -0.08329  -0.12095
   0.82050  -0.08329  -0.12095
   0.58050  -0.08329  -0.12095
   0.58050  -0.08329  -0.12095
   0.58050  -0.08329  -0.12095
   0.58050  -0.08329   0.11905
   0.58050  -0.08329   0.11905
   0.58050  -0.08329   0.11905
   0.58050  -0.08329   0.11905
   0.34050  -0.08329   0.11905
   0.34050  -0.08329   0.11905
   0.34050  -0.08329   0.11905
   0.34050   0.15671   0.11905
   0.34050   0.15671   0.11905
   0.34050  -0.08329   0.11905
   0.34050  -0.08329   0.11905
   0.10050   0.15671   0.11905
   0.10050   0.15671   0.11905
   0.10050  -0.08329   0.11905
   0.10050  -0.08329   0.11905
   0.10050  -0.08329   0.11905
   0.10050   0.15671   0.11905
  -0.13950   0.15671   0.11905
  -0.13950  -0.08329   0.11905
  -0.13950   0.15671   0.11905
  -0.13950   0.15671   0.11905
  -0.13950   0.15671   0.11905
  -0.13950   0.15671   0.11905
  -0.37950   0.15671   0.11905
  -0.37950   0.15671   0.11905
  -0.37950   0.15671   0.11905
  -0.37950   0.15671   0.11905
  -0.37950   0.15671   0.11905
  -0.37950   0.15671   0.11905
  -0.37950   0.15671   0.11905
  -0.37950   0.15671   0.11905
  -0.37950   0.15671   0.11905
  -0.37950   0.15671   0.11905
  -0.37950   0.15671   0.11905
  -0.37950   0.15671   0.11905
  -0.37950   0.15671   0.11905
  -0.61950   0.15671   0.11905
  -0.37950   0.15671   0.11905
  -0.61950   0.15671   0.11905
  -0.61950   0.15671  -0.12095
  -0.61950   0.15671   0.11905
  -0.61950   0.15671   0.11905
  -0.61950   0.15671   0.11905
  -0.61950   0.15671   0.11905
  -0.61950   0.15671   0.11905
  -0.61950   0.15671   0.11905
  -0.61950   0.15671   0.11905
  -0.61950   0.15671  -0.12095
  -1.09950   0.15671   0.11905
  -0.61950   0.15671   0.11905
  -0.61950   0.15671  -0.12095
  -0.61950   0.15671   0.11905
  -0.61950   0.15671  -0.12095
  -0.61950   0.15671  -0.12095
  -0.61950  -0.08329  -0.12095
  -0.61950   0.15671  -0.12095
  -0.61950   0.15671  -0.12095
  -0.61950   0.15671  -0.12095
  -0.61950   0.15671  -0.12095
  -0.61950   0.15671  -0.12095
  -0.61950   0.15671  -0.12095
  -0.61950   0.15671  -0.12095
  -0.61950   0.15671  -0.12095
  -0.61950   0.15671  -0.12095
  -0.61950   0.15671  -0.12095
  -0.61950   0.15671  -0.12095
  -0.61950   0.15671   0.11905
  -0.61950   0.15671  -0.12095
  -0.85950  -0.08329  -0.12095
  -0.85950  -0.08329  -0.12095
  -0.61950   0.15671  -0.12095
  -0.61950   0.15671  -0.12095
  -0.61950   0.15671  -0.12095
  -0.61950   0.15671  -0.12095
  -0.61950   0.15671  -0.12095
  -0.61950   0.15671  -0.12095
  -0.61950   0.15671  -0.12095
  -0.61950   0.15671  -0.12095
  -0.61950   0.15671  -0.12095
  -0.61950   0.15671  -0.12095
  -0.61950   0.15671  -0.12095
  -0.61950   0.15671  -0.12095
  -0.61950   0.15671  -0.12095
  -0.37950   0.15671  -0.12095
  -0.37950   0.15671  -0.12095
  -0.37950  -0.08329  -0.12095
  -0.37950   0.15671  -0.12095
  -0.37950   0.15671  -0.12095
  -0.61950   0.15671  -0.12095
  -0.37950   0.15671  -0.12095
  -0.37950   0.15671  -0.12095
  -0.37950   0.15671  -0.12095
  -0.37950   0.15671  -0.12095
  -0.37950   0.15671  -0.12095
  -0.37950   0.15671  -0.12095
  -0.37950  -0.08329  -0.12095
  -0.37950  -0.08329  -0.12095
  -0.37950  -0.08329  -0.12095
  -0.37950  -0.08329  -0.12095
  -0.37950  -0.08329  -0.12095
  -0.37950  -0.08329  -0.12095
  -0.13950   0.15671  -0.12095
  -0.13950  -0.08329  -0.12095
  -0.13950  -0.08329  -0.12095
  -0.37950  -0.08329  -0.12095
  -0.13950  -0.08329  -0.12095
  -0.13950  -0.08329  -0.12095
  -0.13950  -0.08329  -0.12095
  -0.37950  -0.08329  -0.12095
  -0.13950  -0.55329  -0.12095
  -0.13950  -0.08329  -0.12095
  -0.13950  -0.08329  -0.12095
  -0.13950  -0.08329  -0.12095
  -0.13950  -0.08329  -0.12095
  -0.13950  -0.08329  -0.12095
  -0.13950  -0.08329  -0.12095
  -0.13950  -0.08329  -0.12095
  -0.13950  -0.08329  -0.12095
  -0.13950  -0.08329  -0.12095
  -0.13950  -0.08329  -0.12095
  -0.13950  -0.08329  -0.36095
  -0.13950  -0.08329  -0.36095
  -0.13950  -0.08329  -0.36095
  -0.13950  -0.08329  -0.36095
  -0.13950  -0.08329  -0.36095
  -0.13950  -0.08329  -0.36095
  -0.13950  -0.08329  -0.36095
  -0.13950  -0.08329  -0.36095
  -0.13950   0.15671  -0.36095
  -0.13950  -0.08329  -0.36095
  -0.13950  -0.08329  -0.36095
  -0.13950   0.15671  -0.36095
  -0.13950  -0.08329  -0.36095
  -0.37950  -0.08329  -0.36095
  -0.13950   0.15671  -0.36095
  -0.13950   0.15671  -0.36095
  -0.13950  -0.08329  -0.36095
  -0.37950  -0.08329  -0.36095
  -0.13950  -0.08329  -0.36095
  -0.13950   0.15671  -0.36095
  -0.13950  -0.08329  -0.36095
  -0.13950  -0.08329  -0.36095
  -0.13950   0.15671  -0.36095
  -0.13950  -0.08329  -0.36095
  -0.13950  -0.08329  -0.36095
  -0.13950   0.15671  -0.36095
  -0.13950   0.15671  -0.36095
  -0.13950  -0.08329  -0.36095
  -0.13950   0.15671  -0.36095
  -0.13950   0.15671  -0.36095
  -0.13950   0.15671  -0.36095
  -0.13950   0.15671  -0.36095
  -0.13950  -0.08329  -0.36095
  -0.13950   0.15671  -0.36095
  -0.37950   0.15671  -0.36095
  -0.13950   0.15671  -0.36095
  -0.37950   0.15671  -0.36095
  -0.13950   0.15671  -0.36095
  -0.37950   0.15671  -0.36095
  -0.37950   0.15671  -0.36095
  -0.13950   0.15671  -0.36095
  -0.37950   0.15671  -0.36095
  -0.37950   0.15671  -0.36095
  -0.37950   0.15671  -0.36095
  -0.37950   0.15671  -0.36095
  -0.37950   0.15671  -0.36095
  -0.37950   0.15671  -0.36095
  -0.13950   0.15671  -0.36095
  -0.37950   0.15671  -0.36095
  -0.37950   0.15671  -0.36095
  -0.37950   0.15671  -0.36095
  -0.13950   0.15671  -0.36095
  -0.37950   0.15671  -0.36095
  -0.37950   0.15671  -0.36095
  -0.37950   0.15671  -0.36095
  -0.13950   0.15671  -0.36095
  -0.13950   0.15671  -0.36095
  -0.37950   0.15671  -0.36095
  -0.13950   0.15671  -0.36095
  -0.37950   0.15671  -0.36095
  -0.37950   0.15671  -0.36095
  -0.37950   0.15671  -0.36095
  -0.13950   0.15671  -0.36095
  -0.37950   0.15671  -0.36095
  -0.37950   0.15671  -0.12095
  -0.37950   0.15671  -0.12095
  -0.37950   0.15671  -0.36095
  -0.37950   0.15671  -0.12095
  -0.37950   0.15671  -0.36095
  -0.37950  -0.08329  -0.12095
  -0.37950   0.15671  -0.12095
  -0.37950  -0.08329  -0.12095
  -0.37950   0.15671  -0.12095
  -0.37950  -0.08329  -0.12095
  -0.37950  -0.08329  -0.12095
  -0.37950  -0.08329  -0.12095
  -0.13950  -0.08329  -0.12095
  -0.37950  -0.08329  -0.12095
  -0.37950  -0.08329  -0.12095
  -0.13950  -0.08329  -0.12095
  -0.13950  -0.08329  -0.12095
  -0.13950  -0.08329  -0.12095
  -0.13950  -0.08329  -0.12095
  -0.13950  -0.08329  -0.12095
  -0.61950  -0.08329  -0.12095
  -0.13950  -0.08329  -0.12095
  -0.13950  -0.08329   0.11905
  -0.13950  -0.08329   0.11905
  -0.13950  -0.08329   0.11905
  -0.13950  -0.08329   0.11905
  -0.13950  -0.08329   0.11905
  -0.13950  -0.08329   0.11905
  -0.13950  -0.08329   0.11905
  -0.13950  -0.08329   0.11905
  -0.13950  -0.08329   0.11905
  -0.13950  -0.08329   0.11905
  -0.13950  -0.08329   0.11905
  -0.13950  -0.08329   0.11905
  -0.13950  -0.32329   0.11905
  -0.13950  -0.08329   0.11905
  -0.13950  -0.08329   0.11905
  -0.13950  -0.08329   0.11905
  -0.13950  -0.08329   0.11905
  -0.13950  -0.08329   0.11905
  -0.13950  -0.08329   0.11905
  -0.13950  -0.08329   0.11905
  -0.13950  -0.08329   0.11905
  -0.13950  -0.08329   0.11905
   0.10050  -0.08329   0.11905
   0.10050  -0.08329   0.11905
   0.10050  -0.08329   0.11905
   0.10050  -0.08329   0.11905
   0.10050  -0.08329   0.11905
   0.10050  -0.08329   0.11905
   0.10050  -0.08329   0.11905
   0.10050  -0.08329   0.11905
   0.10050  -0.08329   0.11905
   0.10050  -0.08329   0.11905
   0.10050  -0.08329   0.11905
   0.10050  -0.08329   0.11905
   0.10050  -0.08329   0.11905
   0.34050  -0.08329   0.11905
   0.10050  -0.08329   0.11905
   0.10050  -0.08329   0.35905
   0.10050  -0.08329   0.11905
   0.10050  -0.08329   0.11905
   0.10050  -0.08329   0.35905
   0.34050  -0.08329  -0.12095
   0.10050  -0.08329   0.35905
   0.34050  -0.08329   0.35905
   0.34050  -0.08329   0.35905
   0.10050  -0.08329   0.35905
   0.10050  -0.08329   0.35905
   0.10050  -0.08329   0.35905
   0.10050  -0.08329   0.35905
   0.10050  -0.08329   0.35905
   0.34050  -0.08329   0.35905
   0.34050  -0.08329   0.35905
   0.10050  -0.08329   0.35905
   0.10050  -0.08329   0.35905
   0.10050  -0.08329   0.35905
   0.10050  -0.08329   0.35905
   0.10050  -0.08329   0.35905
   0.10050  -0.08329   0.35905
   0.10050  -0.08329   0.35905
   0.34050  -0.08329   0.35905
   0.10050  -0.08329   0.35905
   0.10050  -0.08329   0.35905
   0.10050  -0.08329   0.35905
   0.10050  -0.08329   0.35905
   0.10050  -0.08329   0.35905
   0.10050  -0.08329   0.35905
   0.10050  -0.08329   0.35905
   0.10050  -0.08329   0.35905
   0.10050  -0.08329   0.35905
   0.10050  -0.08329   0.35905
   0.10050  -0.08329   0.35905
   0.10050  -0.55329   0.35905
   0.10050  -0.08329   0.35905
   0.10050  -0.08329   0.35905
   0.10050  -0.08329   0.35905
   0.10050  -0.32329   0.35905
  -0.13950  -0.08329   0.35905
  -0.13950  -0.08329   0.35905
  -0.13950  -0.08329   0.35905
  -0.13950  -0.08329   0.35905
  -0.13950  -0.08329   0.35905
  -0.13950  -0.08329   0.35905
  -0.13950  -0.08329   0.35905
  -0.13950  -0.08329   0.35905
  -0.13950  -0.08329   0.35905
  -0.13950  -0.08329   0.35905
  -0.13950  -0.08329   0.35905
  -0.13950  -0.08329   0.35905
  -0.13950  -0.08329   0.35905
  -0.13950  -0.08329   0.35905
  -0.13950  -0.08329   0.35905
  -0.13950  -0.08329   0.35905
  -0.13950  -0.08329   0.35905
  -0.13950  -0.08329   0.35905
  -0.37950  -0.08329   0.35905
  -0.37950  -0.08329   0.35905
  -0.13950  -0.08329   0.35905
  -0.37950  -0.08329   0.35905
  -0.37950  -0.08329   0.35905
  -0.13950  -0.08329   0.35905
  -0.37950  -0.08329   0.35905
  -0.37950  -0.08329   0.35905
  -0.37950  -0.08329   0.35905
  -0.37950  -0.08329   0.11905
  -0.37950  -0.08329   0.35905
  -0.37950  -0.08329   0.35905
  -0.37950  -0.32329   0.11905
  -0.37950  -0.08329   0.35905
  -0.37950  -0.08329   0.35905
  -0.37950  -0.08329   0.35905
  -0.37950  -0.08329   0.35905
  -0.37950  -0.08329   0.35905
  -0.37950  -0.08329   0.35905
  -0.37950  -0.08329   0.35905
  -0.37950   0.15671   0.35905
  -0.37950   0.15671   0.35905
  -0.37950   0.15671   0.35905
  -0.37950   0.15671   0.35905
  -0.37950  -0.08329   0.35905
  -0.37950   0.15671   0.11905
  -0.37950   0.15671  -0.12095
  -0.37950   0.15671   0.11905
  -0.61950   0.15671   0.11905
  -0.37950   0.15671   0.11905
  -0.37950   0.15671   0.11905
  -0.37950   0.15671   0.11905
  -0.61950   0.15671   0.11905
  -0.61950   0.15671   0.11905
  -0.37950   0.15671   0.11905
  -0.37950   0.15671   0.11905
  -0.37950   0.15671   0.11905
  -0.37950   0.15671   0.11905
  -0.37950   0.15671   0.11905
  -0.37950   0.15671   0.11905
  -0.37950   0.15671   0.11905
  -0.37950   0.15671   0.11905
  -0.37950   0.15671   0.11905
  -0.37950   0.15671   0.11905
  -0.37950   0.15671  -0.12095
  -0.37950   0.15671  -0.12095
  -0.37950   0.15671  -0.12095
  -0.37950   0.15671  -0.12095
  -0.37950   0.15671  -0.12095
  -0.37950  -0.08329  -0.12095
  -0.37950   0.15671  -0.12095
  -0.37950   0.15671  -0.12095
  -0.37950   0.15671  -0.12095
  -0.37950   0.15671  -0.12095
  -0.37950   0.15671   0.11905
  -0.37950   0.15671  -0.60095
  -0.37950   0.15671  -0.12095
  -0.37950   0.15671  -0.12095
  -0.37950   0.15671  -0.12095
  -0.37950   0.15671  -0.12095
  -0.37950   0.15671  -0.12095
  -0.37950   0.15671  -0.12095
  -0.37950   0.15671  -0.12095
  -0.37950   0.15671  -0.12095
  -0.37950   0.15671  -0.12095
  -0.37950   0.15671  -0.12095
  -0.37950   0.15671  -0.12095
  -0.37950   0.15671  -0.12095
  -0.37950   0.15671  -0.12095
  -0.37950   0.15671  -0.12095
  -0.37950   0.15671  -0.12095
  -0.13950   0.15671  -0.12095
  -0.13950   0.15671  -0.12095
  -0.37950   0.15671  -0.12095
  -0.13950   0.15671  -0.12095
  -0.13950   0.15671  -0.12095
  -0.13950   0.15671  -0.12095
  -0.13950   0.15671  -0.12095
  -0.13950   0.15671  -0.12095
  -0.13950   0.15671  -0.12095
  -0.13950   0.15671  -0.12095
  -0.13950   0.15671  -0.12095
  -0.13950   0.15671   0.11905
  -0.13950   0.15671  -0.12095
  -0.13950   0.15671  -0.12095
  -0.13950   0.15671   0.11905
  -0.13950   0.15671  -0.12095
  -0.13950   0.15671  -0.12095
   0.10050   0.15671   0.11905
   0.10050   0.15671   0.11905
   0.10050   0.15671   0.11905
   0.10050   0.15671   0.11905
   0.10050   0.15671   0.11905
   0.10050   0.15671   0.11905
   0.10050   0.15671   0.11905
   0.10050   0.15671   0.11905
   0.10050   0.15671   0.11905
   0.10050   0.15671  -0.12095
   0.10050   0.15671   0.11905
   0.34050  -0.08329   0.11905
   0.10050   0.15671   0.11905
   0.34050  -0.08329   0.11905
   0.34050   0.15671   0.11905
   0.34050   0.15671   0.11905
   0.34050   0.15671   0.11905
   0.34050  -0.08329   0.11905
   0.34050   0.15671   0.11905
   0.34050   0.15671   0.11905
   0.34050   0.15671   0.11905
   0.34050   0.15671   0.11905
   0.34050   0.15671   0.11905
   0.34050   0.15671   0.11905
   0.34050  -0.08329   0.11905
   0.34050  -0.08329   0.11905
   0.34050  -0.08329   0.11905
   0.34050   0.15671  -0.12095
   0.34050  -0.08329  -0.12095
   0.58050  -0.08329  -0.12095
   0.58050  -0.08329  -0.12095
   0.58050  -0.08329  -0.12095
   0.58050   0.15671  -0.12095
   0.58050   0.15671  -0.12095
   0.58050  -0.08329  -0.12095
   0.58050   0.15671  -0.12095
   0.58050  -0.08329  -0.12095
   0.58050  -0.08329  -0.12095
   0.58050  -0.08329  -0.12095
   0.58050  -0.08329  -0.12095
   0.58050   0.15671  -0.12095
   0.58050  -0.08329  -0.12095
   0.58050  -0.08329  -0.12095
   0.58050  -0.08329  -0.12095
   0.58050  -0.08329  -0.12095
   0.58050   0.15671  -0.12095
   0.58050  -0.08329  -0.12095
   0.58050   0.15671  -0.12095
   0.58050   0.15671  -0.12095
   0.58050   0.15671  -0.12095
   0.58050   0.15671  -0.12095
   0.82050   0.15671  -0.12095
   0.82050   0.15671  -0.12095
   0.82050  -0.08329  -0.12095
   0.82050  -0.08329  -0.12095
   0.82050   0.15671  -0.12095
   0.82050  -0.08329  -0.12095
   0.82050  -0.08329  -0.12095
   0.82050  -0.08329  -0.12095
   0.82050  -0.08329  -0.12095
   0.82050  -0.08329  -0.12095
   0.82050  -0.08329  -0.12095
   0.82050  -0.08329  -0.12095
   0.82050   0.15671  -0.12095
   0.82050  -0.08329  -0.12095
   0.82050  -0.08329  -0.12095
   0.82050  -0.08329  -0.12095
   0.82050  -0.08329  -0.12095
   0.82050  -0.08329  -0.12095
   0.82050  -0.08329  -0.12095
   0.82050   0.15671  -0.12095
   0.82050   0.15671  -0.12095
   0.82050   0.15671  -0.12095
   0.82050  -0.08329  -0.12095
   0.82050  -0.08329  -0.12095
   0.82050  -0.08329  -0.60095
   0.82050  -0.08329  -0.12095
   0.82050  -0.08329  -0.12095
   0.82050   0.15671  -0.12095
   0.82050   0.15671  -0.12095
   0.82050   0.15671  -0.12095
   0.82050   0.15671  -0.12095
   0.82050   0.15671  -0.12095
   0.82050   0.15671  -0.12095
   0.82050   0.15671  -0.12095
   1.06050   0.15671  -0.12095
   1.06050   0.15671  -0.12095
   1.06050   0.15671  -0.12095
   0.82050   0.15671  -0.12095
   1.06050  -0.08329  -0.12095
   1.06050   0.15671  -0.12095
   1.06050   0.15671  -0.12095
   1.06050  -0.08329  -0.12095
   1.06050  -0.08329  -0.12095
   1.06050   0.15671  -0.12095
   1.06050  -0.08329  -0.12095
   1.06050  -0.08329  -0.12095
   1.06050  -0.08329   0.11905
   1.06050  -0.08329  -0.12095
   1.06050  -0.08329  -0.12095
   1.06050  -0.08329   0.11905
   1.06050  -0.08329   0.11905
   1.06050  -0.08329   0.11905
   1.06050  -0.08329   0.11905
   1.06050  -0.08329   0.11905
   1.06050  -0.08329   0.11905
   1.06050  -0.08329   0.11905
   1.06050  -0.08329   0.11905
   1.06050  -0.32329   0.11905
   1.06050  -0.08329   0.11905
   1.06050  -0.08329   0.11905
   1.06050  -0.08329   0.11905
   1.06050  -0.08329   0.11905
   0.82050  -0.08329   0.11905
   0.82050  -0.08329   0.11905
   1.06050  -0.08329   0.11905
   1.06050  -0.08329   0.11905
   1.06050  -0.08329   0.11905
   1.06050  -0.32329   0.11905
   1.06050  -0.08329   0.11905
   1.06050  -0.08329   0.11905
   1.06050  -0.08329   0.11905
   1.06050  -0.08329   0.11905
   1.06050  -0.08329   0.11905
   0.82050  -0.08329   0.11905
   1.06050  -0.08329   0.11905
   0.82050  -0.08329   0.11905
   0.82050  -0.08329   0.11905
   0.82050  -0.08329   0.11905
   0.82050  -0.08329   0.11905
   0.82050  -0.08329   0.11905
   0.82050  -0.08329   0.11905
   0.82050  -0.08329   0.11905
   0.82050  -0.08329   0.11905
   0.82050  -0.08329   0.11905
   0.82050  -0.08329   0.11905
   0.82050  -0.08329   0.11905
   0.82050  -0.08329   0.11905
   0.82050  -0.08329   0.11905
   0.58050  -0.08329   0.11905
   0.58050  -0.08329   0.11905
   0.58050  -0.08329   0.11905
   0.82050  -0.08329   0.11905
   0.58050  -0.08329   0.11905
   0.58050  -0.08329   0.11905
   0.58050  -0.08329   0.11905
   0.58050  -0.08329   0.11905
   0.58050  -0.08329  -0.12095
   0.34050  -0.08329  -0.12095
   0.34050  -0.08329   0.11905
   0.34050  -0.08329   0.11905
   0.34050  -0.32329  -0.12095
   0.34050  -0.08329  -0.12095
   0.34050  -0.08329  -0.12095
   0.34050  -0.08329  -0.12095
   0.34050  -0.08329  -0.12095
   0.34050  -0.08329  -0.12095
   0.34050  -0.08329  -0.12095
   0.10050  -0.08329  -0.12095
   0.10050  -0.08329  -0.12095
   0.10050  -0.08329  -0.12095
   0.10050  -0.08329  -0.12095
   0.10050  -0.08329  -0.12095
   0.10050  -0.08329  -0.12095
   0.10050  -0.08329   0.11905
   0.10050  -0.08329  -0.12095
   0.10050  -0.08329  -0.12095
  -0.13950  -0.08329  -0.12095
   0.10050  -0.08329  -0.12095
  -0.13950  -0.08329  -0.12095
  -0.13950  -0.08329  -0.12095
  -0.13950  -0.08329  -0.12095
  -0.13950  -0.08329  -0.12095
  -0.13950  -0.08329  -0.12095
  -0.13950  -0.08329  -0.12095
  -0.13950  -0.08329  -0.12095
  -0.13950  -0.08329   0.11905
  -0.13950  -0.08329  -0.12095
  -0.13950  -0.08329  -0.12095
  -0.37950  -0.08329  -0.12095
  -0.37950  -0.08329  -0.12095
  -0.37950  -0.08329  -0.12095
  -0.37950  -0.08329  -0.12095
  -0.37950  -0.08329  -0.12095
  -0.37950  -0.08329  -0.12095
  -0.37950  -0.08329  -0.12095
  -0.37950  -0.08329  -0.12095
  -0.61950  -0.08329  -0.12095
  -0.61950  -0.08329  -0.12095
  -0.61950  -0.08329  -0.12095
  -0.61950  -0.08329  -0.12095
  -0.61950  -0.08329  -0.12095
  -0.61950  -0.08329  -0.12095
  -0.61950  -0.08329  -0.12095
  -0.61950  -0.08329  -0.12095
  -0.61950  -0.08329  -0.12095
  -0.61950  -0.08329  -0.12095
  -0.61950  -0.08329  -0.12095
  -0.61950  -0.08329  -0.12095
  -0.85950  -0.08329  -0.12095
  -0.85950  -0.08329  -0.12095
  -0.85950  -0.08329  -0.12095
  -0.85950  -0.08329  -0.12095
  -0.85950  -0.08329  -0.12095
  -0.85950  -0.08329  -0.12095
  -0.85950  -0.08329  -0.12095
  -0.85950  -0.08329  -0.12095
  -0.85950  -0.08329  -0.12095
  -0.85950  -0.08329  -0.12095
  -0.85950  -0.08329  -0.12095
  -0.85950  -0.08329  -0.12095
  -0.85950  -0.08329  -0.12095
  -1.09950  -0.08329  -0.12095
  -1.09950  -0.08329  -0.12095
  -1.09950  -0.08329  -0.12095
  -1.09950  -0.08329  -0.12095
  -1.09950  -0.08329  -0.12095
  -0.85950  -0.08329  -0.12095
  -1.09950  -0.08329  -0.12095
  -1.09950  -0.08329  -0.12095
  -1.09950  -0.08329  -0.12095
  -1.09950  -0.08329  -0.12095
  -1.09950  -0.08329  -0.12095
  -1.09950  -0.08329  -0.12095
  -1.09950   0.15671  -0.12095
  -1.09950   0.15671  -0.36095
  -1.09950   0.15671  -0.12095
  -1.33950  -0.08329  -0.12095
  -1.09950  -0.08329  -0.36095
  -1.09950   0.15671  -0.36095
  -1.09950   0.15671  -0.36095
  -1.09950  -0.08329  -0.36095
  -1.09950   0.15671  -0.12095
  -1.09950   0.15671  -0.12095
  -1.09950   0.15671  -0.36095
  -1.33950   0.15671  -0.36095
  -1.33950   0.15671  -0.12095
  -1.33950   0.15671  -0.36095
  -1.33950  -0.08329  -0.12095
  -1.33950  -0.08329  -0.36095
  -1.33950   0.15671  -0.36095
  -1.33950   0.15671  -0.36095
  -1.33950   0.15671  -0.36095
  -1.33950   0.15671  -0.12095
  -1.33950   0.15671  -0.36095
  -1.33950   0.15671  -0.36095
  -1.33950   0.15671  -0.12095
  -1.33950   0.15671  -0.12095
  -1.33950   0.15671  -0.12095
  -1.33950   0.15671  -0.12095
  -1.33950   0.15671  -0.12095
  -1.33950   0.15671  -0.36095
  -1.33950   0.15671  -0.12095
  -1.33950   0.15671  -0.12095
  -1.33950   0.15671  -0.12095
  -1.33950   0.15671  -0.12095
  -1.09950   0.15671  -0.12095
  -1.33950   0.15671  -0.12095
  -1.09950   0.15671  -0.12095
  -1.09950   0.15671  -0.12095
  -1.09950   0.15671  -0.12095
  -1.09950   0.15671  -0.12095
  -1.09950   0.15671  -0.12095
  -1.33950   0.15671  -0.12095
  -1.09950   0.15671  -0.12095
  -1.09950   0.15671  -0.12095
  -1.09950   0.15671  -0.12095
  -1.09950   0.15671  -0.12095
  -1.09950   0.15671  -0.12095
  -1.09950   0.15671  -0.12095
  -1.09950   0.15671  -0.12095
  -1.09950   0.15671  -0.12095
  -1.09950   0.15671  -0.12095
  -1.09950   0.15671  -0.12095
  -1.09950   0.15671  -0.12095
  -1.09950   0.15671  -0.12095
  -1.09950   0.15671  -0.12095
  -1.09950   0.15671  -0.12095
  -1.09950   0.15671  -0.12095
  -1.09950   0.15671  -0.12095
  -1.09950   0.15671  -0.12095
  -1.09950   0.15671  -0.12095
  -1.09950   0.15671  -0.12095
  -1.09950   0.15671  -0.12095
  -1.09950   0.15671  -0.12095
  -0.85950  -0.08329  -0.12095
  -0.85950   0.15671  -0.12095
  -0.85950   0.15671  -0.12095
  -0.85950   0.15671  -0.12095
  -0.85950   0.15671  -0.12095
  -0.85950   0.15671  -0.12095
  -0.85950   0.15671  -0.12095
  -0.85950   0.15671  -0.12095
  -0.85950   0.15671  -0.12095
  -0.85950   0.15671  -0.12095
  -0.85950   0.15671  -0.12095
  -0.85950   0.15671  -0.12095
  -0.85950   0.15671  -0.12095
  -0.85950   0.15671  -0.12095
  -0.85950   0.15671  -0.12095
  -0.85950   0.15671  -0.12095
  -0.85950   0.15671  -0.12095
  -0.85950   0.15671  -0.12095
  -0.85950   0.15671  -0.12095
  -0.61950  -0.08329  -0.12095
  -0.85950   0.15671  -0.12095
  -0.85950   0.15671  -0.12095
  -0.85950   0.15671  -0.12095
  -0.85950  -0.32329  -0.36095
  -0.61950   0.15671  -0.12095
  -0.61950   0.15671  -0.36095
  -0.61950  -0.08329  -0.12095
  -0.61950  -0.08329  -0.60095
  -0.61950   0.15671  -0.36095
  -0.61950  -0.08329  -0.12095
  -0.61950  -0.08329  -0.12095
  -0.61950  -0.08329  -0.36095
  -0.61950  -0.08329  -0.36095
  -0.61950  -0.08329  -0.36095
  -0.61950  -0.08329  -0.36095
  -0.61950  -0.08329  -0.36095
  -0.61950  -0.08329  -0.36095
  -0.61950  -0.08329  -0.36095
  -0.61950  -0.08329  -0.36095
  -0.61950  -0.08329  -0.36095
  -0.61950  -0.08329  -0.36095
  -0.61950  -0.08329  -0.12095
  -0.61950  -0.08329  -0.12095
  -0.61950  -0.08329  -0.12095
  -0.61950  -0.08329  -0.12095
  -0.61950  -0.08329  -0.12095
  -0.61950  -0.08329  -0.12095
  -0.61950  -0.08329  -0.12095
  -0.61950  -0.08329  -0.12095
  -0.37950  -0.08329  -0.12095
  -0.37950  -0.08329  -0.12095
  -0.37950  -0.08329  -0.12095
  -0.37950  -0.08329  -0.12095
  -0.37950   0.15671  -0.12095
  -0.37950  -0.08329  -0.12095
  -0.37950   0.15671  -0.12095
  -0.37950   0.15671  -0.12095
  -0.37950  -0.08329  -0.12095
  -0.37950  -0.08329  -0.12095
  -0.37950  -0.08329  -0.12095
  -0.37950   0.15671  -0.60095
  -0.37950  -0.08329  -0.12095
  -0.37950   0.15671  -0.12095
  -0.13950  -0.08329  -0.12095
  -0.13950  -0.08329  -0.12095
  -0.13950  -0.08329  -0.12095
  -0.13950   0.15671  -0.12095
  -0.13950  -0.08329  -0.12095
  -0.13950   0.15671  -0.12095
  -0.13950   0.15671   0.11905
  -0.13950   0.15671   0.11905
  -0.13950   0.15671   0.11905
  -0.13950   0.15671   0.11905
   0.10050   0.15671   0.11905
  -0.13950   0.15671   0.11905
   0.10050   0.15671   0.11905
   0.10050   0.15671   0.11905
   0.10050   0.15671   0.11905
   0.10050   0.15671   0.11905
   0.10050   0.15671   0.11905
   0.10050   0.15671   0.35905
   0.10050   0.15671   0.35905
   0.34050   0.15671   0.35905
   0.34050  -0.32329   0.35905
   0.34050   0.15671   0.35905
   0.34050   0.15671   0.35905
   0.34050   0.15671   0.35905
   0.34050   0.15671   0.35905
   0.34050  -0.08329   0.35905
   0.34050   0.15671   0.35905
   0.34050  -0.08329   0.35905
   0.34050  -0.08329   0.35905
   0.58050  -0.08329   0.35905
   0.58050  -0.08329   0.35905
   0.58050  -0.08329   0.35905
   0.58050  -0.08329   0.35905
   0.58050  -0.08329   0.35905
   0.58050  -0.08329   0.35905
   0.58050  -0.08329   0.35905
   0.82050  -0.08329   0.35905
   0.82050  -0.08329   0.59905
   0.82050  -0.32329   0.35905
   0.82050  -0.08329   0.59905
   0.82050  -0.08329   0.59905
   0.82050  -0.08329   0.59905
   0.82050  -0.08329   0.59905
   0.82050  -0.08329   0.35905
   0.82050  -0.08329   0.35905
   0.82050  -0.08329   0.59905
   0.82050  -0.08329   0.59905
   1.06050  -0.08329   0.59905
   1.06050  -0.08329   0.59905
   1.06050  -0.08329   0.59905
   1.06050  -0.08329   0.59905
   1.06050  -0.08329   0.59905
   1.06050  -0.08329   0.59905
   1.06050  -0.08329   0.59905
   1.06050  -0.08329   0.59905
   1.30050  -0.08329   0.59905
   1.30050  -0.08329   0.59905
   0.82050  -0.08329   0.59905
   1.30050  -0.08329   0.59905
   1.30050  -0.08329   0.35905
   1.30050  -0.08329   0.59905
   1.30050  -0.08329   0.59905
   1.30050  -0.08329   0.59905
   1.30050  -0.08329   0.59905
   1.30050  -0.08329   0.59905
   1.30050  -0.08329   0.35905
   1.30050  -0.08329   0.59905
   1.54050  -0.08329   0.59905
   1.54050  -0.08329   0.35905
   1.54050  -0.08329   0.11905
   1.54050  -0.08329   0.35905
   1.54050  -0.08329   0.35905
   1.54050  -0.08329   0.35905
   1.54050  -0.08329   0.35905
   1.54050  -0.08329   0.35905
   1.54050  -0.08329   0.35905
   1.54050  -0.08329   0.35905
   1.54050  -0.08329   0.35905
   1.54050  -0.08329   0.35905
   1.54050  -0.08329   0.35905
   1.54050  -0.08329   0.35905
   1.54050  -0.08329   0.35905
   1.54050  -0.08329   0.35905
   1.54050  -0.08329   0.35905
   1.54050  -0.08329   0.35905
   1.54050  -0.08329   0.35905
   1.54050  -0.08329   0.35905
   1.54050  -0.08329   0.35905
   1.54050  -0.08329   0.35905
   1.54050  -0.08329   0.35905
   1.54050  -0.08329   0.59905
   1.54050  -0.08329   0.35905
   1.54050  -0.08329   0.59905
   1.54050  -0.08329   0.59905
   1.54050  -0.08329   0.59905
   1.54050  -0.08329   0.35905
   1.54050  -0.08329   0.59905
   1.54050  -0.08329   0.59905
   1.54050  -0.08329   0.35905
   1.54050  -0.08329   0.59905
   1.30050  -0.08329   0.59905
   1.54050  -0.08329   0.59905
   1.30050  -0.08329   0.59905
   1.30050  -0.08329   0.35905
   1.30050  -0.08329   0.59905
   1.30050  -0.08329   0.59905
   1.30050  -0.08329   0.59905
   1.30050  -0.08329   0.59905
   1.30050   0.15671   0.35905
   1.30050  -0.08329   0.35905
   1.30050   0.15671   0.59905
   1.30050  -0.08329   0.59905
   1.30050  -0.08329   0.59905
   1.30050   0.15671   0.35905
   1.30050   0.15671   0.59905
   1.06050  -0.08329   0.35905
   1.30050   0.15671   0.59905
   1.06050   0.15671   0.59905
   1.06050   0.15671   0.59905
   1.06050  -0.08329   0.59905
   1.06050   0.15671   0.59905
   1.06050   0.15671   0.59905
   1.06050   0.15671   0.59905
   1.06050   0.15671   0.59905
   1.06050   0.15671   0.59905
   1.06050   0.15671   0.59905
   1.06050   0.15671   0.59905
   1.06050   0.15671   0.59905
   1.06050  -0.08329   0.59905
   0.82050  -0.08329   0.59905
   1.06050   0.15671   0.59905
   0.82050   0.15671   0.59905
   0.82050   0.15671   0.59905
   0.82050   0.15671   0.59905
   0.82050   0.15671   0.59905
   0.82050   0.15671   0.59905
   0.82050   0.15671   0.59905
   0.82050   0.15671   0.59905
   0.82050   0.15671   0.59905
   0.82050   0.15671   0.59905
   0.82050   0.15671   0.59905
   0.82050  -0.08329   0.59905
   0.58050  -0.08329   0.59905
   0.82050   0.15671   0.35905
   0.82050   0.15671   0.59905
   0.58050   0.15671   0.59905
   0.58050  -0.08329   0.35905
   0.58050   0.15671   0.35905
   0.58050   0.15671   0.35905
   0.58050   0.15671   0.35905
   0.58050   0.15671   0.35905
   0.58050   0.15671   0.35905
   0.58050   0.15671   0.35905
   0.58050   0.15671   0.35905
   0.58050   0.15671   0.35905
   0.58050   0.15671   0.35905
   0.58050   0.15671   0.35905
   0.34050   0.15671   0.35905
   0.34050   0.15671   0.35905
   0.34050   0.15671   0.35905
   0.34050   0.15671   0.35905
   0.34050   0.15671   0.35905
   0.34050   0.15671   0.35905
   0.34050   0.15671   0.35905
   0.34050   0.15671   0.35905
   0.34050   0.15671   0.35905
   0.34050   0.15671   0.35905
   0.34050   0.15671   0.35905
   0.34050   0.15671   0.35905
   0.10050   0.15671   0.35905
   0.34050   0.15671   0.35905
   0.34050   0.15671   0.35905
   0.34050   0.15671   0.35905
   0.10050   0.15671   0.11905
   0.10050   0.15671   0.11905
   0.34050   0.15671   0.11905
   0.10050   0.15671   0.11905
   0.10050   0.15671   0.11905
   0.10050   0.15671   0.11905
   0.10050   0.15671   0.11905
   0.10050   0.15671   0.11905
   0.10050   0.15671   0.11905
   0.10050   0.15671   0.11905
   0.10050   0.15671   0.11905
   0.10050   0.15671   0.11905
   0.10050   0.15671  -0.12095
   0.10050   0.15671  -0.12095
  -0.13950   0.15671  -0.12095
   0.10050   0.15671  -0.12095
   0.10050   0.15671  -0.12095
   0.10050   0.15671  -0.12095
  -0.13950   0.15671  -0.12095
  -0.13950  -0.08329  -0.12095
  -0.13950   0.15671  -0.12095
  -0.13950   0.15671  -0.12095
  -0.13950  -0.08329  -0.12095
  -0.13950  -0.08329  -0.12095
  -0.13950   0.15671  -0.12095
  -0.13950  -0.08329  -0.12095
  -0.13950  -0.08329  -0.12095
  -0.13950  -0.08329  -0.36095
  -0.13950  -0.08329  -0.12095
  -0.13950  -0.08329  -0.36095
  -0.13950  -0.08329  -0.36095
  -0.13950  -0.08329  -0.36095
  -0.37950  -0.08329  -0.36095
  -0.37950  -0.08329  -0.36095
  -0.37950  -0.08329  -0.36095
  -0.37950  -0.08329  -0.36095
  -0.37950  -0.08329  -0.60095
  -0.37950  -0.08329  -0.60095
  -0.37950  -0.08329  -0.60095
  -0.37950  -0.08329  -0.60095
  -0.37950  -0.08329  -0.60095
  -0.37950  -0.08329  -0.60095
  -0.37950  -0.08329  -0.60095
  -0.37950  -0.08329  -0.60095
  -0.37950  -0.08329  -0.60095
  -0.61950  -0.08329  -0.60095
  -1.09950  -0.08329  -0.60095
  -0.61950  -0.08329  -0.84095
  -0.61950  -0.08329  -0.84095
  -0.61950  -0.08329  -0.84095
  -0.61950  -0.08329  -0.84095
  -0.61950  -0.08329  -0.84095
  -0.61950  -0.08329  -0.84095
  -0.61950  -0.08329  -0.84095
  -0.61950  -0.08329  -0.84095
  -0.61950  -0.08329  -0.84095
  -0.61950  -0.08329  -1.08095
  -0.61950  -0.08329  -1.08095
  -0.61950  -0.08329  -1.08095
  -0.61950  -0.32329  -1.08095
  -0.61950  -0.08329  -1.08095
  -0.85950  -0.08329  -1.08095
  -0.61950  -0.08329  -1.08095
  -0.85950  -0.08329  -1.08095
  -0.85950  -0.08329  -1.08095
  -0.85950  -0.08329  -1.08095
  -0.85950  -0.08329  -1.08095
  -0.85950  -0.08329  -1.08095
  -0.85950  -0.08329  -1.08095
  -0.85950  -0.08329  -1.56095
  -0.85950  -0.08329  -1.08095
  -0.85950  -0.08329  -1.08095
  -0.85950  -0.08329  -1.08095
  -0.85950  -0.08329  -1.08095
  -1.09950  -0.08329  -1.08095
  -1.09950  -0.08329  -1.08095
  -1.09950  -0.08329  -1.08095
  -1.09950   0.15671  -1.08095
  -1.09950   0.15671  -1.08095
  -1.09950   0.15671  -1.08095
  -1.09950   0.15671  -1.08095
  -1.09950   0.15671  -1.08095
  -1.09950   0.15671  -1.32095
  -1.09950   0.15671  -1.32095
  -1.09950   0.15671  -1.32095
  -1.09950   0.15671  -1.08095
  -1.09950   0.15671  -1.08095
  -1.09950   0.15671  -1.08095
  -1.09950   0.15671  -1.08095
  -1.09950   0.15671  -1.08095
  -1.09950   0.15671  -1.08095
  -1.09950   0.15671  -1.08095
  -1.09950   0.15671  -1.08095
  -1.09950   0.15671  -1.08095
  -1.09950   0.15671  -1.08095
  -1.09950   0.15671  -1.08095
  -1.33950   0.15671  -1.08095
  -1.33950   0.15671  -1.08095
  -1.09950   0.15671  -1.08095
  -1.33950   0.15671  -1.08095
  -1.09950   0.15671  -1.08095
  -1.33950   0.15671  -1.08095
  -1.33950   0.15671  -1.08095
  -1.33950   0.15671  -0.84095
  -1.33950   0.15671  -1.08095
  -1.33950   0.15671  -0.84095
  -1.33950   0.15671  -0.84095
  -1.33950   0.15671  -1.08095
  -1.33950   0.15671  -1.08095
  -1.33950   0.15671  -1.08095
  -1.33950   0.15671  -0.84095
  -1.33950   0.15671  -0.84095
  -1.33950   0.15671  -0.84095
  -1.56950  -0.08329  -0.84095
  -1.33950   0.15671  -0.84095
  -1.33950   0.15671  -0.84095
  -1.33950   0.15671  -0.84095
  -1.33950   0.15671  -0.84095
  -1.33950  -0.08329  -0.84095
  -1.33950  -0.08329  -0.60095
  -1.33950  -0.08329  -0.84095
  -1.33950  -0.08329  -0.60095
  -1.33950  -0.08329  -0.60095
  -1.33950  -0.08329  -0.60095
  -1.33950  -0.08329  -0.60095
  -1.09950  -0.08329  -0.60095
  -1.33950  -0.08329  -0.60095
  -1.33950  -0.08329  -0.60095
  -1.09950  -0.08329  -0.60095
  -1.33950  -0.08329  -0.60095
  -1.09950  -0.08329  -0.36095
  -1.09950  -0.08329  -0.60095
  -1.09950  -0.08329  -0.36095
  -1.09950  -0.08329  -0.36095
  -1.09950  -0.08329  -0.36095
  -1.09950  -0.08329  -0.36095
  -1.09950  -0.08329  -0.36095
  -1.09950  -0.08329  -0.36095
  -1.09950  -0.08329  -0.36095
  -1.09950  -0.08329  -0.36095
  -1.09950  -0.08329  -0.36095
  -1.09950  -0.08329  -0.36095
  -1.09950  -0.08329  -0.36095
  -1.09950  -0.08329  -0.36095
  -0.85950  -0.08329  -0.36095
  -0.85950  -0.32329  -0.36095
  -0.85950  -0.32329  -0.36095
  -0.85950  -0.08329  -0.36095
  -0.85950  -0.08329  -0.12095
  -0.85950  -0.08329  -0.12095
  -0.85950  -0.08329  -0.12095
  -0.85950  -0.08329  -0.36095
  -0.61950  -0.08329  -0.12095
  -0.61950  -0.08329  -0.12095
  -0.61950  -0.08329  -0.12095
  -0.61950  -0.08329  -0.12095
  -0.61950  -0.32329  -0.12095
  -0.61950  -0.08329  -0.12095
  -0.61950  -0.08329  -0.12095
  -0.61950  -0.08329  -0.12095
  -0.61950  -0.08329  -0.12095
  -0.61950  -0.08329  -0.12095
  -0.61950  -0.08329  -0.12095
  -0.61950  -0.08329  -0.12095
  -0.61950  -0.08329  -0.12095
  -0.37950  -0.08329  -0.12095
  -0.37950  -0.08329  -0.12095
  -0.37950  -0.08329  -0.12095
  -0.37950  -0.08329  -0.12095
  -0.37950  -0.08329  -0.12095
  -0.37950  -0.08329  -0.12095
  -0.37950  -0.08329   0.11905
  -0.37950  -0.08329  -0.12095
  -0.37950  -0.08329   0.11905
  -0.37950  -0.08329   0.11905
  -0.37950  -0.08329   0.11905
  -0.37950  -0.08329   0.11905
  -0.37950  -0.08329   0.11905
  -0.37950  -0.08329   0.11905
  -0.13950  -0.08329   0.11905
  -0.13950  -0.08329   0.11905
  -0.37950  -0.08329   0.11905
  -0.13950  -0.08329   0.11905
  -0.13950  -0.08329   0.11905
  -0.13950  -0.08329   0.11905
  -0.13950  -0.08329   0.11905
  -0.13950  -0.08329   0.11905
  -0.13950  -0.08329   0.35905
  -0.13950  -0.08329   0.35905
  -0.13950  -0.08329   0.11905
  -0.13950  -0.08329   0.35905
  -0.13950  -0.08329   0.35905
  -0.13950  -0.08329   0.11905
  -0.13950  -0.08329   0.35905
  -0.13950  -0.32329   0.35905
  -0.13950  -0.08329   0.35905
  -0.13950  -0.08329   0.35905
  -0.13950  -0.08329   0.35905
  -0.13950  -0.08329   0.35905
  -0.13950  -0.08329   0.35905
   0.10050   0.15671   0.59905
   0.10050   0.15671   0.35905
   0.10050  -0.08329   0.59905
   0.10050   0.15671   0.59905
  -0.13950   0.15671   0.59905
   0.10050   0.15671   0.59905
   0.10050  -0.08329   0.59905
   0.10050  -0.08329   0.59905
   0.10050  -0.08329   0.59905
   0.10050  -0.08329   0.59905
   0.10050  -0.08329   0.59905
   0.10050  -0.08329   0.59905
   0.10050  -0.08329   0.59905
   0.10050   0.15671   0.83905
   0.10050  -0.08329   0.83905
   0.34050   0.15671   0.83905
   0.10050   0.15671   0.83905
   0.34050   0.15671   0.83905
   0.10050   0.15671   0.83905
   0.34050   0.15671   0.83905
   0.34050   0.15671   0.83905
   0.34050   0.15671   0.83905
   0.34050   0.15671   0.83905
   0.34050   0.15671   0.83905
   0.34050   0.15671   0.83905
   0.34050   0.15671   0.83905
   0.34050   0.15671   0.83905
   0.34050   0.15671   0.83905
   0.34050   0.15671   0.83905
   0.34050   0.15671   0.83905
   0.34050   0.15671   0.83905
   0.34050   0.15671   0.83905
   0.34050   0.15671   0.83905
   0.34050   0.15671   0.83905
   0.58050   0.15671   0.83905
   0.58050   0.15671   0.83905
   0.58050   0.15671   0.83905
   0.58050   0.15671   0.83905
   0.58050   0.15671   0.83905
   0.58050   0.15671   0.83905
   0.58050   0.15671   0.83905
   0.58050  -0.08329   1.06905
   0.58050   0.15671   1.06905
   0.58050   0.15671   1.06905
   0.58050  -0.08329   1.06905
   0.58050  -0.08329   1.06905
   0.58050   0.15671   0.35905
   0.82050   0.15671   1.06905
   0.82050   0.15671   1.06905
   0.58050   0.15671   1.06905
   0.82050   0.15671   1.06905
   0.82050   0.15671   1.06905
   0.82050   0.15671   1.06905
   0.82050   0.15671   1.06905
   0.82050   0.15671   1.06905
   0.82050   0.15671   1.06905
   0.82050  -0.08329   1.06905
   0.82050  -0.08329   1.06905
   0.82050  -0.08329   1.06905
   0.82050   0.15671   1.06905
   0.82050   0.15671   1.06905
   0.82050   0.15671   1.06905
   0.82050  -0.08329   1.06905
   0.82050  -0.08329   1.30905
   0.82050   0.15671   1.30905
   0.82050   0.15671   1.30905
   1.06050   0.15671   1.30905
   1.06050   0.15671   1.30905
   1.06050   0.15671   1.30905
   1.06050   0.15671   1.30905
   1.06050   0.15671   1.30905
   1.06050   0.15671   1.30905
   1.06050   0.15671   1.30905
   1.06050   0.15671   1.30905
   1.06050   0.15671   1.30905
   1.06050   0.15671   1.30905
   1.06050   0.15671   1.30905
   1.06050   0.15671   1.30905
   1.06050   0.15671   1.30905
   1.06050   0.15671   1.30905
   1.06050   0.15671   1.30905
   1.06050   0.15671   1.06905
   1.06050   0.15671   1.30905
   1.06050   0.15671   1.30905
   1.06050   0.15671   1.30905
   1.06050   0.15671   1.30905
   1.30050   0.15671   1.30905
   1.06050   0.15671   1.30905
   1.06050   0.15671   1.30905
   1.06050   0.15671   1.30905
   1.06050   0.15671   1.30905
   1.06050   0.15671   1.30905
   1.06050   0.15671   1.30905
   1.06050   0.15671   1.30905
   1.30050   0.15671   1.06905
   1.30050   0.15671   1.30905
   1.06050   0.15671   1.06905
   1.06050   0.15671   1.06905
   1.30050   0.15671   1.06905
   1.30050   0.15671   1.06905
   1.06050   0.15671   1.06905
   1.06050   0.15671   1.06905
   1.30050   0.15671   1.06905
   1.06050   0.15671   1.06905
   1.06050   0.15671   1.06905
   1.30050   0.15671   1.06905
   1.06050  -0.08329   0.83905
   1.30050   0.15671   1.06905
   1.06050   0.15671   0.83905
   1.06050   0.15671   0.83905
   1.06050  -0.08329   0.83905
   1.06050   0.15671   0.83905
   1.06050  -0.08329   0.83905
   1.06050  -0.08329   0.83905
   1.06050   0.15671   0.83905
   1.06050  -0.08329   0.83905
   1.06050   0.15671   0.59905
   1.06050  -0.08329   0.59905
   1.06050  -0.08329   0.59905
   1.06050  -0.08329   0.59905
   0.82050  -0.08329   0.59905
   1.06050  -0.08329   0.59905
   1.06050  -0.08329   0.59905
   1.06050  -0.08329   0.35905
   1.06050  -0.08329   0.35905
   1.06050  -0.08329   0.35905
   0.82050  -0.08329   0.35905
   0.82050  -0.08329   0.35905
   0.82050  -0.08329   0.35905
   0.82050  -0.08329   0.35905
   0.82050  -0.08329   0.11905
   0.82050   0.15671   0.11905
   0.82050  -0.08329   0.11905
   0.82050  -0.08329   0.11905
   0.82050  -0.08329   0.11905
   0.82050  -0.08329  -0.12095
   0.82050  -0.08329  -0.12095
   0.82050  -0.08329  -0.12095
   0.82050  -0.08329  -0.12095
   0.58050  -0.08329  -0.12095
   0.58050  -0.08329  -0.12095
   0.58050  -0.08329  -0.12095
   0.58050  -0.08329  -0.36095
   0.58050  -0.08329  -0.36095
   0.58050  -0.08329  -0.36095
   0.58050  -0.08329  -0.36095
   0.58050   0.15671  -0.36095
   0.58050  -0.08329  -0.36095
   0.58050  -0.08329  -0.36095
   0.58050  -0.08329  -0.60095
   0.58050  -0.08329  -0.60095
   0.34050  -0.08329  -0.60095
   0.34050  -0.08329  -0.60095
   0.34050  -0.08329  -0.60095
   0.34050  -0.08329  -0.84095
   0.34050  -0.08329  -0.60095
   0.34050  -0.08329  -0.60095
   0.34050  -0.08329  -0.84095
   0.34050  -0.08329  -0.84095
   0.34050  -0.08329  -0.84095
   0.10050  -0.08329  -0.84095
   0.34050  -0.08329  -0.84095
   0.34050  -0.08329  -0.84095
   0.34050  -0.08329  -0.84095
   0.10050  -0.08329  -0.84095
   0.10050  -0.08329  -0.84095
   0.10050  -0.08329  -0.84095
   0.10050  -0.08329  -0.84095
   0.10050  -0.08329  -0.84095
   0.10050  -0.08329  -1.08095
   0.10050  -0.08329  -1.08095
   0.10050  -0.08329  -1.08095
   0.10050  -0.08329  -1.08095
   0.10050  -0.08329  -1.08095
   0.10050  -0.08329  -1.08095
   0.10050  -0.08329  -1.08095
  -0.13950  -0.08329  -1.08095
  -0.13950  -0.08329  -1.08095
  -0.13950  -0.08329  -1.08095
  -0.13950  -0.08329  -1.08095
  -0.13950  -0.08329  -1.08095
  -0.13950  -0.08329  -1.08095
  -0.13950  -0.08329  -1.08095
  -0.13950  -0.08329  -1.08095
  -0.13950  -0.08329  -1.08095
  -0.13950  -0.08329  -1.08095
  -0.13950  -0.08329  -1.08095
  -0.13950  -0.08329  -1.08095
  -0.13950  -0.08329  -1.08095
  -0.13950  -0.08329  -1.08095
  -0.13950  -0.08329  -1.08095
  -0.13950  -0.08329  -1.08095
  -0.13950  -0.08329  -1.08095
  -0.13950  -0.08329  -1.56095
  -0.37950  -0.08329  -1.08095
  -0.37950  -0.08329  -1.08095
  -0.37950  -0.08329  -1.08095
  -0.37950  -0.08329  -1.08095
  -0.37950  -0.08329  -1.08095
  -0.37950  -0.08329  -1.08095
  -0.37950  -0.08329  -1.08095
  -0.37950  -0.08329  -1.08095
  -0.37950  -0.08329  -1.08095
  -0.37950   0.15671  -1.08095
  -0.37950  -0.08329  -1.08095
  -0.37950   0.15671  -1.08095
  -0.37950  -0.08329  -1.08095
  -0.37950  -0.08329  -1.08095
  -0.37950  -0.08329  -1.08095
  -0.37950   0.15671  -1.08095
  -0.37950  -0.08329  -1.08095
  -0.37950  -0.08329  -1.08095
  -0.37950  -0.08329  -1.08095
  -0.37950  -0.08329  -1.08095
  -0.37950  -0.08329  -1.08095
  -0.37950  -0.08329  -1.08095
  -0.37950   0.15671  -1.08095
  -0.37950  -0.08329  -1.08095
  -0.37950  -0.08329  -1.08095
  -0.37950  -0.08329  -1.08095
  -0.37950   0.15671  -1.08095
  -0.37950   0.15671  -1.08095
  -0.37950  -0.08329  -1.08095
  -0.37950  -0.08329  -1.08095
  -0.37950  -0.08329  -1.08095
  -0.37950  -0.08329  -1.08095
  -0.37950  -0.08329  -1.08095
  -0.37950  -0.08329  -1.08095
  -0.37950  -0.08329  -1.08095
  -0.37950  -0.08329  -1.08095
  -0.37950  -0.08329  -1.08095
  -0.37950   0.15671  -1.08095
  -0.37950  -0.08329  -1.08095
  -0.37950  -0.08329  -1.08095
  -0.37950  -0.08329  -1.08095
  -0.37950  -0.08329  -1.08095
  -0.37950  -0.08329  -1.08095
  -0.37950  -0.08329  -1.08095
  -0.37950  -0.08329  -1.08095
  -0.37950  -0.08329  -1.08095
  -0.37950  -0.08329  -1.08095
  -0.37950  -0.08329  -1.08095
  -0.37950  -0.08329  -1.08095
  -0.37950  -0.08329  -1.08095
  -0.37950  -0.08329  -1.08095
  -0.37950  -0.08329  -0.84095
  -0.61950  -0.08329  -1.08095
  -0.61950  -0.08329  -0.84095
  -0.37950  -0.08329  -0.84095
  -0.61950  -0.08329  -1.08095
  -0.61950  -0.08329  -0.84095
  -0.61950  -0.08329  -0.84095
  -0.61950  -0.08329  -0.84095
  -0.61950  -0.08329  -0.84095
  -0.61950  -0.08329  -0.84095
  -0.61950  -0.08329  -0.84095
  -0.61950  -0.08329  -0.84095
  -0.61950  -0.08329  -0.84095
  -0.61950  -0.08329  -0.84095
  -0.61950  -0.08329  -0.84095
  -0.61950  -0.08329  -0.84095
  -0.61950  -0.08329  -0.84095
  -0.61950  -0.08329  -0.84095
  -0.61950  -0.08329  -0.84095
  -0.61950  -0.08329  -0.84095
  -0.61950  -0.08329  -0.84095
  -0.61950  -0.08329  -0.84095
  -0.85950  -0.08329  -0.84095
  -0.61950  -0.08329  -0.84095
  -0.85950  -0.08329  -0.84095
  -0.85950  -0.08329  -0.84095
  -0.85950   0.15671  -0.84095
  -0.85950  -0.08329  -0.84095
  -0.85950  -0.08329  -0.84095
  -0.85950  -0.08329  -0.60095
  -0.85950   0.15671  -0.60095
  -0.85950   0.15671  -0.60095
  -0.85950   0.15671  -0.84095
  -0.85950   0.15671  -0.60095
  -0.85950   0.15671  -0.60095
  -0.85950   0.15671  -0.60095
  -0.85950   0.15671  -0.60095
  -0.85950   0.15671  -0.60095
  -0.85950   0.15671  -0.60095
  -0.85950   0.15671  -0.60095
  -0.85950  -0.08329  -0.60095
  -0.85950   0.15671  -0.60095
  -0.85950   0.15671  -0.60095
  -0.85950   0.15671  -0.60095
  -1.09950   0.15671  -0.60095
  -1.09950  -0.08329  -0.36095
  -1.09950   0.15671  -0.36095
  -1.09950  -0.08329  -0.36095
  -1.09950   0.15671  -0.36095
  -1.09950   0.15671  -0.36095
  -1.09950   0.15671  -0.36095
  -1.09950   0.15671  -0.36095
  -1.09950   0.15671  -0.36095
  -1.09950   0.15671  -0.36095
  -1.09950   0.15671  -0.36095
  -1.09950   0.15671  -0.36095
  -1.09950   0.15671  -0.12095
  -1.09950   0.15671  -0.12095
  -1.09950  -0.08329  -0.12095
  -1.09950   0.15671  -0.12095
  -1.09950   0.15671  -0.12095
  -1.09950   0.15671  -0.12095
  -1.09950   0.15671  -0.12095
  -1.09950   0.15671  -0.12095
  -0.85950   0.15671  -0.12095
  -1.09950   0.15671  -0.12095
  -1.09950   0.15671  -0.12095
  -1.09950   0.15671  -0.12095
  -1.09950   0.15671  -0.12095
  -1.09950   0.15671   0.11905
  -1.09950   0.15671   0.11905
  -1.09950   0.15671   0.11905
  -1.09950   0.15671   0.11905
  -1.09950   0.15671   0.11905
  -0.85950   0.15671   0.11905
  -0.85950  -0.08329   0.11905
  -0.85950   0.15671   0.11905
  -0.85950   0.15671   0.35905
  -0.85950   0.15671  -0.12095
  -0.85950   0.15671   0.11905
  -0.85950   0.15671   0.11905
  -0.85950   0.15671   0.35905
  -0.85950   0.15671   0.35905
  -0.85950   0.15671   0.35905
  -0.85950  -0.08329   0.35905
  -0.85950   0.15671   0.35905
  -0.85950  -0.08329   0.35905
  -0.85950  -0.08329   0.35905
  -0.85950  -0.08329   0.35905
  -0.85950  -0.08329   0.35905
  -0.85950   0.15671   0.35905
  -0.61950   0.15671   0.35905
  -0.61950  -0.08329   0.59905
  -0.61950  -0.08329   0.35905
  -0.61950  -0.08329   0.59905
  -0.61950  -0.08329   0.59905
  -0.61950   0.15671   0.59905
  -0.61950  -0.08329   0.59905
  -0.61950   0.15671   0.59905
  -0.61950   0.15671   0.59905
  -0.61950   0.15671   0.59905
  -0.61950   0.15671   0.59905
  -0.61950   0.15671   0.83905
  -0.61950  -0.08329   0.83905
  -0.61950  -0.08329   0.83905
  -0.37950   0.15671   0.83905
  -0.37950   0.15671   0.83905
  -0.37950   0.15671   0.83905
  -0.37950   0.15671   0.83905
  -0.37950   0.15671   0.83905
  -0.37950   0.15671   0.83905
  -0.37950   0.15671   0.83905
  -0.37950   0.15671   1.06905
  -0.37950   0.15671   0.83905
  -0.37950   0.15671   1.06905
  -0.37950   0.15671   1.06905
  -0.37950   0.15671   1.06905
  -0.13950   0.15671   1.06905
  -0.13950   0.15671   1.06905
  -0.13950   0.15671   1.06905
  -0.13950   0.15671   1.06905
  -0.13950   0.15671   1.06905
  -0.13950   0.15671   1.06905
  -0.13950   0.15671   1.06905
  -0.13950  -0.08329   1.06905
  -0.13950  -0.08329   1.30905
  -0.13950   0.15671   1.30905
  -0.13950  -0.08329   1.06905
  -0.13950  -0.08329   1.06905
   0.10050  -0.08329   1.30905
   0.10050  -0.08329   1.30905
   0.10050   0.15671   1.30905
   0.10050  -0.08329   1.30905
   0.10050   0.15671   1.30905
   0.10050  -0.08329   1.30905
   0.10050  -0.08329   1.30905
   0.10050  -0.08329   1.30905
   0.10050   0.15671   1.30905
   0.10050   0.15671   1.30905
   0.10050  -0.08329   1.30905
   0.10050  -0.08329   1.30905
   0.10050  -0.08329   1.30905
   0.10050  -0.08329   1.30905
   0.10050  -0.08329   1.30905
   0.34050  -0.08329   1.30905
   0.34050  -0.08329   1.30905
   0.34050  -0.08329   1.30905
   0.34050  -0.08329   1.30905
   0.34050  -0.08329   1.30905
   0.34050  -0.08329   1.30905
   0.34050  -0.08329   1.30905
   0.34050  -0.08329   1.06905
   0.34050  -0.08329   1.30905
   0.34050  -0.08329   1.30905
   0.34050  -0.08329   1.30905
   0.34050  -0.08329   1.30905
   0.34050  -0.08329   1.30905
   0.34050  -0.08329   1.30905
   0.34050  -0.08329   1.30905
   0.58050  -0.08329   1.30905
   0.58050  -0.08329   1.30905
   0.58050  -0.32329   1.06905
   0.58050  -0.08329   1.06905
   0.58050  -0.08329   1.06905
   0.58050  -0.08329   1.06905
   0.58050  -0.08329   1.06905
   0.58050  -0.08329   1.06905
   0.58050  -0.08329   1.06905
   0.58050  -0.08329   1.06905
   0.58050  -0.08329   1.06905
   0.58050  -0.08329   1.06905
   0.58050  -0.08329   1.06905
   0.58050  -0.08329   1.06905
   0.58050  -0.08329   1.06905
   0.58050  -0.08329   1.06905
   0.58050  -0.08329   1.06905
   0.58050  -0.08329   1.06905
   0.58050  -0.08329   0.83905
   0.58050  -0.08329   0.83905
   0.58050  -0.08329   0.83905
   0.82050  -0.08329   0.83905
   0.58050  -0.08329   0.83905
   0.58050  -0.08329   0.83905
   0.58050  -0.08329   0.83905
   0.58050   0.15671   0.83905
   0.58050  -0.08329   0.83905
   0.82050  -0.08329   0.83905
   0.82050   0.15671   0.83905
   0.82050   0.15671   0.83905
   0.58050   0.15671   0.83905
   0.82050  -0.08329   0.83905
   0.82050  -0.08329   0.83905
   0.82050   0.15671   0.59905
   0.82050   0.15671   0.59905
   0.82050   0.15671   0.59905
   0.82050  -0.08329   0.59905
   0.82050   0.15671   0.59905
   0.82050   0.15671   0.59905
   0.82050   0.15671   0.59905
   0.82050  -0.08329   0.59905
   0.82050   0.15671   0.59905
   0.82050   0.15671   0.59905
   0.82050   0.15671   0.59905
   0.82050  -0.08329   0.35905
   0.82050   0.15671   0.35905
   0.82050   0.15671   0.35905
   0.82050   0.15671   0.35905
   0.82050   0.15671   0.35905
   0.82050  -0.08329   0.35905
   0.82050   0.15671   0.35905
   0.82050  -0.08329   0.35905
   0.82050  -0.08329   0.11905
   0.82050  -0.08329   0.11905
   0.82050  -0.08329   0.11905
   0.82050  -0.08329   0.11905
   0.82050  -0.08329   0.11905
   0.82050  -0.08329   0.11905
   1.06050  -0.08329   0.11905
   0.82050  -0.08329   0.11905
   0.82050  -0.08329   0.11905
   0.82050  -0.08329   0.11905
   0.82050  -0.08329  -0.12095
   0.82050  -0.08329  -0.12095
   0.82050  -0.08329  -0.12095
   0.82050  -0.08329  -0.12095
   1.06050  -0.08329  -0.12095
   1.06050  -0.08329  -0.12095
   0.82050  -0.08329  -0.12095
   1.06050  -0.08329  -0.12095
   0.82050  -0.08329  -0.12095
   1.06050  -0.08329  -0.12095
   1.06050  -0.08329  -0.12095
   1.06050  -0.08329  -0.60095
   1.06050  -0.08329  -0.12095
   1.06050  -0.08329  -0.12095
   1.06050  -0.08329  -0.36095
   1.06050  -0.08329  -0.12095
   1.06050  -0.08329  -0.36095
   1.06050  -0.08329  -0.36095
   1.06050  -0.08329  -0.36095
   1.06050  -0.08329  -0.36095
   1.06050  -0.08329  -0.36095
   0.82050  -0.08329  -0.36095
   1.06050  -0.08329  -0.36095
   1.06050  -0.08329  -0.36095
   1.06050  -0.08329  -0.36095
   1.06050  -0.08329  -0.36095
   1.06050  -0.08329  -0.36095
   1.06050  -0.08329  -0.36095
   0.82050  -0.08329  -0.36095
   0.82050  -0.08329  -0.36095
   0.82050  -0.08329  -0.36095
   0.82050  -0.08329  -0.36095
   0.82050  -0.08329  -0.36095
   0.82050  -0.08329  -0.36095
   0.82050  -0.08329  -0.36095
   0.82050  -0.08329  -0.36095
   0.82050  -0.08329  -0.36095
   0.82050  -0.08329  -0.36095
   0.82050  -0.08329  -0.36095
   0.82050  -0.08329  -0.36095
   0.82050  -0.08329  -0.36095
   0.82050  -0.08329  -0.36095
   0.82050  -0.08329  -0.36095
   0.82050  -0.08329  -0.36095
   0.82050  -0.08329  -0.36095
   0.58050  -0.08329  -0.36095
   0.58050  -0.08329  -0.36095
   0.58050  -0.08329  -0.36095
   0.82050  -0.08329  -0.36095
   0.58050  -0.08329  -0.36095
   0.58050  -0.08329  -0.36095
   0.58050  -0.08329  -0.36095
   0.58050  -0.08329  -0.60095
   0.58050  -0.08329  -0.60095
   0.58050  -0.08329  -0.60095
   0.58050   0.15671  -0.36095
   0.58050  -0.08329  -0.36095
   0.58050   0.15671  -0.36095
   0.58050  -0.08329  -0.60095
   0.58050  -0.08329  -0.36095
   0.58050   0.15671  -0.60095
   0.34050   0.15671  -0.60095
   0.34050   0.15671  -0.60095
   0.34050  -0.08329  -0.60095
   0.34050   0.15671  -0.60095
   0.34050  -0.08329  -0.60095
   0.34050  -0.08329  -0.60095
   0.34050  -0.08329  -0.60095
   0.34050  -0.08329  -0.60095
   0.34050  -0.08329  -0.60095
   0.34050   0.15671  -0.60095
   0.34050   0.15671  -0.60095
   0.34050   0.15671  -0.60095
   0.34050   0.15671  -0.60095
   0.34050  -0.08329  -0.60095
   0.34050  -0.08329  -0.60095
   0.34050   0.15671  -0.60095
   0.34050   0.15671  -0.60095
   0.10050  -0.08329  -0.60095
   0.10050  -0.08329  -0.60095
   0.10050  -0.08329  -0.60095
   0.10050   0.15671  -0.60095
   0.10050  -0.08329  -0.60095
   0.10050  -0.08329  -0.60095
   0.10050  -0.08329  -0.60095
   0.10050  -0.08329  -0.60095
   0.10050   0.15671  -0.60095
   0.10050  -0.08329  -0.60095
   0.10050  -0.08329  -0.60095
   0.10050  -0.08329  -0.60095
  -0.13950   0.15671  -0.60095
   0.10050  -0.08329  -0.60095
  -0.13950  -0.08329  -0.60095
  -0.13950  -0.08329  -0.60095
   0.10050  -0.08329  -0.60095
  -0.13950  -0.08329  -0.60095
  -0.13950  -0.08329  -0.60095
  -0.13950  -0.08329  -0.60095
  -0.13950  -0.08329  -0.60095
  -0.13950  -0.08329  -0.60095
  -0.13950   0.15671  -0.60095
  -0.13950  -0.08329  -0.60095
  -0.13950   0.15671  -0.60095
  -0.13950   0.15671  -0.60095
  -0.13950   0.15671  -0.60095
  -0.37950  -0.08329  -0.60095
  -0.37950  -0.08329  -0.60095
  -0.37950  -0.08329  -0.60095
  -0.37950   0.15671  -0.60095
  -0.37950   0.15671  -0.60095
  -0.37950   0.15671  -0.60095
  -0.37950  -0.08329  -0.60095
  -0.37950   0.15671  -0.60095
  -0.37950   0.15671  -0.60095
  -0.37950  -0.08329  -0.60095
  -0.37950  -0.08329  -0.60095
  -0.37950  -0.08329  -0.60095
  -0.37950   0.15671  -0.60095
  -0.37950   0.15671  -0.60095
  -0.37950  -0.08329  -0.60095
  -0.61950  -0.08329  -0.60095
  -0.37950  -0.08329  -0.60095
  -0.61950  -0.08329  -0.60095
  -0.61950  -0.08329  -0.60095
  -0.37950  -0.08329  -0.60095
  -0.37950  -0.32329  -0.60095
  -0.37950  -0.08329  -0.60095
  -0.61950  -0.08329  -0.60095
  -0.37950  -0.08329  -0.60095
  -0.37950   0.15671  -0.60095
  -0.61950   0.15671  -0.60095
  -0.61950  -0.08329  -0.60095
  -0.37950   0.15671  -0.60095
  -0.61950   0.15671  -0.60095
  -0.61950  -0.08329  -0.60095
  -0.61950   0.15671  -0.60095
  -0.37950   0.15671  -0.60095
  -0.61950   0.15671  -0.60095
  -0.61950   0.15671  -0.60095
  -0.61950   0.15671  -0.60095
  -0.37950   0.15671  -0.60095
  -0.61950   0.15671  -0.60095
  -0.85950  -0.08329  -0.60095
  -0.61950   0.15671  -0.60095
  -0.61950  -0.08329  -0.60095
  -0.61950   0.15671  -0.60095
  -0.61950  -0.08329  -0.60095
  -0.85950  -0.08329  -0.60095
  -0.61950   0.15671  -0.60095
  -0.61950  -0.08329  -0.36095
  -0.61950  -0.08329  -0.36095
  -0.61950  -0.08329  -0.36095
  -0.61950   0.15671  -0.36095
  -0.61950   0.15671  -0.36095
  -0.61950  -0.08329  -0.36095
  -0.61950   0.15671  -0.36095
  -0.61950   0.15671  -0.36095
  -0.85950  -0.08329  -0.36095
  -0.61950  -0.08329  -0.36095
  -0.61950  -0.08329  -0.36095
  -0.61950   0.15671  -0.36095
  -0.61950  -0.08329  -0.12095
  -0.61950   0.15671  -0.36095
  -0.61950   0.15671  -0.36095
  -0.61950   0.15671  -0.36095
  -0.61950  -0.08329  -0.12095
  -0.61950  -0.08329  -0.36095
  -0.61950  -0.08329  -0.12095
  -0.61950  -0.08329  -0.12095
  -0.61950   0.15671  -0.12095
  -0.61950  -0.08329  -0.12095
  -0.61950  -0.08329  -0.12095
  -0.61950  -0.08329  -0.12095
  -0.61950   0.15671  -0.12095
  -0.61950  -0.32329  -0.12095
  -0.61950   0.15671  -0.12095
  -0.85950  -0.08329  -0.12095
  -0.61950   0.15671  -0.12095
  -0.61950  -0.08329  -0.12095
  -0.85950   0.15671  -0.12095
  -0.85950  -0.08329  -0.12095
  -0.85950  -0.08329  -0.12095
  -0.85950  -0.08329  -0.12095
  -0.61950  -0.08329  -0.12095
  -0.85950  -0.08329  -0.12095
  -0.85950  -0.08329   0.11905
  -0.85950  -0.08329   0.11905
  -0.85950  -0.08329   0.11905
  -0.85950  -0.08329   0.11905
  -0.61950  -0.08329   0.11905
  -0.85950  -0.08329   0.11905
  -0.61950  -0.08329   0.11905
  -0.61950  -0.08329   0.11905
  -0.85950  -0.08329   0.11905
  -0.85950  -0.08329   0.11905
  -0.61950  -0.08329   0.11905
  -0.61950  -0.08329   0.11905
  -0.61950  -0.08329   0.11905
  -0.61950   0.15671   0.35905
  -0.61950  -0.08329   0.35905
  -0.61950   0.15671   0.35905
  -0.61950   0.15671   0.35905
  -0.61950  -0.08329   0.35905
  -0.61950   0.15671   0.35905
  -0.61950  -0.08329   0.35905
  -0.61950  -0.08329   0.35905
  -0.61950   0.15671   0.35905
  -0.61950   0.15671   0.35905
  -0.61950   0.15671   0.35905
  -0.61950  -0.08329   0.35905
  -0.61950  -0.08329   0.35905
  -0.61950  -0.08329   0.35905
  -0.61950   0.15671   0.11905
  -0.61950  -0.08329   0.35905
  -0.61950   0.15671   0.35905
  -0.61950   0.15671   0.59905
  -0.61950  -0.08329   0.59905
  -0.61950   0.15671   0.59905
  -0.61950   0.15671   0.59905
  -0.61950   0.15671   0.59905
  -0.61950   0.15671   0.59905
  -0.61950   0.15671   0.59905
  -0.61950   0.15671   0.59905
  -0.61950   0.15671   0.59905
  -0.61950   0.15671   0.59905
  -0.61950   0.15671   0.59905
  -0.37950   0.15671   0.59905
  -0.61950   0.15671   0.59905
  -0.37950   0.15671   0.59905
  -0.37950   0.15671   0.59905
  -0.37950   0.15671   0.59905
  -0.37950   0.15671   0.59905
  -0.37950   0.15671   0.59905
  -0.37950   0.15671   0.59905
  -0.37950   0.15671   0.59905
  -0.37950   0.15671   0.59905
  -0.37950   0.15671   0.59905
  -0.37950   0.15671   0.59905
  -0.13950   0.15671   0.59905
  -0.37950   0.15671   0.59905
  -0.13950   0.15671   0.59905
  -0.13950   0.15671   0.59905
  -0.13950   0.15671   0.35905
  -0.13950   0.15671   0.59905
  -0.13950  -0.08329   0.59905
  -0.13950   0.15671   0.59905
  -0.13950   0.15671   0.59905
  -0.13950   0.15671   0.59905
  -0.13950  -0.08329   0.35905
  -0.13950  -0.08329   0.35905
  -0.13950  -0.08329   0.35905
  -0.13950  -0.08329   0.35905
  -0.13950  -0.08329   0.35905
  -0.13950  -0.08329   0.35905
  -0.13950  -0.08329   0.35905
  -0.13950  -0.08329   0.35905
   0.10050  -0.08329   0.35905
   0.10050  -0.08329   0.35905
   0.10050  -0.08329   0.35905
  -0.13950  -0.08329   0.35905
   0.10050  -0.08329   0.35905
   0.10050  -0.08329   0.35905
   0.10050  -0.08329   0.35905
   0.10050  -0.08329   0.35905
   0.10050  -0.08329   0.35905
   0.10050  -0.08329   0.35905
   0.10050  -0.08329   0.11905
   0.10050  -0.08329   0.35905
   0.34050  -0.08329   0.35905
   0.34050  -0.08329   0.35905
   0.34050  -0.08329   0.35905
   0.34050  -0.08329   0.35905
   0.34050  -0.08329   0.35905
   0.34050   0.15671   0.35905
   0.34050  -0.08329   0.35905
   0.34050  -0.08329   0.35905
   0.34050  -0.08329   0.35905
   0.34050  -0.08329   0.35905
   0.34050  -0.08329   0.11905
   0.34050  -0.08329   0.11905
   0.34050  -0.08329   0.11905
   0.34050  -0.08329   0.11905
   0.34050  -0.08329   0.11905
   0.34050  -0.08329   0.11905
   0.34050  -0.08329   0.11905
   0.34050  -0.08329   0.11905
   0.34050  -0.08329   0.11905
   0.58050  -0.08329   0.11905
   0.58050  -0.08329   0.11905
   0.58050  -0.08329   0.11905
   0.58050  -0.08329   0.11905
   0.58050   0.15671   0.11905
   0.58050  -0.08329   0.11905
   0.58050  -0.08329   0.11905
   0.58050  -0.08329   0.11905
   0.58050   0.15671   0.11905
   0.58050   0.15671   0.11905
   0.58050   0.15671   0.11905
   0.58050   0.15671   0.11905
   0.58050   0.15671   0.11905
   0.58050   0.15671   0.11905
   0.58050   0.15671   0.11905
   0.58050   0.15671   0.11905
   0.58050   0.15671   0.11905
   0.58050   0.15671   0.11905
   0.58050  -0.08329  -0.12095
   0.58050  -0.08329  -0.12095
   0.58050   0.15671   0.11905
   0.58050   0.15671   0.11905
   0.58050   0.15671  -0.12095
   0.58050  -0.08329  -0.12095
   0.58050   0.15671  -0.12095
   0.58050  -0.08329  -0.12095
   0.58050  -0.08329   0.11905
   0.58050  -0.08329  -0.12095
   0.58050  -0.08329  -0.12095
   0.58050  -0.08329  -0.12095
   0.58050  -0.08329  -0.12095
   0.58050  -0.08329  -0.12095
   0.58050  -0.08329  -0.12095
   0.58050  -0.08329  -0.12095
   0.58050  -0.08329  -0.12095
   0.58050  -0.08329  -0.12095
   0.58050  -0.08329  -0.12095
   0.34050  -0.08329  -0.12095
   0.58050  -0.08329  -0.12095
   0.34050  -0.08329  -0.12095
   0.34050  -0.08329  -0.12095
   0.34050  -0.08329  -0.12095
   0.58050  -0.08329  -0.12095
   0.34050  -0.08329  -0.12095
   0.34050  -0.08329  -0.12095
   0.34050  -0.08329  -0.12095
   0.34050  -0.08329  -0.12095
   0.34050  -0.08329  -0.12095
   0.34050  -0.08329  -0.12095
   0.34050  -0.08329  -0.12095
   0.34050  -0.08329  -0.12095
   0.34050  -0.08329  -0.12095
   0.34050  -0.08329  -0.12095
   0.34050  -0.08329  -0.12095
   0.34050  -0.08329  -0.12095
   0.34050  -0.08329  -0.12095
   0.34050  -0.08329  -0.12095
   0.34050  -0.08329  -0.12095
   0.34050  -0.08329  -0.12095
   0.10050  -0.08329  -0.12095
   0.10050  -0.08329  -0.12095
   0.10050  -0.08329  -0.12095
   0.34050  -0.08329  -0.12095
   0.10050  -0.08329  -0.12095
   0.10050  -0.08329  -0.12095
   0.10050  -0.08329  -0.12095
   0.10050  -0.08329  -0.12095
   0.10050  -0.08329  -0.12095
  -0.13950  -0.08329  -0.12095
   0.10050  -0.08329  -0.12095
   0.10050  -0.08329  -0.12095
   0.10050  -0.08329  -0.12095
   0.10050  -0.08329  -0.12095
   0.10050  -0.08329  -0.12095
   0.10050  -0.08329  -0.12095
   0.10050  -0.08329  -0.12095
   0.10050  -0.08329  -0.12095
   0.10050  -0.08329  -0.12095
   0.10050  -0.08329  -0.12095
  -0.13950  -0.08329  -0.12095
  -0.13950  -0.08329  -0.12095
  -0.13950  -0.08329  -0.12095
  -0.13950   0.15671  -0.12095
  -0.13950  -0.08329  -0.36095
  -0.13950  -0.08329  -0.12095
  -0.13950  -0.08329  -0.12095
  -0.13950  -0.08329  -0.12095
  -0.13950  -0.08329  -0.12095
  -0.13950  -0.08329  -0.12095
  -0.13950  -0.08329  -0.12095
  -0.13950  -0.08329  -0.12095
  -0.13950  -0.08329  -0.12095
  -0.13950  -0.08329  -0.12095
  -0.13950   0.15671  -0.12095
  -0.13950  -0.08329  -0.12095
  -0.13950  -0.08329  -0.36095
  -0.13950   0.15671  -0.12095
  -0.37950  -0.08329  -0.12095
  -0.13950   0.15671  -0.12095
  -0.13950   0.15671  -0.12095
  -0.13950  -0.08329  -0.60095
  -0.13950  -0.08329  -0.60095
  -0.13950  -0.08329  -0.12095
  -0.13950  -0.08329  -0.12095
  -0.13950  -0.08329  -0.12095
  -0.13950   0.15671  -0.12095
  -0.13950  -0.08329  -0.12095
  -0.13950  -0.08329  -0.12095
  -0.13950  -0.08329  -0.12095
  -0.13950  -0.08329  -0.12095
  -0.13950  -0.08329  -0.12095
  -0.13950  -0.08329  -0.12095
  -0.13950   0.15671  -0.12095
  -0.13950   0.15671  -0.12095
  -0.13950  -0.08329  -0.12095
  -0.13950  -0.08329  -0.12095
  -0.13950   0.15671  -0.12095
  -0.13950  -0.08329  -0.36095
  -0.13950  -0.08329  -0.12095
  -0.13950  -0.08329  -0.12095
  -0.13950  -0.08329  -0.12095
  -0.13950  -0.08329  -0.12095
  -0.13950   0.15671  -0.12095
  -0.13950  -0.08329  -0.12095
  -0.13950  -0.08329  -0.12095
  -0.13950  -0.08329  -0.12095
  -0.13950  -0.08329  -0.12095
  -0.13950  -0.08329  -0.12095
  -0.37950  -0.08329  -0.12095
  -0.13950  -0.08329  -0.12095
  -0.13950   0.15671  -0.12095
  -0.13950   0.15671  -0.12095
  -0.13950  -0.08329  -0.12095
  -0.13950   0.15671  -0.12095
  -0.13950   0.15671  -0.12095
  -0.13950   0.15671  -0.12095
  -0.13950   0.15671  -0.12095
  -0.13950  -0.08329  -0.12095
  -0.13950  -0.08329  -0.12095
  -0.13950  -0.08329  -0.12095
  -0.13950  -0.08329  -0.12095
  -0.13950  -0.08329  -0.12095
  -0.13950  -0.08329  -0.12095
  -0.13950  -0.08329  -0.12095
  -0.13950  -0.08329  -0.12095
  -0.13950  -0.08329  -0.12095
  -0.13950   0.15671  -0.12095
  -0.13950  -0.08329  -0.12095
  -0.13950  -0.08329  -0.12095
  -0.13950  -0.08329  -0.12095
  -0.13950  -0.08329  -0.12095
  -0.13950  -0.08329  -0.12095
  -0.37950  -0.08329  -0.12095
  -0.13950  -0.08329  -0.12095
  -0.13950  -0.08329  -0.12095
  -0.13950  -0.08329  -0.12095
  -0.13950  -0.08329  -0.36095
  -0.13950  -0.08329  -0.12095
  -0.13950  -0.08329  -0.12095
  -0.13950  -0.08329  -0.12095
  -0.13950   0.15671  -0.12095
  -0.13950  -0.08329  -0.12095
  -0.13950   0.15671  -0.12095
  -0.13950  -0.08329  -0.12095
  -0.13950   0.15671  -0.36095
  -0.13950   0.15671  -0.12095
  -0.13950   0.15671  -0.60095
  -0.13950  -0.08329  -0.12095
  -0.37950   0.15671  -0.12095
  -0.13950   0.15671  -0.12095
  -0.13950   0.15671  -0.12095
  -0.13950  -0.08329  -0.12095
  -0.13950   0.15671  -0.12095
  -0.13950  -0.08329  -0.12095
  -0.13950   0.15671  -0.12095
  -0.13950   0.15671  -0.12095
  -0.13950  -0.08329  -0.12095
  -0.13950  -0.08329  -0.12095
  -0.13950  -0.08329  -0.12095
  -0.13950   0.15671  -0.12095
  -0.13950   0.15671   0.11905
  -0.13950  -0.08329   0.11905
  -0.13950  -0.08329   0.11905
  -0.37950   0.15671   0.11905
  -0.13950   0.15671  -0.12095
  -0.13950   0.15671   0.11905
  -0.13950   0.15671   0.11905
  -0.13950   0.15671   0.11905
  -0.13950   0.15671   0.11905
  -0.37950  -0.08329   0.11905
  -0.37950   0.15671   0.11905
  -0.13950   0.15671   0.11905
  -0.37950   0.15671   0.11905
  -0.37950   0.15671   0.35905
  -0.13950  -0.08329   0.35905
  -0.37950   0.15671   0.35905
  -0.13950   0.15671   0.35905
  -0.37950   0.15671   0.35905
  -0.37950   0.15671   0.35905
  -0.13950   0.15671   0.35905
  -0.37950   0.15671   0.35905
  -0.37950   0.15671   0.35905
  -0.37950   0.15671   0.35905
  -0.13950   0.15671   0.35905
  -0.37950   0.15671   0.35905
  -0.37950   0.15671   0.35905
  -0.37950   0.15671   0.35905
  -0.37950   0.15671   0.35905
  -0.37950   0.15671   0.35905
  -0.13950   0.15671   0.35905
  -0.13950   0.15671   0.35905
  -0.13950   0.15671   0.35905
  -0.13950   0.15671   0.35905
  -0.37950   0.15671   0.35905
  -0.13950   0.15671   0.35905
  -0.13950   0.15671   0.35905
  -0.13950   0.15671   0.59905
  -0.13950   0.15671   0.35905
  -0.13950   0.15671   0.35905
  -0.13950   0.15671   0.35905
  -0.13950   0.15671   0.59905
  -0.13950   0.15671   0.59905
  -0.13950   0.15671   0.59905
  -0.13950   0.15671   0.35905
  -0.13950   0.15671   0.35905
  -0.13950   0.15671   0.59905
  -0.13950   0.15671   0.59905
   0.10050   0.15671   0.35905
   0.10050   0.15671   0.59905
   0.10050   0.15671   0.59905
   0.10050   0.15671   0.59905
   0.10050   0.15671   0.35905
   0.10050   0.15671   0.59905
   0.10050   0.15671   0.35905
   0.10050   0.15671   0.35905
   0.10050   0.15671   0.35905
   0.34050   0.15671   0.59905
   0.10050  -0.08329   0.59905
   0.10050   0.15671   0.35905
   0.34050   0.15671   0.35905
   0.34050   0.15671   0.35905
   0.34050   0.15671   0.35905
   0.34050   0.15671   0.35905
   0.34050   0.15671   0.35905
   0.34050   0.15671   0.35905
   0.34050   0.15671   0.35905
   0.34050   0.15671   0.35905
   0.34050  -0.08329   0.35905
   0.34050  -0.08329   0.35905
   0.34050   0.15671   0.35905
   0.34050   0.15671   0.35905
   0.34050  -0.08329   0.35905
   0.58050  -0.08329   0.35905
   0.34050   0.15671   0.35905
   0.58050  -0.08329   0.35905
   0.58050  -0.08329   0.35905
   0.58050  -0.08329   0.35905
   0.58050  -0.08329   0.35905
   0.58050  -0.08329   0.35905
   0.58050  -0.08329   0.35905
   0.58050  -0.08329   0.35905
   0.58050  -0.08329   0.35905
   0.58050  -0.08329   0.35905
   0.58050  -0.08329   0.35905
   0.58050  -0.08329   0.35905
   0.82050  -0.08329   0.35905
   0.82050  -0.08329   0.35905
   0.82050  -0.08329   0.11905
   0.82050  -0.08329   0.35905
   0.58050  -0.08329   0.35905
   0.82050  -0.08329   0.11905
   0.58050  -0.08329   0.35905
   0.82050  -0.08329   0.35905
   0.82050  -0.08329   0.35905
   0.82050  -0.08329   0.35905
   0.82050  -0.08329   0.35905
   0.82050  -0.08329   0.11905
   0.82050  -0.08329   0.11905
   0.82050  -0.08329   0.11905
   0.82050  -0.08329   0.11905
   0.82050  -0.08329   0.11905
   0.82050  -0.08329   0.11905
   0.82050  -0.08329   0.11905
   0.82050  -0.08329   0.11905
   0.82050  -0.08329   0.11905
   0.82050  -0.08329   0.11905
   0.82050  -0.08329   0.11905
   0.82050  -0.08329   0.11905
   0.82050  -0.08329   0.11905
   0.82050  -0.08329   0.11905
   0.82050  -0.08329   0.11905
   0.82050  -0.08329   0.11905
   0.82050  -0.08329   0.11905
   0.82050  -0.08329   0.11905
   0.82050  -0.08329   0.11905
   0.82050  -0.08329   0.11905
   0.82050  -0.08329   0.11905
   1.06050  -0.08329   0.11905
   0.82050  -0.08329   0.11905
   0.82050  -0.08329  -0.12095
   0.82050  -0.08329  -0.12095
   0.82050  -0.08329  -0.12095
   0.82050  -0.08329  -0.12095
   0.82050  -0.08329  -0.12095
   0.82050  -0.08329  -0.12095
   0.82050  -0.08329  -0.12095
   0.82050  -0.08329  -0.12095
   0.82050  -0.08329  -0.12095
   0.82050  -0.08329  -0.12095
   0.82050  -0.08329  -0.12095
   0.82050  -0.08329  -0.12095
   0.82050  -0.08329  -0.12095
   0.82050  -0.08329  -0.12095
   0.82050  -0.08329  -0.12095
   0.82050  -0.08329  -0.12095
   0.82050  -0.08329  -0.12095
   0.82050  -0.08329  -0.12095
   0.82050  -0.08329  -0.12095
   0.82050  -0.08329  -0.12095
   0.82050  -0.08329  -0.12095
   0.82050  -0.08329  -0.12095
   0.58050  -0.08329  -0.36095
   0.58050  -0.08329  -0.12095
   0.58050  -0.08329  -0.12095
   0.58050  -0.08329  -0.12095
   0.58050  -0.08329  -0.12095
   0.58050  -0.08329  -0.12095
   0.58050  -0.08329  -0.12095
   0.58050  -0.08329  -0.12095
   0.58050  -0.08329  -0.12095
   0.58050  -0.08329  -0.12095
   0.34050  -0.55329  -0.12095
   0.34050  -0.08329  -0.12095
   0.34050  -0.08329  -0.12095
   0.34050  -0.08329  -0.12095
   0.34050  -0.08329  -0.12095
   0.34050  -0.08329  -0.12095
   0.34050  -0.08329  -0.12095
   0.34050  -0.08329  -0.12095
   0.34050  -0.08329  -0.12095
   0.10050  -0.08329  -0.12095
   0.10050  -0.08329  -0.12095
   0.10050  -0.08329  -0.12095
   0.10050  -0.08329  -0.12095
   0.34050  -0.08329  -0.12095
   0.10050  -0.08329  -0.12095
   0.10050  -0.08329  -0.12095
   0.10050  -0.08329  -0.12095
   0.10050  -0.08329  -0.12095
   0.10050  -0.08329  -0.12095
   0.10050  -0.08329  -0.12095
   0.10050  -0.08329  -0.12095
  -0.13950  -0.08329  -0.12095
  -0.13950  -0.55329  -0.12095
  -0.13950  -0.08329  -0.12095
  -0.13950   0.15671  -0.12095
  -0.13950  -0.08329  -0.12095
  -0.13950  -0.08329  -0.12095
  -0.13950  -0.08329   0.11905
  -0.13950  -0.08329   0.11905
  -0.13950   0.15671  -0.12095
  -0.13950   0.15671  -0.12095
  -0.13950   0.15671  -0.12095
  -0.37950   0.15671  -0.12095
  -0.37950  -0.08329  -0.12095
  -0.37950   0.15671   0.11905
  -0.37950  -0.08329  -0.12095
  -0.37950   0.15671  -0.12095
  -0.37950   0.15671  -0.12095
  -0.37950   0.15671  -0.12095
  -0.37950   0.15671  -0.12095
  -0.37950   0.15671  -0.12095
  -0.37950   0.15671  -0.12095
  -0.37950   0.15671  -0.12095
  -0.37950   0.15671  -0.12095
  -0.37950   0.15671  -0.12095
  -0.37950   0.15671  -0.12095
  -0.37950   0.15671  -0.12095
  -0.37950   0.15671  -0.12095
  -0.37950   0.15671  -0.12095
  -0.61950   0.15671  -0.12095
  -0.61950   0.15671  -0.12095
  -0.61950   0.15671  -0.12095
  -0.61950   0.15671  -0.12095
  -0.61950   0.15671  -0.12095
  -0.61950   0.15671  -0.12095
  -0.61950   0.15671  -0.12095
  -0.61950   0.15671  -0.12095
  -0.61950   0.15671  -0.12095
  -0.61950   0.15671  -0.12095
  -0.61950   0.15671  -0.12095
  -0.61950  -0.08329  -0.12095
  -0.61950  -0.08329  -0.12095
  -0.61950   0.15671  -0.36095
  -0.61950  -0.08329  -0.12095
  -0.61950   0.15671  -0.12095
  -0.61950  -0.08329  -0.12095
  -0.85950  -0.08329  -0.36095
  -0.61950  -0.08329  -0.36095
  -0.61950  -0.08329  -0.36095
  -0.61950   0.15671  -0.36095
  -0.85950   0.15671  -0.36095
  -0.61950   0.15671  -0.36095
  -0.85950  -0.08329  -0.36095
  -0.61950  -0.08329  -0.36095
  -0.85950   0.15671  -0.36095
  -0.85950  -0.08329  -0.36095
  -0.85950  -0.08329  -0.36095
  -0.85950  -0.08329  -0.36095
  -0.85950   0.15671  -0.36095
  -0.85950  -0.08329  -0.60095
  -0.85950  -0.08329  -0.60095
  -0.85950  -0.08329  -0.60095
  -0.85950   0.15671  -0.60095
  -0.85950  -0.08329  -0.60095
  -0.85950  -0.08329  -0.60095
  -0.85950  -0.08329  -0.60095
  -0.61950  -0.08329  -0.60095
  -0.85950  -0.08329  -0.60095
  -0.85950  -0.08329  -0.60095
  -0.85950  -0.08329  -0.60095
  -0.61950   0.15671  -0.60095
  -0.85950  -0.08329  -0.60095
  -0.85950  -0.08329  -0.60095
  -0.85950  -0.08329  -0.60095
  -0.85950  -0.08329  -0.60095
  -0.85950  -0.08329  -0.60095
  -0.85950  -0.08329  -0.60095
  -0.85950  -0.08329  -0.60095
  -0.85950  -0.08329  -0.60095
  -0.85950  -0.08329  -0.60095
  -0.85950  -0.08329  -0.60095
  -0.85950  -0.08329  -0.60095
  -0.85950  -0.08329  -0.60095
  -0.85950  -0.32329  -0.60095
  -0.85950  -0.08329  -0.60095
  -0.85950  -0.08329  -0.60095
  -0.85950   0.15671  -0.60095
  -0.61950  -0.08329  -0.60095
  -0.85950  -0.08329  -0.60095
  -0.85950  -0.08329  -0.60095
  -0.61950   0.15671  -0.60095
  -0.85950  -0.08329  -0.60095
  -0.85950  -0.08329  -0.60095
  -0.85950  -0.08329  -0.60095
  -0.85950  -0.08329  -0.60095
  -0.85950  -0.08329  -0.60095
  -0.85950  -0.08329  -0.60095
  -0.85950  -0.08329  -0.60095
  -0.61950  -0.08329  -0.60095
  -0.61950  -0.08329  -0.60095
  -0.85950  -0.08329  -0.60095
  -0.61950  -0.08329  -0.36095
  -1.09950  -0.08329  -0.60095
  -0.85950  -0.08329  -0.36095
  -0.61950  -0.08329  -0.36095
  -0.61950  -0.08329  -0.36095
  -0.61950  -0.08329  -0.36095
  -0.61950  -0.08329  -0.36095
  -0.61950  -0.08329  -0.36095
  -0.61950  -0.08329  -0.36095
  -0.61950   0.15671  -0.36095
  -0.61950   0.15671  -0.36095
  -0.61950   0.15671  -0.36095
  -0.61950  -0.08329  -0.36095
  -0.85950   0.15671  -0.36095
  -0.61950   0.15671  -0.36095
  -0.61950   0.15671  -0.36095
  -0.61950   0.15671  -0.36095
  -0.61950   0.15671  -0.36095
  -0.61950   0.15671  -0.36095
  -0.61950   0.15671  -0.36095
  -0.61950   0.15671  -0.36095
  -0.61950   0.15671  -0.36095
  -0.61950   0.15671  -0.36095
  -0.61950   0.15671  -0.36095
  -0.61950   0.15671  -0.12095
  -0.61950   0.15671  -0.12095
  -0.61950   0.15671  -0.12095
  -0.61950   0.15671  -0.12095
  -0.61950   0.15671  -0.12095
  -0.61950   0.15671  -0.12095
  -0.61950   0.15671  -0.12095
  -0.61950   0.15671  -0.12095
  -0.61950   0.15671  -0.12095
  -0.61950   0.15671  -0.12095
  -0.61950   0.15671  -0.12095
  -0.61950   0.15671  -0.12095
  -0.61950   0.15671  -0.12095
  -0.61950   0.15671  -0.12095
  -0.61950   0.15671  -0.12095
  -0.61950   0.15671  -0.12095
  -0.61950   0.15671  -0.12095
  -0.61950   0.15671  -0.12095
  -0.61950   0.15671  -0.12095
  -0.37950   0.15671  -0.12095
  -0.61950   0.15671  -0.12095
  -0.61950   0.15671  -0.12095
  -0.37950   0.15671  -0.12095
  -0.37950   0.15671  -0.12095
  -0.37950   0.15671  -0.60095
  -0.37950   0.15671  -0.12095
  -0.37950   0.15671  -0.12095
  -0.37950   0.15671  -0.12095
  -0.37950   0.15671  -0.12095
  -0.37950   0.15671  -0.12095
  -0.37950  -0.08329  -0.12095
  -0.37950   0.15671  -0.12095
  -0.37950   0.15671  -0.12095
  -0.37950   0.15671  -0.12095
  -0.37950   0.15671  -0.12095
  -0.37950   0.15671  -0.12095
  -0.37950   0.15671  -0.12095
  -0.13950   0.15671  -0.12095
  -0.13950   0.15671  -0.12095
  -0.13950   0.15671  -0.12095
  -0.13950   0.15671  -0.12095
  -0.13950   0.15671  -0.12095
  -0.13950   0.15671   0.11905
  -0.13950   0.15671  -0.12095
  -0.13950   0.15671  -0.12095
  -0.13950   0.15671  -0.12095
  -0.13950   0.15671  -0.12095
  -0.13950   0.15671  -0.12095
  -0.13950   0.15671  -0.12095
   0.10050   0.15671  -0.12095
  -0.13950   0.15671   0.11905
   0.10050   0.15671  -0.12095
   0.10050  -0.08329   0.11905
   0.10050  -0.08329   0.11905
   0.10050   0.15671   0.11905
   0.10050   0.15671   0.11905
   0.10050  -0.08329  -0.12095
   0.10050  -0.08329  -0.12095
   0.10050  -0.08329  -0.12095
   0.10050  -0.08329  -0.12095
   0.10050  -0.08329  -0.12095
   0.34050  -0.08329  -0.12095
   0.34050  -0.08329  -0.12095
   0.34050  -0.08329  -0.12095
   0.34050  -0.08329   0.11905
   0.34050  -0.08329  -0.12095
   0.34050   0.15671   0.11905
   0.34050  -0.08329  -0.12095
   0.34050  -0.08329  -0.12095
   0.34050  -0.08329  -0.12095
   0.34050  -0.08329  -0.12095
   0.34050  -0.08329  -0.12095
   0.34050  -0.08329  -0.12095
   0.34050  -0.08329   0.11905
   0.58050  -0.08329  -0.12095
   0.58050   0.15671  -0.12095
   0.58050  -0.08329  -0.12095
   0.58050  -0.08329  -0.12095
   0.58050  -0.08329  -0.12095
   0.58050  -0.08329   0.11905
   0.58050  -0.08329  -0.12095
   0.58050  -0.08329  -0.12095
   0.58050  -0.08329   0.11905
   0.82050  -0.08329  -0.12095
   0.58050  -0.08329  -0.60095
   0.82050  -0.08329   0.11905
   0.82050  -0.08329   0.11905
   0.82050  -0.08329  -0.12095
   0.82050  -0.08329   0.11905
   0.82050  -0.08329   0.11905
   0.82050  -0.08329   0.11905
   0.82050  -0.08329   0.11905
   0.82050  -0.08329   0.11905
   0.82050   0.15671   0.11905
   0.82050  -0.08329   0.11905
   0.82050   0.15671   0.11905
   1.06050  -0.08329   0.11905
   1.06050  -0.08329   0.11905
   1.06050  -0.08329   0.11905
   1.06050  -0.08329   0.11905
   1.06050  -0.08329   0.11905
   1.06050  -0.08329   0.11905
   1.06050  -0.08329   0.11905
   1.06050  -0.08329   0.11905
   1.06050  -0.08329   0.11905
   1.06050  -0.08329   0.11905
   1.06050  -0.08329   0.35905
   1.06050  -0.08329   0.35905
   1.06050  -0.08329   0.35905
   1.06050  -0.08329   0.35905
   1.06050   0.15671   0.35905
   1.06050  -0.08329   0.35905
   1.06050  -0.08329   0.35905
   1.06050  -0.08329   0.35905
   1.06050  -0.08329   0.35905
   1.06050  -0.08329   0.35905
   1.30050  -0.08329   0.35905
   1.06050  -0.08329   0.35905
   1.06050  -0.08329   0.35905
   1.06050  -0.08329   0.35905
   1.06050  -0.08329   0.35905
   1.06050  -0.08329   0.35905
   1.30050   0.15671   0.35905
   1.06050   0.15671   0.35905
   1.30050  -0.08329   0.35905
   1.30050  -0.08329   0.35905
   1.30050   0.15671   0.11905
   1.30050   0.15671   0.35905
   1.06050   0.15671   0.35905
   1.30050   0.15671   0.59905
   1.30050  -0.08329   0.59905
   1.30050   0.15671   0.59905
   1.30050   0.15671   0.59905
   1.06050  -0.08329   0.59905
   1.30050   0.15671   0.59905
   1.30050   0.15671   0.59905
   1.30050   0.15671   0.59905
   1.30050   0.15671   0.59905
   1.06050   0.15671   0.59905
   1.06050   0.15671   0.59905
   1.06050   0.15671   0.59905
   1.06050   0.15671   0.59905
   1.06050   0.15671   0.59905
   1.06050   0.15671   0.59905
   1.06050   0.15671   0.59905
   1.06050   0.15671   0.59905
   1.06050   0.15671   0.59905
   1.06050   0.15671   0.59905
   1.06050   0.15671   0.83905
   1.06050   0.15671   0.59905
   1.06050   0.15671   0.59905
   1.06050   0.15671   0.83905
   1.06050   0.15671   0.83905
   1.06050   0.15671   0.83905
   1.06050  -0.08329   0.83905
   1.06050   0.15671   0.83905
   1.06050   0.15671   0.83905
   0.82050   0.15671   0.83905
   0.82050   0.15671   0.83905
   0.82050  -0.08329   0.83905
   0.82050  -0.08329   0.83905
   0.82050   0.15671   0.83905
   0.82050   0.15671   0.83905
   0.82050  -0.08329   0.83905
   0.58050  -0.08329   0.83905
   0.82050   0.15671   0.83905
   0.82050  -0.08329   0.83905
   0.82050  -0.08329   0.83905
   0.82050  -0.08329   0.83905
   0.58050  -0.08329   0.83905
   0.58050  -0.08329   0.83905
   0.58050  -0.08329   0.83905
   0.58050  -0.08329   0.83905
   0.58050   0.15671   0.59905
   0.58050  -0.08329   0.59905
   0.58050  -0.08329   0.59905
   0.58050  -0.08329   0.59905
   0.58050   0.15671   0.59905
   0.34050  -0.08329   0.59905
   0.34050   0.15671   0.59905
   0.34050   0.15671   0.59905
   0.34050  -0.08329   0.59905
   0.34050  -0.08329   0.59905
   0.34050  -0.08329   0.59905
   0.34050   0.15671   0.59905
   0.34050  -0.08329   0.59905
   0.34050   0.15671   0.59905
   0.34050   0.15671   0.59905
   0.34050   0.15671   0.59905
   0.34050  -0.08329   0.59905
   0.34050  -0.08329   0.59905
   0.10050   0.15671   0.35905
   0.10050  -0.08329   0.59905
   0.10050   0.15671   0.59905
   0.10050   0.15671   0.35905
   0.10050  -0.32329   0.35905
   0.10050  -0.08329   0.35905
   0.10050  -0.08329   0.35905
  -0.13950  -0.08329   0.35905
   0.10050  -0.08329   0.35905
   0.10050  -0.08329   0.35905
  -0.13950  -0.08329   0.35905
  -0.13950  -0.08329   0.35905
  -0.13950  -0.08329   0.35905
  -0.13950  -0.08329   0.35905
  -0.13950  -0.08329   0.35905
  -0.13950  -0.08329   0.35905
  -0.13950  -0.08329   0.35905
  -0.13950  -0.08329   0.11905
  -0.13950  -0.08329   0.35905
  -0.13950  -0.08329   0.11905
  -0.13950  -0.08329   0.11905
  -0.13950  -0.08329   0.35905
  -0.13950  -0.08329   0.11905
  -0.13950  -0.08329   0.11905
  -0.13950  -0.08329   0.11905
  -0.37950  -0.08329   0.11905
  -0.37950  -0.08329   0.11905
  -0.37950  -0.08329   0.11905
  -0.37950  -0.08329   0.11905
  -0.37950  -0.08329   0.11905
  -0.37950  -0.08329   0.11905
  -0.37950  -0.08329   0.11905
  -0.37950  -0.08329   0.11905
  -0.37950  -0.08329   0.11905
  -0.37950  -0.08329   0.11905
  -0.37950  -0.08329   0.11905
  -0.37950  -0.08329   0.11905
  -0.37950  -0.08329  -0.36095
  -0.37950  -0.08329   0.11905
  -0.37950  -0.08329   0.11905
  -0.61950  -0.08329   0.11905
  -0.37950  -0.08329   0.11905
  -0.37950  -0.08329  -0.12095
  -0.61950  -0.08329   0.11905
  -0.61950  -0.08329  -0.12095
  -0.61950  -0.08329   0.11905
  -0.61950  -0.08329  -0.12095
  -0.61950  -0.08329   0.11905
  -0.61950  -0.08329  -0.12095
  -0.61950  -0.08329   0.11905
  -0.61950  -0.08329  -0.12095
  -0.61950  -0.08329  -0.12095
  -0.61950  -0.08329  -0.12095
  -0.61950  -0.08329  -0.12095
  -0.61950  -0.08329  -0.12095
  -0.61950  -0.08329  -0.12095
  -0.61950  -0.08329   0.11905
  -0.61950  -0.08329  -0.12095
  -0.61950  -0.08329  -0.12095
  -0.61950  -0.08329  -0.12095
  -0.61950  -0.08329  -0.12095
  -0.61950  -0.08329  -0.12095
  -0.61950  -0.08329  -0.12095
  -0.61950  -0.08329  -0.12095
  -0.85950  -0.08329  -0.12095
  -0.85950  -0.08329  -0.12095
  -0.61950  -0.08329  -0.12095
  -0.85950  -0.08329  -0.12095
  -0.85950  -0.08329  -0.12095
  -0.85950  -0.08329  -0.12095
  -0.85950  -0.08329  -0.12095
  -0.85950  -0.08329  -0.12095
  -0.85950  -0.08329  -0.12095
  -0.85950  -0.08329  -0.12095
  -0.85950  -0.08329  -0.12095
  -0.85950  -0.08329  -0.12095
  -0.85950  -0.08329  -0.12095
  -0.85950  -0.08329  -0.12095
  -0.85950  -0.08329  -0.12095
  -0.85950  -0.08329  -0.36095
  -0.85950  -0.08329  -0.12095
  -0.85950  -0.08329  -0.12095
  -0.85950  -0.08329  -0.12095
  -0.85950  -0.08329  -0.12095
  -0.85950  -0.08329  -0.12095
  -0.85950  -0.08329  -0.12095
  -0.85950  -0.08329  -0.12095
  -0.85950  -0.55329  -0.12095
  -0.85950  -0.08329  -0.36095
  -0.85950  -0.08329  -0.12095
  -0.85950  -0.08329  -0.36095
  -0.85950  -0.08329  -0.12095
  -0.85950  -0.08329  -0.36095
  -0.85950  -0.08329  -0.12095
  -0.85950  -0.08329  -0.36095
  -0.85950  -0.08329  -0.36095
  -0.85950  -0.08329  -0.36095
  -0.85950  -0.08329  -0.36095
  -0.85950  -0.08329  -0.36095
  -0.85950  -0.08329  -0.36095
  -0.85950  -0.08329  -0.36095
  -0.85950  -0.08329  -0.36095
  -0.85950  -0.08329  -0.36095
  -0.85950  -0.08329  -0.36095
  -0.85950  -0.08329  -0.36095
  -0.85950  -0.08329  -0.36095
  -0.85950  -0.08329  -0.36095
  -0.61950  -0.08329  -0.36095
  -0.85950  -0.08329  -0.36095
  -0.85950  -0.08329  -0.36095
  -0.61950  -0.08329  -0.36095
  -0.85950  -0.08329  -0.36095
  -0.61950  -0.08329  -0.36095
  -0.85950  -0.08329  -0.60095
  -0.85950  -0.08329  -0.36095
  -0.61950  -0.08329  -0.36095
  -0.85950  -0.08329  -0.36095
  -0.85950  -0.08329  -0.60095
  -0.85950   0.15671  -0.60095
  -0.61950  -0.08329  -0.60095
  -0.85950  -0.08329  -0.60095
  -0.85950  -0.08329  -0.60095
  -0.61950  -0.08329  -0.60095
  -0.61950  -0.08329  -0.60095
  -0.85950  -0.08329  -0.60095
  -0.61950  -0.08329  -0.60095
  -0.61950  -0.55329  -0.60095
  -0.61950  -0.08329  -0.60095
  -0.61950   0.15671  -0.60095
  -0.85950  -0.32329  -0.60095
  -0.85950  -0.08329  -0.60095
  -0.61950  -0.08329  -0.60095
  -0.61950   0.15671  -0.60095
  -0.85950  -0.08329  -0.60095
  -0.61950  -0.08329  -0.60095
  -0.61950  -0.08329  -0.60095
  -0.61950  -0.08329  -0.84095
  -0.61950  -0.08329  -0.60095
  -0.61950  -0.08329  -0.60095
  -0.61950  -0.08329  -0.60095
  -0.61950  -0.08329  -0.60095
  -0.61950  -0.08329  -0.60095
  -0.61950  -0.08329  -0.60095
  -0.61950  -0.08329  -0.60095
  -0.61950  -0.08329  -0.60095
  -0.61950  -0.08329  -0.60095
  -0.61950  -0.08329  -0.60095
  -0.61950  -0.08329  -0.60095
  -0.61950  -0.08329  -0.84095
  -0.61950  -0.08329  -0.84095
  -0.61950  -0.08329  -0.60095
  -0.61950  -0.08329  -0.60095
  -0.61950  -0.08329  -0.60095
  -0.61950  -0.08329  -0.60095
  -0.61950  -0.08329  -0.60095
  -0.61950  -0.08329  -0.60095
  -0.61950  -0.08329  -0.60095
  -0.61950  -0.08329  -0.60095
  -0.61950  -0.08329  -0.60095
  -0.37950  -0.08329  -0.60095
  -0.37950  -0.08329  -0.84095
  -0.61950  -0.08329  -0.60095
  -0.37950  -0.08329  -0.60095
  -0.37950  -0.08329  -0.60095
  -0.37950  -0.08329  -0.60095
  -0.37950  -0.08329  -0.60095
  -0.37950  -0.08329  -0.60095
  -0.37950   0.15671  -0.60095
  -0.37950  -0.08329  -0.60095
  -0.37950  -0.08329  -0.60095
  -0.37950  -0.08329  -0.60095
  -0.37950   0.15671  -0.60095
  -0.37950   0.15671  -0.60095
  -0.13950   0.15671  -0.60095
  -0.13950  -0.08329  -0.60095
  -0.13950  -0.08329  -0.60095
  -0.13950   0.15671  -0.60095
  -0.13950  -0.08329  -0.60095
  -0.13950   0.15671  -0.60095
  -0.13950   0.15671  -0.60095
  -0.13950  -0.08329  -0.60095
  -0.13950   0.15671  -0.36095
  -0.13950   0.15671  -0.60095
  -0.13950   0.15671  -0.36095
  -0.13950   0.15671  -0.60095
  -0.13950   0.15671  -0.36095
  -0.13950   0.15671  -0.36095
   0.10050   0.15671  -0.36095
  -0.13950   0.15671  -0.36095
   0.10050   0.15671  -0.36095
   0.10050   0.15671  -0.36095
   0.10050   0.15671  -0.36095
   0.10050   0.15671  -0.36095
   0.10050   0.15671  -0.36095
   0.10050   0.15671  -0.36095
   0.10050   0.15671  -0.36095
   0.10050   0.15671  -0.36095
   0.10050   0.15671  -0.36095
   0.10050   0.15671  -0.36095
   0.10050   0.15671  -0.36095
   0.10050   0.15671  -0.36095
   0.10050   0.15671  -0.12095
   0.10050   0.15671  -0.12095
   0.34050   0.15671  -0.12095
   0.34050   0.15671  -0.36095
   0.10050   0.15671  -0.12095
  -0.13950   0.15671  -0.12095
   0.34050   0.15671  -0.12095
   0.34050   0.15671  -0.12095
   0.34050   0.15671  -0.12095
   0.34050   0.15671  -0.12095
   0.34050   0.15671  -0.12095
   0.34050   0.15671  -0.12095
   0.34050   0.15671  -0.12095
   0.34050   0.15671  -0.12095
   0.34050   0.15671  -0.12095
   0.34050   0.15671  -0.12095
   0.34050   0.15671  -0.12095
   0.34050   0.15671  -0.12095
   0.34050   0.15671  -0.12095
   0.34050   0.15671   0.11905
   0.34050   0.15671  -0.12095
   0.34050   0.15671  -0.12095
   0.34050   0.15671   0.11905
   0.34050   0.15671   0.11905
   0.34050   0.15671   0.11905
   0.34050   0.15671  -0.12095
   0.34050   0.15671   0.11905
   0.34050   0.15671   0.11905
   0.34050   0.15671   0.11905
   0.34050   0.15671   0.11905
   0.34050   0.15671   0.11905
   0.34050   0.15671   0.11905
   0.34050   0.15671   0.11905
   0.58050   0.15671   0.11905
   0.34050   0.15671   0.35905
   0.58050   0.15671   0.35905
   0.58050   0.15671   0.35905
   0.58050   0.15671   0.35905
   0.58050   0.15671   0.35905
   0.58050   0.15671   0.35905
   0.58050   0.15671   0.35905
   0.58050   0.15671   0.35905
   0.58050   0.15671   0.35905
   0.58050   0.15671   0.35905
   0.58050   0.15671   0.35905
   0.58050   0.15671   0.35905
   0.58050   0.15671   0.35905
   0.34050   0.15671   0.35905
   0.58050   0.15671   0.35905
   0.58050   0.15671   0.35905
   0.58050   0.15671   0.35905
   0.58050   0.15671   0.35905
   0.58050   0.15671   0.35905
   0.58050   0.15671   0.35905
   0.58050   0.15671   0.35905
   0.58050   0.15671   0.59905
   0.58050   0.15671   0.59905
   0.58050   0.15671   0.35905
   0.58050   0.15671   0.59905
   0.58050   0.15671   0.59905
   0.58050  -0.08329   0.59905
   0.58050   0.15671   0.35905
   0.58050   0.15671   0.59905
   0.58050   0.15671   0.59905
   0.58050   0.15671   0.59905
   0.58050   0.15671   0.59905
   0.58050   0.15671   0.59905
   0.58050   0.15671   0.59905
   0.34050   0.15671   0.59905
   0.34050   0.15671   0.59905
   0.58050   0.15671   0.59905
   0.58050   0.15671   0.59905
   0.58050   0.15671   0.59905
   0.58050   0.15671   0.59905
   0.58050   0.15671   0.59905
   0.58050   0.15671   0.59905
   0.58050   0.15671   0.59905
   0.58050   0.15671   0.59905
   0.58050   0.15671   0.59905
   0.58050  -0.08329   0.59905
   0.58050   0.15671   0.59905
   0.58050   0.15671   0.59905
   0.58050   0.15671   0.59905
   0.58050   0.15671   0.59905
   0.58050   0.15671   0.59905
   0.58050   0.15671   0.59905
   0.58050   0.15671   0.59905
   0.58050   0.15671   0.59905
   0.58050  -0.08329   0.59905
   0.58050  -0.08329   0.59905
   0.58050  -0.08329   0.59905
   0.58050  -0.08329   0.59905
   0.58050   0.15671   0.59905
   0.58050  -0.08329   0.59905
   0.58050   0.15671   0.59905
   0.58050  -0.08329   0.59905
   0.58050  -0.08329   0.59905
   0.58050  -0.08329   0.59905
   0.58050  -0.08329   0.59905
   0.58050  -0.08329   0.59905
   0.58050   0.15671   0.59905
   0.58050  -0.08329   0.59905
   0.34050   0.15671   0.59905
   0.58050  -0.08329   0.59905
   0.34050  -0.08329   0.59905
   0.58050  -0.08329   0.59905
   0.58050   0.15671   0.59905
   0.58050  -0.08329   0.59905
   0.58050  -0.08329   0.59905
   0.58050  -0.08329   0.59905
   0.58050  -0.08329   0.59905
   0.58050   0.15671   0.59905
   0.58050  -0.08329   0.59905
   0.58050  -0.08329   0.59905
   0.58050  -0.08329   0.59905
   0.58050  -0.08329   0.59905
   0.58050  -0.08329   0.59905
   0.58050  -0.08329   0.59905
   0.58050  -0.08329   0.59905
   0.58050  -0.08329   0.59905
   0.58050  -0.08329   0.59905
   0.58050  -0.08329   0.59905
   0.58050  -0.08329   0.59905
   0.58050  -0.08329   0.59905
   0.58050  -0.08329   0.35905
   0.58050  -0.08329   0.35905
   0.58050  -0.08329   0.35905
   0.58050  -0.08329   0.35905
   0.58050  -0.08329   0.35905
   0.58050  -0.08329   0.35905
   0.58050  -0.08329   0.35905
   0.58050  -0.08329   0.35905
   0.58050  -0.08329   0.35905
   0.58050  -0.08329   0.35905
   0.58050  -0.08329   0.35905
   0.58050  -0.08329   0.35905
   0.58050  -0.08329   0.35905
   0.58050  -0.08329   0.35905
   0.34050  -0.08329   0.35905
   0.58050  -0.08329   0.35905
   0.58050  -0.08329   0.35905
   0.34050  -0.08329   0.35905
   0.34050  -0.08329   0.35905
   0.34050  -0.08329   0.35905
   0.34050  -0.08329   0.35905
   0.34050  -0.08329   0.35905
   0.34050  -0.08329   0.35905
   0.34050  -0.08329   0.35905
   0.34050  -0.08329   0.35905
   0.34050  -0.08329   0.35905
   0.34050  -0.08329   0.35905
   0.34050  -0.08329   0.35905
   0.34050  -0.08329   0.35905
   0.34050  -0.08329   0.35905
   0.34050  -0.08329   0.35905
   0.34050  -0.32329   0.35905
   0.34050  -0.08329   0.35905
   0.34050  -0.08329   0.35905
   0.34050  -0.08329   0.35905
   0.34050  -0.08329   0.35905
   0.34050  -0.08329   0.35905
   0.34050  -0.08329   0.35905
   0.34050  -0.08329   0.35905
   0.34050  -0.08329   0.35905
   0.34050  -0.08329   0.11905
   0.34050  -0.08329   0.11905
   0.10050  -0.08329   0.11905
   0.34050  -0.08329   0.11905
   0.34050  -0.08329   0.11905
   0.34050  -0.32329   0.11905
   0.10050  -0.08329   0.11905
   0.34050  -0.08329   0.11905
   0.34050  -0.08329   0.11905
   0.34050  -0.08329   0.11905
   0.34050  -0.08329   0.11905
   0.34050  -0.08329   0.11905
   0.10050  -0.08329   0.11905
   0.10050  -0.08329   0.11905
   0.34050  -0.08329   0.11905
   0.10050  -0.08329   0.11905
   0.10050  -0.08329   0.11905
   0.10050  -0.08329   0.11905
   0.10050  -0.08329   0.11905
   0.10050  -0.08329   0.11905
   0.10050  -0.08329   0.11905
   0.10050  -0.08329   0.11905
   0.10050  -0.08329   0.11905
   0.10050  -0.08329   0.11905
   0.10050  -0.08329   0.11905
   0.10050  -0.08329   0.11905
   0.10050  -0.08329   0.11905
   0.10050  -0.08329   0.11905
   0.10050  -0.08329   0.11905
   0.10050  -0.08329   0.11905
  -0.13950  -0.08329   0.11905
  -0.13950  -0.08329   0.11905
  -0.13950  -0.08329   0.11905
  -0.13950  -0.08329   0.11905
  -0.13950  -0.08329   0.11905
  -0.13950  -0.08329   0.11905
  -0.13950  -0.08329   0.11905
  -0.13950  -0.08329   0.11905
  -0.13950  -0.08329  -0.12095
  -0.13950  -0.08329  -0.12095
  -0.13950  -0.08329  -0.12095
  -0.13950  -0.08329  -0.12095
  -0.13950  -0.08329  -0.12095
  -0.13950  -0.08329  -0.12095
  -0.37950  -0.08329  -0.12095
  -0.37950  -0.08329  -0.12095
  -0.13950  -0.08329  -0.12095
  -0.37950  -0.08329  -0.12095
  -0.13950  -0.08329  -0.12095
  -0.13950  -0.08329  -0.12095
  -0.13950  -0.08329  -0.12095
  -0.37950  -0.08329  -0.12095
  -0.37950  -0.08329  -0.12095
  -0.37950  -0.08329  -0.12095
  -0.37950  -0.08329  -0.12095
  -0.37950  -0.08329  -0.12095
  -0.37950  -0.08329  -0.12095
  -0.37950  -0.08329  -0.12095
  -0.37950  -0.08329  -0.12095
  -0.37950  -0.08329  -0.12095
  -0.37950  -0.08329  -0.12095
  -0.37950  -0.08329  -0.12095
  -0.37950  -0.08329  -0.12095
  -0.37950  -0.08329  -0.12095
  -0.37950  -0.08329  -0.12095
  -0.37950  -0.08329  -0.12095
  -0.37950  -0.08329  -0.12095
  -0.37950  -0.08329  -0.12095
  -0.37950  -0.08329  -0.36095
  -0.37950  -0.08329  -0.36095
  -0.37950  -0.08329  -0.36095
  -0.37950  -0.08329  -0.36095
  -0.37950  -0.08329  -0.36095
  -0.37950  -0.08329  -0.36095
  -0.37950  -0.08329  -0.36095
  -0.37950  -0.08329  -0.36095
  -0.37950  -0.08329  -0.36095
  -0.37950  -0.08329  -0.36095
  -0.37950  -0.08329  -0.36095
  -0.37950  -0.08329  -0.36095
  -0.37950  -0.08329  -0.36095
  -0.61950  -0.08329  -0.36095
  -0.37950  -0.08329  -0.36095
  -0.37950  -0.08329  -0.36095
  -0.37950  -0.08329  -0.36095
  -0.37950  -0.08329  -0.36095
  -0.37950  -0.08329  -0.36095
  -0.37950  -0.08329  -0.36095
  -0.37950  -0.08329  -0.36095
  -0.61950  -0.08329  -0.60095
  -0.37950  -0.08329  -0.36095
  -0.37950  -0.08329  -0.60095
  -0.61950  -0.08329  -0.60095
  -0.37950  -0.08329  -0.60095
  -0.37950  -0.08329  -0.60095
  -0.37950  -0.08329  -0.60095
  -0.61950  -0.08329  -0.60095
  -0.61950  -0.08329  -0.60095
  -0.37950  -0.08329  -0.60095
  -0.61950  -0.08329  -0.60095
  -0.61950  -0.08329  -0.60095
  -0.37950  -0.08329  -0.60095
  -0.37950  -0.08329  -0.60095
  -0.37950  -0.08329  -0.60095
  -0.61950  -0.08329  -0.60095
  -0.61950  -0.08329  -0.60095
  -0.61950  -0.32329  -0.60095
  -0.61950  -0.08329  -0.60095
  -0.61950  -0.08329  -0.60095
  -0.61950  -0.08329  -0.60095
  -0.61950  -0.08329  -0.60095
  -0.61950  -0.08329  -0.60095
  -0.61950  -0.08329  -0.60095
  -0.61950  -0.08329  -0.60095
  -0.61950  -0.08329  -0.60095
  -0.61950  -0.08329  -0.60095
  -0.61950  -0.08329  -0.60095
  -0.61950  -0.08329  -0.60095
  -0.61950  -0.08329  -0.60095
  -0.61950  -0.08329  -0.60095
  -0.61950  -0.08329  -0.60095
  -0.61950  -0.08329  -0.60095
  -0.61950  -0.08329  -0.60095
  -0.61950  -0.08329  -0.60095
  -0.61950  -0.08329  -0.60095
  -0.61950  -0.08329  -0.60095
  -0.61950  -0.08329  -0.36095
  -0.61950  -0.08329  -0.36095
  -0.61950  -0.08329  -0.36095
  -0.61950  -0.08329  -0.36095
  -0.61950  -0.08329  -0.36095
  -0.61950   0.15671  -0.36095
  -0.61950  -0.08329  -0.36095
  -0.61950  -0.08329  -0.60095
  -0.61950  -0.08329  -0.36095
  -0.61950   0.15671  -0.36095
  -0.61950  -0.08329  -0.36095
  -0.61950   0.15671  -0.36095
  -0.61950   0.15671  -0.36095
  -0.61950   0.15671  -0.36095
  -0.61950   0.15671  -0.36095
  -0.61950   0.15671  -0.36095
  -0.61950   0.15671  -0.36095
  -0.61950   0.15671  -0.36095
  -0.61950   0.15671  -0.36095
  -0.61950   0.15671  -0.36095
  -0.61950   0.15671  -0.12095
  -0.61950   0.15671  -0.12095
  -0.61950   0.15671  -0.12095
  -0.61950   0.15671  -0.12095
  -0.61950   0.15671  -0.12095
  -0.61950  -0.08329  -0.12095
  -0.61950   0.15671  -0.12095
  -0.61950   0.15671  -0.12095
  -0.61950   0.15671  -0.12095
  -0.61950   0.15671  -0.12095
  -0.61950   0.15671  -0.12095
  -0.61950   0.15671  -0.12095
  -0.61950   0.15671  -0.12095
  -0.61950   0.15671  -0.12095
  -0.61950   0.15671  -0.12095
  -0.61950   0.15671  -0.12095
  -0.61950   0.15671  -0.12095
  -0.61950   0.15671  -0.12095
  -0.61950   0.15671  -0.12095
  -0.61950   0.15671  -0.12095
  -0.61950   0.15671  -0.12095
  -0.61950   0.15671  -0.12095
  -0.61950   0.15671  -0.12095
  -0.61950   0.15671  -0.12095
  -0.61950   0.15671  -0.12095
  -0.61950   0.15671  -0.12095
  -0.61950   0.15671  -0.12095
  -0.61950   0.15671   0.11905
  -0.37950   0.15671   0.11905
  -0.61950   0.15671  -0.12095
  -0.37950   0.15671  -0.12095
  -0.61950  -0.08329   0.11905
  -0.61950   0.15671  -0.12095
  -0.61950   0.15671  -0.12095
  -0.37950   0.15671  -0.12095
  -0.37950   0.15671  -0.12095
  -0.37950   0.15671   0.11905
  -0.37950   0.15671  -0.12095
  -0.37950   0.15671   0.11905
  -0.37950   0.15671   0.11905
  -0.37950   0.15671   0.11905
  -0.37950   0.15671   0.11905
  -0.37950   0.15671   0.11905
  -0.37950   0.15671  -0.36095
  -0.37950   0.15671   0.11905
  -0.37950   0.15671   0.11905
  -0.37950   0.15671  -0.12095
  -0.37950   0.15671   0.11905
  -0.37950   0.15671   0.11905
  -0.37950   0.15671   0.11905
  -0.37950   0.15671  -0.12095
  -0.13950   0.15671   0.11905
  -0.37950   0.15671   0.11905
  -0.13950   0.15671   0.11905
  -0.13950   0.15671   0.11905
  -0.13950   0.15671   0.11905
  -0.13950   0.15671   0.11905
  -0.13950   0.15671   0.11905
  -0.13950   0.15671   0.11905
  -0.13950   0.15671  -0.12095
  -0.13950   0.15671   0.11905
  -0.13950   0.15671  -0.12095
  -0.13950   0.15671   0.11905
  -0.13950   0.15671   0.11905
  -0.13950   0.15671   0.11905
  -0.13950   0.15671   0.11905
  -0.13950   0.15671   0.11905
  -0.13950   0.15671   0.11905
  -0.13950   0.15671   0.11905
  -0.13950   0.15671   0.11905
  -0.13950   0.15671   0.11905
  -0.13950   0.15671   0.11905
  -0.13950   0.15671   0.11905
  -0.13950   0.15671   0.11905
  -0.13950   0.15671   0.11905
   0.10050   0.15671   0.11905
   0.10050   0.15671   0.11905
   0.10050   0.15671   0.11905
  -0.13950   0.15671   0.11905
   0.10050   0.15671   0.11905
   0.10050   0.15671   0.11905
   0.10050   0.15671   0.11905
   0.10050   0.15671   0.11905
   0.10050   0.15671   0.11905
   0.10050   0.15671   0.11905
  -0.13950   0.15671   0.11905
   0.10050   0.15671   0.11905
   0.10050   0.15671   0.11905
   0.10050   0.15671   0.11905
   0.10050   0.15671   0.11905
   0.10050   0.15671   0.11905
   0.10050   0.15671   0.11905
   0.10050   0.15671   0.11905
   0.10050   0.15671   0.11905
   0.10050   0.15671  -0.12095
   0.10050   0.15671   0.11905
   0.10050   0.15671   0.11905
   0.10050   0.15671   0.11905
   0.10050   0.15671  -0.12095
   0.10050   0.15671   0.11905
   0.34050   0.15671   0.11905
   0.34050   0.15671   0.11905
   0.34050   0.15671   0.11905
   0.34050   0.15671   0.11905
   0.34050  -0.08329  -0.12095
   0.34050   0.15671  -0.12095
   0.34050   0.15671   0.11905
   0.34050   0.15671   0.11905
   0.34050   0.15671   0.11905
   0.34050   0.15671   0.11905
   0.34050   0.15671   0.11905
   0.34050   0.15671   0.11905
   0.34050   0.15671   0.11905
   0.34050   0.15671   0.11905
   0.34050  -0.08329   0.11905
   0.34050   0.15671   0.11905
   0.34050   0.15671   0.11905
   0.34050   0.15671   0.11905
   0.34050   0.15671   0.11905
   0.58050  -0.08329   0.11905
   0.58050  -0.08329   0.11905
   0.58050  -0.08329   0.11905
   0.58050  -0.08329  -0.12095
   0.58050  -0.08329   0.11905
   0.58050  -0.08329   0.11905
   0.58050  -0.08329   0.11905
   0.58050  -0.08329   0.11905
   0.58050  -0.08329   0.11905
   0.58050  -0.08329   0.11905
   0.58050  -0.08329   0.11905
   0.58050  -0.08329   0.11905
   0.58050   0.15671   0.11905
   0.58050  -0.08329   0.11905
   0.58050   0.15671   0.11905
   0.58050  -0.08329   0.11905
   0.58050   0.15671   0.11905
   0.58050   0.15671   0.11905
   0.58050   0.15671   0.11905
   0.58050   0.15671   0.11905
   0.82050  -0.08329   0.11905
   0.58050  -0.08329   0.11905
   0.58050  -0.08329   0.11905
   0.58050  -0.08329   0.11905
   0.58050  -0.08329   0.11905
   0.58050  -0.08329   0.35905
   0.58050  -0.08329   0.35905
   0.82050  -0.08329   0.11905
   0.58050  -0.08329   0.11905
   0.58050  -0.08329   0.11905
   0.58050  -0.08329   0.35905
   0.58050  -0.08329   0.35905
   0.58050  -0.08329   0.35905
   0.58050  -0.08329   0.35905
   0.58050  -0.08329   0.35905
   0.58050  -0.08329   0.35905
   0.58050  -0.08329   0.11905
   0.58050  -0.08329   0.35905
   0.58050  -0.08329   0.35905
   0.58050  -0.08329   0.35905
   0.58050  -0.08329   0.35905
   0.58050  -0.08329   0.35905
   0.58050  -0.08329   0.11905
   0.58050  -0.08329   0.35905
   0.58050  -0.08329   0.11905
   0.58050  -0.08329   0.11905
   0.58050  -0.08329   0.35905
   0.58050  -0.08329   0.11905
   0.58050  -0.08329   0.35905
   0.58050  -0.08329   0.35905
   0.58050  -0.08329   0.11905
   0.58050  -0.08329   0.35905
   0.58050  -0.08329   0.11905
   0.58050  -0.08329   0.11905
   0.58050  -0.08329   0.11905
   0.58050  -0.08329   0.11905
   0.58050  -0.08329   0.11905
   0.58050  -0.08329   0.11905
   0.58050  -0.08329   0.11905
   0.58050  -0.08329   0.11905
   0.58050  -0.08329   0.11905
   0.58050  -0.08329   0.11905
   0.58050   0.15671   0.11905
   0.58050  -0.08329   0.11905
   0.58050  -0.08329   0.11905
   0.58050  -0.08329   0.11905
   0.58050  -0.08329   0.11905
   0.58050  -0.08329   0.11905
   0.58050  -0.08329   0.11905
   0.58050  -0.08329   0.11905
   0.34050  -0.08329   0.11905
   0.58050   0.15671   0.11905
   0.58050  -0.08329   0.11905
   0.58050  -0.08329   0.11905
   0.58050   0.15671   0.11905
   0.58050  -0.08329   0.11905
   0.58050  -0.08329   0.11905
   0.58050  -0.08329   0.11905
   0.58050  -0.08329   0.11905
   0.58050   0.15671   0.11905
   0.58050  -0.08329   0.11905
   0.58050  -0.08329   0.11905
   0.58050  -0.08329   0.11905
   0.58050  -0.08329   0.11905
   0.58050  -0.08329   0.11905
   0.34050  -0.08329   0.11905
   0.34050  -0.08329   0.11905
   0.34050  -0.08329   0.11905
   0.58050  -0.08329   0.11905
   0.58050  -0.08329   0.11905
   0.34050  -0.08329   0.11905
   0.34050  -0.08329   0.11905
   0.34050  -0.08329   0.11905
   0.58050  -0.08329   0.11905
   0.10050  -0.08329   0.11905
   0.34050  -0.08329   0.11905
   0.34050  -0.08329  -0.12095
   0.34050  -0.08329   0.11905
   0.34050  -0.08329   0.11905
   0.34050  -0.08329   0.11905
   0.34050  -0.08329  -0.12095
   0.34050  -0.08329  -0.12095
   0.34050  -0.08329  -0.12095
   0.34050  -0.08329   0.11905
   0.34050  -0.08329  -0.12095
   0.34050  -0.08329  -0.12095
   0.34050  -0.08329  -0.12095
   0.34050  -0.08329  -0.12095
   0.34050  -0.08329  -0.12095
   0.34050  -0.08329  -0.12095
   0.34050  -0.08329  -0.12095
   0.34050  -0.08329  -0.12095
   0.34050  -0.08329  -0.12095
   0.34050  -0.08329  -0.12095
   0.34050  -0.08329  -0.12095
   0.34050  -0.08329  -0.12095
   0.34050  -0.08329  -0.12095
   0.34050  -0.08329  -0.12095
   0.34050  -0.08329  -0.12095
   0.34050  -0.08329  -0.12095
   0.34050  -0.08329  -0.12095
   0.34050  -0.08329  -0.12095
   0.34050  -0.08329  -0.12095
   0.34050  -0.08329  -0.12095
   0.34050  -0.08329  -0.12095
   0.34050  -0.08329  -0.12095
   0.34050  -0.08329  -0.12095
   0.34050  -0.08329  -0.12095
   0.34050  -0.08329   0.11905
   0.34050  -0.32329  -0.12095
   0.34050  -0.08329  -0.12095
   0.10050  -0.08329   0.11905
   0.34050  -0.08329   0.11905
   0.10050  -0.08329   0.11905
   0.10050  -0.08329   0.11905
   0.10050  -0.08329   0.11905
   0.10050  -0.08329   0.11905
   0.10050  -0.08329   0.11905
   0.10050  -0.08329   0.11905
   0.10050  -0.08329   0.11905
   0.10050  -0.08329   0.11905
   0.10050  -0.08329   0.11905
   0.10050  -0.08329   0.11905
   0.10050  -0.08329   0.11905
  -0.13950  -0.08329   0.11905
   0.10050  -0.08329   0.11905
   0.10050  -0.08329   0.11905
   0.10050  -0.08329   0.11905
   0.10050  -0.08329   0.11905
   0.10050  -0.08329   0.11905
   0.10050  -0.08329   0.11905
  -0.13950  -0.08329   0.11905
   0.10050  -0.08329   0.11905
   0.10050   0.15671   0.11905
  -0.13950   0.15671   0.11905
  -0.13950  -0.08329   0.11905
  -0.13950  -0.08329   0.11905
  -0.13950   0.15671   0.11905
  -0.13950  -0.08329   0.11905
  -0.13950  -0.08329   0.11905
  -0.13950  -0.08329   0.11905
  -0.13950  -0.08329   0.11905
  -0.13950  -0.08329   0.11905
  -0.13950  -0.08329   0.11905
  -0.13950  -0.08329   0.11905
  -0.13950  -0.08329   0.11905
  -0.13950  -0.08329   0.11905
  -0.13950  -0.08329   0.11905
  -0.13950  -0.08329   0.11905
  -0.13950  -0.08329   0.11905
  -0.13950  -0.08329   0.11905
  -0.13950  -0.08329  -0.12095
  -0.13950  -0.08329   0.11905
  -0.37950  -0.08329  -0.12095
  -0.37950  -0.08329  -0.12095
  -0.37950  -0.08329  -0.12095
  -0.37950  -0.08329  -0.12095
  -0.37950  -0.08329  -0.12095
  -0.37950  -0.08329  -0.12095
  -0.37950  -0.08329  -0.12095
  -0.37950  -0.08329  -0.12095
  -0.37950  -0.08329  -0.12095
  -0.37950  -0.08329  -0.12095
  -0.37950  -0.08329  -0.12095
  -0.37950  -0.08329  -0.12095
  -0.37950  -0.08329  -0.12095
  -0.37950  -0.08329  -0.12095
  -0.37950  -0.08329  -0.12095
  -0.37950  -0.08329  -0.12095
  -0.37950  -0.08329  -0.12095
  -0.37950  -0.08329  -0.12095
  -0.37950  -0.08329  -0.12095
  -0.37950  -0.08329  -0.12095
  -0.37950  -0.08329  -0.12095
  -0.37950  -0.08329  -0.12095
  -0.37950  -0.08329  -0.12095
  -0.37950  -0.08329  -0.12095
  -0.37950  -0.08329  -0.12095
  -0.37950  -0.08329  -0.12095
  -0.61950  -0.08329  -0.12095
  -0.37950  -0.08329  -0.12095
  -0.61950  -0.08329  -0.12095
  -0.61950  -0.08329  -0.12095
  -0.61950  -0.08329  -0.12095
  -0.61950  -0.08329  -0.12095
  -0.61950  -0.08329  -0.12095
  -0.61950  -0.08329  -0.12095
  -0.61950  -0.08329  -0.12095
  -0.61950  -0.08329  -0.12095
  -0.61950  -0.08329  -0.12095
  -0.61950  -0.08329  -0.12095
  -0.61950  -0.08329  -0.12095
  -0.61950  -0.08329  -0.12095
  -0.61950  -0.08329  -0.12095
  -0.61950  -0.08329  -0.12095
  -0.61950  -0.08329  -0.12095
  -0.61950  -0.08329  -0.12095
  -0.61950  -0.08329  -0.12095
  -0.61950  -0.08329  -0.12095
  -0.61950  -0.08329  -0.12095
  -0.61950   0.15671  -0.12095
  -0.61950   0.15671  -0.12095
  -0.61950   0.15671  -0.12095
  -0.61950   0.15671  -0.12095
  -0.61950   0.15671  -0.12095
  -0.61950  -0.08329  -0.12095
  -0.61950  -0.08329  -0.12095
  -0.61950   0.15671  -0.12095
  -0.61950  -0.08329  -0.12095
  -0.61950  -0.08329  -0.12095
  -0.61950  -0.08329  -0.12095
  -0.61950  -0.08329  -0.12095
  -0.61950  -0.08329  -0.12095
  -0.61950  -0.08329  -0.12095
  -0.61950  -0.08329  -0.12095
  -0.61950  -0.08329  -0.12095
  -0.61950  -0.08329  -0.12095
  -0.61950   0.15671  -0.12095
  -0.61950  -0.08329  -0.12095
  -0.61950   0.15671  -0.12095
  -0.61950   0.15671  -0.12095
  -0.61950   0.15671  -0.12095
  -0.61950   0.15671  -0.12095
  -0.61950  -0.08329  -0.12095
  -0.61950   0.15671  -0.12095
  -0.61950   0.15671  -0.12095
  -0.61950   0.15671  -0.12095
  -0.61950  -0.08329  -0.12095
  -0.61950   0.15671  -0.12095
  -0.61950   0.15671  -0.12095
  -0.61950   0.15671  -0.12095
  -0.61950   0.15671  -0.12095
  -0.85950  -0.08329  -0.12095
  -0.61950  -0.08329  -0.36095
  -0.61950   0.15671  -0.12095
  -0.61950   0.15671  -0.12095
  -0.61950  -0.08329  -0.12095
  -0.61950   0.15671  -0.12095
  -0.61950   0.15671  -0.36095
  -0.61950   0.15671  -0.12095
  -0.61950   0.15671  -0.12095
  -0.37950   0.15671  -0.12095
  -0.61950   0.15671  -0.12095
  -0.61950   0.15671  -0.12095
  -0.85950  -0.08329  -0.12095
  -0.61950   0.15671  -0.12095
  -0.37950   0.15671  -0.12095
  -0.37950   0.15671  -0.36095
  -0.61950   0.15671  -0.12095
  -0.37950   0.15671  -0.12095
  -0.37950   0.15671  -0.12095
  -0.37950   0.15671  -0.12095
  -0.37950   0.15671  -0.12095
  -0.37950   0.15671  -0.12095
  -0.37950   0.15671  -0.12095
  -0.37950   0.15671  -0.12095
  -0.37950   0.15671  -0.12095
  -0.37950   0.15671  -0.12095
  -0.37950   0.15671  -0.12095
  -0.61950   0.15671  -0.12095
  -0.37950   0.15671  -0.12095
  -0.37950   0.15671  -0.12095
  -0.37950   0.15671  -0.12095
  -0.37950   0.15671  -0.12095
  -0.37950   0.15671  -0.12095
  -0.37950   0.15671  -0.12095
  -0.37950   0.15671  -0.12095
  -0.37950   0.15671  -0.12095
  -0.37950   0.15671  -0.12095
  -0.37950   0.15671  -0.12095
  -0.37950   0.15671  -0.12095
  -0.37950   0.15671  -0.12095
  -0.37950   0.15671  -0.12095
  -0.37950   0.15671  -0.12095
  -0.37950   0.15671  -0.12095
  -0.37950   0.15671  -0.12095
  -0.37950   0.15671  -0.12095
  -0.37950   0.15671  -0.12095
  -0.37950   0.15671  -0.12095
  -0.37950  -0.08329  -0.12095
  -0.37950   0.15671  -0.12095
  -0.13950   0.15671  -0.12095
  -0.13950   0.15671  -0.12095
  -0.13950   0.15671  -0.12095
  -0.13950  -0.08329  -0.36095
  -0.13950   0.15671  -0.12095
  -0.13950   0.15671  -0.12095
  -0.13950  -0.08329  -0.12095
  -0.13950   0.15671  -0.12095
  -0.13950   0.15671  -0.12095
  -0.37950   0.15671  -0.12095
  -0.13950   0.15671  -0.12095
  -0.13950   0.15671  -0.12095
  -0.13950   0.15671  -0.12095
  -0.13950   0.15671  -0.12095
  -0.13950  -0.08329  -0.12095
  -0.13950  -0.08329  -0.12095
  -0.13950   0.15671  -0.12095
  -0.13950   0.15671  -0.12095
  -0.13950   0.15671  -0.12095
  -0.13950   0.15671  -0.12095
  -0.13950   0.15671  -0.12095
  -0.13950   0.15671  -0.12095
  -0.13950   0.15671  -0.12095
  -0.13950   0.15671  -0.12095
  -0.13950   0.15671  -0.12095
  -0.13950   0.15671  -0.12095
  -0.13950   0.15671  -0.12095
  -0.13950   0.15671  -0.12095
   0.10050   0.15671  -0.12095
   0.10050   0.15671  -0.12095
   0.10050   0.15671  -0.12095
   0.10050   0.15671  -0.12095
   0.10050   0.15671  -0.12095
   0.10050   0.15671  -0.12095
   0.10050   0.15671   0.11905
   0.10050   0.15671  -0.12095
   0.10050   0.15671  -0.12095
   0.10050  -0.08329  -0.12095
   0.10050  -0.08329  -0.12095
   0.10050   0.15671  -0.12095
   0.10050   0.15671  -0.12095
   0.10050  -0.08329  -0.12095
   0.10050   0.15671   0.11905
   0.10050  -0.08329  -0.12095
   0.10050   0.15671  -0.12095
   0.10050  -0.08329  -0.12095
   0.10050  -0.08329   0.11905
   0.10050   0.15671  -0.12095
   0.10050  -0.08329  -0.12095
   0.10050  -0.08329   0.11905
   0.10050  -0.08329  -0.12095
   0.10050   0.15671  -0.12095
   0.10050   0.15671   0.11905
   0.10050  -0.08329   0.11905
   0.10050  -0.08329  -0.12095
   0.10050   0.15671  -0.12095
   0.10050   0.15671   0.11905
   0.10050  -0.08329  -0.12095
   0.10050  -0.08329  -0.12095
   0.10050  -0.08329  -0.12095
   0.10050  -0.08329   0.11905
   0.10050  -0.08329   0.11905
   0.10050  -0.08329   0.11905
   0.34050  -0.08329   0.11905
   0.34050  -0.08329  -0.12095
   0.34050  -0.08329   0.11905
   0.10050  -0.08329   0.11905
   0.34050  -0.08329   0.11905
   0.34050  -0.08329   0.11905
   0.34050  -0.08329   0.11905
   0.34050  -0.08329   0.11905
   0.34050  -0.08329   0.11905
   0.34050  -0.08329   0.11905
   0.34050  -0.08329   0.11905
   0.10050  -0.08329  -0.12095
   0.34050  -0.08329   0.11905
   0.34050  -0.08329   0.11905
   0.34050  -0.08329   0.11905
   0.34050  -0.08329   0.11905
   0.34050  -0.08329   0.11905
   0.34050  -0.08329   0.11905
   0.34050  -0.08329   0.11905
   0.34050  -0.08329   0.11905
   0.34050  -0.08329   0.11905
   0.34050  -0.08329   0.11905
   0.34050  -0.08329   0.11905
   0.34050  -0.08329   0.11905
   0.34050  -0.08329   0.11905
   0.34050  -0.08329   0.11905
   0.34050  -0.08329   0.11905
   0.34050  -0.08329   0.35905
   0.34050   0.15671   0.35905
   0.34050   0.15671   0.35905
   0.34050  -0.08329   0.11905
   0.34050  -0.08329   0.11905
   0.34050  -0.08329   0.35905
   0.34050  -0.08329   0.35905
   0.34050  -0.08329   0.35905
   0.34050  -0.08329   0.35905
   0.34050   0.15671   0.35905
   0.58050  -0.08329   0.35905
   0.58050   0.15671   0.35905
   0.58050   0.15671   0.35905
   0.58050   0.15671   0.35905
   0.34050   0.15671   0.35905
   0.58050   0.15671   0.35905
   0.58050   0.15671   0.35905
   0.58050   0.15671   0.35905
   0.58050   0.15671   0.35905
   0.58050   0.15671   0.35905
   0.58050  -0.08329   0.35905
   0.58050   0.15671   0.35905
   0.58050   0.15671   0.35905
   0.58050   0.15671   0.11905
   0.58050   0.15671   0.35905
   0.58050   0.15671   0.35905
   0.58050   0.15671   0.35905
   0.34050   0.15671   0.35905
   0.34050   0.15671   0.35905
   0.58050   0.15671   0.35905
   0.58050   0.15671   0.35905
   0.58050   0.15671   0.35905
   0.58050   0.15671   0.35905
   0.58050   0.15671   0.35905
   0.34050   0.15671   0.35905
   0.58050   0.15671   0.35905
   0.58050   0.15671   0.35905
   0.58050   0.15671   0.35905
   0.58050   0.15671   0.35905
   0.58050  -0.08329   0.35905
   0.58050   0.15671   0.35905
   0.58050   0.15671   0.35905
   0.58050   0.15671   0.35905
   0.34050   0.15671   0.35905
   0.34050   0.15671   0.35905
   0.34050   0.15671   0.35905
   0.34050   0.15671   0.35905
   0.34050   0.15671   0.35905
   0.34050   0.15671   0.35905
   0.34050  -0.08329   0.35905
   0.34050  -0.08329   0.35905
   0.34050  -0.08329   0.35905
   0.34050  -0.08329   0.35905
   0.58050   0.15671   0.35905
   0.58050   0.15671   0.35905
   0.58050   0.15671   0.35905
   0.34050  -0.08329   0.35905
   0.34050  -0.08329   0.35905
   0.58050  -0.08329   0.35905
   0.58050   0.15671   0.35905
   0.34050   0.15671   0.35905
   0.58050   0.15671   0.35905
   0.34050   0.15671   0.35905
   0.34050   0.15671   0.35905
   0.34050   0.15671   0.35905
   0.34050  -0.08329   0.35905
   0.34050  -0.55329   0.35905
   0.34050   0.15671   0.35905
   0.34050  -0.08329   0.35905
   0.34050  -0.08329   0.35905
   0.34050  -0.08329   0.35905
   0.34050  -0.08329   0.35905
   0.34050   0.15671   0.35905
   0.34050  -0.08329   0.35905
   0.34050  -0.08329   0.35905
   0.34050  -0.08329   0.35905
   0.58050  -0.08329   0.35905
   0.34050  -0.08329   0.35905
   0.34050  -0.08329   0.35905
   0.34050  -0.08329   0.35905
   0.34050  -0.08329   0.35905
   0.34050  -0.08329   0.35905
   0.34050  -0.08329   0.35905
   0.34050  -0.08329   0.35905
   0.34050  -0.08329   0.35905
   0.34050  -0.08329   0.35905
   0.34050  -0.08329   0.35905
   0.34050  -0.08329   0.35905
   0.34050  -0.08329   0.35905
   0.34050  -0.08329   0.35905
   0.34050  -0.08329   0.35905
   0.34050  -0.08329   0.35905
   0.34050  -0.08329   0.35905
   0.34050  -0.08329   0.35905
   0.34050  -0.08329   0.35905
   0.34050  -0.08329   0.35905
   0.34050  -0.08329   0.35905
   0.34050  -0.08329   0.35905
   0.34050  -0.08329   0.35905
   0.34050  -0.08329   0.35905
   0.34050  -0.08329   0.35905
   0.34050  -0.08329   0.11905
   0.34050  -0.08329   0.11905
   0.34050  -0.08329   0.35905
   0.34050  -0.08329   0.35905
   0.34050  -0.08329   0.35905
   0.34050  -0.08329   0.35905
   0.34050  -0.08329   0.11905
   0.34050  -0.08329   0.35905
   0.34050  -0.08329   0.11905
   0.34050  -0.08329   0.35905
   0.34050  -0.08329   0.11905
   0.10050  -0.08329   0.11905
   0.34050  -0.08329   0.11905
   0.10050  -0.08329   0.11905
   0.10050  -0.08329   0.11905
   0.10050  -0.08329   0.11905
   0.10050  -0.08329   0.11905
   0.34050  -0.08329   0.11905
   0.10050  -0.08329   0.11905
   0.10050  -0.08329   0.11905
   0.10050  -0.08329   0.11905
   0.10050   0.15671   0.35905
   0.10050  -0.08329   0.11905
   0.10050  -0.08329   0.11905
   0.10050  -0.08329   0.11905
   0.10050   0.15671   0.11905
   0.10050  -0.08329   0.11905
   0.10050  -0.08329   0.11905
   0.10050  -0.08329   0.11905
   0.10050  -0.08329   0.11905
   0.10050  -0.08329   0.11905
   0.10050  -0.08329   0.11905
   0.10050   0.15671   0.11905
   0.10050  -0.08329   0.11905
   0.10050  -0.08329   0.11905
   0.10050  -0.08329   0.11905
   0.10050   0.15671   0.11905
  -0.13950  -0.08329   0.11905
  -0.13950  -0.08329   0.11905
  -0.13950  -0.08329   0.11905
  -0.13950   0.15671   0.11905
   0.10050   0.15671   0.11905
  -0.13950  -0.08329   0.11905
  -0.13950  -0.32329   0.11905
  -0.13950  -0.08329  -0.12095
  -0.13950  -0.08329   0.11905
  -0.13950  -0.08329   0.11905
  -0.13950  -0.08329   0.11905
  -0.13950   0.15671  -0.12095
  -0.13950   0.15671  -0.12095
  -0.13950  -0.08329   0.11905
  -0.37950  -0.08329  -0.12095
  -0.13950  -0.08329  -0.12095
  -0.13950  -0.08329  -0.12095
  -0.13950  -0.08329  -0.12095
  -0.13950  -0.08329  -0.12095
  -0.13950  -0.08329  -0.12095
  -0.13950   0.15671  -0.12095
  -0.13950  -0.08329  -0.12095
  -0.13950  -0.08329  -0.12095
  -0.13950  -0.08329  -0.12095
  -0.13950  -0.55329  -0.12095
  -0.37950  -0.08329  -0.12095
  -0.13950  -0.08329  -0.12095
  -0.13950  -0.08329  -0.12095
  -0.13950  -0.08329  -0.12095
  -0.13950  -0.08329  -0.12095
  -0.13950  -0.08329  -0.12095
  -0.13950  -0.08329  -0.12095
  -0.13950  -0.08329  -0.12095
  -0.13950  -0.08329  -0.12095
  -0.13950  -0.08329  -0.12095
  -0.13950  -0.08329  -0.12095
  -0.13950  -0.08329  -0.12095
  -0.13950  -0.08329  -0.12095
  -0.13950  -0.08329  -0.12095
  -0.13950  -0.08329  -0.12095
  -0.13950  -0.08329  -0.12095
  -0.13950  -0.08329  -0.12095
  -0.13950  -0.08329  -0.12095
  -0.13950  -0.08329  -0.36095
  -0.13950  -0.08329  -0.36095
  -0.13950  -0.08329  -0.36095
  -0.13950  -0.08329  -0.36095
  -0.13950  -0.08329  -0.36095
  -0.13950  -0.08329  -0.36095
  -0.13950  -0.08329  -0.36095
  -0.13950  -0.08329  -0.36095
  -0.13950  -0.08329  -0.36095
  -0.13950  -0.08329  -0.36095
  -0.13950  -0.08329  -0.36095
  -0.13950  -0.08329  -0.36095
  -0.13950  -0.08329  -0.60095
  -0.13950  -0.08329  -0.36095
  -0.13950  -0.08329  -0.36095
  -0.13950  -0.08329  -0.36095
  -0.13950  -0.08329  -0.36095
  -0.13950  -0.08329  -0.36095
  -0.13950  -0.08329  -0.36095
  -0.13950  -0.08329  -0.36095
  -0.13950  -0.08329  -0.36095
  -0.37950  -0.08329  -0.36095
  -0.13950  -0.08329  -0.36095
  -0.13950  -0.08329  -0.36095
  -0.13950  -0.08329  -0.36095
  -0.13950  -0.08329  -0.36095
  -0.13950  -0.08329  -0.36095
  -0.13950  -0.08329  -0.36095
  -0.13950  -0.08329  -0.36095
  -0.13950  -0.08329  -0.36095
  -0.13950  -0.08329  -0.36095
  -0.13950  -0.08329  -0.36095
  -0.37950  -0.08329  -0.36095
  -0.61950  -0.08329  -0.36095
  -0.13950  -0.08329  -0.36095
  -0.37950   0.15671  -0.36095
  -0.37950  -0.08329  -0.60095
  -0.13950   0.15671  -0.36095
  -0.13950  -0.08329  -0.60095
  -0.13950  -0.08329  -0.36095
  -0.13950  -0.08329  -0.36095
  -0.37950  -0.08329  -0.36095
  -0.13950  -0.08329  -0.36095
  -0.37950  -0.08329  -0.36095
  -0.13950   0.15671  -0.60095
  -0.13950  -0.08329  -0.36095
  -0.13950  -0.08329  -0.36095
  -0.37950   0.15671  -0.36095
  -0.13950  -0.08329  -0.36095
  -0.13950  -0.08329  -0.36095
  -0.13950   0.15671  -0.36095
  -0.13950   0.15671  -0.36095
  -0.13950   0.15671  -0.36095
  -0.13950   0.15671  -0.60095
  -0.13950   0.15671  -0.60095
  -0.13950   0.15671  -0.60095
  -0.13950   0.15671  -0.60095
  -0.37950  -0.08329  -0.60095
  -0.37950  -0.08329  -0.60095
  -0.37950  -0.08329  -0.60095
  -0.37950  -0.08329  -0.60095
  -0.37950  -0.08329  -0.60095
  -0.37950  -0.08329  -0.60095
  -0.37950  -0.08329  -0.60095
  -0.13950  -0.08329  -0.60095
  -0.13950  -0.08329  -0.60095
  -0.37950  -0.08329  -0.60095
  -0.13950  -0.08329  -0.60095
  -0.13950   0.15671  -0.60095
  -0.13950   0.15671  -0.60095
  -0.37950  -0.08329  -0.60095
  -0.13950  -0.08329  -0.60095
  -0.13950  -0.08329  -0.60095
  -0.13950  -0.08329  -0.60095
  -0.13950   0.15671  -0.84095
  -0.13950  -0.08329  -0.60095
  -0.13950  -0.08329  -0.60095
  -0.13950  -0.08329  -0.60095
  -0.13950   0.15671  -0.60095
  -0.13950  -0.08329  -0.60095
  -0.13950  -0.08329  -0.60095
  -0.13950  -0.08329  -0.60095
  -0.13950  -0.08329  -0.60095
  -0.13950   0.15671  -0.60095
  -0.13950  -0.08329  -0.60095
  -0.37950  -0.08329  -0.60095
  -0.13950  -0.08329  -0.60095
  -0.13950  -0.08329  -0.60095
  -0.13950  -0.08329  -0.60095
  -0.13950  -0.08329  -0.60095
  -0.13950  -0.08329  -0.60095
  -0.13950  -0.08329  -0.60095
  -0.13950   0.15671  -0.60095
  -0.13950  -0.08329  -0.60095
  -0.37950  -0.08329  -0.60095
  -0.13950  -0.08329  -0.60095
  -0.13950  -0.08329  -0.60095
  -0.13950  -0.08329  -0.60095
  -0.13950  -0.08329  -0.60095
  -0.13950  -0.08329  -0.60095
  -0.13950  -0.08329  -0.60095
  -0.13950  -0.08329  -0.60095
  -0.13950  -0.08329  -0.36095
  -0.13950  -0.08329  -0.60095
  -0.13950  -0.08329  -0.60095
  -0.13950   0.15671  -0.60095
  -0.13950   0.15671  -0.60095
  -0.13950   0.15671  -0.60095
  -0.13950   0.15671  -0.60095
  -0.13950  -0.08329  -0.60095
  -0.13950  -0.08329  -0.36095
  -0.13950   0.15671  -0.36095
  -0.13950  -0.08329  -0.36095
  -0.13950  -0.08329  -0.36095
  -0.13950   0.15671  -0.60095
  -0.37950   0.15671  -0.36095
  -0.13950   0.15671  -0.36095
  -0.13950  -0.08329  -0.36095
  -0.13950   0.15671  -0.36095
  -0.13950   0.15671  -0.36095
  -0.13950  -0.08329  -0.36095
  -0.13950   0.15671  -0.36095
  -0.13950   0.15671  -0.36095
  -0.13950   0.15671  -0.36095
  -0.13950   0.15671  -0.36095
  -0.13950   0.15671  -0.36095
  -0.13950   0.15671  -0.36095
  -0.13950   0.15671  -0.36095
  -0.13950  -0.08329  -0.36095
  -0.13950  -0.08329  -0.36095
  -0.13950  -0.08329  -0.36095
  -0.13950  -0.08329  -0.36095
  -0.13950  -0.08329  -0.36095
  -0.13950  -0.08329  -0.36095
  -0.13950  -0.08329  -0.36095
  -0.13950   0.15671  -0.12095
  -0.13950  -0.08329  -0.36095
  -0.13950   0.15671  -0.36095
  -0.13950   0.15671  -0.12095
   0.10050  -0.08329  -0.12095
  -0.13950  -0.08329  -0.36095
  -0.13950  -0.08329  -0.12095
  -0.13950   0.15671  -0.12095
  -0.13950  -0.08329  -0.12095
  -0.13950  -0.08329  -0.12095
  -0.13950  -0.32329  -0.12095
  -0.13950   0.15671  -0.36095
  -0.13950   0.15671  -0.12095
  -0.13950  -0.08329  -0.12095
  -0.13950  -0.08329  -0.12095
  -0.13950   0.15671  -0.12095
  -0.13950   0.15671  -0.12095
  -0.13950  -0.08329  -0.12095
  -0.13950  -0.08329  -0.12095
  -0.13950   0.15671  -0.12095
  -0.13950   0.15671  -0.12095
  -0.13950   0.15671  -0.12095
  -0.13950   0.15671  -0.12095
  -0.13950   0.15671  -0.12095
  -0.13950   0.15671  -0.12095
  -0.13950   0.15671  -0.12095
  -0.13950   0.15671  -0.12095
  -0.13950   0.15671  -0.12095
  -0.13950   0.15671  -0.12095
  -0.13950   0.15671  -0.12095
   0.10050   0.15671  -0.12095
  -0.13950   0.15671  -0.12095
  -0.13950   0.15671  -0.12095
  -0.13950   0.15671  -0.12095
  -0.13950   0.15671  -0.12095
   0.10050   0.15671  -0.12095
  -0.13950   0.15671  -0.12095
  -0.13950   0.15671  -0.12095
  -0.13950   0.15671  -0.12095
  -0.13950   0.15671  -0.12095
  -0.13950   0.15671  -0.12095
  -0.13950   0.15671  -0.12095
  -0.13950   0.15671  -0.12095
  -0.13950   0.15671  -0.12095
  -0.13950   0.15671   0.11905
  -0.13950   0.15671  -0.12095
  -0.13950   0.15671  -0.12095
  -0.13950   0.15671  -0.12095
  -0.13950   0.15671   0.11905
  -0.13950   0.15671   0.11905
  -0.13950   0.15671   0.11905
  -0.13950   0.15671   0.11905
  -0.13950   0.15671   0.11905
  -0.13950   0.15671   0.11905
  -0.13950   0.15671   0.11905
  -0.13950   0.15671   0.11905
  -0.13950   0.15671   0.11905
  -0.13950   0.15671   0.11905
  -0.13950   0.15671   0.11905
  -0.13950   0.15671   0.11905
  -0.13950   0.15671   0.11905
  -0.13950   0.15671   0.11905
  -0.13950   0.15671   0.35905
  -0.13950   0.15671   0.35905
  -0.13950   0.15671   0.11905
  -0.13950   0.15671   0.35905
  -0.13950   0.15671   0.35905
  -0.13950   0.15671   0.35905
  -0.13950   0.15671   0.35905
  -0.13950   0.15671   0.35905
  -0.13950   0.15671   0.35905
  -0.13950   0.15671   0.35905
  -0.13950  -0.08329   0.35905
  -0.13950   0.15671   0.35905
  -0.13950   0.15671   0.35905
  -0.13950   0.15671   0.35905
  -0.13950   0.15671   0.59905
  -0.13950   0.15671   0.35905
  -0.13950   0.15671   0.59905
  -0.13950   0.15671   0.59905
  -0.13950   0.15671   0.59905
  -0.13950   0.15671   0.59905
  -0.13950   0.15671   0.59905
  -0.13950   0.15671   0.59905
   0.10050   0.15671   0.59905
  -0.13950   0.15671   0.59905
  -0.13950  -0.08329   0.59905
  -0.13950   0.15671   0.59905
  -0.13950   0.15671   0.59905
  -0.13950  -0.08329   0.59905
  -0.13950   0.15671   0.59905
  -0.13950   0.15671   0.59905
  -0.13950   0.15671   0.59905
  -0.13950  -0.08329   0.59905
   0.10050  -0.08329   0.59905
  -0.13950  -0.08329   0.59905
  -0.13950  -0.08329   0.59905
  -0.13950   0.15671   0.83905
   0.10050  -0.08329   0.59905
   0.10050  -0.08329   0.59905
  -0.13950  -0.08329   0.59905
  -0.13950   0.15671   0.59905
  -0.13950  -0.08329   0.59905
   0.10050  -0.08329   0.59905
   0.10050  -0.08329   0.83905
   0.10050  -0.08329   0.83905
   0.10050  -0.08329   0.83905
   0.10050  -0.08329   0.59905
  -0.13950  -0.08329   0.83905
   0.10050  -0.08329   0.59905
   0.10050  -0.08329   0.59905
   0.10050  -0.08329   0.83905
   0.10050  -0.08329   0.83905
  -0.13950  -0.08329   0.83905
  -0.13950  -0.08329   0.83905
   0.10050  -0.08329   0.83905
  -0.13950  -0.08329   0.83905
   0.10050  -0.08329   0.83905
   0.10050  -0.08329   0.83905
  -0.13950  -0.08329   0.83905
  -0.13950  -0.08329   0.83905
  -0.13950  -0.08329   0.83905
   0.10050  -0.08329   0.83905
  -0.13950  -0.08329   0.83905
  -0.13950  -0.08329   0.83905
   0.10050  -0.08329   0.83905
   0.10050  -0.08329   0.83905
   0.10050  -0.08329   0.83905
  -0.13950  -0.08329   0.83905
   0.10050  -0.08329   0.83905
   0.10050  -0.08329   0.83905
   0.10050  -0.08329   0.83905
   0.10050  -0.08329   0.83905
   0.10050  -0.08329   0.83905
  -0.13950  -0.08329   0.83905
  -0.13950  -0.08329   0.83905
   0.10050  -0.08329   0.83905
   0.10050  -0.08329   0.83905
   0.10050  -0.08329   0.83905
  -0.13950  -0.08329   0.83905
  -0.13950  -0.08329   0.83905
   0.10050  -0.08329   0.83905
   0.10050  -0.08329   0.83905
   0.10050  -0.08329   0.83905
   0.10050  -0.08329   0.83905
   0.10050  -0.08329   0.83905
   0.10050  -0.08329   0.83905
  -0.13950   0.15671   0.83905
  -0.13950  -0.08329   0.83905
   0.10050  -0.08329   0.83905
   0.10050  -0.08329   0.83905
  -0.13950  -0.08329   0.83905
   0.10050  -0.08329   0.83905
  -0.13950  -0.08329   0.83905
   0.10050  -0.08329   0.83905
   0.10050  -0.08329   0.83905
  -0.13950   0.15671   0.83905
   0.10050  -0.08329   0.83905
  -0.13950  -0.08329   0.83905
   0.10050  -0.08329   0.83905
   0.10050  -0.08329   0.83905
   0.10050   0.15671   0.83905
  -0.13950   0.15671   0.83905
   0.10050  -0.08329   0.83905
   0.10050  -0.08329   0.83905
   0.10050   0.15671   0.83905
  -0.13950   0.15671   0.59905
   0.10050  -0.08329   0.35905
   0.10050  -0.08329   0.83905
   0.10050   0.15671   0.83905
   0.10050  -0.08329   0.83905
   0.10050   0.15671   0.83905
   0.10050   0.15671   0.83905
   0.10050   0.15671   0.83905
   0.10050   0.15671   0.59905
   0.10050  -0.08329   0.59905
   0.10050  -0.08329   0.59905
   0.10050   0.15671   0.59905
   0.10050   0.15671   0.59905
   0.10050   0.15671   0.59905
   0.10050   0.15671   0.59905
   0.10050   0.15671   0.83905
   0.10050   0.15671   0.59905
   0.10050   0.15671   0.59905
   0.10050   0.15671   0.59905
   0.10050   0.15671   0.59905
   0.10050   0.15671   0.59905
   0.10050  -0.08329   0.35905
   0.10050  -0.08329   0.59905
  -0.13950  -0.08329   0.59905
   0.10050  -0.32329   0.35905
   0.10050  -0.08329   0.59905
   0.10050  -0.08329   0.59905
   0.10050  -0.08329   0.59905
   0.10050  -0.08329   0.35905
   0.10050  -0.08329   0.35905
   0.10050  -0.08329   0.59905
   0.10050  -0.08329   0.35905
   0.10050  -0.08329   0.35905
   0.10050  -0.08329   0.35905
   0.10050  -0.08329   0.35905
   0.10050  -0.08329   0.35905
   0.10050  -0.08329   0.35905
   0.10050  -0.08329   0.35905
   0.10050  -0.08329   0.35905
   0.10050  -0.08329   0.35905
   0.10050  -0.08329   0.35905
   0.10050  -0.08329   0.35905
   0.10050  -0.08329   0.11905
   0.10050  -0.08329   0.11905
   0.10050  -0.08329   0.11905
   0.10050  -0.08329   0.11905
   0.10050  -0.08329   0.11905
   0.10050  -0.08329   0.35905
   0.10050  -0.08329   0.11905
   0.10050  -0.08329   0.11905
   0.10050  -0.08329   0.11905
   0.34050  -0.08329   0.11905
  -0.13950  -0.08329   0.11905
   0.10050  -0.08329   0.11905
   0.10050  -0.08329   0.11905
   0.10050  -0.08329   0.11905
   0.10050  -0.08329  -0.12095
   0.10050  -0.08329   0.11905
   0.10050  -0.08329   0.11905
   0.34050  -0.08329  -0.12095
   0.34050  -0.08329   0.11905
   0.10050  -0.08329  -0.12095
   0.10050  -0.08329  -0.12095
   0.34050  -0.08329  -0.12095
   0.34050  -0.08329  -0.12095
   0.34050  -0.08329  -0.12095
   0.34050   0.15671  -0.12095
   0.34050  -0.08329  -0.12095
   0.34050  -0.08329   0.11905
   0.34050  -0.08329  -0.12095
   0.10050  -0.08329  -0.12095
   0.34050  -0.08329  -0.12095
   0.34050  -0.32329  -0.12095
   0.34050  -0.08329  -0.12095
   0.34050  -0.08329  -0.12095
   0.34050  -0.08329  -0.12095
   0.34050  -0.08329  -0.12095
   0.34050  -0.08329  -0.12095
   0.34050  -0.08329  -0.12095
   0.34050  -0.08329  -0.12095
   0.34050  -0.08329  -0.12095
   0.34050  -0.08329  -0.12095
   0.34050  -0.08329  -0.12095
   0.34050  -0.08329  -0.12095
   0.34050  -0.08329  -0.12095
   0.34050  -0.08329  -0.12095
   0.34050  -0.08329  -0.12095
   0.34050  -0.08329  -0.12095
   0.34050  -0.08329  -0.12095
   0.34050  -0.08329  -0.12095
   0.34050   0.15671  -0.36095
   0.34050  -0.08329  -0.12095
   0.34050  -0.08329  -0.12095
   0.58050   0.15671  -0.36095
   0.34050  -0.08329  -0.12095
   0.34050   0.15671  -0.12095
   0.34050  -0.08329  -0.36095
   0.34050  -0.08329  -0.36095
   0.34050  -0.08329  -0.36095
   0.34050  -0.08329  -0.36095
   0.34050  -0.08329  -0.36095
   0.34050  -0.08329  -0.36095
   0.34050  -0.08329  -0.36095
   0.34050  -0.08329  -0.36095
   0.34050  -0.08329  -0.36095
   0.34050   0.15671  -0.36095
   0.34050  -0.08329  -0.36095
   0.34050  -0.08329  -0.36095
   0.34050  -0.08329  -0.36095
   0.34050  -0.08329  -0.60095
   0.34050  -0.08329  -0.36095
   0.34050  -0.08329  -0.36095
   0.34050  -0.08329  -0.36095
   0.58050  -0.08329  -0.36095
   0.34050  -0.08329  -0.60095
   0.34050  -0.08329  -0.60095
   0.34050  -0.08329  -0.60095
   0.34050  -0.08329  -0.60095
   0.58050  -0.08329  -0.60095
   0.34050  -0.08329  -0.60095
   0.34050  -0.08329  -0.60095
   0.34050  -0.08329  -0.60095
   0.34050  -0.08329  -0.60095
   0.34050  -0.08329  -0.60095
   0.34050  -0.08329  -0.60095
   0.34050  -0.08329  -0.60095
   0.34050  -0.08329  -0.60095
   0.34050  -0.08329  -0.60095
   0.34050  -0.08329  -0.60095
   0.34050  -0.08329  -0.60095
   0.34050  -0.08329  -0.60095
   0.34050  -0.08329  -0.60095
   0.34050  -0.08329  -0.60095
   0.34050  -0.08329  -0.60095
   0.34050  -0.08329  -0.84095
   0.34050  -0.08329  -0.84095
   0.34050  -0.08329  -0.84095
   0.34050  -0.08329  -0.84095
   0.34050  -0.08329  -0.84095
   0.34050  -0.08329  -0.84095
   0.34050  -0.08329  -0.84095
   0.34050  -0.08329  -0.84095
   0.34050  -0.08329  -0.84095
   0.34050  -0.08329  -0.84095
   0.34050  -0.08329  -0.84095
   0.34050  -0.08329  -0.84095
   0.34050  -0.08329  -0.84095
   0.34050  -0.08329  -0.84095
   0.34050  -0.08329  -0.84095
   0.34050  -0.08329  -0.84095
   0.10050  -0.08329  -0.84095
   0.34050  -0.08329  -0.84095
   0.10050  -0.08329  -0.84095
   0.10050  -0.08329  -0.84095
   0.34050  -0.08329  -0.84095
   0.10050  -0.08329  -0.84095
   0.10050  -0.08329  -1.08095
   0.34050  -0.08329  -0.84095
   0.34050  -0.08329  -1.08095
   0.10050  -0.08329  -1.08095
   0.10050  -0.08329  -0.84095
   0.34050  -0.08329  -0.84095
   0.34050   0.15671  -1.08095
   0.10050   0.15671  -1.08095
   0.10050  -0.08329  -1.08095
   0.10050  -0.08329  -1.08095
   0.34050  -0.08329  -1.08095
   0.34050  -0.08329  -1.08095
  -0.13950   0.15671  -1.08095
   0.34050  -0.08329  -1.08095
   0.34050  -0.08329  -1.08095
   0.10050   0.15671  -1.08095
   0.10050  -0.08329  -1.08095
   0.34050   0.15671  -1.08095
   0.10050  -0.08329  -1.08095
   0.34050   0.15671  -1.08095
   0.10050  -0.08329  -1.08095
   0.10050   0.15671  -1.08095
   0.34050   0.15671  -0.84095
   0.10050  -0.08329  -1.08095
   0.10050  -0.08329  -1.08095
   0.10050  -0.08329  -1.08095
   0.10050  -0.08329  -1.08095
   0.10050   0.15671  -1.08095
   0.10050   0.15671  -1.08095
   0.10050   0.15671  -1.08095
   0.10050  -0.08329  -1.08095
   0.10050   0.15671  -1.08095
   0.34050   0.15671  -1.08095
   0.10050   0.15671  -1.08095
   0.10050  -0.08329  -1.08095
   0.10050  -0.08329  -1.08095
   0.10050   0.15671  -1.08095
   0.10050   0.15671  -1.08095
   0.10050   0.15671  -1.08095
   0.10050   0.15671  -1.08095
   0.10050   0.15671  -0.84095
   0.10050   0.15671  -0.84095
   0.34050   0.15671  -0.84095
   0.10050  -0.08329  -0.84095
   0.10050   0.15671  -0.84095
   0.10050  -0.08329  -0.84095
   0.10050  -0.08329  -0.84095
   0.10050   0.15671  -0.84095
   0.10050  -0.08329  -0.84095
   0.10050  -0.08329  -0.84095
   0.10050  -0.08329  -0.84095
   0.10050  -0.08329  -0.84095
   0.10050  -0.08329  -0.84095
   0.10050  -0.08329  -0.84095
   0.10050   0.15671  -0.84095
   0.10050   0.15671  -0.84095
   0.10050  -0.08329  -0.84095
   0.10050  -0.08329  -0.84095
   0.10050   0.15671  -0.84095
   0.10050  -0.08329  -0.60095
   0.10050  -0.08329  -0.84095
   0.10050   0.15671  -0.60095
   0.10050   0.15671  -0.60095
   0.10050  -0.08329  -0.60095
   0.10050   0.15671  -0.60095
   0.10050   0.15671  -0.60095
   0.10050  -0.08329  -0.60095
   0.10050   0.15671  -0.60095
   0.10050   0.15671  -0.60095
   0.10050   0.15671  -0.60095
   0.10050   0.15671  -0.60095
   0.10050  -0.08329  -0.60095
   0.10050   0.15671  -0.60095
  -0.13950  -0.08329  -0.60095
  -0.13950  -0.08329  -0.60095
  -0.13950  -0.08329  -0.36095
   0.10050  -0.08329  -0.36095
  -0.13950   0.15671  -0.36095
  -0.13950   0.15671  -0.36095
  -0.13950   0.15671  -0.36095
  -0.13950   0.15671  -0.36095
  -0.13950   0.15671  -0.36095
  -0.13950  -0.08329  -0.36095
  -0.13950   0.15671  -0.36095
  -0.13950   0.15671  -0.12095
  -0.13950   0.15671  -0.12095
  -0.13950   0.15671  -0.12095
  -0.13950   0.15671  -0.12095
  -0.13950   0.15671  -0.12095
  -0.13950  -0.08329  -0.12095
  -0.13950   0.15671  -0.12095
  -0.13950   0.15671  -0.12095
  -0.13950   0.15671  -0.12095
  -0.13950  -0.08329  -0.12095
  -0.13950   0.15671  -0.12095
  -0.13950   0.15671  -0.12095
  -0.13950  -0.08329  -0.12095
  -0.13950   0.15671  -0.12095
  -0.13950   0.15671  -0.12095
  -0.37950   0.15671  -0.12095
  -0.13950  -0.08329   0.11905
  -0.13950   0.15671   0.11905
  -0.37950   0.15671   0.11905
  -0.37950  -0.08329   0.11905
  -0.37950   0.15671   0.11905
  -0.37950   0.15671   0.11905
  -0.37950   0.15671   0.11905
  -0.37950   0.15671   0.11905
  -0.37950  -0.08329   0.11905
  -0.37950  -0.08329   0.11905
  -0.37950  -0.08329   0.35905
  -0.37950   0.15671   0.35905
  -0.37950  -0.08329   0.35905
  -0.37950   0.15671   0.35905
  -0.37950  -0.08329   0.35905
  -0.37950  -0.08329   0.35905
  -0.37950  -0.08329   0.35905
  -0.37950  -0.08329   0.35905
  -0.37950  -0.08329   0.35905
  -0.37950  -0.08329   0.35905
  -0.37950  -0.08329   0.35905
  -0.37950  -0.08329   0.35905
  -0.37950  -0.08329   0.35905
  -0.61950  -0.08329   0.35905
  -0.61950  -0.08329   0.35905
  -0.61950  -0.08329   0.35905
  -0.61950  -0.08329   0.35905
  -0.37950  -0.08329   0.35905
  -0.61950  -0.08329   0.35905
  -0.61950  -0.08329   0.35905
  -0.61950  -0.08329   0.35905
  -0.61950  -0.08329   0.59905
  -0.85950  -0.08329   0.59905
  -0.61950  -0.08329   0.59905
  -0.61950  -0.08329   0.35905
  -0.61950  -0.08329   0.59905
  -0.61950  -0.08329   0.59905
  -0.61950  -0.08329   0.59905
  -0.61950  -0.08329   0.59905
  -0.61950  -0.08329   0.59905
  -0.61950  -0.08329   0.59905
  -0.37950  -0.08329   0.59905
  -0.61950  -0.08329   0.59905
  -0.61950  -0.08329   0.59905
  -0.61950  -0.08329   0.59905
  -0.61950  -0.08329   0.59905
  -0.61950  -0.08329   0.59905
  -0.61950  -0.08329   0.59905
  -0.61950  -0.08329   0.59905
  -0.61950  -0.08329   0.59905
  -0.61950  -0.08329   0.59905
  -0.61950  -0.08329   0.59905
  -0.61950  -0.08329   0.59905
  -0.61950  -0.08329   0.59905
  -0.61950  -0.08329   0.59905
  -0.61950  -0.08329   0.59905
  -0.61950  -0.32329   0.59905
  -0.61950  -0.08329   0.83905
  -0.61950  -0.08329   0.83905
  -0.61950   0.15671   0.59905
  -0.61950  -0.08329   0.59905
  -0.61950  -0.08329   0.59905
  -0.61950  -0.08329   0.59905
  -0.61950  -0.08329   0.59905
  -0.61950  -0.08329   0.59905
  -0.61950  -0.08329   0.83905
  -0.61950  -0.08329   0.83905
  -0.61950  -0.08329   0.83905
  -0.61950   0.15671   0.83905
  -0.61950   0.15671   0.83905
  -0.61950   0.15671   0.59905
  -0.61950  -0.08329   0.83905
  -0.61950  -0.08329   0.83905
  -0.61950   0.15671   0.83905
  -0.61950  -0.08329   0.83905
  -0.61950  -0.08329   0.59905
  -0.61950  -0.08329   0.83905
  -0.61950  -0.08329   0.83905
  -0.61950  -0.08329   0.83905
  -0.61950  -0.08329   0.83905
  -0.61950  -0.08329   0.83905
  -0.61950  -0.08329   0.83905
  -0.61950  -0.08329   0.83905
  -0.61950  -0.08329   0.83905
  -0.37950  -0.08329   0.83905
  -0.37950  -0.08329   0.83905
  -0.37950  -0.08329   0.83905
  -0.37950   0.15671   0.83905
  -0.37950  -0.08329   0.83905
  -0.37950  -0.08329   0.83905
  -0.37950  -0.08329   0.83905
  -0.37950   0.15671   0.83905
  -0.37950  -0.08329   0.83905
  -0.37950   0.15671   0.83905
  -0.37950   0.15671   0.83905
  -0.37950  -0.08329   0.83905
  -0.37950  -0.08329   0.83905
  -0.37950  -0.08329   0.83905
  -0.37950  -0.08329   0.83905
  -0.37950  -0.08329   0.83905
  -0.37950   0.15671   0.83905
  -0.37950  -0.08329   0.83905
  -0.37950  -0.08329   0.83905
  -0.37950  -0.08329   0.83905
  -0.37950   0.15671   0.83905
  -0.37950  -0.08329   0.83905
  -0.37950  -0.08329   0.83905
  -0.13950  -0.08329   0.83905
  -0.37950   0.15671   0.83905
  -0.37950  -0.08329   0.83905
  -0.37950  -0.08329   0.83905
  -0.37950  -0.08329   0.83905
  -0.37950  -0.08329   0.83905
  -0.37950  -0.08329   0.83905
  -0.13950  -0.08329   0.83905
  -0.13950  -0.08329   0.83905
  -0.37950  -0.08329   0.83905
  -0.13950  -0.08329   0.83905
  -0.13950  -0.08329   0.83905
  -0.13950   0.15671   0.83905
  -0.13950  -0.08329   0.83905
  -0.13950   0.15671   0.83905
  -0.13950  -0.08329   0.83905
  -0.13950  -0.08329   0.83905
  -0.13950   0.15671   0.83905
  -0.13950   0.15671   0.83905
  -0.13950  -0.08329   0.83905
  -0.13950  -0.08329   0.83905
  -0.13950   0.15671   0.83905
  -0.13950   0.15671   0.83905
  -0.13950   0.15671   0.83905
  -0.13950   0.15671   0.83905
  -0.13950   0.15671   0.59905
  -0.13950   0.15671   0.83905
  -0.13950  -0.08329   0.83905
  -0.13950  -0.08329   0.83905
  -0.13950   0.15671   0.83905
  -0.13950  -0.08329   0.83905
  -0.13950   0.15671   0.83905
  -0.13950  -0.08329   0.83905
  -0.13950  -0.08329   0.83905
  -0.13950  -0.08329   0.83905
  -0.13950  -0.08329   0.83905
  -0.13950  -0.08329   0.83905
  -0.13950  -0.08329   0.83905
  -0.13950  -0.08329   0.83905
  -0.13950  -0.08329   0.59905
  -0.13950  -0.08329   0.59905
  -0.13950  -0.08329   0.59905
  -0.13950  -0.08329   0.59905
  -0.13950  -0.08329   0.59905
  -0.13950  -0.08329   0.59905
   0.10050   0.15671   0.59905
   0.10050  -0.08329   0.59905
   0.10050  -0.08329   0.59905
  -0.13950   0.15671   0.59905
   0.10050   0.15671   0.59905
  -0.13950   0.15671   0.59905
  -0.13950   0.15671   0.59905
   0.10050   0.15671   0.59905
   0.10050  -0.08329   0.59905
   0.10050  -0.08329   0.59905
   0.10050  -0.08329   0.35905
   0.10050  -0.08329   0.35905
   0.10050   0.15671   0.11905
   0.10050  -0.08329   0.35905
   0.10050  -0.08329   0.35905
   0.10050   0.15671   0.35905
   0.10050  -0.08329   0.35905
   0.10050  -0.08329   0.35905
   0.10050   0.15671   0.35905
  -0.13950   0.15671   0.35905
   0.10050  -0.08329   0.35905
   0.10050   0.15671   0.35905
   0.10050  -0.08329   0.35905
   0.10050  -0.08329   0.35905
   0.10050  -0.08329   0.35905
   0.10050   0.15671   0.35905
   0.34050   0.15671   0.35905
   0.34050  -0.08329   0.11905
   0.34050  -0.08329   0.11905
   0.34050   0.15671   0.11905
   0.34050  -0.08329   0.11905
   0.34050   0.15671   0.11905
   0.34050   0.15671   0.11905
   0.34050   0.15671   0.11905
   0.34050  -0.08329   0.11905
   0.34050   0.15671   0.11905
   0.34050   0.15671   0.11905
   0.34050   0.15671  -0.12095
   0.34050  -0.08329  -0.12095
   0.34050  -0.08329  -0.12095
   0.34050   0.15671  -0.12095
   0.34050   0.15671  -0.12095
   0.34050   0.15671  -0.12095
   0.34050  -0.08329  -0.12095
   0.34050   0.15671  -0.12095
   0.58050   0.15671  -0.12095
   0.34050   0.15671  -0.12095
   0.34050  -0.08329  -0.12095
   0.34050  -0.08329  -0.12095
   0.34050   0.15671  -0.12095
   0.34050   0.15671  -0.12095
   0.58050   0.15671  -0.12095
   0.34050  -0.08329  -0.12095
   0.34050  -0.08329  -0.12095
   0.34050   0.15671  -0.12095
   0.58050   0.15671  -0.36095
   0.58050  -0.08329  -0.36095
   0.34050  -0.08329  -0.36095
   0.58050   0.15671  -0.36095
   0.34050   0.15671  -0.36095
   0.58050  -0.08329  -0.36095
   0.58050  -0.08329  -0.36095
   0.58050   0.15671  -0.36095
   0.58050   0.15671  -0.36095
   0.58050   0.15671  -0.36095
   0.58050   0.15671  -0.36095
   0.58050   0.15671  -0.36095
   0.58050   0.15671  -0.36095
   0.58050   0.15671  -0.36095
   0.58050  -0.08329  -0.60095
   0.58050  -0.08329  -0.36095
   0.58050  -0.08329  -0.36095
   0.58050  -0.08329  -0.36095
   0.58050  -0.08329  -0.60095
   0.58050  -0.08329  -0.36095
   0.58050  -0.08329  -0.60095
   0.58050  -0.08329  -0.60095
   0.58050  -0.08329  -0.60095
   0.58050  -0.08329  -0.60095
   0.58050  -0.08329  -0.60095
   0.58050  -0.08329  -0.60095
   0.58050  -0.08329  -0.60095
   0.58050  -0.08329  -0.60095
   0.58050  -0.08329  -0.60095
   0.58050  -0.08329  -0.60095
   0.58050  -0.08329  -0.60095
   0.58050  -0.08329  -0.60095
   0.58050  -0.08329  -0.60095
   0.58050   0.15671  -0.60095
   0.58050   0.15671  -0.60095
   0.58050  -0.08329  -0.60095
   0.58050  -0.08329  -0.60095
   0.58050  -0.08329  -0.60095
   0.58050  -0.08329  -0.60095
   0.58050  -0.08329  -0.60095
   0.58050   0.15671  -0.60095
   0.58050  -0.08329  -0.60095
   0.58050   0.15671  -0.60095
   0.58050   0.15671  -0.60095
   0.58050  -0.08329  -0.60095
   0.58050   0.15671  -0.60095
   0.58050  -0.08329  -0.60095
   0.58050  -0.08329  -0.60095
   0.58050   0.15671  -0.60095
   0.58050  -0.08329  -0.60095
   0.58050  -0.08329  -0.60095
   0.58050  -0.08329  -0.60095
   0.58050  -0.08329  -0.60095
   0.58050  -0.08329  -0.60095
   0.58050   0.15671  -0.60095
   0.58050   0.15671  -0.60095
   0.58050   0.15671  -0.60095
   0.58050  -0.08329  -0.60095
   0.58050  -0.08329  -0.60095
   0.58050  -0.08329  -0.60095
   0.58050  -0.08329  -0.60095
   0.58050  -0.08329  -0.60095
   0.58050  -0.08329  -0.60095
   0.58050  -0.08329  -0.60095
   0.58050   0.15671  -0.60095
   0.58050  -0.08329  -0.60095
   0.58050   0.15671  -0.60095
   0.58050  -0.08329  -0.60095
   0.58050  -0.08329  -0.60095
   0.58050  -0.08329  -0.60095
   0.58050  -0.08329  -0.60095
   0.58050  -0.08329  -0.60095
   0.58050  -0.08329  -0.60095
   0.58050  -0.08329  -0.60095
   0.58050  -0.08329  -0.60095
   0.58050  -0.08329  -0.60095
   0.58050  -0.08329  -0.60095
   0.58050  -0.08329  -0.60095
   0.58050  -0.08329  -0.36095
   0.34050  -0.08329  -0.60095
   0.58050   0.15671  -0.36095
   0.58050  -0.08329  -0.60095
   0.34050  -0.08329  -0.60095
   0.34050   0.15671  -0.60095
   0.34050   0.15671  -0.36095
   0.34050  -0.08329  -0.60095
   0.34050  -0.08329  -0.36095
   0.34050  -0.08329  -0.60095
   0.58050   0.15671  -0.36095
   0.34050   0.15671  -0.36095
   0.34050  -0.08329  -0.36095
   0.34050   0.15671  -0.36095
   0.34050  -0.08329  -0.36095
   0.34050  -0.08329  -0.36095
   0.34050  -0.08329  -0.36095
   0.34050  -0.08329  -0.36095
   0.34050  -0.08329  -0.36095
   0.34050  -0.08329  -0.36095
   0.34050  -0.08329  -0.36095
   0.34050   0.15671  -0.36095
   0.34050  -0.08329  -0.36095
   0.34050  -0.08329  -0.36095
   0.34050  -0.08329  -0.36095
   0.34050  -0.08329  -0.36095
   0.34050  -0.08329  -0.36095
   0.34050  -0.08329  -0.36095
   0.34050   0.15671  -0.36095
   0.34050  -0.08329  -0.36095
   0.34050  -0.08329  -0.60095
   0.34050   0.15671  -0.36095
   0.34050   0.15671  -0.36095
   0.34050  -0.08329  -0.36095
   0.10050   0.15671  -0.36095
   0.10050   0.15671  -0.36095
   0.10050   0.15671  -0.36095
   0.10050   0.15671  -0.36095
   0.10050  -0.08329  -0.36095
   0.34050   0.15671  -0.36095
   0.10050   0.15671  -0.36095
   0.10050  -0.08329  -0.36095
   0.10050   0.15671  -0.36095
   0.10050  -0.08329  -0.36095
   0.10050   0.15671  -0.36095
   0.10050   0.15671  -0.36095
   0.10050  -0.08329  -0.60095
   0.10050  -0.08329  -0.36095
   0.10050   0.15671  -0.36095
   0.10050   0.15671  -0.36095
   0.10050  -0.08329  -0.36095
  -0.13950   0.15671  -0.36095
  -0.13950  -0.08329  -0.36095
  -0.13950   0.15671  -0.36095
  -0.13950   0.15671  -0.36095
  -0.13950   0.15671  -0.36095
  -0.13950  -0.08329  -0.36095
  -0.13950  -0.08329  -0.36095
  -0.13950  -0.08329  -0.36095
  -0.13950  -0.32329  -0.36095
  -0.13950   0.15671  -0.36095
  -0.13950   0.15671  -0.36095
  -0.13950   0.15671  -0.36095
  -0.13950  -0.08329  -0.36095
  -0.13950   0.15671  -0.36095
  -0.13950   0.15671  -0.60095
  -0.13950  -0.08329  -0.36095
  -0.13950  -0.08329  -0.36095
  -0.13950   0.15671  -0.36095
  -0.13950   0.15671  -0.36095
  -0.13950  -0.08329  -0.36095
  -0.13950  -0.08329  -0.12095
  -0.13950  -0.08329  -0.12095
  -0.37950  -0.08329  -0.12095
  -0.37950  -0.08329  -0.12095
  -0.13950   0.15671  -0.12095
  -0.37950  -0.08329  -0.12095
  -0.37950  -0.08329  -0.12095
  -0.37950   0.15671  -0.12095
  -0.37950  -0.08329  -0.12095
  -0.37950  -0.08329  -0.12095
  -0.37950  -0.08329  -0.12095
  -0.37950  -0.08329  -0.12095
  -0.37950  -0.08329  -0.12095
  -0.37950  -0.08329  -0.12095
  -0.37950  -0.08329  -0.12095
  -0.37950  -0.08329  -0.12095
  -0.37950  -0.08329  -0.12095
  -0.37950  -0.08329  -0.12095
  -0.37950  -0.08329  -0.12095
  -0.37950  -0.08329  -0.12095
  -0.37950  -0.08329  -0.12095
  -0.37950  -0.08329  -0.12095
  -0.37950  -0.08329  -0.12095
  -0.37950  -0.08329  -0.12095
  -0.37950  -0.08329  -0.12095
  -0.37950  -0.08329  -0.12095
  -0.37950  -0.08329  -0.12095
  -0.37950  -0.08329  -0.12095
  -0.37950  -0.08329  -0.12095
  -0.37950  -0.08329  -0.12095
  -0.61950  -0.08329  -0.12095
  -0.37950  -0.08329  -0.12095
  -0.37950  -0.08329   0.11905
  -0.61950  -0.08329  -0.12095
  -0.61950  -0.08329   0.11905
  -0.61950  -0.08329   0.11905
  -0.61950  -0.08329  -0.12095
  -0.61950  -0.08329   0.11905
  -0.61950  -0.08329   0.11905
  -0.37950  -0.08329   0.11905
  -0.61950  -0.08329   0.11905
  -0.61950  -0.08329   0.11905
  -0.61950  -0.08329   0.11905
  -0.61950  -0.08329   0.11905
  -0.61950  -0.08329   0.11905
  -0.61950  -0.08329   0.11905
  -0.61950  -0.08329   0.11905
  -0.61950  -0.08329   0.11905
  -0.61950  -0.08329   0.11905
  -0.61950  -0.08329   0.11905
  -0.61950  -0.08329   0.11905
  -0.61950  -0.08329   0.11905
  -0.61950  -0.08329   0.11905
  -0.85950  -0.08329   0.11905
  -0.61950  -0.08329   0.11905
  -0.61950  -0.08329   0.11905
  -0.61950  -0.08329   0.11905
  -0.61950  -0.08329   0.11905
  -0.61950  -0.08329   0.11905
  -0.61950  -0.08329   0.11905
  -0.61950  -0.08329   0.11905
  -0.61950  -0.08329   0.11905
  -0.61950  -0.08329   0.11905
  -0.61950  -0.08329   0.35905
  -0.61950  -0.08329   0.35905
  -0.61950  -0.08329   0.11905
  -0.61950  -0.08329   0.11905
  -0.61950  -0.08329   0.35905
  -0.61950  -0.08329   0.35905
  -0.61950  -0.08329   0.35905
  -0.61950  -0.08329   0.35905
  -0.85950  -0.08329   0.35905
  -0.61950  -0.08329   0.35905
  -0.61950  -0.08329   0.35905
  -0.61950  -0.08329   0.35905
  -0.61950  -0.08329   0.35905
  -0.61950  -0.08329   0.35905
  -0.61950  -0.08329   0.35905
  -0.61950  -0.08329   0.35905
  -0.61950  -0.08329   0.35905
  -0.61950  -0.08329   0.35905
  -0.61950  -0.08329   0.35905
  -0.61950  -0.08329   0.35905
  -0.61950  -0.08329   0.35905
  -0.61950  -0.08329   0.35905
  -0.61950  -0.08329   0.35905
  -0.61950  -0.08329   0.35905
  -0.61950  -0.08329   0.35905
  -0.61950  -0.08329   0.35905
  -0.61950  -0.08329   0.35905
  -0.61950  -0.08329   0.35905
  -0.61950  -0.08329   0.35905
  -0.61950  -0.08329   0.35905
  -0.61950  -0.08329   0.35905
  -0.61950  -0.08329   0.35905
  -0.61950  -0.08329   0.35905
  -0.61950  -0.08329   0.35905
  -0.61950  -0.08329   0.35905
  -0.61950  -0.08329   0.35905
  -0.61950  -0.08329   0.35905
  -0.61950  -0.08329   0.35905
  -0.37950  -0.08329   0.35905
  -0.61950  -0.08329   0.35905
  -0.37950  -0.08329   0.35905
  -0.61950   0.15671   0.35905
  -0.61950   0.15671   0.35905
  -0.37950  -0.08329   0.35905
  -0.37950   0.15671   0.35905
  -0.37950  -0.08329   0.35905
  -0.37950   0.15671   0.35905
  -0.37950  -0.08329  -0.12095
  -0.37950   0.15671   0.35905
  -0.37950   0.15671   0.11905
  -0.37950   0.15671   0.35905
  -0.37950   0.15671   0.35905
  -0.37950   0.15671   0.35905
  -0.37950   0.15671   0.35905
  -0.37950  -0.08329   0.11905
  -0.61950  -0.08329   0.35905
  -0.37950  -0.08329   0.11905
  -0.37950  -0.08329   0.11905
  -0.37950   0.15671   0.11905
  -0.37950  -0.08329   0.35905
  -0.61950   0.15671   0.11905
  -0.37950   0.15671   0.11905
  -0.37950   0.15671   0.11905
  -0.37950  -0.08329   0.11905
  -0.37950   0.15671   0.11905
  -0.37950   0.15671   0.11905
  -0.37950   0.15671   0.11905
  -0.37950   0.15671   0.11905
  -0.37950   0.15671   0.11905
  -0.37950   0.15671   0.11905
  -0.37950   0.15671   0.11905
  -0.13950   0.15671   0.11905
  -0.13950   0.15671   0.11905
  -0.13950  -0.08329   0.11905
  -0.13950   0.15671   0.11905
  -0.13950   0.15671   0.11905
  -0.13950   0.15671   0.11905
  -0.13950   0.15671   0.11905
  -0.13950  -0.08329   0.11905
  -0.13950  -0.08329   0.11905
  -0.13950   0.15671   0.11905
  -0.13950   0.15671   0.11905
  -0.13950  -0.08329   0.11905
  -0.13950   0.15671   0.11905
  -0.13950   0.15671   0.11905
  -0.13950   0.15671   0.11905
  -0.13950  -0.08329   0.11905
  -0.13950  -0.08329   0.11905
   0.10050   0.15671   0.11905
   0.10050   0.15671   0.11905
   0.10050   0.15671   0.11905
   0.10050   0.15671   0.11905
   0.10050   0.15671   0.11905
   0.10050   0.15671   0.11905
   0.10050   0.15671   0.11905
   0.10050   0.15671   0.11905
   0.10050   0.15671   0.11905
   0.10050   0.15671   0.11905
   0.10050   0.15671   0.11905
   0.10050   0.15671   0.11905
   0.10050   0.15671   0.11905
   0.10050   0.15671   0.11905
   0.10050   0.15671   0.11905
   0.10050   0.15671   0.11905
   0.10050   0.15671   0.11905
   0.34050   0.15671   0.11905
   0.10050   0.15671   0.11905
   0.10050   0.15671   0.11905
   0.10050   0.15671   0.11905
   0.34050   0.15671   0.11905
   0.34050   0.15671   0.11905
   0.34050   0.15671   0.11905
   0.34050   0.15671   0.11905
   0.34050   0.15671   0.11905
   0.34050   0.15671   0.11905
   0.34050   0.15671   0.11905
   0.34050   0.15671   0.11905
   0.34050   0.15671   0.11905
   0.34050   0.15671   0.11905
   0.34050   0.15671   0.11905
   0.34050   0.15671   0.11905
   0.34050   0.15671   0.11905
   0.34050   0.15671   0.11905
   0.34050   0.15671   0.11905
   0.34050   0.15671   0.11905
   0.34050   0.15671   0.11905
   0.34050   0.15671   0.11905
   0.34050   0.15671   0.11905
   0.58050   0.15671   0.11905
   0.34050   0.15671   0.11905
   0.34050   0.15671   0.11905
   0.34050   0.15671   0.11905
   0.34050  -0.08329   0.11905
   0.58050   0.15671   0.11905
   0.34050   0.15671   0.11905
   0.58050   0.15671   0.11905
   0.34050  -0.08329   0.11905
   0.58050   0.15671   0.35905
  -0.13950   0.15671   0.11905
   0.58050   0.15671   0.11905
   0.58050   0.15671   0.11905
   0.58050   0.15671   0.11905
   0.58050   0.15671   0.11905
   0.58050   0.15671  -0.12095
   0.58050   0.15671   0.11905
   0.58050   0.15671   0.11905
   0.34050   0.15671   0.11905
   0.58050   0.15671   0.11905
   0.58050   0.15671   0.11905
   0.58050   0.15671   0.11905
   0.58050   0.15671   0.11905
   0.34050   0.15671   0.11905
   0.58050   0.15671   0.11905
   0.58050   0.15671   0.11905
   0.58050   0.15671   0.11905
   0.58050   0.15671   0.11905
   0.58050   0.15671   0.35905
   0.58050   0.15671   0.11905
   0.58050   0.15671   0.11905
   0.58050   0.15671   0.11905
   0.58050   0.15671   0.11905
   0.58050   0.15671   0.11905
   0.58050   0.15671   0.11905
   0.58050  -0.08329   0.11905
   0.58050   0.15671   0.11905
   0.58050   0.15671   0.11905
   0.58050   0.15671   0.11905
   0.58050   0.15671   0.11905
   0.58050   0.15671   0.11905
   0.58050   0.15671   0.11905
   0.58050   0.15671   0.11905
   0.58050   0.15671   0.11905
   0.58050   0.15671   0.11905
   0.58050   0.15671   0.11905
   0.58050  -0.08329   0.11905
   0.58050   0.15671   0.11905
   0.58050   0.15671   0.11905
   0.58050   0.15671   0.11905
   0.58050  -0.08329   0.11905
   0.58050   0.15671   0.11905
   0.58050   0.15671   0.11905
   0.58050   0.15671   0.11905
   0.58050   0.15671   0.11905
   0.34050  -0.08329   0.11905
   0.34050  -0.08329   0.11905
   0.58050   0.15671   0.11905
   0.58050  -0.08329   0.11905
   0.58050  -0.08329   0.11905
   0.58050  -0.08329   0.11905
   0.58050  -0.08329   0.11905
   0.58050  -0.08329   0.11905
   0.58050   0.15671  -0.12095
   0.58050   0.15671   0.11905
   0.58050  -0.08329   0.11905
   0.58050  -0.08329   0.11905
   0.34050  -0.08329   0.11905
   0.58050  -0.08329   0.11905
   0.58050   0.15671   0.11905
   0.58050  -0.08329   0.11905
   0.58050   0.15671   0.11905
   0.34050  -0.08329   0.11905
   0.34050  -0.08329   0.11905
   0.58050  -0.08329   0.11905
   0.58050  -0.08329   0.11905
  -0.13950  -0.08329   0.11905
   0.58050  -0.08329   0.11905
   0.58050  -0.08329   0.11905
   0.34050  -0.08329  -0.12095
   0.58050  -0.08329   0.11905
   0.58050   0.15671   0.11905
   0.34050  -0.08329   0.11905
   0.34050  -0.08329   0.11905
   0.34050  -0.08329  -0.12095
   0.34050   0.15671  -0.12095
   0.34050   0.15671  -0.12095
   0.58050   0.15671  -0.12095
   0.34050   0.15671  -0.12095
   0.34050   0.15671  -0.12095
   0.34050   0.15671  -0.12095
   0.34050  -0.08329  -0.12095
   0.34050  -0.08329  -0.12095
   0.34050  -0.08329  -0.12095
   0.34050   0.15671  -0.12095
   0.34050   0.15671  -0.12095
   0.34050  -0.08329  -0.12095
   0.34050  -0.08329  -0.12095
   0.34050  -0.08329  -0.12095
   0.34050  -0.08329  -0.12095
   0.34050  -0.08329  -0.12095
   0.34050  -0.08329  -0.12095
   0.34050  -0.08329  -0.12095
   0.34050  -0.08329  -0.12095
   0.34050  -0.08329  -0.12095
   0.34050  -0.08329  -0.12095
   0.34050  -0.08329  -0.12095
   0.34050  -0.08329  -0.12095
   0.34050  -0.08329  -0.12095
   0.34050  -0.08329  -0.12095
   0.34050  -0.08329  -0.12095
   0.34050  -0.08329  -0.12095
   0.34050  -0.08329  -0.12095
   0.34050  -0.08329  -0.12095
   0.34050  -0.08329  -0.12095
   0.34050  -0.08329  -0.12095
   0.10050  -0.08329  -0.12095
   0.10050  -0.08329  -0.12095
   0.34050  -0.08329  -0.12095
   0.10050  -0.08329  -0.12095
  -0.13950  -0.08329  -0.12095
   0.10050  -0.08329  -0.12095
   0.10050  -0.08329  -0.12095
   0.10050  -0.08329  -0.12095
   0.10050  -0.08329  -0.12095
   0.10050  -0.08329  -0.12095
   0.10050  -0.08329  -0.12095
   0.10050  -0.08329  -0.12095
   0.10050  -0.08329  -0.12095
   0.10050  -0.08329  -0.12095
   0.10050  -0.08329  -0.12095
   0.10050  -0.08329  -0.12095
   0.10050  -0.08329  -0.12095
  -0.13950  -0.08329  -0.12095
  -0.13950  -0.08329  -0.12095
  -0.13950  -0.08329  -0.12095
  -0.13950  -0.08329  -0.12095
  -0.13950  -0.08329  -0.12095
  -0.13950  -0.08329  -0.12095
  -0.13950  -0.08329  -0.12095
  -0.13950  -0.08329  -0.12095
  -0.13950  -0.08329  -0.12095
  -0.13950  -0.08329  -0.12095
  -0.13950  -0.08329  -0.12095
  -0.13950  -0.08329  -0.12095
  -0.13950  -0.08329  -0.12095
  -0.13950  -0.08329  -0.12095
  -0.13950  -0.08329  -0.12095
  -0.13950  -0.08329  -0.12095
  -0.13950   0.15671  -0.12095
  -0.13950  -0.08329  -0.12095
  -0.13950  -0.08329  -0.12095
  -0.13950   0.15671  -0.12095
  -0.13950   0.15671  -0.12095
  -0.37950  -0.08329  -0.12095
  -0.37950  -0.08329  -0.12095
  -0.37950  -0.08329  -0.12095
  -0.37950   0.15671  -0.12095
  -0.37950  -0.08329   0.11905
  -0.37950  -0.08329  -0.12095
  -0.37950  -0.08329  -0.12095
  -0.37950  -0.08329  -0.12095
  -0.37950   0.15671  -0.12095
  -0.37950  -0.08329  -0.12095
  -0.37950  -0.08329  -0.12095
  -0.37950  -0.08329  -0.12095
  -0.37950  -0.08329  -0.12095
  -0.37950  -0.08329  -0.12095
  -0.37950  -0.08329  -0.12095
  -0.37950  -0.08329  -0.12095
  -0.37950  -0.08329  -0.12095
  -0.37950  -0.08329  -0.12095
  -0.37950  -0.08329  -0.12095
  -0.37950  -0.32329  -0.12095
  -0.37950  -0.08329  -0.12095
  -0.37950  -0.08329  -0.12095
  -0.61950  -0.08329  -0.12095
  -0.61950  -0.08329  -0.12095
  -0.61950  -0.08329  -0.12095
  -0.61950  -0.08329  -0.12095
  -0.37950  -0.08329  -0.12095
  -0.37950  -0.08329  -0.12095
  -0.61950  -0.08329  -0.12095
  -0.61950   0.15671  -0.12095
  -0.61950  -0.08329  -0.12095
  -0.61950  -0.08329  -0.12095
  -0.61950  -0.08329  -0.12095
  -0.37950  -0.08329  -0.12095
  -0.61950  -0.08329  -0.12095
  -0.61950  -0.08329  -0.12095
  -0.37950  -0.08329  -0.12095
  -0.61950  -0.08329  -0.12095
  -0.61950  -0.08329  -0.12095
  -0.61950  -0.08329  -0.12095
  -0.61950  -0.08329  -0.12095
  -0.61950  -0.08329  -0.12095
  -0.61950  -0.08329  -0.12095
  -0.61950  -0.08329  -0.12095
  -0.61950  -0.08329  -0.12095
  -0.61950  -0.08329  -0.12095
  -0.61950  -0.08329  -0.12095
  -0.61950  -0.08329  -0.12095
  -0.61950  -0.08329  -0.12095
  -0.61950  -0.08329  -0.12095
  -0.61950  -0.08329  -0.12095
  -0.61950  -0.08329  -0.12095
  -0.61950  -0.08329  -0.12095
  -0.61950  -0.08329  -0.12095
  -0.61950  -0.08329  -0.12095
  -0.61950  -0.08329  -0.12095
  -0.61950  -0.08329  -0.12095
  -0.61950  -0.08329  -0.12095
  -0.61950  -0.08329  -0.12095
  -0.61950  -0.08329  -0.12095
  -0.61950  -0.08329  -0.12095
  -0.61950  -0.08329  -0.12095
  -0.61950  -0.08329  -0.12095
  -0.61950  -0.08329  -0.12095
  -0.61950  -0.08329  -0.12095
  -0.61950  -0.08329  -0.12095
  -0.61950  -0.08329  -0.12095
  -0.61950  -0.08329  -0.12095
  -0.61950  -0.08329  -0.12095
  -0.61950  -0.08329  -0.12095
  -0.61950  -0.08329  -0.12095
  -0.61950  -0.08329  -0.12095
  -0.61950  -0.08329  -0.12095
  -0.61950  -0.08329  -0.12095
  -0.61950  -0.08329  -0.12095
  -0.61950  -0.08329  -0.12095
  -0.61950  -0.08329  -0.12095
  -0.61950  -0.08329  -0.12095
  -0.61950  -0.08329  -0.12095
  -0.61950  -0.08329  -0.36095
  -0.37950  -0.08329  -0.12095
  -0.37950  -0.08329  -0.12095
  -0.61950  -0.08329  -0.12095
  -0.61950  -0.08329  -0.12095
  -0.37950  -0.08329  -0.12095
  -0.37950   0.15671  -0.12095
  -0.61950  -0.08329  -0.12095
  -0.37950  -0.08329  -0.12095
  -0.37950   0.15671  -0.12095
  -0.37950  -0.08329  -0.12095
  -0.37950  -0.08329  -0.12095
  -0.37950  -0.08329  -0.12095
  -0.37950  -0.08329  -0.12095
  -0.37950  -0.08329  -0.12095
  -0.37950  -0.08329  -0.36095
  -0.37950  -0.08329  -0.12095
  -0.37950  -0.08329  -0.12095
  -0.37950  -0.08329  -0.12095
  -0.37950  -0.08329  -0.12095
  -0.37950  -0.08329  -0.12095
  -0.37950  -0.08329  -0.12095
  -0.37950  -0.08329  -0.12095
  -0.37950  -0.08329  -0.12095
  -0.37950  -0.08329  -0.12095
  -0.37950  -0.08329  -0.12095
  -0.37950  -0.08329  -0.12095
  -0.37950  -0.08329  -0.12095
  -0.37950  -0.08329  -0.12095
  -0.37950  -0.08329  -0.12095
  -0.37950  -0.08329  -0.12095
  -0.13950  -0.08329  -0.12095
  -0.13950  -0.08329  -0.12095
  -0.13950  -0.08329  -0.12095
  -0.13950  -0.08329  -0.12095
  -0.13950  -0.08329  -0.12095
  -0.13950  -0.08329  -0.12095
  -0.13950  -0.08329  -0.12095
  -0.13950  -0.08329  -0.12095
  -0.13950  -0.08329  -0.12095
  -0.13950  -0.08329  -0.12095
  -0.13950  -0.08329  -0.12095
  -0.13950  -0.08329  -0.12095
  -0.13950  -0.08329  -0.12095
  -0.13950  -0.08329   0.11905
  -0.13950  -0.08329  -0.12095
  -0.13950  -0.08329  -0.12095
  -0.13950  -0.55329  -0.12095
  -0.13950  -0.08329  -0.12095
  -0.13950  -0.08329  -0.12095
  -0.13950  -0.08329  -0.12095
  -0.13950  -0.08329  -0.12095
  -0.13950  -0.08329  -0.12095
  -0.13950  -0.08329  -0.12095
   0.10050  -0.08329   0.11905
   0.10050  -0.08329   0.11905
   0.10050  -0.08329   0.11905
   0.10050  -0.08329   0.11905
   0.10050  -0.08329   0.11905
   0.10050  -0.08329   0.11905
   0.10050  -0.08329   0.11905
   0.10050  -0.08329   0.11905
   0.10050  -0.08329   0.11905
   0.10050  -0.08329   0.11905
   0.10050  -0.08329   0.11905
   0.10050  -0.08329   0.11905
   0.10050  -0.08329   0.11905
   0.10050  -0.08329   0.11905
   0.10050  -0.08329   0.11905
   0.10050  -0.08329   0.11905
   0.10050  -0.08329   0.11905
   0.10050  -0.08329   0.11905
   0.10050  -0.08329  -0.12095
   0.10050  -0.08329   0.11905
   0.10050  -0.55329  -0.12095
   0.10050  -0.08329   0.11905
  -0.13950  -0.08329   0.11905
   0.10050  -0.08329   0.11905
   0.10050  -0.08329   0.11905
   0.10050   0.15671   0.11905
   0.10050   0.15671   0.11905
   0.10050   0.15671   0.11905
   0.10050  -0.08329   0.11905
   0.10050  -0.08329   0.11905
   0.34050  -0.08329   0.11905
   0.34050  -0.08329   0.11905
   0.34050   0.15671   0.11905
   0.34050   0.15671   0.11905
   0.34050   0.15671   0.11905
   0.34050   0.15671   0.11905
   0.34050   0.15671   0.11905
   0.34050   0.15671   0.11905
   0.34050   0.15671   0.11905
   0.34050   0.15671   0.11905
   0.34050   0.15671   0.11905
   0.34050   0.15671   0.11905
   0.34050   0.15671   0.11905
   0.34050   0.15671   0.11905
   0.34050   0.15671   0.11905
   0.10050   0.15671   0.11905
   0.34050   0.15671   0.11905
   0.34050   0.15671   0.11905
   0.34050   0.15671   0.11905
   0.34050   0.15671   0.11905
   0.34050   0.15671   0.11905
   0.34050   0.15671   0.11905
   0.34050   0.15671   0.11905
   0.34050   0.15671   0.11905
   0.34050   0.15671   0.11905
   0.34050   0.15671   0.11905
   0.34050  -0.08329   0.11905
   0.34050   0.15671   0.11905
   0.58050   0.15671   0.11905
   0.58050   0.15671   0.11905
   0.34050   0.15671   0.11905
   0.34050   0.15671   0.11905
   0.34050   0.15671   0.11905
   0.58050   0.15671   0.11905
   0.58050   0.15671   0.11905
   0.58050   0.15671   0.11905
   0.58050   0.15671   0.11905
   0.58050   0.15671   0.11905
   0.58050   0.15671   0.11905
   0.58050   0.15671   0.11905
   0.58050   0.15671   0.11905
   0.58050   0.15671   0.11905
   0.58050   0.15671  -0.12095
   0.58050   0.15671  -0.12095
   0.58050   0.15671  -0.12095
   0.58050   0.15671  -0.12095
   0.58050   0.15671   0.11905
   0.58050   0.15671   0.11905
   0.58050   0.15671   0.11905
   0.58050   0.15671   0.11905
   0.58050   0.15671  -0.12095
   0.58050   0.15671  -0.12095
   0.58050   0.15671  -0.12095
   0.58050   0.15671  -0.12095
   0.58050   0.15671  -0.12095
   0.58050   0.15671  -0.12095
   0.58050  -0.08329  -0.12095
   0.58050   0.15671  -0.12095
   0.58050   0.15671  -0.12095
   0.58050   0.15671  -0.12095
   0.58050   0.15671  -0.12095
   0.58050  -0.08329  -0.12095
   0.58050   0.15671  -0.12095
   0.58050   0.15671  -0.12095
   0.58050  -0.08329  -0.12095
   0.58050   0.15671  -0.12095
   0.58050   0.15671  -0.12095
   0.58050  -0.08329  -0.12095
   0.58050   0.15671  -0.12095
   0.58050   0.15671  -0.12095
   0.58050  -0.08329  -0.12095
   0.58050  -0.08329  -0.12095
   0.58050   0.15671  -0.12095
   0.58050   0.15671  -0.12095
   0.58050   0.15671  -0.12095
   0.58050  -0.08329  -0.12095
   0.58050  -0.08329  -0.12095
   0.58050   0.15671  -0.12095
   0.58050  -0.08329  -0.12095
   0.34050  -0.08329  -0.12095
   0.58050  -0.08329  -0.12095
   0.58050  -0.08329  -0.12095
   0.58050  -0.08329  -0.12095
   0.58050  -0.08329  -0.12095
   0.58050  -0.08329  -0.12095
   0.58050  -0.08329  -0.12095
   0.58050  -0.08329  -0.12095
   0.58050  -0.08329  -0.12095
   0.58050  -0.08329  -0.12095
   0.58050   0.15671  -0.12095
   0.58050  -0.08329  -0.12095
   0.58050  -0.08329  -0.12095
   0.58050  -0.08329  -0.12095
   0.58050   0.15671  -0.12095
   0.58050   0.15671  -0.12095
   0.34050  -0.08329  -0.12095
   0.34050  -0.08329  -0.12095
   0.34050  -0.08329  -0.12095
   0.58050  -0.08329  -0.12095
   0.34050  -0.08329  -0.12095
   0.34050  -0.08329  -0.12095
   0.58050  -0.08329  -0.12095
   0.34050  -0.08329  -0.12095
   0.34050  -0.08329  -0.12095
   0.34050  -0.08329  -0.12095
   0.34050  -0.08329  -0.12095
   0.34050   0.15671  -0.12095
   0.34050  -0.08329  -0.12095
   0.34050   0.15671  -0.12095
   0.34050  -0.08329  -0.12095
   0.34050  -0.32329  -0.12095
   0.34050  -0.08329  -0.12095
   0.34050  -0.08329  -0.12095
   0.34050  -0.08329  -0.12095
   0.34050  -0.08329  -0.12095
   0.34050  -0.08329  -0.12095
   0.34050  -0.08329  -0.12095
   0.34050  -0.08329  -0.12095
   0.34050  -0.08329  -0.12095
   0.34050   0.15671  -0.12095
   0.34050   0.15671  -0.12095
   0.34050  -0.08329  -0.12095
   0.34050  -0.08329  -0.12095
  -0.13950  -0.08329  -0.12095
   0.34050  -0.08329  -0.12095
   0.34050  -0.08329  -0.12095
   0.34050  -0.08329  -0.12095
   0.34050   0.15671  -0.12095
   0.34050  -0.08329  -0.12095
   0.34050   0.15671  -0.12095
   0.34050   0.15671  -0.12095
   0.34050   0.15671  -0.12095
   0.10050  -0.08329  -0.12095
   0.10050   0.15671  -0.12095
   0.10050   0.15671  -0.12095
   0.10050   0.15671  -0.12095
   0.10050   0.15671  -0.12095
   0.10050  -0.08329  -0.12095
   0.10050  -0.08329  -0.12095
   0.10050  -0.08329  -0.12095
   0.10050   0.15671  -0.12095
   0.10050  -0.08329  -0.12095
   0.10050   0.15671  -0.12095
   0.10050   0.15671  -0.12095
   0.10050   0.15671  -0.12095
   0.10050   0.15671  -0.12095
   0.10050   0.15671  -0.12095
  -0.13950  -0.08329  -0.12095
  -0.13950   0.15671  -0.12095
  -0.13950   0.15671  -0.12095
  -0.13950   0.15671  -0.12095
  -0.13950  -0.08329  -0.12095
  -0.13950  -0.08329  -0.12095
  -0.13950   0.15671  -0.12095
   0.10050   0.15671  -0.12095
  -0.13950   0.15671  -0.12095
  -0.13950   0.15671  -0.12095
  -0.13950   0.15671  -0.12095
  -0.13950   0.15671  -0.12095
  -0.13950   0.15671  -0.12095
  -0.13950   0.15671  -0.12095
  -0.13950   0.15671  -0.12095
  -0.13950   0.15671  -0.12095
  -0.13950   0.15671  -0.12095
  -0.13950   0.15671  -0.12095
  -0.13950  -0.08329  -0.12095
  -0.37950   0.15671  -0.12095
  -0.13950   0.15671  -0.12095
  -0.37950   0.15671  -0.12095
  -0.37950   0.15671  -0.12095
  -0.13950   0.15671  -0.12095
  -0.37950   0.15671  -0.12095
  -0.37950   0.15671  -0.12095
  -0.37950  -0.08329  -0.12095
  -0.37950   0.15671  -0.12095
  -0.37950   0.15671  -0.12095
  -0.37950   0.15671  -0.12095
  -0.61950  -0.08329  -0.12095
  -0.37950   0.15671  -0.12095
  -0.37950   0.15671  -0.12095
  -0.37950   0.15671  -0.12095
  -0.37950   0.15671  -0.12095
  -0.37950   0.15671  -0.12095
  -0.37950   0.15671  -0.12095
  -0.37950   0.15671  -0.12095
  -0.61950  -0.08329  -0.12095
  -0.37950  -0.08329  -0.12095
  -0.37950  -0.08329  -0.12095
  -0.37950   0.15671  -0.12095
  -0.37950  -0.08329  -0.12095
  -0.37950   0.15671  -0.12095
  -0.37950   0.15671  -0.12095
  -0.37950  -0.08329  -0.12095
  -0.37950  -0.08329  -0.12095
  -0.37950  -0.08329  -0.12095
  -0.61950  -0.08329  -0.12095
  -0.61950  -0.08329  -0.12095
  -0.61950  -0.08329  -0.12095
  -0.37950  -0.08329  -0.12095
  -0.61950  -0.08329  -0.12095
  -0.61950  -0.08329  -0.12095
  -0.61950  -0.08329  -0.12095
  -0.61950  -0.08329  -0.12095
  -0.61950  -0.08329  -0.12095
  -0.61950  -0.32329  -0.12095
  -0.61950  -0.08329  -0.12095
  -0.61950  -0.08329  -0.12095
  -0.61950  -0.08329  -0.12095
  -0.61950  -0.08329  -0.12095
  -0.61950  -0.08329  -0.12095
  -0.61950  -0.08329   0.11905
  -0.37950  -0.08329   0.11905
  -0.61950  -0.08329  -0.12095
  -0.61950  -0.08329  -0.12095
  -0.61950  -0.08329  -0.12095
  -0.61950  -0.08329  -0.12095
  -0.61950  -0.08329   0.11905
  -0.85950  -0.08329   0.11905
  -0.61950  -0.08329   0.11905
  -0.61950  -0.08329  -0.12095
  -0.61950  -0.08329   0.11905
  -0.61950  -0.08329   0.11905
  -0.61950  -0.08329   0.11905
  -0.61950  -0.08329   0.11905
  -0.61950  -0.08329   0.11905
  -0.61950  -0.08329   0.11905
  -0.61950  -0.08329   0.11905
  -0.61950  -0.08329   0.11905
  -0.61950  -0.08329   0.11905
  -0.61950  -0.08329   0.11905
  -0.37950  -0.08329   0.11905
  -0.61950  -0.08329   0.11905
  -0.37950  -0.08329   0.11905
  -0.61950  -0.08329   0.11905
  -0.61950  -0.08329   0.11905
  -0.37950  -0.32329   0.11905
  -0.61950  -0.08329   0.11905
  -0.61950  -0.08329   0.11905
  -0.61950  -0.08329   0.11905
  -0.37950  -0.08329   0.11905
  -0.37950  -0.08329   0.35905
  -0.61950  -0.08329   0.11905
  -0.61950  -0.08329   0.11905
  -0.61950  -0.08329   0.11905
  -0.61950  -0.08329   0.11905
  -0.61950  -0.08329   0.35905
  -0.61950  -0.08329   0.11905
  -0.37950  -0.08329   0.11905
  -0.61950  -0.08329   0.11905
  -0.37950  -0.08329   0.11905
  -0.61950  -0.08329   0.11905
  -0.37950  -0.08329   0.11905
  -0.37950  -0.08329   0.11905
  -0.37950  -0.08329   0.11905
  -0.37950  -0.08329   0.11905
  -0.61950  -0.08329   0.11905
  -0.37950  -0.08329   0.11905
  -0.37950  -0.08329   0.11905
  -0.37950  -0.08329   0.11905
  -0.37950  -0.08329   0.11905
  -0.37950  -0.08329   0.11905
  -0.37950  -0.08329   0.35905
  -0.37950  -0.08329   0.35905
  -0.37950  -0.08329   0.35905
  -0.37950  -0.08329   0.35905
  -0.37950  -0.08329   0.11905
  -0.37950  -0.08329   0.11905
  -0.37950  -0.08329   0.35905
  -0.37950  -0.08329   0.35905
  -0.61950  -0.08329   0.35905
  -0.37950  -0.08329   0.35905
  -0.37950  -0.08329   0.35905
  -0.37950  -0.08329   0.35905
  -0.37950  -0.08329   0.11905
  -0.37950  -0.08329   0.35905
  -0.37950  -0.08329   0.35905
  -0.37950  -0.08329   0.35905
  -0.37950  -0.08329   0.35905
  -0.37950  -0.08329   0.35905
  -0.37950  -0.08329   0.35905
  -0.37950  -0.08329   0.35905
  -0.37950  -0.08329   0.35905
  -0.37950  -0.08329  -0.12095
  -0.37950   0.15671   0.35905
  -0.37950   0.15671   0.35905
  -0.37950  -0.08329   0.35905
  -0.37950  -0.08329   0.35905
  -0.37950  -0.08329   0.35905
  -0.37950  -0.08329   0.35905
  -0.37950  -0.08329   0.35905
  -0.37950  -0.08329   0.35905
  -0.37950  -0.08329   0.35905
  -0.37950  -0.08329   0.35905
  -0.13950   0.15671   0.35905
  -0.37950  -0.08329   0.35905
  -0.37950  -0.08329   0.35905
  -0.13950   0.15671   0.35905
  -0.37950   0.15671   0.35905
  -0.13950   0.15671   0.35905
  -0.13950  -0.08329   0.35905
  -0.37950  -0.08329   0.35905
  -0.13950  -0.08329   0.35905
  -0.13950  -0.08329   0.35905
  -0.13950  -0.08329   0.35905
  -0.13950  -0.08329   0.35905
  -0.13950  -0.08329   0.35905
  -0.13950  -0.08329   0.35905
  -0.13950   0.15671   0.35905
  -0.13950  -0.08329   0.35905
  -0.13950  -0.08329   0.35905
  -0.37950  -0.08329   0.35905
  -0.13950  -0.08329   0.35905
  -0.13950   0.15671   0.35905
  -0.13950  -0.08329   0.35905
  -0.13950  -0.08329   0.35905
  -0.13950  -0.08329   0.35905
  -0.13950  -0.08329   0.35905
  -0.13950  -0.08329   0.35905
  -0.13950  -0.08329   0.35905
  -0.13950  -0.08329   0.35905
  -0.13950   0.15671   0.35905
  -0.13950  -0.08329   0.35905
  -0.13950  -0.08329   0.35905
  -0.13950  -0.08329   0.35905
  -0.13950   0.15671   0.35905
  -0.13950  -0.08329   0.35905
  -0.13950  -0.08329   0.35905
  -0.13950  -0.08329   0.35905
  -0.13950  -0.08329   0.35905
  -0.13950  -0.08329   0.35905
  -0.13950  -0.08329   0.35905
  -0.13950  -0.08329   0.35905
  -0.13950  -0.08329   0.35905
   0.10050  -0.08329   0.11905
  -0.13950  -0.08329   0.35905
  -0.13950  -0.08329   0.35905
   0.10050  -0.08329   0.11905
  -0.13950   0.15671   0.35905
   0.10050  -0.08329   0.11905
   0.10050   0.15671   0.11905
   0.10050   0.15671   0.11905
   0.10050  -0.08329   0.11905
   0.10050  -0.08329   0.11905
   0.10050  -0.08329   0.11905
   0.10050   0.15671   0.11905
   0.10050   0.15671   0.11905
   0.10050   0.15671   0.11905
   0.10050   0.15671   0.11905
   0.10050   0.15671   0.11905
   0.10050   0.15671   0.11905
   0.10050   0.15671   0.11905
   0.10050   0.15671   0.11905
   0.10050   0.15671   0.11905
   0.10050   0.15671   0.11905
   0.10050   0.15671   0.11905
   0.10050  -0.08329  -0.12095
   0.10050  -0.08329   0.11905
   0.10050   0.15671   0.11905
   0.34050   0.15671   0.11905
   0.10050   0.15671   0.11905
   0.10050   0.15671   0.11905
   0.10050  -0.08329   0.11905
   0.34050   0.15671   0.11905
   0.34050  -0.08329   0.11905
   0.34050   0.15671  -0.12095
   0.34050   0.15671   0.11905
   0.34050   0.15671   0.11905
   0.34050   0.15671   0.11905
   0.34050   0.15671   0.11905
   0.34050   0.15671   0.11905
   0.34050   0.15671   0.11905
   0.34050   0.15671   0.11905
   0.34050  -0.08329   0.11905
   0.34050   0.15671   0.11905
   0.34050   0.15671   0.11905
   0.34050  -0.08329   0.11905
   0.34050   0.15671   0.11905
   0.34050   0.15671  -0.12095
   0.34050   0.15671  -0.12095
   0.34050  -0.08329  -0.12095
   0.34050  -0.08329   0.11905
   0.34050   0.15671  -0.12095
   0.34050   0.15671  -0.12095
   0.58050  -0.08329  -0.12095
   0.34050   0.15671   0.11905
   0.34050  -0.08329  -0.12095
   0.34050  -0.08329  -0.12095
   0.58050   0.15671  -0.12095
   0.34050   0.15671  -0.12095
   0.58050  -0.08329  -0.12095
   0.58050  -0.08329  -0.12095
   0.58050   0.15671  -0.12095
   0.58050  -0.08329  -0.12095
   0.58050  -0.08329  -0.12095
   0.58050  -0.08329  -0.12095
   0.58050  -0.08329  -0.12095
   0.58050   0.15671  -0.12095
   0.58050  -0.08329  -0.12095
   0.58050  -0.08329  -0.12095
   0.58050   0.15671  -0.12095
   0.58050   0.15671  -0.12095
   0.34050  -0.08329  -0.12095
   0.58050  -0.08329  -0.12095
   0.58050   0.15671  -0.12095
   0.58050   0.15671  -0.12095
   0.58050  -0.08329  -0.12095
   0.58050  -0.08329  -0.12095
   0.58050   0.15671  -0.12095
   0.58050   0.15671  -0.12095
   0.58050  -0.08329  -0.36095
   0.58050   0.15671  -0.12095
   0.58050  -0.08329  -0.12095
   0.58050  -0.08329  -0.12095
   0.58050  -0.08329  -0.12095
   0.58050  -0.08329  -0.12095
   0.58050  -0.08329  -0.12095
   0.58050  -0.08329  -0.12095
   0.58050   0.15671  -0.12095
   0.58050   0.15671  -0.12095
   0.58050  -0.08329  -0.12095
   0.58050  -0.08329  -0.12095
   0.58050   0.15671  -0.12095
   0.58050   0.15671  -0.12095
   0.58050  -0.08329  -0.12095
   0.58050  -0.08329  -0.12095
   0.58050  -0.55329  -0.36095
   0.58050  -0.08329  -0.36095
   0.58050   0.15671  -0.12095
   0.58050   0.15671  -0.12095
   0.58050  -0.08329  -0.12095
   0.58050  -0.08329  -0.12095
   0.58050  -0.08329  -0.36095
   0.58050   0.15671  -0.36095
   0.58050   0.15671  -0.36095
   0.58050   0.15671  -0.36095
   0.58050  -0.08329  -0.36095
   0.58050   0.15671  -0.36095
   0.58050   0.15671  -0.36095
   0.58050   0.15671  -0.36095
   0.58050  -0.08329  -0.36095
   0.58050  -0.08329  -0.36095
   0.58050   0.15671  -0.36095
   0.58050   0.15671  -0.36095
   0.58050   0.15671  -0.36095
   0.58050   0.15671  -0.36095
   0.58050   0.15671  -0.36095
   0.58050  -0.08329  -0.36095
   0.34050  -0.08329  -0.36095
   0.34050   0.15671  -0.36095
   0.34050   0.15671  -0.36095
   0.34050   0.15671  -0.36095
   0.34050   0.15671  -0.36095
   0.34050   0.15671  -0.36095
   0.34050   0.15671  -0.36095
   0.34050   0.15671  -0.36095
   0.34050   0.15671  -0.36095
   0.34050   0.15671  -0.36095
   0.34050   0.15671  -0.36095
   0.34050   0.15671  -0.36095
   0.34050   0.15671  -0.36095
   0.34050   0.15671  -0.36095
   0.34050  -0.08329  -0.36095
   0.34050  -0.08329  -0.36095
   0.34050  -0.08329  -0.36095
   0.34050   0.15671  -0.36095
   0.34050   0.15671  -0.36095
   0.34050  -0.08329  -0.36095
   0.34050   0.15671  -0.36095
  -0.13950   0.15671  -0.36095
   0.34050  -0.08329  -0.36095
   0.34050  -0.08329  -0.36095
  -0.13950   0.15671  -0.36095
   0.34050  -0.08329  -0.36095
   0.34050  -0.08329  -0.36095
   0.34050  -0.08329  -0.36095
   0.34050   0.15671  -0.36095
   0.34050  -0.08329  -0.36095
   0.10050  -0.08329  -0.36095
   0.10050  -0.08329  -0.36095
   0.10050  -0.08329  -0.36095
   0.10050  -0.08329  -0.36095
   0.10050  -0.08329  -0.36095
   0.10050  -0.08329  -0.36095
   0.10050  -0.08329  -0.36095
   0.10050  -0.08329  -0.36095
   0.10050  -0.08329  -0.36095
   0.10050  -0.08329  -0.36095
   0.10050  -0.08329  -0.36095
   0.10050  -0.08329  -0.36095
   0.10050  -0.08329  -0.36095
   0.10050  -0.08329  -0.36095
   0.10050  -0.08329  -0.36095
   0.10050  -0.08329  -0.36095
   0.10050  -0.08329  -0.36095
   0.10050  -0.08329  -0.36095
   0.10050  -0.08329  -0.36095
   0.10050  -0.08329  -0.36095
   0.10050  -0.08329  -0.36095
   0.10050  -0.08329  -0.36095
   0.10050  -0.08329  -0.36095
   0.10050  -0.08329  -0.36095
   0.10050  -0.08329  -0.36095
   0.10050  -0.08329  -0.36095
   0.10050  -0.08329  -0.36095
  -0.13950  -0.08329  -0.36095
   0.10050  -0.08329  -0.36095
  -0.13950  -0.08329  -0.36095
  -0.13950  -0.08329  -0.12095
  -0.13950  -0.08329  -0.12095
   0.10050  -0.08329  -0.12095
  -0.13950  -0.08329  -0.12095
  -0.13950  -0.08329  -0.12095
  -0.13950  -0.08329  -0.36095
  -0.13950  -0.08329  -0.12095
  -0.13950  -0.08329  -0.12095
  -0.13950  -0.08329  -0.12095
  -0.13950  -0.08329  -0.12095
  -0.13950  -0.08329  -0.12095
  -0.13950  -0.08329  -0.12095
  -0.13950  -0.08329  -0.12095
  -0.13950  -0.08329  -0.12095
   0.10050  -0.08329  -0.12095
  -0.13950  -0.08329  -0.12095
  -0.13950  -0.08329  -0.12095
  -0.13950  -0.08329  -0.12095
  -0.13950  -0.08329  -0.12095
  -0.13950  -0.08329  -0.12095
  -0.13950  -0.08329  -0.12095
  -0.13950  -0.08329  -0.12095
  -0.13950  -0.08329  -0.12095
  -0.13950  -0.08329  -0.12095
  -0.13950  -0.08329  -0.12095
  -0.13950  -0.08329  -0.12095
  -0.37950  -0.32329  -0.12095
  -0.13950  -0.08329  -0.12095
  -0.13950  -0.08329  -0.12095
  -0.13950  -0.08329  -0.12095
  -0.13950  -0.08329  -0.12095
  -0.13950  -0.32329  -0.12095
  -0.13950  -0.08329  -0.12095
  -0.13950  -0.08329  -0.12095
  -0.13950  -0.08329  -0.12095
  -0.13950  -0.08329  -0.12095
  -0.13950  -0.08329  -0.12095
  -0.13950  -0.08329  -0.12095
  -0.13950  -0.08329  -0.12095
  -0.13950  -0.08329  -0.12095
  -0.13950  -0.08329  -0.12095
  -0.13950  -0.08329  -0.12095
  -0.13950  -0.08329  -0.12095
  -0.13950  -0.08329  -0.12095
  -0.13950  -0.08329  -0.12095
  -0.37950  -0.08329  -0.12095
  -0.13950  -0.08329  -0.12095
  -0.13950  -0.08329  -0.12095
  -0.13950  -0.08329  -0.12095
  -0.13950  -0.08329  -0.12095
  -0.13950  -0.08329   0.11905
  -0.13950  -0.08329  -0.12095
  -0.61950  -0.08329  -0.12095
  -0.13950  -0.08329  -0.12095
  -0.13950  -0.08329  -0.12095
  -0.13950  -0.08329  -0.12095
  -0.13950  -0.08329  -0.12095
  -0.13950  -0.08329   0.11905
  -0.13950  -0.08329  -0.12095
  -0.13950  -0.08329   0.11905
  -0.13950  -0.08329  -0.12095
  -0.13950  -0.08329   0.11905
  -0.13950  -0.08329   0.11905
  -0.13950   0.15671   0.11905
  -0.37950   0.15671   0.11905
  -0.13950  -0.08329   0.11905
  -0.37950  -0.08329   0.11905
  -0.37950   0.15671   0.11905
  -0.37950   0.15671   0.11905
  -0.13950  -0.08329   0.11905
  -0.37950  -0.08329   0.11905
  -0.37950   0.15671   0.11905
  -0.37950   0.15671   0.11905
  -0.37950   0.15671   0.11905
  -0.37950   0.15671   0.11905
  -0.37950  -0.08329   0.11905
  -0.13950   0.15671   0.11905
  -0.37950  -0.08329   0.11905
  -0.37950   0.15671   0.11905
  -0.37950   0.15671   0.11905
  -0.37950  -0.08329   0.11905
  -0.37950   0.15671   0.11905
  -0.37950  -0.08329   0.11905
  -0.37950   0.15671   0.11905
  -0.37950   0.15671   0.11905
  -0.37950   0.15671   0.11905
  -0.37950   0.15671   0.11905
  -0.37950  -0.08329   0.11905
  -0.37950   0.15671   0.11905
  -0.37950   0.15671   0.11905
  -0.37950  -0.08329   0.11905
  -0.37950   0.15671   0.35905
  -0.37950  -0.08329   0.11905
  -0.37950   0.15671   0.11905
  -0.37950   0.15671   0.11905
  -0.61950  -0.08329   0.11905
  -0.37950   0.15671   0.11905
  -0.37950   0.15671   0.11905
  -0.37950   0.15671   0.11905
  -0.37950   0.15671   0.11905
  -0.37950   0.15671   0.11905
  -0.37950   0.15671   0.35905
  -0.37950  -0.08329   0.35905
  -0.61950  -0.08329   0.11905
  -0.37950   0.15671   0.11905
  -0.37950   0.15671   0.35905
  -0.37950   0.15671   0.11905
  -0.37950   0.15671   0.35905
  -0.61950   0.15671   0.35905
  -0.37950   0.15671   0.35905
  -0.37950   0.15671   0.35905
  -0.37950  -0.08329   0.35905
  -0.37950   0.15671   0.35905
  -0.37950   0.15671   0.35905
  -0.37950  -0.08329   0.35905
  -0.37950  -0.08329   0.35905
  -0.37950   0.15671   0.35905
  -0.37950   0.15671   0.11905
  -0.37950   0.15671   0.35905
  -0.37950   0.15671   0.35905
  -0.37950   0.15671   0.11905
  -0.37950  -0.08329   0.35905
  -0.37950   0.15671   0.35905
  -0.37950  -0.08329   0.35905
  -0.37950   0.15671   0.35905
  -0.37950   0.15671   0.35905
  -0.37950  -0.08329   0.35905
  -0.61950   0.15671   0.35905
  -0.37950  -0.08329   0.35905
  -0.37950  -0.08329   0.35905
  -0.37950   0.15671   0.35905
  -0.37950   0.15671   0.35905
  -0.37950  -0.08329   0.35905
  -0.37950  -0.08329   0.35905
  -0.37950  -0.08329   0.35905
  -0.37950  -0.55329   0.35905
  -0.37950  -0.08329   0.35905
  -0.37950   0.15671   0.35905
  -0.37950  -0.08329   0.35905
  -0.37950  -0.08329   0.35905
  -0.37950   0.15671   0.35905
  -0.37950   0.15671   0.35905
  -0.37950  -0.08329   0.35905
  -0.37950  -0.08329   0.35905
  -0.37950  -0.08329   0.35905
  -0.37950   0.15671   0.35905
  -0.37950   0.15671   0.35905
  -0.37950   0.15671   0.35905
  -0.37950  -0.08329   0.35905
  -0.37950  -0.08329   0.35905
  -0.37950   0.15671   0.35905
  -0.37950  -0.08329   0.35905
  -0.37950  -0.08329   0.35905
  -0.37950  -0.08329   0.35905
  -0.37950  -0.08329   0.35905
  -0.37950   0.15671   0.35905
  -0.37950   0.15671   0.35905
  -0.37950  -0.08329   0.35905
  -0.37950  -0.08329   0.35905
  -0.37950  -0.08329   0.35905
  -0.13950  -0.08329   0.35905
  -0.37950  -0.08329   0.35905
  -0.37950  -0.08329   0.35905
  -0.37950  -0.08329   0.35905
  -0.13950  -0.08329   0.35905
  -0.13950   0.15671   0.11905
  -0.37950  -0.08329   0.35905
  -0.37950  -0.08329   0.35905
  -0.13950  -0.08329   0.35905
  -0.13950  -0.08329   0.35905
  -0.13950   0.15671   0.35905
  -0.13950   0.15671   0.35905
  -0.13950  -0.08329   0.35905
  -0.13950  -0.08329   0.35905
  -0.13950   0.15671   0.35905
  -0.13950   0.15671   0.35905
  -0.13950   0.15671   0.11905
  -0.13950  -0.08329   0.11905
  -0.13950  -0.08329   0.35905
  -0.13950  -0.08329   0.35905
  -0.13950   0.15671   0.11905
  -0.13950   0.15671   0.11905
  -0.13950  -0.08329   0.11905
  -0.13950   0.15671   0.11905
  -0.13950  -0.08329   0.35905
  -0.13950   0.15671   0.11905
  -0.13950   0.15671   0.11905
  -0.13950  -0.08329   0.35905
  -0.13950  -0.08329   0.11905
  -0.13950  -0.08329   0.35905
  -0.13950   0.15671   0.11905
  -0.13950   0.15671   0.11905
  -0.13950   0.15671   0.11905
  -0.13950  -0.08329   0.11905
   0.10050   0.15671   0.11905
  -0.13950  -0.08329   0.11905
  -0.13950   0.15671   0.11905
  -0.13950   0.15671   0.11905
  -0.13950  -0.08329   0.11905
  -0.13950  -0.08329   0.11905
  -0.13950  -0.08329   0.11905
  -0.13950   0.15671   0.11905
   0.10050   0.15671   0.11905
   0.10050   0.15671   0.11905
   0.10050   0.15671   0.11905
   0.10050   0.15671   0.11905
   0.10050   0.15671   0.11905
   0.10050   0.15671  -0.12095
   0.10050   0.15671   0.11905
   0.10050   0.15671   0.11905
   0.10050   0.15671   0.11905
   0.10050   0.15671   0.11905
   0.10050  -0.08329  -0.12095
   0.10050   0.15671   0.11905
   0.10050   0.15671   0.11905
   0.10050   0.15671  -0.12095
   0.10050   0.15671   0.11905
   0.10050   0.15671  -0.12095
   0.10050   0.15671  -0.12095
   0.10050   0.15671  -0.12095
   0.10050   0.15671  -0.12095
   0.10050   0.15671   0.11905
   0.10050  -0.08329  -0.12095
   0.10050   0.15671  -0.12095
   0.10050   0.15671  -0.12095
   0.10050   0.15671  -0.12095
   0.10050  -0.08329  -0.12095
   0.10050  -0.08329  -0.12095
   0.10050   0.15671  -0.12095
   0.10050   0.15671  -0.12095
   0.10050   0.15671  -0.12095
   0.10050   0.15671  -0.12095
   0.10050   0.15671  -0.12095
   0.10050   0.15671  -0.12095
   0.10050   0.15671  -0.12095
   0.10050   0.15671  -0.12095
   0.10050   0.15671  -0.12095
   0.10050   0.15671  -0.12095
   0.10050   0.15671  -0.12095
   0.10050   0.15671  -0.12095
  -0.13950   0.15671  -0.12095
   0.10050   0.15671  -0.12095
   0.10050   0.15671  -0.12095
   0.10050  -0.08329  -0.12095
   0.10050   0.15671  -0.12095
   0.10050   0.15671  -0.12095
   0.10050  -0.08329  -0.12095
   0.10050   0.15671  -0.12095
   0.10050   0.15671  -0.12095
   0.10050   0.15671  -0.12095
   0.10050   0.15671  -0.12095
   0.10050   0.15671  -0.12095
   0.34050   0.15671  -0.12095
   0.10050   0.15671  -0.12095
   0.10050   0.15671  -0.12095
   0.34050  -0.08329  -0.12095
   0.10050   0.15671  -0.12095
   0.34050   0.15671  -0.12095
   0.34050  -0.08329  -0.12095
   0.34050   0.15671  -0.12095
   0.34050  -0.08329  -0.12095
   0.34050   0.15671  -0.12095
   0.34050  -0.08329  -0.60095
   0.34050   0.15671  -0.12095
   0.34050  -0.08329  -0.12095
   0.34050  -0.08329  -0.12095
   0.34050  -0.08329  -0.12095
   0.34050   0.15671  -0.12095
   0.34050  -0.08329  -0.12095
   0.34050  -0.08329  -0.12095
   0.34050   0.15671  -0.12095
   0.34050  -0.08329  -0.12095
   0.34050  -0.08329  -0.12095
   0.34050   0.15671  -0.12095
   0.34050   0.15671  -0.12095
   0.34050  -0.08329  -0.12095
   0.34050   0.15671  -0.12095
   0.34050  -0.08329  -0.12095
   0.34050  -0.08329  -0.12095
   0.34050  -0.08329  -0.12095
   0.34050  -0.08329  -0.12095
   0.34050  -0.08329  -0.12095
   0.34050  -0.08329  -0.12095
   0.34050  -0.08329  -0.12095
   0.34050  -0.08329  -0.12095
   0.34050  -0.08329  -0.12095
   0.34050  -0.08329  -0.12095
   0.34050  -0.08329  -0.12095
   0.34050  -0.08329  -0.12095
   0.34050  -0.08329  -0.12095
   0.34050  -0.08329  -0.12095
   0.34050  -0.08329  -0.12095
   0.58050  -0.08329  -0.12095
   0.34050  -0.08329  -0.12095
   0.34050  -0.08329  -0.12095
   0.58050  -0.08329  -0.12095
   0.58050  -0.08329  -0.12095
   0.34050  -0.08329  -0.12095
   0.34050  -0.08329  -0.12095
   0.34050  -0.08329  -0.12095
   0.34050  -0.08329  -0.12095
   0.58050  -0.08329   0.11905
   0.58050  -0.08329   0.11905
   0.58050  -0.08329   0.11905
   0.58050  -0.08329  -0.12095
   0.58050  -0.08329  -0.12095
   0.34050  -0.08329  -0.12095
   0.34050  -0.08329  -0.12095
   0.58050  -0.08329  -0.12095
   0.58050  -0.08329  -0.12095
   0.58050  -0.08329  -0.12095
   0.58050  -0.08329   0.11905
   0.58050  -0.08329  -0.12095
   0.58050  -0.08329  -0.12095
   0.58050  -0.08329  -0.12095
   0.58050  -0.08329  -0.12095
   0.58050  -0.08329  -0.12095
   0.58050  -0.08329  -0.12095
   0.58050  -0.08329  -0.12095
   0.58050  -0.08329  -0.12095
   0.58050  -0.08329  -0.12095
   0.58050  -0.08329  -0.12095
   0.58050  -0.08329  -0.12095
   0.58050   0.15671  -0.12095
   0.58050  -0.08329  -0.12095
   0.58050  -0.08329  -0.12095
   0.58050  -0.08329  -0.12095
   0.58050  -0.08329  -0.12095
   0.58050  -0.08329  -0.12095
   0.58050  -0.08329  -0.12095
   0.58050  -0.08329  -0.12095
   0.58050   0.15671  -0.12095
   0.58050   0.15671  -0.12095
   0.58050   0.15671  -0.12095
   0.58050   0.15671  -0.60095
   0.58050  -0.08329  -0.12095
   0.58050  -0.08329  -0.12095
   0.34050  -0.08329  -0.12095
   0.58050  -0.08329  -0.12095
   0.58050  -0.08329  -0.12095
   0.58050  -0.08329  -0.12095
  -0.13950   0.15671  -0.12095
   0.58050  -0.08329  -0.12095
   0.34050  -0.08329  -0.12095
   0.34050   0.15671  -0.12095
   0.34050  -0.08329  -0.12095
   0.34050   0.15671  -0.12095
   0.58050   0.15671  -0.12095
   0.58050  -0.08329  -0.12095
   0.34050  -0.08329  -0.60095
   0.34050  -0.08329  -0.12095
   0.34050  -0.08329  -0.12095
   0.34050  -0.08329  -0.12095
   0.34050  -0.08329  -0.12095
   0.34050  -0.08329  -0.12095
   0.34050  -0.08329  -0.12095
   0.34050  -0.08329  -0.12095
   0.34050  -0.08329  -0.12095
   0.34050  -0.08329  -0.12095
   0.34050   0.15671  -0.12095
   0.34050  -0.08329  -0.12095
   0.34050  -0.08329  -0.12095
   0.34050  -0.08329  -0.12095
   0.34050  -0.08329  -0.12095
   0.34050  -0.08329  -0.12095
   0.34050  -0.08329  -0.12095
   0.34050  -0.08329  -0.12095
   0.34050  -0.08329  -0.12095
   0.34050  -0.08329  -0.12095
   0.34050  -0.08329  -0.36095
   0.34050  -0.08329  -0.12095
   0.34050  -0.08329  -0.12095
   0.34050  -0.08329  -0.12095
   0.34050  -0.08329  -0.12095
   0.34050  -0.08329  -0.12095
   0.34050  -0.08329  -0.12095
   0.34050  -0.08329  -0.12095
   0.34050  -0.08329  -0.12095
   0.34050  -0.08329  -0.12095
   0.10050  -0.08329  -0.12095
   0.10050  -0.08329  -0.12095
   0.10050  -0.08329  -0.12095
   0.10050  -0.08329  -0.12095
   0.10050  -0.08329  -0.12095
   0.10050  -0.08329  -0.12095
   0.10050  -0.08329  -0.12095
   0.10050  -0.08329  -0.12095
   0.10050  -0.08329  -0.12095
   0.10050  -0.08329  -0.12095
   0.10050  -0.08329  -0.12095
   0.10050  -0.08329  -0.12095
   0.10050  -0.08329  -0.12095
   0.10050  -0.08329  -0.12095
   0.10050  -0.08329  -0.12095
   0.10050  -0.08329  -0.12095
   0.10050  -0.08329  -0.12095
   0.10050  -0.08329  -0.12095
   0.10050  -0.08329  -0.12095
   0.10050  -0.08329  -0.12095
   0.10050  -0.08329  -0.12095
   0.10050  -0.08329  -0.12095
   0.10050  -0.08329  -0.12095
  -0.13950  -0.08329  -0.12095
  -0.13950  -0.08329  -0.12095
   0.10050  -0.08329  -0.12095
   0.10050  -0.08329  -0.36095
  -0.13950  -0.08329  -0.12095
  -0.13950  -0.08329  -0.12095
  -0.13950  -0.08329  -0.12095
  -0.13950  -0.08329  -0.12095
  -0.13950  -0.08329  -0.12095
  -0.13950  -0.08329  -0.12095
  -0.13950  -0.08329  -0.12095
  -0.13950  -0.08329  -0.12095
  -0.13950  -0.08329  -0.12095
  -0.13950  -0.08329  -0.12095
  -0.13950  -0.08329  -0.12095
  -0.13950  -0.08329  -0.12095
  -0.13950  -0.08329  -0.12095
  -0.13950  -0.08329  -0.12095
  -0.13950  -0.08329  -0.12095
  -0.13950  -0.08329  -0.12095
  -0.13950  -0.08329  -0.12095
  -0.13950  -0.08329  -0.12095
  -0.13950  -0.08329  -0.12095
  -0.13950  -0.08329  -0.12095
  -0.13950  -0.08329  -0.12095
  -0.13950  -0.08329  -0.12095
  -0.13950  -0.08329  -0.12095
  -0.13950  -0.08329  -0.12095
  -0.13950  -0.08329  -0.12095
  -0.13950  -0.08329  -0.12095
  -0.13950  -0.08329  -0.12095
  -0.13950  -0.08329  -0.12095
  -0.37950  -0.08329  -0.12095
  -0.37950  -0.08329  -0.12095
  -0.37950  -0.08329  -0.12095
  -0.37950  -0.08329  -0.12095
  -0.37950  -0.08329  -0.12095
  -0.37950  -0.08329  -0.12095
  -0.13950  -0.08329  -0.12095
  -0.37950  -0.08329  -0.12095
  -0.37950   0.15671  -0.12095
  -0.37950   0.15671  -0.12095
  -0.37950  -0.08329  -0.12095
  -0.37950  -0.08329  -0.12095
  -0.37950  -0.08329  -0.12095
  -0.37950  -0.08329  -0.12095
  -0.37950  -0.08329  -0.12095
  -0.37950  -0.08329  -0.12095
  -0.37950  -0.08329  -0.12095
  -0.37950  -0.08329  -0.12095
  -0.37950  -0.08329  -0.12095
  -0.37950  -0.08329  -0.12095
  -0.37950  -0.08329  -0.12095
  -0.37950  -0.08329  -0.12095
  -0.37950  -0.08329  -0.12095
  -0.37950  -0.08329  -0.12095
  -0.37950  -0.08329  -0.12095
  -0.37950  -0.08329  -0.12095
  -0.37950  -0.08329  -0.12095
  -0.37950  -0.08329  -0.12095
  -0.37950  -0.08329  -0.12095
  -0.37950  -0.08329  -0.12095
  -0.37950  -0.08329  -0.12095
  -0.61950  -0.08329  -0.12095
  -0.61950  -0.08329  -0.12095
  -0.61950   0.15671  -0.12095
  -0.61950  -0.08329  -0.12095
  -0.61950  -0.08329  -0.12095
  -0.61950  -0.08329  -0.12095
  -0.61950   0.15671  -0.12095
  -0.61950  -0.08329  -0.12095
  -0.61950   0.15671  -0.12095
  -0.61950  -0.08329  -0.12095
  -0.61950  -0.08329  -0.12095
  -0.37950  -0.08329  -0.12095
  -0.61950  -0.08329  -0.12095
  -0.61950   0.15671  -0.12095
  -0.61950  -0.08329  -0.12095
  -0.61950  -0.08329  -0.12095
  -0.61950  -0.08329  -0.12095
  -0.61950   0.15671  -0.12095
  -0.61950   0.15671  -0.12095
  -0.61950   0.15671  -0.12095
  -0.61950   0.15671  -0.12095
  -0.61950  -0.08329  -0.12095
  -0.61950  -0.08329  -0.12095
  -0.61950   0.15671  -0.12095
  -0.61950   0.15671  -0.12095
  -0.61950   0.15671  -0.12095
  -0.61950  -0.08329  -0.12095
  -0.61950   0.15671  -0.12095
  -0.61950   0.15671  -0.12095
  -0.61950   0.15671  -0.12095
  -0.61950   0.15671  -0.12095
  -0.61950   0.15671  -0.12095
  -0.61950   0.15671  -0.12095
  -0.61950   0.15671  -0.12095
  -0.61950   0.15671  -0.12095
  -0.61950   0.15671  -0.12095
  -0.61950   0.15671  -0.12095
  -0.61950   0.15671  -0.12095
  -0.61950   0.15671  -0.12095
  -0.61950   0.15671  -0.12095
  -0.61950   0.15671  -0.12095
  -0.61950   0.15671  -0.12095
  -0.61950   0.15671  -0.12095
  -0.61950  -0.08329  -0.12095
  -0.61950   0.15671  -0.12095
  -0.61950   0.15671  -0.12095
  -0.61950   0.15671  -0.12095
  -0.61950   0.15671  -0.12095
  -0.61950   0.15671  -0.12095
  -0.61950   0.15671  -0.12095
  -0.61950  -0.08329  -0.12095
  -0.61950   0.15671  -0.12095
  -0.61950   0.15671  -0.12095
  -0.61950   0.15671  -0.12095
  -0.61950   0.15671  -0.12095
  -0.61950   0.15671  -0.12095
  -0.61950   0.15671  -0.12095
  -0.61950   0.15671  -0.12095
  -0.37950   0.15671  -0.12095
  -0.61950   0.15671  -0.12095
  -0.61950  -0.08329  -0.12095
  -0.61950   0.15671  -0.12095
  -0.61950   0.15671  -0.12095
  -0.61950   0.15671  -0.12095
  -0.61950   0.15671   0.11905
  -0.61950   0.15671  -0.12095
  -0.37950  -0.08329  -0.12095
  -0.37950   0.15671  -0.12095
  -0.37950   0.15671  -0.12095
  -0.37950   0.15671  -0.12095
  -0.61950  -0.08329  -0.12095
  -0.61950  -0.08329  -0.12095
  -0.37950  -0.08329   0.11905
  -0.61950  -0.08329   0.11905
  -0.37950  -0.08329  -0.12095
  -0.37950   0.15671   0.11905
  -0.37950  -0.08329  -0.12095
  -0.37950   0.15671  -0.12095
  -0.37950  -0.08329   0.11905
  -0.37950  -0.08329   0.11905
  -0.37950  -0.08329   0.11905
  -0.37950  -0.08329   0.11905
  -0.37950  -0.08329   0.11905
  -0.37950  -0.08329   0.11905
  -0.61950   0.15671   0.11905
  -0.37950   0.15671   0.11905
  -0.37950   0.15671   0.11905
  -0.37950   0.15671   0.11905
  -0.37950   0.15671   0.11905
  -0.37950   0.15671   0.11905
  -0.37950  -0.08329   0.11905
  -0.37950   0.15671   0.11905
  -0.37950  -0.08329   0.11905
  -0.37950  -0.08329   0.11905
  -0.37950   0.15671   0.11905
  -0.37950  -0.08329   0.11905
  -0.37950  -0.08329   0.11905
  -0.37950  -0.08329   0.11905
  -0.37950  -0.08329   0.11905
  -0.37950  -0.08329   0.11905
  -0.13950  -0.08329   0.11905
  -0.13950  -0.08329   0.35905
  -0.13950   0.15671   0.11905
  -0.13950  -0.08329   0.11905
  -0.13950  -0.08329   0.35905
  -0.13950  -0.08329   0.11905
  -0.13950   0.15671   0.11905
  -0.13950  -0.08329   0.11905
  -0.13950  -0.08329   0.35905
  -0.13950   0.15671   0.35905
  -0.13950  -0.08329   0.11905
  -0.13950   0.15671   0.35905
  -0.13950   0.15671   0.35905
  -0.13950   0.15671   0.35905
  -0.13950   0.15671   0.35905
  -0.13950  -0.08329   0.35905
  -0.13950  -0.08329   0.35905
  -0.13950  -0.08329   0.35905
  -0.13950  -0.08329   0.35905
  -0.13950  -0.08329   0.35905
  -0.13950  -0.08329   0.35905
  -0.13950   0.15671   0.35905
   0.10050  -0.08329   0.35905
  -0.13950  -0.08329   0.35905
  -0.13950  -0.08329   0.35905
  -0.13950  -0.08329   0.35905
   0.10050   0.15671   0.35905
   0.10050  -0.08329   0.35905
   0.10050  -0.08329   0.35905
   0.10050   0.15671   0.35905
   0.10050   0.15671   0.35905
   0.10050   0.15671   0.35905
   0.10050   0.15671   0.35905
   0.10050  -0.08329   0.35905
   0.10050   0.15671   0.35905
   0.10050  -0.08329   0.35905
   0.10050   0.15671   0.35905
   0.34050   0.15671   0.35905
   0.10050   0.15671   0.35905
   0.34050   0.15671   0.35905
   0.34050   0.15671   0.35905
   0.34050   0.15671   0.35905
   0.34050   0.15671   0.35905
   0.34050   0.15671   0.35905
   0.34050   0.15671   0.35905
   0.34050   0.15671   0.35905
   0.34050   0.15671   0.35905
   0.34050   0.15671   0.35905
   0.34050   0.15671   0.35905
   0.34050   0.15671   0.35905
   0.34050   0.15671   0.35905
   0.34050   0.15671   0.35905
   0.34050   0.15671   0.35905
   0.34050   0.15671   0.35905
   0.34050   0.15671   0.35905
   0.34050   0.15671   0.35905
   0.34050   0.15671   0.35905
   0.34050   0.15671   0.35905
   0.34050   0.15671   0.35905
   0.34050   0.15671   0.35905
   0.34050   0.15671   0.59905
   0.34050   0.15671   0.35905
   0.34050   0.15671   0.35905
   0.34050   0.15671   0.35905
   0.34050   0.15671   0.35905
   0.34050   0.15671   0.35905
   0.34050   0.15671   0.11905
   0.34050   0.15671   0.35905
   0.58050   0.15671   0.35905
   0.58050   0.15671   0.35905
   0.58050   0.15671   0.35905
   0.58050   0.15671   0.35905
   0.58050   0.15671   0.59905
   0.58050   0.15671   0.35905
   0.58050   0.15671   0.35905
   0.58050   0.15671   0.35905
   0.58050   0.15671   0.59905
   0.58050   0.15671   0.35905
   0.58050   0.15671   0.35905
   0.58050   0.15671   0.35905
   0.58050   0.15671   0.35905
   0.58050  -0.08329   0.35905
   0.58050   0.15671   0.35905
   0.58050   0.15671   0.35905
   0.58050   0.15671   0.35905
   0.58050   0.15671   0.35905
   0.58050   0.15671   0.35905
   0.34050  -0.08329   0.35905
   0.58050  -0.08329   0.35905
   0.58050  -0.08329   0.35905
   0.58050  -0.08329   0.35905
   0.58050   0.15671   0.35905
   0.58050   0.15671   0.35905
   0.58050  -0.08329   0.35905
   0.58050  -0.08329   0.35905
   0.58050  -0.08329   0.35905
   0.58050  -0.08329   0.35905
   0.58050  -0.08329   0.35905
   0.58050  -0.08329   0.35905
   0.58050   0.15671   0.35905
   0.58050  -0.08329   0.35905
   0.58050  -0.08329   0.35905
   0.58050  -0.08329   0.35905
   0.34050   0.15671   0.35905
   0.58050  -0.08329   0.35905
   0.58050  -0.08329   0.35905
   0.58050  -0.08329   0.35905
   0.58050  -0.08329   0.35905
   0.58050  -0.32329   0.35905
   0.58050  -0.08329   0.35905
   0.58050  -0.08329   0.35905
   0.58050  -0.08329   0.35905
   0.58050  -0.08329   0.11905
   0.58050  -0.08329   0.11905
   0.58050  -0.08329   0.11905
   0.58050  -0.08329   0.11905
   0.58050  -0.08329   0.11905
   0.58050  -0.08329   0.11905
   0.58050  -0.08329   0.11905
   0.58050  -0.08329   0.11905
   0.58050  -0.08329   0.11905
   0.58050  -0.08329   0.11905
   0.58050  -0.08329   0.11905
   0.58050  -0.08329   0.11905
   0.58050  -0.08329   0.11905
   0.58050  -0.08329   0.11905
   0.58050  -0.08329   0.11905
   0.58050  -0.08329   0.11905
   0.58050  -0.08329   0.11905
   0.58050  -0.08329   0.11905
   0.58050  -0.08329   0.11905
   0.34050  -0.08329   0.11905
   0.58050  -0.08329   0.11905
   0.58050  -0.08329  -0.12095
   0.58050  -0.08329  -0.12095
   0.58050  -0.08329  -0.12095
   0.58050  -0.08329  -0.12095
   0.58050  -0.08329  -0.12095
   0.58050  -0.08329  -0.12095
   0.58050  -0.08329  -0.12095
   0.58050  -0.08329  -0.12095
   0.58050  -0.08329  -0.12095
   0.58050  -0.08329  -0.12095
   0.58050  -0.08329  -0.12095
   0.58050  -0.08329  -0.12095
   0.58050  -0.08329  -0.12095
   0.58050  -0.08329  -0.12095
   0.34050  -0.08329  -0.12095
   0.58050  -0.08329  -0.12095
   0.58050  -0.08329  -0.12095
   0.58050  -0.08329  -0.12095
   0.58050  -0.08329  -0.12095
   0.58050  -0.08329  -0.12095
   0.58050  -0.08329  -0.36095
   0.58050  -0.08329  -0.12095
   0.58050  -0.08329  -0.12095
   0.58050  -0.08329  -0.12095
   0.58050  -0.08329  -0.12095
   0.58050  -0.08329  -0.12095
   0.58050  -0.08329  -0.12095
   0.34050  -0.08329  -0.12095
   0.58050  -0.08329  -0.12095
   0.34050  -0.08329  -0.12095
   0.34050  -0.08329  -0.60095
   0.34050  -0.08329  -0.12095
   0.34050  -0.08329  -0.36095
   0.34050  -0.08329  -0.12095
   0.34050  -0.08329  -0.12095
   0.34050  -0.08329  -0.36095
   0.34050  -0.08329  -0.36095
   0.34050  -0.08329  -0.36095
   0.34050  -0.08329  -0.36095
   0.34050  -0.08329  -0.36095
   0.34050  -0.08329  -0.36095
   0.34050  -0.08329  -0.36095
   0.34050  -0.08329  -0.36095
   0.34050  -0.08329  -0.36095
   0.34050  -0.08329  -0.36095
   0.34050  -0.08329  -0.36095
   0.34050  -0.08329  -0.36095
   0.34050  -0.08329  -0.36095
   0.34050  -0.08329  -0.36095
   0.34050  -0.08329  -0.36095
   0.34050  -0.08329  -0.36095
   0.34050  -0.08329  -0.36095
   0.34050  -0.08329  -0.36095
   0.34050  -0.08329  -0.36095
   0.34050  -0.08329  -0.36095
   0.34050   0.15671  -0.60095
   0.34050   0.15671  -0.36095
   0.10050  -0.08329  -0.36095
   0.34050  -0.08329  -0.36095
   0.10050  -0.08329  -0.36095
   0.10050   0.15671  -0.36095
   0.10050  -0.08329  -0.36095
   0.10050   0.15671  -0.36095
   0.10050   0.15671  -0.36095
   0.10050  -0.08329  -0.36095
   0.10050   0.15671  -0.36095
   0.10050   0.15671  -0.60095
   0.10050   0.15671  -0.36095
   0.10050  -0.08329  -0.36095
   0.10050  -0.08329  -0.36095
   0.10050  -0.08329  -0.36095
   0.10050   0.15671  -0.36095
   0.10050  -0.08329  -0.36095
   0.10050  -0.08329  -0.60095
   0.10050  -0.08329  -0.36095
   0.10050  -0.08329  -0.60095
   0.10050  -0.08329  -0.36095
   0.10050  -0.08329  -0.36095
   0.10050  -0.08329  -0.36095
  -0.13950  -0.08329  -0.60095
  -0.13950  -0.08329  -0.60095
  -0.13950   0.15671  -0.60095
  -0.13950  -0.08329  -0.60095
  -0.13950  -0.08329  -0.60095
  -0.13950  -0.08329  -0.60095
  -0.37950  -0.08329  -0.60095
  -0.13950  -0.08329  -0.60095
  -0.13950  -0.08329  -0.60095
  -0.13950  -0.08329  -0.60095
  -0.13950  -0.08329  -0.60095
  -0.13950  -0.08329  -0.60095
  -0.13950  -0.08329  -0.60095
  -0.13950  -0.08329  -0.60095
  -0.13950  -0.08329  -0.60095
  -0.13950  -0.08329  -0.60095
  -0.37950  -0.08329  -0.60095
  -0.37950  -0.08329  -0.60095
  -0.37950   0.15671  -0.60095
  -0.61950  -0.08329  -0.60095
  -0.37950  -0.08329  -0.60095
  -0.37950  -0.08329  -0.60095
  -0.37950   0.15671  -0.60095
  -0.37950  -0.08329  -0.60095
  -0.37950  -0.08329  -0.60095
  -0.37950  -0.08329  -0.60095
  -0.37950  -0.08329  -0.60095
  -0.37950  -0.08329  -0.60095
  -0.37950  -0.08329  -0.60095
  -0.37950  -0.08329  -0.60095
  -0.37950  -0.08329  -0.60095
  -0.37950  -0.08329  -0.60095
  -0.37950  -0.08329  -0.60095
  -0.37950  -0.08329  -0.60095
  -0.37950  -0.08329  -0.36095
  -0.61950  -0.08329  -0.60095
  -0.61950  -0.08329  -0.60095
  -0.37950  -0.08329  -0.60095
  -0.61950  -0.08329  -0.60095
  -0.61950  -0.08329  -0.60095
  -0.61950  -0.08329  -0.60095
  -0.61950  -0.08329  -0.60095
  -0.61950  -0.08329  -0.60095
  -0.61950  -0.08329  -0.60095
  -0.61950  -0.08329  -0.60095
  -0.61950  -0.08329  -0.36095
  -0.61950  -0.08329  -0.36095
  -0.61950  -0.32329  -0.36095
  -0.61950   0.15671  -0.36095
  -0.61950  -0.08329  -0.36095
  -0.61950  -0.08329  -0.36095
  -0.61950  -0.08329  -0.36095
  -0.61950  -0.08329  -0.36095
  -0.61950  -0.08329  -0.36095
  -0.61950  -0.08329  -0.36095
  -0.61950  -0.08329  -0.36095
  -0.61950  -0.08329  -0.36095
  -0.85950  -0.08329  -0.36095
  -0.61950  -0.08329  -0.36095
  -0.61950  -0.08329  -0.36095
  -0.61950  -0.08329  -0.36095
  -0.61950  -0.08329  -0.36095
  -0.61950  -0.08329  -0.36095
  -0.61950  -0.08329  -0.36095
  -0.61950   0.15671  -0.36095
  -0.61950  -0.08329  -0.12095
  -0.61950  -0.08329  -0.12095
  -0.61950   0.15671  -0.36095
  -0.61950  -0.08329  -0.36095
  -0.61950  -0.08329  -0.36095
  -0.85950  -0.08329  -0.36095
  -0.61950   0.15671  -0.36095
  -0.61950  -0.08329  -0.36095
  -0.61950  -0.08329  -0.36095
  -0.61950  -0.08329  -0.12095
  -0.61950  -0.08329  -0.12095
  -0.61950  -0.08329  -0.12095
  -0.61950  -0.08329  -0.12095
  -0.85950  -0.08329  -0.12095
  -0.61950   0.15671  -0.12095
  -0.61950   0.15671  -0.12095
  -0.61950  -0.08329  -0.12095
  -0.61950   0.15671  -0.12095
  -0.61950   0.15671  -0.12095
  -0.61950   0.15671  -0.12095
  -0.61950   0.15671  -0.12095
  -0.61950   0.15671  -0.12095
  -0.61950   0.15671  -0.12095
  -0.61950   0.15671  -0.12095
  -0.61950   0.15671  -0.12095
  -0.61950   0.15671  -0.12095
  -0.61950   0.15671  -0.12095
  -0.61950   0.15671  -0.12095
  -0.61950   0.15671  -0.12095
  -0.61950   0.15671  -0.12095
  -0.61950  -0.08329  -0.12095
  -0.61950  -0.08329  -0.12095
  -0.61950   0.15671  -0.12095
  -0.61950   0.15671  -0.12095
  -0.61950   0.15671   0.11905
  -0.61950   0.15671  -0.12095
  -0.61950  -0.08329   0.11905
  -0.61950  -0.08329   0.11905
  -0.61950  -0.08329   0.11905
  -0.61950   0.15671   0.11905
  -0.61950  -0.08329   0.11905
  -0.61950  -0.08329   0.11905
  -0.61950  -0.08329   0.11905
  -0.61950  -0.08329   0.11905
  -0.37950  -0.08329   0.11905
  -0.61950  -0.08329  -0.12095
  -0.61950  -0.08329   0.11905
  -0.61950  -0.08329   0.11905
  -0.61950  -0.08329   0.11905
  -0.61950  -0.08329   0.11905
  -0.61950   0.15671   0.11905
  -0.61950   0.15671   0.35905
  -0.61950  -0.08329   0.11905
  -0.61950  -0.08329   0.35905
  -0.61950  -0.08329   0.11905
  -0.61950   0.15671   0.35905
  -0.61950   0.15671   0.35905
  -1.09950  -0.08329   0.35905
  -0.37950  -0.08329   0.35905
  -0.37950  -0.08329   0.35905
  -0.37950   0.15671   0.35905
  -0.37950   0.15671   0.35905
  -0.37950   0.15671   0.35905
  -0.37950  -0.08329   0.35905
  -0.37950  -0.08329   0.35905
  -0.37950   0.15671   0.35905
  -0.37950   0.15671   0.11905
  -0.37950  -0.08329   0.35905
  -0.37950  -0.08329   0.35905
  -0.37950  -0.08329   0.35905
  -0.37950   0.15671   0.35905
  -0.37950   0.15671   0.35905
  -0.37950   0.15671   0.35905
  -0.37950   0.15671   0.35905
  -0.37950  -0.08329   0.35905
  -0.37950  -0.08329   0.35905
  -0.37950  -0.08329   0.35905
  -0.37950  -0.08329   0.35905
  -0.37950   0.15671   0.11905
  -0.37950  -0.08329   0.35905
  -0.37950  -0.08329   0.35905
  -0.13950  -0.08329   0.35905
  -0.37950   0.15671   0.35905
  -0.37950   0.15671   0.35905
  -0.13950  -0.08329   0.35905
  -0.37950   0.15671   0.35905
  -0.61950  -0.08329   0.35905
  -0.13950   0.15671   0.35905
  -0.13950  -0.08329   0.35905
  -0.13950  -0.08329   0.35905
  -0.13950  -0.08329   0.35905
  -0.13950  -0.08329   0.59905
  -0.13950   0.15671   0.59905
  -0.13950  -0.08329   0.35905
  -0.13950  -0.08329   0.59905
  -0.13950  -0.08329   0.59905
  -0.13950   0.15671   0.59905
  -0.13950   0.15671   0.59905
  -0.13950  -0.08329   0.59905
  -0.13950  -0.08329   0.59905
  -0.13950  -0.08329   0.59905
  -0.13950  -0.08329   0.59905
  -0.13950  -0.08329   0.59905
  -0.13950   0.15671   0.59905
  -0.13950  -0.08329   0.59905
  -0.13950  -0.08329   0.59905
   0.10050  -0.08329   0.59905
   0.10050  -0.08329   0.59905
  -0.13950   0.15671   0.59905
   0.10050  -0.08329   0.59905
   0.10050  -0.08329   0.59905
   0.10050  -0.08329   0.59905
   0.10050  -0.08329   0.59905
   0.10050  -0.08329   0.59905
   0.10050  -0.08329   0.59905
   0.10050  -0.08329   0.59905
   0.10050  -0.08329   0.59905
   0.10050  -0.08329   0.59905
   0.10050   0.15671   0.35905
   0.10050  -0.08329   0.59905
   0.10050  -0.08329   0.59905
   0.10050  -0.08329   0.59905
   0.10050  -0.08329   0.59905
   0.10050  -0.08329   0.35905
   0.10050  -0.08329   0.35905
   0.10050  -0.08329   0.59905
   0.10050  -0.08329   0.35905
   0.10050  -0.08329   0.59905
   0.10050  -0.08329   0.35905
   0.10050  -0.08329   0.59905
   0.34050  -0.08329   0.35905
   0.34050  -0.08329   0.35905
   0.34050  -0.08329   0.35905
   0.34050  -0.08329   0.35905
   0.34050  -0.08329   0.35905
   0.34050  -0.08329   0.35905
   0.34050  -0.08329   0.35905
   0.34050  -0.08329   0.35905
   0.34050  -0.08329   0.35905
   0.34050  -0.08329   0.35905
   0.34050  -0.08329   0.35905
   0.34050  -0.08329   0.35905
   0.34050  -0.08329   0.35905
   0.34050  -0.08329   0.35905
   0.34050  -0.08329   0.35905
   0.34050  -0.08329   0.35905
   0.34050  -0.08329   0.35905
   0.34050  -0.08329   0.35905
   0.34050  -0.08329   0.35905
   0.34050  -0.08329   0.35905
   0.34050  -0.08329   0.35905
   0.34050  -0.08329   0.35905
   0.58050  -0.08329   0.35905
   0.34050  -0.08329   0.35905
   0.34050  -0.08329   0.35905
   0.58050  -0.08329   0.35905
   0.34050  -0.08329   0.35905
   0.34050  -0.08329   0.35905
   0.58050  -0.08329   0.35905
   0.58050  -0.08329   0.35905
   0.58050  -0.08329   0.35905
   0.34050  -0.08329   0.35905
   0.58050  -0.08329   0.35905
   0.58050  -0.08329   0.35905
   0.58050  -0.08329   0.35905
   0.58050  -0.08329   0.11905
   0.58050  -0.08329   0.35905
   0.58050  -0.08329   0.35905
   0.58050  -0.08329   0.35905
   0.58050  -0.08329   0.35905
   0.58050  -0.08329   0.35905
   0.58050  -0.08329   0.35905
   0.58050  -0.08329   0.35905
   0.58050  -0.08329   0.11905
   0.58050  -0.08329   0.11905
   0.58050  -0.08329   0.35905
   0.58050  -0.08329   0.35905
   0.58050  -0.08329   0.11905
   0.58050  -0.08329   0.11905
   0.58050  -0.08329   0.11905
   0.58050  -0.08329   0.11905
   0.58050  -0.08329   0.11905
   0.58050  -0.08329   0.11905
   0.58050  -0.08329   0.11905
   0.58050  -0.08329  -0.12095
   0.58050  -0.08329  -0.12095
   0.58050  -0.08329   0.11905
   0.58050  -0.08329   0.11905
   0.58050  -0.08329   0.11905
   0.58050  -0.08329   0.11905
   0.58050  -0.08329   0.11905
   0.58050  -0.08329   0.11905
   0.58050  -0.08329   0.11905
   0.58050  -0.08329   0.11905
   0.58050  -0.08329  -0.12095
   0.58050  -0.08329   0.11905
   0.58050  -0.08329   0.11905
   0.58050  -0.32329  -0.12095
   0.58050  -0.08329  -0.12095
   0.58050  -0.08329  -0.12095
   0.58050  -0.08329  -0.12095
   0.58050  -0.08329  -0.12095
   0.58050  -0.08329  -0.12095
   0.58050  -0.08329   0.11905
   0.58050  -0.08329  -0.12095
   0.58050  -0.08329  -0.12095
   0.58050  -0.08329  -0.12095
   0.58050  -0.08329  -0.12095
   0.58050  -0.08329  -0.12095
   0.58050  -0.08329  -0.12095
   0.58050  -0.08329  -0.12095
   0.58050  -0.08329  -0.12095
   0.58050  -0.08329  -0.12095
   0.58050  -0.08329  -0.12095
   0.58050  -0.08329  -0.12095
   0.58050  -0.08329  -0.12095
   0.58050  -0.08329  -0.12095
   0.58050  -0.08329  -0.12095
   0.58050  -0.08329  -0.12095
   0.58050  -0.08329  -0.12095
   0.58050  -0.08329  -0.12095
   0.58050  -0.08329  -0.12095
   0.58050  -0.08329  -0.12095
   0.58050  -0.08329  -0.12095
   0.58050  -0.08329  -0.12095
   0.58050  -0.08329  -0.12095
   0.58050  -0.08329  -0.36095
   0.58050  -0.08329  -0.12095
   0.58050  -0.08329  -0.36095
   0.58050  -0.08329  -0.36095
   0.58050  -0.08329  -0.36095
   0.58050   0.15671  -0.36095
   0.58050  -0.08329  -0.36095
   0.58050   0.15671  -0.36095
   0.34050  -0.08329  -0.36095
   0.34050   0.15671  -0.36095
   0.34050   0.15671  -0.36095
   0.34050  -0.08329  -0.36095
   0.34050  -0.08329  -0.36095
   0.34050   0.15671  -0.36095
   0.34050   0.15671  -0.36095
   0.34050  -0.08329  -0.36095
   0.34050   0.15671  -0.36095
   0.34050  -0.08329  -0.36095
   0.34050  -0.08329  -0.36095
   0.34050  -0.08329  -0.60095
   0.34050  -0.08329  -0.36095
   0.34050  -0.08329  -0.36095
   0.34050  -0.08329  -0.36095
   0.34050  -0.08329  -0.36095
   0.34050  -0.08329  -0.36095
   0.34050  -0.08329  -0.36095
   0.34050  -0.08329  -0.36095
   0.34050  -0.08329  -0.36095
   0.34050  -0.08329  -0.36095
   0.34050  -0.08329  -0.36095
   0.34050   0.15671  -0.60095
   0.34050   0.15671  -0.36095
   0.34050  -0.08329  -0.36095
   0.34050  -0.08329  -0.36095
   0.34050  -0.08329  -0.36095
   0.34050   0.15671  -0.36095
   0.10050  -0.08329  -0.36095
   0.34050   0.15671  -0.36095
   0.34050   0.15671  -0.36095
   0.10050  -0.08329  -0.36095
   0.10050  -0.08329  -0.36095
   0.10050   0.15671  -0.36095
   0.10050  -0.08329  -0.36095
   0.10050   0.15671  -0.36095
   0.10050   0.15671  -0.36095
   0.10050   0.15671  -0.36095
   0.10050   0.15671  -0.60095
   0.10050   0.15671  -0.36095
   0.10050   0.15671  -0.36095
   0.10050  -0.08329  -0.36095
   0.10050   0.15671  -0.36095
   0.10050   0.15671  -0.36095
   0.10050  -0.08329  -0.36095
   0.10050   0.15671  -0.36095
   0.10050   0.15671  -0.36095
   0.10050   0.15671  -0.36095
   0.10050  -0.08329  -0.36095
   0.10050  -0.08329  -0.36095
   0.10050   0.15671  -0.36095
   0.10050   0.15671  -0.36095
   0.10050   0.15671  -0.60095
   0.10050  -0.08329  -0.36095
   0.10050   0.15671  -0.36095
  -0.13950  -0.08329  -0.36095
   0.10050   0.15671  -0.36095
  -0.13950   0.15671  -0.36095
  -0.13950  -0.08329  -0.36095
  -0.13950  -0.08329  -0.36095
  -0.13950  -0.08329  -0.36095
   0.10050   0.15671  -0.36095
  -0.13950   0.15671  -0.36095
  -0.13950   0.15671  -0.36095
  -0.13950  -0.08329  -0.36095
  -0.13950  -0.08329  -0.36095
  -0.13950  -0.08329  -0.36095
  -0.13950  -0.08329  -0.36095
  -0.13950  -0.08329  -0.36095
  -0.13950  -0.08329  -0.36095
  -0.13950   0.15671  -0.36095
  -0.13950   0.15671  -0.36095
  -0.13950  -0.08329  -0.36095
  -0.13950  -0.08329  -0.36095
  -0.13950  -0.08329  -0.36095
  -0.13950  -0.08329  -0.36095
  -0.13950  -0.08329  -0.36095
  -0.13950  -0.08329  -0.36095
  -0.13950  -0.08329  -0.36095
  -0.13950  -0.08329  -0.36095
  -0.37950  -0.08329  -0.36095
  -0.37950  -0.08329  -0.36095
  -0.13950  -0.08329  -0.36095
  -0.13950  -0.08329  -0.12095
  -0.37950  -0.08329  -0.36095
  -0.37950  -0.08329  -0.12095
  -0.37950  -0.08329  -0.36095
  -0.37950  -0.08329  -0.36095
  -0.37950  -0.08329  -0.12095
  -0.37950  -0.08329  -0.12095
  -0.37950  -0.08329  -0.12095
  -0.37950  -0.08329  -0.12095
  -0.37950  -0.08329  -0.12095
  -0.37950  -0.08329  -0.12095
  -0.37950  -0.08329  -0.12095
  -0.37950  -0.08329  -0.12095
  -0.37950  -0.08329  -0.12095
  -0.37950  -0.08329  -0.12095
  -0.37950  -0.08329  -0.12095
  -0.37950  -0.08329  -0.12095
  -0.37950  -0.08329  -0.12095
  -0.37950  -0.08329  -0.12095
  -0.37950   0.15671  -0.12095
  -0.37950   0.15671  -0.12095
  -0.37950  -0.08329  -0.12095
  -0.37950  -0.08329  -0.12095
  -0.61950  -0.08329  -0.12095
  -0.37950  -0.08329  -0.12095
  -0.37950  -0.08329  -0.12095
  -0.37950  -0.08329  -0.12095
  -0.37950  -0.08329  -0.12095
  -0.37950  -0.08329  -0.36095
  -0.37950  -0.08329  -0.12095
  -0.37950  -0.08329  -0.12095
  -0.37950  -0.08329  -0.12095
  -0.37950   0.15671  -0.12095
  -0.37950  -0.08329   0.11905
  -0.37950   0.15671  -0.12095
  -0.37950   0.15671  -0.12095
  -0.37950  -0.08329   0.11905
  -0.37950  -0.08329   0.11905
  -0.61950  -0.08329   0.11905
  -0.37950   0.15671   0.11905
  -0.37950  -0.08329   0.11905
  -0.37950   0.15671   0.11905
  -0.61950  -0.08329   0.11905
  -0.37950   0.15671  -0.12095
  -0.61950  -0.08329   0.11905
  -0.61950  -0.08329   0.11905
  -0.61950  -0.08329   0.11905
  -0.61950   0.15671   0.11905
  -0.37950   0.15671   0.11905
  -0.61950   0.15671   0.11905
  -0.61950   0.15671   0.11905
  -0.37950   0.15671   0.11905
  -0.61950   0.15671   0.11905
  -0.61950   0.15671   0.11905
  -0.61950   0.15671   0.11905
  -0.61950   0.15671   0.11905
  -0.61950  -0.08329   0.35905
  -0.61950   0.15671   0.11905
  -0.61950   0.15671   0.11905
  -0.61950   0.15671   0.35905
  -0.61950   0.15671   0.35905
  -0.61950   0.15671   0.35905
  -0.61950  -0.08329   0.35905
  -0.61950  -0.08329   0.35905
  -0.61950   0.15671   0.35905
  -0.61950  -0.08329   0.35905
  -0.61950   0.15671   0.35905
  -0.61950   0.15671   0.35905
  -0.61950  -0.08329   0.35905
  -0.61950  -0.08329   0.35905
  -0.61950   0.15671   0.35905
  -0.61950   0.15671   0.35905
  -0.61950   0.15671   0.35905
  -0.61950   0.15671   0.35905
  -0.61950   0.15671   0.35905
  -0.61950   0.15671   0.35905
  -0.61950   0.15671   0.35905
  -0.61950   0.15671   0.35905
  -0.61950   0.15671   0.35905
  -0.61950   0.15671   0.11905
  -0.61950  -0.08329   0.35905
  -0.61950   0.15671   0.35905
  -0.61950  -0.08329   0.35905
  -0.61950   0.15671   0.35905
  -0.37950  -0.08329   0.35905
  -0.61950  -0.08329   0.35905
  -0.61950  -0.08329   0.35905
  -0.61950   0.15671   0.35905
  -0.61950   0.15671   0.35905
  -0.37950   0.15671   0.35905
  -0.61950   0.15671   0.35905
  -0.61950   0.15671   0.35905
  -0.61950   0.15671   0.35905
  -0.37950  -0.08329   0.35905
  -0.37950   0.15671   0.35905
  -0.37950  -0.08329   0.35905
  -0.37950   0.15671   0.35905
  -0.37950  -0.08329   0.35905
  -0.37950   0.15671   0.35905
  -0.37950   0.15671   0.35905
  -0.37950   0.15671   0.35905
  -0.37950   0.15671   0.35905
  -0.37950   0.15671   0.35905
  -0.37950  -0.08329   0.35905
  -0.37950  -0.08329   0.59905
  -0.37950  -0.08329   0.35905
  -0.37950  -0.08329   0.35905
  -0.37950  -0.08329   0.35905
  -0.37950  -0.08329   0.59905
  -0.37950   0.15671   0.35905
  -0.37950  -0.08329   0.35905
  -0.37950   0.15671   0.35905
  -0.37950   0.15671   0.35905
  -0.37950  -0.08329   0.35905
  -0.37950   0.15671   0.35905
  -0.37950  -0.08329   0.35905
  -0.37950  -0.08329   0.35905
  -0.37950  -0.08329   0.35905
  -0.37950  -0.08329   0.35905
  -0.37950   0.15671   0.35905
  -0.13950  -0.08329   0.35905
  -0.13950   0.15671   0.35905
  -0.37950   0.15671   0.35905
  -0.13950  -0.08329   0.35905
  -0.13950   0.15671   0.35905
  -0.13950   0.15671   0.35905
  -0.13950  -0.08329   0.35905
  -0.13950  -0.08329   0.35905
  -0.13950   0.15671   0.35905
  -0.61950  -0.08329   0.35905
  -0.13950   0.15671   0.35905
  -0.13950  -0.08329   0.35905
  -0.13950  -0.08329   0.35905
  -0.13950   0.15671   0.35905
  -0.13950  -0.08329   0.35905
  -0.13950   0.15671   0.35905
  -0.13950   0.15671   0.35905
  -0.13950  -0.08329   0.35905
  -0.13950  -0.08329   0.35905
  -0.13950  -0.08329   0.35905
  -0.13950  -0.08329   0.35905
  -0.13950   0.15671   0.35905
  -0.13950  -0.08329   0.35905
  -0.13950   0.15671   0.35905
  -0.13950  -0.08329   0.35905
  -0.13950  -0.08329   0.35905
   0.10050  -0.08329   0.35905
   0.10050  -0.08329   0.35905
   0.10050  -0.08329   0.35905
   0.10050  -0.08329   0.35905
   0.10050  -0.08329   0.35905
   0.10050   0.15671   0.35905
   0.10050  -0.08329   0.35905
   0.10050   0.15671   0.11905
   0.10050  -0.08329   0.35905
   0.10050   0.15671   0.35905
   0.10050  -0.08329   0.35905
   0.10050  -0.08329   0.11905
   0.10050   0.15671   0.35905
   0.10050  -0.08329   0.11905
   0.10050  -0.08329   0.11905
   0.10050   0.15671   0.11905
   0.10050   0.15671   0.11905
   0.10050   0.15671   0.11905
   0.10050   0.15671   0.11905
   0.10050  -0.08329   0.11905
   0.10050   0.15671   0.11905
   0.10050  -0.08329   0.11905
   0.10050   0.15671   0.11905
   0.10050   0.15671   0.11905
   0.10050  -0.08329   0.11905
   0.10050  -0.08329   0.11905
   0.10050  -0.08329   0.11905
   0.10050  -0.08329  -0.60095
   0.10050  -0.08329   0.11905
   0.10050  -0.08329   0.11905
   0.10050  -0.08329   0.11905
   0.10050  -0.08329   0.11905
   0.10050  -0.08329   0.11905
   0.10050   0.15671   0.11905
   0.10050   0.15671   0.11905
   0.10050   0.15671   0.11905
   0.10050   0.15671   0.11905
   0.10050   0.15671   0.11905
   0.10050  -0.08329   0.11905
   0.10050  -0.08329   0.11905
   0.10050   0.15671   0.11905
   0.34050  -0.08329   0.11905
   0.10050   0.15671   0.11905
   0.34050  -0.32329  -0.12095
   0.34050  -0.08329   0.11905
   0.34050  -0.08329   0.11905
   0.10050  -0.08329  -0.12095
   0.10050   0.15671  -0.12095
   0.34050  -0.08329  -0.12095
   0.34050  -0.08329  -0.12095
   0.34050  -0.08329  -0.12095
   0.34050  -0.32329  -0.12095
   0.10050  -0.08329  -0.12095
   0.34050  -0.08329  -0.12095
   0.34050  -0.08329  -0.12095
   0.34050  -0.08329  -0.12095
   0.34050  -0.08329  -0.12095
   0.34050  -0.08329  -0.12095
   0.34050   0.15671  -0.12095
   0.10050  -0.08329  -0.12095
   0.34050  -0.08329  -0.12095
   0.34050  -0.08329  -0.12095
   0.34050  -0.08329  -0.12095
   0.34050  -0.08329  -0.12095
   0.34050   0.15671  -0.12095
   0.34050   0.15671  -0.12095
   0.34050  -0.08329  -0.12095
   0.34050  -0.08329  -0.12095
   0.34050  -0.08329  -0.12095
   0.34050   0.15671  -0.12095
   0.34050  -0.08329  -0.12095
   0.34050  -0.08329  -0.12095
   0.34050  -0.08329  -0.12095
   0.34050  -0.08329  -0.12095
   0.34050  -0.08329  -0.12095
   0.34050  -0.08329  -0.12095
   0.34050  -0.08329  -0.12095
   0.34050  -0.08329  -0.12095
   0.34050  -0.08329  -0.12095
   0.34050   0.15671  -0.12095
   0.34050  -0.08329  -0.12095
   0.34050   0.15671  -0.12095
   0.34050   0.15671  -0.12095
   0.34050  -0.08329  -0.12095
   0.34050  -0.08329  -0.12095
   0.34050  -0.08329  -0.12095
   0.34050  -0.08329  -0.36095
   0.34050  -0.08329  -0.12095
   0.34050   0.15671  -0.12095
   0.34050  -0.08329  -0.12095
   0.34050  -0.08329  -0.12095
   0.34050  -0.08329  -0.12095
   0.34050  -0.08329  -0.12095
   0.34050  -0.08329  -0.36095
   0.34050  -0.08329  -0.12095
   0.34050  -0.08329  -0.36095
   0.34050  -0.08329  -0.36095
   0.34050  -0.08329  -0.36095
   0.34050  -0.08329  -0.36095
   0.34050  -0.08329  -0.36095
   0.34050   0.15671  -0.36095
   0.34050  -0.08329  -0.36095
   0.34050  -0.08329  -0.36095
   0.34050  -0.08329  -0.36095
   0.34050  -0.08329  -0.36095
   0.34050  -0.08329  -0.36095
   0.34050  -0.08329  -0.36095
   0.34050  -0.08329  -0.36095
   0.34050  -0.08329  -0.36095
   0.34050  -0.08329  -0.36095
   0.34050  -0.08329  -0.36095
   0.34050  -0.08329  -0.36095
   0.34050  -0.08329  -0.36095
   0.34050  -0.08329  -0.36095
   0.34050  -0.08329  -0.36095
   0.34050  -0.08329  -0.36095
   0.34050  -0.08329  -0.36095
   0.34050  -0.08329  -0.36095
   0.34050  -0.08329  -0.36095
   0.34050  -0.08329  -0.36095
   0.34050  -0.08329  -0.36095
   0.34050  -0.08329  -0.36095
   0.34050  -0.08329  -0.36095
   0.34050  -0.08329  -0.36095
   0.34050  -0.08329  -0.36095
   0.34050  -0.08329  -0.36095
   0.34050  -0.08329  -0.36095
   0.34050  -0.08329  -0.36095
   0.34050  -0.08329  -0.36095
   0.34050  -0.08329  -0.36095
   0.34050  -0.08329  -0.36095
   0.34050  -0.08329  -0.36095
   0.34050  -0.08329  -0.36095
   0.34050  -0.08329  -0.36095
   0.34050  -0.08329  -0.36095
   0.34050  -0.08329  -0.36095
   0.34050  -0.08329  -0.36095
   0.34050  -0.08329  -0.36095
   0.34050  -0.08329  -0.36095
   0.34050  -0.08329  -0.36095
   0.34050  -0.08329  -0.36095
   0.34050  -0.08329  -0.36095
   0.34050  -0.08329  -0.36095
   0.34050  -0.08329  -0.36095
   0.34050  -0.08329  -0.36095
   0.34050  -0.08329  -0.36095
   0.34050  -0.08329  -0.36095
   0.34050   0.15671  -0.36095
   0.34050  -0.08329  -0.36095
   0.34050  -0.08329  -0.36095
   0.34050  -0.08329  -0.36095
   0.34050  -0.08329  -0.36095
   0.34050   0.15671  -0.36095
   0.34050  -0.08329  -0.36095
   0.34050  -0.08329  -0.36095
   0.34050  -0.08329  -0.36095
   0.34050  -0.08329  -0.36095
   0.34050  -0.08329  -0.36095
   0.34050  -0.08329  -0.36095
   0.34050  -0.08329  -0.36095
   0.34050  -0.08329  -0.36095
   0.34050  -0.08329  -0.36095
   0.34050  -0.08329  -0.36095
   0.34050  -0.08329  -0.36095
   0.34050  -0.08329  -0.36095
   0.34050  -0.08329  -0.36095
   0.10050  -0.08329  -0.36095
   0.34050  -0.08329  -0.36095
   0.10050  -0.08329  -0.36095
   0.10050  -0.08329  -0.36095
   0.10050  -0.08329  -0.36095
   0.10050  -0.08329  -0.36095
   0.10050  -0.08329  -0.36095
   0.10050  -0.08329  -0.36095
  -0.13950  -0.08329  -0.36095
   0.10050  -0.08329  -0.36095
   0.34050  -0.08329  -0.36095
   0.10050  -0.08329  -0.12095
   0.10050  -0.08329  -0.60095
   0.10050  -0.08329  -0.36095
   0.10050  -0.08329  -0.12095
   0.10050  -0.08329  -0.36095
   0.10050  -0.08329  -0.12095
   0.10050  -0.08329  -0.12095
   0.10050  -0.08329  -0.12095
   0.10050  -0.08329  -0.12095
   0.10050  -0.08329  -0.12095
   0.10050  -0.55329  -0.12095
   0.10050  -0.08329  -0.12095
   0.10050  -0.08329  -0.12095
   0.10050  -0.08329  -0.12095
   0.10050  -0.08329  -0.12095
   0.10050  -0.08329  -0.12095
   0.10050  -0.08329  -0.12095
   0.10050  -0.08329  -0.12095
   0.10050  -0.08329  -0.12095
   0.10050  -0.08329  -0.12095
   0.10050  -0.08329  -0.12095
   0.10050  -0.08329  -0.12095
   0.10050  -0.08329  -0.12095
   0.10050  -0.08329  -0.12095
  -0.13950  -0.08329  -0.12095
  -0.13950  -0.08329  -0.12095
   0.10050  -0.08329  -0.12095
   0.10050  -0.08329  -0.12095
   0.10050  -0.08329  -0.12095
   0.10050  -0.08329  -0.12095
   0.10050  -0.08329  -0.12095
   0.10050  -0.08329  -0.12095
   0.10050  -0.08329  -0.12095
   0.10050  -0.08329  -0.12095
  -0.13950  -0.08329  -0.12095
  -0.37950  -0.08329  -0.12095
   0.10050  -0.08329  -0.12095
  -0.13950  -0.08329  -0.12095
  -0.13950  -0.08329  -0.12095
  -0.13950  -0.08329  -0.12095
  -0.13950  -0.08329  -0.12095
  -0.13950  -0.08329  -0.12095
   0.10050  -0.08329   0.11905
  -0.13950  -0.08329  -0.12095
  -0.13950  -0.08329   0.11905
  -0.13950  -0.08329   0.11905
  -0.13950  -0.08329   0.11905
  -0.13950  -0.08329   0.11905
  -0.13950  -0.08329   0.11905
  -0.13950  -0.08329   0.11905
  -0.13950  -0.08329   0.11905
  -0.13950  -0.08329  -0.12095
  -0.13950  -0.08329   0.11905
  -0.13950  -0.08329   0.11905
  -0.13950   0.15671   0.11905
  -0.13950  -0.08329   0.11905
  -0.13950  -0.08329   0.11905
  -0.13950  -0.08329   0.11905
  -0.13950  -0.08329   0.11905
  -0.13950  -0.08329   0.11905
  -0.13950  -0.08329   0.11905
  -0.13950  -0.08329   0.11905
  -0.13950  -0.08329   0.11905
  -0.13950  -0.08329   0.11905
  -0.13950   0.15671   0.11905
  -0.13950  -0.08329   0.11905
  -0.13950   0.15671   0.11905
  -0.13950  -0.08329   0.11905
  -0.13950  -0.08329   0.11905
  -0.13950  -0.08329   0.11905
  -0.13950   0.15671   0.11905
  -0.13950   0.15671   0.11905
  -0.13950   0.15671   0.11905
  -0.13950  -0.08329   0.11905
  -0.13950   0.15671   0.11905
  -0.13950  -0.08329   0.11905
  -0.13950  -0.08329   0.11905
  -0.13950  -0.08329   0.35905
  -0.13950   0.15671   0.11905
  -0.13950  -0.08329   0.11905
  -0.13950   0.15671   0.11905
  -0.13950   0.15671   0.11905
  -0.13950  -0.08329   0.11905
  -0.13950  -0.08329   0.35905
  -0.13950  -0.08329   0.11905
  -0.13950  -0.08329   0.11905
  -0.13950  -0.08329   0.11905
  -0.13950   0.15671   0.11905
  -0.13950  -0.08329   0.11905
  -0.13950  -0.08329   0.11905
  -0.13950   0.15671   0.11905
  -0.13950  -0.08329   0.11905
  -0.13950  -0.08329   0.11905
  -0.13950  -0.08329   0.11905
  -0.13950  -0.08329   0.11905
  -0.13950  -0.08329   0.11905
  -0.13950   0.15671   0.11905
  -0.13950  -0.08329   0.35905
  -0.13950  -0.08329   0.35905
  -0.13950   0.15671   0.11905
  -0.61950  -0.08329   0.11905
  -0.13950  -0.08329   0.11905
  -0.13950  -0.08329   0.11905
  -0.13950  -0.08329   0.11905
  -0.13950   0.15671   0.11905
  -0.13950   0.15671   0.11905
  -0.13950  -0.08329   0.11905
  -0.13950  -0.08329   0.11905
  -0.13950  -0.08329   0.11905
  -0.13950  -0.08329   0.11905
  -0.13950  -0.08329   0.11905
  -0.13950   0.15671   0.11905
  -0.13950   0.15671   0.11905
  -0.13950   0.15671   0.11905
  -0.13950  -0.08329   0.11905
  -0.13950  -0.08329   0.11905
  -0.13950  -0.08329   0.11905
  -0.13950   0.15671   0.11905
  -0.13950   0.15671   0.11905
  -0.13950   0.15671   0.35905
  -0.13950   0.15671   0.35905
  -0.13950   0.15671   0.35905
  -0.13950  -0.08329   0.11905
  -0.13950  -0.08329   0.35905
  -0.13950   0.15671   0.11905
  -0.13950  -0.08329   0.11905
  -0.13950  -0.08329   0.11905
  -0.13950  -0.08329   0.35905
  -0.13950  -0.08329   0.11905
  -0.13950  -0.08329   0.35905
  -0.13950   0.15671   0.35905
  -0.13950  -0.08329   0.35905
  -0.13950   0.15671   0.35905
  -0.13950  -0.08329   0.35905
  -0.13950  -0.08329   0.11905
  -0.13950  -0.08329   0.35905
  -0.13950   0.15671   0.35905
  -0.13950  -0.08329   0.35905
  -0.13950  -0.08329   0.35905
  -0.13950   0.15671   0.35905
  -0.13950   0.15671   0.35905
  -0.13950  -0.08329   0.35905
  -0.13950   0.15671   0.35905
  -0.13950   0.15671   0.35905
  -0.13950   0.15671   0.35905
  -0.13950   0.15671   0.35905
  -0.13950  -0.08329   0.35905
  -0.13950  -0.08329   0.35905
  -0.13950   0.15671   0.35905
  -0.13950   0.15671   0.35905
  -0.37950   0.15671   0.35905
  -0.13950   0.15671   0.35905
  -0.13950   0.15671   0.35905
  -0.13950  -0.08329   0.35905
  -0.13950   0.15671   0.35905
  -0.13950   0.15671   0.11905
  -0.37950  -0.08329   0.35905
  -0.13950  -0.08329   0.35905
  -0.13950   0.15671   0.35905
  -0.13950   0.15671   0.35905
  -0.13950   0.15671   0.35905
  -0.13950   0.15671   0.35905
  -0.13950   0.15671   0.35905
  -0.13950   0.15671   0.11905
  -0.13950   0.15671   0.11905
  -0.13950  -0.08329   0.35905
  -0.37950   0.15671   0.35905
  -0.37950   0.15671   0.35905
  -0.37950   0.15671   0.35905
  -0.37950   0.15671   0.35905
  -0.37950   0.15671   0.35905
  -0.37950   0.15671   0.35905
  -0.37950   0.15671   0.35905
  -0.37950   0.15671   0.35905
  -0.13950   0.15671   0.35905
  -0.37950  -0.08329   0.35905
  -0.37950   0.15671   0.35905
  -0.37950   0.15671   0.35905
  -0.37950   0.15671   0.35905
  -0.37950   0.15671   0.35905
  -0.37950   0.15671   0.35905
  -0.37950   0.15671   0.35905
  -0.37950  -0.08329   0.35905
  -0.37950   0.15671   0.35905
  -0.37950   0.15671   0.35905
  -0.37950   0.15671   0.35905
  -0.37950   0.15671   0.35905
  -0.37950   0.15671   0.35905
  -0.37950   0.15671   0.35905
  -0.37950   0.15671   0.35905
  -0.37950   0.15671   0.35905
  -0.37950   0.15671   0.11905
  -0.37950   0.15671   0.35905
  -0.37950   0.15671   0.35905
  -0.37950   0.15671   0.35905
  -0.37950   0.15671   0.35905
  -0.37950  -0.08329   0.11905
  -0.37950   0.15671   0.35905
  -0.37950   0.15671   0.35905
  -0.37950  -0.08329   0.35905
  -0.37950   0.15671   0.11905
  -0.37950   0.15671   0.35905
  -0.37950   0.15671   0.11905
  -0.37950   0.15671   0.11905
  -0.37950  -0.08329   0.11905
  -0.37950   0.15671   0.11905
  -0.37950  -0.08329   0.11905
  -0.37950   0.15671   0.11905
  -0.37950   0.15671   0.11905
  -0.37950   0.15671   0.11905
  -0.37950   0.15671   0.11905
  -0.37950   0.15671   0.11905
  -0.37950  -0.08329   0.11905
  -0.37950   0.15671  -0.12095
  -0.37950   0.15671   0.11905
  -0.13950   0.15671   0.11905
  -0.37950   0.15671   0.11905
  -0.37950   0.15671   0.11905
  -0.37950  -0.08329   0.11905
  -0.13950   0.15671   0.11905
  -0.13950   0.15671   0.11905
  -0.13950   0.15671   0.11905
  -0.37950   0.15671   0.11905
  -0.13950   0.15671   0.11905
  -0.13950   0.15671   0.11905
  -0.13950   0.15671   0.11905
  -0.13950   0.15671  -0.12095
  -0.13950  -0.08329   0.11905
  -0.13950   0.15671  -0.12095
  -0.13950  -0.08329   0.11905
  -0.37950   0.15671   0.11905
  -0.13950   0.15671   0.11905
  -0.13950  -0.08329   0.11905
  -0.13950   0.15671   0.11905
  -0.13950  -0.08329   0.11905
  -0.13950  -0.08329   0.11905
  -0.13950  -0.08329   0.11905
  -0.13950  -0.08329   0.11905
  -0.13950   0.15671   0.11905
  -0.37950  -0.08329   0.11905
  -0.13950  -0.08329   0.11905
  -0.13950  -0.08329   0.11905
  -0.13950   0.15671   0.11905
  -0.13950  -0.08329   0.11905
  -0.13950   0.15671   0.11905
  -0.13950   0.15671   0.11905
  -0.13950  -0.08329   0.11905
  -0.13950   0.15671   0.11905
  -0.13950   0.15671   0.11905
  -0.13950   0.15671  -0.12095
  -0.13950  -0.08329   0.11905
  -0.13950  -0.08329   0.11905
  -0.13950  -0.08329  -0.12095
  -0.13950  -0.08329   0.11905
  -0.13950  -0.08329   0.11905
  -0.13950  -0.08329   0.11905
  -0.13950   0.15671   0.11905
  -0.13950  -0.08329   0.11905
  -0.13950  -0.08329  -0.12095
  -0.13950  -0.08329   0.11905
   0.10050  -0.08329   0.11905
  -0.13950  -0.08329   0.11905
  -0.13950  -0.08329   0.11905
  -0.13950   0.15671  -0.12095
   0.10050  -0.08329  -0.12095
   0.10050  -0.08329  -0.12095
   0.10050  -0.08329  -0.12095
   0.10050  -0.08329  -0.12095
  -0.13950  -0.08329  -0.12095
  -0.13950  -0.08329  -0.12095
   0.10050  -0.08329  -0.12095
  -0.13950  -0.08329  -0.12095
   0.10050  -0.08329  -0.12095
   0.10050  -0.08329  -0.12095
   0.10050  -0.08329  -0.12095
   0.10050  -0.08329  -0.12095
   0.10050  -0.08329  -0.12095
   0.10050  -0.08329  -0.12095
   0.10050  -0.08329  -0.12095
   0.10050  -0.08329  -0.12095
   0.10050  -0.08329  -0.12095
   0.10050  -0.08329  -0.12095
   0.10050  -0.08329  -0.12095
   0.10050  -0.08329  -0.12095
   0.10050  -0.08329  -0.12095
   0.10050  -0.08329  -0.12095
   0.10050  -0.08329  -0.12095
   0.10050  -0.08329  -0.12095
   0.10050  -0.08329  -0.12095
   0.10050  -0.08329  -0.12095
   0.10050  -0.08329  -0.12095
   0.10050  -0.08329  -0.12095
   0.10050  -0.08329  -0.12095
   0.10050  -0.08329  -0.12095
   0.10050  -0.08329  -0.12095
   0.10050  -0.08329  -0.12095
   0.10050  -0.08329  -0.12095
   0.10050  -0.08329  -0.12095
   0.10050  -0.08329  -0.12095
   0.10050  -0.08329  -0.12095
   0.10050  -0.08329  -0.12095
   0.10050  -0.08329  -0.12095
   0.10050  -0.08329  -0.12095
   0.10050  -0.08329  -0.12095
   0.10050  -0.08329  -0.12095
   0.10050  -0.08329  -0.12095
   0.10050  -0.08329  -0.12095
   0.10050   0.15671  -0.12095
   0.10050  -0.08329  -0.12095
   0.10050   0.15671  -0.12095
   0.10050   0.15671  -0.12095
   0.10050  -0.08329  -0.12095
   0.10050  -0.08329  -0.12095
   0.10050  -0.08329  -0.12095
   0.10050  -0.08329  -0.12095
   0.10050  -0.08329  -0.12095
   0.10050  -0.08329  -0.12095
   0.10050  -0.08329  -0.12095
   0.10050  -0.08329  -0.12095
   0.10050  -0.08329  -0.12095
   0.34050  -0.08329  -0.12095
   0.10050  -0.08329  -0.12095
   0.10050  -0.08329  -0.12095
   0.10050  -0.08329  -0.12095
   0.34050  -0.08329  -0.12095
   0.10050  -0.08329  -0.12095
   0.10050   0.15671  -0.12095
   0.10050  -0.08329  -0.12095
   0.10050   0.15671  -0.12095
   0.10050  -0.08329  -0.12095
   0.10050  -0.08329  -0.12095
   0.10050  -0.08329  -0.12095
   0.34050   0.15671  -0.12095
   0.10050   0.15671  -0.12095
   0.10050  -0.08329  -0.12095
   0.34050   0.15671  -0.12095
   0.34050  -0.08329  -0.12095
   0.34050  -0.08329  -0.12095
   0.34050   0.15671  -0.12095
   0.34050  -0.08329  -0.12095
   0.34050  -0.08329  -0.12095
   0.34050  -0.08329  -0.12095
   0.34050   0.15671  -0.12095
   0.34050   0.15671  -0.12095
   0.34050  -0.08329  -0.12095
   0.34050   0.15671  -0.12095
   0.34050  -0.08329  -0.12095
   0.34050   0.15671  -0.12095
   0.34050  -0.08329  -0.12095
   0.34050   0.15671  -0.12095
   0.34050   0.15671  -0.12095
   0.34050  -0.08329  -0.12095
   0.34050   0.15671  -0.12095
   0.34050  -0.08329  -0.12095
   0.34050   0.15671  -0.12095
   0.34050   0.15671  -0.12095
   0.10050   0.15671  -0.12095
   0.34050   0.15671  -0.12095
   0.34050  -0.08329  -0.12095
   0.34050  -0.08329  -0.12095
   0.34050  -0.08329  -0.12095
   0.34050  -0.08329  -0.12095
   0.34050  -0.08329  -0.12095
   0.34050  -0.08329  -0.12095
   0.34050  -0.08329  -0.36095
   0.34050  -0.08329  -0.12095
   0.34050  -0.08329  -0.12095
   0.34050  -0.08329  -0.36095
   0.34050  -0.08329  -0.12095
   0.34050  -0.08329  -0.12095
   0.34050  -0.08329  -0.36095
   0.34050   0.15671  -0.36095
   0.34050  -0.08329  -0.36095
   0.34050  -0.08329  -0.12095
   0.34050  -0.08329  -0.36095
   0.34050  -0.08329  -0.36095
   0.34050   0.15671  -0.36095
   0.34050  -0.08329  -0.36095
   0.34050  -0.08329  -0.12095
   0.34050  -0.08329  -0.36095
   0.34050  -0.08329  -0.12095
   0.34050  -0.08329  -0.36095
   0.34050  -0.08329  -0.36095
   0.34050   0.15671  -0.36095
   0.34050  -0.08329  -0.36095
   0.34050  -0.08329  -0.36095
   0.34050  -0.08329  -0.36095
   0.34050  -0.08329  -0.36095
   0.34050  -0.08329  -0.36095
   0.34050  -0.08329  -0.36095
   0.34050  -0.08329  -0.12095
   0.34050  -0.08329  -0.36095
   0.34050  -0.08329  -0.36095
   0.34050  -0.08329  -0.36095
   0.34050  -0.08329  -0.36095
   0.34050  -0.08329  -0.36095
   0.34050  -0.08329  -0.36095
   0.34050  -0.08329  -0.36095
   0.34050  -0.08329  -0.36095
   0.34050  -0.08329  -0.36095
   0.34050  -0.08329  -0.36095
   0.34050  -0.08329  -0.36095
   0.34050  -0.08329  -0.36095
   0.34050  -0.08329  -0.36095
   0.34050  -0.08329  -0.36095
   0.34050  -0.08329  -0.36095
   0.58050  -0.08329  -0.36095
   0.34050  -0.08329  -0.36095
   0.34050  -0.08329  -0.36095
   0.34050  -0.08329  -0.36095
   0.34050  -0.08329  -0.36095
   0.34050  -0.08329  -0.36095
   0.34050  -0.08329  -0.36095
   0.34050  -0.08329  -0.36095
   0.34050  -0.08329  -0.36095
   0.34050   0.15671  -0.36095
   0.34050   0.15671  -0.36095
   0.34050  -0.08329  -0.36095
   0.34050  -0.08329  -0.36095
   0.34050  -0.08329  -0.36095
   0.34050  -0.08329  -0.36095
   0.34050  -0.08329  -0.36095
   0.10050  -0.08329  -0.36095
   0.34050  -0.08329  -0.36095
   0.34050  -0.08329  -0.36095
   0.34050  -0.08329  -0.36095
   0.34050  -0.08329  -0.36095
   0.34050  -0.08329  -0.36095
   0.34050  -0.08329  -0.36095
   0.34050  -0.08329  -0.36095
   0.34050  -0.08329  -0.36095
   0.34050  -0.08329  -0.36095
   0.34050  -0.08329  -0.36095
   0.34050  -0.08329  -0.36095
   0.34050  -0.08329  -0.36095
   0.34050  -0.08329  -0.36095
   0.34050  -0.08329  -0.36095
   0.34050  -0.08329  -0.36095
   0.34050  -0.08329  -0.36095
   0.34050  -0.08329  -0.36095
   0.34050  -0.08329  -0.36095
   0.34050  -0.08329  -0.36095
   0.34050  -0.08329  -0.36095
   0.10050  -0.08329  -0.36095
   0.10050  -0.08329  -0.36095
   0.10050  -0.08329  -0.12095
   0.10050  -0.08329  -0.12095
   0.10050  -0.08329  -0.12095
   0.10050  -0.08329  -0.12095
   0.10050  -0.08329  -0.12095
   0.10050  -0.08329  -0.36095
   0.10050  -0.08329  -0.12095
   0.10050  -0.32329  -0.36095
   0.10050  -0.08329  -0.12095
   0.10050  -0.08329  -0.12095
   0.10050  -0.08329  -0.12095
   0.10050  -0.08329  -0.12095
   0.10050  -0.08329  -0.12095
   0.10050  -0.08329  -0.12095
   0.10050  -0.08329  -0.12095
   0.10050  -0.08329  -0.12095
   0.10050  -0.08329  -0.12095
   0.10050  -0.08329  -0.12095
   0.10050  -0.08329  -0.12095
   0.10050  -0.08329  -0.12095
   0.10050  -0.08329  -0.12095
   0.10050  -0.08329  -0.12095
   0.10050  -0.08329  -0.12095
   0.10050  -0.08329  -0.12095
   0.10050  -0.08329  -0.12095
   0.10050  -0.08329  -0.12095
   0.10050  -0.08329  -0.12095
   0.10050  -0.08329  -0.12095
   0.10050  -0.08329  -0.12095
   0.10050  -0.08329  -0.12095
   0.10050  -0.08329  -0.12095
  -0.13950  -0.08329  -0.12095
  -0.13950  -0.08329  -0.12095
   0.10050  -0.08329  -0.12095
   0.10050  -0.08329  -0.12095
  -0.13950  -0.08329  -0.12095
  -0.13950   0.15671  -0.12095
   0.10050  -0.08329  -0.12095
  -0.13950  -0.08329  -0.12095
  -0.13950  -0.08329  -0.12095
  -0.13950  -0.08329  -0.12095
  -0.13950  -0.08329  -0.12095
  -0.13950  -0.08329  -0.12095
  -0.13950  -0.08329   0.11905
  -0.13950  -0.08329   0.11905
  -0.13950  -0.08329   0.11905
  -0.13950  -0.08329   0.11905
  -0.13950  -0.08329   0.11905
  -0.13950  -0.08329   0.11905
  -0.13950   0.15671   0.11905
  -0.13950  -0.08329   0.11905
  -0.13950   0.15671   0.11905
  -0.13950   0.15671   0.11905
  -0.13950  -0.08329   0.11905
  -0.13950  -0.08329   0.11905
  -0.13950  -0.08329   0.11905
  -0.13950   0.15671   0.11905
  -0.13950   0.15671   0.11905
  -0.13950   0.15671   0.11905
  -0.13950  -0.08329   0.11905
  -0.13950  -0.08329   0.11905
  -0.13950  -0.08329   0.11905
  -0.13950  -0.08329   0.11905
  -0.13950  -0.08329   0.11905
  -0.13950  -0.08329   0.11905
  -0.37950  -0.08329   0.11905
  -0.13950  -0.08329   0.11905
  -0.13950  -0.08329   0.11905
  -0.13950  -0.08329   0.11905
  -0.13950  -0.08329   0.11905
  -0.13950  -0.08329   0.11905
  -0.13950  -0.08329   0.11905
  -0.13950  -0.08329   0.11905
  -0.13950  -0.08329   0.11905
  -0.13950  -0.08329   0.11905
  -0.13950  -0.08329   0.11905
  -0.37950  -0.08329   0.11905
  -0.13950  -0.08329   0.11905
  -0.13950  -0.08329   0.11905
  -0.13950  -0.08329   0.11905
  -0.13950  -0.08329   0.35905
  -0.37950  -0.08329   0.35905
  -0.37950  -0.08329   0.11905
  -0.37950  -0.08329   0.35905
  -0.37950  -0.08329   0.35905
  -0.37950  -0.08329   0.35905
  -0.37950  -0.08329   0.35905
  -0.37950  -0.08329   0.35905
  -0.37950  -0.08329   0.35905
  -0.13950  -0.08329   0.35905
  -0.37950  -0.08329   0.35905
  -0.13950  -0.08329   0.35905
  -0.61950  -0.08329   0.35905
  -0.13950  -0.08329   0.35905
  -0.37950  -0.08329   0.35905
  -0.37950  -0.08329   0.35905
  -0.13950  -0.08329   0.35905
  -0.37950  -0.08329   0.35905
  -0.37950  -0.08329   0.35905
  -0.37950  -0.08329   0.35905
  -0.37950  -0.08329   0.35905
  -0.37950  -0.08329   0.35905
  -0.37950  -0.08329   0.35905
  -0.13950  -0.55329   0.35905
  -0.37950  -0.08329   0.35905
  -0.37950  -0.08329   0.35905
  -0.37950  -0.08329   0.35905
  -0.37950  -0.08329   0.35905
  -0.37950  -0.08329   0.35905
  -0.13950  -0.08329   0.35905
  -0.37950  -0.08329   0.35905
  -0.37950  -0.08329  -0.12095
  -0.37950  -0.08329   0.35905
  -0.37950  -0.08329  -0.12095
  -0.37950  -0.08329   0.35905
  -0.13950  -0.08329   0.35905
  -0.37950  -0.08329   0.35905
  -0.13950  -0.08329   0.35905
  -0.13950  -0.08329   0.35905
  -0.37950  -0.08329   0.35905
  -0.13950  -0.08329   0.35905
  -0.13950  -0.08329   0.35905
  -0.13950   0.15671   0.35905
  -0.13950  -0.08329   0.35905
  -0.13950  -0.08329   0.35905
  -0.13950   0.15671   0.35905
  -0.13950  -0.08329   0.35905
  -0.13950   0.15671   0.35905
  -0.13950  -0.08329   0.35905
  -0.13950   0.15671  -0.12095
  -0.13950   0.15671   0.35905
  -0.13950  -0.08329   0.35905
  -0.13950  -0.08329   0.35905
  -0.13950  -0.08329   0.35905
  -0.13950  -0.08329   0.35905
  -0.13950  -0.08329   0.35905
  -0.13950  -0.08329   0.35905
  -0.13950  -0.08329   0.35905
  -0.13950  -0.08329   0.35905
  -0.13950  -0.08329   0.35905
  -0.13950   0.15671   0.35905
  -0.37950  -0.08329   0.35905
  -0.13950  -0.08329   0.35905
  -0.13950  -0.08329   0.35905
  -0.13950  -0.08329   0.35905
  -0.13950  -0.08329   0.35905
  -0.37950  -0.08329   0.35905
  -0.13950   0.15671   0.35905
  -0.13950   0.15671   0.35905
  -0.13950   0.15671   0.35905
  -0.13950  -0.08329   0.35905
  -0.37950  -0.08329   0.35905
  -0.13950   0.15671   0.35905
  -0.13950  -0.08329   0.35905
  -0.13950  -0.08329   0.35905
  -0.13950   0.15671   0.35905
  -0.13950  -0.08329   0.35905
  -0.13950  -0.08329   0.35905
  -0.13950  -0.08329   0.35905
  -0.13950   0.15671   0.35905
  -0.13950   0.15671   0.35905
  -0.13950  -0.08329   0.35905
  -0.13950  -0.08329   0.11905
  -0.13950  -0.08329   0.35905
  -0.13950  -0.08329   0.35905
  -0.13950  -0.08329   0.35905
  -0.13950  -0.08329   0.35905
  -0.13950   0.15671   0.35905
  -0.13950   0.15671   0.35905
  -0.13950  -0.08329   0.35905
  -0.13950  -0.08329   0.35905
  -0.13950  -0.08329   0.35905
  -0.13950   0.15671   0.35905
  -0.13950  -0.08329   0.35905
  -0.13950   0.15671   0.35905
  -0.13950   0.15671   0.35905
  -0.13950  -0.08329   0.35905
  -0.13950  -0.08329   0.35905
  -0.13950  -0.08329   0.35905
  -0.13950  -0.08329   0.35905
  -0.13950  -0.08329   0.35905
  -0.13950  -0.08329   0.35905
  -0.13950  -0.08329   0.35905
  -0.13950   0.15671   0.35905
  -0.13950   0.15671   0.35905
  -0.13950  -0.08329   0.35905
  -0.13950   0.15671   0.35905
  -0.13950   0.15671   0.35905
  -0.13950   0.15671   0.35905
  -0.37950  -0.08329   0.35905
  -0.13950  -0.08329   0.35905
  -0.13950   0.15671   0.35905
  -0.13950  -0.08329   0.35905
  -0.13950  -0.08329   0.35905
  -0.13950   0.15671   0.35905
  -0.13950   0.15671   0.35905
  -0.13950  -0.08329   0.35905
  -0.13950  -0.08329   0.35905
  -0.13950  -0.08329   0.35905
   0.10050   0.15671   0.35905
  -0.13950   0.15671   0.35905
  -0.13950   0.15671   0.11905
  -0.13950   0.15671   0.11905
   0.10050   0.15671   0.35905
   0.10050  -0.08329   0.11905
   0.10050  -0.08329   0.35905
   0.10050   0.15671   0.35905
   0.10050  -0.08329   0.35905
   0.10050  -0.08329   0.11905
   0.10050   0.15671   0.35905
   0.10050   0.15671   0.35905
   0.10050  -0.08329   0.11905
   0.10050  -0.08329   0.11905
   0.10050   0.15671   0.11905
   0.10050  -0.08329   0.11905
   0.10050  -0.08329   0.11905
   0.10050   0.15671   0.11905
   0.10050   0.15671   0.11905
   0.10050   0.15671   0.11905
  -0.13950  -0.08329   0.11905
   0.10050   0.15671   0.11905
   0.10050   0.15671   0.11905
   0.10050   0.15671   0.11905
   0.10050   0.15671   0.11905
   0.10050   0.15671   0.11905
   0.10050   0.15671   0.11905
   0.10050   0.15671   0.11905
   0.10050   0.15671   0.11905
   0.10050   0.15671   0.11905
   0.10050   0.15671   0.11905
   0.10050  -0.08329   0.11905
   0.10050   0.15671   0.11905
   0.10050   0.15671   0.11905
   0.10050   0.15671  -0.12095
   0.10050   0.15671  -0.12095
   0.10050   0.15671  -0.12095
   0.10050   0.15671  -0.12095
   0.10050   0.15671  -0.12095
   0.10050   0.15671  -0.12095
   0.10050   0.15671  -0.12095
   0.10050  -0.08329  -0.12095
   0.10050   0.15671  -0.12095
   0.10050   0.15671  -0.12095
   0.10050   0.15671  -0.12095
   0.10050  -0.08329  -0.12095
   0.10050   0.15671  -0.12095
   0.10050   0.15671  -0.12095
   0.10050   0.15671  -0.12095
   0.10050  -0.08329  -0.12095
   0.10050  -0.08329  -0.12095
   0.10050   0.15671  -0.12095
   0.34050  -0.08329  -0.12095
   0.10050  -0.08329  -0.12095
   0.10050  -0.08329  -0.12095
   0.34050   0.15671  -0.12095
   0.10050   0.15671  -0.12095
   0.10050   0.15671  -0.12095
   0.10050   0.15671  -0.12095
   0.10050   0.15671  -0.12095
   0.34050   0.15671  -0.12095
   0.10050   0.15671  -0.12095
   0.10050   0.15671  -0.36095
   0.10050  -0.08329  -0.36095
   0.34050   0.15671  -0.36095
   0.10050   0.15671  -0.36095
   0.10050   0.15671  -0.36095
   0.10050  -0.08329  -0.36095
   0.10050  -0.08329  -0.36095
   0.10050   0.15671  -0.36095
   0.10050   0.15671  -0.36095
   0.10050   0.15671  -0.36095
   0.10050   0.15671  -0.36095
   0.10050   0.15671  -0.36095
   0.10050  -0.08329  -0.36095
   0.34050   0.15671  -0.12095
   0.10050   0.15671  -0.36095
   0.10050   0.15671  -0.36095
   0.10050   0.15671  -0.36095
   0.10050   0.15671  -0.36095
   0.10050  -0.08329  -0.36095
   0.10050  -0.08329  -0.36095
   0.10050   0.15671  -0.36095
   0.10050   0.15671  -0.36095
   0.10050   0.15671  -0.36095
   0.10050  -0.08329  -0.36095
   0.10050  -0.08329  -0.36095
   0.10050  -0.08329  -0.36095
   0.10050  -0.08329  -0.36095
   0.10050  -0.08329  -0.36095
   0.10050   0.15671  -0.36095
   0.10050   0.15671  -0.36095
   0.10050  -0.32329  -0.36095
   0.10050  -0.08329  -0.36095
   0.10050   0.15671  -0.36095
   0.10050   0.15671  -0.36095
   0.10050   0.15671  -0.60095
   0.10050   0.15671  -0.36095
   0.10050   0.15671  -0.36095
   0.10050  -0.08329  -0.36095
   0.10050  -0.08329  -0.36095
   0.10050  -0.08329  -0.36095
   0.10050   0.15671  -0.36095
   0.10050   0.15671  -0.36095
   0.10050  -0.08329  -0.36095
   0.10050  -0.08329  -0.36095
   0.10050  -0.08329  -0.36095
   0.10050   0.15671  -0.36095
   0.10050  -0.08329  -0.36095
   0.10050   0.15671  -0.36095
   0.10050  -0.08329  -0.36095
   0.10050  -0.08329  -0.36095
   0.10050   0.15671  -0.36095
   0.10050   0.15671  -0.36095
   0.10050  -0.08329  -0.36095
   0.10050  -0.08329  -0.36095
   0.10050   0.15671  -0.36095
   0.10050   0.15671  -0.36095
   0.10050  -0.08329  -0.36095
   0.10050  -0.08329  -0.12095
   0.10050  -0.08329  -0.36095
   0.10050  -0.08329  -0.36095
   0.10050  -0.08329  -0.36095
  -0.13950  -0.08329  -0.36095
   0.10050   0.15671  -0.36095
   0.10050  -0.08329  -0.36095
   0.10050  -0.08329  -0.36095
   0.10050  -0.08329  -0.36095
   0.10050  -0.08329  -0.36095
   0.10050  -0.08329  -0.36095
   0.10050  -0.08329  -0.36095
   0.10050  -0.08329  -0.36095
   0.10050  -0.08329  -0.36095
   0.10050  -0.08329  -0.36095
   0.10050  -0.08329  -0.36095
  -0.13950  -0.08329  -0.36095
  -0.13950  -0.08329  -0.12095
  -0.13950  -0.08329  -0.36095
   0.10050  -0.08329  -0.36095
   0.10050  -0.08329  -0.12095
  -0.13950  -0.08329  -0.12095
  -0.13950  -0.08329  -0.36095
  -0.13950  -0.08329  -0.12095
  -0.13950  -0.08329  -0.36095
  -0.13950  -0.08329  -0.36095
  -0.13950  -0.08329  -0.12095
  -0.13950   0.15671  -0.12095
  -0.13950  -0.08329  -0.12095
  -0.13950  -0.08329  -0.36095
  -0.13950  -0.08329  -0.36095
  -0.13950  -0.08329  -0.36095
  -0.13950  -0.08329  -0.12095
  -0.13950  -0.08329  -0.12095
  -0.13950  -0.08329  -0.12095
  -0.13950  -0.08329  -0.36095
  -0.13950  -0.08329  -0.12095
  -0.13950  -0.08329  -0.36095
  -0.13950  -0.08329  -0.12095
  -0.13950  -0.08329  -0.12095
  -0.13950  -0.08329  -0.12095
  -0.13950  -0.08329  -0.12095
  -0.13950  -0.08329  -0.12095
  -0.13950  -0.08329  -0.12095
  -0.13950  -0.08329  -0.12095
  -0.13950  -0.08329  -0.12095
  -0.13950  -0.08329  -0.12095
  -0.13950  -0.08329  -0.36095
  -0.13950  -0.08329  -0.12095
  -0.13950  -0.08329  -0.12095
  -0.13950  -0.08329  -0.12095
  -0.13950  -0.08329  -0.12095
  -0.13950  -0.08329  -0.36095
  -0.13950  -0.08329  -0.12095
  -0.13950  -0.08329  -0.12095
  -0.13950  -0.08329  -0.12095
  -0.13950  -0.08329  -0.12095
  -0.13950  -0.08329  -0.12095
  -0.13950  -0.08329  -0.12095
  -0.13950  -0.08329  -0.12095
  -0.13950  -0.08329  -0.12095
  -0.13950  -0.08329  -0.12095
  -0.13950  -0.08329  -0.12095
  -0.13950  -0.08329  -0.12095
  -0.13950  -0.08329  -0.12095
  -0.13950  -0.08329  -0.12095
  -0.13950  -0.08329  -0.12095
  -0.13950  -0.08329  -0.12095
  -0.13950  -0.08329  -0.12095
  -0.13950  -0.08329  -0.12095
  -0.13950  -0.08329  -0.12095
  -0.13950  -0.08329  -0.12095
  -0.13950  -0.08329  -0.12095
  -0.13950  -0.08329  -0.12095
  -0.13950  -0.08329  -0.12095
  -0.13950  -0.08329  -0.12095
  -0.13950  -0.08329  -0.12095
  -0.13950  -0.08329  -0.12095
  -0.13950  -0.08329  -0.12095
  -0.13950  -0.08329  -0.12095
  -0.13950  -0.08329  -0.12095
  -0.13950  -0.08329  -0.12095
  -0.13950  -0.08329  -0.12095
  -0.13950   0.15671  -0.12095
  -0.13950  -0.08329  -0.12095
  -0.13950  -0.08329  -0.12095
  -0.13950  -0.08329  -0.12095
  -0.13950  -0.08329  -0.12095
  -0.13950  -0.08329  -0.12095
  -0.37950  -0.08329  -0.12095
  -0.13950  -0.08329  -0.12095
  -0.13950  -0.08329  -0.12095
  -0.13950  -0.08329  -0.12095
  -0.13950  -0.08329  -0.12095
  -0.13950  -0.08329  -0.12095
  -0.13950  -0.08329  -0.12095
  -0.13950  -0.08329  -0.12095
  -0.13950  -0.08329  -0.12095
  -0.13950  -0.08329  -0.12095
  -0.13950  -0.08329  -0.12095
  -0.13950  -0.08329  -0.12095
  -0.13950  -0.08329  -0.12095
  -0.13950  -0.08329  -0.12095
  -0.13950  -0.08329  -0.12095
  -0.13950  -0.08329  -0.12095
  -0.13950  -0.08329  -0.12095
  -0.13950  -0.08329  -0.12095
  -0.13950  -0.08329  -0.12095
  -0.13950  -0.08329  -0.12095
  -0.13950  -0.08329  -0.12095
  -0.13950  -0.08329  -0.12095
  -0.13950  -0.08329  -0.12095
  -0.13950  -0.08329   0.11905
  -0.13950  -0.08329  -0.12095
  -0.13950  -0.08329  -0.12095
  -0.13950  -0.08329  -0.12095
  -0.13950  -0.08329   0.11905
  -0.13950  -0.08329   0.11905
  -0.13950   0.15671   0.11905
  -0.13950  -0.08329   0.11905
  -0.13950  -0.08329   0.11905
  -0.13950   0.15671   0.11905
  -0.13950  -0.08329   0.11905
  -0.13950  -0.08329   0.11905
  -0.13950  -0.08329   0.11905
  -0.13950  -0.08329   0.11905
  -0.13950  -0.08329   0.11905
  -0.13950  -0.08329   0.11905
  -0.13950  -0.08329   0.11905
  -0.13950  -0.08329   0.11905
  -0.13950  -0.08329   0.11905
  -0.13950  -0.08329   0.11905
  -0.13950  -0.08329   0.11905
  -0.13950   0.15671   0.11905
  -0.13950  -0.08329   0.11905
   0.10050  -0.08329   0.11905
  -0.13950  -0.08329   0.11905
  -0.13950  -0.08329   0.11905
  -0.13950  -0.08329   0.11905
  -0.13950  -0.08329   0.11905
   0.10050  -0.32329   0.11905
   0.10050   0.15671   0.35905
  -0.13950  -0.08329   0.11905
  -0.13950  -0.08329   0.11905
  -0.13950  -0.08329   0.35905
   0.10050  -0.08329   0.35905
   0.10050   0.15671   0.11905
  -0.13950  -0.08329   0.35905
  -0.13950  -0.08329   0.35905
   0.10050   0.15671  -0.12095
   0.10050  -0.08329   0.11905
  -0.13950   0.15671   0.11905
  -0.13950  -0.08329   0.35905
   0.10050  -0.08329   0.35905
  -0.13950   0.15671   0.35905
  -0.13950   0.15671   0.11905
  -0.13950   0.15671   0.35905
  -0.13950  -0.08329   0.35905
   0.10050   0.15671   0.35905
   0.10050   0.15671   0.35905
   0.10050   0.15671   0.35905
  -0.13950   0.15671   0.35905
   0.10050   0.15671   0.35905
   0.10050   0.15671   0.35905
   0.10050   0.15671   0.35905
  -0.13950   0.15671   0.35905
   0.10050   0.15671   0.35905
   0.10050   0.15671   0.35905
   0.10050  -0.08329   0.35905
   0.10050  -0.08329   0.35905
   0.10050  -0.08329   0.35905
   0.10050   0.15671   0.11905
   0.10050  -0.08329   0.35905
   0.10050   0.15671   0.35905
  -0.13950   0.15671   0.35905
   0.10050   0.15671   0.35905
   0.10050  -0.08329   0.35905
   0.10050  -0.08329   0.35905
   0.10050  -0.08329   0.35905
   0.10050  -0.08329   0.35905
   0.10050   0.15671   0.35905
  -0.13950   0.15671   0.35905
  -0.13950  -0.08329   0.35905
   0.10050  -0.08329   0.35905
   0.10050  -0.08329   0.35905
   0.10050  -0.08329   0.35905
   0.10050  -0.08329   0.35905
   0.10050  -0.08329   0.35905
   0.10050  -0.08329   0.35905
   0.10050  -0.08329   0.35905
   0.10050  -0.08329   0.35905
   0.10050  -0.08329   0.35905
   0.10050  -0.08329   0.35905
   0.10050   0.15671   0.11905
   0.10050  -0.08329   0.35905
   0.10050  -0.08329   0.35905
   0.10050  -0.08329   0.35905
   0.10050  -0.08329   0.35905
   0.10050  -0.08329   0.35905
   0.10050  -0.08329   0.35905
   0.10050  -0.08329   0.35905
   0.10050  -0.08329   0.11905
   0.10050  -0.08329   0.35905
   0.10050   0.15671   0.35905
   0.10050  -0.08329   0.11905
   0.10050  -0.08329   0.35905
   0.10050   0.15671   0.11905
   0.10050   0.15671   0.35905
   0.10050  -0.08329   0.35905
   0.10050  -0.08329   0.35905
   0.10050   0.15671   0.11905
   0.10050  -0.08329   0.11905
   0.10050   0.15671   0.35905
   0.10050  -0.08329   0.11905
   0.10050   0.15671   0.11905
   0.10050   0.15671   0.35905
   0.10050  -0.08329   0.11905
   0.10050   0.15671   0.11905
   0.10050  -0.08329   0.11905
   0.34050   0.15671   0.11905
   0.10050   0.15671   0.11905
   0.10050  -0.08329   0.35905
   0.10050  -0.08329   0.11905
   0.10050  -0.08329   0.11905
   0.10050   0.15671   0.11905
   0.34050  -0.08329   0.11905
   0.10050  -0.08329   0.11905
   0.10050  -0.08329   0.11905
   0.10050  -0.08329   0.11905
   0.10050  -0.08329   0.11905
   0.10050  -0.08329   0.11905
   0.10050  -0.08329   0.11905
   0.10050  -0.08329   0.11905
   0.10050  -0.08329   0.11905
   0.10050  -0.08329   0.11905
   0.10050  -0.08329   0.11905
   0.10050  -0.08329   0.11905
   0.10050  -0.08329   0.11905
   0.10050  -0.08329   0.11905
   0.34050  -0.08329   0.11905
   0.10050  -0.08329   0.11905
   0.10050   0.15671   0.11905
   0.10050   0.15671   0.11905
   0.10050  -0.08329   0.11905
   0.10050  -0.08329   0.11905
   0.10050   0.15671   0.11905
   0.10050  -0.08329   0.11905
   0.10050  -0.08329   0.11905
   0.10050  -0.08329   0.11905
   0.10050  -0.08329   0.11905
   0.10050  -0.08329   0.11905
   0.10050   0.15671   0.11905
   0.10050   0.15671   0.11905
   0.10050   0.15671   0.11905
   0.10050  -0.08329   0.11905
   0.10050  -0.08329   0.11905
   0.10050  -0.08329   0.11905
   0.10050  -0.08329   0.11905
   0.10050  -0.08329   0.11905
   0.10050  -0.08329   0.11905
   0.10050  -0.08329   0.11905
   0.10050  -0.08329   0.11905
   0.10050  -0.08329   0.11905
   0.10050  -0.08329   0.11905
   0.10050  -0.08329   0.11905
   0.10050  -0.08329   0.11905
   0.10050  -0.08329   0.11905
   0.10050  -0.08329   0.11905
   0.10050  -0.08329   0.11905
   0.10050  -0.08329   0.11905
   0.10050  -0.08329   0.11905
   0.10050  -0.08329   0.11905
   0.10050  -0.08329   0.11905
   0.10050  -0.08329   0.11905
   0.10050  -0.08329   0.11905
   0.10050  -0.08329   0.11905
   0.10050  -0.08329   0.11905
   0.10050  -0.08329   0.11905
   0.10050  -0.08329   0.11905
   0.10050  -0.08329   0.11905
   0.10050  -0.08329   0.11905
   0.10050  -0.08329   0.11905
   0.10050  -0.08329   0.11905
   0.10050  -0.08329   0.11905
   0.10050  -0.08329   0.11905
   0.10050   0.15671  -0.12095
   0.10050  -0.08329   0.11905
   0.10050  -0.08329   0.11905
   0.10050   0.15671   0.11905
  -0.13950  -0.08329   0.11905
   0.10050   0.15671   0.11905
   0.10050   0.15671   0.11905
   0.10050  -0.08329  -0.12095
   0.10050   0.15671   0.11905
   0.10050   0.15671   0.11905
   0.10050  -0.08329   0.11905
   0.10050   0.15671   0.11905
   0.10050  -0.08329   0.11905
   0.10050  -0.08329   0.11905
   0.10050  -0.08329   0.11905
   0.10050  -0.08329   0.11905
   0.10050   0.15671  -0.12095
   0.10050  -0.08329   0.11905
   0.10050  -0.08329  -0.12095
   0.10050  -0.08329   0.11905
   0.10050   0.15671  -0.12095
  -0.13950  -0.08329   0.11905
  -0.13950  -0.08329   0.11905
   0.10050  -0.08329   0.11905
  -0.13950  -0.08329   0.11905
  -0.13950  -0.08329  -0.12095
   0.10050  -0.08329  -0.12095
  -0.13950  -0.08329  -0.12095
   0.10050  -0.08329  -0.12095
  -0.13950  -0.08329  -0.12095
   0.10050   0.15671  -0.60095
  -0.13950  -0.08329  -0.12095
  -0.13950  -0.08329  -0.12095
   0.10050  -0.08329  -0.12095
   0.10050  -0.08329  -0.12095
   0.10050  -0.08329  -0.12095
  -0.13950  -0.08329  -0.12095
   0.10050  -0.08329  -0.12095
   0.10050  -0.08329  -0.12095
   0.10050  -0.08329  -0.12095
   0.10050  -0.08329  -0.12095
   0.10050  -0.08329  -0.12095
  -0.13950  -0.08329  -0.12095
   0.10050  -0.08329  -0.12095
   0.10050  -0.08329  -0.12095
  -0.13950  -0.08329  -0.12095
   0.10050  -0.08329  -0.12095
   0.10050   0.15671  -0.12095
  -0.13950  -0.08329  -0.12095
  -0.13950  -0.08329  -0.12095
  -0.13950  -0.08329  -0.12095
  -0.13950   0.15671  -0.12095
   0.10050  -0.08329  -0.12095
   0.10050  -0.08329  -0.12095
  -0.13950  -0.08329  -0.12095
  -0.13950  -0.08329  -0.12095
   0.10050  -0.08329  -0.12095
  -0.13950   0.15671  -0.12095
  -0.13950  -0.08329  -0.12095
  -0.13950  -0.08329  -0.12095
  -0.13950  -0.08329  -0.12095
  -0.13950  -0.08329  -0.12095
   0.10050  -0.08329  -0.12095
  -0.13950  -0.08329  -0.12095
  -0.13950  -0.08329  -0.12095
  -0.13950  -0.08329  -0.12095
  -0.13950  -0.08329  -0.12095
  -0.13950  -0.08329  -0.12095
  -0.13950  -0.08329  -0.12095
  -0.13950  -0.08329  -0.12095
  -0.13950  -0.08329  -0.12095
  -0.13950  -0.08329  -0.12095
  -0.37950  -0.08329  -0.12095
  -0.13950  -0.08329  -0.12095
  -0.13950  -0.08329  -0.12095
  -0.13950  -0.08329  -0.12095
  -0.13950   0.15671  -0.12095
  -0.13950  -0.08329  -0.12095
  -0.13950   0.15671  -0.12095
  -0.13950  -0.08329  -0.12095
  -0.13950  -0.08329  -0.12095
  -0.13950  -0.08329  -0.60095
  -0.13950  -0.08329  -0.12095
  -0.13950   0.15671  -0.36095
  -0.13950  -0.08329  -0.12095
  -0.13950  -0.08329  -0.12095
  -0.13950   0.15671  -0.12095
   0.10050  -0.08329  -0.12095
  -0.13950  -0.08329  -0.12095
  -0.13950   0.15671  -0.12095
  -0.13950   0.15671  -0.36095
  -0.13950   0.15671  -0.12095
  -0.13950  -0.08329  -0.12095
  -0.13950   0.15671  -0.12095
  -0.13950  -0.08329  -0.12095
   0.10050   0.15671  -0.12095
  -0.13950   0.15671  -0.12095
  -0.13950   0.15671  -0.12095
  -0.13950  -0.08329  -0.12095
  -0.13950  -0.08329  -0.12095
   0.10050   0.15671  -0.12095
  -0.13950  -0.08329  -0.12095
  -0.13950  -0.08329  -0.12095
  -0.13950  -0.08329  -0.12095
  -0.13950  -0.08329  -0.12095
  -0.13950   0.15671  -0.12095
  -0.13950   0.15671  -0.12095
  -0.13950  -0.08329  -0.12095
  -0.13950  -0.08329  -0.12095
  -0.13950  -0.08329  -0.12095
  -0.13950  -0.08329  -0.12095
  -0.13950  -0.08329  -0.12095
  -0.13950  -0.08329  -0.12095
  -0.13950  -0.08329  -0.12095
  -0.13950  -0.08329  -0.12095
  -0.13950  -0.08329  -0.12095
  -0.13950  -0.08329  -0.12095
  -0.13950  -0.08329  -0.12095
  -0.13950  -0.08329  -0.12095
  -0.13950   0.15671  -0.12095
  -0.13950  -0.08329  -0.12095
  -0.13950   0.15671  -0.12095
   0.10050  -0.08329  -0.12095
   0.10050   0.15671  -0.12095
   0.10050   0.15671  -0.12095
   0.10050   0.15671  -0.12095
  -0.13950  -0.08329  -0.12095
  -0.13950   0.15671  -0.12095
  -0.13950  -0.08329  -0.12095
   0.10050   0.15671  -0.12095
   0.10050   0.15671  -0.12095
  -0.13950   0.15671  -0.12095
   0.10050   0.15671  -0.12095
   0.10050   0.15671  -0.12095
   0.10050   0.15671  -0.12095
  -0.13950   0.15671  -0.12095
   0.10050  -0.08329  -0.12095
   0.10050  -0.08329  -0.12095
   0.10050  -0.08329  -0.12095
   0.10050   0.15671  -0.12095
   0.10050   0.15671  -0.12095
   0.10050   0.15671  -0.12095
   0.10050   0.15671  -0.12095
   0.10050   0.15671  -0.12095
   0.10050  -0.08329  -0.12095
   0.10050  -0.08329  -0.12095
   0.10050   0.15671  -0.12095
   0.10050   0.15671  -0.12095
   0.10050  -0.08329  -0.12095
   0.10050  -0.08329  -0.12095
   0.10050  -0.08329  -0.12095
   0.10050   0.15671  -0.12095
   0.10050  -0.08329  -0.12095
   0.10050  -0.08329  -0.12095
   0.10050  -0.08329  -0.12095
   0.10050   0.15671  -0.12095
   0.10050   0.15671  -0.12095
   0.10050   0.15671  -0.12095
   0.10050  -0.08329  -0.12095
   0.10050   0.15671  -0.12095
   0.10050   0.15671  -0.12095
   0.10050   0.15671  -0.12095
   0.10050  -0.08329  -0.12095
   0.10050   0.15671  -0.12095
   0.10050  -0.08329  -0.12095
   0.10050  -0.08329  -0.12095
   0.10050   0.15671  -0.12095
   0.10050   0.15671  -0.12095
   0.10050   0.15671  -0.12095
   0.10050  -0.08329  -0.12095
   0.10050  -0.08329  -0.12095
   0.10050  -0.08329  -0.12095
   0.10050   0.15671  -0.12095
   0.10050   0.15671  -0.12095
   0.10050  -0.08329  -0.12095
  -0.13950  -0.08329  -0.12095
   0.10050   0.15671  -0.12095
   0.10050   0.15671  -0.12095
   0.10050  -0.08329  -0.12095
   0.10050  -0.08329  -0.12095
   0.10050   0.15671  -0.12095
   0.10050  -0.08329  -0.12095
   0.10050  -0.08329  -0.12095
   0.10050   0.15671  -0.12095
   0.10050  -0.08329  -0.12095
   0.10050  -0.08329  -0.12095
   0.10050   0.15671  -0.36095
   0.10050   0.15671  -0.12095
   0.10050  -0.08329  -0.12095
   0.10050  -0.08329  -0.12095
   0.10050  -0.08329  -0.12095
   0.10050   0.15671  -0.12095
   0.10050   0.15671  -0.12095
   0.10050  -0.08329  -0.12095
   0.10050  -0.08329  -0.12095
   0.10050  -0.08329  -0.12095
   0.10050  -0.08329  -0.12095
   0.10050  -0.32329  -0.12095
   0.10050  -0.08329  -0.12095
   0.10050  -0.08329  -0.12095
   0.10050  -0.08329  -0.12095
   0.10050  -0.08329  -0.12095
   0.10050  -0.08329  -0.12095
   0.10050  -0.08329  -0.12095
   0.10050  -0.08329  -0.12095
   0.10050   0.15671  -0.12095
   0.10050  -0.08329  -0.12095
   0.10050   0.15671  -0.12095
  -0.13950   0.15671  -0.12095
   0.10050  -0.08329  -0.12095
   0.10050  -0.08329  -0.12095
   0.10050  -0.08329  -0.12095
   0.10050  -0.08329  -0.12095
   0.10050  -0.08329  -0.12095
   0.10050  -0.08329  -0.12095
   0.10050   0.15671  -0.12095
   0.10050  -0.08329  -0.12095
   0.10050  -0.08329  -0.12095
   0.10050  -0.08329  -0.12095
   0.10050  -0.08329  -0.12095
   0.10050   0.15671  -0.12095
   0.10050   0.15671  -0.12095
   0.10050  -0.08329  -0.12095
   0.10050   0.15671  -0.12095
   0.10050   0.15671  -0.12095
   0.10050  -0.08329  -0.12095
   0.10050  -0.08329  -0.12095
   0.10050  -0.08329  -0.12095
   0.10050  -0.08329  -0.12095
   0.10050  -0.08329  -0.12095
   0.10050  -0.08329  -0.12095
   0.10050   0.15671  -0.12095
   0.10050  -0.08329  -0.12095
   0.10050   0.15671  -0.12095
   0.10050  -0.08329  -0.12095
   0.10050   0.15671  -0.12095
   0.10050   0.15671  -0.12095
   0.10050  -0.08329  -0.12095
   0.10050   0.15671  -0.12095
   0.10050  -0.08329  -0.12095
   0.10050  -0.08329  -0.12095
   0.10050  -0.08329  -0.12095
   0.10050  -0.32329  -0.12095
   0.10050  -0.08329  -0.12095
   0.10050  -0.08329  -0.12095
   0.10050   0.15671  -0.12095
   0.10050  -0.08329  -0.12095
   0.10050  -0.08329  -0.12095
   0.10050   0.15671  -0.12095
  -0.13950  -0.08329  -0.12095
   0.10050  -0.08329  -0.12095
   0.10050   0.15671  -0.12095
   0.10050  -0.08329  -0.12095
   0.10050  -0.08329  -0.12095
   0.10050  -0.08329  -0.12095
   0.10050   0.15671  -0.12095
   0.10050  -0.08329  -0.12095
  -0.13950  -0.08329  -0.12095
   0.10050  -0.08329  -0.12095
  -0.13950  -0.08329  -0.12095
   0.10050  -0.08329  -0.12095
   0.10050  -0.08329  -0.12095
  -0.13950  -0.08329  -0.12095
   0.10050  -0.08329  -0.12095
  -0.13950  -0.08329  -0.12095
   0.10050  -0.08329  -0.12095
   0.10050  -0.08329  -0.12095
  -0.13950  -0.08329   0.11905
  -0.13950  -0.08329  -0.12095
  -0.13950  -0.08329  -0.12095
  -0.13950  -0.08329  -0.12095
  -0.13950  -0.08329   0.11905
  -0.13950  -0.08329   0.11905
  -0.13950  -0.08329   0.11905
  -0.13950  -0.08329   0.11905
  -0.13950  -0.08329   0.11905
  -0.13950  -0.08329   0.11905
  -0.13950  -0.08329   0.11905
  -0.13950  -0.08329   0.11905
  -0.13950  -0.08329   0.11905
  -0.13950  -0.08329   0.11905
  -0.13950  -0.08329   0.11905
  -0.13950  -0.08329   0.11905
  -0.13950  -0.32329  -0.12095
  -0.13950  -0.08329   0.11905
  -0.13950   0.15671   0.11905
  -0.13950  -0.08329   0.11905
  -0.13950   0.15671   0.11905
  -0.13950  -0.08329   0.11905
  -0.13950  -0.08329   0.11905
  -0.13950  -0.08329   0.11905
  -0.13950  -0.08329   0.11905
  -0.13950  -0.08329   0.11905
  -0.13950   0.15671   0.11905
  -0.13950  -0.08329   0.11905
  -0.13950  -0.08329   0.11905
  -0.13950  -0.08329   0.11905
  -0.13950   0.15671   0.11905
  -0.13950  -0.08329   0.11905
  -0.13950  -0.08329   0.11905
  -0.13950  -0.08329   0.11905
  -0.13950  -0.08329   0.11905
  -0.13950  -0.08329   0.11905
  -0.13950  -0.08329   0.11905
  -0.13950  -0.08329   0.11905
  -0.13950  -0.08329   0.11905
  -0.13950  -0.08329   0.11905
  -0.13950  -0.08329   0.11905
  -0.13950  -0.08329   0.11905
  -0.13950   0.15671   0.11905
  -0.13950  -0.08329   0.11905
  -0.13950  -0.08329   0.11905
  -0.13950  -0.08329   0.11905
  -0.13950  -0.08329   0.11905
  -0.13950  -0.08329   0.11905
  -0.13950  -0.08329   0.11905
  -0.13950  -0.08329   0.11905
  -0.13950  -0.08329   0.11905
  -0.13950  -0.08329   0.11905
  -0.13950  -0.08329   0.11905
  -0.13950  -0.08329  -0.12095
  -0.13950  -0.08329   0.11905
  -0.13950  -0.08329   0.11905
  -0.13950  -0.08329   0.35905
  -0.13950  -0.08329   0.11905
  -0.13950  -0.08329   0.11905
  -0.13950  -0.08329   0.11905
  -0.13950  -0.08329   0.11905
  -0.13950  -0.55329   0.11905
  -0.13950  -0.08329   0.11905
  -0.13950  -0.08329   0.11905
  -0.13950  -0.08329   0.11905
  -0.13950  -0.08329   0.11905
  -0.13950  -0.08329   0.11905
  -0.13950  -0.08329   0.11905
  -0.13950  -0.08329   0.11905
  -0.13950  -0.08329   0.11905
  -0.13950  -0.08329   0.11905
  -0.13950  -0.08329   0.35905
  -0.13950  -0.32329   0.11905
  -0.13950  -0.08329   0.11905
  -0.13950  -0.08329   0.35905
  -0.13950  -0.08329   0.11905
  -0.13950  -0.08329   0.35905
  -0.13950  -0.08329   0.11905
  -0.13950  -0.08329   0.11905
  -0.13950  -0.08329   0.11905
  -0.13950  -0.08329   0.11905
  -0.13950  -0.08329   0.11905
  -0.13950  -0.08329   0.11905
  -0.13950  -0.08329   0.35905
  -0.13950  -0.08329   0.35905
  -0.13950  -0.08329   0.11905
  -0.13950  -0.08329   0.35905
  -0.13950  -0.08329   0.35905
  -0.13950  -0.08329   0.11905
  -0.13950  -0.08329   0.35905
  -0.13950  -0.08329   0.35905
  -0.13950  -0.08329   0.11905
  -0.13950  -0.08329   0.35905
  -0.61950  -0.08329   0.11905
  -0.13950  -0.08329   0.11905
  -0.13950  -0.08329   0.35905
  -0.13950  -0.08329   0.11905
  -0.13950  -0.08329   0.11905
  -0.13950  -0.08329   0.11905
  -0.13950  -0.08329   0.11905
  -0.13950  -0.08329   0.11905
  -0.13950  -0.08329   0.11905
  -0.13950  -0.08329   0.11905
  -0.13950  -0.08329   0.11905
  -0.13950  -0.08329   0.35905
  -0.13950   0.15671   0.11905
  -0.13950  -0.08329   0.35905
  -0.13950  -0.08329   0.11905
  -0.13950  -0.08329   0.11905
  -0.13950   0.15671   0.11905
  -0.13950   0.15671   0.11905
  -0.13950  -0.08329   0.11905
  -0.13950  -0.08329   0.35905
  -0.13950  -0.08329   0.35905
  -0.13950  -0.08329   0.11905
  -0.13950   0.15671   0.11905
  -0.13950   0.15671   0.11905
  -0.13950  -0.08329   0.35905
  -0.13950  -0.08329   0.35905
  -0.13950  -0.08329   0.35905
  -0.13950  -0.08329   0.35905
  -0.13950  -0.08329   0.35905
  -0.13950  -0.08329   0.11905
  -0.13950  -0.08329   0.11905
  -0.13950   0.15671   0.35905
  -0.13950   0.15671   0.11905
  -0.13950   0.15671   0.11905
  -0.13950  -0.08329   0.11905
  -0.13950  -0.08329   0.35905
  -0.13950  -0.08329   0.35905
  -0.13950  -0.08329   0.35905
  -0.13950  -0.08329   0.35905
  -0.13950   0.15671   0.35905
  -0.13950   0.15671   0.35905
  -0.13950  -0.08329   0.35905
  -0.13950  -0.08329   0.11905
   0.10050  -0.08329   0.35905
   0.10050  -0.08329   0.35905
   0.10050  -0.08329   0.35905
  -0.13950  -0.08329   0.11905
  -0.13950  -0.08329   0.11905
   0.10050  -0.08329   0.35905
   0.10050  -0.08329   0.35905
  -0.13950  -0.08329   0.35905
  -0.13950  -0.08329   0.35905
  -0.13950  -0.08329   0.35905
  -0.13950  -0.08329   0.11905
  -0.13950  -0.08329   0.35905
  -0.13950  -0.08329   0.11905
   0.10050  -0.08329   0.35905
   0.10050  -0.08329   0.35905
  -0.13950   0.15671   0.11905
   0.10050   0.15671   0.35905
  -0.13950  -0.08329   0.11905
  -0.13950  -0.08329   0.35905
   0.10050  -0.08329   0.11905
   0.10050  -0.08329   0.35905
   0.10050  -0.08329   0.35905
   0.10050   0.15671   0.35905
   0.10050  -0.08329   0.11905
   0.10050  -0.08329   0.11905
   0.10050  -0.08329   0.11905
   0.10050  -0.08329   0.11905
  -0.13950   0.15671   0.11905
   0.10050  -0.08329   0.11905
   0.10050  -0.08329   0.11905
   0.10050  -0.08329   0.11905
   0.10050   0.15671   0.11905
   0.10050   0.15671   0.11905
   0.10050   0.15671   0.11905
   0.10050   0.15671   0.11905
   0.10050   0.15671   0.11905
   0.10050   0.15671   0.11905
  -0.13950   0.15671   0.11905
   0.10050   0.15671   0.11905
   0.10050   0.15671   0.11905
   0.10050  -0.08329   0.11905
   0.10050   0.15671   0.11905
   0.10050   0.15671   0.11905
   0.10050   0.15671   0.11905
   0.10050   0.15671   0.11905
   0.10050  -0.08329   0.11905
   0.10050   0.15671   0.11905
   0.10050   0.15671   0.11905
   0.10050   0.15671   0.11905
   0.10050   0.15671   0.11905
   0.10050   0.15671   0.11905
   0.10050   0.15671   0.11905
   0.10050   0.15671   0.11905
   0.10050   0.15671   0.11905
   0.10050   0.15671   0.11905
   0.10050  -0.08329   0.11905
   0.10050  -0.08329   0.11905
   0.10050   0.15671   0.11905
   0.10050  -0.08329   0.11905
   0.10050   0.15671   0.11905
   0.10050   0.15671   0.11905
   0.10050  -0.08329   0.11905
   0.10050  -0.08329  -0.12095
   0.10050   0.15671  -0.12095
   0.10050   0.15671   0.11905
   0.10050   0.15671  -0.12095
   0.10050   0.15671  -0.12095
   0.10050  -0.08329  -0.12095
   0.34050   0.15671  -0.12095
   0.34050   0.15671  -0.12095
   0.10050   0.15671  -0.12095
   0.10050   0.15671  -0.12095
   0.10050   0.15671  -0.12095
   0.10050   0.15671  -0.12095
   0.10050   0.15671  -0.12095
   0.34050   0.15671  -0.12095
   0.10050   0.15671  -0.12095
   0.10050   0.15671  -0.12095
   0.10050   0.15671  -0.12095
   0.10050   0.15671  -0.12095
   0.10050   0.15671  -0.12095
   0.10050   0.15671  -0.12095
   0.10050   0.15671  -0.12095
   0.10050  -0.08329  -0.12095
   0.10050   0.15671  -0.12095
   0.34050   0.15671  -0.12095
   0.10050   0.15671  -0.12095
   0.10050   0.15671  -0.12095
   0.10050   0.15671  -0.12095
   0.10050  -0.08329  -0.12095
   0.10050  -0.08329  -0.12095
   0.10050  -0.08329  -0.12095
   0.10050   0.15671  -0.12095
   0.10050  -0.08329  -0.12095
   0.10050  -0.08329  -0.12095
   0.10050  -0.08329  -0.12095
   0.34050  -0.08329  -0.12095
   0.10050  -0.08329  -0.12095
   0.10050  -0.08329  -0.12095
   0.10050  -0.08329  -0.12095
   0.34050   0.15671  -0.12095
   0.10050  -0.08329  -0.12095
   0.34050  -0.08329  -0.12095
   0.10050  -0.08329  -0.12095
   0.10050  -0.08329  -0.12095
   0.10050  -0.08329  -0.12095
   0.10050  -0.08329  -0.12095
   0.10050  -0.08329  -0.12095
   0.10050   0.15671  -0.60095
   0.34050  -0.08329  -0.12095
   0.10050  -0.08329  -0.12095
   0.10050  -0.08329  -0.12095
   0.10050  -0.08329  -0.12095
   0.10050  -0.08329  -0.12095
   0.10050  -0.08329  -0.12095
   0.10050  -0.08329  -0.12095
   0.10050  -0.08329  -0.12095
   0.10050  -0.08329  -0.12095
   0.10050  -0.08329  -0.12095
   0.10050  -0.08329  -0.12095
   0.10050  -0.08329  -0.12095
   0.10050  -0.08329  -0.36095
   0.10050  -0.08329  -0.12095
   0.10050  -0.08329  -0.36095
   0.10050  -0.08329  -0.12095
   0.10050  -0.08329  -0.36095
   0.10050  -0.08329  -0.36095
   0.10050  -0.08329  -0.36095
   0.10050  -0.08329  -0.36095
   0.10050  -0.08329  -0.36095
   0.10050  -0.08329  -0.36095
   0.10050  -0.08329  -0.36095
   0.10050  -0.08329  -0.36095
   0.10050  -0.08329  -0.36095
   0.10050  -0.08329  -0.36095
   0.10050  -0.08329  -0.36095
   0.10050  -0.08329  -0.36095
   0.34050  -0.08329  -0.36095
   0.10050  -0.08329  -0.36095
   0.10050  -0.08329  -0.36095
   0.10050  -0.08329  -0.36095
   0.10050  -0.08329  -0.36095
   0.10050  -0.08329  -0.36095
   0.10050  -0.08329  -0.36095
   0.10050  -0.08329  -0.36095
   0.10050  -0.08329  -0.36095
   0.10050  -0.08329  -0.36095
   0.10050  -0.08329  -0.36095
   0.10050  -0.08329  -0.36095
   0.10050  -0.08329  -0.36095
   0.10050  -0.08329  -0.36095
   0.10050  -0.08329  -0.36095
   0.10050  -0.08329  -0.36095
   0.10050  -0.08329  -0.36095
   0.10050  -0.08329  -0.36095
   0.10050  -0.08329  -0.36095
   0.10050  -0.08329  -0.36095
   0.10050  -0.08329  -0.36095
   0.10050  -0.08329  -0.36095
   0.10050  -0.08329  -0.36095
   0.10050  -0.08329  -0.36095
   0.10050  -0.08329  -0.36095
   0.10050  -0.08329  -0.36095
   0.10050  -0.08329  -0.36095
   0.10050   0.15671  -0.36095
   0.10050  -0.08329  -0.36095
   0.10050  -0.08329  -0.36095
   0.10050   0.15671  -0.36095
   0.10050   0.15671  -0.36095
   0.10050  -0.08329  -0.36095
   0.10050  -0.08329  -0.36095
   0.10050  -0.08329  -0.36095
   0.10050  -0.08329  -0.36095
  -0.13950  -0.08329  -0.36095
   0.10050  -0.08329  -0.36095
   0.10050   0.15671  -0.36095
  -0.13950  -0.08329  -0.36095
  -0.13950  -0.08329  -0.36095
   0.10050  -0.08329  -0.36095
   0.10050   0.15671  -0.36095
   0.10050  -0.08329  -0.36095
   0.10050  -0.08329  -0.36095
   0.10050  -0.08329  -0.36095
  -0.13950  -0.08329  -0.36095
  -0.13950  -0.08329  -0.12095
   0.10050  -0.08329  -0.36095
  -0.13950   0.15671  -0.12095
  -0.13950  -0.08329  -0.12095
   0.10050   0.15671  -0.12095
   0.10050  -0.08329  -0.12095
   0.10050  -0.08329  -0.12095
  -0.13950  -0.08329  -0.36095
  -0.13950  -0.08329  -0.36095
  -0.13950  -0.08329  -0.36095
  -0.13950  -0.08329  -0.12095
  -0.13950  -0.08329  -0.12095
  -0.13950  -0.08329  -0.12095
  -0.13950  -0.08329  -0.12095
  -0.13950  -0.08329  -0.12095
  -0.13950  -0.08329  -0.12095
  -0.13950  -0.08329  -0.12095
  -0.13950  -0.08329  -0.12095
  -0.13950  -0.08329  -0.12095
  -0.13950  -0.08329  -0.12095
  -0.13950  -0.08329  -0.12095
  -0.13950  -0.08329  -0.12095
  -0.13950  -0.08329  -0.12095
  -0.13950  -0.08329  -0.12095
  -0.13950  -0.08329  -0.36095
  -0.13950  -0.08329  -0.12095
  -0.13950   0.15671  -0.12095
  -0.13950  -0.08329  -0.36095
  -0.13950   0.15671  -0.12095
  -0.13950   0.15671  -0.12095
  -0.13950   0.15671  -0.12095
  -0.13950  -0.08329  -0.36095
  -0.13950   0.15671  -0.12095
  -0.13950  -0.32329  -0.12095
  -0.13950  -0.08329  -0.12095
  -0.13950  -0.08329  -0.12095
  -0.13950  -0.08329  -0.12095
  -0.13950  -0.08329  -0.12095
  -0.13950  -0.08329  -0.12095
  -0.13950  -0.08329  -0.12095
  -0.13950  -0.08329  -0.12095
  -0.13950  -0.08329  -0.12095
  -0.13950  -0.08329  -0.12095
  -0.13950  -0.08329  -0.12095
  -0.13950  -0.08329  -0.12095
  -0.13950  -0.08329  -0.12095
  -0.13950  -0.08329  -0.12095
  -0.13950  -0.08329  -0.12095
  -0.13950  -0.08329  -0.12095
  -0.13950   0.15671  -0.12095
  -0.13950  -0.08329  -0.36095
  -0.37950  -0.08329  -0.12095
  -0.13950  -0.08329  -0.12095
  -0.13950  -0.08329  -0.12095
  -0.13950  -0.08329  -0.12095
  -0.13950  -0.08329  -0.12095
  -0.13950  -0.08329  -0.12095
  -0.13950   0.15671  -0.12095
  -0.13950  -0.08329  -0.12095
  -0.13950   0.15671  -0.12095
  -0.13950  -0.08329  -0.12095
  -0.13950  -0.08329  -0.12095
  -0.13950  -0.08329  -0.12095
  -0.13950  -0.08329  -0.12095
  -0.13950  -0.08329  -0.12095
  -0.13950  -0.08329  -0.12095
  -0.13950  -0.08329  -0.12095
  -0.37950  -0.08329  -0.12095
  -0.13950  -0.08329  -0.12095
  -0.13950  -0.08329  -0.12095
  -0.13950  -0.08329  -0.12095
  -0.13950  -0.08329  -0.12095
  -0.13950  -0.08329  -0.12095
  -0.13950  -0.08329  -0.12095
  -0.13950   0.15671  -0.12095
  -0.13950  -0.08329  -0.12095
  -0.13950  -0.08329  -0.12095
  -0.13950  -0.08329  -0.12095
  -0.13950  -0.08329   0.11905
  -0.13950  -0.08329  -0.12095
  -0.37950  -0.08329   0.11905
  -0.37950  -0.08329   0.11905
  -0.37950  -0.08329  -0.12095
  -0.13950  -0.08329  -0.12095
  -0.13950   0.15671   0.11905
  -0.37950   0.15671   0.11905
  -0.37950  -0.08329   0.11905
  -0.13950  -0.08329   0.11905
  -0.37950  -0.08329   0.11905
  -0.13950  -0.08329   0.11905
  -0.13950  -0.08329   0.11905
  -0.37950   0.15671   0.11905
  -0.13950  -0.08329   0.11905
  -0.13950  -0.08329   0.11905
  -0.13950  -0.08329   0.11905
  -0.13950   0.15671   0.11905
  -0.13950   0.15671   0.11905
  -0.13950  -0.08329   0.11905
  -0.13950  -0.08329   0.11905
  -0.13950  -0.08329   0.11905
  -0.13950  -0.08329   0.11905
  -0.13950  -0.08329   0.11905
  -0.13950  -0.08329   0.11905
  -0.37950   0.15671   0.11905
  -0.13950   0.15671   0.35905
  -0.13950   0.15671   0.11905
  -0.13950   0.15671   0.11905
  -0.13950  -0.08329   0.35905
  -0.13950   0.15671   0.35905
  -0.13950   0.15671   0.35905
  -0.13950   0.15671   0.35905
  -0.13950  -0.08329   0.35905
  -0.13950   0.15671   0.35905
  -0.13950   0.15671   0.35905
  -0.37950   0.15671   0.35905
  -0.13950   0.15671   0.35905
  -0.13950   0.15671   0.35905
  -0.13950  -0.08329   0.35905
  -0.13950  -0.08329   0.35905
  -0.13950  -0.08329   0.35905
  -0.13950   0.15671   0.35905
  -0.13950  -0.08329   0.35905
  -0.13950   0.15671   0.35905
  -0.13950  -0.08329   0.35905
  -0.13950   0.15671   0.35905
  -0.13950   0.15671   0.35905
  -0.13950   0.15671   0.35905
  -0.13950   0.15671   0.35905
  -0.13950   0.15671   0.35905
  -0.13950   0.15671   0.35905
  -0.13950   0.15671   0.35905
  -0.13950   0.15671   0.35905
  -0.13950   0.15671   0.35905
  -0.13950   0.15671   0.35905
  -0.13950   0.15671   0.35905
  -0.13950   0.15671   0.35905
  -0.13950   0.15671   0.35905
  -0.13950   0.15671   0.35905
  -0.13950  -0.08329   0.35905
  -0.13950   0.15671   0.35905
  -0.13950   0.15671   0.35905
  -0.13950  -0.08329   0.35905
  -0.13950  -0.08329   0.35905
  -0.13950   0.15671   0.35905
  -0.13950   0.15671   0.35905
  -0.13950  -0.08329   0.35905
  -0.13950  -0.08329   0.35905
  -0.13950   0.15671   0.35905
  -0.61950   0.15671   0.35905
  -0.13950  -0.08329   0.35905
  -0.13950  -0.08329   0.35905
  -0.13950   0.15671   0.35905
  -0.13950  -0.08329   0.35905
  -0.13950  -0.08329   0.35905
  -0.13950   0.15671   0.35905
  -0.13950   0.15671   0.35905
  -0.13950   0.15671   0.35905
  -0.13950   0.15671   0.35905
  -0.13950  -0.08329   0.35905
  -0.13950  -0.08329   0.35905
  -0.13950   0.15671   0.35905
  -0.13950   0.15671   0.35905
  -0.13950  -0.08329   0.35905
  -0.13950  -0.08329   0.35905
  -0.13950  -0.08329   0.35905
  -0.13950   0.15671   0.11905
  -0.13950   0.15671   0.35905
  -0.13950   0.15671   0.35905
  -0.13950  -0.08329   0.35905
  -0.13950  -0.08329   0.35905
  -0.13950  -0.08329   0.35905
  -0.13950  -0.08329   0.35905
  -0.13950   0.15671   0.35905
   0.10050  -0.08329   0.35905
  -0.13950   0.15671   0.35905
   0.10050  -0.08329   0.35905
  -0.13950   0.15671   0.35905
   0.10050  -0.08329   0.35905
  -0.13950   0.15671   0.35905
   0.10050   0.15671   0.35905
   0.10050   0.15671   0.35905
   0.10050  -0.08329   0.35905
   0.10050   0.15671   0.35905
   0.10050  -0.08329   0.35905
   0.10050   0.15671   0.35905
   0.10050   0.15671   0.35905
   0.10050  -0.08329   0.35905
   0.10050   0.15671   0.35905
   0.10050   0.15671   0.35905
   0.10050  -0.08329   0.35905
   0.10050   0.15671   0.35905
   0.10050  -0.08329   0.35905
   0.10050  -0.08329   0.35905
   0.10050  -0.08329   0.35905
   0.10050  -0.08329   0.35905
   0.10050  -0.08329   0.35905
  -0.13950   0.15671   0.35905
   0.10050  -0.08329   0.35905
   0.10050  -0.08329   0.35905
   0.10050  -0.08329   0.35905
   0.10050  -0.08329   0.35905
   0.10050  -0.08329   0.35905
   0.10050   0.15671   0.35905
   0.10050  -0.08329   0.35905
   0.10050  -0.08329   0.35905
   0.10050  -0.08329   0.35905
   0.10050   0.15671   0.11905
   0.10050  -0.08329   0.35905
   0.10050  -0.08329   0.35905
   0.10050  -0.08329   0.35905
   0.10050  -0.08329   0.35905
   0.10050  -0.08329   0.35905
   0.10050   0.15671   0.35905
   0.10050  -0.08329   0.35905
   0.10050  -0.08329   0.35905
   0.10050  -0.08329   0.35905
   0.10050  -0.08329   0.35905
   0.10050   0.15671   0.11905
   0.10050  -0.08329   0.35905
   0.10050   0.15671   0.11905
   0.10050  -0.08329   0.11905
   0.10050   0.15671   0.11905
   0.10050   0.15671   0.11905
   0.10050  -0.08329   0.11905
   0.10050  -0.08329   0.11905
   0.10050  -0.08329   0.11905
   0.10050  -0.08329   0.11905
   0.10050  -0.08329   0.11905
   0.10050  -0.08329   0.11905
   0.10050  -0.08329   0.11905
   0.10050   0.15671   0.11905
   0.10050  -0.08329   0.11905
   0.10050  -0.08329   0.11905
   0.10050  -0.08329   0.11905
   0.10050  -0.08329   0.11905
   0.10050  -0.08329   0.11905
   0.10050  -0.08329   0.11905
   0.34050  -0.08329   0.11905
   0.10050  -0.08329   0.11905
   0.10050  -0.08329   0.11905
   0.10050  -0.08329   0.11905
   0.10050  -0.08329   0.11905
   0.10050  -0.08329  -0.12095
   0.10050  -0.08329   0.11905
   0.10050  -0.08329   0.11905
   0.10050  -0.08329   0.11905
   0.10050  -0.08329   0.11905
   0.10050  -0.08329   0.11905
   0.10050  -0.08329  -0.12095
  -0.13950   0.15671  -0.12095
   0.34050   0.15671  -0.12095
   0.34050  -0.08329   0.11905
   0.10050  -0.08329  -0.12095
   0.10050  -0.08329   0.11905
   0.10050  -0.08329  -0.12095
   0.10050   0.15671  -0.12095
   0.10050   0.15671  -0.12095
   0.10050   0.15671   0.11905
   0.10050   0.15671  -0.12095
   0.10050   0.15671  -0.12095
   0.34050   0.15671  -0.12095
   0.10050   0.15671  -0.12095
   0.10050   0.15671  -0.12095
   0.34050   0.15671  -0.12095
   0.34050   0.15671  -0.12095
   0.34050   0.15671  -0.12095
   0.34050   0.15671  -0.12095
   0.34050   0.15671  -0.12095
   0.34050   0.15671  -0.12095
   0.34050   0.15671  -0.12095
   0.10050   0.15671  -0.12095
   0.34050   0.15671  -0.12095
   0.34050   0.15671  -0.12095
   0.34050   0.15671  -0.12095
   0.34050   0.15671  -0.12095
   0.34050   0.15671  -0.12095
   0.34050   0.15671  -0.12095
   0.34050   0.15671  -0.12095
   0.34050   0.15671  -0.12095
   0.34050   0.15671  -0.12095
   0.34050   0.15671  -0.12095
   0.34050   0.15671  -0.12095
   0.34050  -0.08329  -0.12095
   0.34050  -0.08329  -0.12095
   0.34050   0.15671  -0.12095
   0.34050  -0.08329  -0.12095
   0.34050   0.15671  -0.12095
   0.34050   0.15671  -0.12095
   0.34050   0.15671  -0.12095
   0.34050  -0.08329  -0.12095
   0.34050  -0.08329  -0.12095
   0.34050  -0.08329  -0.12095
   0.34050  -0.08329  -0.12095
   0.34050  -0.08329  -0.12095
   0.34050  -0.08329  -0.12095
   0.34050  -0.08329  -0.12095
   0.34050  -0.08329  -0.12095
   0.34050  -0.08329  -0.12095
   0.34050  -0.08329  -0.12095
   0.34050  -0.08329  -0.12095
   0.34050  -0.08329  -0.36095
   0.34050  -0.08329  -0.60095
   0.34050  -0.08329  -0.36095
   0.34050  -0.08329  -0.12095
   0.34050  -0.08329  -0.36095
   0.34050  -0.08329  -0.36095
   0.34050  -0.08329  -0.36095
   0.34050  -0.08329  -0.36095
   0.34050  -0.08329  -0.36095
   0.34050  -0.08329  -0.36095
   0.34050  -0.08329  -0.36095
   0.34050  -0.08329  -0.36095
   0.34050  -0.08329  -0.36095
   0.34050   0.15671  -0.36095
   0.34050  -0.08329  -0.36095
   0.34050  -0.08329  -0.36095
   0.34050  -0.08329  -0.36095
   0.34050  -0.08329  -0.36095
   0.34050  -0.08329  -0.36095
   0.34050  -0.08329  -0.36095
   0.34050  -0.08329  -0.36095
   0.34050  -0.08329  -0.36095
   0.34050  -0.08329  -0.36095
   0.34050   0.15671  -0.36095
   0.34050  -0.08329  -0.36095
   0.34050   0.15671  -0.36095
   0.34050  -0.08329  -0.36095
   0.34050  -0.08329  -0.36095
   0.34050  -0.08329  -0.36095
   0.34050  -0.08329  -0.36095
   0.34050  -0.08329  -0.36095
   0.34050  -0.08329  -0.36095
   0.34050  -0.08329  -0.36095
   0.34050  -0.08329  -0.36095
   0.34050  -0.08329  -0.36095
   0.10050  -0.08329  -0.36095
   0.34050  -0.08329  -0.60095
   0.34050  -0.08329  -0.36095
   0.10050  -0.08329  -0.36095
   0.34050  -0.08329  -0.36095
   0.34050  -0.08329  -0.36095
   0.10050  -0.08329  -0.36095
   0.10050  -0.08329  -0.36095
   0.10050  -0.08329  -0.36095
   0.10050  -0.08329  -0.36095
   0.10050   0.15671  -0.36095
   0.34050  -0.08329  -0.36095
   0.10050   0.15671  -0.36095
   0.10050  -0.08329  -0.36095
   0.34050   0.15671  -0.36095
   0.10050   0.15671  -0.36095
   0.10050  -0.08329  -0.36095
   0.10050  -0.08329  -0.36095
   0.10050  -0.08329  -0.36095
   0.10050  -0.08329  -0.36095
   0.10050  -0.08329  -0.36095
   0.10050  -0.08329  -0.36095
   0.10050  -0.08329  -0.36095
   0.10050   0.15671  -0.36095
   0.10050   0.15671  -0.36095
   0.10050  -0.08329  -0.36095
   0.10050  -0.32329  -0.36095
   0.10050  -0.08329  -0.36095
   0.10050   0.15671  -0.36095
   0.10050  -0.08329  -0.36095
   0.10050  -0.08329  -0.36095
   0.10050  -0.08329  -0.36095
   0.10050  -0.08329  -0.36095
   0.10050  -0.08329  -0.36095
   0.10050  -0.08329  -0.36095
   0.10050  -0.08329  -0.36095
   0.10050  -0.08329  -0.36095
   0.10050  -0.08329  -0.36095
   0.10050  -0.08329  -0.36095
   0.10050  -0.08329  -0.36095
   0.10050  -0.08329  -0.36095
   0.10050  -0.08329  -0.36095
   0.10050  -0.08329  -0.36095
   0.10050  -0.08329  -0.36095
   0.10050  -0.08329  -0.36095
   0.10050  -0.32329  -0.36095
   0.10050  -0.08329  -0.36095
   0.10050  -0.32329  -0.36095
   0.10050  -0.08329  -0.36095
   0.10050  -0.08329  -0.36095
   0.10050  -0.08329  -0.36095
   0.10050  -0.08329  -0.36095
  -0.13950  -0.08329  -0.36095
   0.10050  -0.08329  -0.36095
   0.10050  -0.08329  -0.36095
  -0.13950  -0.08329  -0.36095
  -0.13950  -0.08329  -0.36095
  -0.13950  -0.08329  -0.12095
   0.10050  -0.08329  -0.36095
  -0.13950  -0.08329  -0.36095
  -0.13950  -0.08329  -0.36095
  -0.13950  -0.08329  -0.36095
  -0.13950  -0.08329  -0.36095
  -0.13950  -0.08329  -0.36095
   0.10050  -0.08329  -0.36095
  -0.13950  -0.08329  -0.12095
  -0.13950  -0.08329  -0.60095
  -0.13950  -0.08329  -0.12095
  -0.13950  -0.08329  -0.12095
  -0.13950  -0.08329  -0.12095
  -0.13950  -0.08329  -0.12095
  -0.13950  -0.08329  -0.12095
  -0.13950  -0.08329  -0.12095
  -0.13950  -0.08329  -0.12095
  -0.13950  -0.08329  -0.12095
  -0.13950  -0.08329  -0.12095
  -0.13950  -0.08329  -0.12095
  -0.13950  -0.08329  -0.12095
  -0.13950  -0.08329  -0.12095
  -0.13950  -0.08329  -0.12095
  -0.13950  -0.08329  -0.12095
  -0.13950  -0.08329  -0.12095
  -0.13950  -0.08329  -0.12095
  -0.13950  -0.08329  -0.12095
  -0.13950  -0.08329  -0.12095
  -0.13950  -0.08329  -0.12095
  -0.13950  -0.08329  -0.12095
  -0.13950  -0.08329  -0.12095
  -0.13950  -0.08329  -0.12095
  -0.13950  -0.08329  -0.12095
  -0.13950  -0.08329  -0.12095
  -0.13950  -0.08329  -0.12095
  -0.13950  -0.08329  -0.12095
  -0.13950  -0.08329  -0.12095
  -0.13950  -0.08329  -0.12095
  -0.13950  -0.08329  -0.12095
  -0.13950  -0.08329  -0.12095
  -0.13950  -0.08329  -0.12095
  -0.13950  -0.08329  -0.12095
  -0.13950  -0.08329  -0.12095
  -0.13950  -0.08329  -0.12095
  -0.13950  -0.08329  -0.12095
  -0.13950  -0.08329  -0.12095
  -0.13950  -0.08329  -0.12095
  -0.13950  -0.08329  -0.12095
  -0.13950  -0.08329  -0.12095
  -0.13950  -0.08329  -0.12095
  -0.13950  -0.08329  -0.12095
  -0.13950  -0.08329  -0.12095
  -0.13950  -0.08329  -0.12095
  -0.13950  -0.08329  -0.12095
  -0.13950  -0.08329   0.11905
  -0.13950  -0.08329   0.11905
  -0.13950  -0.08329  -0.12095
  -0.13950  -0.08329  -0.12095
  -0.13950  -0.08329   0.11905
  -0.37950  -0.08329  -0.12095
  -0.13950  -0.08329   0.11905
  -0.13950  -0.08329   0.11905
  -0.13950  -0.08329   0.11905
  -0.13950  -0.08329   0.11905
  -0.13950  -0.08329   0.11905
  -0.13950  -0.08329  -0.12095
  -0.13950  -0.08329   0.11905
  -0.13950  -0.08329   0.11905
  -0.13950  -0.08329   0.11905
  -0.13950  -0.08329   0.11905
  -0.13950  -0.08329   0.11905
  -0.13950  -0.08329   0.11905
  -0.13950  -0.08329   0.11905
  -0.13950  -0.08329   0.11905
  -0.13950   0.15671   0.11905
  -0.13950  -0.08329   0.11905
  -0.13950  -0.08329   0.11905
  -0.13950   0.15671   0.11905
  -0.13950  -0.08329   0.11905
  -0.13950   0.15671   0.11905
  -0.13950  -0.08329   0.11905
  -0.13950  -0.08329   0.11905
  -0.13950   0.15671   0.11905
  -0.13950   0.15671   0.11905
  -0.13950   0.15671   0.11905
  -0.37950  -0.08329   0.11905
  -0.13950   0.15671   0.11905
  -0.13950   0.15671   0.11905
  -0.13950   0.15671   0.11905
  -0.13950   0.15671   0.11905
  -0.37950  -0.08329   0.11905
  -0.13950   0.15671   0.11905
  -0.13950   0.15671   0.35905
  -0.13950   0.15671   0.35905
  -0.13950   0.15671   0.35905
  -0.13950   0.15671   0.11905
  -0.13950   0.15671   0.35905
  -0.13950   0.15671   0.35905
  -0.13950  -0.08329   0.35905
  -0.13950  -0.08329   0.35905
  -0.37950  -0.08329   0.35905
  -0.37950  -0.08329   0.35905
  -0.37950   0.15671   0.35905
  -0.37950   0.15671   0.35905
  -0.37950   0.15671   0.35905
  -0.13950   0.15671   0.35905
  -0.13950   0.15671   0.35905
  -0.13950   0.15671   0.35905
  -0.37950  -0.08329   0.35905
  -0.13950   0.15671   0.11905
  -0.37950   0.15671   0.11905
  -0.37950  -0.08329   0.35905
  -0.37950   0.15671   0.35905
  -0.13950  -0.08329   0.35905
  -0.37950  -0.08329   0.35905
  -0.13950   0.15671   0.35905
  -0.37950  -0.08329   0.35905
  -0.13950  -0.08329   0.35905
  -0.37950  -0.08329   0.35905
  -0.37950  -0.08329   0.35905
  -0.37950  -0.08329   0.35905
  -0.37950  -0.08329   0.35905
  -0.37950  -0.08329   0.35905
  -0.37950  -0.08329   0.35905
  -0.37950  -0.08329   0.35905
  -0.37950  -0.08329   0.35905
  -0.37950  -0.08329   0.35905
  -0.37950  -0.08329   0.35905
  -0.37950  -0.08329   0.35905
  -0.37950  -0.08329   0.35905
  -0.37950  -0.08329   0.35905
  -0.37950  -0.08329   0.35905
  -0.37950  -0.08329   0.35905
  -0.37950   0.15671   0.35905
  -0.37950   0.15671   0.35905
  -0.37950  -0.08329   0.35905
  -0.37950  -0.08329   0.35905
  -0.37950   0.15671   0.35905
  -0.37950   0.15671   0.35905
  -0.37950   0.15671   0.59905
  -0.37950  -0.08329   0.35905
  -0.37950  -0.08329   0.35905
  -0.37950  -0.08329   0.35905
  -0.37950   0.15671   0.35905
  -0.37950   0.15671   0.35905
  -0.37950  -0.08329   0.35905
  -0.37950   0.15671   0.35905
  -0.37950   0.15671   0.35905
  -0.37950   0.15671   0.35905
  -0.37950   0.15671   0.35905
  -0.37950   0.15671   0.35905
  -0.37950   0.15671   0.35905
  -0.37950   0.15671   0.35905
  -0.37950  -0.08329   0.11905
  -0.37950   0.15671   0.35905
  -0.37950  -0.08329   0.35905
  -0.37950  -0.08329   0.35905
  -0.13950   0.15671   0.35905
  -0.37950   0.15671   0.35905
  -0.13950   0.15671   0.59905
  -0.13950   0.15671   0.35905
  -0.37950   0.15671   0.35905
  -0.37950   0.15671   0.35905
  -0.13950  -0.08329   0.35905
  -0.13950   0.15671   0.35905
  -0.13950   0.15671   0.35905
  -0.13950   0.15671   0.35905
  -0.13950   0.15671   0.35905
  -0.13950   0.15671   0.35905
  -0.13950   0.15671   0.35905
  -0.13950   0.15671   0.35905
  -0.13950   0.15671   0.35905
  -0.13950   0.15671   0.35905
  -0.13950  -0.08329   0.35905
  -0.13950   0.15671   0.35905
  -0.13950   0.15671   0.35905
  -0.13950   0.15671   0.35905
  -0.13950   0.15671   0.35905
  -0.13950   0.15671   0.35905
  -0.13950   0.15671   0.35905
  -0.13950   0.15671   0.35905
  -0.13950   0.15671   0.35905
  -0.13950   0.15671   0.35905
  -0.13950   0.15671   0.35905
  -0.13950   0.15671   0.35905
  -0.13950   0.15671   0.35905
  -0.13950   0.15671   0.35905
  -0.13950   0.15671   0.35905
  -0.13950   0.15671   0.35905
  -0.13950   0.15671   0.35905
   0.10050   0.15671   0.35905
  -0.13950   0.15671   0.35905
  -0.13950   0.15671   0.35905
  -0.13950  -0.08329   0.35905
  -0.13950  -0.08329   0.35905
   0.10050   0.15671  -0.12095
  -0.13950   0.15671   0.35905
  -0.13950   0.15671   0.35905
  -0.13950  -0.08329   0.35905
  -0.13950  -0.08329   0.35905
  -0.13950   0.15671   0.35905
   0.10050  -0.08329   0.35905
   0.10050  -0.08329   0.35905
   0.10050   0.15671   0.35905
   0.10050   0.15671   0.35905
   0.10050  -0.08329   0.11905
   0.10050  -0.08329   0.11905
   0.10050   0.15671   0.11905
   0.10050   0.15671   0.11905
   0.10050   0.15671   0.11905
   0.10050   0.15671   0.11905
   0.10050  -0.08329   0.11905
   0.10050  -0.08329   0.11905
   0.10050   0.15671   0.11905
   0.10050   0.15671   0.11905
   0.10050   0.15671   0.11905
   0.10050   0.15671   0.11905
   0.10050  -0.08329   0.11905
   0.10050  -0.08329   0.11905
   0.10050   0.15671   0.11905
   0.10050   0.15671   0.11905
   0.10050  -0.08329   0.11905
   0.10050  -0.08329   0.11905
   0.10050   0.15671   0.11905
   0.10050   0.15671   0.11905
   0.10050  -0.08329   0.11905
   0.10050   0.15671   0.11905
  -0.13950  -0.08329   0.11905
   0.34050   0.15671   0.11905
   0.34050   0.15671   0.11905
   0.10050   0.15671  -0.12095
   0.34050  -0.08329  -0.12095
   0.34050  -0.08329  -0.12095
   0.34050  -0.08329  -0.12095
   0.34050  -0.08329  -0.12095
   0.34050  -0.08329  -0.12095
   0.10050  -0.08329  -0.60095
   0.34050  -0.08329  -0.12095
   0.34050   0.15671  -0.12095
   0.34050  -0.08329  -0.12095
   0.34050   0.15671  -0.12095
   0.34050  -0.08329  -0.12095
   0.34050  -0.08329  -0.12095
   0.10050  -0.08329  -0.12095
   0.34050  -0.08329  -0.12095
   0.34050   0.15671  -0.12095
   0.34050  -0.08329  -0.12095
   0.34050  -0.08329  -0.12095
   0.34050  -0.08329  -0.12095
   0.34050   0.15671  -0.12095
   0.34050   0.15671  -0.12095
   0.34050   0.15671  -0.12095
   0.34050  -0.08329  -0.12095
   0.34050  -0.08329  -0.12095
   0.34050   0.15671  -0.12095
   0.34050   0.15671  -0.12095
   0.34050  -0.08329  -0.12095
   0.34050  -0.08329  -0.12095
   0.34050  -0.08329  -0.12095
   0.34050  -0.08329  -0.12095
   0.34050   0.15671  -0.12095
   0.34050  -0.32329  -0.36095
   0.34050  -0.08329  -0.12095
   0.34050  -0.08329  -0.12095
   0.34050   0.15671  -0.12095
   0.34050  -0.08329  -0.12095
   0.34050  -0.08329  -0.12095
   0.34050  -0.08329  -0.12095
   0.34050   0.15671  -0.12095
   0.34050  -0.08329  -0.12095
   0.34050  -0.08329  -0.12095
   0.34050  -0.08329  -0.12095
   0.34050  -0.08329  -0.12095
   0.34050  -0.08329  -0.12095
   0.34050  -0.08329  -0.12095
   0.34050  -0.08329  -0.12095
   0.34050  -0.08329  -0.36095
   0.34050  -0.08329  -0.12095
   0.34050  -0.08329  -0.36095
   0.34050  -0.08329  -0.60095
   0.34050  -0.08329  -0.36095
   0.34050  -0.08329  -0.36095
   0.34050   0.15671  -0.36095
   0.34050  -0.08329  -0.36095
   0.34050   0.15671  -0.36095
   0.34050  -0.08329  -0.36095
   0.34050  -0.08329  -0.36095
   0.34050   0.15671  -0.36095
   0.34050   0.15671  -0.36095
   0.34050   0.15671  -0.36095
   0.34050   0.15671  -0.36095
   0.34050  -0.08329  -0.36095
   0.34050  -0.08329  -0.36095
   0.34050  -0.08329  -0.36095
   0.34050  -0.08329  -0.36095
   0.34050  -0.08329  -0.36095
   0.34050  -0.08329  -0.36095
   0.34050  -0.08329  -0.36095
   0.34050  -0.08329  -0.36095
   0.34050  -0.08329  -0.36095
   0.34050  -0.08329  -0.36095
   0.34050  -0.08329  -0.36095
   0.34050  -0.08329  -0.36095
   0.34050  -0.08329  -0.36095
   0.34050  -0.08329  -0.36095
   0.34050  -0.08329  -0.36095
   0.34050  -0.08329  -0.36095
   0.34050  -0.08329  -0.36095
   0.34050   0.15671  -0.36095
   0.34050  -0.08329  -0.36095
   0.34050  -0.08329  -0.36095
   0.34050  -0.08329  -0.36095
   0.34050  -0.08329  -0.36095
   0.34050  -0.08329  -0.36095
   0.34050  -0.08329  -0.36095
   0.34050  -0.08329  -0.36095
   0.34050  -0.55329  -0.36095
   0.34050  -0.08329  -0.36095
   0.10050  -0.08329  -0.36095
   0.34050  -0.08329  -0.36095
   0.34050  -0.08329  -0.36095
   0.34050  -0.08329  -0.36095
   0.34050  -0.08329  -0.36095
   0.34050  -0.08329  -0.36095
   0.34050   0.15671  -0.36095
   0.34050   0.15671  -0.36095
   0.34050   0.15671  -0.36095
   0.34050  -0.08329  -0.36095
   0.10050  -0.08329  -0.36095
   0.34050   0.15671  -0.36095
   0.34050  -0.08329  -0.36095
   0.34050  -0.08329  -0.36095
   0.34050  -0.08329  -0.36095
   0.34050  -0.08329  -0.36095
   0.34050  -0.08329  -0.36095
   0.34050  -0.08329  -0.36095
   0.34050   0.15671  -0.36095
   0.34050  -0.08329  -0.36095
   0.34050  -0.08329  -0.36095
   0.34050  -0.08329  -0.36095
   0.34050  -0.08329  -0.36095
   0.34050  -0.08329  -0.36095
   0.34050  -0.08329  -0.36095
   0.34050  -0.08329  -0.36095
   0.34050  -0.08329  -0.36095
   0.34050  -0.08329  -0.36095
   0.34050  -0.08329  -0.36095
   0.34050  -0.08329  -0.36095
   0.34050  -0.08329  -0.36095
   0.34050  -0.55329  -0.36095
   0.34050  -0.08329  -0.36095
   0.34050  -0.08329  -0.36095
   0.34050  -0.08329  -0.36095
   0.34050  -0.08329  -0.36095
   0.34050   0.15671  -0.36095
   0.34050  -0.08329  -0.36095
   0.34050  -0.08329  -0.36095
   0.34050  -0.08329  -0.36095
   0.34050  -0.08329  -0.36095
   0.34050  -0.08329  -0.36095
   0.34050  -0.08329  -0.36095
   0.34050  -0.08329  -0.36095
   0.34050  -0.08329  -0.36095
   0.34050  -0.08329  -0.36095
   0.34050  -0.08329  -0.36095
   0.34050  -0.08329  -0.12095
   0.10050  -0.08329  -0.12095
   0.10050  -0.08329  -0.36095
   0.10050  -0.08329  -0.12095
   0.10050  -0.08329  -0.36095
   0.34050  -0.08329  -0.12095
   0.10050  -0.08329  -0.36095
   0.10050  -0.08329  -0.12095
   0.34050  -0.08329  -0.12095
   0.10050  -0.08329  -0.12095
   0.10050  -0.08329  -0.12095
   0.10050  -0.08329  -0.12095
   0.10050  -0.08329  -0.12095
   0.10050  -0.08329  -0.12095
   0.10050  -0.08329  -0.12095
   0.10050  -0.08329  -0.12095
   0.10050  -0.08329  -0.12095
   0.10050  -0.08329  -0.12095
   0.10050  -0.08329  -0.12095
  -0.13950  -0.08329  -0.12095
   0.10050  -0.08329  -0.12095
   0.10050  -0.08329  -0.12095
   0.10050  -0.08329  -0.12095
   0.10050  -0.08329  -0.12095
   0.10050  -0.08329  -0.12095
   0.10050  -0.08329  -0.12095
   0.10050  -0.08329  -0.12095
   0.10050  -0.08329  -0.12095
   0.10050  -0.08329  -0.12095
   0.10050  -0.08329  -0.12095
   0.10050  -0.08329  -0.12095
   0.10050  -0.08329  -0.12095
   0.10050  -0.08329  -0.12095
   0.10050  -0.08329  -0.12095
   0.10050  -0.08329  -0.12095
   0.10050  -0.08329  -0.12095
   0.10050  -0.08329  -0.12095
  -0.13950  -0.08329  -0.12095
  -0.13950  -0.08329  -0.12095
  -0.13950  -0.08329  -0.12095
  -0.13950  -0.08329  -0.12095
  -0.13950  -0.08329  -0.12095
  -0.13950  -0.08329  -0.12095
  -0.13950  -0.08329  -0.12095
  -0.13950  -0.08329  -0.12095
  -0.13950  -0.08329   0.11905
  -0.13950  -0.08329  -0.12095
  -0.13950   0.15671   0.11905
  -0.13950  -0.08329   0.11905
  -0.13950  -0.08329  -0.12095
  -0.13950  -0.08329   0.11905
  -0.13950  -0.08329   0.11905
  -0.13950  -0.08329   0.11905
  -0.13950  -0.08329   0.11905
  -0.13950  -0.08329   0.11905
  -0.13950  -0.08329   0.11905
  -0.13950  -0.08329   0.11905
  -0.13950  -0.08329   0.11905
  -0.13950  -0.08329   0.11905
  -0.13950  -0.08329   0.11905
  -0.13950   0.15671   0.11905
  -0.13950  -0.08329   0.11905
  -0.13950  -0.08329   0.11905
  -0.13950  -0.08329   0.11905
  -0.13950  -0.08329   0.11905
  -0.13950  -0.08329   0.11905
  -0.13950  -0.08329   0.11905
  -0.37950  -0.08329   0.11905
  -0.13950  -0.08329   0.11905
  -0.37950  -0.08329   0.11905
  -0.37950  -0.08329   0.11905
  -0.13950  -0.08329   0.11905
  -0.13950  -0.08329   0.11905
  -0.37950  -0.08329   0.11905
  -0.37950  -0.08329   0.11905
  -0.37950  -0.08329   0.11905
  -0.13950  -0.08329   0.11905
  -0.37950  -0.08329   0.11905
  -0.37950  -0.08329   0.11905
  -0.37950  -0.08329   0.11905
  -0.37950  -0.08329   0.11905
  -0.37950  -0.08329   0.11905
  -0.37950  -0.08329   0.11905
  -0.37950  -0.08329   0.35905
  -0.37950  -0.08329   0.11905
  -0.37950  -0.08329   0.35905
  -0.37950  -0.08329   0.35905
  -0.37950  -0.08329   0.35905
  -0.37950  -0.08329   0.35905
  -0.37950  -0.08329   0.35905
  -0.37950   0.15671   0.35905
  -0.37950  -0.08329   0.35905
  -0.37950  -0.08329   0.35905
  -0.37950  -0.08329   0.35905
  -0.37950  -0.08329   0.35905
  -0.37950  -0.08329   0.35905
  -0.37950  -0.08329   0.35905
  -0.37950  -0.08329   0.35905
  -0.37950  -0.08329   0.35905
  -0.37950  -0.08329   0.35905
  -0.37950  -0.08329   0.35905
  -0.37950  -0.08329   0.35905
  -0.37950  -0.08329   0.35905
  -0.37950  -0.08329   0.35905
  -0.37950  -0.08329   0.35905
  -0.37950  -0.08329   0.35905
  -0.13950  -0.08329   0.35905
  -0.37950  -0.08329   0.35905
  -0.37950  -0.08329   0.35905
  -0.37950  -0.08329   0.35905
  -0.37950  -0.08329   0.35905
  -0.37950   0.15671   0.35905
  -0.37950  -0.08329   0.35905
  -0.37950  -0.08329   0.35905
  -0.37950  -0.08329   0.35905
  -0.37950  -0.08329   0.35905
  -0.37950  -0.08329   0.35905
  -0.37950  -0.08329   0.35905
  -0.37950  -0.08329   0.35905
  -0.37950  -0.08329   0.35905
  -0.37950  -0.08329   0.35905
  -0.37950  -0.08329   0.35905
  -0.37950  -0.08329   0.35905
  -0.37950  -0.08329   0.35905
  -0.37950  -0.08329   0.35905
  -0.37950  -0.08329   0.35905
  -0.37950  -0.08329   0.35905
  -0.37950   0.15671   0.35905
  -0.37950  -0.08329   0.35905
  -0.37950  -0.08329   0.35905
  -0.61950  -0.08329   0.35905
  -0.37950  -0.08329   0.35905
  -0.37950  -0.08329   0.35905
  -0.37950  -0.08329   0.35905
  -0.37950   0.15671   0.35905
  -0.37950  -0.08329   0.35905
  -0.37950  -0.08329   0.35905
  -0.37950  -0.08329   0.35905
  -0.37950   0.15671   0.35905
  -0.37950   0.15671   0.35905
  -0.37950   0.15671   0.35905
  -0.13950   0.15671   0.35905
  -0.37950  -0.08329   0.35905
  -0.37950  -0.08329   0.35905
  -0.13950   0.15671   0.35905
  -0.61950  -0.08329   0.35905
  -0.37950  -0.08329   0.35905
  -0.37950   0.15671   0.35905
  -0.37950  -0.08329   0.35905
  -0.37950  -0.08329   0.35905
  -0.13950   0.15671   0.35905
  -0.37950  -0.08329   0.35905
  -0.13950  -0.08329   0.35905
  -0.13950  -0.08329   0.35905
  -0.37950   0.15671   0.35905
  -0.13950   0.15671   0.35905
  -0.13950  -0.08329   0.35905
  -0.37950   0.15671   0.11905
  -0.13950  -0.08329   0.35905
  -0.13950   0.15671   0.35905
  -0.13950   0.15671   0.35905
  -0.13950   0.15671   0.35905
  -0.13950   0.15671   0.11905
  -0.37950  -0.08329   0.11905
  -0.13950   0.15671   0.11905
  -0.13950   0.15671   0.11905
  -0.37950  -0.08329   0.11905
  -0.13950   0.15671   0.35905
  -0.37950   0.15671   0.11905
  -0.13950   0.15671   0.11905
  -0.13950   0.15671   0.11905
  -0.13950   0.15671   0.11905
  -0.37950   0.15671   0.11905
  -0.13950   0.15671   0.11905
  -0.13950  -0.08329   0.35905
  -0.13950   0.15671   0.11905
  -0.13950   0.15671   0.11905
  -0.13950  -0.08329   0.11905
  -0.13950  -0.08329   0.11905
  -0.13950  -0.08329   0.11905
  -0.13950  -0.08329   0.11905
  -0.13950   0.15671   0.11905
  -0.13950   0.15671  -0.12095
  -0.13950  -0.08329   0.11905
  -0.13950   0.15671   0.11905
  -0.13950   0.15671   0.11905
  -0.37950  -0.08329   0.11905
  -0.37950  -0.08329   0.11905
  -0.13950   0.15671   0.11905
  -0.13950  -0.08329   0.11905
  -0.13950   0.15671   0.11905
  -0.13950   0.15671   0.11905
  -0.37950  -0.08329   0.11905
  -0.13950  -0.08329   0.11905
  -0.13950  -0.08329   0.11905
  -0.13950   0.15671   0.11905
  -0.13950  -0.08329   0.11905
  -0.13950  -0.08329   0.11905
  -0.13950   0.15671   0.11905
  -0.13950   0.15671   0.11905
  -0.13950  -0.08329   0.11905
  -0.13950   0.15671   0.11905
  -0.13950   0.15671   0.11905
  -0.13950   0.15671   0.11905
  -0.13950  -0.08329   0.11905
  -0.13950  -0.08329   0.11905
  -0.13950   0.15671   0.11905
  -0.13950   0.15671   0.11905
  -0.13950   0.15671  -0.12095
  -0.13950   0.15671  -0.12095
  -0.13950  -0.08329  -0.12095
  -0.13950  -0.08329  -0.12095
  -0.13950  -0.08329  -0.12095
  -0.13950   0.15671  -0.12095
  -0.13950  -0.08329  -0.12095
  -0.13950  -0.08329  -0.12095
  -0.13950  -0.08329  -0.12095
  -0.13950  -0.08329  -0.12095
  -0.13950  -0.08329   0.11905
  -0.13950  -0.08329  -0.12095
  -0.13950  -0.08329  -0.12095
  -0.13950  -0.08329  -0.12095
  -0.13950  -0.08329  -0.12095
  -0.13950  -0.08329  -0.12095
  -0.13950  -0.08329  -0.12095
  -0.13950  -0.08329  -0.12095
  -0.13950  -0.08329  -0.12095
  -0.13950  -0.08329  -0.12095
  -0.13950  -0.08329  -0.12095
  -0.13950  -0.08329  -0.12095
   0.10050  -0.08329  -0.12095
   0.10050  -0.08329  -0.12095
   0.10050  -0.08329  -0.12095
   0.10050  -0.08329  -0.12095
   0.10050  -0.08329  -0.12095
   0.10050  -0.08329  -0.12095
   0.10050  -0.08329  -0.12095
   0.10050  -0.08329  -0.12095
   0.10050  -0.08329  -0.12095
   0.10050  -0.08329  -0.12095
   0.10050  -0.08329  -0.12095
   0.10050  -0.08329  -0.12095
   0.10050  -0.08329  -0.12095
   0.10050  -0.08329  -0.12095
   0.10050  -0.08329  -0.12095
   0.10050  -0.08329  -0.12095
   0.10050  -0.08329  -0.12095
   0.10050  -0.08329  -0.12095
   0.10050  -0.08329  -0.12095
   0.10050  -0.08329  -0.12095
   0.10050  -0.08329  -0.12095
   0.10050  -0.08329  -0.12095
   0.10050  -0.08329  -0.12095
   0.10050  -0.08329  -0.12095
   0.10050   0.15671  -0.12095
   0.10050  -0.08329  -0.12095
   0.34050  -0.08329  -0.12095
   0.10050  -0.08329  -0.12095
   0.10050  -0.08329  -0.12095
   0.10050  -0.08329  -0.12095
   0.10050  -0.08329  -0.12095
   0.10050  -0.08329  -0.12095
   0.10050  -0.08329  -0.12095
   0.10050  -0.32329  -0.12095
   0.10050  -0.08329  -0.36095
   0.10050   0.15671  -0.12095
   0.10050  -0.08329  -0.12095
   0.10050  -0.08329  -0.12095
   0.10050  -0.08329  -0.12095
   0.10050   0.15671  -0.12095
   0.10050  -0.08329  -0.12095
   0.10050  -0.08329  -0.12095
   0.34050   0.15671  -0.12095
   0.34050   0.15671  -0.12095
   0.34050   0.15671  -0.12095
   0.34050   0.15671  -0.12095
   0.34050   0.15671  -0.12095
   0.34050   0.15671  -0.12095
   0.34050   0.15671  -0.12095
   0.34050   0.15671  -0.12095
   0.34050  -0.08329  -0.12095
   0.34050   0.15671  -0.12095
   0.34050  -0.08329  -0.12095
   0.34050   0.15671  -0.12095
   0.34050   0.15671  -0.36095
   0.34050  -0.08329  -0.12095
   0.34050   0.15671  -0.12095
   0.34050   0.15671  -0.12095
   0.34050   0.15671  -0.12095
   0.34050   0.15671  -0.12095
   0.34050   0.15671  -0.12095
   0.34050   0.15671  -0.12095
   0.34050   0.15671  -0.12095
   0.34050   0.15671  -0.12095
   0.34050   0.15671  -0.12095
   0.34050   0.15671  -0.12095
   0.10050   0.15671  -0.12095
   0.34050   0.15671  -0.12095
   0.34050   0.15671  -0.12095
   0.34050   0.15671  -0.12095
   0.34050   0.15671  -0.12095
   0.34050   0.15671  -0.12095
   0.34050   0.15671  -0.12095
   0.34050   0.15671  -0.12095
   0.34050   0.15671  -0.12095
   0.34050   0.15671  -0.12095
   0.34050  -0.08329  -0.12095
   0.34050  -0.08329  -0.12095
   0.34050  -0.08329  -0.12095
   0.34050  -0.08329  -0.12095
   0.34050  -0.08329  -0.12095
   0.34050  -0.08329  -0.12095
   0.34050  -0.08329  -0.12095
   0.34050   0.15671  -0.12095
   0.34050   0.15671  -0.12095
   0.34050  -0.08329  -0.12095
   0.10050  -0.08329  -0.12095
   0.34050   0.15671  -0.12095
   0.34050   0.15671  -0.12095
   0.34050   0.15671  -0.12095
   0.34050  -0.08329  -0.12095
   0.34050  -0.08329  -0.12095
   0.34050  -0.08329  -0.12095
   0.34050   0.15671  -0.12095
   0.34050  -0.08329  -0.12095
   0.34050   0.15671  -0.12095
   0.34050  -0.08329  -0.12095
   0.34050  -0.08329  -0.12095
   0.34050  -0.08329  -0.12095
   0.34050  -0.08329  -0.12095
   0.34050   0.15671  -0.12095
   0.34050   0.15671  -0.12095
   0.34050  -0.08329  -0.12095
   0.34050  -0.08329  -0.12095
   0.34050  -0.08329  -0.12095
   0.34050  -0.08329  -0.12095
   0.34050   0.15671  -0.12095
   0.34050  -0.08329  -0.12095
   0.34050  -0.08329  -0.12095
   0.34050  -0.08329  -0.12095
   0.34050  -0.08329  -0.12095
   0.10050  -0.08329  -0.12095
   0.34050   0.15671  -0.12095
   0.34050  -0.08329  -0.60095
   0.34050  -0.08329  -0.12095
   0.34050  -0.08329  -0.12095
   0.34050  -0.08329  -0.12095
   0.34050  -0.08329  -0.12095
   0.34050  -0.08329  -0.12095
   0.34050   0.15671  -0.12095
   0.34050  -0.08329  -0.12095
   0.34050   0.15671  -0.12095
   0.34050   0.15671  -0.12095
   0.34050   0.15671  -0.12095
   0.34050  -0.08329  -0.12095
   0.34050   0.15671  -0.12095
   0.34050   0.15671  -0.12095
   0.34050   0.15671  -0.12095
   0.34050  -0.08329  -0.12095
   0.34050  -0.08329  -0.12095
   0.34050   0.15671  -0.12095
   0.34050   0.15671  -0.12095
   0.34050  -0.08329  -0.12095
   0.34050  -0.08329  -0.12095
   0.34050  -0.08329  -0.12095
   0.10050  -0.08329  -0.12095
   0.34050   0.15671  -0.12095
   0.34050  -0.08329  -0.12095
   0.34050  -0.08329  -0.12095
   0.34050  -0.08329  -0.12095
   0.10050   0.15671   0.11905
   0.34050   0.15671  -0.12095
   0.10050  -0.08329  -0.12095
   0.10050  -0.08329  -0.12095
   0.34050  -0.08329  -0.12095
   0.10050   0.15671  -0.12095
   0.10050  -0.08329  -0.12095
   0.10050  -0.08329  -0.12095
   0.10050  -0.08329  -0.12095
   0.10050  -0.08329  -0.12095
   0.10050   0.15671  -0.12095
   0.10050  -0.08329   0.11905
   0.10050  -0.08329   0.11905
   0.10050  -0.08329   0.11905
   0.10050  -0.08329   0.11905
   0.10050  -0.08329   0.11905
   0.10050  -0.08329  -0.12095
   0.10050  -0.08329   0.11905
   0.10050  -0.08329   0.11905
   0.10050  -0.08329   0.11905
   0.10050  -0.08329   0.11905
   0.10050  -0.08329   0.11905
   0.10050  -0.08329   0.11905
   0.10050  -0.08329   0.11905
   0.10050  -0.08329   0.11905
   0.10050  -0.08329   0.11905
   0.10050  -0.08329   0.11905
   0.10050  -0.08329   0.11905
   0.10050  -0.08329   0.11905
   0.10050   0.15671   0.11905
   0.10050   0.15671   0.11905
   0.10050  -0.08329   0.11905
   0.10050  -0.08329   0.11905
   0.10050  -0.08329   0.11905
   0.10050  -0.08329   0.11905
   0.10050   0.15671   0.11905
   0.10050   0.15671   0.11905
   0.10050  -0.08329   0.11905
   0.10050  -0.08329   0.11905
   0.10050  -0.08329   0.11905
   0.10050  -0.08329   0.11905
   0.10050   0.15671   0.11905
   0.10050  -0.08329   0.11905
   0.10050  -0.08329   0.11905
   0.10050  -0.08329   0.11905
   0.10050   0.15671   0.11905
   0.10050  -0.08329   0.11905
   0.10050  -0.08329   0.11905
   0.10050  -0.08329   0.11905
   0.10050  -0.08329   0.11905
   0.10050  -0.08329   0.11905
   0.10050  -0.08329   0.11905
   0.10050  -0.08329   0.11905
   0.10050  -0.08329   0.11905
   0.10050  -0.08329   0.11905
   0.10050  -0.08329   0.11905
   0.10050  -0.08329   0.11905
   0.10050  -0.08329   0.11905
   0.10050  -0.08329   0.11905
   0.10050  -0.08329   0.11905
   0.10050  -0.08329   0.11905
   0.10050  -0.08329   0.11905
   0.10050  -0.08329   0.11905
   0.10050  -0.08329   0.11905
   0.10050  -0.08329   0.11905
   0.10050  -0.08329   0.11905
   0.10050  -0.08329   0.11905
   0.10050  -0.08329   0.11905
   0.10050  -0.08329   0.11905
  -0.13950  -0.08329   0.11905
   0.10050  -0.08329   0.11905
   0.10050  -0.32329   0.35905
  -0.13950  -0.08329   0.11905
  -0.13950  -0.08329   0.11905
   0.10050   0.15671   0.11905
  -0.13950  -0.08329   0.11905
  -0.13950  -0.08329   0.11905
  -0.13950  -0.08329   0.11905
  -0.13950  -0.08329   0.11905
  -0.13950  -0.08329   0.35905
  -0.13950   0.15671   0.11905
  -0.13950  -0.08329   0.11905
  -0.13950  -0.08329   0.11905
  -0.13950  -0.08329   0.11905
  -0.13950  -0.08329   0.11905
  -0.13950  -0.08329   0.35905
  -0.13950  -0.08329   0.11905
  -0.13950  -0.08329   0.11905
  -0.13950  -0.08329   0.11905
  -0.13950  -0.08329   0.11905
  -0.13950  -0.08329   0.11905
  -0.13950  -0.08329   0.11905
  -0.13950  -0.08329   0.11905
  -0.13950  -0.08329   0.35905
  -0.13950  -0.08329   0.11905
  -0.13950  -0.08329   0.11905
  -0.13950  -0.08329   0.11905
  -0.13950  -0.08329   0.11905
  -0.13950  -0.08329   0.11905
  -0.13950  -0.08329   0.11905
  -0.13950  -0.08329   0.11905
  -0.13950  -0.08329   0.11905
  -0.13950  -0.08329   0.11905
  -0.13950  -0.08329   0.11905
  -0.13950  -0.08329   0.11905
  -0.13950  -0.08329   0.11905
  -0.13950  -0.08329   0.11905
  -0.13950  -0.08329   0.11905
  -0.13950  -0.08329   0.11905
  -0.13950  -0.08329   0.11905
  -0.13950  -0.08329   0.11905
  -0.13950  -0.08329   0.11905
  -0.13950  -0.08329   0.11905
  -0.13950  -0.08329   0.11905
  -0.13950  -0.08329   0.11905
  -0.13950  -0.08329   0.11905
  -0.13950  -0.08329   0.11905
  -0.37950  -0.08329   0.11905
  -0.13950  -0.08329   0.11905
  -0.37950  -0.08329   0.11905
  -0.13950  -0.08329   0.11905
  -0.13950  -0.08329   0.11905
  -0.37950  -0.08329   0.11905
  -0.61950  -0.08329   0.11905
  -0.37950  -0.08329   0.11905
  -0.37950  -0.08329   0.11905
  -0.37950  -0.08329   0.11905
  -0.37950  -0.08329   0.11905
  -0.37950  -0.08329   0.11905
  -0.37950  -0.08329   0.11905
  -0.37950  -0.08329   0.11905
  -0.37950   0.15671   0.11905
  -0.37950  -0.08329   0.11905
  -0.37950  -0.08329   0.11905
  -0.37950  -0.08329   0.11905
  -0.37950  -0.08329   0.11905
  -0.37950  -0.08329   0.11905
  -0.37950  -0.08329   0.11905
  -0.37950  -0.08329   0.11905
  -0.37950  -0.08329   0.11905
  -0.37950  -0.08329   0.11905
  -0.37950  -0.08329  -0.12095
  -0.37950  -0.08329   0.11905
  -0.37950  -0.08329   0.11905
  -0.37950   0.15671   0.11905
  -0.37950  -0.08329   0.11905
  -0.37950   0.15671   0.11905
  -0.37950   0.15671   0.11905
  -0.37950  -0.08329   0.11905
  -0.37950  -0.08329   0.11905
  -0.37950   0.15671   0.11905
  -0.37950  -0.08329   0.11905
  -0.37950   0.15671   0.11905
  -0.37950   0.15671   0.11905
  -0.37950   0.15671  -0.12095
  -0.37950   0.15671   0.11905
  -0.37950   0.15671   0.11905
  -0.37950   0.15671   0.11905
  -0.37950   0.15671  -0.12095
  -0.37950   0.15671  -0.12095
  -0.37950   0.15671  -0.12095
  -0.37950   0.15671   0.11905
  -0.37950   0.15671  -0.12095
  -0.37950   0.15671  -0.12095
  -0.37950   0.15671  -0.12095
  -0.37950  -0.08329  -0.12095
  -0.37950   0.15671  -0.12095
  -0.37950   0.15671   0.11905
  -0.37950   0.15671  -0.12095
  -0.37950   0.15671  -0.12095
  -0.37950   0.15671  -0.12095
  -0.37950   0.15671  -0.12095
  -0.37950   0.15671  -0.12095
  -0.37950   0.15671  -0.12095
  -0.37950  -0.08329  -0.12095
  -0.37950   0.15671   0.11905
  -0.13950   0.15671  -0.12095
  -0.37950   0.15671  -0.12095
  -0.37950  -0.08329  -0.12095
  -0.37950   0.15671  -0.60095
  -0.37950   0.15671   0.11905
  -0.37950  -0.08329  -0.12095
  -0.37950   0.15671  -0.12095
  -0.13950   0.15671  -0.12095
  -0.13950   0.15671  -0.12095
  -0.37950  -0.08329  -0.12095
  -0.13950   0.15671  -0.12095
  -0.13950  -0.08329  -0.12095
  -0.13950  -0.08329  -0.12095
  -0.13950   0.15671  -0.12095
  -0.13950   0.15671  -0.12095
  -0.13950  -0.08329  -0.12095
  -0.37950  -0.08329  -0.12095
  -0.13950   0.15671  -0.12095
  -0.13950  -0.08329  -0.12095
  -0.13950  -0.08329  -0.12095
  -0.13950  -0.08329  -0.12095
  -0.13950   0.15671  -0.12095
  -0.13950  -0.08329  -0.12095
  -0.13950  -0.08329  -0.12095
  -0.13950   0.15671  -0.12095
  -0.13950   0.15671  -0.12095
  -0.13950   0.15671  -0.12095
  -0.13950  -0.08329  -0.12095
  -0.13950   0.15671  -0.12095
  -0.13950   0.15671  -0.12095
  -0.13950   0.15671  -0.12095
  -0.13950  -0.08329  -0.12095
  -0.13950  -0.08329  -0.12095
  -0.13950  -0.08329  -0.12095
  -0.13950   0.15671  -0.12095
  -0.13950   0.15671  -0.12095
  -0.13950  -0.08329  -0.12095
  -0.13950  -0.08329  -0.12095
  -0.13950  -0.08329  -0.12095
  -0.13950  -0.08329  -0.12095
  -0.13950  -0.08329  -0.12095
  -0.13950  -0.08329  -0.12095
  -0.13950  -0.08329  -0.12095
  -0.13950  -0.08329  -0.12095
  -0.13950  -0.08329  -0.12095
  -0.13950  -0.08329  -0.12095
   0.10050  -0.08329  -0.12095
  -0.13950  -0.08329  -0.12095
  -0.13950  -0.08329  -0.12095
  -0.13950  -0.08329  -0.12095
  -0.13950  -0.08329  -0.12095
  -0.13950  -0.08329  -0.12095
  -0.13950  -0.08329  -0.12095
   0.10050  -0.08329  -0.12095
  -0.61950  -0.08329  -0.12095
  -0.13950  -0.32329  -0.12095
  -0.13950  -0.08329  -0.12095
   0.10050  -0.08329  -0.12095
   0.10050  -0.08329  -0.12095
   0.10050  -0.08329  -0.12095
  -0.13950  -0.08329  -0.12095
  -0.13950  -0.08329  -0.12095
   0.10050  -0.08329  -0.12095
   0.10050  -0.08329  -0.12095
  -0.61950   0.15671  -0.12095
  -0.13950   0.15671  -0.12095
   0.10050  -0.08329  -0.12095
  -0.13950  -0.08329  -0.12095
   0.10050  -0.08329  -0.12095
   0.10050  -0.08329  -0.12095
   0.10050  -0.08329  -0.12095
   0.10050  -0.08329  -0.12095
   0.10050  -0.08329  -0.12095
   0.10050  -0.08329  -0.12095
   0.10050  -0.08329  -0.12095
   0.10050  -0.08329  -0.12095
   0.10050  -0.08329  -0.12095
   0.10050  -0.08329  -0.12095
   0.10050  -0.08329  -0.12095
   0.10050  -0.08329  -0.12095
   0.10050  -0.08329  -0.12095
   0.10050  -0.08329  -0.12095
   0.10050  -0.08329  -0.12095
   0.10050  -0.08329  -0.12095
   0.10050  -0.08329  -0.12095
   0.10050  -0.08329  -0.12095
   0.10050  -0.08329  -0.12095
   0.10050  -0.08329  -0.12095
   0.10050  -0.08329  -0.12095
   0.10050   0.15671  -0.12095
   0.10050  -0.08329  -0.12095
   0.10050   0.15671  -0.12095
   0.10050  -0.08329  -0.12095
   0.10050  -0.08329  -0.12095
   0.10050   0.15671  -0.12095
   0.10050   0.15671  -0.12095
   0.10050  -0.08329  -0.12095
   0.10050  -0.08329  -0.12095
   0.10050   0.15671  -0.12095
   0.10050  -0.08329  -0.12095
   0.10050   0.15671  -0.12095
   0.10050  -0.08329  -0.12095
   0.10050  -0.08329  -0.12095
   0.10050  -0.08329  -0.12095
   0.10050  -0.08329  -0.12095
   0.10050   0.15671  -0.12095
   0.10050  -0.08329  -0.12095
   0.10050   0.15671  -0.12095
   0.10050  -0.08329  -0.12095
   0.34050  -0.08329  -0.12095
   0.10050   0.15671  -0.12095
   0.10050   0.15671  -0.12095
   0.10050  -0.08329  -0.12095
   0.10050  -0.08329  -0.12095
   0.10050  -0.08329  -0.12095
   0.10050  -0.08329  -0.12095
   0.10050  -0.08329  -0.12095
   0.10050  -0.08329  -0.12095
   0.10050  -0.08329  -0.12095
   0.10050  -0.08329  -0.12095
   0.34050  -0.08329  -0.12095
   0.34050  -0.08329  -0.12095
   0.34050  -0.08329  -0.12095
   0.34050  -0.08329  -0.12095
   0.34050  -0.08329  -0.12095
   0.34050  -0.08329  -0.12095
   0.34050   0.15671  -0.12095
   0.34050  -0.08329  -0.12095
   0.10050   0.15671  -0.12095
   0.34050  -0.08329  -0.12095
   0.34050  -0.08329  -0.12095
   0.34050  -0.08329  -0.12095
   0.34050  -0.08329  -0.12095
   0.10050  -0.08329  -0.12095
   0.34050  -0.32329  -0.12095
   0.34050  -0.08329  -0.12095
   0.34050  -0.08329  -0.12095
   0.34050  -0.08329  -0.12095
   0.34050  -0.08329  -0.12095
   0.34050  -0.08329  -0.12095
   0.34050  -0.08329  -0.12095
   0.34050  -0.08329  -0.12095
   0.34050  -0.08329  -0.12095
   0.34050  -0.08329  -0.12095
   0.34050  -0.08329  -0.12095
   0.34050  -0.08329  -0.12095
   0.34050  -0.08329  -0.12095
   0.34050  -0.08329  -0.12095
   0.34050  -0.08329  -0.12095
   0.34050  -0.08329  -0.12095
   0.34050  -0.08329  -0.12095
   0.34050  -0.08329  -0.12095
   0.34050  -0.08329  -0.12095
   0.34050  -0.08329  -0.12095
   0.34050  -0.08329  -0.36095
   0.34050  -0.08329  -0.12095
   0.34050  -0.08329  -0.12095
   0.34050  -0.08329  -0.12095
   0.34050  -0.08329  -0.12095
   0.34050  -0.08329  -0.12095
   0.34050  -0.08329  -0.12095
   0.34050  -0.08329  -0.12095
   0.34050  -0.08329  -0.12095
   0.34050  -0.08329  -0.12095
   0.34050  -0.08329  -0.12095
   0.34050  -0.08329  -0.12095
   0.34050  -0.08329  -0.12095
   0.34050  -0.32329  -0.12095
   0.34050  -0.08329  -0.12095
   0.34050  -0.08329  -0.12095
   0.34050  -0.08329  -0.12095
   0.34050  -0.08329  -0.12095
   0.34050  -0.08329  -0.12095
   0.34050  -0.08329  -0.12095
   0.34050  -0.08329  -0.12095
   0.34050  -0.32329  -0.12095
   0.34050  -0.08329  -0.12095
   0.34050  -0.08329  -0.12095
   0.34050  -0.08329  -0.12095
   0.34050  -0.08329  -0.12095
   0.34050  -0.08329  -0.12095
   0.34050  -0.08329  -0.12095
   0.34050  -0.08329  -0.12095
   0.34050  -0.08329  -0.12095
   0.34050  -0.08329  -0.12095
   0.34050  -0.08329   0.11905
   0.34050   0.15671  -0.12095
   0.34050  -0.08329  -0.12095
   0.34050  -0.08329  -0.12095
   0.34050  -0.08329  -0.12095
   0.34050  -0.08329  -0.12095
   0.34050  -0.08329   0.11905
   0.34050  -0.08329  -0.12095
   0.34050   0.15671  -0.12095
   0.34050  -0.08329  -0.12095
  -0.13950   0.15671  -0.12095
   0.34050  -0.08329  -0.12095
   0.34050  -0.08329  -0.12095
   0.34050  -0.08329  -0.12095
   0.34050  -0.08329   0.11905
   0.34050   0.15671  -0.12095
   0.34050   0.15671  -0.12095
   0.34050  -0.08329  -0.12095
   0.34050  -0.08329  -0.12095
   0.34050  -0.08329  -0.12095
   0.34050  -0.08329  -0.12095
   0.34050   0.15671  -0.12095
   0.34050  -0.08329  -0.12095
   0.10050  -0.08329   0.11905
   0.34050  -0.08329  -0.12095
   0.10050  -0.08329  -0.12095
   0.10050  -0.08329   0.11905
   0.10050  -0.08329  -0.12095
   0.10050  -0.08329  -0.12095
   0.34050  -0.08329   0.11905
   0.10050  -0.08329  -0.12095
   0.10050  -0.32329  -0.12095
   0.34050  -0.08329   0.11905
   0.34050   0.15671  -0.12095
   0.10050   0.15671  -0.12095
   0.10050  -0.08329  -0.12095
   0.10050   0.15671   0.11905
   0.10050  -0.08329  -0.12095
   0.10050  -0.08329   0.11905
   0.10050  -0.08329  -0.12095
   0.10050  -0.08329   0.11905
   0.10050  -0.08329  -0.12095
   0.10050  -0.08329   0.11905
   0.10050  -0.08329  -0.12095
   0.10050  -0.08329   0.11905
   0.10050  -0.08329   0.11905
   0.10050  -0.08329   0.11905
   0.10050  -0.08329   0.11905
   0.10050  -0.08329   0.11905
   0.10050  -0.08329   0.11905
   0.10050  -0.08329   0.11905
   0.10050  -0.08329  -0.12095
   0.10050  -0.08329   0.11905
   0.10050  -0.08329  -0.12095
   0.10050  -0.08329   0.11905
   0.10050  -0.08329   0.11905
   0.10050  -0.08329   0.11905
   0.10050  -0.08329   0.11905
   0.10050  -0.08329   0.11905
   0.10050  -0.08329   0.11905
   0.10050  -0.08329   0.11905
   0.10050  -0.08329   0.11905
   0.10050  -0.08329   0.11905
   0.10050  -0.08329   0.11905
   0.10050   0.15671   0.11905
   0.10050  -0.08329   0.11905
  -0.13950  -0.08329   0.11905
  -0.13950  -0.08329   0.11905
   0.10050  -0.08329   0.11905
   0.10050  -0.08329   0.11905
  -0.13950   0.15671   0.11905
  -0.13950  -0.08329   0.11905
  -0.13950  -0.08329   0.11905
  -0.13950   0.15671   0.11905
  -0.13950  -0.08329   0.11905
  -0.13950  -0.08329   0.11905
  -0.13950  -0.08329   0.11905
  -0.13950   0.15671   0.11905
  -0.13950   0.15671   0.11905
  -0.13950   0.15671   0.11905
  -0.13950   0.15671   0.11905
  -0.13950   0.15671   0.11905
  -0.13950  -0.08329   0.11905
  -0.13950  -0.08329   0.11905
  -0.13950   0.15671   0.11905
  -0.13950   0.15671   0.11905
  -0.13950   0.15671   0.11905
  -0.13950   0.15671   0.11905
  -0.13950  -0.08329   0.11905
   0.10050  -0.08329   0.11905
  -0.13950  -0.08329   0.11905
  -0.13950   0.15671   0.11905
  -0.13950   0.15671  -0.12095
  -0.13950  -0.08329   0.11905
  -0.13950   0.15671   0.11905
  -0.13950   0.15671   0.11905
  -0.13950   0.15671   0.11905
  -0.13950   0.15671   0.11905
  -0.13950   0.15671   0.11905
  -0.13950   0.15671   0.11905
  -0.13950   0.15671   0.11905
  -0.13950   0.15671   0.11905
  -0.13950   0.15671   0.11905
  -0.13950   0.15671   0.11905
  -0.13950   0.15671   0.11905
  -0.13950   0.15671   0.11905
  -0.13950  -0.08329   0.11905
  -0.13950   0.15671   0.11905
  -0.13950   0.15671   0.11905
  -0.13950  -0.08329  -0.12095
  -0.13950   0.15671   0.11905
  -0.13950   0.15671   0.11905
  -0.61950   0.15671   0.11905
  -0.13950   0.15671   0.11905
  -0.13950  -0.08329   0.11905
  -0.13950  -0.08329   0.11905
  -0.13950  -0.08329   0.11905
  -0.13950   0.15671   0.11905
  -0.13950   0.15671   0.11905
  -0.13950   0.15671   0.11905
  -0.13950   0.15671   0.11905
  -0.13950  -0.08329   0.11905
  -0.13950  -0.08329   0.11905
  -0.13950  -0.08329   0.11905
  -0.13950   0.15671   0.11905
  -0.13950   0.15671   0.11905
  -0.13950  -0.08329   0.11905
  -0.13950  -0.08329   0.11905
  -0.13950  -0.08329   0.11905
  -0.13950  -0.08329   0.11905
  -0.13950  -0.08329   0.11905
  -0.13950   0.15671   0.11905
  -0.13950   0.15671   0.11905
  -0.13950  -0.08329   0.11905
  -0.13950  -0.08329   0.11905
  -0.13950  -0.08329   0.11905
  -0.13950  -0.08329   0.11905
  -0.13950  -0.08329   0.11905
  -0.13950  -0.08329   0.11905
  -0.13950  -0.08329   0.11905
  -0.13950  -0.08329   0.11905
  -0.13950  -0.08329   0.11905
  -0.13950   0.15671   0.11905
  -0.13950  -0.08329   0.11905
  -0.37950  -0.08329   0.11905
  -0.37950  -0.08329   0.11905
  -0.13950  -0.08329   0.11905
  -0.13950  -0.08329   0.11905
  -0.13950  -0.08329   0.11905
  -0.13950  -0.08329   0.11905
  -0.13950  -0.08329   0.11905
  -0.13950  -0.08329   0.11905
  -0.13950   0.15671   0.11905
  -0.13950  -0.08329   0.11905
  -0.37950   0.15671   0.11905
  -0.13950  -0.08329   0.11905
  -0.13950   0.15671   0.11905
  -0.13950   0.15671   0.11905
  -0.13950   0.15671   0.11905
  -0.37950   0.15671   0.11905
  -0.37950  -0.08329   0.11905
  -0.37950  -0.08329   0.11905
  -0.37950  -0.08329   0.11905
  -0.13950  -0.08329   0.11905
  -0.37950  -0.08329   0.11905
  -0.13950  -0.08329   0.11905
  -0.13950  -0.08329   0.11905
  -0.37950  -0.08329   0.11905
  -0.37950  -0.08329   0.11905
  -0.13950  -0.55329   0.11905
  -0.37950  -0.08329   0.11905
  -0.37950   0.15671   0.11905
  -0.37950  -0.08329   0.11905
  -0.37950  -0.08329   0.11905
  -0.37950  -0.08329   0.11905
  -0.37950   0.15671   0.11905
  -0.37950  -0.08329   0.11905
  -0.37950  -0.08329   0.11905
  -0.37950  -0.08329   0.11905
  -0.37950  -0.08329   0.11905
  -0.37950  -0.08329   0.11905
  -0.37950  -0.08329   0.11905
  -0.37950  -0.08329   0.11905
  -0.37950   0.15671   0.11905
  -0.13950   0.15671   0.11905
  -0.37950   0.15671   0.11905
  -0.37950   0.15671   0.11905
  -0.37950   0.15671   0.11905
  -0.13950   0.15671   0.11905
  -0.13950   0.15671   0.11905
  -0.37950   0.15671   0.11905
  -0.37950   0.15671   0.11905
  -0.37950   0.15671   0.11905
  -0.37950   0.15671   0.11905
  -0.37950   0.15671   0.11905
  -0.37950   0.15671   0.11905
  -0.37950   0.15671   0.11905
  -0.13950   0.15671   0.11905
  -0.37950   0.15671   0.11905
  -0.37950   0.15671   0.11905
  -0.37950  -0.08329   0.11905
  -0.37950   0.15671   0.11905
  -0.37950  -0.08329   0.11905
  -0.37950  -0.08329   0.11905
  -0.37950  -0.08329   0.11905
  -0.37950  -0.08329   0.11905
  -0.37950   0.15671   0.11905
  -0.37950  -0.08329   0.11905
  -0.37950  -0.08329   0.11905
  -0.37950  -0.08329   0.11905
  -0.37950  -0.08329   0.11905
  -0.37950  -0.08329   0.11905
  -0.37950  -0.08329   0.11905
  -0.37950   0.15671   0.11905
  -0.37950  -0.08329   0.11905
  -0.37950  -0.08329   0.11905
  -0.37950  -0.08329   0.11905
  -0.37950  -0.08329   0.11905
  -0.37950  -0.08329   0.11905
  -0.37950  -0.08329   0.11905
  -0.37950   0.15671   0.11905
  -0.13950  -0.08329   0.11905
  -0.13950  -0.08329   0.11905
  -0.37950  -0.08329   0.11905
  -0.37950  -0.08329   0.11905
  -0.13950  -0.08329   0.11905
  -0.37950   0.15671   0.11905
  -0.13950  -0.08329   0.11905
  -0.37950  -0.08329   0.11905
  -0.37950   0.15671   0.11905
  -0.37950   0.15671   0.11905
  -0.61950  -0.08329   0.11905
  -0.37950  -0.08329   0.11905
  -0.13950  -0.08329   0.11905
  -0.13950  -0.08329   0.11905
  -0.13950  -0.08329   0.11905
  -0.13950  -0.08329   0.11905
  -0.13950  -0.08329   0.11905
  -0.13950  -0.08329   0.11905
  -0.13950  -0.08329   0.11905
  -0.13950  -0.08329   0.11905
  -0.13950  -0.08329   0.11905
  -0.13950  -0.08329   0.11905
  -0.13950  -0.08329   0.11905
  -0.13950  -0.08329   0.11905
  -0.13950  -0.08329   0.11905
  -0.13950  -0.08329   0.11905
  -0.13950  -0.08329   0.11905
  -0.13950  -0.08329   0.11905
  -0.13950  -0.08329   0.11905
  -0.13950  -0.08329   0.11905
  -0.13950  -0.08329   0.11905
  -0.13950  -0.08329   0.11905
  -0.13950  -0.08329   0.11905
  -0.13950  -0.08329   0.11905
  -0.13950  -0.08329   0.11905
  -0.13950  -0.08329   0.11905
  -0.13950  -0.08329   0.11905
  -0.13950  -0.08329   0.11905
  -0.13950  -0.08329   0.11905
  -0.13950  -0.08329   0.11905
  -0.13950  -0.08329   0.11905
  -0.13950  -0.08329   0.11905
  -0.13950  -0.08329  -0.36095
  -0.13950  -0.08329  -0.12095
  -0.13950  -0.08329  -0.12095
  -0.13950  -0.08329  -0.12095
   0.10050  -0.08329  -0.12095
  -0.13950  -0.08329  -0.12095
  -0.13950   0.15671  -0.12095
  -0.13950  -0.08329  -0.12095
  -0.13950   0.15671  -0.12095
  -0.13950  -0.08329  -0.12095
   0.10050  -0.08329  -0.12095
  -0.13950   0.15671  -0.12095
  -0.13950  -0.08329  -0.12095
  -0.13950  -0.08329  -0.12095
  -0.13950  -0.08329  -0.12095
  -0.13950  -0.08329  -0.12095
   0.10050   0.15671  -0.12095
  -0.13950  -0.08329   0.11905
  -0.13950   0.15671  -0.12095
  -0.13950  -0.08329  -0.12095
  -0.13950  -0.08329  -0.12095
   0.10050   0.15671  -0.12095
   0.10050  -0.08329  -0.12095
   0.10050  -0.08329  -0.12095
   0.10050  -0.08329  -0.12095
   0.10050  -0.08329  -0.12095
   0.10050  -0.08329  -0.12095
   0.10050  -0.08329  -0.12095
   0.10050  -0.08329  -0.12095
   0.10050  -0.08329  -0.12095
   0.10050  -0.08329  -0.12095
   0.10050  -0.08329  -0.12095
   0.10050  -0.08329  -0.12095
   0.10050  -0.08329  -0.12095
   0.10050  -0.08329  -0.12095
   0.10050  -0.08329  -0.12095
   0.10050  -0.08329  -0.12095
   0.10050  -0.08329  -0.12095
   0.10050  -0.08329  -0.12095
   0.10050  -0.08329  -0.12095
   0.10050  -0.08329  -0.12095
   0.10050  -0.08329  -0.12095
   0.10050  -0.08329  -0.12095
   0.10050  -0.08329  -0.12095
   0.10050  -0.08329  -0.12095
   0.10050  -0.08329  -0.12095
   0.10050  -0.08329  -0.12095
   0.10050  -0.08329  -0.12095
   0.10050  -0.08329  -0.12095
   0.10050  -0.08329  -0.12095
   0.10050  -0.08329  -0.12095
   0.10050  -0.08329  -0.12095
   0.10050  -0.08329  -0.12095
   0.10050   0.15671  -0.12095
   0.10050  -0.08329  -0.12095
   0.10050  -0.08329  -0.12095
   0.10050   0.15671  -0.12095
   0.10050   0.15671  -0.12095
   0.10050   0.15671  -0.12095
   0.10050  -0.08329  -0.12095
   0.10050   0.15671  -0.12095
   0.10050   0.15671  -0.12095
   0.10050   0.15671  -0.12095
   0.10050   0.15671  -0.12095
   0.10050   0.15671  -0.12095
   0.10050   0.15671  -0.12095
   0.10050   0.15671  -0.12095
   0.10050   0.15671  -0.12095
   0.10050   0.15671  -0.36095
   0.10050   0.15671  -0.12095
   0.10050   0.15671  -0.12095
   0.10050   0.15671  -0.12095
   0.10050   0.15671  -0.12095
   0.34050   0.15671  -0.36095
   0.34050   0.15671  -0.12095
   0.34050  -0.08329  -0.12095
   0.34050  -0.08329  -0.12095
   0.34050   0.15671  -0.12095
   0.34050   0.15671  -0.36095
   0.34050   0.15671  -0.12095
   0.34050   0.15671  -0.12095
   0.34050   0.15671  -0.36095
   0.34050   0.15671  -0.36095
   0.34050   0.15671  -0.12095
   0.34050   0.15671  -0.12095
   0.34050   0.15671  -0.12095
   0.34050   0.15671  -0.12095
   0.34050   0.15671  -0.12095
   0.34050   0.15671  -0.12095
   0.34050   0.15671  -0.36095
   0.34050  -0.08329  -0.36095
   0.34050   0.15671  -0.12095
   0.34050   0.15671  -0.36095
   0.34050   0.15671  -0.36095
   0.34050  -0.08329  -0.12095
   0.34050  -0.08329  -0.12095
   0.34050   0.15671  -0.36095
   0.34050   0.15671  -0.12095
   0.34050  -0.08329  -0.12095
   0.34050  -0.08329  -0.36095
   0.34050  -0.08329  -0.12095
   0.34050  -0.08329  -0.12095
   0.34050  -0.08329  -0.12095
   0.34050  -0.08329  -0.12095
   0.34050  -0.08329  -0.12095
   0.34050  -0.08329  -0.12095
   0.34050  -0.08329  -0.12095
   0.34050  -0.08329  -0.12095
   0.34050  -0.08329  -0.12095
   0.34050  -0.08329  -0.36095
   0.34050  -0.08329  -0.12095
   0.34050  -0.32329  -0.12095
   0.34050  -0.08329  -0.12095
   0.34050  -0.08329  -0.12095
   0.34050  -0.08329  -0.12095
   0.34050  -0.08329  -0.12095
   0.34050  -0.08329  -0.12095
   0.34050  -0.08329  -0.12095
   0.34050  -0.08329  -0.12095
   0.34050  -0.08329  -0.36095
   0.34050  -0.08329  -0.12095
   0.34050  -0.08329  -0.12095
   0.34050  -0.08329  -0.12095
   0.34050  -0.08329  -0.36095
   0.34050  -0.08329  -0.12095
   0.34050   0.15671  -0.12095
   0.34050  -0.08329  -0.12095
   0.34050  -0.08329  -0.12095
   0.34050  -0.08329  -0.12095
   0.34050  -0.08329  -0.12095
   0.34050  -0.08329  -0.12095
   0.34050   0.15671  -0.36095
   0.34050  -0.08329  -0.36095
   0.34050  -0.08329  -0.12095
   0.34050   0.15671  -0.12095
   0.34050   0.15671  -0.12095
   0.34050  -0.08329  -0.12095
   0.34050  -0.08329  -0.12095
   0.34050  -0.08329  -0.12095
   0.34050  -0.08329  -0.12095
   0.34050  -0.08329  -0.12095
   0.34050  -0.08329  -0.12095
   0.34050  -0.08329  -0.12095
   0.34050  -0.08329  -0.12095
   0.34050   0.15671  -0.12095
   0.34050  -0.08329  -0.36095
   0.34050   0.15671  -0.12095
   0.34050   0.15671  -0.12095
  -0.13950   0.15671  -0.12095
   0.34050  -0.08329  -0.12095
   0.34050   0.15671  -0.12095
   0.34050  -0.08329  -0.12095
   0.34050  -0.08329  -0.12095
   0.34050  -0.08329  -0.12095
   0.34050  -0.08329  -0.12095
   0.34050  -0.08329  -0.12095
   0.34050  -0.08329  -0.12095
   0.34050  -0.08329  -0.12095
   0.34050  -0.08329  -0.12095
   0.34050  -0.08329  -0.12095
   0.34050  -0.08329  -0.12095
   0.34050  -0.08329  -0.12095
   0.34050   0.15671  -0.12095
   0.34050  -0.08329  -0.12095
   0.34050   0.15671  -0.12095
   0.34050  -0.08329  -0.12095
   0.34050  -0.08329  -0.12095
   0.34050   0.15671  -0.12095
   0.34050   0.15671  -0.12095
   0.34050   0.15671  -0.12095
   0.34050  -0.32329  -0.12095
   0.34050  -0.08329  -0.12095
   0.34050  -0.08329  -0.12095
   0.34050  -0.08329  -0.12095
   0.34050  -0.08329  -0.12095
   0.34050   0.15671  -0.12095
   0.34050  -0.08329  -0.12095
   0.34050  -0.08329  -0.12095
   0.34050  -0.08329  -0.12095
   0.34050  -0.08329  -0.12095
   0.34050  -0.08329  -0.12095
   0.34050  -0.08329  -0.12095
   0.34050  -0.08329   0.11905
   0.34050  -0.08329  -0.12095
   0.34050   0.15671  -0.12095
   0.10050  -0.08329  -0.12095
   0.10050  -0.08329  -0.12095
   0.10050  -0.08329  -0.12095
   0.34050  -0.08329  -0.12095
   0.10050  -0.08329   0.11905
   0.10050  -0.08329  -0.12095
   0.10050  -0.08329   0.11905
   0.10050  -0.08329   0.11905
   0.10050  -0.08329   0.11905
   0.10050  -0.08329   0.11905
   0.10050  -0.08329   0.11905
   0.10050  -0.08329   0.11905
   0.10050  -0.08329   0.11905
   0.10050  -0.08329   0.11905
   0.10050  -0.08329   0.11905
   0.10050  -0.08329   0.11905
   0.10050  -0.08329   0.11905
   0.10050  -0.08329   0.11905
   0.10050  -0.08329   0.11905
   0.10050  -0.08329   0.11905
   0.10050  -0.08329   0.11905
   0.10050  -0.08329   0.11905
   0.10050  -0.08329   0.11905
   0.10050  -0.08329   0.11905
   0.10050  -0.08329   0.11905
   0.10050  -0.08329   0.11905
   0.10050  -0.08329   0.11905
   0.10050  -0.08329   0.11905
  -0.13950  -0.08329   0.11905
   0.10050  -0.08329   0.11905
  -0.13950  -0.08329   0.11905
  -0.13950  -0.08329   0.11905
  -0.13950  -0.08329   0.11905
  -0.13950  -0.08329   0.11905
  -0.13950  -0.08329   0.11905
  -0.13950  -0.08329   0.11905
  -0.13950   0.15671   0.11905
  -0.13950  -0.08329   0.11905
  -0.13950  -0.08329   0.11905
  -0.13950  -0.08329   0.11905
  -0.13950  -0.08329   0.11905
  -0.13950  -0.08329   0.11905
  -0.13950  -0.08329   0.11905
  -0.13950  -0.08329   0.11905
  -0.13950  -0.08329   0.11905
  -0.13950  -0.32329   0.11905
  -0.13950  -0.08329   0.11905
  -0.13950  -0.08329   0.11905
  -0.13950  -0.08329   0.11905
  -0.13950  -0.08329   0.11905
  -0.13950  -0.08329   0.11905
  -0.13950  -0.08329   0.11905
  -0.13950  -0.08329   0.35905
  -0.13950  -0.08329   0.35905
  -0.13950  -0.08329   0.35905
  -0.13950  -0.08329   0.11905
  -0.13950  -0.08329   0.11905
  -0.13950  -0.08329   0.11905
  -0.13950  -0.08329   0.11905
  -0.13950  -0.08329   0.11905
  -0.13950  -0.08329   0.11905
  -0.13950  -0.08329   0.11905
  -0.13950  -0.08329   0.35905
  -0.13950  -0.08329   0.35905
  -0.13950  -0.08329   0.35905
  -0.13950  -0.08329   0.35905
  -0.13950  -0.08329   0.35905
  -0.13950  -0.55329   0.35905
  -0.13950  -0.08329   0.35905
  -0.13950  -0.08329   0.35905
  -0.13950  -0.08329   0.35905
  -0.13950  -0.08329   0.35905
  -0.13950  -0.08329   0.35905
  -0.13950  -0.08329   0.35905
  -0.37950  -0.08329   0.35905
  -0.37950  -0.08329   0.35905
  -0.13950  -0.08329   0.35905
  -0.13950  -0.08329   0.35905
  -0.13950   0.15671   0.35905
  -0.13950  -0.08329   0.35905
  -0.13950   0.15671   0.35905
  -0.13950  -0.08329   0.35905
  -0.13950  -0.08329   0.35905
  -0.13950  -0.08329   0.35905
  -0.13950  -0.08329   0.35905
  -0.13950  -0.08329   0.35905
  -0.13950  -0.08329   0.35905
  -0.13950  -0.08329   0.35905
  -0.37950  -0.08329   0.35905
  -0.13950  -0.08329   0.35905
  -0.37950  -0.08329   0.35905
  -0.37950  -0.08329   0.35905
  -0.13950  -0.08329   0.35905
  -0.13950   0.15671   0.35905
  -0.37950  -0.08329   0.35905
  -0.13950  -0.08329   0.35905
  -0.37950  -0.08329   0.35905
  -0.13950  -0.08329   0.35905
  -0.37950   0.15671   0.35905
  -0.13950  -0.08329   0.35905
  -0.37950  -0.08329   0.35905
  -0.37950   0.15671   0.35905
  -0.37950  -0.08329   0.35905
  -0.37950   0.15671   0.35905
  -0.37950  -0.08329   0.35905
  -0.37950   0.15671   0.35905
  -0.37950   0.15671   0.35905
  -0.37950   0.15671   0.35905
  -0.37950  -0.08329   0.35905
  -0.37950   0.15671   0.35905
  -0.37950   0.15671   0.35905
  -0.13950   0.15671   0.35905
  -0.37950  -0.55329   0.35905
  -0.37950  -0.08329   0.35905
  -0.37950  -0.08329   0.11905
  -0.37950  -0.08329   0.35905
  -0.37950   0.15671   0.35905
  -0.37950   0.15671   0.11905
  -0.37950   0.15671   0.35905
  -0.37950  -0.08329   0.11905
  -0.37950  -0.08329   0.11905
  -0.37950  -0.08329   0.11905
  -0.37950  -0.08329   0.35905
  -0.37950  -0.08329   0.11905
  -0.37950  -0.08329   0.11905
  -0.37950  -0.08329   0.35905
  -0.37950  -0.08329   0.11905
  -0.37950  -0.08329   0.11905
  -0.37950   0.15671   0.11905
  -0.37950  -0.08329   0.11905
  -0.37950   0.15671   0.11905
  -0.37950  -0.08329   0.11905
  -0.37950  -0.08329   0.11905
  -0.37950   0.15671   0.11905
  -0.37950  -0.08329   0.11905
  -0.37950  -0.08329   0.11905
  -0.37950   0.15671   0.11905
  -0.37950  -0.08329   0.11905
  -0.37950   0.15671   0.11905
  -0.37950  -0.08329   0.11905
  -0.37950   0.15671   0.11905
  -0.37950   0.15671   0.11905
  -0.37950  -0.08329   0.11905
  -0.37950   0.15671   0.11905
  -0.37950  -0.08329   0.11905
  -0.37950   0.15671   0.11905
  -0.37950  -0.08329   0.11905
  -0.37950   0.15671  -0.12095
  -0.37950  -0.08329   0.11905
  -0.37950   0.15671   0.11905
  -0.37950  -0.08329   0.11905
  -0.37950  -0.08329   0.11905
  -0.37950  -0.08329   0.11905
  -0.37950   0.15671   0.11905
  -0.37950   0.15671   0.11905
  -0.37950   0.15671   0.11905
  -0.37950   0.15671   0.11905
  -0.37950   0.15671   0.11905
  -0.13950   0.15671   0.11905
  -0.37950   0.15671   0.11905
  -0.37950   0.15671   0.11905
  -0.37950   0.15671   0.11905
  -0.37950   0.15671   0.11905
  -0.13950   0.15671   0.11905
  -0.13950   0.15671   0.11905
  -0.13950   0.15671   0.11905
  -0.37950   0.15671   0.11905
  -0.13950   0.15671   0.11905
  -0.13950   0.15671   0.11905
  -0.37950   0.15671   0.11905
  -0.37950   0.15671   0.11905
  -0.37950   0.15671   0.11905
  -0.37950   0.15671   0.11905
  -0.37950   0.15671   0.11905
  -0.13950   0.15671   0.11905
  -0.13950   0.15671  -0.12095
  -0.13950   0.15671   0.11905
  -0.13950   0.15671  -0.12095
  -0.13950   0.15671   0.11905
  -0.37950   0.15671  -0.12095
  -0.13950   0.15671  -0.12095
  -0.13950   0.15671  -0.12095
  -0.13950   0.15671  -0.12095
  -0.13950   0.15671  -0.12095
  -0.13950   0.15671  -0.12095
  -0.13950   0.15671  -0.12095
  -0.13950   0.15671  -0.12095
  -0.13950   0.15671  -0.12095
  -0.13950   0.15671  -0.12095
  -0.13950   0.15671  -0.12095
  -0.13950   0.15671  -0.12095
  -0.13950   0.15671  -0.12095
  -0.13950   0.15671  -0.12095
  -0.13950   0.15671  -0.12095
  -0.13950   0.15671  -0.12095
  -0.13950   0.15671  -0.12095
  -0.13950   0.15671  -0.12095
  -0.13950   0.15671  -0.12095
  -0.13950   0.15671  -0.12095
  -0.13950   0.15671  -0.12095
  -0.13950   0.15671  -0.12095
  -0.13950  -0.08329  -0.12095
  -0.13950   0.15671  -0.12095
  -0.13950  -0.08329  -0.12095
  -0.13950   0.15671  -0.12095
  -0.13950  -0.08329  -0.12095
  -0.13950  -0.08329  -0.12095
  -0.13950  -0.08329  -0.12095
  -0.13950   0.15671  -0.12095
  -0.13950   0.15671  -0.12095
  -0.13950   0.15671  -0.12095
  -0.13950  -0.08329  -0.12095
  -0.13950  -0.08329  -0.12095
  -0.13950  -0.08329  -0.12095
  -0.13950   0.15671  -0.12095
   0.10050   0.15671  -0.12095
   0.10050  -0.08329  -0.12095
  -0.13950   0.15671  -0.12095
  -0.13950   0.15671  -0.12095
   0.10050  -0.08329  -0.12095
   0.10050  -0.08329  -0.12095
   0.10050   0.15671  -0.12095
   0.10050  -0.08329  -0.12095
   0.10050  -0.08329  -0.12095
   0.10050  -0.08329  -0.12095
   0.10050  -0.08329  -0.12095
   0.10050  -0.08329  -0.12095
   0.10050  -0.08329  -0.12095
   0.10050  -0.08329  -0.12095
   0.10050  -0.08329  -0.12095
   0.10050  -0.08329  -0.12095
   0.10050  -0.08329  -0.12095
   0.10050  -0.08329  -0.12095
   0.10050  -0.08329  -0.12095
   0.10050  -0.08329  -0.12095
   0.10050  -0.08329  -0.12095
   0.10050  -0.08329  -0.12095
   0.10050  -0.08329  -0.12095
   0.10050  -0.08329  -0.12095
   0.10050  -0.08329  -0.12095
   0.10050  -0.08329  -0.12095
   0.10050  -0.08329  -0.12095
   0.10050  -0.08329  -0.12095
   0.10050  -0.08329  -0.12095
   0.10050  -0.08329  -0.12095
   0.10050  -0.08329  -0.12095
   0.10050  -0.08329  -0.12095
   0.34050  -0.08329  -0.12095
   0.34050  -0.08329  -0.12095
   0.10050  -0.08329  -0.12095
   0.10050  -0.08329  -0.12095
   0.10050  -0.08329  -0.12095
   0.34050  -0.08329  -0.12095
   0.10050   0.15671  -0.12095
   0.10050  -0.08329  -0.12095
  -0.13950  -0.08329  -0.12095
   0.34050  -0.08329  -0.12095
   0.34050  -0.08329  -0.12095
   0.34050  -0.08329  -0.12095
   0.34050   0.15671  -0.12095
   0.34050  -0.08329  -0.12095
   0.34050  -0.08329  -0.12095
   0.34050  -0.08329  -0.12095
   0.34050  -0.08329  -0.12095
   0.34050   0.15671  -0.12095
   0.34050  -0.08329  -0.12095
   0.34050  -0.08329  -0.12095
   0.34050  -0.08329  -0.12095
   0.34050   0.15671  -0.12095
   0.34050  -0.08329  -0.12095
   0.34050   0.15671  -0.12095
   0.10050  -0.08329  -0.12095
   0.34050  -0.08329  -0.12095
   0.34050  -0.08329  -0.12095
   0.34050  -0.08329  -0.12095
   0.34050  -0.08329  -0.12095
   0.34050  -0.08329  -0.12095
   0.34050  -0.08329  -0.12095
   0.34050   0.15671  -0.12095
   0.34050   0.15671  -0.12095
   0.34050   0.15671  -0.12095
   0.34050  -0.08329  -0.12095
   0.34050   0.15671  -0.12095
   0.34050  -0.08329  -0.12095
   0.34050  -0.08329  -0.12095
   0.34050  -0.08329  -0.12095
   0.34050  -0.08329  -0.12095
   0.34050  -0.08329  -0.12095
   0.34050  -0.08329  -0.36095
   0.34050  -0.08329  -0.12095
   0.34050  -0.08329  -0.12095
   0.34050  -0.08329  -0.12095
   0.34050  -0.08329  -0.12095
   0.34050  -0.08329  -0.12095
   0.34050  -0.08329  -0.12095
   0.34050  -0.08329  -0.12095
   0.34050  -0.08329  -0.12095
   0.34050  -0.08329  -0.12095
   0.34050  -0.08329  -0.12095
   0.34050  -0.08329  -0.12095
   0.34050  -0.08329  -0.12095
   0.34050  -0.08329  -0.12095
   0.34050  -0.08329  -0.12095
   0.10050  -0.08329  -0.12095
   0.34050  -0.08329  -0.12095
   0.34050  -0.08329  -0.12095
   0.34050  -0.08329  -0.12095
   0.34050  -0.08329  -0.12095
   0.34050  -0.08329  -0.12095
   0.34050  -0.08329  -0.12095
   0.10050  -0.08329  -0.12095
   0.34050  -0.08329  -0.12095
   0.34050  -0.08329  -0.12095
   0.34050  -0.08329  -0.12095
   0.34050  -0.08329  -0.12095
   0.34050  -0.08329  -0.12095
   0.34050  -0.08329  -0.12095
   0.34050  -0.08329  -0.12095
   0.34050  -0.08329  -0.12095
   0.34050  -0.08329  -0.12095
   0.34050  -0.08329  -0.12095
   0.34050  -0.08329  -0.12095
   0.34050  -0.08329  -0.36095
   0.34050  -0.08329  -0.12095
   0.34050  -0.08329  -0.12095
   0.34050   0.15671  -0.12095
   0.10050  -0.08329  -0.12095
   0.34050  -0.08329  -0.12095
   0.34050  -0.08329  -0.12095
   0.34050   0.15671  -0.12095
   0.34050   0.15671  -0.12095
   0.10050  -0.08329  -0.12095
   0.34050   0.15671  -0.12095
   0.34050   0.15671  -0.36095
   0.34050   0.15671  -0.12095
   0.10050   0.15671  -0.12095
   0.10050   0.15671  -0.12095
   0.10050   0.15671  -0.12095
   0.10050   0.15671  -0.12095
   0.10050  -0.08329  -0.12095
   0.10050   0.15671  -0.12095
   0.34050   0.15671  -0.12095
   0.10050  -0.08329  -0.12095
   0.10050  -0.08329  -0.12095
   0.10050  -0.08329  -0.12095
   0.10050  -0.08329  -0.12095
   0.10050  -0.08329  -0.12095
   0.10050  -0.08329  -0.12095
   0.10050  -0.08329  -0.12095
   0.10050  -0.08329  -0.12095
   0.10050  -0.08329  -0.12095
   0.10050  -0.08329  -0.12095
   0.10050  -0.08329  -0.12095
   0.10050  -0.08329  -0.12095
   0.10050  -0.08329  -0.12095
   0.10050  -0.08329  -0.12095
   0.10050  -0.08329  -0.12095
   0.10050  -0.08329  -0.12095
   0.10050  -0.55329  -0.12095
   0.34050  -0.08329  -0.12095
   0.10050  -0.08329  -0.12095
   0.10050  -0.08329  -0.12095
   0.10050  -0.08329  -0.12095
   0.10050  -0.08329  -0.12095
   0.10050  -0.08329   0.11905
   0.10050  -0.08329  -0.12095
   0.10050  -0.08329  -0.12095
   0.10050  -0.08329  -0.12095
   0.10050  -0.08329  -0.12095
   0.10050  -0.08329  -0.12095
   0.10050  -0.08329  -0.12095
   0.10050  -0.08329  -0.12095
   0.10050  -0.08329  -0.12095
   0.10050  -0.08329  -0.12095
   0.10050  -0.08329  -0.12095
   0.10050  -0.08329  -0.12095
   0.10050  -0.08329  -0.12095
   0.10050  -0.08329   0.11905
   0.10050  -0.08329   0.11905
   0.10050  -0.08329   0.11905
   0.10050  -0.08329   0.11905
   0.10050  -0.08329  -0.12095
   0.10050  -0.08329  -0.12095
   0.10050  -0.08329   0.11905
   0.10050  -0.08329   0.11905
   0.10050  -0.08329   0.11905
   0.10050  -0.08329   0.11905
   0.10050   0.15671   0.11905
   0.10050  -0.08329   0.11905
   0.10050  -0.08329   0.11905
   0.10050  -0.08329   0.11905
   0.10050  -0.08329   0.11905
   0.10050  -0.08329   0.11905
   0.10050  -0.08329   0.11905
   0.10050  -0.08329   0.11905
   0.10050  -0.08329   0.11905
   0.10050  -0.08329   0.11905
   0.10050  -0.08329   0.11905
   0.10050  -0.08329   0.11905
   0.10050  -0.08329   0.11905
   0.10050  -0.08329   0.11905
   0.10050  -0.08329   0.11905
  -0.13950   0.15671   0.11905
   0.10050  -0.08329   0.11905
  -0.13950  -0.08329   0.11905
  -0.13950  -0.08329   0.11905
  -0.13950  -0.08329   0.11905
  -0.13950  -0.08329   0.11905
  -0.13950   0.15671   0.11905
  -0.13950  -0.08329   0.11905
  -0.37950  -0.08329   0.11905
  -0.13950  -0.08329   0.11905
  -0.13950  -0.08329   0.11905
  -0.13950  -0.08329   0.11905
  -0.13950  -0.08329   0.11905
  -0.13950  -0.08329   0.11905
  -0.13950  -0.08329   0.35905
  -0.13950  -0.08329   0.11905
  -0.13950  -0.08329   0.11905
  -0.13950  -0.08329   0.11905
  -0.13950  -0.08329   0.11905
  -0.13950  -0.08329   0.11905
  -0.13950   0.15671   0.11905
  -0.13950  -0.08329   0.11905
  -0.13950  -0.08329   0.11905
  -0.13950  -0.08329   0.11905
  -0.13950   0.15671   0.11905
  -0.13950   0.15671   0.35905
  -0.13950  -0.08329   0.11905
  -0.13950   0.15671   0.11905
  -0.13950   0.15671   0.11905
  -0.13950   0.15671   0.11905
  -0.13950   0.15671   0.11905
  -0.13950   0.15671   0.11905
  -0.13950   0.15671   0.11905
  -0.13950   0.15671   0.11905
  -0.13950   0.15671   0.11905
  -0.13950   0.15671   0.11905
  -0.13950   0.15671   0.11905
  -0.13950   0.15671   0.11905
  -0.13950   0.15671   0.11905
  -0.13950   0.15671   0.11905
  -0.13950   0.15671   0.11905
  -0.13950  -0.08329   0.11905
  -0.13950   0.15671   0.11905
  -0.13950  -0.08329   0.11905
  -0.37950  -0.08329   0.35905
  -0.13950  -0.08329   0.11905
  -0.13950  -0.08329   0.35905
  -0.13950  -0.08329   0.11905
  -0.13950  -0.08329   0.35905
  -0.13950   0.15671   0.35905
  -0.13950   0.15671   0.11905
  -0.37950  -0.08329   0.35905
  -0.37950   0.15671   0.35905
  -0.37950  -0.08329   0.11905
  -0.37950  -0.08329   0.35905
  -0.13950  -0.08329   0.35905
  -0.37950  -0.08329   0.35905
  -0.37950   0.15671   0.11905
  -0.37950  -0.08329   0.35905
  -0.37950  -0.08329   0.35905
  -0.37950   0.15671   0.11905
  -0.37950   0.15671   0.11905
  -0.37950   0.15671   0.11905
  -0.37950  -0.08329   0.35905
  -0.37950  -0.08329   0.11905
  -0.13950   0.15671   0.35905
  -0.37950   0.15671   0.35905
  -0.37950   0.15671   0.11905
  -0.37950  -0.08329   0.11905
  -0.37950   0.15671   0.35905
  -0.37950  -0.08329   0.11905
  -0.37950  -0.08329   0.11905
  -0.37950   0.15671   0.35905
  -0.37950  -0.08329   0.11905
  -0.37950   0.15671   0.11905
  -0.37950   0.15671   0.35905
  -0.37950   0.15671   0.11905
  -0.37950  -0.08329   0.35905
  -0.37950  -0.08329   0.11905
  -0.37950  -0.08329   0.11905
  -0.37950  -0.08329   0.11905
  -0.37950  -0.08329   0.35905
  -0.37950  -0.08329   0.11905
  -0.37950   0.15671   0.11905
  -0.37950  -0.08329   0.11905
  -0.37950   0.15671   0.11905
  -0.37950   0.15671   0.11905
  -0.37950  -0.08329   0.11905
  -0.37950  -0.08329   0.11905
  -0.37950   0.15671   0.11905
  -0.13950   0.15671   0.11905
  -0.37950  -0.08329   0.11905
  -0.37950  -0.08329   0.11905
  -0.13950  -0.08329   0.11905
  -0.37950  -0.08329   0.11905
  -0.13950  -0.08329   0.11905
  -0.13950   0.15671   0.35905
  -0.37950  -0.08329   0.11905
  -0.37950  -0.08329   0.11905
  -0.13950   0.15671   0.35905
  -0.13950  -0.08329   0.11905
  -0.13950   0.15671   0.11905
  -0.13950   0.15671   0.11905
  -0.37950   0.15671   0.11905
  -0.13950  -0.08329   0.11905
  -0.13950   0.15671   0.11905
  -0.13950   0.15671   0.11905
  -0.13950  -0.08329   0.11905
  -0.13950  -0.08329   0.11905
  -0.13950  -0.08329   0.11905
  -0.13950  -0.08329   0.11905
  -0.13950   0.15671   0.11905
  -0.13950  -0.08329   0.11905
  -0.13950  -0.08329   0.11905
  -0.13950  -0.08329   0.11905
  -0.13950  -0.08329   0.11905
  -0.13950  -0.08329   0.11905
  -0.13950  -0.08329   0.11905
  -0.37950  -0.08329   0.11905
  -0.13950  -0.08329   0.11905
  -0.13950  -0.08329   0.11905
  -0.13950  -0.08329   0.11905
  -0.13950  -0.08329   0.11905
  -0.13950  -0.08329   0.11905
  -0.13950   0.15671   0.11905
  -0.13950  -0.08329   0.11905
  -0.13950  -0.08329   0.11905
  -0.13950  -0.08329   0.11905
  -0.13950  -0.08329   0.11905
  -0.13950   0.15671   0.11905
  -0.13950  -0.08329   0.11905
  -0.13950   0.15671   0.11905
  -0.13950   0.15671   0.11905
  -0.13950   0.15671   0.11905
  -0.13950   0.15671   0.11905
  -0.13950  -0.08329   0.11905
  -0.13950   0.15671   0.11905
  -0.13950   0.15671   0.11905
  -0.13950   0.15671   0.11905
  -0.13950   0.15671   0.11905
  -0.13950  -0.08329  -0.12095
  -0.13950  -0.08329   0.11905
  -0.13950  -0.08329   0.11905
  -0.13950  -0.08329   0.11905
  -0.13950  -0.08329   0.11905
  -0.13950  -0.08329   0.11905
  -0.13950  -0.08329   0.11905
  -0.13950  -0.08329   0.11905
  -0.13950  -0.08329   0.11905
  -0.13950  -0.08329   0.11905
  -0.13950  -0.08329   0.11905
  -0.13950  -0.08329   0.11905
  -0.13950  -0.08329   0.11905
  -0.13950  -0.08329   0.11905
  -0.13950  -0.08329   0.11905
  -0.13950  -0.08329   0.11905
  -0.13950  -0.08329   0.11905
  -0.13950  -0.08329  -0.12095
   0.10050   0.15671  -0.12095
   0.10050  -0.08329  -0.12095
  -0.13950  -0.08329  -0.12095
  -0.13950  -0.08329  -0.12095
   0.10050  -0.08329  -0.12095
   0.10050  -0.08329  -0.12095
  -0.13950  -0.08329  -0.12095
   0.10050   0.15671  -0.12095
   0.10050   0.15671  -0.12095
   0.10050  -0.08329  -0.12095
   0.10050  -0.08329  -0.12095
   0.10050  -0.08329  -0.12095
  -0.13950  -0.08329  -0.12095
   0.10050   0.15671  -0.12095
   0.10050  -0.08329  -0.12095
   0.10050  -0.08329  -0.12095
  -0.13950   0.15671  -0.12095
   0.10050   0.15671  -0.12095
   0.10050   0.15671  -0.12095
   0.10050  -0.08329  -0.12095
   0.10050  -0.08329  -0.12095
   0.10050   0.15671  -0.12095
   0.10050   0.15671  -0.12095
   0.10050   0.15671  -0.12095
   0.10050   0.15671  -0.12095
   0.10050   0.15671  -0.12095
   0.10050   0.15671  -0.12095
   0.10050   0.15671  -0.12095
   0.10050   0.15671  -0.12095
   0.10050  -0.08329  -0.12095
   0.10050  -0.08329  -0.12095
   0.10050  -0.08329  -0.12095
   0.10050  -0.08329  -0.12095
   0.10050  -0.08329  -0.12095
   0.10050  -0.08329  -0.12095
   0.10050  -0.08329  -0.12095
   0.10050  -0.08329  -0.12095
   0.10050  -0.08329  -0.12095
   0.10050  -0.08329  -0.12095
   0.10050  -0.08329  -0.12095
   0.10050  -0.08329  -0.12095
   0.10050  -0.08329  -0.12095
   0.10050  -0.08329  -0.12095
   0.10050  -0.08329  -0.12095
   0.10050  -0.08329  -0.12095
   0.34050  -0.08329  -0.12095
   0.10050  -0.08329  -0.12095
   0.34050  -0.08329  -0.12095
   0.10050   0.15671  -0.12095
   0.34050  -0.08329  -0.12095
   0.34050   0.15671  -0.12095
   0.34050   0.15671  -0.12095
   0.34050   0.15671  -0.12095
   0.10050  -0.08329  -0.12095
   0.34050   0.15671  -0.12095
   0.10050  -0.08329  -0.12095
   0.34050  -0.08329  -0.12095
   0.34050  -0.08329  -0.12095
   0.34050  -0.08329  -0.12095
   0.34050  -0.08329  -0.12095
   0.34050  -0.08329  -0.12095
   0.34050  -0.08329  -0.60095
   0.34050  -0.08329  -0.12095
   0.34050  -0.08329  -0.12095
   0.34050  -0.08329  -0.12095
   0.34050  -0.08329  -0.12095
   0.34050  -0.08329  -0.36095
   0.34050  -0.08329  -0.12095
   0.34050  -0.08329  -0.12095
   0.34050  -0.08329  -0.12095
   0.34050  -0.08329  -0.12095
   0.34050  -0.08329  -0.12095
   0.34050  -0.08329  -0.12095
   0.34050  -0.08329  -0.12095
   0.34050   0.15671  -0.12095
   0.34050  -0.08329  -0.12095
   0.34050  -0.08329  -0.12095
   0.34050  -0.08329  -0.12095
   0.34050   0.15671  -0.12095
   0.34050  -0.08329  -0.12095
   0.34050  -0.08329  -0.12095
   0.34050   0.15671  -0.12095
   0.34050   0.15671  -0.12095
   0.34050   0.15671  -0.12095
   0.34050   0.15671  -0.12095
   0.34050  -0.08329  -0.12095
   0.34050  -0.08329  -0.12095
   0.34050  -0.08329  -0.36095
   0.34050  -0.08329  -0.12095
   0.34050  -0.08329  -0.12095
   0.34050  -0.08329  -0.12095
   0.34050  -0.08329  -0.12095
   0.34050  -0.08329  -0.12095
   0.34050  -0.08329  -0.12095
   0.34050  -0.08329  -0.12095
   0.34050  -0.08329  -0.12095
   0.34050  -0.08329  -0.12095
   0.34050  -0.08329  -0.12095
   0.34050  -0.08329  -0.12095
   0.34050  -0.08329  -0.12095
   0.34050  -0.08329  -0.12095
   0.34050  -0.08329  -0.12095
   0.34050  -0.08329  -0.12095
   0.34050   0.15671  -0.36095
   0.34050  -0.08329  -0.12095
   0.34050  -0.08329  -0.12095
   0.34050   0.15671  -0.12095
   0.34050  -0.08329  -0.12095
   0.34050   0.15671  -0.12095
   0.34050  -0.08329  -0.12095
   0.34050  -0.08329  -0.12095
   0.34050  -0.08329  -0.12095
   0.34050  -0.08329  -0.12095
   0.34050  -0.08329  -0.12095
   0.34050   0.15671  -0.12095
   0.34050   0.15671  -0.12095
   0.34050   0.15671  -0.12095
   0.34050   0.15671  -0.12095
   0.34050   0.15671  -0.12095
   0.34050   0.15671  -0.12095
   0.34050   0.15671  -0.12095
   0.34050   0.15671  -0.12095
   0.34050   0.15671  -0.12095
   0.34050   0.15671  -0.12095
   0.34050   0.15671  -0.12095
   0.34050  -0.08329  -0.12095
   0.34050   0.15671  -0.12095
   0.34050  -0.08329  -0.12095
   0.34050  -0.08329  -0.12095
   0.34050  -0.08329  -0.12095
   0.34050  -0.08329  -0.12095
   0.34050  -0.08329  -0.12095
   0.10050  -0.08329  -0.36095
   0.34050  -0.08329  -0.12095
   0.34050  -0.08329  -0.12095
   0.34050   0.15671  -0.12095
   0.34050   0.15671  -0.12095
   0.34050   0.15671  -0.12095
   0.34050   0.15671  -0.12095
   0.34050   0.15671  -0.36095
   0.34050   0.15671  -0.12095
   0.34050   0.15671  -0.12095
   0.34050  -0.08329  -0.12095
   0.34050   0.15671  -0.12095
   0.34050   0.15671  -0.12095
   0.34050  -0.08329  -0.12095
   0.10050   0.15671  -0.12095
   0.10050  -0.08329  -0.12095
   0.34050  -0.08329  -0.60095
   0.10050  -0.08329  -0.12095
   0.10050  -0.08329  -0.12095
   0.10050  -0.08329  -0.12095
   0.10050  -0.08329  -0.12095
   0.10050  -0.08329  -0.12095
   0.10050   0.15671  -0.12095
   0.34050  -0.08329  -0.12095
   0.10050  -0.08329  -0.12095
   0.10050  -0.08329  -0.12095
   0.10050  -0.08329  -0.12095
   0.10050  -0.08329  -0.12095
  -0.13950  -0.08329  -0.12095
   0.10050  -0.08329  -0.12095
   0.34050  -0.08329  -0.12095
   0.10050  -0.08329  -0.12095
   0.10050  -0.08329  -0.12095
   0.10050  -0.08329  -0.12095
   0.10050  -0.08329  -0.12095
   0.10050  -0.08329  -0.12095
   0.10050  -0.08329  -0.12095
   0.10050  -0.08329  -0.12095
   0.10050  -0.08329  -0.36095
   0.10050  -0.08329  -0.12095
   0.10050  -0.08329  -0.12095
   0.10050  -0.08329  -0.12095
   0.10050  -0.08329  -0.12095
   0.10050  -0.08329  -0.12095
   0.10050  -0.08329  -0.12095
   0.10050  -0.08329  -0.12095
   0.10050  -0.08329  -0.12095
   0.10050  -0.08329  -0.12095
   0.10050  -0.08329  -0.12095
   0.10050  -0.08329  -0.12095
   0.10050  -0.08329  -0.12095
   0.10050  -0.08329  -0.12095
   0.10050  -0.08329  -0.12095
   0.10050  -0.08329  -0.12095
   0.10050  -0.08329  -0.12095
   0.10050  -0.08329  -0.12095
   0.10050  -0.08329  -0.12095
   0.10050  -0.08329  -0.12095
  -0.13950  -0.08329  -0.12095
   0.10050   0.15671  -0.12095
   0.10050   0.15671  -0.12095
  -0.13950  -0.08329  -0.12095
  -0.13950   0.15671  -0.12095
  -0.13950  -0.08329  -0.12095
   0.10050  -0.08329  -0.12095
  -0.13950   0.15671  -0.12095
  -0.13950  -0.08329  -0.12095
  -0.13950  -0.08329  -0.12095
  -0.13950  -0.08329  -0.12095
  -0.13950  -0.08329  -0.12095
  -0.13950  -0.08329  -0.12095
  -0.13950   0.15671  -0.12095
  -0.13950  -0.08329  -0.12095
  -0.13950   0.15671  -0.12095
  -0.13950   0.15671   0.11905
  -0.13950   0.15671  -0.12095
  -0.13950   0.15671  -0.12095
  -0.13950  -0.08329   0.11905
  -0.13950   0.15671   0.11905
  -0.13950   0.15671  -0.12095
  -0.13950  -0.08329  -0.12095
  -0.13950  -0.08329   0.11905
  -0.13950  -0.08329   0.11905
  -0.13950  -0.08329   0.11905
  -0.13950  -0.08329   0.11905
  -0.13950  -0.08329   0.11905
  -0.13950  -0.08329   0.11905
  -0.13950  -0.08329   0.11905
  -0.13950  -0.08329   0.11905
  -0.13950   0.15671  -0.12095
  -0.13950   0.15671   0.11905
  -0.13950  -0.08329  -0.12095
  -0.13950   0.15671   0.11905
  -0.13950   0.15671   0.11905
  -0.13950   0.15671   0.11905
  -0.13950   0.15671   0.11905
  -0.13950  -0.08329   0.11905
  -0.13950  -0.08329   0.11905
  -0.13950  -0.08329   0.11905
  -0.13950  -0.08329   0.11905
  -0.13950  -0.08329   0.11905
  -0.13950  -0.32329   0.11905
  -0.37950  -0.08329   0.11905
  -0.13950  -0.08329   0.11905
  -0.37950  -0.08329   0.11905
  -0.37950  -0.08329   0.11905
  -0.37950   0.15671   0.11905
  -0.37950   0.15671   0.11905
  -0.13950   0.15671   0.11905
  -0.37950   0.15671   0.11905
  -0.13950   0.15671   0.11905
  -0.37950  -0.08329   0.11905
  -0.37950  -0.08329   0.11905
  -0.37950  -0.08329   0.11905
  -0.37950  -0.08329   0.11905
  -0.37950  -0.08329   0.11905
  -0.37950  -0.08329   0.11905
  -0.37950  -0.08329   0.11905
  -0.37950  -0.08329   0.11905
  -0.37950  -0.08329   0.11905
  -0.37950  -0.08329   0.11905
  -0.37950  -0.08329   0.11905
  -0.37950   0.15671   0.11905
  -0.37950   0.15671   0.11905
  -0.37950   0.15671   0.11905
  -0.37950  -0.08329   0.11905
  -0.37950   0.15671   0.11905
  -0.37950   0.15671   0.11905
  -0.37950  -0.08329   0.11905
  -0.37950  -0.08329   0.11905
  -0.37950  -0.08329   0.11905
  -0.37950  -0.08329   0.11905
  -0.37950  -0.08329   0.11905
  -0.13950  -0.08329   0.11905
  -0.37950  -0.08329   0.11905
  -0.37950  -0.08329   0.11905
  -0.37950  -0.08329   0.11905
  -0.37950  -0.08329   0.11905
  -0.37950  -0.08329   0.11905
  -0.37950  -0.08329   0.11905
  -0.37950  -0.08329   0.11905
  -0.37950  -0.08329   0.11905
  -0.37950  -0.08329   0.11905
  -0.37950  -0.08329   0.11905
  -0.37950  -0.08329   0.11905
  -0.37950  -0.08329   0.11905
  -0.37950  -0.08329   0.11905
  -0.37950  -0.32329   0.11905
  -0.37950  -0.08329   0.11905
  -0.37950  -0.08329  -0.60095
  -0.37950  -0.08329   0.11905
  -0.37950  -0.08329   0.11905
  -0.37950  -0.08329   0.11905
  -0.37950  -0.08329   0.11905
  -0.37950   0.15671   0.11905
  -0.37950  -0.08329   0.11905
  -0.37950  -0.08329   0.11905
  -0.37950   0.15671   0.11905
  -0.37950   0.15671   0.11905
  -0.37950   0.15671   0.35905
  -0.37950  -0.08329   0.35905
  -0.37950  -0.32329   0.11905
  -0.37950  -0.08329   0.35905
  -0.37950  -0.08329   0.11905
  -0.37950  -0.08329   0.11905
  -0.37950  -0.08329   0.11905
  -0.13950  -0.08329   0.11905
  -0.37950  -0.08329   0.11905
  -0.37950   0.15671   0.35905
  -0.13950   0.15671   0.11905
  -0.37950   0.15671   0.11905
  -0.37950   0.15671   0.11905
  -0.37950   0.15671   0.11905
  -0.37950   0.15671   0.11905
  -0.37950   0.15671   0.11905
  -0.37950  -0.08329   0.11905
  -0.37950   0.15671   0.11905
  -0.37950  -0.08329   0.11905
  -0.37950  -0.08329   0.11905
  -0.37950  -0.08329   0.11905
  -0.37950  -0.08329   0.35905
  -0.37950  -0.08329   0.11905
  -0.37950  -0.08329   0.35905
  -0.37950  -0.08329   0.11905
  -0.37950  -0.08329   0.11905
  -0.37950   0.15671   0.11905
  -0.37950   0.15671   0.11905
  -0.13950   0.15671   0.11905
  -0.37950   0.15671   0.11905
  -0.37950   0.15671   0.11905
  -0.37950   0.15671   0.11905
  -0.37950   0.15671   0.35905
  -0.37950  -0.08329   0.11905
  -0.37950  -0.08329   0.35905
  -0.37950  -0.08329   0.35905
  -0.37950  -0.08329   0.35905
  -0.37950  -0.08329   0.11905
  -0.13950  -0.08329   0.11905
  -0.13950  -0.08329   0.11905
  -0.13950  -0.08329  -0.12095
  -0.13950  -0.08329   0.11905
  -0.13950  -0.08329   0.11905
  -0.13950  -0.08329   0.11905
  -0.13950   0.15671   0.11905
  -0.13950   0.15671   0.11905
  -0.37950   0.15671   0.11905
  -0.13950   0.15671   0.11905
  -0.13950   0.15671   0.11905
  -0.13950   0.15671   0.11905
  -0.13950   0.15671   0.11905
  -0.13950   0.15671   0.11905
  -0.13950  -0.08329   0.11905
  -0.13950  -0.08329   0.11905
  -0.13950  -0.08329   0.11905
  -0.13950  -0.08329   0.11905
  -0.13950  -0.08329   0.11905
  -0.13950  -0.08329   0.11905
  -0.13950  -0.08329   0.11905
  -0.13950  -0.08329   0.11905
  -0.13950  -0.08329   0.11905
  -0.13950  -0.08329   0.11905
  -0.13950   0.15671   0.11905
  -0.13950   0.15671   0.11905
  -0.13950   0.15671   0.11905
  -0.13950   0.15671   0.11905
  -0.13950   0.15671   0.11905
  -0.13950   0.15671   0.11905
  -0.13950   0.15671   0.11905
  -0.13950  -0.08329   0.11905
  -0.13950  -0.08329   0.11905
  -0.13950  -0.08329   0.11905
  -0.13950  -0.08329   0.11905
  -0.13950  -0.08329   0.11905
   0.10050  -0.08329   0.11905
  -0.13950  -0.08329   0.11905
   0.10050   0.15671   0.11905
   0.10050  -0.08329   0.11905
   0.10050   0.15671   0.11905
   0.10050   0.15671   0.11905
   0.10050   0.15671   0.11905
   0.10050   0.15671   0.11905
  -0.13950   0.15671   0.11905
   0.10050   0.15671   0.11905
   0.10050   0.15671   0.11905
   0.10050   0.15671   0.11905
   0.10050  -0.08329   0.11905
   0.10050  -0.08329   0.11905
   0.10050  -0.08329   0.11905
   0.10050  -0.08329   0.11905
   0.10050  -0.08329   0.11905
   0.10050   0.15671   0.11905
   0.10050  -0.08329   0.11905
   0.10050  -0.08329   0.11905
   0.10050   0.15671   0.11905
   0.10050   0.15671   0.11905
   0.10050   0.15671   0.11905
   0.10050   0.15671   0.11905
   0.10050   0.15671  -0.12095
   0.10050   0.15671   0.11905
   0.10050   0.15671   0.11905
   0.10050   0.15671   0.11905
   0.10050   0.15671  -0.12095
   0.10050  -0.08329   0.11905
   0.10050   0.15671   0.11905
   0.10050   0.15671   0.11905
   0.10050   0.15671   0.11905
   0.10050  -0.08329   0.11905
   0.10050  -0.08329   0.11905
   0.10050   0.15671   0.11905
   0.34050   0.15671   0.11905
   0.34050   0.15671   0.11905
   0.10050   0.15671  -0.12095
   0.10050   0.15671  -0.12095
   0.34050   0.15671  -0.12095
   0.34050   0.15671   0.11905
   0.34050   0.15671   0.11905
   0.34050   0.15671   0.11905
   0.10050  -0.08329   0.11905
   0.10050  -0.08329   0.11905
   0.10050  -0.08329   0.11905
   0.34050  -0.08329   0.11905
  -0.13950  -0.08329  -0.12095
   0.34050  -0.08329   0.11905
   0.34050  -0.08329   0.11905
   0.34050  -0.08329   0.11905
   0.34050   0.15671  -0.12095
   0.34050   0.15671  -0.12095
   0.34050   0.15671  -0.12095
   0.34050   0.15671  -0.12095
   0.34050   0.15671  -0.12095
   0.34050   0.15671  -0.12095
   0.34050   0.15671  -0.12095
   0.34050   0.15671  -0.12095
   0.34050  -0.08329  -0.12095
   0.34050  -0.08329  -0.12095
   0.34050  -0.08329  -0.12095
   0.34050   0.15671  -0.12095
   0.34050  -0.08329  -0.12095
   0.34050  -0.08329  -0.12095
   0.34050   0.15671  -0.12095
   0.34050   0.15671  -0.12095
   0.34050   0.15671  -0.12095
   0.34050   0.15671  -0.12095
   0.34050   0.15671  -0.12095
   0.34050   0.15671  -0.12095
   0.34050   0.15671  -0.12095
   0.34050   0.15671  -0.12095
   0.34050   0.15671  -0.12095
   0.34050   0.15671  -0.12095
   0.34050   0.15671  -0.12095
   0.34050  -0.08329  -0.12095
   0.34050   0.15671  -0.12095
   0.34050  -0.08329  -0.12095
   0.10050  -0.08329  -0.12095
   0.34050  -0.08329  -0.12095
   0.34050   0.15671  -0.12095
   0.34050  -0.08329  -0.12095
   0.34050  -0.08329  -0.12095
   0.34050  -0.08329  -0.12095
   0.34050  -0.08329  -0.12095
   0.34050  -0.08329  -0.12095
   0.10050  -0.08329  -0.12095
   0.34050  -0.08329  -0.12095
   0.34050   0.15671  -0.12095
   0.34050  -0.08329  -0.12095
   0.34050  -0.08329  -0.12095
   0.34050  -0.08329  -0.12095
   0.34050  -0.08329  -0.12095
  -0.13950  -0.08329  -0.12095
   0.34050  -0.08329  -0.12095
   0.34050  -0.08329  -0.12095
   0.34050  -0.08329  -0.12095
   0.34050  -0.08329  -0.12095
   0.34050  -0.08329  -0.12095
   0.34050  -0.08329  -0.12095
   0.34050  -0.08329  -0.12095
   0.34050  -0.08329  -0.12095
   0.34050  -0.08329  -0.12095
   0.34050  -0.08329  -0.12095
   0.34050  -0.08329  -0.12095
   0.34050  -0.08329  -0.12095
   0.34050  -0.08329  -0.12095
   0.34050  -0.08329  -0.12095
   0.34050  -0.08329  -0.12095
   0.34050  -0.08329  -0.12095
   0.34050  -0.08329  -0.12095
   0.34050  -0.08329  -0.12095
   0.34050  -0.08329  -0.12095
   0.34050  -0.08329  -0.12095
   0.34050  -0.08329  -0.12095
   0.34050  -0.08329  -0.12095
   0.34050  -0.08329  -0.12095
   0.34050  -0.08329  -0.12095
   0.34050  -0.08329  -0.12095
   0.10050  -0.08329  -0.12095
   0.34050  -0.08329  -0.12095
   0.34050  -0.08329  -0.12095
   0.34050  -0.08329  -0.12095
   0.34050  -0.08329  -0.12095
   0.34050  -0.08329  -0.12095
   0.34050  -0.08329  -0.12095
   0.34050  -0.08329  -0.12095
   0.34050  -0.08329  -0.12095
   0.34050  -0.08329  -0.12095
   0.34050   0.15671  -0.12095
   0.34050   0.15671  -0.12095
   0.34050   0.15671  -0.12095
   0.34050   0.15671  -0.12095
   0.34050   0.15671  -0.12095
   0.34050   0.15671  -0.12095
   0.34050   0.15671  -0.12095
   0.34050   0.15671  -0.12095
   0.34050   0.15671  -0.12095
   0.34050  -0.08329  -0.12095
   0.34050   0.15671  -0.12095
   0.34050   0.15671  -0.12095
   0.34050   0.15671  -0.12095
   0.10050   0.15671  -0.12095
   0.10050   0.15671  -0.12095
   0.34050   0.15671  -0.12095
   0.10050   0.15671  -0.12095
   0.10050   0.15671  -0.12095
   0.10050   0.15671  -0.12095
   0.10050   0.15671  -0.12095
   0.10050   0.15671  -0.12095
   0.10050  -0.08329  -0.12095
   0.10050   0.15671  -0.12095
   0.10050   0.15671  -0.12095
   0.10050   0.15671  -0.12095
   0.10050   0.15671  -0.12095
   0.10050   0.15671  -0.12095
   0.10050  -0.08329  -0.12095
   0.10050  -0.08329  -0.12095
   0.10050   0.15671  -0.36095
   0.10050  -0.08329  -0.12095
   0.10050   0.15671  -0.12095
   0.10050  -0.32329  -0.12095
   0.10050  -0.08329  -0.12095
  -0.13950  -0.08329  -0.12095
   0.10050  -0.08329  -0.12095
   0.10050  -0.08329  -0.12095
   0.10050  -0.08329  -0.12095
   0.10050  -0.08329  -0.12095
   0.10050  -0.08329  -0.12095
   0.10050  -0.08329  -0.12095
   0.10050  -0.08329  -0.12095
   0.10050  -0.08329  -0.12095
   0.10050  -0.08329  -0.12095
   0.10050  -0.08329  -0.12095
   0.10050  -0.08329  -0.12095
   0.10050  -0.08329  -0.12095
   0.10050  -0.08329  -0.36095
   0.10050  -0.08329  -0.12095
   0.10050  -0.08329  -0.12095
   0.10050  -0.08329  -0.12095
   0.10050  -0.08329  -0.12095
  -0.13950  -0.08329  -0.12095
   0.10050  -0.32329  -0.12095
  -0.13950  -0.08329  -0.12095
  -0.13950  -0.08329  -0.12095
  -0.13950  -0.08329  -0.12095
  -0.13950  -0.08329  -0.12095
  -0.13950  -0.08329  -0.12095
  -0.13950  -0.08329  -0.12095
  -0.13950  -0.08329  -0.12095
  -0.13950  -0.08329  -0.12095
  -0.13950  -0.08329  -0.12095
  -0.13950  -0.08329  -0.12095
  -0.13950  -0.08329  -0.12095
  -0.13950  -0.08329  -0.12095
  -0.13950  -0.08329  -0.12095
  -0.13950  -0.08329  -0.12095
  -0.13950  -0.08329  -0.12095
  -0.13950  -0.08329  -0.12095
  -0.13950  -0.08329  -0.12095
  -0.13950  -0.08329  -0.12095
  -0.13950  -0.08329  -0.12095
  -0.13950  -0.08329  -0.12095
  -0.13950  -0.32329  -0.12095
  -0.13950  -0.08329  -0.12095
  -0.13950  -0.08329  -0.12095
  -0.13950  -0.08329  -0.12095
  -0.13950  -0.08329  -0.12095
  -0.13950   0.15671  -0.12095
  -0.37950  -0.08329  -0.12095
  -0.13950   0.15671  -0.12095
  -0.13950   0.15671  -0.12095
  -0.13950  -0.08329  -0.12095
  -0.13950  -0.08329  -0.12095
  -0.13950   0.15671  -0.12095
  -0.13950  -0.08329  -0.12095
  -0.13950  -0.08329  -0.12095
  -0.13950  -0.08329  -0.12095
  -0.13950  -0.08329  -0.12095
  -0.13950  -0.08329  -0.12095
  -0.13950  -0.08329  -0.12095
  -0.13950  -0.08329  -0.12095
  -0.13950  -0.08329  -0.12095
  -0.13950  -0.08329  -0.12095
  -0.13950  -0.08329  -0.12095
  -0.13950   0.15671  -0.12095
  -0.13950   0.15671  -0.12095
  -0.13950   0.15671  -0.12095
  -0.13950   0.15671  -0.12095
  -0.37950   0.15671  -0.12095
  -0.13950   0.15671  -0.12095
  -0.13950   0.15671  -0.12095
  -0.13950  -0.08329   0.11905
  -0.37950  -0.08329  -0.12095
  -0.37950  -0.08329  -0.12095
  -0.37950  -0.08329  -0.12095
  -0.37950  -0.08329  -0.12095
  -0.37950  -0.08329  -0.12095
  -0.37950   0.15671  -0.12095
  -0.37950   0.15671  -0.12095
  -0.37950   0.15671  -0.12095
  -0.37950   0.15671   0.11905
  -0.37950  -0.08329  -0.12095
  -0.37950  -0.08329  -0.12095
  -0.37950  -0.08329  -0.12095
  -0.37950  -0.08329  -0.12095
  -0.37950  -0.08329  -0.12095
  -0.37950  -0.08329  -0.12095
  -0.37950  -0.08329  -0.12095
